grade,stars,batting_team,batter,batter_hand,lineup_slot,lineup_confirmed,pitcher_weak_slots,in_pitcher_weak_slot,pitcher,pitcher_hand,pitcher_team,home_team,away_team,top_pitches,game_time,game_id,total_flags,weighted_flag_score,in_slump,is_diamond,is_contact_pick,is_fallback,hr_intent_score,recent_flag_count,bvp_flag_count,vs_hand_flag_count,hist_hand_flag_count,season_pa,recent_pa,vs_hand_pa,bvp_pa,recent_games_total,recent_games_ev95,recent_games_la_sweet,recent_games_both,recent_consistency_pct,pitcher_fb_pct_allowed,pitcher_hh_pct_allowed,pitcher_pa_faced,pitcher_meatball_pct,batter_meatball_score,meatball_matchup_score,bullpen_era,bullpen_hr9,bullpen_whip,bullpen_ip,bullpen_hr_rank,discipline_flag,discipline_score,season_chase_k_pct,recent_chase_k_pct,season_bb_pct,recent_bb_pct,oz_swing_pct,sim_pa,sim_h,sim_hr,sim_hr_adj,sim_2b,sim_3b,sim_bb,sim_k,sim_tb,sim_rbi,proj_hr_adj,proj_hr_prob,proj_hit_prob,proj_xbh_prob,proj_barrel,proj_avg_tb,proj_avg_rbi,recent_hr_count,ab_since_hr,recent_consec_hr_games,barrel_quality_score,recent_pulled_barrel_pct,recent_batter_ahead_pct,recent_iso,recent_sweet_spot_pct,recent_meatball_hr_rate,season_swstr_pct,season_woba,season_xwoba,blended_woba,blended_xwoba,l7_iso,l7_woba,l7_xwoba,zone_fit,gHR,gHR_yv2,recent_iso_yv2,season_iso,ps_score,ps_score_v2,hr_yesterday,so_close_count,so_close_max_dist,so_close_max_ev,so_close_reasons,ps_convergence,ps_conv_pitch,la_stddev,la_mean_l15,la_locked,bat_speed_vs_baseline,bat_speed_peaking,pitcher_count_mb_pct,fastball_velo_decay,pitcher_velo_declining,recent_barrel_spike,season_barrel_pct,days_rest,hh_precursor,recent_barrels_3d,recent_hrs_3d,recent_pb_2d,day_late_flag,enhanced_day_late,pitcher_velo_drop,primary_pitch_hr_rate,recent_avg_ev,recent_hh_pct,recent_avg_bat_speed,recent_ev_flag,recent_barrel_pct,recent_barrel_flag,recent_fb_pct,recent_fb_flag,recent_avg_la,recent_la_flag,recent_hr_rate,recent_hit_rate,recent_xbh_rate,bvp_hr_count,bvp_hr_by_pitch,bvp_avg_ev,bvp_hh_pct,bvp_avg_bat_speed,bvp_batter_ahead_pct,bvp_ev_flag,bvp_barrel_pct,bvp_barrel_flag,bvp_fb_pct,bvp_fb_flag,bvp_avg_la,bvp_la_flag,bvp_hr_rate,bvp_hit_rate,bvp_xbh_rate,vs_hand_hr_count,vs_hand_avg_ev,vs_hand_hh_pct,vs_hand_ev_flag,vs_hand_barrel_pct,vs_hand_barrel_flag,vs_hand_fb_pct,vs_hand_fb_flag,vs_hand_avg_la,vs_hand_la_flag,vs_hand_hr_rate,vs_hand_hit_rate,vs_hand_xbh_rate,hist_hand_pa,hist_hand_hr_count,hist_hand_avg_ev,hist_hand_hh_pct,hist_hand_ev_flag,hist_hand_barrel_pct,hist_hand_barrel_flag,hist_hand_fb_pct,hist_hand_fb_flag,hist_hand_avg_la,hist_hand_la_flag,hist_hand_hr_rate,hr_factor,wind_carry_factor,wind_effect,temp_f,wind_speed_mph,condition,wind_direction_emoji,chance_of_rain,hr_factor_int,wind_carry_mph,wind_carry_factor_v2,data_anchor,pitcher_grade_label,pitcher_grade_label_vsL,pitcher_grade_label_vsR,pitcher_ip,zone_fit_season,recent_chase_pct,recent_zone_swing_pct,recent_avg_attack_angle,recent_attack_angle_stddev,recent_avg_swing_length,bvp_chase_pct,bvp_zone_swing_pct,bvp_avg_attack_angle,bvp_attack_angle_stddev,bvp_avg_swing_length,vs_hand_chase_pct,vs_hand_zone_swing_pct,vs_hand_avg_attack_angle,vs_hand_attack_angle_stddev,vs_hand_avg_swing_length,hist_hand_chase_pct,hist_hand_zone_swing_pct,hist_hand_avg_attack_angle,hist_hand_attack_angle_stddev,hist_hand_avg_swing_length,pitcher_upper_zone_pct,zone_fit_spatial,chance_of_rain_peak,is_dome,bvp_iso,bvp_pull_pct,bvp_fb350_count,pitcher_games_started,pitcher_id,batter_id,recent_7day_pa,recent_gb_pct,recent_popup_pct,recent_k_pct,recent_pulled_fb_pct,recent_pull_pct,recent_fb350_count,recent_woba,recent_pulled_fb_flag,recent_hh_precursor,bvp_gb_pct,bvp_popup_pct,bvp_k_pct,bvp_pulled_fb_pct,bvp_pulled_barrel_pct,bvp_woba,bvp_sweet_spot_pct,bvp_meatball_hr_rate,bvp_pulled_fb_flag,bvp_barrel_spike,bvp_hh_precursor,vs_hand_gb_pct,vs_hand_popup_pct,vs_hand_k_pct,vs_hand_avg_bat_speed,vs_hand_pulled_fb_pct,vs_hand_pull_pct,vs_hand_fb350_count,vs_hand_batter_ahead_pct,vs_hand_pulled_barrel_pct,vs_hand_iso,vs_hand_woba,vs_hand_sweet_spot_pct,vs_hand_meatball_hr_rate,vs_hand_pulled_fb_flag,vs_hand_barrel_spike,vs_hand_hh_precursor,hist_hand_gb_pct,hist_hand_popup_pct,hist_hand_k_pct,hist_hand_avg_bat_speed,hist_hand_hit_rate,hist_hand_xbh_rate,hist_hand_pulled_fb_pct,hist_hand_pull_pct,hist_hand_fb350_count,hist_hand_batter_ahead_pct,hist_hand_pulled_barrel_pct,hist_hand_iso,hist_hand_woba,hist_hand_sweet_spot_pct,hist_hand_meatball_hr_rate,hist_hand_pulled_fb_flag,hist_hand_barrel_spike,hist_hand_hh_precursor,hand_match_flag,platoon_adv_flag,temp_hr_mod,perfect_storm
A,3,CWS,Miguel Vargas,R,0,False,8,False,Gavin Williams,Right,CLE,CLE,CWS,"ST, FF, CU, SI",08:00 PM,849831,9,2.45,False,False,False,False,0.6981,3,3,2,1,696,18,488,345,4,4,0,0,0.0,14.5,26.1,752,53.5,0.1991,0.0,3.54,0.93,1.26,524.0,23,🟢 Disciplined,62.0,0.0,,14.9,,20.9,4.4,0.908,0.21,0.181,0.166,0.0,1.118,0.679,1.706,0.236,0.041,0.0477,0.2059,0.0854,0.0534,0.3867,0.0534,1,0,1,2,5.6,66.7,0.232,16.7,14.3,11.6,0.369,0.383,0.391,0.0,0.3,0.574,0.0,3.344,35,35,0.232,0.224,24,19,0,2,205.0,109.7,rocket LD 110mph | rocket LD 105mph,5.1,FF,31.64,8.3,False,1.34,False,33.3,-1.84,False,0.43,5.2,0,0,1,1,1,0,0,-1.84,7.5,101.8,38.9,75.1,True,5.6,True,11.1,False,22.5,True,5.56,22.2,5.6,15,ST(30%):3/40pa  |  FF(28%):12/247pa  |  CU(22%):1/41pa  |  SI(15%):7/141pa,90.4,27.8,73.8,44.3,False,5.2,True,25.2,True,22.0,True,4.35,19.7,10.1,21,89.4,27.0,False,5.3,True,24.4,True,20.4,False,4.3,21.1,9.2,41,0,90.8,24.4,False,0.0,False,17.1,False,22.8,True,0.0,0.86,1.0,Wind In (↘️ SE),66.9,12.1,Cloudy,↘️ SE,8,86,-11.88,0.0,2026-10-08,🤔 Average,⚠️ Tough,🤔 Average,182.3,3.344,22.2,61.1,15.4,5.6,7.7,30.7,83.5,12.4,7.5,7.7,34.2,82.8,13.5,7.7,7.8,,,,,,7.2,7.82,13,False,0.223,36.8,33.0,32,668909,678246,18,5.6,5.6,11.1,11.1,44.4,1.0,0.574,False,False,18.6,7.8,17.7,9.6,3.8,0.355,26.1,5.6,False,,False,19.3,7.4,18.6,72.8,10.0,37.7,47.0,41.4,3.7,0.211,0.358,26.6,5.9,False,,False,17.1,4.9,22.0,71.4,4.9,2.4,2.4,29.3,2.0,46.3,0.0,0.032,0.189,24.4,0.0,False,,False,0,0,1.0,0
D,0,CWS,Chase Meidroth,R,0,False,8,False,Gavin Williams,Right,CLE,CLE,CWS,"ST, FF, CU, SI",08:00 PM,849831,0,0.0,True,False,False,False,0.2294,0,0,0,0,630,17,442,295,4,0,1,0,0.0,14.5,26.1,752,53.5,0.2124,0.0,3.54,0.93,1.26,524.0,23,🟢 Disciplined,59.0,0.0,,9.4,,28.9,4.1,0.95,0.045,0.039,0.27,0.0,0.376,1.026,1.357,0.167,0.0095,0.011,0.23,0.0764,0.011,0.3284,0.0404,0,16,0,0,0.0,29.4,0.138,17.6,0.0,14.9,0.339,0.303,0.334,0.0,0.125,0.294,0.0,1.905,10,10,0.138,0.14,14,9,0,2,228.0,88.8,double 83mph EV | double 89mph EV,2.6,FF,30.62,-2.8,False,-1.28,False,33.3,-1.84,False,-2.22,2.2,0,0,0,0,0,0,0,-1.84,1.92,79.9,0.0,62.6,False,0.0,False,5.9,False,2.8,False,0.0,23.5,11.8,5,ST(30%):1/52pa  |  FF(28%):6/198pa  |  CU(22%):0/25pa  |  SI(15%):1/124pa,85.5,24.1,64.0,31.2,False,1.7,False,13.2,False,8.7,False,1.69,22.7,5.4,10,83.9,20.8,False,1.8,False,14.7,False,7.7,False,2.26,22.2,5.4,21,1,90.9,33.3,False,0.0,False,9.5,False,-0.1,False,4.76,0.86,1.0,Wind In (↘️ SE),66.9,12.1,Cloudy,↘️ SE,8,86,-11.88,0.0,2026-10-08,🤔 Average,⚠️ Tough,🤔 Average,182.3,1.905,64.7,58.8,14.0,9.0,6.7,43.7,73.2,10.6,11.8,6.4,45.0,77.1,11.3,11.8,6.5,,,,,,7.2,4.14,13,False,0.101,31.5,12.0,32,668909,805367,17,41.2,0.0,29.4,5.9,23.5,0.0,0.294,False,False,33.2,4.4,22.4,4.7,1.0,0.312,23.4,2.7,False,,False,33.3,3.4,24.0,63.7,5.9,34.2,21.0,28.5,1.1,0.111,0.299,23.3,3.1,False,,False,33.3,0.0,14.3,63.1,33.3,19.0,0.0,23.8,1.0,28.6,0.0,0.353,0.541,23.8,16.7,False,,False,0,0,1.0,0
B,2,CWS,Munetaka Murakami,L,0,False,8,False,Gavin Williams,Right,CLE,CLE,CWS,"ST, FF, CU, SI",08:00 PM,849831,7,1.783,True,False,False,False,0.5905,2,2,2,1,542,17,365,224,4,3,1,1,25.0,14.5,26.1,752,53.5,0.2457,0.0,3.54,0.93,1.26,524.0,23,🟢 Disciplined,62.0,0.0,,16.1,,22.2,4.3,0.849,0.303,0.261,0.101,0.0,0.645,1.759,1.86,0.496,0.0601,0.0699,0.1955,0.0931,0.0876,0.4285,0.1143,1,11,0,3,5.9,23.5,0.264,17.6,0.0,27.1,0.359,0.359,0.359,0.0,0.2,0.361,0.0,4.721,32,32,0.264,0.271,24,19,0,1,224.0,110.9,rocket LD 111mph,12.6,FF,34.55,8.7,False,-1.28,False,33.3,-1.84,False,6.08,5.7,0,0,0,0,0,0,0,-1.84,2.04,96.1,23.5,71.7,True,11.8,True,5.9,False,-2.6,False,5.88,23.5,5.9,17,ST(30%):1/49pa  |  FF(28%):13/171pa  |  CU(22%):3/36pa  |  SI(15%):6/77pa,96.5,26.8,72.4,36.2,True,7.1,True,20.1,False,19.7,False,7.59,17.4,11.2,27,94.3,25.8,True,6.0,True,19.5,False,15.7,False,7.4,17.5,10.7,13,1,90.9,30.8,False,0.0,False,30.8,True,13.9,False,7.69,0.86,1.0,Wind In (↘️ SE),66.9,12.1,Cloudy,↘️ SE,8,86,-11.88,0.0,2026-10-08,🤔 Average,⚠️ Tough,🤔 Average,182.3,4.721,47.1,82.4,19.0,9.7,7.8,40.2,79.9,17.5,9.7,7.6,43.3,78.4,18.6,9.8,7.8,,,,,,7.2,10.0,13,False,0.316,24.1,21.0,32,668909,808959,17,29.4,0.0,41.2,5.9,35.3,1.0,0.361,False,False,15.6,1.3,40.2,7.6,4.5,0.376,15.6,11.9,False,,False,19.7,1.4,37.8,72.8,7.4,27.4,31.0,37.0,3.6,0.307,0.37,14.0,9.8,False,,False,30.8,0.0,15.4,,15.4,7.7,0.0,23.1,1.0,38.5,0.0,0.25,0.283,30.8,0.0,False,,False,1,1,1.0,0
D,0,CWS,Edgar Quero,L,0,False,8,False,Gavin Williams,Right,CLE,CLE,CWS,"ST, FF, CU, SI",08:00 PM,849831,2,0.5,False,False,False,False,0.2386,1,0,0,1,196,10,109,81,5,3,0,0,0.0,14.5,26.1,752,53.5,0.2721,0.0,3.54,0.93,1.26,524.0,23,🟢 Disciplined,59.0,0.0,,8.8,,25.7,3.3,0.63,0.0,0.0,0.026,0.0,0.613,0.54,0.656,0.142,0.0,0.0,0.1904,0.008,0.008,0.1984,0.043,0,9,0,0,0.0,30.0,0.053,20.0,0.0,12.2,0.245,0.285,0.254,0.0,0.0,0.389,0.0,1.459,8,8,0.053,0.053,30,25,0,0,0.0,0.0,,7.7,FF,28.69,3.3,False,2.17,True,33.3,-1.84,False,-1.53,1.5,0,0,0,0,0,0,0,-1.84,0.0,93.6,40.0,71.6,True,0.0,False,0.0,False,12.2,False,0.0,20.0,0.0,0,ST(30%):0/9pa  |  FF(28%):1/73pa  |  CU(22%):1/9pa  |  SI(15%):0/39pa,92.0,32.1,67.8,40.7,False,1.2,False,14.8,False,4.9,False,0.0,18.5,1.2,0,90.6,26.6,False,0.9,False,13.8,False,5.7,False,0.0,19.3,0.9,11,0,92.3,36.4,False,0.0,False,27.3,True,14.1,False,0.0,0.86,1.0,Wind In (↘️ SE),66.9,12.1,Cloudy,↘️ SE,8,86,-11.88,0.0,2026-10-08,🤔 Average,⚠️ Tough,🤔 Average,182.3,1.459,20.0,80.0,6.0,9.4,6.8,30.9,87.7,5.6,6.4,6.7,35.8,84.4,6.4,6.6,6.9,,,,,,7.2,2.47,13,False,0.014,23.5,4.0,32,668909,700337,0,30.0,10.0,10.0,0.0,40.0,0.0,0.389,False,False,39.5,2.5,19.8,1.2,0.0,0.255,14.8,0.0,False,,False,38.5,2.8,22.0,68.3,1.8,27.5,4.0,37.6,0.0,0.011,0.251,15.6,0.0,False,,False,45.5,0.0,9.1,,9.1,0.0,0.0,36.4,0.0,27.3,0.0,0.0,0.144,18.2,0.0,False,,False,0,1,1.0,0
D,0,CWS,Colson Montgomery,L,0,False,8,False,Gavin Williams,Right,CLE,CLE,CWS,"ST, FF, CU, SI",08:00 PM,849831,0,0.0,True,False,False,False,0.2827,0,0,0,0,624,15,428,261,4,2,0,0,0.0,14.5,26.1,752,53.5,0.2749,0.0,3.54,0.93,1.26,524.0,23,🟢 Disciplined,59.0,0.0,,8.3,,32.4,4.1,0.728,0.072,0.062,0.18,0.0,0.462,1.665,1.124,0.18,0.015,0.0174,0.1755,0.0607,0.0125,0.2711,0.0433,0,16,0,0,0.0,20.0,0.194,0.0,0.0,25.2,0.303,0.293,0.308,0.0,0.077,0.356,0.0,3.951,13,13,0.194,0.206,22,17,0,1,5.0,64.0,double 64mph EV,5.0,FF,28.47,26.1,False,1.02,False,33.3,-1.84,False,-3.85,3.8,0,0,0,0,0,0,0,-1.84,0.0,88.5,26.7,77.3,False,0.0,False,6.7,False,20.4,False,0.0,26.7,6.7,7,ST(30%):0/50pa  |  FF(28%):8/235pa  |  CU(22%):0/24pa  |  SI(15%):4/95pa,88.2,21.1,75.7,29.5,False,1.9,False,17.2,False,31.2,False,2.68,12.6,5.7,21,90.2,21.7,False,3.3,False,18.2,False,28.0,False,4.91,15.7,7.7,17,0,86.8,5.9,False,0.0,False,5.9,False,31.6,False,0.0,0.86,1.0,Wind In (↘️ SE),66.9,12.1,Cloudy,↘️ SE,8,86,-11.88,0.0,2026-10-08,🤔 Average,⚠️ Tough,🤔 Average,182.3,3.951,60.0,86.7,8.3,8.2,7.7,46.4,83.9,10.2,9.6,7.7,48.6,81.1,13.0,9.9,7.9,,,,,,7.2,7.54,13,False,0.124,25.7,14.0,32,668909,695657,15,26.7,13.3,40.0,0.0,13.3,0.0,0.356,False,False,13.0,10.3,40.2,5.7,1.1,0.227,14.9,1.6,False,,False,13.3,8.2,39.5,75.9,8.6,29.4,29.0,30.1,2.6,0.198,0.287,17.8,7.3,False,,False,5.9,11.8,52.9,,5.9,0.0,0.0,11.8,0.0,35.3,0.0,0.0,0.134,11.8,0.0,False,,False,0,1,1.0,0
C,1,CWS,Tanner Murray,R,0,False,8,False,Gavin Williams,Right,CLE,CLE,CWS,"ST, FF, CU, SI",08:00 PM,849831,4,0.79,True,False,False,False,0.6139,1,0,1,2,28,10,8,4,4,2,0,0,0.0,14.5,26.1,752,53.5,0.4974,0.0,3.54,0.93,1.26,524.0,23,🟢 Disciplined,59.0,0.0,,9.4,,32.1,2.7,0.527,0.0,0.0,0.0,0.0,0.527,0.28,0.527,0.0,0.0,0.0,0.1975,0.0,0.035,0.1975,0.0,0,15,0,2,10.0,30.0,0.107,20.0,,25.0,0.308,0.317,0.299,0.0,0.0,0.158,0.0,0.0,22,22,0.107,0.107,19,15,0,0,0.0,0.0,,7.9,ST,34.16,24.3,False,-1.76,False,33.3,-1.84,False,6.43,3.6,0,0,1,0,1,0,0,-1.84,,80.5,20.0,72.1,False,10.0,True,20.0,False,10.7,False,0.0,10.0,0.0,0,ST(30%):0/0pa  |  FF(28%):0/12pa  |  CU(22%):0/0pa  |  SI(15%):0/2pa,97.0,50.0,76.2,50.0,False,0.0,False,50.0,False,24.3,False,0.0,25.0,0.0,0,86.7,50.0,False,0.0,False,37.5,True,4.4,False,0.0,25.0,0.0,3,0,87.4,33.3,False,0.0,False,33.3,True,68.0,False,0.0,0.86,1.0,Wind In (↘️ SE),66.9,12.1,Cloudy,↘️ SE,8,86,-11.88,0.0,2026-10-08,🤔 Average,⚠️ Tough,🤔 Average,182.3,0.0,60.0,70.0,11.7,9.6,7.4,50.0,50.0,14.0,9.0,7.4,37.5,75.0,8.5,8.8,7.3,,,,,,7.2,7.14,13,False,0.0,0.0,1.0,32,668909,695020,0,30.0,10.0,30.0,10.0,30.0,1.0,0.158,False,False,25.0,0.0,0.0,0.0,0.0,0.403,0.0,,False,,False,50.0,0.0,0.0,74.8,0.0,25.0,1.0,62.5,0.0,0.0,0.312,12.5,,False,,False,0.0,33.3,0.0,,0.0,0.0,33.3,33.3,0.0,66.7,0.0,0.0,0.232,0.0,,True,,False,0,0,1.0,0
D,0,CWS,Luisangel Acuña,R,0,False,8,False,Gavin Williams,Right,CLE,CLE,CWS,"ST, FF, CU, SI",08:00 PM,849831,1,0.14,True,False,False,False,0.6315,1,0,0,0,198,10,92,49,6,2,0,0,0.0,14.5,26.1,752,53.5,0.3704,0.0,3.54,0.93,1.26,524.0,23,⬜ Neutral,60.0,0.0,,4.8,,34.1,2.7,0.577,0.094,0.081,0.0,0.0,0.248,0.329,0.858,0.094,0.0301,0.035,0.2159,0.035,0.035,0.3209,0.035,1,4,0,3,10.0,40.0,0.064,20.0,12.5,14.6,0.241,0.264,0.245,0.0,0.3,0.298,0.0,1.009,21,21,0.064,0.048,13,9,0,0,0.0,0.0,,2.4,CU,29.2,24.2,False,-0.34,False,33.3,-1.84,False,9.49,0.5,2,0,1,1,0,0,0,-1.84,0.0,86.0,20.0,72.2,False,10.0,True,20.0,False,13.5,False,10.0,20.0,10.0,0,ST(30%):0/7pa  |  FF(28%):0/51pa  |  CU(22%):0/9pa  |  SI(15%):1/40pa,84.3,18.4,72.0,40.8,False,0.0,False,8.2,False,1.3,False,0.0,22.4,0.0,1,83.1,21.7,False,0.0,False,9.8,False,-2.6,False,1.09,20.7,2.2,23,0,86.5,39.1,False,0.0,False,17.4,False,4.3,False,0.0,0.86,1.0,Wind In (↘️ SE),66.9,12.1,Cloudy,↘️ SE,8,86,-11.88,0.0,2026-10-08,🤔 Average,⚠️ Tough,🤔 Average,182.3,1.009,30.0,90.0,9.2,7.2,7.6,32.7,73.5,7.5,6.6,7.3,41.3,75.0,7.2,11.6,7.4,,,,,,7.2,1.66,13,False,0.0,32.7,0.0,32,668909,682668,0,30.0,20.0,20.0,10.0,40.0,1.0,0.298,False,False,36.7,8.2,8.2,0.0,0.0,0.305,22.4,0.0,False,,False,40.2,5.4,21.7,69.7,1.1,34.8,2.0,32.6,0.0,0.048,0.259,17.4,2.4,False,,False,60.9,4.3,4.3,66.8,26.1,4.3,0.0,39.1,0.0,43.5,0.0,0.043,0.247,21.7,0.0,False,,False,0,0,1.0,0
C,1,CWS,Andrew Benintendi,L,0,False,8,False,Gavin Williams,Right,CLE,CLE,CWS,"ST, FF, CU, SI",08:00 PM,849831,3,0.65,True,False,False,False,0.4064,0,2,1,0,447,10,402,214,5,1,0,0,0.0,14.5,26.1,752,53.5,0.1021,0.0,3.54,0.93,1.26,524.0,23,🟢 Disciplined,59.0,0.0,,9.0,,33.8,3.3,0.599,0.101,0.087,0.141,0.0,0.589,0.916,1.041,0.332,0.0261,0.0304,0.1808,0.0729,0.0334,0.3144,0.1004,0,6,0,0,0.0,30.0,0.173,10.0,,17.2,0.32,0.314,0.319,0.0,0.0,0.297,0.0,1.769,13,13,0.173,0.173,26,22,0,0,0.0,0.0,,13.6,CU,32.03,17.3,False,0.53,False,33.3,-1.84,False,-3.8,3.8,2,0,0,0,0,0,0,-1.84,4.17,85.8,10.0,68.8,False,0.0,False,10.0,False,20.0,False,0.0,10.0,0.0,10,ST(30%):1/24pa  |  FF(28%):7/123pa  |  CU(22%):0/18pa  |  SI(15%):2/72pa,91.9,36.0,69.3,36.0,False,5.1,True,28.0,True,21.7,False,4.67,22.4,11.2,15,89.7,31.1,False,4.0,False,23.1,True,17.8,False,3.73,21.6,9.7,25,1,81.8,28.0,False,0.0,False,20.0,False,18.9,False,4.0,0.86,1.0,Wind In (↘️ SE),66.9,12.1,Cloudy,↘️ SE,8,86,-11.88,0.0,2026-10-08,🤔 Average,⚠️ Tough,🤔 Average,182.3,1.769,80.0,70.0,16.9,8.6,7.4,45.8,82.2,13.9,8.5,6.8,49.8,81.1,15.5,8.5,7.1,,,,,,7.2,5.07,13,False,0.237,41.6,21.0,32,668909,643217,3,10.0,0.0,40.0,10.0,30.0,0.0,0.297,False,False,19.6,4.7,21.0,14.5,3.3,0.359,25.7,5.3,False,,False,24.6,4.7,22.1,69.4,10.9,42.8,33.0,33.1,2.5,0.196,0.329,23.9,3.7,False,,False,32.0,8.0,20.0,67.0,24.0,8.0,4.0,28.0,2.0,40.0,0.0,0.182,0.36,12.0,9.1,False,,False,0,1,1.0,0
D,0,CWS,Tristan Peters,L,0,False,8,False,Gavin Williams,Right,CLE,CLE,CWS,"ST, FF, CU, SI",08:00 PM,849831,1,0.1,True,False,False,False,0.3289,0,0,0,1,483,11,407,242,4,2,0,0,0.0,14.5,26.1,752,53.5,0.2753,0.0,3.54,0.93,1.26,524.0,23,⬜ Neutral,56.0,0.0,,7.6,,32.6,3.3,0.783,0.07,0.06,0.235,0.026,0.245,0.867,1.28,0.2,0.0185,0.0215,0.2405,0.1017,0.0215,0.3932,0.0614,0,97,0,0,0.0,27.3,0.166,18.2,0.0,12.6,0.34,0.31,0.336,0.0,0.091,0.276,0.0,2.281,12,12,0.166,0.172,19,14,0,1,285.0,92.6,double 93mph EV,8.4,ST,38.28,3.7,False,-3.09,False,33.3,-1.84,False,-2.07,2.1,0,0,0,0,0,0,0,-1.84,10.0,92.6,18.2,65.8,False,0.0,False,18.2,False,19.7,False,0.0,27.3,9.1,8,ST(30%):2/20pa  |  FF(28%):5/153pa  |  CU(22%):0/42pa  |  SI(15%):1/84pa,86.1,26.0,67.6,33.1,False,3.3,False,21.9,False,18.9,False,3.31,22.3,10.7,11,86.4,26.8,False,2.2,False,21.1,False,16.3,False,2.7,24.8,10.6,12,0,79.0,33.3,False,0.0,False,25.0,True,17.4,False,0.0,0.86,1.0,Wind In (↘️ SE),66.9,12.1,Cloudy,↘️ SE,8,86,-11.88,0.0,2026-10-08,🤔 Average,⚠️ Tough,🤔 Average,182.3,2.281,72.7,72.7,11.8,12.2,6.6,38.4,85.1,10.3,10.4,6.6,41.3,85.7,11.7,11.1,6.7,,,,,,7.2,3.94,13,False,0.212,41.3,14.0,32,668909,671976,11,18.2,0.0,45.5,9.1,27.3,0.0,0.276,False,False,25.2,7.0,16.9,9.5,2.9,0.352,26.9,5.3,False,,False,28.7,5.9,17.9,67.6,10.1,45.9,25.0,30.0,2.0,0.189,0.352,25.8,4.5,False,,False,25.0,0.0,8.3,,25.0,8.3,0.0,16.7,0.0,41.7,0.0,0.182,0.371,25.0,0.0,False,,False,0,1,1.0,0
D,0,CWS,Sam Antonacci,L,0,False,8,False,Gavin Williams,Right,CLE,CLE,CWS,"ST, FF, CU, SI",08:00 PM,849831,2,0.5,False,False,False,False,0.4988,1,0,0,1,573,14,453,273,4,2,0,0,0.0,14.5,26.1,752,53.5,0.2634,0.0,3.54,0.93,1.26,524.0,23,🟢 Disciplined,59.0,0.0,,8.1,,21.8,4.0,0.892,0.067,0.058,0.124,0.028,0.797,0.56,1.272,0.384,0.0144,0.0167,0.2238,0.0548,0.0464,0.319,0.0964,0,194,0,2,7.1,42.9,0.119,21.4,0.0,9.4,0.339,0.349,0.338,0.0,0.0,0.332,0.0,1.118,21,21,0.119,0.119,23,18,0,1,347.0,105.5,deep line drive 347ft 106mph,6.3,FF,18.59,2.8,False,1.11,False,33.3,-1.84,False,5.18,1.9,0,0,1,0,1,0,0,-1.84,0.0,91.4,21.4,70.8,False,7.1,True,7.1,False,9.0,False,0.0,14.3,0.0,7,ST(30%):0/37pa  |  FF(28%):6/181pa  |  CU(22%):0/25pa  |  SI(15%):1/113pa,89.5,28.2,69.2,42.9,False,3.3,False,18.7,False,14.1,False,2.56,26.7,8.4,7,88.3,26.3,False,2.2,False,17.9,False,11.2,False,1.55,24.1,7.1,8,0,93.9,37.5,True,0.0,False,0.0,False,-4.0,False,0.0,0.86,1.0,Wind In (↘️ SE),66.9,12.1,Cloudy,↘️ SE,8,86,-11.88,0.0,2026-10-08,🤔 Average,⚠️ Tough,🤔 Average,182.3,1.118,28.6,78.6,10.0,10.2,6.4,28.9,84.2,7.2,9.2,6.5,32.2,83.2,8.1,9.4,6.6,,,,,,7.2,1.95,13,False,0.175,28.9,17.0,32,668909,803011,14,28.6,0.0,14.3,0.0,35.7,0.0,0.332,False,False,28.2,2.6,13.9,5.1,1.1,0.402,32.6,4.4,False,,False,34.2,2.2,13.2,69.1,4.2,32.9,24.0,38.0,0.9,0.126,0.348,29.4,2.6,False,,False,62.5,0.0,0.0,,37.5,12.5,0.0,37.5,0.0,50.0,0.0,0.167,0.633,0.0,0.0,False,,False,0,1,1.0,0
D,0,CWS,Reese McGuire,L,0,False,8,False,Gavin Williams,Right,CLE,CLE,CWS,"ST, FF, CU, SI",08:00 PM,849831,2,0.45,True,False,False,False,0.2514,0,0,1,1,22,10,19,10,3,1,1,1,33.3,14.5,26.1,752,53.5,0.0,0.0,3.54,0.93,1.26,524.0,23,🔴 Chase Risk,44.0,0.0,,0.0,,37.5,2.8,0.47,0.0,0.0,0.0,0.0,0.1,0.569,0.47,0.0,0.0,0.0,0.165,0.0,0.0,0.165,0.0,0,999,0,0,0.0,10.0,0.0,20.0,0.0,22.7,0.194,0.195,0.192,0.0,0.0,0.161,0.0,0.0,3,3,0.0,0.0,16,11,0,0,0.0,0.0,,5.2,FF,24.46,21.3,False,-1.45,False,33.3,-1.84,False,0.0,0.0,4,0,0,0,0,0,0,-1.84,,72.8,10.0,64.9,False,0.0,False,10.0,False,15.9,False,0.0,10.0,0.0,0,ST(30%):0/0pa  |  FF(28%):0/11pa  |  CU(22%):0/0pa  |  SI(15%):0/1pa,83.6,20.0,67.4,20.0,False,0.0,False,20.0,False,17.4,False,0.0,20.0,0.0,0,78.3,10.5,False,0.0,False,26.3,True,21.8,False,0.0,15.8,0.0,11,0,86.9,18.2,False,0.0,False,18.2,False,12.9,False,0.0,0.86,1.0,Wind In (↘️ SE),66.9,12.1,Cloudy,↘️ SE,8,86,-11.88,0.0,2026-10-08,🤔 Average,⚠️ Tough,🤔 Average,182.3,0.0,40.0,80.0,5.7,5.6,7.1,50.0,100.0,5.2,6.9,7.2,36.8,84.2,4.9,6.8,7.2,,,,,,7.2,1.07,13,False,0.0,30.0,0.0,32,668909,624512,0,30.0,10.0,20.0,0.0,40.0,0.0,0.161,False,False,50.0,0.0,20.0,0.0,0.0,0.177,30.0,0.0,False,,False,31.6,5.3,26.3,67.1,5.3,26.3,0.0,15.8,0.0,0.0,0.139,21.1,0.0,False,,False,36.4,0.0,27.3,,9.1,9.1,18.2,54.5,0.0,27.3,0.0,0.091,0.116,9.1,0.0,True,,False,0,1,1.0,0
D,0,CWS,Drew Romo,L,0,False,8,False,Gavin Williams,Right,CLE,CLE,CWS,"ST, FF, CU, SI",08:00 PM,849831,3,0.4,True,False,False,False,0.2408,0,2,0,1,203,10,162,89,3,2,0,0,0.0,14.5,26.1,752,53.5,0.1416,0.0,3.54,0.93,1.26,524.0,23,🟢 Disciplined,59.0,0.0,,9.6,,34.4,3.4,0.468,0.075,0.064,0.144,0.0,0.582,0.593,0.836,0.05,0.0188,0.0219,0.1372,0.0642,0.0073,0.2453,0.0146,0,25,0,0,0.0,40.0,0.15,10.0,0.0,17.2,0.246,0.266,0.252,0.0,0.143,0.336,0.0,2.744,10,10,0.15,0.15,16,12,0,0,0.0,0.0,,5.5,FF,35.03,4.5,False,-0.82,False,33.3,-1.84,False,-1.97,2.0,14,0,0,0,0,0,0,-1.84,0.0,83.9,20.0,69.1,False,0.0,False,0.0,False,-0.3,False,0.0,10.0,10.0,3,ST(30%):0/9pa  |  FF(28%):3/62pa  |  CU(22%):0/15pa  |  SI(15%):1/23pa,86.0,22.5,68.7,27.0,False,1.1,False,22.5,True,22.5,True,3.37,15.7,4.5,6,83.1,17.3,False,1.9,False,21.0,False,17.1,False,3.7,13.0,5.6,5,0,93.4,20.0,True,0.0,False,20.0,False,-11.7,False,0.0,0.86,1.0,Wind In (↘️ SE),66.9,12.1,Cloudy,↘️ SE,8,86,-11.88,0.0,2026-10-08,🤔 Average,⚠️ Tough,🤔 Average,182.3,2.744,30.0,60.0,10.1,14.0,7.0,43.8,79.8,8.3,13.7,7.1,50.0,79.0,10.8,13.6,7.3,,,,,,7.2,5.36,13,False,0.125,36.0,5.0,32,668909,691011,0,40.0,10.0,10.0,0.0,40.0,0.0,0.336,False,False,24.7,12.4,21.3,5.6,0.0,0.255,18.0,3.6,False,,False,27.2,8.0,24.1,68.6,7.4,37.7,8.0,25.9,1.2,0.147,0.24,16.7,5.3,False,,False,40.0,0.0,40.0,,20.0,20.0,0.0,40.0,1.0,20.0,0.0,0.2,0.254,40.0,,False,,False,0,1,1.0,0
D,0,CWS,Randal Grichuk,R,0,False,8,False,Gavin Williams,Right,CLE,CLE,CWS,"ST, FF, CU, SI",08:00 PM,849831,3,0.44,True,False,False,False,0.4483,1,0,0,2,289,10,106,61,4,2,2,1,25.0,14.5,26.1,752,53.5,0.2698,0.0,3.54,0.93,1.26,524.0,23,⬜ Neutral,56.0,0.0,,4.4,,36.4,2.5,0.412,0.081,0.07,0.108,0.027,0.089,0.705,0.817,0.189,0.0275,0.032,0.1629,0.0852,0.0,0.3227,0.0746,0,12,0,0,0.0,30.0,0.279,30.0,,17.0,0.367,0.347,0.354,0.0,0.0,0.158,0.0,3.442,24,24,0.279,0.279,18,13,0,1,192.0,102.0,rocket LD 102mph,6.9,ST,19.86,21.9,False,-0.16,False,33.3,-1.84,False,-5.19,5.2,0,0,0,0,0,0,0,-1.84,16.67,86.6,20.0,72.0,False,0.0,False,20.0,False,18.6,False,0.0,10.0,0.0,3,ST(30%):4/24pa  |  FF(28%):1/81pa  |  CU(22%):1/11pa  |  SI(15%):2/44pa,89.9,34.4,72.4,24.6,False,0.0,False,18.0,False,10.6,False,4.92,19.7,13.1,4,89.2,30.2,False,0.0,False,17.9,False,10.8,False,3.77,21.7,10.4,9,1,84.9,11.1,False,11.1,True,22.2,True,14.0,False,11.11,0.86,1.0,Wind In (↘️ SE),66.9,12.1,Cloudy,↘️ SE,8,86,-11.88,0.0,2026-10-08,🤔 Average,⚠️ Tough,🤔 Average,182.3,3.442,70.0,80.0,9.6,2.6,7.7,44.3,85.2,4.1,8.1,7.3,47.2,83.0,7.0,7.8,7.6,50.0,50.0,,,,7.2,6.99,13,False,0.246,36.1,3.0,32,668909,545341,10,10.0,0.0,40.0,20.0,40.0,0.0,0.158,True,False,39.3,6.6,21.3,6.6,0.0,0.271,31.1,5.7,False,,False,36.8,6.6,23.6,72.6,7.5,43.4,5.0,26.4,0.0,0.192,0.266,25.5,3.5,False,,False,22.2,0.0,22.2,,11.1,11.1,0.0,11.1,0.0,22.2,0.0,0.375,0.35,22.2,16.7,False,,False,0,0,1.0,0
D,0,CWS,Rikuu Nishida,L,0,False,8,False,Gavin Williams,Right,CLE,CLE,CWS,"ST, FF, CU, SI",08:00 PM,849831,1,0.1,True,False,False,False,0.2378,0,0,0,1,30,10,26,17,5,2,0,0,0.0,14.5,26.1,752,53.5,0.1938,0.0,3.54,0.93,1.26,524.0,23,⬜ Neutral,52.0,0.0,,2.9,,31.0,2.3,0.505,0.0,0.0,0.0,0.0,0.0,0.332,0.505,0.0,0.0,0.0,0.2229,0.0,0.0,0.2229,0.0,0,999,0,0,0.0,10.0,0.0,40.0,0.0,6.7,0.206,0.239,0.204,0.0,0.0,0.177,0.0,0.0,2,2,0.0,0.0,18,13,0,0,0.0,0.0,,5.0,ST,27.85,1.3,False,0.36,False,33.3,-1.84,False,0.0,0.0,0,0,0,0,0,0,0,-1.84,,87.4,20.0,60.9,False,0.0,False,10.0,False,8.5,False,0.0,20.0,0.0,0,ST(30%):0/2pa  |  FF(28%):0/13pa  |  CU(22%):0/0pa  |  SI(15%):0/6pa,79.4,11.8,60.8,11.8,False,0.0,False,5.9,False,-1.0,False,0.0,23.5,0.0,0,82.5,11.5,False,0.0,False,7.7,False,-0.1,False,0.0,23.1,0.0,3,0,67.4,0.0,False,0.0,False,33.3,True,-7.7,False,0.0,0.86,1.0,Wind In (↘️ SE),66.9,12.1,Cloudy,↘️ SE,8,86,-11.88,0.0,2026-10-08,🤔 Average,⚠️ Tough,🤔 Average,182.3,0.0,40.0,70.0,8.8,7.7,6.0,41.2,76.5,8.4,7.2,5.9,38.5,73.1,6.3,7.9,6.0,,,,,,7.2,1.07,13,False,0.0,23.5,0.0,32,668909,807747,0,40.0,0.0,20.0,0.0,20.0,0.0,0.177,False,False,52.9,0.0,11.8,0.0,0.0,0.208,41.2,0.0,False,,False,50.0,0.0,15.4,60.9,0.0,19.2,0.0,11.5,0.0,0.0,0.204,38.5,0.0,False,,False,33.3,0.0,0.0,,66.7,0.0,0.0,33.3,0.0,33.3,0.0,0.0,0.589,66.7,,False,,False,0,1,1.0,0
D,0,CWS,Braden Montgomery,L,0,False,8,False,Gavin Williams,Right,CLE,CLE,CWS,"ST, FF, CU, SI",08:00 PM,849831,0,0.0,True,False,False,False,0.2348,0,0,0,0,390,17,274,141,4,2,1,0,0.0,14.5,26.1,752,53.5,0.2699,0.0,3.54,0.93,1.26,524.0,23,🟢 Disciplined,59.0,0.0,0.0,10.0,0.0,27.4,4.0,0.761,0.037,0.032,0.229,0.018,0.522,1.049,1.136,0.292,0.0079,0.0092,0.1912,0.0713,0.0138,0.2855,0.0734,0,85,0,0,0.0,11.8,0.118,23.5,0.0,17.2,0.289,0.314,0.271,0.0,0.062,0.116,0.0,1.216,8,8,0.118,0.124,19,15,0,2,366.0,101.4,deep fly ball 366ft 98mph | double 101mph EV | rocket LD 101mph,9.0,FF,28.19,5.5,False,-0.92,False,33.3,-1.84,False,-2.05,2.1,0,0,0,0,0,0,0,-1.84,0.0,86.9,11.8,65.1,False,0.0,False,5.9,False,5.7,False,0.0,5.9,5.9,2,ST(30%):0/20pa  |  FF(28%):2/110pa  |  CU(22%):0/25pa  |  SI(15%):1/46pa,89.5,32.6,68.2,47.5,False,2.1,False,12.8,False,0.0,False,1.42,26.2,7.8,5,89.1,29.9,False,2.2,False,10.9,False,0.5,False,1.82,22.3,6.9,0,0,,,False,,False,,False,,False,,0.86,1.0,Wind In (↘️ SE),66.9,12.1,Cloudy,↘️ SE,8,86,-11.88,0.0,2026-10-08,🤔 Average,⚠️ Tough,🤔 Average,182.3,1.216,50.0,93.8,8.4,9.0,6.8,34.8,90.1,3.9,9.2,6.1,36.6,89.0,6.0,9.3,6.3,,,,,,7.2,2.5,13,False,0.137,28.4,7.0,32,668909,695731,17,17.6,0.0,52.9,0.0,5.9,1.0,0.116,False,False,44.0,0.7,12.1,3.5,0.7,0.395,20.6,2.5,False,,False,44.5,1.8,17.2,68.8,2.6,33.9,12.0,36.9,1.1,0.128,0.323,20.1,2.5,False,,False,,,,,,,,,,,,,,,,False,,False,0,1,1.0,0
D,0,CWS,Junior Perez,R,0,False,8,False,Gavin Williams,Right,CLE,CLE,CWS,"ST, FF, CU, SI",08:00 PM,849831,2,0.75,False,False,False,False,0.3755,1,0,1,0,36,10,9,5,6,4,1,1,16.7,14.5,26.1,752,53.5,0.0977,0.0,3.54,0.93,1.26,524.0,23,🔴 Chase Risk,52.0,0.0,,2.8,,28.8,2.2,0.664,0.371,0.319,0.0,0.0,0.0,1.193,1.778,0.0,0.1419,0.165,0.295,0.165,0.0,0.79,0.0,1,0,1,0,0.0,30.0,0.26,20.0,16.7,22.2,0.268,0.296,0.264,0.0,0.3,0.21,0.0,5.095,20,20,0.26,0.257,25,20,0,0,0.0,0.0,,12.5,ST,39.77,27.2,False,-0.23,False,33.3,-1.84,False,0.0,0.0,4,0,0,1,0,0,0,-1.84,,97.6,40.0,74.4,True,0.0,False,20.0,False,18.0,False,10.0,10.0,10.0,1,ST(30%):0/2pa  |  FF(28%):0/14pa  |  CU(22%):1/2pa  |  SI(15%):0/4pa,100.9,40.0,71.3,20.0,False,0.0,False,20.0,False,16.0,False,20.0,40.0,20.0,2,98.1,33.3,True,0.0,False,11.1,False,5.8,False,22.22,33.3,22.2,0,0,,,False,,False,,False,,False,,0.86,1.0,Wind In (↘️ SE),66.9,12.1,Cloudy,↘️ SE,8,86,-11.88,0.0,2026-10-08,🤔 Average,⚠️ Tough,🤔 Average,182.3,5.095,50.0,70.0,10.6,10.5,7.4,40.0,80.0,7.8,10.0,7.1,44.4,88.9,6.4,8.6,7.2,,,,,,7.2,10.0,13,False,0.6,20.0,1.0,32,668909,678577,0,20.0,10.0,40.0,10.0,30.0,2.0,0.21,False,False,20.0,0.0,60.0,0.0,0.0,0.597,20.0,,False,,False,22.2,0.0,44.4,72.2,0.0,33.3,1.0,44.4,0.0,0.75,0.642,22.2,,False,,False,,,,,,,,,,,,,,,,False,,False,0,0,1.0,0
D,0,CWS,Kyle Teel,L,0,False,8,False,Gavin Williams,Right,CLE,CLE,CWS,"ST, FF, CU, SI",08:00 PM,849831,0,0.0,True,False,False,False,0.3047,0,0,0,0,171,17,121,74,4,2,1,0,0.0,14.5,26.1,752,53.5,0.4494,0.0,3.54,0.93,1.26,524.0,23,🟢 Disciplined,62.0,0.0,,12.3,,31.3,3.8,0.69,0.133,0.114,0.112,0.0,0.591,1.393,1.203,0.412,0.0302,0.0351,0.1817,0.0645,0.0264,0.3165,0.1084,0,32,0,0,0.0,35.3,0.142,23.5,0.0,22.8,0.302,0.322,0.293,0.0,0.067,0.209,0.0,2.518,10,10,0.142,0.151,19,14,0,1,285.0,100.7,double 101mph EV,5.9,FF,15.65,15.3,False,0.4,False,33.3,-1.84,False,-3.51,3.5,0,0,0,0,0,0,0,-1.84,0.0,90.8,17.6,66.8,False,0.0,False,11.8,False,21.7,False,0.0,11.8,5.9,4,ST(30%):0/13pa  |  FF(28%):2/52pa  |  CU(22%):0/12pa  |  SI(15%):2/32pa,87.1,25.7,70.3,35.1,False,4.1,False,20.3,False,15.4,False,5.41,21.6,6.8,5,85.6,24.0,False,4.1,False,19.0,False,12.9,False,4.13,17.4,6.6,0,0,,,False,,False,,False,,False,,0.86,1.0,Wind In (↘️ SE),66.9,12.1,Cloudy,↘️ SE,8,86,-11.88,0.0,2026-10-08,🤔 Average,⚠️ Tough,🤔 Average,182.3,2.518,52.9,76.5,15.7,10.6,6.9,39.2,75.7,9.1,11.6,6.6,44.6,77.7,12.4,13.1,6.9,,,,,,7.2,5.37,13,False,0.22,20.3,6.0,32,668909,691019,17,5.9,0.0,47.1,5.9,23.5,0.0,0.209,False,False,18.9,1.4,31.1,8.1,2.7,0.385,20.3,11.1,False,,False,18.2,0.8,36.4,70.3,8.3,24.0,10.0,30.6,1.7,0.176,0.312,19.8,6.8,False,,False,,,,,,,,,,,,,,,,False,,False,0,1,1.0,0
D,0,CWS,Joey Bart,R,0,False,8,False,Gavin Williams,Right,CLE,CLE,CWS,"ST, FF, CU, SI",08:00 PM,849831,0,-0.1,True,False,False,False,0.262,0,0,0,0,121,10,56,36,4,1,0,0,0.0,14.5,26.1,752,53.5,0.213,0.0,3.54,0.93,1.26,524.0,23,⬜ Neutral,56.0,0.0,,5.9,,32.8,3.1,0.608,0.11,0.095,0.055,0.0,0.487,0.815,0.995,0.0,0.031,0.0361,0.1986,0.0542,0.0181,0.325,0.0,0,29,0,0,0.0,10.0,0.143,0.0,,19.8,0.309,0.317,0.303,0.0,0.0,0.215,0.0,1.911,10,10,0.143,0.143,16,12,0,0,0.0,0.0,,4.8,ST,31.26,9.6,False,-2.15,False,33.3,-1.84,False,-1.65,1.7,0,0,0,0,0,0,0,-1.84,10.0,72.0,10.0,72.9,False,0.0,False,0.0,False,30.0,False,0.0,0.0,0.0,2,ST(30%):1/10pa  |  FF(28%):0/38pa  |  CU(22%):0/5pa  |  SI(15%):1/17pa,84.5,25.0,74.4,30.6,False,2.8,False,19.4,False,13.0,False,5.56,30.6,8.3,3,86.2,23.2,False,1.8,False,19.6,False,13.6,False,5.36,26.8,7.1,29,0,87.7,13.8,False,0.0,False,6.9,False,5.9,False,0.0,0.86,1.0,Wind In (↘️ SE),66.9,12.1,Cloudy,↘️ SE,8,86,-11.88,0.0,2026-10-08,🤔 Average,⚠️ Tough,🤔 Average,182.3,1.911,80.0,70.0,6.5,17.8,7.1,41.7,86.1,6.0,8.9,7.1,41.1,83.9,7.7,9.8,7.1,,,,,,7.2,5.3,13,False,0.212,38.9,2.0,32,668909,663698,0,10.0,20.0,40.0,0.0,10.0,0.0,0.215,False,False,33.3,8.3,19.4,11.1,2.8,0.407,27.8,4.8,False,,False,26.8,5.4,21.4,74.4,12.5,35.7,4.0,30.4,1.8,0.204,0.384,30.4,3.6,False,,False,31.0,0.0,37.9,73.1,24.1,3.4,3.4,27.6,1.0,31.0,0.0,0.04,0.325,20.7,0.0,False,,False,0,0,1.0,0
D,0,CWS,Brenton Doyle,R,0,False,8,False,Gavin Williams,Right,CLE,CLE,CWS,"ST, FF, CU, SI",08:00 PM,849831,0,0.0,False,False,False,False,0.3494,0,0,0,0,211,10,112,57,4,2,0,0,0.0,14.5,26.1,752,53.5,0.4093,0.0,3.54,0.93,1.26,524.0,23,⬜ Neutral,56.0,0.0,,5.1,,34.9,3.1,0.605,0.0,0.0,0.035,0.0,0.106,0.64,0.64,0.179,0.0,0.0,0.1954,0.0114,0.0114,0.2068,0.0578,0,9,0,0,0.0,40.0,0.129,20.0,0.0,23.2,0.275,0.238,0.269,0.0,0.0,0.177,0.0,1.928,10,10,0.129,0.129,25,20,0,1,331.0,95.1,deep fly ball 331ft 95mph,3.1,FF,29.39,6.8,False,2.26,True,33.3,-1.84,False,-2.37,2.4,2,0,0,0,0,0,0,-1.84,0.0,85.2,20.0,74.4,False,0.0,False,20.0,False,-2.1,False,0.0,20.0,0.0,0,ST(30%):0/15pa  |  FF(28%):0/59pa  |  CU(22%):0/7pa  |  SI(15%):1/25pa,88.8,21.1,70.6,29.8,False,1.8,False,14.0,False,2.4,False,0.0,19.3,1.8,0,86.9,18.8,False,0.9,False,14.3,False,5.9,False,0.0,20.5,2.7,41,1,88.9,29.3,False,4.9,False,22.0,False,3.3,False,2.44,0.86,1.0,Wind In (↘️ SE),66.9,12.1,Cloudy,↘️ SE,8,86,-11.88,0.0,2026-10-08,🤔 Average,⚠️ Tough,🤔 Average,182.3,1.928,50.0,90.0,20.5,11.3,7.8,26.3,87.7,9.4,11.2,7.0,37.5,88.4,12.8,13.2,7.3,0.0,100.0,,,,7.2,3.91,13,False,0.019,35.1,1.0,32,668909,686668,9,50.0,0.0,20.0,10.0,60.0,0.0,0.177,False,False,42.1,0.0,21.1,3.5,0.0,0.214,15.8,0.0,False,,False,32.1,0.9,33.0,69.7,4.5,34.8,2.0,25.9,0.0,0.028,0.217,19.6,0.0,False,,False,46.3,0.0,14.6,70.5,34.1,9.8,7.3,36.6,4.0,34.1,2.4,0.15,0.377,26.8,4.0,False,,False,0,0,1.0,0
C,1,CWS,Jake Rogers,R,0,False,8,False,Gavin Williams,Right,CLE,CLE,CWS,"ST, FF, CU, SI",08:00 PM,849831,3,0.63,True,False,False,False,0.22,2,1,0,0,162,10,117,74,4,0,0,0,0.0,14.5,26.1,752,53.5,0.2385,0.0,3.54,0.93,1.26,524.0,23,🟢 Disciplined,62.0,0.0,,13.9,,25.6,3.1,0.327,0.055,0.047,0.055,0.027,0.544,1.034,0.6,0.055,0.0151,0.0176,0.1054,0.0439,0.0176,0.1932,0.0176,0,25,0,0,0.0,50.0,0.126,0.0,0.0,17.3,0.265,0.278,0.262,0.0,0.0,0.209,0.0,1.911,16,16,0.126,0.126,14,10,0,0,0.0,0.0,,2.6,FF,30.67,31.1,False,0.14,False,33.3,-1.84,False,-2.47,2.5,1,0,0,0,0,0,0,-1.84,0.0,78.3,0.0,64.9,False,0.0,False,20.0,False,27.7,True,0.0,0.0,0.0,2,ST(30%):0/8pa  |  FF(28%):3/56pa  |  CU(22%):0/8pa  |  SI(15%):1/31pa,86.6,23.0,67.6,39.2,False,2.7,False,20.3,False,22.1,True,2.7,16.2,6.8,2,85.1,17.1,False,1.7,False,19.7,False,21.0,False,1.71,12.0,5.1,14,0,79.3,7.1,False,0.0,False,21.4,False,16.1,False,0.0,0.86,1.0,Wind In (↘️ SE),66.9,12.1,Cloudy,↘️ SE,8,86,-11.88,0.0,2026-10-08,🤔 Average,⚠️ Tough,🤔 Average,182.3,1.911,60.0,50.0,17.9,8.8,7.5,40.5,81.1,14.6,9.4,7.2,39.3,80.3,15.4,9.3,7.4,0.0,0.0,,,,7.2,4.15,13,False,0.159,36.5,5.0,32,668909,668670,0,10.0,0.0,40.0,20.0,30.0,0.0,0.209,True,False,18.9,8.1,29.7,10.8,2.7,0.272,21.6,2.5,False,,False,22.2,6.0,29.1,67.2,9.4,34.2,5.0,35.9,1.7,0.111,0.234,16.2,1.6,False,,False,21.4,7.1,28.6,62.7,14.3,7.1,0.0,14.3,1.0,42.9,0.0,0.167,0.278,21.4,,False,,False,0,0,1.0,0
B,2,CWS,Tommy Pham,R,0,False,8,False,Gavin Williams,Right,CLE,CLE,CWS,"ST, FF, CU, SI",08:00 PM,849831,4,1.55,False,False,False,False,0.711,3,0,1,0,40,10,6,5,5,2,0,0,0.0,14.5,26.1,752,53.5,0.1383,0.0,3.54,0.93,1.26,524.0,23,🟢 Disciplined,59.0,0.0,,10.8,,22.9,2.6,0.338,0.0,0.0,0.0,0.0,0.182,0.767,0.338,0.0,0.0,0.0,0.13,0.0,0.035,0.13,0.0,0,15,0,2,10.0,50.0,0.1,20.0,0.0,17.5,0.219,0.35,0.214,0.0,0.0,0.139,0.0,1.911,30,30,0.1,0.1,26,21,0,1,364.0,106.1,deep fly ball 364ft 106mph,8.8,FF,28.72,4.5,False,1.2,False,33.3,-1.84,False,5.0,5.0,2,0,1,0,0,0,0,-1.84,,90.3,30.0,74.2,False,10.0,True,20.0,False,27.0,True,0.0,0.0,0.0,0,ST(30%):0/0pa  |  FF(28%):0/18pa  |  CU(22%):1/4pa  |  SI(15%):0/4pa,96.1,40.0,72.9,20.0,False,0.0,False,0.0,False,8.0,False,0.0,20.0,0.0,0,96.1,33.3,True,0.0,False,0.0,False,8.0,False,0.0,16.7,0.0,21,0,89.0,38.1,False,0.0,False,4.8,False,8.4,False,0.0,0.86,1.0,Wind In (↘️ SE),66.9,12.1,Cloudy,↘️ SE,8,86,-11.88,0.0,2026-10-08,🤔 Average,⚠️ Tough,🤔 Average,182.3,1.911,30.0,90.0,13.6,6.4,7.3,40.0,100.0,14.1,6.1,6.8,33.3,100.0,14.0,5.4,6.7,,,,,,7.2,4.81,13,False,0.0,60.0,0.0,32,668909,502054,5,40.0,10.0,10.0,20.0,50.0,1.0,0.139,True,False,40.0,0.0,40.0,0.0,0.0,0.177,20.0,,False,,False,33.3,0.0,50.0,72.9,0.0,50.0,0.0,33.3,0.0,0.0,0.147,16.7,,False,,False,47.6,14.3,23.8,71.1,9.5,4.8,0.0,47.6,0.0,28.6,0.0,0.048,0.103,9.5,0.0,False,,False,0,0,1.0,0
D,0,CWS,Korey Lee,R,0,False,8,False,Gavin Williams,Right,CLE,CLE,CWS,"ST, FF, CU, SI",08:00 PM,849831,0,0.0,False,False,False,False,0.0,0,0,0,0,0,0,0,0,0,0,0,0,0.0,14.5,26.1,752,53.5,0.0,0.0,3.54,0.93,1.26,524.0,23,⬜ Neutral,52.0,0.0,,6.2,,,2.7,,,0.0,,,,,,,0.0,,,,,,,0,999,0,0,,,0.0,,,,,,0.0,0.0,0.0,0.0,0.0,0.0,0,0,0.0,0.0,11,7,0,0,0.0,0.0,,0.0,,,,False,,False,33.3,-1.84,False,,,1,0,0,0,0,0,0,-1.84,,,,,False,,False,,False,,False,,,,0,ST(30%):0/0pa  |  FF(28%):0/0pa  |  CU(22%):0/0pa  |  SI(15%):0/0pa,,,,,False,,False,,False,,False,,,,0,,,False,,False,,False,,False,,,,10,0,79.3,10.0,False,0.0,False,10.0,False,17.5,False,0.0,0.86,1.0,Wind In (↘️ SE),66.9,12.1,Cloudy,↘️ SE,8,86,-11.88,0.0,2026-10-08,🤔 Average,⚠️ Tough,🤔 Average,182.3,0.0,,,,,,,,,,,,,,,,,,,,,7.2,4.97,13,False,,,,32,668909,686676,0,,,,,,,,False,False,,,,,,,,,False,,False,,,,,,,,,,,,,,False,,False,10.0,10.0,50.0,66.2,10.0,0.0,0.0,0.0,0.0,30.0,0.0,0.0,0.158,10.0,0.0,False,,False,0,0,1.0,0
D,0,CWS,William Bergolla Jr.,L,0,False,8,False,Gavin Williams,Right,CLE,CLE,CWS,"ST, FF, CU, SI",08:00 PM,849831,2,0.2,False,False,False,False,0.0,0,0,0,2,0,0,0,0,0,0,0,0,0.0,14.5,26.1,752,53.5,0.0,0.0,3.54,0.93,1.26,524.0,23,🟡 Watch,44.0,0.0,,0.0,,,3.8,,,0.0,,,,,,,0.0,,,,,,,0,999,0,0,,,0.0,,,,,,0.0,0.0,0.0,0.0,0.0,0.0,0,0,0.0,0.0,11,7,0,0,0.0,0.0,,0.0,,,,False,,False,33.3,-1.84,False,,,1,0,0,0,0,0,0,-1.84,,,,,False,,False,,False,,False,,,,0,ST(30%):0/0pa  |  FF(28%):0/0pa  |  CU(22%):0/0pa  |  SI(15%):0/0pa,,,,,False,,False,,False,,False,,,,0,,,False,,False,,False,,False,,,,4,0,94.4,50.0,True,0.0,False,25.0,True,15.3,False,0.0,0.86,1.0,Wind In (↘️ SE),66.9,12.1,Cloudy,↘️ SE,8,86,-11.88,0.0,2026-10-08,🤔 Average,⚠️ Tough,🤔 Average,182.3,0.0,,,,,,,,,,,,,,,,,,,,,7.2,4.97,13,False,,,,32,668909,703151,0,,,,,,,,False,False,,,,,,,,,False,,False,,,,,,,,,,,,,,False,,False,25.0,0.0,25.0,,0.0,0.0,0.0,0.0,1.0,0.0,0.0,0.0,0.0,50.0,,False,,False,0,1,1.0,0
D,0,CWS,Andy Weber,L,0,False,8,False,Gavin Williams,Right,CLE,CLE,CWS,"ST, FF, CU, SI",08:00 PM,849831,4,0.4,False,False,False,False,0.0,0,0,0,4,0,0,0,0,0,0,0,0,0.0,14.5,26.1,752,53.5,0.0,0.0,3.54,0.93,1.26,524.0,23,⬜ Neutral,52.0,0.0,,0.0,,,3.8,,,0.0,,,,,,,0.0,,,,,,,0,999,0,0,,,0.0,,,,,,0.0,0.0,0.0,0.0,0.0,0.0,0,0,0.0,0.0,11,7,0,0,0.0,0.0,,0.0,,,,False,,False,33.3,-1.84,False,,,1,0,0,0,0,0,0,-1.84,,,,,False,,False,,False,,False,,,,0,ST(30%):0/0pa  |  FF(28%):0/0pa  |  CU(22%):0/0pa  |  SI(15%):0/0pa,,,,,False,,False,,False,,False,,,,0,,,False,,False,,False,,False,,,,3,0,94.2,33.3,True,0.0,False,33.3,True,24.5,True,0.0,0.86,1.0,Wind In (↘️ SE),66.9,12.1,Cloudy,↘️ SE,8,86,-11.88,0.0,2026-10-08,🤔 Average,⚠️ Tough,🤔 Average,182.3,0.0,,,,,,,,,,,,,,,,,,,,,7.2,4.97,13,False,,,,32,668909,681581,0,,,,,,,,False,False,,,,,,,,,False,,False,,,,,,,,,,,,,,False,,False,0.0,0.0,33.3,,33.3,33.3,33.3,66.7,0.0,0.0,0.0,0.333,0.424,33.3,,True,,False,0,1,1.0,0
D,0,CWS,Dru Baker,R,0,False,8,False,Gavin Williams,Right,CLE,CLE,CWS,"ST, FF, CU, SI",08:00 PM,849831,0,0.0,False,False,False,False,0.0,0,0,0,0,0,0,0,0,0,0,0,0,0.0,14.5,26.1,752,53.5,0.0,0.0,3.54,0.93,1.26,524.0,23,🔴 Chase Risk,44.0,0.0,,0.0,,,3.8,,,0.0,,,,,,,0.0,,,,,,,0,999,0,0,,,0.0,,,,,,0.0,0.0,0.0,0.0,0.0,0.0,0,0,0.0,0.0,11,7,0,0,0.0,0.0,,0.0,,,,False,,False,33.3,-1.84,False,,,1,0,0,0,0,0,0,-1.84,,,,,False,,False,,False,,False,,,,0,ST(30%):0/0pa  |  FF(28%):0/0pa  |  CU(22%):0/0pa  |  SI(15%):0/0pa,,,,,False,,False,,False,,False,,,,0,,,False,,False,,False,,False,,,,1,0,,0.0,False,0.0,False,0.0,False,,False,0.0,0.86,1.0,Wind In (↘️ SE),66.9,12.1,Cloudy,↘️ SE,8,86,-11.88,0.0,2026-10-08,🤔 Average,⚠️ Tough,🤔 Average,182.3,0.0,,,,,,,,,,,,,,,,,,,,,7.2,4.97,13,False,,,,32,668909,681333,0,,,,,,,,False,False,,,,,,,,,False,,False,,,,,,,,,,,,,,False,,False,0.0,0.0,100.0,,0.0,0.0,0.0,0.0,0.0,0.0,0.0,0.0,0.0,0.0,,False,,False,0,0,1.0,0
D,0,CWS,Jeral Perez,R,0,False,8,False,Gavin Williams,Right,CLE,CLE,CWS,"ST, FF, CU, SI",08:00 PM,849831,0,0.0,False,False,False,False,0.0,0,0,0,0,0,0,0,0,0,0,0,0,0.0,14.5,26.1,752,53.5,0.0,0.0,3.54,0.93,1.26,524.0,23,🟡 Watch,44.0,0.0,,0.0,,,3.8,,,0.0,,,,,,,0.0,,,,,,,0,999,0,0,,,0.0,,,,,,0.0,0.0,0.0,0.0,0.0,0.0,0,0,0.0,0.0,11,7,0,0,0.0,0.0,,0.0,,,,False,,False,33.3,-1.84,False,,,1,0,0,0,0,0,0,-1.84,,,,,False,,False,,False,,False,,,,0,ST(30%):0/0pa  |  FF(28%):0/0pa  |  CU(22%):0/0pa  |  SI(15%):0/0pa,,,,,False,,False,,False,,False,,,,0,,,False,,False,,False,,False,,,,0,0,,,False,,False,,False,,False,,0.86,1.0,Wind In (↘️ SE),66.9,12.1,Cloudy,↘️ SE,8,86,-11.88,0.0,2026-10-08,🤔 Average,⚠️ Tough,🤔 Average,182.3,0.0,,,,,,,,,,,,,,,,,,,,,7.2,4.97,13,False,,,,32,668909,800419,0,,,,,,,,False,False,,,,,,,,,False,,False,,,,,,,,,,,,,,False,,False,,,,,,,,,,,,,,,,False,,False,0,0,1.0,0
D,0,CWS,Ryan Galanie,R,0,False,8,False,Gavin Williams,Right,CLE,CLE,CWS,"ST, FF, CU, SI",08:00 PM,849831,0,0.0,False,False,False,False,0.0,0,0,0,0,0,0,0,0,0,0,0,0,0.0,14.5,26.1,752,53.5,0.0,0.0,3.54,0.93,1.26,524.0,23,🟢 Disciplined,62.0,0.0,,16.7,,,3.8,,,0.0,,,,,,,0.0,,,,,,,0,999,0,0,,,0.0,,,,,,0.0,0.0,0.0,0.0,0.0,0.0,0,0,0.0,0.0,11,7,0,0,0.0,0.0,,0.0,,,,False,,False,33.3,-1.84,False,,,1,0,0,0,0,0,0,-1.84,,,,,False,,False,,False,,False,,,,0,ST(30%):0/0pa  |  FF(28%):0/0pa  |  CU(22%):0/0pa  |  SI(15%):0/0pa,,,,,False,,False,,False,,False,,,,0,,,False,,False,,False,,False,,,,5,0,79.9,0.0,False,0.0,False,20.0,False,35.0,False,0.0,0.86,1.0,Wind In (↘️ SE),66.9,12.1,Cloudy,↘️ SE,8,86,-11.88,0.0,2026-10-08,🤔 Average,⚠️ Tough,🤔 Average,182.3,0.0,,,,,,,,,,,,,,,,,,,,,7.2,4.97,13,False,,,,32,668909,814436,0,,,,,,,,False,False,,,,,,,,,False,,False,,,,,,,,,,,,,,False,,False,20.0,20.0,20.0,,20.0,0.0,0.0,20.0,0.0,40.0,0.0,0.0,0.177,20.0,,False,,False,0,0,1.0,0
D,0,CWS,Samuel Zavala,L,0,False,8,False,Gavin Williams,Right,CLE,CLE,CWS,"ST, FF, CU, SI",08:00 PM,849831,0,0.0,False,False,False,False,0.0,0,0,0,0,0,0,0,0,0,0,0,0,0.0,14.5,26.1,752,53.5,0.0,0.0,3.54,0.93,1.26,524.0,23,🔴 Chase Risk,52.0,0.0,,0.0,,,3.8,,,0.0,,,,,,,0.0,,,,,,,0,999,0,0,,,0.0,,,,,,0.0,0.0,0.0,0.0,0.0,0.0,0,0,0.0,0.0,11,7,0,0,0.0,0.0,,0.0,,,,False,,False,33.3,-1.84,False,,,1,0,0,0,0,0,0,-1.84,,,,,False,,False,,False,,False,,,,0,ST(30%):0/0pa  |  FF(28%):0/0pa  |  CU(22%):0/0pa  |  SI(15%):0/0pa,,,,,False,,False,,False,,False,,,,0,,,False,,False,,False,,False,,,,1,0,,0.0,False,0.0,False,0.0,False,,False,0.0,0.86,1.0,Wind In (↘️ SE),66.9,12.1,Cloudy,↘️ SE,8,86,-11.88,0.0,2026-10-08,🤔 Average,⚠️ Tough,🤔 Average,182.3,0.0,,,,,,,,,,,,,,,,,,,,,7.2,4.97,13,False,,,,32,668909,694214,0,,,,,,,,False,False,,,,,,,,,False,,False,,,,,,,,,,,,,,False,,False,0.0,0.0,100.0,,0.0,0.0,0.0,0.0,0.0,0.0,0.0,0.0,0.0,0.0,,False,,False,0,1,1.0,0
D,0,CWS,Mario Camilletti,L,0,False,8,False,Gavin Williams,Right,CLE,CLE,CWS,"ST, FF, CU, SI",08:00 PM,849831,0,0.0,False,False,False,False,0.0,0,0,0,0,0,0,0,0,0,0,0,0,0.0,14.5,26.1,752,53.5,0.0,0.0,3.54,0.93,1.26,524.0,23,🔴 Chase Risk,52.0,0.0,,0.0,,,3.8,,,0.0,,,,,,,0.0,,,,,,,0,999,0,0,,,0.0,,,,,,0.0,0.0,0.0,0.0,0.0,0.0,0,0,0.0,0.0,11,7,0,0,0.0,0.0,,0.0,,,,False,,False,33.3,-1.84,False,,,1,0,0,0,0,0,0,-1.84,,,,,False,,False,,False,,False,,,,0,ST(30%):0/0pa  |  FF(28%):0/0pa  |  CU(22%):0/0pa  |  SI(15%):0/0pa,,,,,False,,False,,False,,False,,,,0,,,False,,False,,False,,False,,,,2,0,,0.0,False,0.0,False,0.0,False,,False,0.0,0.86,1.0,Wind In (↘️ SE),66.9,12.1,Cloudy,↘️ SE,8,86,-11.88,0.0,2026-10-08,🤔 Average,⚠️ Tough,🤔 Average,182.3,0.0,,,,,,,,,,,,,,,,,,,,,7.2,4.97,13,False,,,,32,668909,680519,0,,,,,,,,False,False,,,,,,,,,False,,False,,,,,,,,,,,,,,False,,False,0.0,0.0,100.0,,0.0,0.0,0.0,0.0,0.0,100.0,0.0,0.0,0.0,0.0,,False,,False,0,1,1.0,0
D,0,CWS,Jacob Burke,R,0,False,8,False,Gavin Williams,Right,CLE,CLE,CWS,"ST, FF, CU, SI",08:00 PM,849831,0,0.0,False,False,False,False,0.0,0,0,0,0,0,0,0,0,0,0,0,0,0.0,14.5,26.1,752,53.5,0.0,0.0,3.54,0.93,1.26,524.0,23,🔴 Chase Risk,44.0,0.0,,0.0,,,3.8,,,0.0,,,,,,,0.0,,,,,,,0,999,0,0,,,0.0,,,,,,0.0,0.0,0.0,0.0,0.0,0.0,0,0,0.0,0.0,11,7,0,0,0.0,0.0,,0.0,,,,False,,False,33.3,-1.84,False,,,1,0,0,0,0,0,0,-1.84,,,,,False,,False,,False,,False,,,,0,ST(30%):0/0pa  |  FF(28%):0/0pa  |  CU(22%):0/0pa  |  SI(15%):0/0pa,,,,,False,,False,,False,,False,,,,0,,,False,,False,,False,,False,,,,2,0,79.0,0.0,False,0.0,False,0.0,False,48.0,False,0.0,0.86,1.0,Wind In (↘️ SE),66.9,12.1,Cloudy,↘️ SE,8,86,-11.88,0.0,2026-10-08,🤔 Average,⚠️ Tough,🤔 Average,182.3,0.0,,,,,,,,,,,,,,,,,,,,,7.2,4.97,13,False,,,,32,668909,804240,0,,,,,,,,False,False,,,,,,,,,False,,False,,,,,,,,,,,,,,False,,False,0.0,50.0,50.0,,0.0,0.0,0.0,50.0,0.0,0.0,0.0,0.0,0.0,0.0,,False,,False,0,0,1.0,0
D,0,CWS,Anthony DePino,R,0,False,8,False,Gavin Williams,Right,CLE,CLE,CWS,"ST, FF, CU, SI",08:00 PM,849831,0,0.0,False,False,False,False,0.0,0,0,0,0,0,0,0,0,0,0,0,0,0.0,14.5,26.1,752,53.5,0.0,0.0,3.54,0.93,1.26,524.0,23,⬜ Neutral,52.0,0.0,,0.0,,,3.8,,,0.0,,,,,,,0.0,,,,,,,0,999,0,0,,,0.0,,,,,,0.0,0.0,0.0,0.0,0.0,0.0,0,0,0.0,0.0,11,7,0,0,0.0,0.0,,0.0,,,,False,,False,33.3,-1.84,False,,,1,0,0,0,0,0,0,-1.84,,,,,False,,False,,False,,False,,,,0,ST(30%):0/0pa  |  FF(28%):0/0pa  |  CU(22%):0/0pa  |  SI(15%):0/0pa,,,,,False,,False,,False,,False,,,,0,,,False,,False,,False,,False,,,,1,0,106.8,100.0,False,0.0,False,0.0,False,-17.0,False,0.0,0.86,1.0,Wind In (↘️ SE),66.9,12.1,Cloudy,↘️ SE,8,86,-11.88,0.0,2026-10-08,🤔 Average,⚠️ Tough,🤔 Average,182.3,0.0,,,,,,,,,,,,,,,,,,,,,7.2,4.97,13,False,,,,32,668909,834962,0,,,,,,,,False,False,,,,,,,,,False,,False,,,,,,,,,,,,,,False,,False,100.0,0.0,0.0,,0.0,0.0,0.0,100.0,0.0,0.0,0.0,0.0,0.0,0.0,,False,,False,0,0,1.0,0
D,0,CWS,Darren Baker,L,0,False,8,False,Gavin Williams,Right,CLE,CLE,CWS,"ST, FF, CU, SI",08:00 PM,849831,1,0.1,False,False,False,False,0.0,0,0,0,1,0,0,0,0,0,0,0,0,0.0,14.5,26.1,752,53.5,0.0,0.0,3.54,0.93,1.26,524.0,23,⬜ Neutral,52.0,0.0,,0.0,,,3.8,,,0.0,,,,,,,0.0,,,,,,,0,999,0,0,,,0.0,,,,,,0.0,0.0,0.0,0.0,0.0,0.0,0,0,0.0,0.0,11,7,0,0,0.0,0.0,,0.0,,,,False,,False,33.3,-1.84,False,,,1,0,0,0,0,0,0,-1.84,,,,,False,,False,,False,,False,,,,0,ST(30%):0/0pa  |  FF(28%):0/0pa  |  CU(22%):0/0pa  |  SI(15%):0/0pa,,,,,False,,False,,False,,False,,,,0,,,False,,False,,False,,False,,,,3,0,96.2,33.3,True,0.0,False,0.0,False,5.5,False,0.0,0.86,1.0,Wind In (↘️ SE),66.9,12.1,Cloudy,↘️ SE,8,86,-11.88,0.0,2026-10-08,🤔 Average,⚠️ Tough,🤔 Average,182.3,0.0,,,,,,,,,,,,,,,,,,,,,7.2,4.97,13,False,,,,32,668909,671117,0,,,,,,,,False,False,,,,,,,,,False,,False,,,,,,,,,,,,,,False,,False,66.7,0.0,0.0,,66.7,0.0,0.0,66.7,0.0,0.0,0.0,0.0,0.589,33.3,,False,,False,0,1,1.0,0
D,0,CWS,Alec Briley,R,0,False,8,False,Gavin Williams,Right,CLE,CLE,CWS,"ST, FF, CU, SI",08:00 PM,849831,0,0.0,False,False,False,False,0.0,0,0,0,0,0,0,0,0,0,0,0,0,0.0,14.5,26.1,752,53.5,0.0,0.0,3.54,0.93,1.26,524.0,23,⬜ Neutral,52.0,0.0,,0.0,,,3.8,,,0.0,,,,,,,0.0,,,,,,,0,999,0,0,,,0.0,,,,,,0.0,0.0,0.0,0.0,0.0,0.0,0,0,0.0,0.0,11,7,0,0,0.0,0.0,,0.0,,,,False,,False,33.3,-1.84,False,,,1,0,0,0,0,0,0,-1.84,,,,,False,,False,,False,,False,,,,0,ST(30%):0/0pa  |  FF(28%):0/0pa  |  CU(22%):0/0pa  |  SI(15%):0/0pa,,,,,False,,False,,False,,False,,,,0,,,False,,False,,False,,False,,,,0,0,,,False,,False,,False,,False,,0.86,1.0,Wind In (↘️ SE),66.9,12.1,Cloudy,↘️ SE,8,86,-11.88,0.0,2026-10-08,🤔 Average,⚠️ Tough,🤔 Average,182.3,0.0,,,,,,,,,,,,,,,,,,,,,7.2,4.97,13,False,,,,32,668909,701062,0,,,,,,,,False,False,,,,,,,,,False,,False,,,,,,,,,,,,,,False,,False,,,,,,,,,,,,,,,,False,,False,0,0,1.0,0
D,0,CWS,Michael Turner,L,0,False,8,False,Gavin Williams,Right,CLE,CLE,CWS,"ST, FF, CU, SI",08:00 PM,849831,0,0.0,False,False,False,False,0.0,0,0,0,0,0,0,0,0,0,0,0,0,0.0,14.5,26.1,752,53.5,0.0,0.0,3.54,0.93,1.26,524.0,23,⬜ Neutral,56.0,0.0,,0.0,,,3.8,,,0.0,,,,,,,0.0,,,,,,,0,999,0,0,,,0.0,,,,,,0.0,0.0,0.0,0.0,0.0,0.0,0,0,0.0,0.0,11,7,0,0,0.0,0.0,,0.0,,,,False,,False,33.3,-1.84,False,,,1,0,0,0,0,0,0,-1.84,,,,,False,,False,,False,,False,,,,0,ST(30%):0/0pa  |  FF(28%):0/0pa  |  CU(22%):0/0pa  |  SI(15%):0/0pa,,,,,False,,False,,False,,False,,,,0,,,False,,False,,False,,False,,,,0,0,,,False,,False,,False,,False,,0.86,1.0,Wind In (↘️ SE),66.9,12.1,Cloudy,↘️ SE,8,86,-11.88,0.0,2026-10-08,🤔 Average,⚠️ Tough,🤔 Average,182.3,0.0,,,,,,,,,,,,,,,,,,,,,7.2,4.97,13,False,,,,32,668909,694478,0,,,,,,,,False,False,,,,,,,,,False,,False,,,,,,,,,,,,,,False,,False,,,,,,,,,,,,,,,,False,,False,0,1,1.0,0
D,0,CWS,Bryce Eblin,L,0,False,8,False,Gavin Williams,Right,CLE,CLE,CWS,"ST, FF, CU, SI",08:00 PM,849831,0,0.0,False,False,False,False,0.0,0,0,0,0,0,0,0,0,0,0,0,0,0.0,14.5,26.1,752,53.5,0.0,0.0,3.54,0.93,1.26,524.0,23,🟢 Disciplined,58.0,0.0,,50.0,,,3.8,,,0.0,,,,,,,0.0,,,,,,,0,999,0,0,,,0.0,,,,,,0.0,0.0,0.0,0.0,0.0,0.0,0,0,0.0,0.0,11,7,0,0,0.0,0.0,,0.0,,,,False,,False,33.3,-1.84,False,,,1,0,0,0,0,0,0,-1.84,,,,,False,,False,,False,,False,,,,0,ST(30%):0/0pa  |  FF(28%):0/0pa  |  CU(22%):0/0pa  |  SI(15%):0/0pa,,,,,False,,False,,False,,False,,,,0,,,False,,False,,False,,False,,,,1,0,75.0,0.0,False,0.0,False,100.0,False,33.0,False,0.0,0.86,1.0,Wind In (↘️ SE),66.9,12.1,Cloudy,↘️ SE,8,86,-11.88,0.0,2026-10-08,🤔 Average,⚠️ Tough,🤔 Average,182.3,0.0,,,,,,,,,,,,,,,,,,,,,7.2,4.97,13,False,,,,32,668909,694469,0,,,,,,,,False,False,,,,,,,,,False,,False,,,,,,,,,,,,,,False,,False,0.0,0.0,0.0,,0.0,0.0,100.0,100.0,0.0,0.0,0.0,0.0,0.0,0.0,,False,,False,0,1,1.0,0
D,0,CWS,Drake Logan,R,0,False,8,False,Gavin Williams,Right,CLE,CLE,CWS,"ST, FF, CU, SI",08:00 PM,849831,1,0.1,False,False,False,False,0.0,0,0,0,1,0,0,0,0,0,0,0,0,0.0,14.5,26.1,752,53.5,0.0,0.0,3.54,0.93,1.26,524.0,23,🔴 Chase Risk,48.0,0.0,,0.0,,,3.8,,,0.0,,,,,,,0.0,,,,,,,0,999,0,0,,,0.0,,,,,,0.0,0.0,0.0,0.0,0.0,0.0,0,0,0.0,0.0,11,7,0,0,0.0,0.0,,0.0,,,,False,,False,33.3,-1.84,False,,,1,0,0,0,0,0,0,-1.84,,,,,False,,False,,False,,False,,,,0,ST(30%):0/0pa  |  FF(28%):0/0pa  |  CU(22%):0/0pa  |  SI(15%):0/0pa,,,,,False,,False,,False,,False,,,,0,,,False,,False,,False,,False,,,,3,0,94.9,0.0,True,0.0,False,0.0,False,-17.0,False,0.0,0.86,1.0,Wind In (↘️ SE),66.9,12.1,Cloudy,↘️ SE,8,86,-11.88,0.0,2026-10-08,🤔 Average,⚠️ Tough,🤔 Average,182.3,0.0,,,,,,,,,,,,,,,,,,,,,7.2,4.97,13,False,,,,32,668909,805763,0,,,,,,,,False,False,,,,,,,,,False,,False,,,,,,,,,,,,,,False,,False,33.3,0.0,66.7,,0.0,0.0,0.0,33.3,0.0,0.0,0.0,0.0,0.0,0.0,,False,,False,0,0,1.0,0
D,0,CWS,Kyle Lodise,R,0,False,8,False,Gavin Williams,Right,CLE,CLE,CWS,"ST, FF, CU, SI",08:00 PM,849831,0,0.0,False,False,False,False,0.0,0,0,0,0,0,0,0,0,0,0,0,0,0.0,14.5,26.1,752,53.5,0.0,0.0,3.54,0.93,1.26,524.0,23,⬜ Neutral,56.0,0.0,,0.0,,,3.8,,,0.0,,,,,,,0.0,,,,,,,0,999,0,0,,,0.0,,,,,,0.0,0.0,0.0,0.0,0.0,0.0,0,0,0.0,0.0,11,7,0,0,0.0,0.0,,0.0,,,,False,,False,33.3,-1.84,False,,,1,0,0,0,0,0,0,-1.84,,,,,False,,False,,False,,False,,,,0,ST(30%):0/0pa  |  FF(28%):0/0pa  |  CU(22%):0/0pa  |  SI(15%):0/0pa,,,,,False,,False,,False,,False,,,,0,,,False,,False,,False,,False,,,,2,0,96.3,50.0,False,0.0,False,0.0,False,13.5,False,0.0,0.86,1.0,Wind In (↘️ SE),66.9,12.1,Cloudy,↘️ SE,8,86,-11.88,0.0,2026-10-08,🤔 Average,⚠️ Tough,🤔 Average,182.3,0.0,,,,,,,,,,,,,,,,,,,,,7.2,4.97,13,False,,,,32,668909,827517,0,,,,,,,,False,False,,,,,,,,,False,,False,,,,,,,,,,,,,,False,,False,0.0,0.0,0.0,,50.0,0.0,0.0,0.0,0.0,50.0,0.0,0.0,0.442,100.0,,False,,False,0,0,1.0,0
D,0,CWS,George Wolkow,L,0,False,8,False,Gavin Williams,Right,CLE,CLE,CWS,"ST, FF, CU, SI",08:00 PM,849831,0,0.0,False,False,False,False,0.0,0,0,0,0,0,0,0,0,0,0,0,0,0.0,14.5,26.1,752,53.5,0.0,0.0,3.54,0.93,1.26,524.0,23,🔴 Chase Risk,52.0,0.0,,0.0,,,3.8,,,0.0,,,,,,,0.0,,,,,,,0,999,0,0,,,0.0,,,,,,0.0,0.0,0.0,0.0,0.0,0.0,0,0,0.0,0.0,11,7,0,0,0.0,0.0,,0.0,,,,False,,False,33.3,-1.84,False,,,1,0,0,0,0,0,0,-1.84,,,,,False,,False,,False,,False,,,,0,ST(30%):0/0pa  |  FF(28%):0/0pa  |  CU(22%):0/0pa  |  SI(15%):0/0pa,,,,,False,,False,,False,,False,,,,0,,,False,,False,,False,,False,,,,0,0,,,False,,False,,False,,False,,0.86,1.0,Wind In (↘️ SE),66.9,12.1,Cloudy,↘️ SE,8,86,-11.88,0.0,2026-10-08,🤔 Average,⚠️ Tough,🤔 Average,182.3,0.0,,,,,,,,,,,,,,,,,,,,,7.2,4.97,13,False,,,,32,668909,805804,0,,,,,,,,False,False,,,,,,,,,False,,False,,,,,,,,,,,,,,False,,False,,,,,,,,,,,,,,,,False,,False,0,1,1.0,0
D,0,CWS,Caden Connor,L,0,False,8,False,Gavin Williams,Right,CLE,CLE,CWS,"ST, FF, CU, SI",08:00 PM,849831,0,0.0,False,False,False,False,0.0,0,0,0,0,0,0,0,0,0,0,0,0,0.0,14.5,26.1,752,53.5,0.0,0.0,3.54,0.93,1.26,524.0,23,🟡 Watch,44.0,0.0,,0.0,,,3.8,,,0.0,,,,,,,0.0,,,,,,,0,999,0,0,,,0.0,,,,,,0.0,0.0,0.0,0.0,0.0,0.0,0,0,0.0,0.0,11,7,0,0,0.0,0.0,,0.0,,,,False,,False,33.3,-1.84,False,,,1,0,0,0,0,0,0,-1.84,,,,,False,,False,,False,,False,,,,0,ST(30%):0/0pa  |  FF(28%):0/0pa  |  CU(22%):0/0pa  |  SI(15%):0/0pa,,,,,False,,False,,False,,False,,,,0,,,False,,False,,False,,False,,,,1,0,62.5,0.0,False,0.0,False,0.0,False,47.0,False,0.0,0.86,1.0,Wind In (↘️ SE),66.9,12.1,Cloudy,↘️ SE,8,86,-11.88,0.0,2026-10-08,🤔 Average,⚠️ Tough,🤔 Average,182.3,0.0,,,,,,,,,,,,,,,,,,,,,7.2,4.97,13,False,,,,32,668909,804645,0,,,,,,,,False,False,,,,,,,,,False,,False,,,,,,,,,,,,,,False,,False,0.0,100.0,0.0,,100.0,0.0,0.0,0.0,0.0,0.0,0.0,0.0,0.883,0.0,,False,,False,0,1,1.0,0
D,0,CWS,Adam Hackenberg,R,0,False,8,False,Gavin Williams,Right,CLE,CLE,CWS,"ST, FF, CU, SI",08:00 PM,849831,0,0.0,False,False,False,False,0.0,0,0,0,0,0,0,0,0,0,0,0,0,0.0,14.5,26.1,752,53.5,0.0,0.0,3.54,0.93,1.26,524.0,23,🟡 Watch,44.0,0.0,,0.0,,,3.8,,,0.0,,,,,,,0.0,,,,,,,0,999,0,0,,,0.0,,,,,,0.0,0.0,0.0,0.0,0.0,0.0,0,0,0.0,0.0,11,7,0,0,0.0,0.0,,0.0,,,,False,,False,33.3,-1.84,False,,,1,0,0,0,0,0,0,-1.84,,,,,False,,False,,False,,False,,,,0,ST(30%):0/0pa  |  FF(28%):0/0pa  |  CU(22%):0/0pa  |  SI(15%):0/0pa,,,,,False,,False,,False,,False,,,,0,,,False,,False,,False,,False,,,,1,0,96.6,100.0,False,0.0,False,0.0,False,9.0,False,0.0,0.86,1.0,Wind In (↘️ SE),66.9,12.1,Cloudy,↘️ SE,8,86,-11.88,0.0,2026-10-08,🤔 Average,⚠️ Tough,🤔 Average,182.3,0.0,,,,,,,,,,,,,,,,,,,,,7.2,4.97,13,False,,,,32,668909,680753,0,,,,,,,,False,False,,,,,,,,,False,,False,,,,,,,,,,,,,,False,,False,0.0,0.0,0.0,,100.0,0.0,0.0,100.0,0.0,0.0,0.0,0.0,0.883,100.0,,False,,False,0,0,1.0,0
D,0,CWS,Jason Matthews,R,0,False,8,False,Gavin Williams,Right,CLE,CLE,CWS,"ST, FF, CU, SI",08:00 PM,849831,0,0.0,False,False,False,False,0.0,0,0,0,0,0,0,0,0,0,0,0,0,0.0,14.5,26.1,752,53.5,0.0,0.0,3.54,0.93,1.26,524.0,23,🟢 Disciplined,62.0,0.0,,66.7,,,3.8,,,0.0,,,,,,,0.0,,,,,,,0,999,0,0,,,0.0,,,,,,0.0,0.0,0.0,0.0,0.0,0.0,0,0,0.0,0.0,11,7,0,0,0.0,0.0,,0.0,,,,False,,False,33.3,-1.84,False,,,1,0,0,0,0,0,0,-1.84,,,,,False,,False,,False,,False,,,,0,ST(30%):0/0pa  |  FF(28%):0/0pa  |  CU(22%):0/0pa  |  SI(15%):0/0pa,,,,,False,,False,,False,,False,,,,0,,,False,,False,,False,,False,,,,2,0,,0.0,False,0.0,False,0.0,False,,False,0.0,0.86,1.0,Wind In (↘️ SE),66.9,12.1,Cloudy,↘️ SE,8,86,-11.88,0.0,2026-10-08,🤔 Average,⚠️ Tough,🤔 Average,182.3,0.0,,,,,,,,,,,,,,,,,,,,,7.2,4.97,13,False,,,,32,668909,667240,0,,,,,,,,False,False,,,,,,,,,False,,False,,,,,,,,,,,,,,False,,False,0.0,0.0,50.0,,0.0,0.0,0.0,0.0,0.0,50.0,0.0,0.0,0.348,0.0,,False,,False,0,0,1.0,0
D,0,CWS,Nathan Archer,L,0,False,8,False,Gavin Williams,Right,CLE,CLE,CWS,"ST, FF, CU, SI",08:00 PM,849831,0,0.0,False,False,False,False,0.0,0,0,0,0,0,0,0,0,0,0,0,0,0.0,14.5,26.1,752,53.5,0.0,0.0,3.54,0.93,1.26,524.0,23,🟢 Disciplined,66.0,0.0,,33.3,,,3.8,,,0.0,,,,,,,0.0,,,,,,,0,999,0,0,,,0.0,,,,,,0.0,0.0,0.0,0.0,0.0,0.0,0,0,0.0,0.0,11,7,0,0,0.0,0.0,,0.0,,,,False,,False,33.3,-1.84,False,,,1,0,0,0,0,0,0,-1.84,,,,,False,,False,,False,,False,,,,0,ST(30%):0/0pa  |  FF(28%):0/0pa  |  CU(22%):0/0pa  |  SI(15%):0/0pa,,,,,False,,False,,False,,False,,,,0,,,False,,False,,False,,False,,,,2,0,102.5,50.0,False,0.0,False,50.0,False,32.0,False,0.0,0.86,1.0,Wind In (↘️ SE),66.9,12.1,Cloudy,↘️ SE,8,86,-11.88,0.0,2026-10-08,🤔 Average,⚠️ Tough,🤔 Average,182.3,0.0,,,,,,,,,,,,,,,,,,,,,7.2,4.97,13,False,,,,32,668909,814453,0,,,,,,,,False,False,,,,,,,,,False,,False,,,,,,,,,,,,,,False,,False,0.0,0.0,50.0,,0.0,0.0,0.0,0.0,0.0,50.0,0.0,0.0,0.0,50.0,,False,,False,0,1,1.0,0
D,0,CWS,Jordan Sprinkle,R,0,False,8,False,Gavin Williams,Right,CLE,CLE,CWS,"ST, FF, CU, SI",08:00 PM,849831,0,0.0,False,False,False,False,0.0,0,0,0,0,0,0,0,0,0,0,0,0,0.0,14.5,26.1,752,53.5,0.0,0.0,3.54,0.93,1.26,524.0,23,🔴 Chase Risk,44.0,0.0,,0.0,,,3.8,,,0.0,,,,,,,0.0,,,,,,,0,999,0,0,,,0.0,,,,,,0.0,0.0,0.0,0.0,0.0,0.0,0,0,0.0,0.0,11,7,0,0,0.0,0.0,,0.0,,,,False,,False,33.3,-1.84,False,,,1,0,0,0,0,0,0,-1.84,,,,,False,,False,,False,,False,,,,0,ST(30%):0/0pa  |  FF(28%):0/0pa  |  CU(22%):0/0pa  |  SI(15%):0/0pa,,,,,False,,False,,False,,False,,,,0,,,False,,False,,False,,False,,,,1,0,,0.0,False,0.0,False,0.0,False,,False,0.0,0.86,1.0,Wind In (↘️ SE),66.9,12.1,Cloudy,↘️ SE,8,86,-11.88,0.0,2026-10-08,🤔 Average,⚠️ Tough,🤔 Average,182.3,0.0,,,,,,,,,,,,,,,,,,,,,7.2,4.97,13,False,,,,32,668909,688394,0,,,,,,,,False,False,,,,,,,,,False,,False,,,,,,,,,,,,,,False,,False,0.0,0.0,100.0,,0.0,0.0,0.0,0.0,0.0,0.0,0.0,0.0,0.0,0.0,,False,,False,0,0,1.0,0
D,0,CWS,Nick Maton,L,0,False,8,False,Gavin Williams,Right,CLE,CLE,CWS,"ST, FF, CU, SI",08:00 PM,849831,3,0.3,False,False,False,False,0.0,0,0,0,3,0,0,0,0,0,0,0,0,0.0,14.5,26.1,752,53.5,0.0,0.0,3.54,0.93,1.26,524.0,23,🟢 Disciplined,66.0,0.0,,15.8,,,3.2,,,0.0,,,,,,,0.0,,,,,,,0,999,0,0,,,0.0,,,,,,0.0,0.0,0.0,0.0,0.0,0.0,0,0,0.0,0.0,11,7,0,0,0.0,0.0,,0.0,,31.42,24.5,False,,False,33.3,-1.84,False,,,1,0,0,0,0,0,0,-1.84,,,,,False,,False,,False,,False,,,,0,ST(30%):0/0pa  |  FF(28%):0/0pa  |  CU(22%):0/0pa  |  SI(15%):0/0pa,,,,,False,,False,,False,,False,,,,0,,,False,,False,,False,,False,,,,18,2,89.0,22.2,False,0.0,False,33.3,True,24.5,True,11.11,0.86,1.0,Wind In (↘️ SE),66.9,12.1,Cloudy,↘️ SE,8,86,-11.88,0.0,2026-10-08,🤔 Average,⚠️ Tough,🤔 Average,182.3,0.0,,,,,,,,,,,,,,,,,,,,,7.2,4.97,13,False,,,,32,668909,665155,0,,,,,,,,False,False,,,,,,,,,False,,False,,,,,,,,,,,,,,False,,False,16.7,5.6,33.3,70.0,16.7,11.1,22.2,27.8,2.0,50.0,0.0,0.375,0.36,0.0,25.0,True,,False,0,1,1.0,0
D,0,CWS,Matt Thaiss,L,0,False,8,False,Gavin Williams,Right,CLE,CLE,CWS,"ST, FF, CU, SI",08:00 PM,849831,0,0.0,False,False,False,False,0.0,0,0,0,0,0,0,0,0,0,0,0,0,0.0,14.5,26.1,752,53.5,0.0,0.0,3.54,0.93,1.26,524.0,23,🟢 Disciplined,62.0,0.0,,30.0,,,2.9,,,0.0,,,,,,,0.0,,,,,,,0,999,0,0,,,0.0,,,,,,0.0,0.0,0.0,0.0,0.0,0.0,0,0,0.0,0.0,11,7,0,0,0.0,0.0,,0.0,,29.44,16.6,False,,False,33.3,-1.84,False,,,1,0,0,0,0,0,0,-1.84,,,,,False,,False,,False,,False,,,,0,ST(30%):0/0pa  |  FF(28%):0/0pa  |  CU(22%):0/0pa  |  SI(15%):0/0pa,,,,,False,,False,,False,,False,,,,0,,,False,,False,,False,,False,,,,15,0,86.1,20.0,False,0.0,False,6.7,False,3.8,False,0.0,0.86,1.0,Wind In (↘️ SE),66.9,12.1,Cloudy,↘️ SE,8,86,-11.88,0.0,2026-10-08,🤔 Average,⚠️ Tough,🤔 Average,182.3,0.0,,,,,,,,,,,,,,,,,,,,,7.2,4.97,13,False,,,,32,668909,642136,0,,,,,,,,False,False,,,,,,,,,False,,False,,,,,,,,,,,,,,False,,False,13.3,0.0,33.3,62.2,13.3,6.7,0.0,13.3,0.0,46.7,0.0,0.1,0.376,13.3,0.0,False,,False,0,1,1.0,0
D,0,CWS,Jacob Amaya,R,0,False,8,False,Gavin Williams,Right,CLE,CLE,CWS,"ST, FF, CU, SI",08:00 PM,849831,0,0.0,False,False,False,False,0.0,0,0,0,0,0,0,0,0,0,0,0,0,0.0,14.5,26.1,752,53.5,0.0,0.0,3.54,0.93,1.26,524.0,23,⬜ Neutral,56.0,0.0,,6.5,,,2.8,,,0.0,,,,,,,0.0,,,,,,,0,999,0,0,,,0.0,,,,,,0.0,0.0,0.0,0.0,0.0,0.0,0,0,0.0,0.0,11,7,0,0,0.0,0.0,,0.0,,36.48,9.9,False,,False,33.3,-1.84,False,,,1,0,0,0,0,0,0,-1.84,,,,,False,,False,,False,,False,,,,0,ST(30%):0/0pa  |  FF(28%):0/0pa  |  CU(22%):0/0pa  |  SI(15%):0/0pa,,,,,False,,False,,False,,False,,,,0,,,False,,False,,False,,False,,,,21,0,78.4,14.3,False,0.0,False,9.5,False,16.0,False,0.0,0.86,1.0,Wind In (↘️ SE),66.9,12.1,Cloudy,↘️ SE,8,86,-11.88,0.0,2026-10-08,🤔 Average,⚠️ Tough,🤔 Average,182.3,0.0,,,,,,,,,,,,,,,,,,,,,7.2,4.97,13,False,,,,32,668909,676070,0,,,,,,,,False,False,,,,,,,,,False,,False,,,,,,,,,,,,,,False,,False,19.0,9.5,38.1,64.9,9.5,0.0,0.0,14.3,0.0,28.6,0.0,0.0,0.15,14.3,0.0,False,,False,0,0,1.0,0
D,0,CWS,Brooks Baldwin,L,0,False,8,False,Gavin Williams,Right,CLE,CLE,CWS,"ST, FF, CU, SI",08:00 PM,849831,0,0.0,False,False,False,False,0.0,0,0,0,0,0,0,0,0,0,0,0,0,0.0,14.5,26.1,752,53.5,0.0,0.0,3.54,0.93,1.26,524.0,23,⬜ Neutral,56.0,0.0,,4.2,,,3.0,,,0.0,,,,,,,0.0,,,,,,,0,999,0,0,,,0.0,,,,,,0.0,0.0,0.0,0.0,0.0,0.0,0,0,0.0,0.0,11,7,0,0,0.0,0.0,,0.0,,23.61,19.4,False,,False,33.3,-1.84,False,,,1,0,0,0,0,0,0,-1.84,,,,,False,,False,,False,,False,,,,0,ST(30%):0/0pa  |  FF(28%):0/0pa  |  CU(22%):0/0pa  |  SI(15%):0/0pa,,,,,False,,False,,False,,False,,,,0,,,False,,False,,False,,False,,,,16,0,91.9,31.2,False,0.0,False,12.5,False,14.2,False,0.0,0.86,1.0,Wind In (↘️ SE),66.9,12.1,Cloudy,↘️ SE,8,86,-11.88,0.0,2026-10-08,🤔 Average,⚠️ Tough,🤔 Average,182.3,0.0,,,,,,,,,,,,,,,,,,,,,7.2,4.97,13,False,,,,32,668909,681460,0,,,,,,,,False,False,,,,,,,,,False,,False,,,,,,,,,,,,,,False,,False,31.2,6.2,25.0,72.2,31.2,0.0,6.2,50.0,0.0,31.2,0.0,0.0,0.276,25.0,0.0,False,,False,0,1,1.0,0
D,0,CWS,Travis Jankowski,L,0,False,8,False,Gavin Williams,Right,CLE,CLE,CWS,"ST, FF, CU, SI",08:00 PM,849831,2,0.2,False,False,False,False,0.0,0,0,0,2,0,0,0,0,0,0,0,0,0.0,14.5,26.1,752,53.5,0.0,0.0,3.54,0.93,1.26,524.0,23,⬜ Neutral,48.0,0.0,,0.0,,,3.8,,,0.0,,,,,,,0.0,,,,,,,0,999,0,0,,,0.0,,,,,,0.0,0.0,0.0,0.0,0.0,0.0,0,0,0.0,0.0,11,7,0,0,0.0,0.0,,0.0,,,,False,,False,33.3,-1.84,False,,,1,0,0,0,0,0,0,-1.84,,,,,False,,False,,False,,False,,,,0,ST(30%):0/0pa  |  FF(28%):0/0pa  |  CU(22%):0/0pa  |  SI(15%):0/0pa,,,,,False,,False,,False,,False,,,,0,,,False,,False,,False,,False,,,,8,0,74.7,0.0,False,0.0,False,37.5,True,22.9,True,0.0,0.86,1.0,Wind In (↘️ SE),66.9,12.1,Cloudy,↘️ SE,8,86,-11.88,0.0,2026-10-08,🤔 Average,⚠️ Tough,🤔 Average,182.3,0.0,,,,,,,,,,,,,,,,,,,,,7.2,4.97,13,False,,,,32,668909,608671,0,,,,,,,,False,False,,,,,,,,,False,,False,,,,,,,,,,,,,,False,,False,25.0,12.5,12.5,66.8,12.5,0.0,0.0,12.5,0.0,25.0,0.0,0.0,0.11,25.0,0.0,False,,False,0,1,1.0,0
D,0,CWS,Michael A. Taylor,R,0,False,8,False,Gavin Williams,Right,CLE,CLE,CWS,"ST, FF, CU, SI",08:00 PM,849831,2,0.2,False,False,False,False,0.0,0,0,0,2,0,0,0,0,0,0,0,0,0.0,14.5,26.1,752,53.5,0.0,0.0,3.54,0.93,1.26,524.0,23,⬜ Neutral,56.0,0.0,,5.0,,,2.9,,,0.0,,,,,,,0.0,,,,,,,0,999,0,0,,,0.0,,,,,,0.0,0.0,0.0,0.0,0.0,0.0,0,0,0.0,0.0,11,7,0,0,0.0,0.0,,0.0,,28.1,16.6,False,,False,33.3,-1.84,False,,,1,0,0,0,0,0,0,-1.84,,,,,False,,False,,False,,False,,,,0,ST(30%):0/0pa  |  FF(28%):0/0pa  |  CU(22%):0/0pa  |  SI(15%):0/0pa,,,,,False,,False,,False,,False,,,,0,,,False,,False,,False,,False,,,,11,1,95.7,63.6,True,0.0,False,36.4,True,19.5,False,9.09,0.86,1.0,Wind In (↘️ SE),66.9,12.1,Cloudy,↘️ SE,8,86,-11.88,0.0,2026-10-08,🤔 Average,⚠️ Tough,🤔 Average,182.3,0.0,,,,,,,,,,,,,,,,,,,,,7.2,4.97,13,False,,,,32,668909,572191,0,,,,,,,,False,False,,,,,,,,,False,,False,,,,,,,,,,,,,,False,,False,18.2,0.0,0.0,71.0,36.4,18.2,0.0,36.4,1.0,36.4,0.0,0.4,0.53,45.5,12.5,False,,False,0,0,1.0,0
D,0,CWS,Omar Narváez,L,0,False,8,False,Gavin Williams,Right,CLE,CLE,CWS,"ST, FF, CU, SI",08:00 PM,849831,2,0.2,False,False,False,False,0.0,0,0,0,2,0,0,0,0,0,0,0,0,0.0,14.5,26.1,752,53.5,0.0,0.0,3.54,0.93,1.26,524.0,23,⬜ Neutral,56.0,0.0,,0.0,,,3.8,,,0.0,,,,,,,0.0,,,,,,,0,999,0,0,,,0.0,,,,,,0.0,0.0,0.0,0.0,0.0,0.0,0,0,0.0,0.0,11,7,0,0,0.0,0.0,,0.0,,,,False,,False,33.3,-1.84,False,,,1,0,0,0,0,0,0,-1.84,,,,,False,,False,,False,,False,,,,0,ST(30%):0/0pa  |  FF(28%):0/0pa  |  CU(22%):0/0pa  |  SI(15%):0/0pa,,,,,False,,False,,False,,False,,,,0,,,False,,False,,False,,False,,,,4,0,84.5,0.0,False,0.0,False,50.0,True,18.5,False,0.0,0.86,1.0,Wind In (↘️ SE),66.9,12.1,Cloudy,↘️ SE,8,86,-11.88,0.0,2026-10-08,🤔 Average,⚠️ Tough,🤔 Average,182.3,0.0,,,,,,,,,,,,,,,,,,,,,7.2,4.97,13,False,,,,32,668909,553882,0,,,,,,,,False,False,,,,,,,,,False,,False,,,,,,,,,,,,,,False,,False,25.0,0.0,0.0,67.9,50.0,0.0,50.0,75.0,0.0,0.0,0.0,0.0,0.442,50.0,,True,,False,0,1,1.0,0
D,0,CWS,Joshua Palacios,L,0,False,8,False,Gavin Williams,Right,CLE,CLE,CWS,"ST, FF, CU, SI",08:00 PM,849831,0,0.0,False,False,False,False,0.0,0,0,0,0,0,0,0,0,0,0,0,0,0.0,14.5,26.1,752,53.5,0.0,0.0,3.54,0.93,1.26,524.0,23,🟢 Disciplined,66.0,0.0,,25.0,,,3.8,,,0.0,,,,,,,0.0,,,,,,,0,999,0,0,,,0.0,,,,,,0.0,0.0,0.0,0.0,0.0,0.0,0,0,0.0,0.0,11,7,0,0,0.0,0.0,,0.0,,,,False,,False,33.3,-1.84,False,,,1,0,0,0,0,0,0,-1.84,,,,,False,,False,,False,,False,,,,0,ST(30%):0/0pa  |  FF(28%):0/0pa  |  CU(22%):0/0pa  |  SI(15%):0/0pa,,,,,False,,False,,False,,False,,,,0,,,False,,False,,False,,False,,,,3,0,82.8,0.0,False,0.0,False,0.0,False,-12.5,False,0.0,0.86,1.0,Wind In (↘️ SE),66.9,12.1,Cloudy,↘️ SE,8,86,-11.88,0.0,2026-10-08,🤔 Average,⚠️ Tough,🤔 Average,182.3,0.0,,,,,,,,,,,,,,,,,,,,,7.2,4.97,13,False,,,,32,668909,641943,0,,,,,,,,False,False,,,,,,,,,False,,False,,,,,,,,,,,,,,False,,False,66.7,0.0,0.0,70.3,0.0,0.0,0.0,66.7,0.0,66.7,0.0,0.0,0.232,0.0,,False,,False,0,1,1.0,0
D,0,CLE,Steven Kwan,L,0,False,"5,3,4",False,Sean Burke,Right,CWS,CLE,CWS,"FF, SL, KC, SI",08:00 PM,849831,1,0.1,True,False,False,False,0.2047,0,0,0,1,629,19,426,285,4,1,0,0,0.0,19.6,25.1,670,54.3,0.3089,0.0,3.99,1.09,1.27,189.7,16,🟢 Disciplined,62.0,0.0,,13.5,,19.8,4.3,0.953,0.01,0.009,0.099,0.02,0.706,0.268,1.122,0.139,0.002,0.0023,0.2195,0.0296,0.0,0.2582,0.0321,0,56,0,0,0.0,42.1,0.067,15.8,0.0,3.8,0.327,0.329,0.318,0.0,0.0,0.249,0.0,0.29,6,6,0.067,0.067,19,15,0,0,0.0,0.0,,5.0,FF,30.94,4.9,False,0.59,False,41.7,0.39,False,-0.16,0.2,0,0,0,0,0,0,0,0.39,0.43,76.3,5.3,61.4,False,0.0,False,5.3,False,2.9,False,0.0,15.8,0.0,1,FF(42%):1/230pa  |  SL(20%):0/90pa  |  KC(16%):0/7pa  |  SI(13%):0/126pa,83.7,7.7,60.9,40.7,False,0.0,False,18.2,False,13.5,False,0.35,25.3,4.6,2,82.5,8.5,False,0.2,False,17.4,False,11.6,False,0.47,25.6,4.9,43,2,81.8,11.6,False,2.3,False,23.3,True,10.4,False,4.65,0.86,1.0,Wind In (↘️ SE),66.9,12.1,Cloudy,↘️ SE,8,86,-11.88,0.0,2026-10-08,⚠️ Tough,🤔 Average,🤔 Average,171.0,0.29,42.1,57.9,2.3,12.7,6.1,26.7,76.8,-0.9,12.6,5.9,31.9,77.7,0.8,12.1,6.0,,,,,,7.6,0.55,13,False,0.072,23.9,5.0,27,680732,680757,19,52.6,5.3,5.3,0.0,21.1,0.0,0.249,False,False,29.8,3.5,6.7,3.9,0.0,0.366,32.3,0.5,False,,False,31.7,3.3,8.0,61.6,3.8,28.9,6.0,35.7,0.2,0.077,0.346,34.0,0.7,False,,False,25.6,4.7,9.3,62.0,30.2,11.6,11.6,32.6,3.0,51.2,2.3,0.278,0.483,30.2,8.3,False,,False,0,1,1.0,0
C,1,CLE,George Valera,L,0,False,"5,3,4",False,Sean Burke,Right,CWS,CLE,CWS,"FF, SL, KC, SI",08:00 PM,849831,5,0.73,True,False,False,False,0.2879,2,1,0,2,38,10,36,15,5,2,0,0,0.0,19.6,25.1,670,54.3,0.0,0.0,3.99,1.09,1.27,189.7,16,⬜ Neutral,52.0,0.0,,2.3,,40.4,2.9,0.968,0.0,0.0,0.484,0.0,0.0,0.919,1.452,0.0,0.0,0.0,0.33,0.165,0.0,0.495,0.0,0,999,0,0,0.0,40.0,0.082,10.0,0.0,10.5,0.235,0.22,0.234,0.0,0.1,0.215,0.0,0.0,13,13,0.082,0.081,33,28,0,0,0.0,0.0,,10.9,FF,36.69,16.1,False,3.3,True,41.7,0.39,False,0.0,0.0,0,0,0,0,0,0,0,0.39,0.0,97.3,40.0,75.0,True,0.0,False,0.0,False,23.7,True,0.0,20.0,10.0,0,FF(42%):0/7pa  |  SL(20%):0/3pa  |  KC(16%):0/4pa  |  SI(13%):0/2pa,94.2,40.0,71.3,26.7,True,0.0,False,0.0,False,14.3,False,0.0,40.0,20.0,0,90.2,27.8,False,0.0,False,5.6,False,10.1,False,0.0,22.2,8.3,6,1,87.6,33.3,False,16.7,True,16.7,False,5.2,False,16.67,0.86,1.0,Wind In (↘️ SE),66.9,12.1,Cloudy,↘️ SE,8,86,-11.88,0.0,2026-10-08,⚠️ Tough,🤔 Average,🤔 Average,171.0,0.0,30.0,100.0,8.6,6.5,6.9,20.0,100.0,2.5,7.8,6.5,36.1,88.9,5.1,7.1,6.7,,,,,,7.6,0.93,13,False,0.2,26.7,0.0,27,680732,671655,0,30.0,20.0,40.0,0.0,50.0,0.0,0.215,False,False,26.7,13.3,26.7,0.0,0.0,0.431,26.7,0.0,False,,False,38.9,13.9,19.4,71.7,5.6,50.0,0.0,27.8,0.0,0.086,0.248,16.7,0.0,False,,False,33.3,0.0,16.7,66.9,33.3,33.3,16.7,50.0,1.0,33.3,16.7,0.667,0.562,50.0,,True,,False,0,1,1.0,0
B,2,CLE,José Ramírez,L,0,False,"5,3,4",False,Sean Burke,Right,CWS,CLE,CWS,"FF, SL, KC, SI",08:00 PM,849831,8,2.1,False,False,False,False,0.594,4,2,0,2,532,18,369,183,4,3,0,0,0.0,19.6,25.1,670,54.3,0.2254,0.0,3.99,1.09,1.27,189.7,16,🟢 Disciplined,63.0,0.0,,10.8,,28.5,4.4,0.852,0.178,0.153,0.147,0.085,0.612,0.612,1.703,0.533,0.0351,0.0408,0.195,0.0939,0.0408,0.3898,0.1221,1,0,1,2,5.6,38.9,0.162,27.8,10.0,9.8,0.315,0.336,0.329,0.0,0.4,0.442,0.0,2.069,39,39,0.162,0.133,22,17,0,4,353.0,106.5,double 106mph EV | triple 83mph EV | deep fly ball 353ft 99mph | deep fly ball 337ft 90mph,7.5,FF,24.52,37.5,False,0.56,False,41.7,0.39,False,3.72,1.9,0,0,1,1,1,0,0,0.39,5.34,95.4,38.9,68.0,True,5.6,True,22.2,True,22.3,True,5.56,22.2,16.7,6,FF(42%):7/131pa  |  SL(20%):2/82pa  |  KC(16%):0/12pa  |  SI(13%):0/54pa,88.0,27.3,68.9,47.0,False,3.3,False,24.6,True,24.3,True,3.28,18.0,5.5,8,86.8,24.7,False,1.9,False,20.9,False,19.2,False,2.17,19.0,6.5,35,2,89.8,37.1,False,2.9,False,34.3,True,30.0,False,5.71,0.86,1.0,Wind In (↘️ SE),66.9,12.1,Cloudy,↘️ SE,8,86,-11.88,0.0,2026-10-08,⚠️ Tough,🤔 Average,🤔 Average,171.0,2.069,50.0,66.7,6.1,7.1,7.2,37.7,83.6,9.2,8.3,6.9,45.8,81.8,9.2,8.7,7.0,,,,,,7.6,4.53,13,False,0.14,43.7,13.0,27,680732,608070,18,16.7,11.1,16.7,11.1,33.3,2.0,0.442,False,False,18.0,12.6,12.6,13.7,2.2,0.295,29.0,5.3,False,,False,24.1,8.9,14.6,67.8,11.7,46.1,16.0,39.0,1.4,0.127,0.29,27.9,3.7,False,,False,20.0,14.3,8.6,67.0,20.0,5.7,25.7,42.9,3.0,54.3,0.0,0.207,0.347,17.1,11.1,True,,False,0,1,1.0,0
B,2,CLE,Kyle Manzardo,L,0,False,"5,3,4",False,Sean Burke,Right,CWS,CLE,CWS,"FF, SL, KC, SI",08:00 PM,849831,6,1.1,False,False,False,False,0.3103,1,4,0,1,340,10,269,158,4,2,1,1,25.0,19.6,25.1,670,54.3,0.1762,0.0,3.99,1.09,1.27,189.7,16,🟢 Disciplined,59.0,0.0,,10.3,,30.7,3.6,0.901,0.104,0.089,0.261,0.0,0.395,1.325,1.474,0.231,0.0248,0.0288,0.249,0.1008,0.072,0.4074,0.0638,0,9,0,1,0.0,20.0,0.16,30.0,0.0,24.1,0.309,0.297,0.313,0.0,0.111,0.373,0.0,2.793,14,14,0.16,0.163,22,18,0,0,0.0,0.0,,11.6,KC,37.88,10.5,False,-0.86,False,41.7,0.39,False,6.47,3.5,0,0,1,0,0,0,0,0.39,2.91,89.7,20.0,67.7,False,10.0,True,20.0,False,21.0,False,0.0,30.0,10.0,7,FF(42%):3/103pa  |  SL(20%):2/50pa  |  KC(16%):1/7pa  |  SI(13%):2/51pa,93.6,30.4,67.8,33.5,True,5.7,True,22.2,True,25.6,True,4.43,22.2,10.1,12,90.7,25.7,False,4.1,False,21.2,False,21.4,False,4.46,19.3,8.2,40,2,84.9,7.5,False,2.5,False,22.5,True,14.9,False,5.0,0.86,1.0,Wind In (↘️ SE),66.9,12.1,Cloudy,↘️ SE,8,86,-11.88,0.0,2026-10-08,⚠️ Tough,🤔 Average,🤔 Average,171.0,2.793,60.0,80.0,20.0,8.2,7.6,46.8,80.4,15.0,8.7,7.1,46.1,79.9,17.3,9.1,7.3,66.7,100.0,,,,7.6,7.07,13,False,0.214,25.3,15.0,27,680732,700932,0,10.0,0.0,40.0,10.0,30.0,1.0,0.373,False,False,12.7,5.1,34.8,9.5,3.2,0.351,25.3,4.8,False,,False,18.6,5.2,33.5,68.7,9.7,30.5,22.0,32.3,2.2,0.195,0.311,20.4,5.5,False,,False,30.0,5.0,25.0,73.1,12.5,5.0,10.0,37.5,2.0,35.0,0.0,0.171,0.258,7.5,9.1,False,,False,0,1,1.0,0
D,0,CLE,Chase DeLauter,L,0,False,"5,3,4",False,Sean Burke,Right,CWS,CLE,CWS,"FF, SL, KC, SI",08:00 PM,849831,3,0.44,True,False,False,False,0.2337,1,0,0,2,550,18,369,217,4,4,0,0,0.0,19.6,25.1,670,54.3,0.1578,0.0,3.99,1.09,1.27,189.7,16,🟢 Disciplined,63.0,0.0,,10.9,,21.1,4.3,1.088,0.128,0.11,0.166,0.0,0.563,0.333,1.638,0.294,0.0258,0.03,0.2545,0.0689,0.021,0.3833,0.0688,0,16,0,0,0.0,66.7,0.17,22.2,0.0,8.7,0.356,0.343,0.347,0.0,0.0,0.274,0.0,1.752,15,15,0.17,0.17,22,17,0,0,0.0,0.0,,10.9,FF,28.66,18.4,False,-0.97,False,41.7,0.39,False,-2.0,2.0,0,0,0,0,0,0,0,0.39,4.6,94.5,38.9,70.6,True,0.0,False,11.1,False,-0.8,False,0.0,22.2,0.0,10,FF(42%):8/174pa  |  SL(20%):4/66pa  |  KC(16%):0/9pa  |  SI(13%):1/103pa,92.8,35.9,71.9,49.3,False,3.2,False,18.4,False,16.2,False,4.61,27.2,10.6,12,92.4,36.9,False,2.2,False,16.3,False,13.5,False,3.25,23.6,8.7,19,2,93.2,47.4,True,5.3,True,15.8,False,-0.7,False,10.53,0.86,1.0,Wind In (↘️ SE),66.9,12.1,Cloudy,↘️ SE,8,86,-11.88,0.0,2026-10-08,⚠️ Tough,🤔 Average,🤔 Average,171.0,1.752,38.9,88.9,6.8,6.3,7.2,27.2,84.8,3.6,7.8,7.0,31.4,82.7,4.7,7.6,7.2,,,,,,7.6,4.57,13,False,0.232,29.5,16.0,27,680732,800050,18,61.1,0.0,0.0,0.0,50.0,0.0,0.274,False,False,26.7,8.8,12.0,4.1,2.3,0.419,27.6,5.5,False,,False,31.4,7.6,11.9,71.5,3.8,36.6,22.0,46.6,1.6,0.176,0.355,26.6,3.8,False,,False,42.1,0.0,0.0,72.4,47.4,21.1,5.3,36.8,3.0,52.6,5.3,0.533,0.734,26.3,16.7,False,,False,0,1,1.0,0
C,1,CLE,CJ Kayfus,L,0,False,"5,3,4",False,Sean Burke,Right,CWS,CLE,CWS,"FF, SL, KC, SI",08:00 PM,849831,5,0.94,True,False,False,False,0.203,1,1,1,2,13,10,13,9,4,1,0,0,0.0,19.6,25.1,670,54.3,0.0,0.0,3.99,1.09,1.27,189.7,16,🟢 Disciplined,62.0,0.0,,12.8,,34.5,3.0,0.0,0.0,0.0,0.0,0.0,0.86,1.063,0.0,0.0,0.0,0.0,0.0,0.0,0.0,0.0,0.0,0,999,0,0,0.0,30.0,0.182,0.0,,38.5,0.163,0.194,0.162,0.0,0.0,0.142,0.0,0.0,14,14,0.182,0.182,16,12,0,0,0.0,0.0,,5.0,KC,31.58,19.5,False,-0.58,False,41.7,0.39,False,,,1,0,0,0,0,0,0,0.39,,94.3,10.0,61.1,True,0.0,False,10.0,False,11.5,False,0.0,0.0,0.0,0,FF(42%):0/4pa  |  SL(20%):0/2pa  |  KC(16%):0/0pa  |  SI(13%):0/3pa,88.0,11.1,66.5,44.4,False,0.0,False,11.1,False,25.5,True,0.0,0.0,0.0,0,88.0,7.7,False,0.0,False,7.7,False,25.5,True,0.0,0.0,0.0,19,1,95.7,47.4,True,5.3,True,21.1,False,15.5,False,5.26,0.86,1.0,Wind In (↘️ SE),66.9,12.1,Cloudy,↘️ SE,8,86,-11.88,0.0,2026-10-08,⚠️ Tough,🤔 Average,🤔 Average,171.0,0.0,80.0,70.0,17.9,17.7,6.7,55.6,77.8,8.7,14.6,6.0,69.2,76.9,15.9,16.4,6.5,0.0,100.0,,,,7.6,5.15,13,False,0.0,0.0,0.0,27,680732,692216,0,10.0,0.0,60.0,0.0,0.0,0.0,0.142,False,False,22.2,11.1,22.2,0.0,0.0,0.236,0.0,,False,,False,15.4,7.7,46.2,62.3,0.0,0.0,0.0,30.8,0.0,0.0,0.163,0.0,0.0,False,,False,42.1,5.3,5.3,69.0,31.6,10.5,0.0,31.6,2.0,42.1,0.0,0.25,0.475,15.8,8.3,False,,False,0,1,1.0,0
C,1,CLE,Brayan Rocchio,L,0,False,"5,3,4",False,Sean Burke,Right,CWS,CLE,CWS,"FF, SL, KC, SI",08:00 PM,849831,3,0.65,False,False,False,False,0.2021,1,1,0,1,583,15,386,237,4,2,2,1,25.0,19.6,25.1,670,54.3,0.1915,0.0,3.99,1.09,1.27,189.7,16,⬜ Neutral,56.0,0.0,,6.2,,33.2,3.9,0.845,0.075,0.064,0.096,0.011,0.551,0.369,1.188,0.252,0.0165,0.0192,0.2167,0.0466,0.0055,0.3045,0.0645,0,11,0,0,0.0,60.0,0.139,20.0,0.0,11.1,0.308,0.3,0.303,0.0,0.0,0.257,0.0,1.783,12,12,0.139,0.139,19,14,0,1,362.0,96.5,deep line drive 362ft 96mph,7.8,KC,38.56,-0.2,False,-2.28,False,41.7,0.39,False,-1.72,1.7,0,0,0,0,0,0,0,0.39,3.83,82.2,13.3,62.4,False,0.0,False,26.7,True,34.0,False,0.0,13.3,0.0,7,FF(42%):7/183pa  |  SL(20%):0/63pa  |  KC(16%):1/7pa  |  SI(13%):2/104pa,88.0,28.7,69.4,42.2,False,0.8,False,22.8,True,17.3,False,2.95,26.2,7.2,10,86.5,25.4,False,1.0,False,20.7,False,14.3,False,2.59,24.4,7.3,34,2,89.1,47.1,False,0.0,False,23.5,True,10.2,False,5.88,0.86,1.0,Wind In (↘️ SE),66.9,12.1,Cloudy,↘️ SE,8,86,-11.88,0.0,2026-10-08,⚠️ Tough,🤔 Average,🤔 Average,171.0,1.783,26.7,86.7,5.6,8.7,6.5,38.4,80.6,5.6,9.3,7.0,44.8,79.5,7.0,10.1,7.1,0.0,100.0,,,,7.6,3.73,13,False,0.153,40.9,15.0,27,680732,677587,15,20.0,13.3,6.7,0.0,0.0,0.0,0.257,False,False,27.0,6.8,11.0,8.4,0.0,0.362,29.5,4.4,False,,False,30.1,6.2,13.5,68.8,8.3,42.5,19.0,33.2,0.3,0.141,0.33,28.8,4.0,False,,False,38.2,0.0,5.9,70.4,32.4,8.8,5.9,61.8,3.0,29.4,0.0,0.226,0.431,38.2,9.5,False,,False,0,1,1.0,0
C,1,CLE,Daniel Schneemann,L,0,False,"5,3,4",False,Sean Burke,Right,CWS,CLE,CWS,"FF, SL, KC, SI",08:00 PM,849831,2,0.8,False,False,False,False,0.4413,2,0,0,0,271,10,206,105,6,2,1,1,16.7,19.6,25.1,670,54.3,0.3698,0.0,3.99,1.09,1.27,189.7,16,🟢 Disciplined,59.0,0.0,,9.2,,33.4,3.3,0.685,0.175,0.15,0.101,0.0,0.242,0.947,1.309,0.228,0.0461,0.0536,0.2102,0.0845,0.0886,0.4019,0.07,1,0,1,1,10.0,10.0,0.133,40.0,,21.0,0.28,0.296,0.287,0.0,0.3,0.387,0.0,2.603,25,25,0.133,0.122,20,15,0,0,0.0,0.0,,8.2,FF,26.55,9.1,False,-0.56,False,41.7,0.39,False,17.79,2.2,12,0,2,1,1,0,0,0.39,5.97,92.0,40.0,69.0,False,20.0,True,30.0,True,18.0,False,10.0,30.0,10.0,3,FF(42%):4/67pa  |  SL(20%):1/37pa  |  KC(16%):1/5pa  |  SI(13%):0/43pa,90.7,28.6,71.2,35.2,False,2.9,False,18.1,False,12.5,False,2.86,16.2,7.6,4,88.3,23.3,False,1.9,False,18.4,False,11.7,False,1.94,18.9,5.3,22,2,87.5,13.6,False,0.0,False,13.6,False,18.8,False,9.09,0.86,1.0,Wind In (↘️ SE),66.9,12.1,Cloudy,↘️ SE,8,86,-11.88,0.0,2026-10-08,⚠️ Tough,🤔 Average,🤔 Average,171.0,2.603,50.0,90.0,14.3,9.0,6.7,49.5,82.9,14.0,8.9,6.9,50.0,83.5,14.4,9.1,7.0,0.0,50.0,,,,7.6,4.64,13,False,0.151,36.2,7.0,27,680732,682177,0,20.0,0.0,30.0,10.0,40.0,2.0,0.387,False,False,25.7,1.0,28.6,8.6,1.9,0.276,25.7,4.9,False,,False,26.7,2.4,29.6,70.6,7.8,35.0,13.0,26.7,1.5,0.1,0.258,24.3,3.5,False,,False,22.7,9.1,36.4,70.5,22.7,13.6,9.1,27.3,2.0,27.3,0.0,0.389,0.456,9.1,9.1,False,,False,0,1,1.0,0
D,0,CLE,Angel Martínez,L,0,False,"5,3,4",False,Sean Burke,Right,CWS,CLE,CWS,"FF, SL, KC, SI",08:00 PM,849831,0,0.0,True,False,False,False,0.2355,0,0,0,0,411,16,260,152,4,2,0,0,0.0,19.6,25.1,670,54.3,0.3002,0.0,3.99,1.09,1.27,189.7,16,⬜ Neutral,52.0,0.0,,2.5,,42.8,3.8,0.469,0.065,0.056,0.113,0.016,0.244,1.31,0.809,0.129,0.0147,0.0171,0.124,0.0513,0.0128,0.2138,0.0342,0,28,0,0,0.0,25.0,0.211,12.5,0.0,16.8,0.304,0.287,0.279,0.0,0.0,0.046,0.0,3.424,13,13,0.211,0.211,18,14,0,1,336.0,91.2,deep line drive 336ft 91mph,7.3,KC,27.0,27.7,False,-0.66,False,41.7,0.39,False,-2.92,2.9,0,0,0,0,0,0,0,0.39,4.35,81.9,12.5,69.9,False,0.0,False,6.2,False,-3.7,False,0.0,0.0,0.0,4,FF(42%):5/115pa  |  SL(20%):3/45pa  |  KC(16%):0/5pa  |  SI(13%):0/75pa,87.2,21.1,69.3,23.0,False,2.0,False,16.4,False,11.8,False,2.63,19.1,7.9,10,85.2,19.6,False,2.3,False,17.7,False,12.3,False,3.85,20.0,9.6,19,1,90.2,26.3,False,0.0,False,10.5,False,4.4,False,5.26,0.86,1.0,Wind In (↘️ SE),66.9,12.1,Cloudy,↘️ SE,8,86,-11.88,0.0,2026-10-08,⚠️ Tough,🤔 Average,🤔 Average,171.0,3.424,75.0,81.2,13.4,9.7,7.4,53.3,78.9,9.1,11.8,6.9,58.5,75.8,11.3,11.7,7.1,0.0,100.0,,,,7.6,6.1,13,False,0.149,38.2,6.0,27,680732,682657,16,25.0,0.0,50.0,0.0,31.2,0.0,0.046,False,False,28.3,4.6,26.3,5.3,2.0,0.27,25.0,2.6,False,,False,29.6,5.0,26.9,68.8,8.5,40.8,14.0,21.5,2.3,0.19,0.285,21.9,6.1,False,,False,52.6,5.3,15.8,73.3,26.3,10.5,0.0,47.4,1.0,26.3,0.0,0.278,0.335,21.1,10.0,False,,False,0,1,1.0,0
C,1,CLE,Rhys Hoskins,R,0,False,"5,3,4",False,Sean Burke,Right,CWS,CLE,CWS,"FF, SL, KC, SI",08:00 PM,849831,3,0.74,True,False,False,False,0.2147,1,1,1,0,301,10,179,122,3,2,0,0,0.0,19.6,25.1,670,54.3,0.4199,0.0,3.99,1.09,1.27,189.7,16,🟢 Disciplined,62.0,0.0,,14.9,,22.2,3.4,0.458,0.089,0.077,0.072,0.0,0.548,0.873,0.799,0.0,0.0229,0.0266,0.1362,0.048,0.0213,0.2375,0.0,0,12,0,0,0.0,30.0,0.198,20.0,,22.9,0.308,0.309,0.299,0.0,0.0,0.158,0.0,4.177,15,15,0.198,0.198,15,11,0,0,0.0,0.0,,4.3,FF,25.15,7.4,False,-1.34,False,41.7,0.39,False,-3.32,3.3,1,0,0,0,0,0,0,0.39,4.21,94.2,30.0,70.3,True,0.0,False,0.0,False,12.5,False,0.0,10.0,0.0,5,FF(42%):4/95pa  |  SL(20%):3/35pa  |  KC(16%):0/0pa  |  SI(13%):2/66pa,89.4,23.8,71.2,43.4,False,3.3,False,16.4,False,22.6,True,4.1,15.6,7.4,7,88.0,20.1,False,2.2,False,15.6,False,23.9,True,3.91,15.1,7.8,27,1,88.6,40.7,False,0.0,False,14.8,False,13.6,False,3.7,0.86,1.0,Wind In (↘️ SE),66.9,12.1,Cloudy,↘️ SE,8,86,-11.88,0.0,2026-10-08,⚠️ Tough,🤔 Average,🤔 Average,171.0,4.177,50.0,60.0,10.3,6.6,8.0,36.9,70.5,15.3,7.2,8.0,39.7,73.2,17.3,7.7,8.1,50.0,100.0,,,,7.6,6.96,13,False,0.194,27.9,7.0,27,680732,656555,0,30.0,10.0,30.0,0.0,30.0,0.0,0.158,False,False,18.0,10.7,23.8,4.9,1.6,0.338,18.9,7.4,False,,False,15.6,10.1,30.7,69.6,5.6,29.1,11.0,40.2,1.1,0.187,0.309,19.6,7.3,False,,False,29.6,7.4,14.8,68.4,25.9,11.1,3.7,29.6,1.0,33.3,0.0,0.2,0.354,37.0,6.2,False,,False,0,0,1.0,0
B,2,CLE,David Fry,R,0,False,"5,3,4",False,Sean Burke,Right,CWS,CLE,CWS,"FF, SL, KC, SI",08:00 PM,849831,3,1.2,False,False,False,False,0.5992,3,0,0,0,203,10,62,44,4,3,0,0,0.0,19.6,25.1,670,54.3,0.3665,0.0,3.99,1.09,1.27,189.7,16,🟢 Disciplined,59.0,0.0,,11.4,,27.5,2.5,0.863,0.161,0.138,0.11,0.0,0.073,0.468,1.455,0.248,0.0555,0.0645,0.3468,0.1089,0.0498,0.5848,0.0995,1,5,0,2,10.0,30.0,0.172,30.0,0.0,17.7,0.306,0.275,0.317,0.0,0.3,0.475,0.0,3.503,33,33,0.172,0.163,15,11,0,0,0.0,0.0,,3.1,SL,27.41,33.6,False,-0.11,False,41.7,0.39,False,8.03,2.0,5,0,1,1,0,0,0,0.39,5.71,89.7,40.0,69.8,False,10.0,True,40.0,True,18.0,False,10.0,40.0,10.0,2,FF(42%):4/70pa  |  SL(20%):2/26pa  |  KC(16%):0/0pa  |  SI(13%):1/39pa,82.6,20.5,67.3,31.8,False,2.3,False,18.2,False,12.5,False,4.55,31.8,11.4,3,83.1,19.4,False,3.2,False,21.0,False,18.4,False,4.84,24.2,9.7,9,0,86.4,33.3,False,0.0,False,11.1,False,12.2,False,0.0,0.86,1.0,Wind In (↘️ SE),66.9,12.1,Cloudy,↘️ SE,8,86,-11.88,0.0,2026-10-08,⚠️ Tough,🤔 Average,🤔 Average,171.0,3.503,40.0,90.0,15.8,2.9,8.1,40.9,79.5,11.4,13.7,7.7,46.8,75.8,11.4,16.3,7.7,100.0,100.0,,,,7.6,6.6,13,False,0.214,45.5,2.0,27,680732,681807,1,20.0,0.0,20.0,20.0,50.0,2.0,0.475,True,False,34.1,13.6,18.2,11.4,2.3,0.394,20.5,9.1,False,,False,29.0,14.5,21.0,66.0,14.5,45.2,3.0,33.9,3.2,0.207,0.336,19.4,10.0,False,,False,33.3,11.1,22.2,,22.2,11.1,0.0,33.3,1.0,33.3,0.0,0.125,0.32,11.1,0.0,False,,False,0,0,1.0,0
C,1,CLE,Austin Hedges,R,0,False,"5,3,4",False,Sean Burke,Right,CWS,CLE,CWS,"FF, SL, KC, SI",08:00 PM,849831,2,0.5,False,False,False,False,0.5656,1,0,0,1,240,10,113,79,5,1,0,0,0.0,19.6,25.1,670,54.3,0.2629,0.0,3.99,1.09,1.27,189.7,16,🟢 Disciplined,62.0,0.0,,12.1,,25.4,3.2,0.62,0.193,0.166,0.08,0.0,0.553,0.627,1.28,0.113,0.0513,0.0597,0.1913,0.0844,0.035,0.3951,0.035,1,4,0,1,10.0,50.0,0.149,20.0,16.7,9.6,0.301,0.276,0.308,0.0,0.429,0.419,0.0,1.574,24,24,0.149,0.13,13,8,0,0,0.0,0.0,,1.5,FF,27.4,3.9,False,-2.77,False,41.7,0.39,False,8.75,1.2,4,0,0,0,0,0,0,0.39,1.23,76.2,20.0,61.6,False,10.0,True,20.0,False,6.0,False,10.0,10.0,10.0,3,FF(42%):1/81pa  |  SL(20%):1/35pa  |  KC(16%):0/2pa  |  SI(13%):2/53pa,84.8,16.5,69.0,34.2,False,0.0,False,13.9,False,14.3,False,3.8,24.1,7.6,3,84.8,17.7,False,0.0,False,14.2,False,12.7,False,2.65,20.4,5.3,7,0,93.0,14.3,True,0.0,False,0.0,False,-1.0,False,0.0,0.86,1.0,Wind In (↘️ SE),66.9,12.1,Cloudy,↘️ SE,8,86,-11.88,0.0,2026-10-08,⚠️ Tough,🤔 Average,🤔 Average,171.0,1.574,30.0,80.0,13.8,4.1,7.5,39.2,75.9,8.2,8.1,7.0,41.6,77.0,8.9,8.4,7.1,,,,,,7.6,3.99,13,False,0.169,31.6,3.0,27,680732,595978,3,30.0,0.0,20.0,10.0,30.0,1.0,0.419,False,False,27.8,8.9,19.0,3.8,0.0,0.349,25.3,2.6,False,,False,29.2,7.1,23.9,67.2,5.3,33.6,3.0,29.2,0.0,0.117,0.281,20.4,1.7,False,,False,28.6,0.0,14.3,,14.3,0.0,0.0,28.6,0.0,71.4,0.0,0.0,0.524,0.0,,False,,False,0,0,1.0,0
B,2,CLE,Travis Bazzana,L,0,False,"5,3,4",False,Sean Burke,Right,CWS,CLE,CWS,"FF, SL, KC, SI",08:00 PM,849831,6,1.25,False,False,False,False,0.3131,2,1,0,3,532,16,359,230,4,3,1,1,25.0,19.6,25.1,670,54.3,0.3033,0.0,3.99,1.09,1.27,189.7,16,🟢 Disciplined,59.0,0.0,,11.0,,27.3,4.2,0.895,0.12,0.103,0.39,0.012,0.639,0.63,1.669,0.285,0.0243,0.0283,0.2105,0.1229,0.0473,0.3927,0.0671,0,43,0,1,0.0,50.0,0.162,37.5,0.0,13.3,0.328,0.307,0.324,0.0,0.154,0.29,0.0,2.33,18,18,0.162,0.163,20,16,0,5,381.0,106.1,double 106mph EV | rocket LD 106mph | deep fly ball 374ft 99mph | deep fly ball 347ft 96mph | double 87mph EV | deep fly,9.6,FF,22.54,9.6,False,-0.43,False,41.7,0.39,False,3.19,3.0,0,0,1,0,0,0,0,0.39,4.02,91.5,31.2,66.1,False,6.2,True,31.2,True,12.4,False,0.0,12.5,12.5,10,FF(42%):7/174pa  |  SL(20%):3/76pa  |  KC(16%):0/8pa  |  SI(13%):2/108pa,91.6,33.5,69.2,36.5,False,3.9,False,25.2,True,18.6,False,4.35,25.7,12.2,13,89.1,27.6,False,3.3,False,19.8,False,15.7,False,3.62,22.8,9.7,5,1,97.1,40.0,True,0.0,False,20.0,False,22.3,True,20.0,0.86,1.0,Wind In (↘️ SE),66.9,12.1,Cloudy,↘️ SE,8,86,-11.88,0.0,2026-10-08,⚠️ Tough,🤔 Average,🤔 Average,171.0,2.33,25.0,81.2,10.0,6.1,7.0,37.4,81.3,8.3,8.8,6.8,39.0,81.6,10.2,9.9,7.0,,,,,,7.6,4.8,13,False,0.249,37.0,16.0,27,680732,683953,16,25.0,0.0,12.5,12.5,43.8,2.0,0.29,False,False,21.3,4.8,16.1,10.4,2.6,0.403,28.3,6.2,False,,False,26.5,5.6,18.7,68.1,7.5,37.6,21.0,34.8,2.2,0.208,0.362,24.0,5.0,False,,False,0.0,0.0,20.0,,40.0,20.0,20.0,20.0,0.0,40.0,0.0,0.75,0.736,40.0,,True,,False,0,1,1.0,0
C,1,CLE,Petey Halpin,L,0,False,"5,3,4",False,Sean Burke,Right,CWS,CLE,CWS,"FF, SL, KC, SI",08:00 PM,849831,3,0.6,True,False,False,False,0.2326,0,1,1,1,197,10,149,78,6,1,0,0,0.0,19.6,25.1,670,54.3,0.2304,0.0,3.99,1.09,1.27,189.7,16,⬜ Neutral,56.0,0.0,,5.4,,38.6,2.9,0.772,0.048,0.041,0.048,0.024,0.419,0.41,1.01,0.219,0.0144,0.0167,0.27,0.0417,0.0167,0.3533,0.0767,0,13,0,0,0.0,40.0,0.101,30.0,,14.7,0.258,0.299,0.266,0.0,0.0,0.386,0.0,1.358,7,7,0.101,0.101,19,15,0,0,0.0,0.0,,8.5,SL,28.54,19.5,False,-1.56,False,41.7,0.39,False,-3.55,3.6,0,0,0,0,0,0,0,0.39,3.45,82.7,10.0,68.5,False,0.0,False,10.0,False,13.2,False,0.0,20.0,0.0,2,FF(42%):2/58pa  |  SL(20%):0/19pa  |  KC(16%):0/1pa  |  SI(13%):1/34pa,87.2,24.4,68.7,29.5,False,2.6,False,26.9,True,20.3,False,2.56,30.8,6.4,3,84.8,22.8,False,4.0,False,27.5,True,18.8,False,2.01,23.5,5.4,5,0,89.2,0.0,False,0.0,False,40.0,True,32.7,False,0.0,0.86,1.0,Wind In (↘️ SE),66.9,12.1,Cloudy,↘️ SE,8,86,-11.88,0.0,2026-10-08,⚠️ Tough,🤔 Average,🤔 Average,171.0,1.358,30.0,70.0,12.3,9.8,7.2,47.4,85.9,6.8,10.0,6.7,50.3,83.2,8.6,11.7,6.9,,,,,,7.6,2.91,13,False,0.141,23.1,7.0,27,680732,690984,2,20.0,10.0,10.0,0.0,40.0,0.0,0.386,False,False,21.8,6.4,16.7,6.4,2.6,0.367,37.2,2.1,False,,False,24.8,6.7,17.4,68.1,8.7,31.5,11.0,26.8,2.0,0.11,0.294,32.9,2.1,False,,False,0.0,0.0,40.0,,0.0,0.0,0.0,0.0,1.0,40.0,0.0,0.0,0.0,40.0,,False,,False,0,1,1.0,0
C,1,CLE,Patrick Bailey,L,0,False,"5,3,4",False,Sean Burke,Right,CWS,CLE,CWS,"FF, SL, KC, SI",08:00 PM,849831,2,0.5,False,False,False,False,0.3963,1,0,0,1,337,13,276,159,4,4,0,0,0.0,19.6,25.1,670,54.3,0.3123,0.0,3.99,1.09,1.27,189.7,16,🟢 Disciplined,59.0,0.0,,9.0,,31.2,3.4,0.967,0.19,0.163,0.056,0.0,0.275,0.886,1.594,0.325,0.0477,0.0555,0.2818,0.0719,0.0825,0.4648,0.0947,1,0,1,2,7.7,38.5,0.139,38.5,20.0,19.3,0.284,0.328,0.3,0.0,0.25,0.487,0.0,2.799,28,28,0.139,0.129,22,17,0,3,385.0,103.5,deep fly ball 330ft 100mph | deep fly ball 385ft 104mph | deep line drive 333ft 103mph,9.8,FF,22.08,19.7,False,-0.6,False,41.7,0.39,False,11.84,3.6,0,0,2,1,1,0,0,0.39,3.74,91.9,46.2,71.9,False,15.4,True,15.4,False,12.9,False,7.69,38.5,7.7,7,FF(42%):4/107pa  |  SL(20%):2/38pa  |  KC(16%):0/9pa  |  SI(13%):2/48pa,91.7,30.2,71.4,37.7,False,4.4,False,15.7,False,17.1,False,4.4,22.6,6.9,10,89.0,28.3,False,4.3,False,17.0,False,12.8,False,3.62,21.4,6.5,21,0,80.1,14.3,False,0.0,False,23.8,True,2.6,False,0.0,0.86,1.0,Wind In (↘️ SE),66.9,12.1,Cloudy,↘️ SE,8,86,-11.88,0.0,2026-10-08,⚠️ Tough,🤔 Average,🤔 Average,171.0,2.799,38.5,69.2,6.8,7.0,7.3,41.5,86.8,4.3,13.9,7.0,46.4,83.3,7.2,13.2,7.2,,,,,,7.6,5.58,13,False,0.174,27.7,10.0,27,680732,672275,13,23.1,0.0,15.4,0.0,23.1,1.0,0.487,False,False,20.1,3.8,31.4,3.1,1.9,0.32,28.3,7.4,False,,False,26.8,3.3,27.2,70.9,5.4,34.4,18.0,30.4,1.8,0.154,0.296,25.7,5.7,False,,False,28.6,0.0,23.8,69.8,14.3,0.0,4.8,9.5,1.0,52.4,0.0,0.0,0.259,9.5,0.0,False,,False,0,1,1.0,0
D,0,CLE,Kahlil Watson,L,0,False,"5,3,4",False,Sean Burke,Right,CWS,CLE,CWS,"FF, SL, KC, SI",08:00 PM,849831,0,0.0,True,False,False,False,0.2245,0,0,0,0,91,10,74,49,3,2,0,0,0.0,19.6,25.1,670,54.3,0.2541,0.0,3.99,1.09,1.27,189.7,16,🔴 Chase Risk,52.0,0.0,,3.3,,35.3,3.5,1.017,0.047,0.04,0.477,0.0,0.093,1.233,1.634,0.0,0.0114,0.0133,0.2907,0.1496,0.0265,0.4668,0.0,0,71,0,0,0.0,30.0,0.108,20.0,0.0,25.3,0.266,0.243,0.271,0.0,0.2,0.342,0.0,0.0,8,8,0.108,0.102,18,13,0,0,0.0,0.0,,7.0,FF,21.96,2.1,False,-1.67,False,41.7,0.39,False,-3.3,3.3,1,0,0,0,0,0,0,0.39,2.86,88.6,20.0,70.8,False,0.0,False,10.0,False,-0.5,False,0.0,30.0,20.0,1,FF(42%):1/35pa  |  SL(20%):0/16pa  |  KC(16%):0/0pa  |  SI(13%):0/12pa,88.4,24.5,70.8,24.5,False,4.1,False,10.2,False,7.2,False,2.04,28.6,12.2,1,87.9,18.9,False,2.7,False,12.2,False,8.0,False,1.35,24.3,8.1,0,0,,,False,,False,,False,,False,,0.86,1.0,Wind In (↘️ SE),66.9,12.1,Cloudy,↘️ SE,8,86,-11.88,0.0,2026-10-08,⚠️ Tough,🤔 Average,🤔 Average,171.0,0.0,50.0,80.0,11.3,11.0,7.5,46.9,83.7,11.6,12.2,7.3,51.4,78.4,12.8,12.0,7.4,,,,,,7.6,2.12,13,False,0.17,32.7,2.0,27,680732,696135,0,30.0,0.0,40.0,0.0,50.0,0.0,0.342,False,False,36.7,2.0,32.7,4.1,2.0,0.345,16.3,0.0,False,,False,32.4,1.4,36.5,70.6,4.1,29.7,2.0,27.0,1.4,0.113,0.286,16.2,0.0,False,,False,,,,,,,,,,,,,,,,False,,False,0,1,1.0,0
D,0,CLE,Cooper Ingle,L,0,False,"5,3,4",False,Sean Burke,Right,CWS,CLE,CWS,"FF, SL, KC, SI",08:00 PM,849831,1,0.15,True,False,False,False,0.2232,0,1,0,0,24,10,20,14,3,1,0,0,0.0,19.6,25.1,670,54.3,0.0,0.0,3.99,1.09,1.27,189.7,16,🟢 Disciplined,62.0,0.0,,12.5,,26.9,3.4,0.279,0.0,0.0,0.0,0.0,0.478,1.714,0.279,0.0,0.0,0.0,0.0814,0.0,0.0,0.0814,0.0,0,999,0,0,0.0,20.0,0.0,20.0,0.0,29.2,0.161,0.184,0.156,0.0,0.0,0.088,0.0,0.0,2,2,0.0,0.0,19,14,0,0,0.0,0.0,,5.4,KC,24.68,1.2,False,0.43,False,41.7,0.39,False,0.0,0.0,0,0,0,0,0,0,0,0.39,0.0,87.2,10.0,66.6,False,0.0,False,10.0,False,8.2,False,0.0,10.0,0.0,0,FF(42%):0/7pa  |  SL(20%):0/5pa  |  KC(16%):0/1pa  |  SI(13%):0/4pa,97.8,21.4,64.2,50.0,True,0.0,False,0.0,False,0.2,False,0.0,7.1,0.0,0,92.5,20.0,False,0.0,False,0.0,False,-2.7,False,0.0,10.0,0.0,0,0,,,False,,False,,False,,False,,0.86,1.0,Wind In (↘️ SE),66.9,12.1,Cloudy,↘️ SE,8,86,-11.88,0.0,2026-10-08,⚠️ Tough,🤔 Average,🤔 Average,171.0,0.0,40.0,90.0,11.9,11.5,6.6,42.9,78.6,9.0,14.6,6.5,45.0,80.0,13.4,15.4,6.8,,,,,,7.6,5.15,13,False,0.0,14.3,0.0,27,680732,694876,0,30.0,0.0,50.0,0.0,20.0,0.0,0.088,False,False,21.4,0.0,50.0,0.0,0.0,0.212,7.1,0.0,False,,False,30.0,0.0,50.0,64.9,0.0,20.0,0.0,45.0,0.0,0.0,0.193,10.0,0.0,False,,False,,,,,,,,,,,,,,,,False,,False,0,1,1.0,0
D,0,CLE,Jo Adell,R,0,False,"5,3,4",False,Sean Burke,Right,CWS,CLE,CWS,"FF, SL, KC, SI",08:00 PM,849831,3,0.44,True,False,False,False,0.2771,1,0,0,2,652,18,461,320,4,3,0,0,0.0,19.6,25.1,670,54.3,0.322,0.0,3.99,1.09,1.27,189.7,16,⬜ Neutral,56.0,0.0,,5.6,,35.3,4.1,0.792,0.05,0.043,0.084,0.169,0.451,1.274,1.366,0.583,0.0105,0.0122,0.1915,0.0734,0.0511,0.3302,0.141,0,15,0,3,0.0,33.3,0.172,16.7,0.0,17.5,0.304,0.318,0.314,0.0,0.267,0.394,0.0,2.926,15,15,0.172,0.161,16,12,0,4,411.0,108.3,deep fly ball 411ft 108mph | triple 108mph EV | triple 101mph EV | deep fly ball 337ft 100mph | deep line drive 382ft 10,5.4,KC,29.48,22.7,False,-2.15,False,41.7,0.39,False,8.03,3.1,0,0,2,0,0,1,0,0.39,3.68,92.4,22.2,74.9,False,11.1,True,16.7,False,17.6,False,0.0,22.2,11.1,6,FF(42%):7/190pa  |  SL(20%):1/92pa  |  KC(16%):1/7pa  |  SI(13%):3/140pa,88.8,27.8,76.0,30.9,False,1.9,False,15.0,False,12.4,False,1.88,17.5,5.3,8,89.7,28.4,False,2.6,False,16.3,False,15.9,False,1.74,18.4,6.3,25,3,97.2,40.0,True,8.0,True,20.0,False,14.8,False,12.0,0.86,1.0,Wind In (↘️ SE),66.9,12.1,Cloudy,↘️ SE,8,86,-11.88,0.0,2026-10-08,⚠️ Tough,🤔 Average,🤔 Average,171.0,2.926,50.0,61.1,9.6,13.3,7.7,47.2,84.7,5.9,9.9,7.4,50.8,83.5,8.4,10.6,7.6,100.0,50.0,,,,7.6,5.04,13,False,0.102,31.9,10.0,27,680732,666176,18,11.1,0.0,44.4,0.0,0.0,1.0,0.394,False,False,32.8,5.9,23.4,3.4,0.9,0.248,20.0,3.2,False,,False,27.3,6.7,25.6,75.6,4.1,31.9,17.0,28.9,1.5,0.111,0.259,20.8,3.1,False,,False,24.0,4.0,32.0,70.7,32.0,16.0,8.0,36.0,3.0,32.0,4.0,0.435,0.5,28.0,23.1,False,,False,0,0,1.0,0
D,0,CLE,Nathaniel Lowe,L,0,False,"5,3,4",False,Sean Burke,Right,CWS,CLE,CWS,"FF, SL, KC, SI",08:00 PM,849831,0,0.0,False,False,False,False,0.2605,0,0,0,0,432,17,379,254,4,4,0,0,0.0,19.6,25.1,670,54.3,0.3362,0.0,3.99,1.09,1.27,189.7,16,🟢 Disciplined,59.0,0.0,,10.1,,27.3,3.5,0.779,0.108,0.093,0.154,0.0,0.644,0.643,1.259,0.317,0.0264,0.0307,0.2204,0.0743,0.0281,0.3562,0.0898,0,42,0,0,0.0,35.3,0.181,29.4,0.0,16.7,0.334,0.335,0.339,0.0,0.083,0.384,0.0,3.277,13,13,0.181,0.192,22,17,0,2,256.0,103.4,double 103mph EV | rocket LD 103mph | rocket LD 103mph,11.1,KC,22.25,3.0,False,-1.6,False,41.7,0.39,False,-3.24,3.2,0,0,0,0,0,0,0,0.39,2.63,90.2,35.3,71.4,False,0.0,False,5.9,False,-5.7,False,0.0,17.6,5.9,12,FF(42%):5/190pa  |  SL(20%):3/33pa  |  KC(16%):2/5pa  |  SI(13%):2/67pa,90.7,28.7,74.5,42.5,False,4.3,False,18.5,False,15.6,False,4.72,24.4,8.3,17,89.9,28.0,False,3.7,False,19.0,False,15.1,False,4.49,23.7,9.8,31,3,89.9,25.8,False,0.0,False,9.7,False,4.8,False,9.68,0.86,1.0,Wind In (↘️ SE),66.9,12.1,Cloudy,↘️ SE,8,86,-11.88,0.0,2026-10-08,⚠️ Tough,🤔 Average,🤔 Average,171.0,3.277,52.9,82.4,5.2,11.3,7.2,37.8,81.9,5.7,7.9,7.4,41.4,82.8,7.7,8.2,7.5,,,,,,7.6,6.44,13,False,0.205,28.0,15.0,27,680732,663993,17,23.5,0.0,11.8,0.0,23.5,0.0,0.384,False,False,21.7,2.8,22.0,5.1,1.6,0.375,28.3,7.2,False,,False,23.5,3.2,23.2,73.5,6.3,32.7,23.0,35.9,1.8,0.213,0.358,27.7,6.9,False,,False,38.7,3.2,12.9,71.0,25.8,16.1,6.5,32.3,2.0,35.5,0.0,0.44,0.506,19.4,15.8,False,,False,0,1,1.0,0
D,0,CLE,Angel Genao,L,0,False,"5,3,4",False,Sean Burke,Right,CWS,CLE,CWS,"FF, SL, KC, SI",08:00 PM,849831,1,0.05,True,False,False,False,0.2782,0,1,0,0,141,10,97,56,7,1,0,0,0.0,19.6,25.1,670,54.3,0.0854,0.0,3.99,1.09,1.27,189.7,16,⬜ Neutral,56.0,0.0,,7.8,,26.7,3.4,0.68,0.0,0.0,0.16,0.0,0.4,0.56,0.84,0.16,0.0,0.0,0.1977,0.0466,0.0348,0.2443,0.0466,0,53,0,0,0.0,30.0,0.081,10.0,0.0,12.1,0.266,0.288,0.267,0.0,0.111,0.285,0.0,0.0,7,7,0.081,0.079,33,28,0,1,7.0,83.9,double 84mph EV,12.9,FF,39.26,-4.7,False,1.73,True,41.7,0.39,False,-3.55,3.5,0,0,0,0,0,0,0,0.39,0.0,89.6,30.0,74.4,False,0.0,False,0.0,False,12.9,False,0.0,20.0,10.0,0,FF(42%):0/40pa  |  SL(20%):0/11pa  |  KC(16%):0/3pa  |  SI(13%):1/31pa,91.8,41.1,70.4,48.2,False,5.4,True,10.7,False,-5.3,False,0.0,19.6,1.8,1,90.1,38.1,False,3.1,False,9.3,False,-4.1,False,1.03,20.6,4.1,0,0,,,False,,False,,False,,False,,0.86,1.0,Wind In (↘️ SE),66.9,12.1,Cloudy,↘️ SE,8,86,-11.88,0.0,2026-10-08,⚠️ Tough,🤔 Average,🤔 Average,171.0,0.0,10.0,100.0,6.8,9.2,7.4,35.7,85.7,2.8,8.9,6.9,39.2,83.5,3.7,8.6,7.0,,,,,,7.6,2.63,13,False,0.02,33.9,4.0,27,680732,694197,2,30.0,20.0,20.0,0.0,30.0,0.0,0.285,False,False,46.4,1.8,14.3,0.0,1.8,0.268,17.9,0.0,False,,False,53.6,2.1,14.4,71.1,1.0,41.2,6.0,39.2,1.0,0.067,0.264,15.5,0.0,False,,False,,,,,,,,,,,,,,,,False,,False,0,1,1.0,0
D,0,CLE,Carter Kieboom,R,0,False,"5,3,4",False,Sean Burke,Right,CWS,CLE,CWS,"FF, SL, KC, SI",08:00 PM,849831,3,0.3,False,False,False,False,0.0,0,0,0,3,0,0,0,0,0,0,0,0,0.0,19.6,25.1,670,54.3,0.0,0.0,3.99,1.09,1.27,189.7,16,⬜ Neutral,56.0,0.0,,0.0,,,3.8,,,0.0,,,,,,,0.0,,,,,,,0,999,0,0,,,0.0,,,,,,0.0,0.0,0.0,0.0,0.0,0.0,0,0,0.0,0.0,12,7,0,0,0.0,0.0,,0.0,,,,False,,False,41.7,0.39,False,,,1,0,0,0,0,0,0,0.39,,,,,False,,False,,False,,False,,,,0,FF(42%):0/0pa  |  SL(20%):0/0pa  |  KC(16%):0/0pa  |  SI(13%):0/0pa,,,,,False,,False,,False,,False,,,,0,,,False,,False,,False,,False,,,,5,0,93.6,20.0,True,0.0,False,40.0,True,22.7,True,0.0,0.86,1.0,Wind In (↘️ SE),66.9,12.1,Cloudy,↘️ SE,8,86,-11.88,0.0,2026-10-08,⚠️ Tough,🤔 Average,🤔 Average,171.0,0.0,,,,,,,,,,,,,,,,,,,,,7.6,5.15,13,False,,,,27,680732,666198,0,,,,,,,,False,False,,,,,,,,,False,,False,,,,,,,,,,,,,,False,,False,20.0,0.0,40.0,,20.0,0.0,0.0,0.0,0.0,40.0,0.0,0.0,0.177,20.0,,False,,False,0,0,1.0,0
D,0,CLE,Heribert Silva,L,0,False,"5,3,4",False,Sean Burke,Right,CWS,CLE,CWS,"FF, SL, KC, SI",08:00 PM,849831,2,0.2,False,False,False,False,0.0,0,0,0,2,0,0,0,0,0,0,0,0,0.0,19.6,25.1,670,54.3,0.0,0.0,3.99,1.09,1.27,189.7,16,⬜ Neutral,56.0,0.0,,0.0,,,3.8,,,0.0,,,,,,,0.0,,,,,,,0,999,0,0,,,0.0,,,,,,0.0,0.0,0.0,0.0,0.0,0.0,0,0,0.0,0.0,12,7,0,0,0.0,0.0,,0.0,,,,False,,False,41.7,0.39,False,,,1,0,0,0,0,0,0,0.39,,,,,False,,False,,False,,False,,,,0,FF(42%):0/0pa  |  SL(20%):0/0pa  |  KC(16%):0/0pa  |  SI(13%):0/0pa,,,,,False,,False,,False,,False,,,,0,,,False,,False,,False,,False,,,,3,0,97.8,33.3,True,0.0,False,33.3,True,-8.0,False,0.0,0.86,1.0,Wind In (↘️ SE),66.9,12.1,Cloudy,↘️ SE,8,86,-11.88,0.0,2026-10-08,⚠️ Tough,🤔 Average,🤔 Average,171.0,0.0,,,,,,,,,,,,,,,,,,,,,7.6,5.15,13,False,,,,27,680732,808137,0,,,,,,,,False,False,,,,,,,,,False,,False,,,,,,,,,,,,,,False,,False,66.7,0.0,0.0,,0.0,0.0,0.0,33.3,0.0,100.0,0.0,0.0,0.0,33.3,,False,,False,0,1,1.0,0
D,0,CLE,Jonathan Martinez,R,0,False,"5,3,4",False,Sean Burke,Right,CWS,CLE,CWS,"FF, SL, KC, SI",08:00 PM,849831,0,0.0,False,False,False,False,0.0,0,0,0,0,0,0,0,0,0,0,0,0,0.0,19.6,25.1,670,54.3,0.0,0.0,3.99,1.09,1.27,189.7,16,🟢 Disciplined,66.0,0.0,,33.3,,,3.8,,,0.0,,,,,,,0.0,,,,,,,0,999,0,0,,,0.0,,,,,,0.0,0.0,0.0,0.0,0.0,0.0,0,0,0.0,0.0,12,7,0,0,0.0,0.0,,0.0,,,,False,,False,41.7,0.39,False,,,1,0,0,0,0,0,0,0.39,,,,,False,,False,,False,,False,,,,0,FF(42%):0/0pa  |  SL(20%):0/0pa  |  KC(16%):0/0pa  |  SI(13%):0/0pa,,,,,False,,False,,False,,False,,,,0,,,False,,False,,False,,False,,,,1,0,103.5,100.0,False,0.0,False,0.0,False,-9.0,False,0.0,0.86,1.0,Wind In (↘️ SE),66.9,12.1,Cloudy,↘️ SE,8,86,-11.88,0.0,2026-10-08,⚠️ Tough,🤔 Average,🤔 Average,171.0,0.0,,,,,,,,,,,,,,,,,,,,,7.6,5.15,13,False,,,,27,680732,808159,0,,,,,,,,False,False,,,,,,,,,False,,False,,,,,,,,,,,,,,False,,False,100.0,0.0,0.0,,0.0,0.0,0.0,0.0,0.0,100.0,0.0,0.0,0.0,0.0,,False,,False,0,0,1.0,0
D,0,CLE,Pedro Dalmagro,L,0,False,"5,3,4",False,Sean Burke,Right,CWS,CLE,CWS,"FF, SL, KC, SI",08:00 PM,849831,0,0.0,False,False,False,False,0.0,0,0,0,0,0,0,0,0,0,0,0,0,0.0,19.6,25.1,670,54.3,0.0,0.0,3.99,1.09,1.27,189.7,16,🟡 Watch,44.0,0.0,,0.0,,,3.8,,,0.0,,,,,,,0.0,,,,,,,0,999,0,0,,,0.0,,,,,,0.0,0.0,0.0,0.0,0.0,0.0,0,0,0.0,0.0,12,7,0,0,0.0,0.0,,0.0,,,,False,,False,41.7,0.39,False,,,1,0,0,0,0,0,0,0.39,,,,,False,,False,,False,,False,,,,0,FF(42%):0/0pa  |  SL(20%):0/0pa  |  KC(16%):0/0pa  |  SI(13%):0/0pa,,,,,False,,False,,False,,False,,,,0,,,False,,False,,False,,False,,,,0,0,,,False,,False,,False,,False,,0.86,1.0,Wind In (↘️ SE),66.9,12.1,Cloudy,↘️ SE,8,86,-11.88,0.0,2026-10-08,⚠️ Tough,🤔 Average,🤔 Average,171.0,0.0,,,,,,,,,,,,,,,,,,,,,7.6,5.15,13,False,,,,27,680732,808116,0,,,,,,,,False,False,,,,,,,,,False,,False,,,,,,,,,,,,,,False,,False,,,,,,,,,,,,,,,,False,,False,0,1,1.0,0
D,0,CLE,Dom Nuñez,L,0,False,"5,3,4",False,Sean Burke,Right,CWS,CLE,CWS,"FF, SL, KC, SI",08:00 PM,849831,1,0.1,False,False,False,False,0.0,0,0,0,1,0,0,0,0,0,0,0,0,0.0,19.6,25.1,670,54.3,0.0,0.0,3.99,1.09,1.27,189.7,16,🟢 Disciplined,66.0,0.0,,57.1,,,1.4,,,0.0,,,,,,,0.0,,,,,,,0,999,0,0,,,0.0,,,,,,0.0,0.0,0.0,0.0,0.0,0.0,0,0,0.0,0.0,12,7,0,0,0.0,0.0,,0.0,,,,False,,False,41.7,0.39,False,,,1,0,0,0,0,0,0,0.39,,,,,False,,False,,False,,False,,,,0,FF(42%):0/0pa  |  SL(20%):0/0pa  |  KC(16%):0/0pa  |  SI(13%):0/0pa,,,,,False,,False,,False,,False,,,,0,,,False,,False,,False,,False,,,,4,0,91.1,0.0,False,0.0,False,25.0,True,40.0,False,0.0,0.86,1.0,Wind In (↘️ SE),66.9,12.1,Cloudy,↘️ SE,8,86,-11.88,0.0,2026-10-08,⚠️ Tough,🤔 Average,🤔 Average,171.0,0.0,,,,,,,,,,,,,,,,0.0,100.0,,,,7.6,5.15,13,False,,,,27,680732,624513,0,,,,,,,,False,False,,,,,,,,,False,,False,,,,,,,,,,,,,,False,,False,0.0,0.0,25.0,,0.0,0.0,0.0,0.0,0.0,100.0,0.0,0.0,0.348,0.0,,False,,False,0,1,1.0,0
D,0,CLE,Luis De La Cruz,L,0,False,"5,3,4",False,Sean Burke,Right,CWS,CLE,CWS,"FF, SL, KC, SI",08:00 PM,849831,0,0.0,False,False,False,False,0.0,0,0,0,0,0,0,0,0,0,0,0,0,0.0,19.6,25.1,670,54.3,0.0,0.0,3.99,1.09,1.27,189.7,16,🔴 Chase Risk,52.0,0.0,,0.0,,,3.8,,,0.0,,,,,,,0.0,,,,,,,0,999,0,0,,,0.0,,,,,,0.0,0.0,0.0,0.0,0.0,0.0,0,0,0.0,0.0,12,7,0,0,0.0,0.0,,0.0,,,,False,,False,41.7,0.39,False,,,1,0,0,0,0,0,0,0.39,,,,,False,,False,,False,,False,,,,0,FF(42%):0/0pa  |  SL(20%):0/0pa  |  KC(16%):0/0pa  |  SI(13%):0/0pa,,,,,False,,False,,False,,False,,,,0,,,False,,False,,False,,False,,,,2,0,106.0,50.0,False,0.0,False,0.0,False,3.0,False,0.0,0.86,1.0,Wind In (↘️ SE),66.9,12.1,Cloudy,↘️ SE,8,86,-11.88,0.0,2026-10-08,⚠️ Tough,🤔 Average,🤔 Average,171.0,0.0,,,,,,,,,,,,,,,,,,,,,7.6,5.15,13,False,,,,27,680732,821139,0,,,,,,,,False,False,,,,,,,,,False,,False,,,,,,,,,,,,,,False,,False,50.0,0.0,50.0,,50.0,50.0,0.0,0.0,0.0,50.0,0.0,0.5,0.636,0.0,,False,,False,0,1,1.0,0
D,0,CLE,Yerlin Luis,R,0,False,"5,3,4",False,Sean Burke,Right,CWS,CLE,CWS,"FF, SL, KC, SI",08:00 PM,849831,0,0.0,False,False,False,False,0.0,0,0,0,0,0,0,0,0,0,0,0,0,0.0,19.6,25.1,670,54.3,0.0,0.0,3.99,1.09,1.27,189.7,16,🔴 Chase Risk,52.0,0.0,,0.0,,,3.8,,,0.0,,,,,,,0.0,,,,,,,0,999,0,0,,,0.0,,,,,,0.0,0.0,0.0,0.0,0.0,0.0,0,0,0.0,0.0,12,7,0,0,0.0,0.0,,0.0,,,,False,,False,41.7,0.39,False,,,1,0,0,0,0,0,0,0.39,,,,,False,,False,,False,,False,,,,0,FF(42%):0/0pa  |  SL(20%):0/0pa  |  KC(16%):0/0pa  |  SI(13%):0/0pa,,,,,False,,False,,False,,False,,,,0,,,False,,False,,False,,False,,,,1,0,,0.0,False,0.0,False,0.0,False,,False,0.0,0.86,1.0,Wind In (↘️ SE),66.9,12.1,Cloudy,↘️ SE,8,86,-11.88,0.0,2026-10-08,⚠️ Tough,🤔 Average,🤔 Average,171.0,0.0,,,,,,,,,,,,,,,,,,,,,7.6,5.15,13,False,,,,27,680732,806997,0,,,,,,,,False,False,,,,,,,,,False,,False,,,,,,,,,,,,,,False,,False,0.0,0.0,100.0,,0.0,0.0,0.0,0.0,0.0,0.0,0.0,0.0,0.0,0.0,,False,,False,0,0,1.0,0
D,0,CLE,Nolan Jones,L,0,False,"5,3,4",False,Sean Burke,Right,CWS,CLE,CWS,"FF, SL, KC, SI",08:00 PM,849831,1,0.1,False,False,False,False,0.0,0,0,0,1,0,0,0,0,0,0,0,0,0.0,19.6,25.1,670,54.3,0.0,0.0,3.99,1.09,1.27,189.7,16,🟢 Disciplined,59.0,0.0,,11.1,,,3.4,,,0.0,,,,,,,0.0,,,,,,,0,999,0,0,,,0.0,,,,,,0.0,0.0,0.0,0.0,0.0,0.0,0,0,0.0,0.0,12,7,0,0,0.0,0.0,,0.0,,21.5,8.4,False,,False,41.7,0.39,False,,,1,0,0,0,0,0,0,0.39,,,,,False,,False,,False,,False,,,,0,FF(42%):0/0pa  |  SL(20%):0/0pa  |  KC(16%):0/0pa  |  SI(13%):0/0pa,,,,,False,,False,,False,,False,,,,0,,,False,,False,,False,,False,,,,22,0,96.1,27.3,True,0.0,False,9.1,False,5.8,False,0.0,0.86,1.0,Wind In (↘️ SE),66.9,12.1,Cloudy,↘️ SE,8,86,-11.88,0.0,2026-10-08,⚠️ Tough,🤔 Average,🤔 Average,171.0,0.0,,,,,,,,,,,,,,,,,,,,,7.6,5.15,13,False,,,,27,680732,666134,0,,,,,,,,False,False,,,,,,,,,False,,False,,,,,,,,,,,,,,False,,False,18.2,0.0,40.9,69.3,13.6,9.1,0.0,22.7,1.0,31.8,0.0,0.105,0.263,22.7,0.0,False,,False,0,1,1.0,0
D,0,CLE,Milan Tolentino,L,0,False,"5,3,4",False,Sean Burke,Right,CWS,CLE,CWS,"FF, SL, KC, SI",08:00 PM,849831,1,0.1,False,False,False,False,0.0,0,0,0,1,0,0,0,0,0,0,0,0,0.0,19.6,25.1,670,54.3,0.0,0.0,3.99,1.09,1.27,189.7,16,🟢 Disciplined,62.0,0.0,,25.0,,,3.8,,,0.0,,,,,,,0.0,,,,,,,0,999,0,0,,,0.0,,,,,,0.0,0.0,0.0,0.0,0.0,0.0,0,0,0.0,0.0,12,7,0,0,0.0,0.0,,0.0,,,,False,,False,41.7,0.39,False,,,1,0,0,0,0,0,0,0.39,,,,,False,,False,,False,,False,,,,0,FF(42%):0/0pa  |  SL(20%):0/0pa  |  KC(16%):0/0pa  |  SI(13%):0/0pa,,,,,False,,False,,False,,False,,,,0,,,False,,False,,False,,False,,,,4,0,85.1,25.0,False,0.0,False,25.0,True,18.3,False,0.0,0.86,1.0,Wind In (↘️ SE),66.9,12.1,Cloudy,↘️ SE,8,86,-11.88,0.0,2026-10-08,⚠️ Tough,🤔 Average,🤔 Average,171.0,0.0,,,,,,,,,,,,,,,,,,,,,7.6,5.15,13,False,,,,27,680732,675455,0,,,,,,,,False,False,,,,,,,,,False,,False,,,,,,,,,,,,,,False,,False,25.0,0.0,25.0,,25.0,25.0,0.0,50.0,1.0,0.0,0.0,0.25,0.318,50.0,,False,,False,0,1,1.0,0
D,0,CLE,Joe Lampe,L,0,False,"5,3,4",False,Sean Burke,Right,CWS,CLE,CWS,"FF, SL, KC, SI",08:00 PM,849831,0,0.0,False,False,False,False,0.0,0,0,0,0,0,0,0,0,0,0,0,0,0.0,19.6,25.1,670,54.3,0.0,0.0,3.99,1.09,1.27,189.7,16,⬜ Neutral,56.0,0.0,,0.0,,,3.8,,,0.0,,,,,,,0.0,,,,,,,0,999,0,0,,,0.0,,,,,,0.0,0.0,0.0,0.0,0.0,0.0,0,0,0.0,0.0,12,7,0,0,0.0,0.0,,0.0,,,,False,,False,41.7,0.39,False,,,1,0,0,0,0,0,0,0.39,,,,,False,,False,,False,,False,,,,0,FF(42%):0/0pa  |  SL(20%):0/0pa  |  KC(16%):0/0pa  |  SI(13%):0/0pa,,,,,False,,False,,False,,False,,,,0,,,False,,False,,False,,False,,,,2,0,80.0,0.0,False,0.0,False,50.0,False,18.0,False,0.0,0.86,1.0,Wind In (↘️ SE),66.9,12.1,Cloudy,↘️ SE,8,86,-11.88,0.0,2026-10-08,⚠️ Tough,🤔 Average,🤔 Average,171.0,0.0,,,,,,,,,,,,,,,,,,,,,7.6,5.15,13,False,,,,27,680732,802407,0,,,,,,,,False,False,,,,,,,,,False,,False,,,,,,,,,,,,,,False,,False,50.0,0.0,0.0,,0.0,0.0,50.0,100.0,0.0,100.0,0.0,0.0,0.0,0.0,,False,,False,0,1,1.0,0
D,0,CLE,Anthony Martinez,L,0,False,"5,3,4",False,Sean Burke,Right,CWS,CLE,CWS,"FF, SL, KC, SI",08:00 PM,849831,0,0.0,False,False,False,False,0.0,0,0,0,0,0,0,0,0,0,0,0,0,0.0,19.6,25.1,670,54.3,0.0,0.0,3.99,1.09,1.27,189.7,16,⬜ Neutral,52.0,0.0,,0.0,,,3.8,,,0.0,,,,,,,0.0,,,,,,,0,999,0,0,,,0.0,,,,,,0.0,0.0,0.0,0.0,0.0,0.0,0,0,0.0,0.0,12,7,0,0,0.0,0.0,,0.0,,,,False,,False,41.7,0.39,False,,,1,0,0,0,0,0,0,0.39,,,,,False,,False,,False,,False,,,,0,FF(42%):0/0pa  |  SL(20%):0/0pa  |  KC(16%):0/0pa  |  SI(13%):0/0pa,,,,,False,,False,,False,,False,,,,0,,,False,,False,,False,,False,,,,1,0,102.1,100.0,False,0.0,False,0.0,False,-14.0,False,0.0,0.86,1.0,Wind In (↘️ SE),66.9,12.1,Cloudy,↘️ SE,8,86,-11.88,0.0,2026-10-08,⚠️ Tough,🤔 Average,🤔 Average,171.0,0.0,,,,,,,,,,,,,,,,,,,,,7.6,5.15,13,False,,,,27,680732,814452,0,,,,,,,,False,False,,,,,,,,,False,,False,,,,,,,,,,,,,,False,,False,100.0,0.0,0.0,,0.0,0.0,0.0,100.0,0.0,0.0,0.0,0.0,0.0,0.0,,False,,False,0,1,1.0,0
D,0,CLE,Ryan Cesarini,L,0,False,"5,3,4",False,Sean Burke,Right,CWS,CLE,CWS,"FF, SL, KC, SI",08:00 PM,849831,0,0.0,False,False,False,False,0.0,0,0,0,0,0,0,0,0,0,0,0,0,0.0,19.6,25.1,670,54.3,0.0,0.0,3.99,1.09,1.27,189.7,16,⬜ Neutral,48.0,0.0,,0.0,,,3.8,,,0.0,,,,,,,0.0,,,,,,,0,999,0,0,,,0.0,,,,,,0.0,0.0,0.0,0.0,0.0,0.0,0,0,0.0,0.0,12,7,0,0,0.0,0.0,,0.0,,,,False,,False,41.7,0.39,False,,,1,0,0,0,0,0,0,0.39,,,,,False,,False,,False,,False,,,,0,FF(42%):0/0pa  |  SL(20%):0/0pa  |  KC(16%):0/0pa  |  SI(13%):0/0pa,,,,,False,,False,,False,,False,,,,0,,,False,,False,,False,,False,,,,2,0,74.2,0.0,False,0.0,False,0.0,False,-17.5,False,0.0,0.86,1.0,Wind In (↘️ SE),66.9,12.1,Cloudy,↘️ SE,8,86,-11.88,0.0,2026-10-08,⚠️ Tough,🤔 Average,🤔 Average,171.0,0.0,,,,,,,,,,,,,,,,0.0,100.0,,,,7.6,5.15,13,False,,,,27,680732,825761,0,,,,,,,,False,False,,,,,,,,,False,,False,,,,,,,,,,,,,,False,,False,100.0,0.0,0.0,,50.0,0.0,0.0,100.0,0.0,0.0,0.0,0.0,0.442,50.0,,False,,False,0,1,1.0,0
D,0,CLE,Jake Fox,L,0,False,"5,3,4",False,Sean Burke,Right,CWS,CLE,CWS,"FF, SL, KC, SI",08:00 PM,849831,0,0.0,False,False,False,False,0.0,0,0,0,0,0,0,0,0,0,0,0,0,0.0,19.6,25.1,670,54.3,0.0,0.0,3.99,1.09,1.27,189.7,16,🟢 Disciplined,66.0,0.0,,33.3,,,3.8,,,0.0,,,,,,,0.0,,,,,,,0,999,0,0,,,0.0,,,,,,0.0,0.0,0.0,0.0,0.0,0.0,0,0,0.0,0.0,12,7,0,0,0.0,0.0,,0.0,,,,False,,False,41.7,0.39,False,,,1,0,0,0,0,0,0,0.39,,,,,False,,False,,False,,False,,,,0,FF(42%):0/0pa  |  SL(20%):0/0pa  |  KC(16%):0/0pa  |  SI(13%):0/0pa,,,,,False,,False,,False,,False,,,,0,,,False,,False,,False,,False,,,,2,0,81.7,0.0,False,0.0,False,0.0,False,-13.0,False,0.0,0.86,1.0,Wind In (↘️ SE),66.9,12.1,Cloudy,↘️ SE,8,86,-11.88,0.0,2026-10-08,⚠️ Tough,🤔 Average,🤔 Average,171.0,0.0,,,,,,,,,,,,,,,,,,,,,7.6,5.15,13,False,,,,27,680732,695780,0,,,,,,,,False,False,,,,,,,,,False,,False,,,,,,,,,,,,,,False,,False,50.0,0.0,0.0,,0.0,0.0,0.0,50.0,0.0,50.0,0.0,0.0,0.0,50.0,,False,,False,0,1,1.0,0
D,0,CLE,Juan Benjamin,L,0,False,"5,3,4",False,Sean Burke,Right,CWS,CLE,CWS,"FF, SL, KC, SI",08:00 PM,849831,4,0.4,False,False,False,False,0.0,0,0,0,4,0,0,0,0,0,0,0,0,0.0,19.6,25.1,670,54.3,0.0,0.0,3.99,1.09,1.27,189.7,16,⬜ Neutral,56.0,0.0,,0.0,,,3.8,,,0.0,,,,,,,0.0,,,,,,,0,999,0,0,,,0.0,,,,,,0.0,0.0,0.0,0.0,0.0,0.0,0,0,0.0,0.0,12,7,0,0,0.0,0.0,,0.0,,,,False,,False,41.7,0.39,False,,,1,0,0,0,0,0,0,0.39,,,,,False,,False,,False,,False,,,,0,FF(42%):0/0pa  |  SL(20%):0/0pa  |  KC(16%):0/0pa  |  SI(13%):0/0pa,,,,,False,,False,,False,,False,,,,0,,,False,,False,,False,,False,,,,4,1,98.5,50.0,True,25.0,True,50.0,True,29.2,False,25.0,0.86,1.0,Wind In (↘️ SE),66.9,12.1,Cloudy,↘️ SE,8,86,-11.88,0.0,2026-10-08,⚠️ Tough,🤔 Average,🤔 Average,171.0,0.0,,,,,,,,,,,,,,,,100.0,100.0,,,,7.6,5.15,13,False,,,,27,680732,691405,0,,,,,,,,False,False,,,,,,,,,False,,False,,,,,,,,,,,,,,False,,False,25.0,25.0,0.0,,50.0,25.0,25.0,75.0,1.0,75.0,0.0,0.75,0.746,25.0,,True,,False,0,1,1.0,0
D,0,CLE,Dauri Fernández,R,0,False,"5,3,4",False,Sean Burke,Right,CWS,CLE,CWS,"FF, SL, KC, SI",08:00 PM,849831,0,0.0,False,False,False,False,0.0,0,0,0,0,0,0,0,0,0,0,0,0,0.0,19.6,25.1,670,54.3,0.0,0.0,3.99,1.09,1.27,189.7,16,🟡 Watch,58.0,0.0,,33.3,,,3.8,,,0.0,,,,,,,0.0,,,,,,,0,999,0,0,,,0.0,,,,,,0.0,0.0,0.0,0.0,0.0,0.0,0,0,0.0,0.0,12,7,0,0,0.0,0.0,,0.0,,,,False,,False,41.7,0.39,False,,,1,0,0,0,0,0,0,0.39,,,,,False,,False,,False,,False,,,,0,FF(42%):0/0pa  |  SL(20%):0/0pa  |  KC(16%):0/0pa  |  SI(13%):0/0pa,,,,,False,,False,,False,,False,,,,0,,,False,,False,,False,,False,,,,1,0,89.0,0.0,False,0.0,False,0.0,False,-14.0,False,0.0,0.86,1.0,Wind In (↘️ SE),66.9,12.1,Cloudy,↘️ SE,8,86,-11.88,0.0,2026-10-08,⚠️ Tough,🤔 Average,🤔 Average,171.0,0.0,,,,,,,,,,,,,,,,,,,,,7.6,5.15,13,False,,,,27,680732,821171,0,,,,,,,,False,False,,,,,,,,,False,,False,,,,,,,,,,,,,,False,,False,100.0,0.0,0.0,,0.0,0.0,0.0,0.0,0.0,0.0,0.0,0.0,0.0,0.0,,False,,False,0,0,1.0,0
D,0,CLE,Reiner Herrera,L,0,False,"5,3,4",False,Sean Burke,Right,CWS,CLE,CWS,"FF, SL, KC, SI",08:00 PM,849831,0,0.0,False,False,False,False,0.0,0,0,0,0,0,0,0,0,0,0,0,0,0.0,19.6,25.1,670,54.3,0.0,0.0,3.99,1.09,1.27,189.7,16,🔴 Chase Risk,56.0,0.0,,0.0,,,3.8,,,0.0,,,,,,,0.0,,,,,,,0,999,0,0,,,0.0,,,,,,0.0,0.0,0.0,0.0,0.0,0.0,0,0,0.0,0.0,12,7,0,0,0.0,0.0,,0.0,,,,False,,False,41.7,0.39,False,,,1,0,0,0,0,0,0,0.39,,,,,False,,False,,False,,False,,,,0,FF(42%):0/0pa  |  SL(20%):0/0pa  |  KC(16%):0/0pa  |  SI(13%):0/0pa,,,,,False,,False,,False,,False,,,,0,,,False,,False,,False,,False,,,,1,0,,0.0,False,0.0,False,0.0,False,,False,0.0,0.86,1.0,Wind In (↘️ SE),66.9,12.1,Cloudy,↘️ SE,8,86,-11.88,0.0,2026-10-08,⚠️ Tough,🤔 Average,🤔 Average,171.0,0.0,,,,,,,,,,,,,,,,,,,,,7.6,5.15,13,False,,,,27,680732,808096,0,,,,,,,,False,False,,,,,,,,,False,,False,,,,,,,,,,,,,,False,,False,0.0,0.0,100.0,,0.0,0.0,0.0,0.0,0.0,0.0,0.0,0.0,0.0,0.0,,False,,False,0,1,1.0,0
D,0,CLE,Jacob Cozart,L,0,False,"5,3,4",False,Sean Burke,Right,CWS,CLE,CWS,"FF, SL, KC, SI",08:00 PM,849831,0,0.0,False,False,False,False,0.0,0,0,0,0,0,0,0,0,0,0,0,0,0.0,19.6,25.1,670,54.3,0.0,0.0,3.99,1.09,1.27,189.7,16,🟡 Watch,44.0,0.0,,0.0,,,3.8,,,0.0,,,,,,,0.0,,,,,,,0,999,0,0,,,0.0,,,,,,0.0,0.0,0.0,0.0,0.0,0.0,0,0,0.0,0.0,12,7,0,0,0.0,0.0,,0.0,,,,False,,False,41.7,0.39,False,,,1,0,0,0,0,0,0,0.39,,,,,False,,False,,False,,False,,,,0,FF(42%):0/0pa  |  SL(20%):0/0pa  |  KC(16%):0/0pa  |  SI(13%):0/0pa,,,,,False,,False,,False,,False,,,,0,,,False,,False,,False,,False,,,,1,0,93.1,0.0,False,0.0,False,100.0,False,40.0,False,0.0,0.86,1.0,Wind In (↘️ SE),66.9,12.1,Cloudy,↘️ SE,8,86,-11.88,0.0,2026-10-08,⚠️ Tough,🤔 Average,🤔 Average,171.0,0.0,,,,,,,,,,,,,,,,,,,,,7.6,5.15,13,False,,,,27,680732,695524,0,,,,,,,,False,False,,,,,,,,,False,,False,,,,,,,,,,,,,,False,,False,0.0,0.0,0.0,,0.0,0.0,0.0,0.0,1.0,0.0,0.0,0.0,0.0,0.0,,False,,False,0,1,1.0,0
D,0,CLE,Yaikel Mijares,L,0,False,"5,3,4",False,Sean Burke,Right,CWS,CLE,CWS,"FF, SL, KC, SI",08:00 PM,849831,0,0.0,False,False,False,False,0.0,0,0,0,0,0,0,0,0,0,0,0,0,0.0,19.6,25.1,670,54.3,0.0,0.0,3.99,1.09,1.27,189.7,16,⬜ Neutral,52.0,0.0,,0.0,,,3.8,,,0.0,,,,,,,0.0,,,,,,,0,999,0,0,,,0.0,,,,,,0.0,0.0,0.0,0.0,0.0,0.0,0,0,0.0,0.0,12,7,0,0,0.0,0.0,,0.0,,,,False,,False,41.7,0.39,False,,,1,0,0,0,0,0,0,0.39,,,,,False,,False,,False,,False,,,,0,FF(42%):0/0pa  |  SL(20%):0/0pa  |  KC(16%):0/0pa  |  SI(13%):0/0pa,,,,,False,,False,,False,,False,,,,0,,,False,,False,,False,,False,,,,1,0,40.9,0.0,False,0.0,False,0.0,False,67.0,False,0.0,0.86,1.0,Wind In (↘️ SE),66.9,12.1,Cloudy,↘️ SE,8,86,-11.88,0.0,2026-10-08,⚠️ Tough,🤔 Average,🤔 Average,171.0,0.0,,,,,,,,,,,,,,,,,,,,,7.6,5.15,13,False,,,,27,680732,808119,0,,,,,,,,False,False,,,,,,,,,False,,False,,,,,,,,,,,,,,False,,False,0.0,100.0,0.0,,0.0,0.0,0.0,0.0,0.0,0.0,0.0,0.0,0.0,0.0,,False,,False,0,1,1.0,0
D,0,CLE,Bryce Arnold,R,0,False,"5,3,4",False,Sean Burke,Right,CWS,CLE,CWS,"FF, SL, KC, SI",08:00 PM,849831,0,0.0,False,False,False,False,0.0,0,0,0,0,0,0,0,0,0,0,0,0,0.0,19.6,25.1,670,54.3,0.0,0.0,3.99,1.09,1.27,189.7,16,🟢 Disciplined,62.0,0.0,,33.3,,,3.8,,,0.0,,,,,,,0.0,,,,,,,0,999,0,0,,,0.0,,,,,,0.0,0.0,0.0,0.0,0.0,0.0,0,0,0.0,0.0,12,7,0,0,0.0,0.0,,0.0,,,,False,,False,41.7,0.39,False,,,1,0,0,0,0,0,0,0.39,,,,,False,,False,,False,,False,,,,0,FF(42%):0/0pa  |  SL(20%):0/0pa  |  KC(16%):0/0pa  |  SI(13%):0/0pa,,,,,False,,False,,False,,False,,,,0,,,False,,False,,False,,False,,,,1,0,,0.0,False,0.0,False,0.0,False,,False,0.0,0.86,1.0,Wind In (↘️ SE),66.9,12.1,Cloudy,↘️ SE,8,86,-11.88,0.0,2026-10-08,⚠️ Tough,🤔 Average,🤔 Average,171.0,0.0,,,,,,,,,,,,,,,,,,,,,7.6,5.15,13,False,,,,27,680732,683301,0,,,,,,,,False,False,,,,,,,,,False,,False,,,,,,,,,,,,,,False,,False,0.0,0.0,100.0,,0.0,0.0,0.0,0.0,0.0,0.0,0.0,0.0,0.0,0.0,,False,,False,0,0,1.0,0
D,0,CLE,Dayan Frias,R,0,False,"5,3,4",False,Sean Burke,Right,CWS,CLE,CWS,"FF, SL, KC, SI",08:00 PM,849831,0,0.0,False,False,False,False,0.0,0,0,0,0,0,0,0,0,0,0,0,0,0.0,19.6,25.1,670,54.3,0.0,0.0,3.99,1.09,1.27,189.7,16,⬜ Neutral,52.0,0.0,,0.0,,,3.8,,,0.0,,,,,,,0.0,,,,,,,0,999,0,0,,,0.0,,,,,,0.0,0.0,0.0,0.0,0.0,0.0,0,0,0.0,0.0,12,7,0,0,0.0,0.0,,0.0,,,,False,,False,41.7,0.39,False,,,1,0,0,0,0,0,0,0.39,,,,,False,,False,,False,,False,,,,0,FF(42%):0/0pa  |  SL(20%):0/0pa  |  KC(16%):0/0pa  |  SI(13%):0/0pa,,,,,False,,False,,False,,False,,,,0,,,False,,False,,False,,False,,,,0,0,,,False,,False,,False,,False,,0.86,1.0,Wind In (↘️ SE),66.9,12.1,Cloudy,↘️ SE,8,86,-11.88,0.0,2026-10-08,⚠️ Tough,🤔 Average,🤔 Average,171.0,0.0,,,,,,,,,,,,,,,,,,,,,7.6,5.15,13,False,,,,27,680732,682679,0,,,,,,,,False,False,,,,,,,,,False,,False,,,,,,,,,,,,,,False,,False,,,,,,,,,,,,,,,,False,,False,0,0,1.0,0
D,0,CLE,Alex Mooney,R,0,False,"5,3,4",False,Sean Burke,Right,CWS,CLE,CWS,"FF, SL, KC, SI",08:00 PM,849831,0,0.0,False,False,False,False,0.0,0,0,0,0,0,0,0,0,0,0,0,0,0.0,19.6,25.1,670,54.3,0.0,0.0,3.99,1.09,1.27,189.7,16,🔴 Chase Risk,44.0,0.0,,0.0,,,3.8,,,0.0,,,,,,,0.0,,,,,,,0,999,0,0,,,0.0,,,,,,0.0,0.0,0.0,0.0,0.0,0.0,0,0,0.0,0.0,12,7,0,0,0.0,0.0,,0.0,,,,False,,False,41.7,0.39,False,,,1,0,0,0,0,0,0,0.39,,,,,False,,False,,False,,False,,,,0,FF(42%):0/0pa  |  SL(20%):0/0pa  |  KC(16%):0/0pa  |  SI(13%):0/0pa,,,,,False,,False,,False,,False,,,,0,,,False,,False,,False,,False,,,,2,0,,0.0,False,0.0,False,0.0,False,,False,0.0,0.86,1.0,Wind In (↘️ SE),66.9,12.1,Cloudy,↘️ SE,8,86,-11.88,0.0,2026-10-08,⚠️ Tough,🤔 Average,🤔 Average,171.0,0.0,,,,,,,,,,,,,,,,,,,,,7.6,5.15,13,False,,,,27,680732,695612,0,,,,,,,,False,False,,,,,,,,,False,,False,,,,,,,,,,,,,,False,,False,0.0,0.0,50.0,,0.0,0.0,0.0,0.0,0.0,0.0,0.0,0.0,0.364,0.0,,False,,False,0,0,1.0,0
D,0,CLE,Wuilfredo Antunez,L,0,False,"5,3,4",False,Sean Burke,Right,CWS,CLE,CWS,"FF, SL, KC, SI",08:00 PM,849831,0,0.0,False,False,False,False,0.0,0,0,0,0,0,0,0,0,0,0,0,0,0.0,19.6,25.1,670,54.3,0.0,0.0,3.99,1.09,1.27,189.7,16,🔴 Chase Risk,52.0,0.0,,0.0,,,3.8,,,0.0,,,,,,,0.0,,,,,,,0,999,0,0,,,0.0,,,,,,0.0,0.0,0.0,0.0,0.0,0.0,0,0,0.0,0.0,12,7,0,0,0.0,0.0,,0.0,,,,False,,False,41.7,0.39,False,,,1,0,0,0,0,0,0,0.39,,,,,False,,False,,False,,False,,,,0,FF(42%):0/0pa  |  SL(20%):0/0pa  |  KC(16%):0/0pa  |  SI(13%):0/0pa,,,,,False,,False,,False,,False,,,,0,,,False,,False,,False,,False,,,,1,1,109.3,100.0,False,0.0,False,100.0,False,23.0,False,100.0,0.86,1.0,Wind In (↘️ SE),66.9,12.1,Cloudy,↘️ SE,8,86,-11.88,0.0,2026-10-08,⚠️ Tough,🤔 Average,🤔 Average,171.0,0.0,,,,,,,,,,,,,,,,,,,,,7.6,5.15,13,False,,,,27,680732,686404,0,,,,,,,,False,False,,,,,,,,,False,,False,,,,,,,,,,,,,,False,,False,0.0,0.0,0.0,,100.0,100.0,100.0,100.0,1.0,0.0,0.0,3.0,2.101,100.0,,False,,False,0,1,1.0,0
D,0,CLE,Garrett Howe,L,0,False,"5,3,4",False,Sean Burke,Right,CWS,CLE,CWS,"FF, SL, KC, SI",08:00 PM,849831,0,0.0,False,False,False,False,0.0,0,0,0,0,0,0,0,0,0,0,0,0,0.0,19.6,25.1,670,54.3,0.0,0.0,3.99,1.09,1.27,189.7,16,⬜ Neutral,52.0,0.0,,0.0,,,3.8,,,0.0,,,,,,,0.0,,,,,,,0,999,0,0,,,0.0,,,,,,0.0,0.0,0.0,0.0,0.0,0.0,0,0,0.0,0.0,12,7,0,0,0.0,0.0,,0.0,,,,False,,False,41.7,0.39,False,,,1,0,0,0,0,0,0,0.39,,,,,False,,False,,False,,False,,,,0,FF(42%):0/0pa  |  SL(20%):0/0pa  |  KC(16%):0/0pa  |  SI(13%):0/0pa,,,,,False,,False,,False,,False,,,,0,,,False,,False,,False,,False,,,,1,0,99.7,100.0,False,0.0,False,0.0,False,-12.0,False,0.0,0.86,1.0,Wind In (↘️ SE),66.9,12.1,Cloudy,↘️ SE,8,86,-11.88,0.0,2026-10-08,⚠️ Tough,🤔 Average,🤔 Average,171.0,0.0,,,,,,,,,,,,,,,,,,,,,7.6,5.15,13,False,,,,27,680732,827628,0,,,,,,,,False,False,,,,,,,,,False,,False,,,,,,,,,,,,,,False,,False,100.0,0.0,0.0,,0.0,0.0,0.0,100.0,0.0,0.0,0.0,0.0,0.0,0.0,,False,,False,0,1,1.0,0
D,0,CLE,Jose Devers,R,0,False,"5,3,4",False,Sean Burke,Right,CWS,CLE,CWS,"FF, SL, KC, SI",08:00 PM,849831,0,0.0,False,False,False,False,0.0,0,0,0,0,0,0,0,0,0,0,0,0,0.0,19.6,25.1,670,54.3,0.0,0.0,3.99,1.09,1.27,189.7,16,🔴 Chase Risk,44.0,0.0,,0.0,,,3.8,,,0.0,,,,,,,0.0,,,,,,,0,999,0,0,,,0.0,,,,,,0.0,0.0,0.0,0.0,0.0,0.0,0,0,0.0,0.0,12,7,0,0,0.0,0.0,,0.0,,,,False,,False,41.7,0.39,False,,,1,0,0,0,0,0,0,0.39,,,,,False,,False,,False,,False,,,,0,FF(42%):0/0pa  |  SL(20%):0/0pa  |  KC(16%):0/0pa  |  SI(13%):0/0pa,,,,,False,,False,,False,,False,,,,0,,,False,,False,,False,,False,,,,2,0,84.1,0.0,False,0.0,False,0.0,False,23.0,False,0.0,0.86,1.0,Wind In (↘️ SE),66.9,12.1,Cloudy,↘️ SE,8,86,-11.88,0.0,2026-10-08,⚠️ Tough,🤔 Average,🤔 Average,171.0,0.0,,,,,,,,,,,,,,,,,,,,,7.6,5.15,13,False,,,,27,680732,691410,0,,,,,,,,False,False,,,,,,,,,False,,False,,,,,,,,,,,,,,False,,False,0.0,0.0,50.0,,0.0,0.0,0.0,50.0,0.0,0.0,0.0,0.0,0.0,50.0,,False,,False,0,0,1.0,0
D,0,CLE,Cannon Peebles,L,0,False,"5,3,4",False,Sean Burke,Right,CWS,CLE,CWS,"FF, SL, KC, SI",08:00 PM,849831,0,0.0,False,False,False,False,0.0,0,0,0,0,0,0,0,0,0,0,0,0,0.0,19.6,25.1,670,54.3,0.0,0.0,3.99,1.09,1.27,189.7,16,🔴 Chase Risk,48.0,0.0,,0.0,,,3.8,,,0.0,,,,,,,0.0,,,,,,,0,999,0,0,,,0.0,,,,,,0.0,0.0,0.0,0.0,0.0,0.0,0,0,0.0,0.0,12,7,0,0,0.0,0.0,,0.0,,,,False,,False,41.7,0.39,False,,,1,0,0,0,0,0,0,0.39,,,,,False,,False,,False,,False,,,,0,FF(42%):0/0pa  |  SL(20%):0/0pa  |  KC(16%):0/0pa  |  SI(13%):0/0pa,,,,,False,,False,,False,,False,,,,0,,,False,,False,,False,,False,,,,2,0,74.6,0.0,False,0.0,False,0.0,False,-17.0,False,0.0,0.86,1.0,Wind In (↘️ SE),66.9,12.1,Cloudy,↘️ SE,8,86,-11.88,0.0,2026-10-08,⚠️ Tough,🤔 Average,🤔 Average,171.0,0.0,,,,,,,,,,,,,,,,,,,,,7.6,5.15,13,False,,,,27,680732,702555,0,,,,,,,,False,False,,,,,,,,,False,,False,,,,,,,,,,,,,,False,,False,50.0,0.0,50.0,,0.0,0.0,0.0,50.0,0.0,0.0,0.0,0.0,0.0,0.0,,False,,False,0,1,1.0,0
D,0,CLE,Angel Abreu,R,0,False,"5,3,4",False,Sean Burke,Right,CWS,CLE,CWS,"FF, SL, KC, SI",08:00 PM,849831,0,0.0,False,False,False,False,0.0,0,0,0,0,0,0,0,0,0,0,0,0,0.0,19.6,25.1,670,54.3,0.0,0.0,3.99,1.09,1.27,189.7,16,🟢 Disciplined,58.0,0.0,,50.0,,,3.8,,,0.0,,,,,,,0.0,,,,,,,0,999,0,0,,,0.0,,,,,,0.0,0.0,0.0,0.0,0.0,0.0,0,0,0.0,0.0,12,7,0,0,0.0,0.0,,0.0,,,,False,,False,41.7,0.39,False,,,1,0,0,0,0,0,0,0.39,,,,,False,,False,,False,,False,,,,0,FF(42%):0/0pa  |  SL(20%):0/0pa  |  KC(16%):0/0pa  |  SI(13%):0/0pa,,,,,False,,False,,False,,False,,,,0,,,False,,False,,False,,False,,,,2,0,85.9,0.0,False,0.0,False,0.0,False,-21.0,False,0.0,0.86,1.0,Wind In (↘️ SE),66.9,12.1,Cloudy,↘️ SE,8,86,-11.88,0.0,2026-10-08,⚠️ Tough,🤔 Average,🤔 Average,171.0,0.0,,,,,,,,,,,,,,,,,,,,,7.6,5.15,13,False,,,,27,680732,834685,0,,,,,,,,False,False,,,,,,,,,False,,False,,,,,,,,,,,,,,False,,False,50.0,0.0,0.0,,0.0,0.0,0.0,0.0,0.0,50.0,0.0,0.0,0.348,0.0,,False,,False,0,0,1.0,0
D,0,CLE,Randy Martinez,L,0,False,"5,3,4",False,Sean Burke,Right,CWS,CLE,CWS,"FF, SL, KC, SI",08:00 PM,849831,0,0.0,False,False,False,False,0.0,0,0,0,0,0,0,0,0,0,0,0,0,0.0,19.6,25.1,670,54.3,0.0,0.0,3.99,1.09,1.27,189.7,16,⬜ Neutral,52.0,0.0,,0.0,,,3.8,,,0.0,,,,,,,0.0,,,,,,,0,999,0,0,,,0.0,,,,,,0.0,0.0,0.0,0.0,0.0,0.0,0,0,0.0,0.0,12,7,0,0,0.0,0.0,,0.0,,,,False,,False,41.7,0.39,False,,,1,0,0,0,0,0,0,0.39,,,,,False,,False,,False,,False,,,,0,FF(42%):0/0pa  |  SL(20%):0/0pa  |  KC(16%):0/0pa  |  SI(13%):0/0pa,,,,,False,,False,,False,,False,,,,0,,,False,,False,,False,,False,,,,1,0,81.5,0.0,False,0.0,False,0.0,False,4.0,False,0.0,0.86,1.0,Wind In (↘️ SE),66.9,12.1,Cloudy,↘️ SE,8,86,-11.88,0.0,2026-10-08,⚠️ Tough,🤔 Average,🤔 Average,171.0,0.0,,,,,,,,,,,,,,,,,,,,,7.6,5.15,13,False,,,,27,680732,821690,0,,,,,,,,False,False,,,,,,,,,False,,False,,,,,,,,,,,,,,False,,False,100.0,0.0,0.0,,0.0,0.0,0.0,100.0,0.0,0.0,0.0,0.0,0.0,0.0,,False,,False,0,1,1.0,0
D,0,CLE,Jace LaViolette,L,0,False,"5,3,4",False,Sean Burke,Right,CWS,CLE,CWS,"FF, SL, KC, SI",08:00 PM,849831,3,0.3,False,False,False,False,0.0,0,0,0,3,0,0,0,0,0,0,0,0,0.0,19.6,25.1,670,54.3,0.0,0.0,3.99,1.09,1.27,189.7,16,🔴 Chase Risk,56.0,0.0,,0.0,,,3.8,,,0.0,,,,,,,0.0,,,,,,,0,999,0,0,,,0.0,,,,,,0.0,0.0,0.0,0.0,0.0,0.0,0,0,0.0,0.0,12,7,0,0,0.0,0.0,,0.0,,,,False,,False,41.7,0.39,False,,,1,0,0,0,0,0,0,0.39,,,,,False,,False,,False,,False,,,,0,FF(42%):0/0pa  |  SL(20%):0/0pa  |  KC(16%):0/0pa  |  SI(13%):0/0pa,,,,,False,,False,,False,,False,,,,0,,,False,,False,,False,,False,,,,3,1,106.0,100.0,True,0.0,False,33.3,True,15.0,False,33.33,0.86,1.0,Wind In (↘️ SE),66.9,12.1,Cloudy,↘️ SE,8,86,-11.88,0.0,2026-10-08,⚠️ Tough,🤔 Average,🤔 Average,171.0,0.0,,,,,,,,,,,,,,,,0.0,100.0,,,,7.6,5.15,13,False,,,,27,680732,702593,0,,,,,,,,False,False,,,,,,,,,False,,False,,,,,,,,,,,,,,False,,False,33.3,0.0,0.0,,100.0,33.3,33.3,100.0,1.0,100.0,0.0,1.0,1.289,66.7,,True,,False,0,1,1.0,0
D,0,CLE,José Pirela,L,0,False,"5,3,4",False,Sean Burke,Right,CWS,CLE,CWS,"FF, SL, KC, SI",08:00 PM,849831,0,0.0,False,False,False,False,0.0,0,0,0,0,0,0,0,0,0,0,0,0,0.0,19.6,25.1,670,54.3,0.0,0.0,3.99,1.09,1.27,189.7,16,🔴 Chase Risk,44.0,0.0,,0.0,,,3.8,,,0.0,,,,,,,0.0,,,,,,,0,999,0,0,,,0.0,,,,,,0.0,0.0,0.0,0.0,0.0,0.0,0,0,0.0,0.0,12,7,0,0,0.0,0.0,,0.0,,,,False,,False,41.7,0.39,False,,,1,0,0,0,0,0,0,0.39,,,,,False,,False,,False,,False,,,,0,FF(42%):0/0pa  |  SL(20%):0/0pa  |  KC(16%):0/0pa  |  SI(13%):0/0pa,,,,,False,,False,,False,,False,,,,0,,,False,,False,,False,,False,,,,0,0,,,False,,False,,False,,False,,0.86,1.0,Wind In (↘️ SE),66.9,12.1,Cloudy,↘️ SE,8,86,-11.88,0.0,2026-10-08,⚠️ Tough,🤔 Average,🤔 Average,171.0,0.0,,,,,,,,,,,,,,,,,,,,,7.6,5.15,13,False,,,,27,680732,808141,0,,,,,,,,False,False,,,,,,,,,False,,False,,,,,,,,,,,,,,False,,False,,,,,,,,,,,,,,,,False,,False,0,1,1.0,0
D,0,CLE,Maick Collado,L,0,False,"5,3,4",False,Sean Burke,Right,CWS,CLE,CWS,"FF, SL, KC, SI",08:00 PM,849831,0,0.0,False,False,False,False,0.0,0,0,0,0,0,0,0,0,0,0,0,0,0.0,19.6,25.1,670,54.3,0.0,0.0,3.99,1.09,1.27,189.7,16,⬜ Neutral,56.0,0.0,,0.0,,,3.8,,,0.0,,,,,,,0.0,,,,,,,0,999,0,0,,,0.0,,,,,,0.0,0.0,0.0,0.0,0.0,0.0,0,0,0.0,0.0,12,7,0,0,0.0,0.0,,0.0,,,,False,,False,41.7,0.39,False,,,1,0,0,0,0,0,0,0.39,,,,,False,,False,,False,,False,,,,0,FF(42%):0/0pa  |  SL(20%):0/0pa  |  KC(16%):0/0pa  |  SI(13%):0/0pa,,,,,False,,False,,False,,False,,,,0,,,False,,False,,False,,False,,,,1,0,87.4,0.0,False,0.0,False,0.0,False,-9.0,False,0.0,0.86,1.0,Wind In (↘️ SE),66.9,12.1,Cloudy,↘️ SE,8,86,-11.88,0.0,2026-10-08,⚠️ Tough,🤔 Average,🤔 Average,171.0,0.0,,,,,,,,,,,,,,,,,,,,,7.6,5.15,13,False,,,,27,680732,691408,0,,,,,,,,False,False,,,,,,,,,False,,False,,,,,,,,,,,,,,False,,False,100.0,0.0,0.0,,0.0,0.0,0.0,0.0,0.0,100.0,0.0,0.0,0.0,0.0,,False,,False,0,1,1.0,0
D,0,CLE,Kevin Rivas,L,0,False,"5,3,4",False,Sean Burke,Right,CWS,CLE,CWS,"FF, SL, KC, SI",08:00 PM,849831,0,0.0,False,False,False,False,0.0,0,0,0,0,0,0,0,0,0,0,0,0,0.0,19.6,25.1,670,54.3,0.0,0.0,3.99,1.09,1.27,189.7,16,🟢 Disciplined,62.0,0.0,,100.0,,,3.8,,,0.0,,,,,,,0.0,,,,,,,0,999,0,0,,,0.0,,,,,,0.0,0.0,0.0,0.0,0.0,0.0,0,0,0.0,0.0,12,7,0,0,0.0,0.0,,0.0,,,,False,,False,41.7,0.39,False,,,1,0,0,0,0,0,0,0.39,,,,,False,,False,,False,,False,,,,0,FF(42%):0/0pa  |  SL(20%):0/0pa  |  KC(16%):0/0pa  |  SI(13%):0/0pa,,,,,False,,False,,False,,False,,,,0,,,False,,False,,False,,False,,,,1,0,,0.0,False,0.0,False,0.0,False,,False,0.0,0.86,1.0,Wind In (↘️ SE),66.9,12.1,Cloudy,↘️ SE,8,86,-11.88,0.0,2026-10-08,⚠️ Tough,🤔 Average,🤔 Average,171.0,0.0,,,,,,,,,,,,,,,,,,,,,7.6,5.15,13,False,,,,27,680732,691422,0,,,,,,,,False,False,,,,,,,,,False,,False,,,,,,,,,,,,,,False,,False,0.0,0.0,0.0,,0.0,0.0,0.0,0.0,0.0,100.0,0.0,0.0,0.697,0.0,,False,,False,0,1,1.0,0
D,0,CLE,Ricardo Romero,L,0,False,"5,3,4",False,Sean Burke,Right,CWS,CLE,CWS,"FF, SL, KC, SI",08:00 PM,849831,0,0.0,False,False,False,False,0.0,0,0,0,0,0,0,0,0,0,0,0,0,0.0,19.6,25.1,670,54.3,0.0,0.0,3.99,1.09,1.27,189.7,16,⬜ Neutral,52.0,0.0,,0.0,,,3.8,,,0.0,,,,,,,0.0,,,,,,,0,999,0,0,,,0.0,,,,,,0.0,0.0,0.0,0.0,0.0,0.0,0,0,0.0,0.0,12,7,0,0,0.0,0.0,,0.0,,,,False,,False,41.7,0.39,False,,,1,0,0,0,0,0,0,0.39,,,,,False,,False,,False,,False,,,,0,FF(42%):0/0pa  |  SL(20%):0/0pa  |  KC(16%):0/0pa  |  SI(13%):0/0pa,,,,,False,,False,,False,,False,,,,0,,,False,,False,,False,,False,,,,1,0,79.6,0.0,False,0.0,False,0.0,False,72.0,False,0.0,0.86,1.0,Wind In (↘️ SE),66.9,12.1,Cloudy,↘️ SE,8,86,-11.88,0.0,2026-10-08,⚠️ Tough,🤔 Average,🤔 Average,171.0,0.0,,,,,,,,,,,,,,,,,,,,,7.6,5.15,13,False,,,,27,680732,829997,0,,,,,,,,False,False,,,,,,,,,False,,False,,,,,,,,,,,,,,False,,False,0.0,100.0,0.0,,0.0,0.0,0.0,0.0,0.0,0.0,0.0,0.0,0.0,0.0,,False,,False,0,1,1.0,0
D,0,CLE,Gabriel Rodriguez,R,0,False,"5,3,4",False,Sean Burke,Right,CWS,CLE,CWS,"FF, SL, KC, SI",08:00 PM,849831,0,0.0,False,False,False,False,0.0,0,0,0,0,0,0,0,0,0,0,0,0,0.0,19.6,25.1,670,54.3,0.0,0.0,3.99,1.09,1.27,189.7,16,🔴 Chase Risk,48.0,0.0,,0.0,,,3.8,,,0.0,,,,,,,0.0,,,,,,,0,999,0,0,,,0.0,,,,,,0.0,0.0,0.0,0.0,0.0,0.0,0,0,0.0,0.0,12,7,0,0,0.0,0.0,,0.0,,,,False,,False,41.7,0.39,False,,,1,0,0,0,0,0,0,0.39,,,,,False,,False,,False,,False,,,,0,FF(42%):0/0pa  |  SL(20%):0/0pa  |  KC(16%):0/0pa  |  SI(13%):0/0pa,,,,,False,,False,,False,,False,,,,0,,,False,,False,,False,,False,,,,3,0,84.4,33.3,False,0.0,False,0.0,False,10.5,False,0.0,0.86,1.0,Wind In (↘️ SE),66.9,12.1,Cloudy,↘️ SE,8,86,-11.88,0.0,2026-10-08,⚠️ Tough,🤔 Average,🤔 Average,171.0,0.0,,,,,,,,,,,,,,,,,,,,,7.6,5.15,13,False,,,,27,680732,829712,0,,,,,,,,False,False,,,,,,,,,False,,False,,,,,,,,,,,,,,False,,False,33.3,0.0,33.3,,0.0,0.0,0.0,66.7,0.0,33.3,0.0,0.0,0.0,33.3,,False,,False,0,0,1.0,0
D,0,CLE,Jaison Chourio,L,0,False,"5,3,4",False,Sean Burke,Right,CWS,CLE,CWS,"FF, SL, KC, SI",08:00 PM,849831,1,0.1,False,False,False,False,0.0,0,0,0,1,0,0,0,0,0,0,0,0,0.0,19.6,25.1,670,54.3,0.0,0.0,3.99,1.09,1.27,189.7,16,⬜ Neutral,52.0,0.0,,0.0,,,3.8,,,0.0,,,,,,,0.0,,,,,,,0,999,0,0,,,0.0,,,,,,0.0,0.0,0.0,0.0,0.0,0.0,0,0,0.0,0.0,12,7,0,0,0.0,0.0,,0.0,,,,False,,False,41.7,0.39,False,,,1,0,0,0,0,0,0,0.39,,,,,False,,False,,False,,False,,,,0,FF(42%):0/0pa  |  SL(20%):0/0pa  |  KC(16%):0/0pa  |  SI(13%):0/0pa,,,,,False,,False,,False,,False,,,,0,,,False,,False,,False,,False,,,,3,0,85.8,0.0,False,0.0,False,100.0,True,46.3,False,0.0,0.86,1.0,Wind In (↘️ SE),66.9,12.1,Cloudy,↘️ SE,8,86,-11.88,0.0,2026-10-08,⚠️ Tough,🤔 Average,🤔 Average,171.0,0.0,,,,,,,,,,,,,,,,33.3,100.0,,,,7.6,5.15,13,False,,,,27,680732,702693,0,,,,,,,,False,False,,,,,,,,,False,,False,,,,,,,,,,,,,,False,,False,0.0,0.0,0.0,,0.0,0.0,0.0,0.0,0.0,0.0,0.0,0.0,0.0,0.0,,False,,False,0,1,1.0,0
D,0,CLE,Nolan Schubart,L,0,False,"5,3,4",False,Sean Burke,Right,CWS,CLE,CWS,"FF, SL, KC, SI",08:00 PM,849831,0,0.0,False,False,False,False,0.0,0,0,0,0,0,0,0,0,0,0,0,0,0.0,19.6,25.1,670,54.3,0.0,0.0,3.99,1.09,1.27,189.7,16,🟢 Disciplined,62.0,0.0,,33.3,,,3.8,,,0.0,,,,,,,0.0,,,,,,,0,999,0,0,,,0.0,,,,,,0.0,0.0,0.0,0.0,0.0,0.0,0,0,0.0,0.0,12,7,0,0,0.0,0.0,,0.0,,,,False,,False,41.7,0.39,False,,,1,0,0,0,0,0,0,0.39,,,,,False,,False,,False,,False,,,,0,FF(42%):0/0pa  |  SL(20%):0/0pa  |  KC(16%):0/0pa  |  SI(13%):0/0pa,,,,,False,,False,,False,,False,,,,0,,,False,,False,,False,,False,,,,1,0,,0.0,False,0.0,False,0.0,False,,False,0.0,0.86,1.0,Wind In (↘️ SE),66.9,12.1,Cloudy,↘️ SE,8,86,-11.88,0.0,2026-10-08,⚠️ Tough,🤔 Average,🤔 Average,171.0,0.0,,,,,,,,,,,,,,,,0.0,0.0,,,,7.6,5.15,13,False,,,,27,680732,702278,0,,,,,,,,False,False,,,,,,,,,False,,False,,,,,,,,,,,,,,False,,False,0.0,0.0,0.0,,0.0,0.0,0.0,0.0,0.0,100.0,0.0,0.0,0.697,0.0,,False,,False,0,1,1.0,0
D,0,CLE,Ralphy Velazquez,L,0,False,"5,3,4",False,Sean Burke,Right,CWS,CLE,CWS,"FF, SL, KC, SI",08:00 PM,849831,0,0.0,False,False,False,False,0.0,0,0,0,0,0,0,0,0,0,0,0,0,0.0,19.6,25.1,670,54.3,0.0,0.0,3.99,1.09,1.27,189.7,16,🟡 Watch,44.0,0.0,,0.0,,,3.8,,,0.0,,,,,,,0.0,,,,,,,0,999,0,0,,,0.0,,,,,,0.0,0.0,0.0,0.0,0.0,0.0,0,0,0.0,0.0,12,7,0,0,0.0,0.0,,0.0,,,,False,,False,41.7,0.39,False,,,1,0,0,0,0,0,0,0.39,,,,,False,,False,,False,,False,,,,0,FF(42%):0/0pa  |  SL(20%):0/0pa  |  KC(16%):0/0pa  |  SI(13%):0/0pa,,,,,False,,False,,False,,False,,,,0,,,False,,False,,False,,False,,,,1,0,81.3,0.0,False,0.0,False,100.0,False,43.0,False,0.0,0.86,1.0,Wind In (↘️ SE),66.9,12.1,Cloudy,↘️ SE,8,86,-11.88,0.0,2026-10-08,⚠️ Tough,🤔 Average,🤔 Average,171.0,0.0,,,,,,,,,,,,,,,,0.0,100.0,,,,7.6,5.15,13,False,,,,27,680732,806252,0,,,,,,,,False,False,,,,,,,,,False,,False,,,,,,,,,,,,,,False,,False,0.0,0.0,0.0,,0.0,0.0,0.0,0.0,0.0,0.0,0.0,0.0,0.0,0.0,,False,,False,0,1,1.0,0
D,0,CLE,Dean Curley,R,0,False,"5,3,4",False,Sean Burke,Right,CWS,CLE,CWS,"FF, SL, KC, SI",08:00 PM,849831,0,0.0,False,False,False,False,0.0,0,0,0,0,0,0,0,0,0,0,0,0,0.0,19.6,25.1,670,54.3,0.0,0.0,3.99,1.09,1.27,189.7,16,🔴 Chase Risk,52.0,0.0,,0.0,,,3.8,,,0.0,,,,,,,0.0,,,,,,,0,999,0,0,,,0.0,,,,,,0.0,0.0,0.0,0.0,0.0,0.0,0,0,0.0,0.0,12,7,0,0,0.0,0.0,,0.0,,,,False,,False,41.7,0.39,False,,,1,0,0,0,0,0,0,0.39,,,,,False,,False,,False,,False,,,,0,FF(42%):0/0pa  |  SL(20%):0/0pa  |  KC(16%):0/0pa  |  SI(13%):0/0pa,,,,,False,,False,,False,,False,,,,0,,,False,,False,,False,,False,,,,2,0,107.1,50.0,False,0.0,False,0.0,False,-11.0,False,0.0,0.86,1.0,Wind In (↘️ SE),66.9,12.1,Cloudy,↘️ SE,8,86,-11.88,0.0,2026-10-08,⚠️ Tough,🤔 Average,🤔 Average,171.0,0.0,,,,,,,,,,,,,,,,0.0,100.0,,,,7.6,5.15,13,False,,,,27,680732,806053,0,,,,,,,,False,False,,,,,,,,,False,,False,,,,,,,,,,,,,,False,,False,50.0,0.0,50.0,,0.0,0.0,0.0,50.0,0.0,0.0,0.0,0.0,0.0,0.0,,False,,False,0,0,1.0,0
D,0,CLE,Jhonkensy Noel,R,0,False,"5,3,4",False,Sean Burke,Right,CWS,CLE,CWS,"FF, SL, KC, SI",08:00 PM,849831,1,0.1,False,False,False,False,0.0,0,0,0,1,0,0,0,0,0,0,0,0,0.0,19.6,25.1,670,54.3,0.0,0.0,3.99,1.09,1.27,189.7,16,🟢 Disciplined,55.0,0.0,,8.3,,,2.4,,,0.0,,,,,,,0.0,,,,,,,0,999,0,0,,,0.0,,,,,,0.0,0.0,0.0,0.0,0.0,0.0,0,0,0.0,0.0,12,7,0,0,0.0,0.0,,0.0,,29.44,12.5,False,,False,41.7,0.39,False,,,1,0,0,0,0,0,0,0.39,,,,,False,,False,,False,,False,,,,0,FF(42%):0/0pa  |  SL(20%):0/0pa  |  KC(16%):0/0pa  |  SI(13%):0/0pa,,,,,False,,False,,False,,False,,,,0,,,False,,False,,False,,False,,,,11,1,94.2,36.4,True,0.0,False,18.2,False,20.6,False,9.09,0.86,1.0,Wind In (↘️ SE),66.9,12.1,Cloudy,↘️ SE,8,86,-11.88,0.0,2026-10-08,⚠️ Tough,🤔 Average,🤔 Average,171.0,0.0,,,,,,,,,,,,,,,,,,,,,7.6,5.15,13,False,,,,27,680732,678877,0,,,,,,,,False,False,,,,,,,,,False,,False,,,,,,,,,,,,,,False,,False,27.3,18.2,9.1,75.9,27.3,9.1,9.1,54.5,0.0,36.4,0.0,0.3,0.415,9.1,14.3,False,,False,0,0,1.0,0
