grade,stars,batting_team,batter,batter_hand,lineup_slot,lineup_confirmed,pitcher_weak_slots,in_pitcher_weak_slot,pitcher,pitcher_hand,pitcher_team,home_team,away_team,top_pitches,game_time,game_id,total_flags,weighted_flag_score,in_slump,is_diamond,is_contact_pick,is_fallback,hr_intent_score,recent_flag_count,bvp_flag_count,vs_hand_flag_count,hist_hand_flag_count,season_pa,recent_pa,vs_hand_pa,bvp_pa,recent_games_total,recent_games_ev95,recent_games_la_sweet,recent_games_both,recent_consistency_pct,pitcher_fb_pct_allowed,pitcher_hh_pct_allowed,pitcher_pa_faced,pitcher_meatball_pct,batter_meatball_score,meatball_matchup_score,bullpen_era,bullpen_hr9,bullpen_whip,bullpen_ip,bullpen_hr_rank,discipline_flag,discipline_score,season_chase_k_pct,recent_chase_k_pct,season_bb_pct,recent_bb_pct,oz_swing_pct,sim_pa,sim_h,sim_hr,sim_hr_adj,sim_2b,sim_3b,sim_bb,sim_k,sim_tb,sim_rbi,proj_hr_adj,proj_hr_prob,proj_hit_prob,proj_xbh_prob,proj_barrel,proj_avg_tb,proj_avg_rbi,recent_hr_count,ab_since_hr,recent_consec_hr_games,barrel_quality_score,recent_pulled_barrel_pct,recent_batter_ahead_pct,recent_iso,recent_sweet_spot_pct,recent_meatball_hr_rate,season_swstr_pct,season_woba,season_xwoba,blended_woba,blended_xwoba,l7_iso,l7_woba,l7_xwoba,zone_fit,gHR,gHR_yv2,recent_iso_yv2,season_iso,ps_score,ps_score_v2,hr_yesterday,so_close_count,so_close_max_dist,so_close_max_ev,so_close_reasons,ps_convergence,ps_conv_pitch,la_stddev,la_mean_l15,la_locked,bat_speed_vs_baseline,bat_speed_peaking,pitcher_count_mb_pct,fastball_velo_decay,pitcher_velo_declining,recent_barrel_spike,season_barrel_pct,days_rest,hh_precursor,recent_barrels_3d,recent_hrs_3d,recent_pb_2d,day_late_flag,enhanced_day_late,pitcher_velo_drop,primary_pitch_hr_rate,recent_avg_ev,recent_hh_pct,recent_avg_bat_speed,recent_ev_flag,recent_barrel_pct,recent_barrel_flag,recent_fb_pct,recent_fb_flag,recent_avg_la,recent_la_flag,recent_hr_rate,recent_hit_rate,recent_xbh_rate,bvp_hr_count,bvp_hr_by_pitch,bvp_avg_ev,bvp_hh_pct,bvp_avg_bat_speed,bvp_batter_ahead_pct,bvp_ev_flag,bvp_barrel_pct,bvp_barrel_flag,bvp_fb_pct,bvp_fb_flag,bvp_avg_la,bvp_la_flag,bvp_hr_rate,bvp_hit_rate,bvp_xbh_rate,vs_hand_hr_count,vs_hand_avg_ev,vs_hand_hh_pct,vs_hand_ev_flag,vs_hand_barrel_pct,vs_hand_barrel_flag,vs_hand_fb_pct,vs_hand_fb_flag,vs_hand_avg_la,vs_hand_la_flag,vs_hand_hr_rate,vs_hand_hit_rate,vs_hand_xbh_rate,hist_hand_pa,hist_hand_hr_count,hist_hand_avg_ev,hist_hand_hh_pct,hist_hand_ev_flag,hist_hand_barrel_pct,hist_hand_barrel_flag,hist_hand_fb_pct,hist_hand_fb_flag,hist_hand_avg_la,hist_hand_la_flag,hist_hand_hr_rate,hr_factor,wind_carry_factor,wind_effect,temp_f,wind_speed_mph,condition,wind_direction_emoji,chance_of_rain,hr_factor_int,wind_carry_mph,wind_carry_factor_v2,data_anchor,pitcher_grade_label,pitcher_grade_label_vsL,pitcher_grade_label_vsR,pitcher_ip,zone_fit_season,recent_chase_pct,recent_zone_swing_pct,recent_avg_attack_angle,recent_attack_angle_stddev,recent_avg_swing_length,bvp_chase_pct,bvp_zone_swing_pct,bvp_avg_attack_angle,bvp_attack_angle_stddev,bvp_avg_swing_length,vs_hand_chase_pct,vs_hand_zone_swing_pct,vs_hand_avg_attack_angle,vs_hand_attack_angle_stddev,vs_hand_avg_swing_length,hist_hand_chase_pct,hist_hand_zone_swing_pct,hist_hand_avg_attack_angle,hist_hand_attack_angle_stddev,hist_hand_avg_swing_length,pitcher_upper_zone_pct,zone_fit_spatial,chance_of_rain_peak,is_dome,bvp_iso,bvp_pull_pct,bvp_fb350_count,pitcher_games_started,pitcher_id,batter_id,recent_7day_pa,recent_gb_pct,recent_popup_pct,recent_k_pct,recent_pulled_fb_pct,recent_pull_pct,recent_fb350_count,recent_woba,recent_pulled_fb_flag,recent_hh_precursor,bvp_woba,bvp_gb_pct,bvp_popup_pct,bvp_k_pct,bvp_pulled_fb_flag,bvp_pulled_fb_pct,bvp_pulled_barrel_pct,bvp_sweet_spot_pct,bvp_meatball_hr_rate,bvp_barrel_spike,bvp_hh_precursor,vs_hand_woba,vs_hand_gb_pct,vs_hand_popup_pct,vs_hand_k_pct,vs_hand_avg_bat_speed,vs_hand_batter_ahead_pct,vs_hand_pulled_fb_flag,vs_hand_pulled_fb_pct,vs_hand_pulled_barrel_pct,vs_hand_iso,vs_hand_sweet_spot_pct,vs_hand_meatball_hr_rate,vs_hand_barrel_spike,vs_hand_hh_precursor,vs_hand_pull_pct,vs_hand_fb350_count,hist_hand_woba,hist_hand_gb_pct,hist_hand_popup_pct,hist_hand_k_pct,hist_hand_avg_bat_speed,hist_hand_hit_rate,hist_hand_xbh_rate,hist_hand_batter_ahead_pct,hist_hand_pulled_fb_flag,hist_hand_pulled_fb_pct,hist_hand_pulled_barrel_pct,hist_hand_iso,hist_hand_sweet_spot_pct,hist_hand_meatball_hr_rate,hist_hand_barrel_spike,hist_hand_hh_precursor,hist_hand_pull_pct,hist_hand_fb350_count,hand_match_flag,platoon_adv_flag,temp_hr_mod,perfect_storm
D,0,PHI,Trea Turner,R,0,False,,False,Unknown (nan),?,ATL,ATL,PHI,---,02:00 PM,849845,1,0.4,False,False,False,False,0.3413,1,0,0,0,665,27,0,0,6,5,0,0,0.0,,,,,0.1798,0.0,3.08,0.84,1.1,301.0,27,⬜ Neutral,56.0,0.0,,6.6,,34.7,4.4,0.986,0.0,0.0,0.329,0.0,0.329,0.986,1.314,0.164,0.0,0.0,0.2222,0.0741,0.0,0.2963,0.037,0,59,0,0,0.0,33.3,0.127,11.1,0.0,14.7,0.294,0.289,0.291,0.0,0.08,0.277,0.0,0.0,13,13,0.127,0.136,6,6,0,3,348.0,108.7,double 109mph EV | deep fly ball 335ft 93mph | deep line drive 348ft 99mph | double 99mph EV,0.0,,23.47,13.3,False,0.22,False,,,False,-2.41,2.4,0,0,0,0,0,0,0,,,93.6,29.6,70.2,True,0.0,False,7.4,False,6.4,False,0.0,22.2,7.4,0,---,,,,,False,,False,,False,,False,,,,0,,,False,,False,,False,,False,,,,0,0,,,False,,False,,False,,False,,1.0,1.0,,,,,,,,,,2026-09-27,,,,0.0,0.0,51.9,81.5,4.2,8.8,7.4,,,,,,,,,,,,,,,,,,,,,,,0,nan,607208,27,37.0,11.1,22.2,3.7,48.1,0.0,0.277,False,False,,,,,False,,,,,,False,,,,,,,False,,,,,,,False,,,,,,,,,,,False,,,,,,,False,,,0,0,1.0,0
D,0,PHI,Kyle Schwarber,L,0,False,,False,Unknown (nan),?,ATL,ATL,PHI,---,02:00 PM,849845,0,0.0,False,False,False,False,0.3463,0,0,0,0,670,27,0,0,6,4,1,0,0.0,,,,,0.3439,0.0,3.08,0.84,1.1,301.0,27,🟢 Disciplined,62.0,0.0,,14.0,,26.2,4.5,0.333,0.0,0.0,0.166,0.0,1.333,0.5,0.5,0.0,0.0,0.0,0.0741,0.037,0.0,0.1111,0.0,0,33,0,0,0.0,63.0,0.237,7.4,0.0,21.0,0.371,0.373,0.358,0.0,0.053,0.287,0.0,0.0,17,17,0.237,0.27,6,6,0,4,380.0,111.8,deep fly ball 380ft 101mph | deep fly ball 359ft 100mph | double 112mph EV | rocket LD 112mph | rocket LD 101mph,0.0,,31.73,7.0,False,0.34,False,,,False,-3.58,3.6,0,0,0,0,0,0,0,,,91.4,29.6,77.1,False,0.0,False,11.1,False,21.6,False,0.0,7.4,3.7,0,---,,,,,False,,False,,False,,False,,,,0,,,False,,False,,False,,False,,,,0,0,,,False,,False,,False,,False,,1.0,1.0,,,,,,,,,,2026-09-27,,,,0.0,0.0,44.4,88.9,12.7,8.7,7.5,,,,,,,,,,,,,,,,,,,,,,,0,nan,656941,27,25.9,14.8,11.1,3.7,44.4,2.0,0.287,False,False,,,,,False,,,,,,False,,,,,,,False,,,,,,,False,,,,,,,,,,,False,,,,,,,False,,,0,0,1.0,0
D,0,PHI,Bryce Harper,L,0,False,,False,Unknown (nan),?,ATL,ATL,PHI,---,02:00 PM,849845,0,0.0,True,False,False,False,0.3367,0,0,0,0,659,26,0,0,6,4,0,0,0.0,,,,,0.3507,0.0,3.08,0.84,1.1,301.0,27,🟢 Disciplined,62.0,0.0,,15.0,,32.5,4.3,0.825,0.0,0.0,0.0,0.0,0.495,0.495,0.825,0.165,0.0,0.0,0.1923,0.0,0.0,0.1923,0.0385,0,48,0,0,0.0,34.6,0.217,23.1,0.0,16.4,0.376,0.376,0.357,0.0,0.0,0.25,0.0,0.0,16,16,0.217,0.217,4,4,0,1,376.0,95.3,deep fly ball 376ft 95mph,0.0,,16.59,16.7,False,-1.07,False,,,False,-3.49,3.5,0,0,0,0,0,0,0,,,83.4,19.2,71.4,False,0.0,False,15.4,False,4.3,False,0.0,19.2,0.0,0,---,,,,,False,,False,,False,,False,,,,0,,,False,,False,,False,,False,,,,0,0,,,False,,False,,False,,False,,1.0,1.0,,,,,,,,,,2026-09-27,,,,0.0,0.0,34.6,96.2,8.0,10.8,7.0,,,,,,,,,,,,,,,,,,,,,,,0,nan,547180,26,46.2,7.7,11.5,7.7,50.0,1.0,0.25,False,False,,,,,False,,,,,,False,,,,,,,False,,,,,,,False,,,,,,,,,,,False,,,,,,,False,,,0,0,1.0,0
D,0,PHI,Alec Bohm,R,0,False,,False,Unknown (nan),?,ATL,ATL,PHI,---,02:00 PM,849845,0,0.0,False,False,False,False,0.2601,0,0,0,0,601,25,0,0,6,6,0,0,0.0,,,,,0.2362,0.0,3.08,0.84,1.1,301.0,27,⬜ Neutral,56.0,0.0,,7.8,,26.0,4.1,0.817,0.0,0.0,0.163,0.0,0.163,0.49,0.981,0.327,0.0,0.0,0.2,0.04,0.04,0.24,0.08,0,69,0,1,0.0,28.0,0.121,28.0,0.0,9.2,0.31,0.332,0.297,0.0,0.042,0.22,0.0,0.0,9,9,0.121,0.134,6,6,0,2,367.0,105.3,deep fly ball 367ft 98mph | double 105mph EV | rocket LD 105mph,0.0,,27.26,13.2,False,0.14,False,,,False,1.0,3.0,0,0,0,0,0,0,0,,,91.2,40.0,70.8,False,4.0,False,20.0,False,5.1,False,0.0,20.0,4.0,0,---,,,,,False,,False,,False,,False,,,,0,,,False,,False,,False,,False,,,,0,0,,,False,,False,,False,,False,,1.0,1.0,,,,,,,,,,2026-09-27,,,,0.0,0.0,24.0,80.0,5.7,6.5,7.1,,,,,,,,,,,,,,,,,,,,,,,0,nan,664761,25,40.0,0.0,12.0,0.0,32.0,1.0,0.22,False,False,,,,,False,,,,,,False,,,,,,,False,,,,,,,False,,,,,,,,,,,False,,,,,,,False,,,0,0,1.0,0
D,0,PHI,Brandon Marsh,L,0,False,,False,Unknown (nan),?,ATL,ATL,PHI,---,02:00 PM,849845,1,0.24,True,False,False,False,0.5465,1,0,0,0,539,17,0,0,6,2,0,0,0.0,,,,,0.3129,0.0,3.08,0.84,1.1,301.0,27,⬜ Neutral,56.0,0.0,,6.7,,36.2,3.7,0.863,0.216,0.216,0.216,0.0,0.431,1.51,1.726,0.647,0.0588,0.0588,0.2353,0.1176,0.0588,0.4706,0.1765,1,7,0,2,5.9,35.3,0.161,23.5,16.7,18.9,0.314,0.305,0.321,0.0,0.267,0.384,0.0,0.0,30,30,0.161,0.149,5,5,0,1,373.0,100.1,deep line drive 373ft 100mph | double 100mph EV,0.0,,25.17,7.6,False,0.08,False,,,False,2.93,3.0,0,0,0,0,0,0,0,,,90.9,23.5,69.4,False,5.9,True,17.6,False,9.9,False,5.88,23.5,11.8,0,---,,,,,False,,False,,False,,False,,,,0,,,False,,False,,False,,False,,,,0,0,,,False,,False,,False,,False,,1.0,1.0,,,,,,,,,,2026-09-27,,,,0.0,0.0,47.1,82.4,11.5,15.2,7.2,,,,,,,,,,,,,,,,,,,,,,,0,nan,669016,17,17.6,0.0,41.2,5.9,23.5,1.0,0.384,False,False,,,,,False,,,,,,False,,,,,,,False,,,,,,,False,,,,,,,,,,,False,,,,,,,False,,,0,0,1.0,0
D,0,PHI,J.T. Realmuto,R,0,False,,False,Unknown (nan),?,ATL,ATL,PHI,---,02:00 PM,849845,0,0.0,False,False,False,False,0.2456,0,0,0,0,448,21,0,0,6,4,0,0,0.0,,,,,0.3919,0.0,3.08,0.84,1.1,301.0,27,⬜ Neutral,56.0,0.0,,7.4,,29.8,3.8,0.0,0.0,0.0,0.0,0.0,0.724,0.905,0.0,0.181,0.0,0.0,0.0,0.0,0.0,0.0,0.0476,0,33,0,0,0.0,33.3,0.126,14.3,0.0,16.3,0.276,0.319,0.258,0.0,0.0,0.133,0.0,0.0,9,9,0.126,0.126,4,4,0,1,343.0,97.1,deep fly ball 343ft 97mph,0.0,,27.12,15.3,False,-0.49,False,,,False,-2.68,2.7,0,0,0,0,0,0,0,,,89.1,19.0,72.1,False,0.0,False,14.3,False,11.3,False,0.0,0.0,0.0,0,---,,,,,False,,False,,False,,False,,,,0,,,False,,False,,False,,False,,,,0,0,,,False,,False,,False,,False,,1.0,1.0,,,,,,,,,,2026-09-27,,,,0.0,0.0,42.9,85.7,10.2,9.4,7.3,,,,,,,,,,,,,,,,,,,,,,,0,nan,592663,21,33.3,0.0,23.8,0.0,23.8,0.0,0.133,False,False,,,,,False,,,,,,False,,,,,,,False,,,,,,,False,,,,,,,,,,,False,,,,,,,False,,,0,0,1.0,0
D,0,PHI,Bryson Stott,L,0,False,,False,Unknown (nan),?,ATL,ATL,PHI,---,02:00 PM,849845,0,0.0,False,False,False,False,0.2329,0,0,0,0,578,25,0,0,6,6,0,0,0.0,,,,,0.1584,0.0,3.08,0.84,1.1,301.0,27,🟢 Disciplined,59.0,0.0,,10.0,,30.1,3.9,0.939,0.0,0.0,0.626,0.0,0.783,0.157,1.566,0.313,0.0,0.0,0.24,0.16,0.0,0.4,0.08,0,73,0,0,0.0,48.0,0.154,28.0,0.0,10.9,0.325,0.325,0.338,0.0,0.2,0.413,0.0,0.0,11,11,0.154,0.146,5,5,0,5,345.0,107.4,deep fly ball 345ft 98mph | deep line drive 342ft 94mph | double 94mph EV | double 107mph EV | double 96mph EV | double ,0.0,,24.61,19.6,False,-0.66,False,,,False,-1.56,1.6,0,0,0,0,0,0,0,,,92.0,36.0,69.1,False,0.0,False,20.0,False,9.8,False,0.0,24.0,16.0,0,---,,,,,False,,False,,False,,False,,,,0,,,False,,False,,False,,False,,,,0,0,,,False,,False,,False,,False,,1.0,1.0,,,,,,,,,,2026-09-27,,,,0.0,0.0,36.0,80.0,8.9,6.8,7.1,,,,,,,,,,,,,,,,,,,,,,,0,nan,681082,25,28.0,0.0,4.0,0.0,32.0,0.0,0.413,False,False,,,,,False,,,,,,False,,,,,,,False,,,,,,,False,,,,,,,,,,,False,,,,,,,False,,,0,0,1.0,0
C,1,PHI,Edmundo Sosa,R,0,False,,False,Unknown (nan),?,ATL,ATL,PHI,---,02:00 PM,849845,2,0.8,False,False,False,False,0.3961,2,0,0,0,237,10,0,0,5,1,1,0,0.0,,,,,0.2554,0.0,3.08,0.84,1.1,301.0,27,🟡 Watch,48.0,0.0,,2.6,,52.6,2.9,0.884,0.295,0.295,0.295,0.0,0.0,0.884,2.062,0.295,0.1,0.1,0.3,0.2,0.1,0.7,0.1,1,6,0,3,0.0,10.0,0.196,40.0,16.7,17.3,0.292,0.307,0.3,0.0,0.4,0.426,0.0,0.0,28,28,0.196,0.182,9,9,0,0,0.0,0.0,,0.0,,17.0,1.0,False,0.77,False,,,False,7.47,2.5,0,0,0,0,0,0,0,,,94.6,30.0,73.0,True,10.0,True,20.0,False,7.9,False,10.0,30.0,20.0,0,---,,,,,False,,False,,False,,False,,,,0,,,False,,False,,False,,False,,,,0,0,,,False,,False,,False,,False,,1.0,1.0,,,,,,,,,,2026-09-27,,,,0.0,0.0,40.0,90.0,11.6,7.0,8.0,,,,,,,,,,,,,,,,,,,,,,,0,nan,624641,4,30.0,0.0,30.0,10.0,40.0,1.0,0.426,False,False,,,,,False,,,,,,False,,,,,,,False,,,,,,,False,,,,,,,,,,,False,,,,,,,False,,,0,0,1.0,0
D,0,PHI,Otto Kemp,R,0,False,,False,Unknown (nan),?,ATL,ATL,PHI,---,02:00 PM,849845,2,0.48,True,False,False,False,0.1008,2,0,0,0,18,10,0,0,4,0,1,0,0.0,,,,,0.399,0.0,3.08,0.84,1.1,301.0,27,🔴 Chase Risk,52.0,0.0,,2.4,,33.8,2.6,0.0,0.0,0.0,0.0,0.0,0.0,0.769,0.0,0.0,0.0,0.0,0.0,0.0,0.0,0.0,0.0,0,999,0,0,0.0,50.0,0.0,20.0,,22.2,0.128,0.228,0.128,0.0,0.0,0.0,0.0,0.0,7,7,0.0,0.0,11,11,0,0,0.0,0.0,,0.0,,24.25,36.5,False,1.21,False,,,False,,,0,0,0,0,0,0,0,,,82.9,0.0,72.1,False,0.0,False,30.0,True,24.3,True,0.0,0.0,0.0,0,---,,,,,False,,False,,False,,False,,,,0,,,False,,False,,False,,False,,,,0,0,,,False,,False,,False,,False,,1.0,1.0,,,,,,,,,,2026-09-27,,,,0.0,0.0,70.0,70.0,10.6,11.7,7.6,,,,,,,,,,,,,,,,,,,,,,,0,nan,805249,0,20.0,0.0,30.0,10.0,30.0,0.0,0.0,False,False,,,,,False,,,,,,False,,,,,,,False,,,,,,,False,,,,,,,,,,,False,,,,,,,False,,,0,0,1.0,0
D,0,PHI,Adolis García,R,0,False,,False,Unknown (nan),?,ATL,ATL,PHI,---,02:00 PM,849845,1,0.24,True,False,False,False,0.2168,1,0,0,0,230,10,0,0,3,2,0,0,0.0,,,,,0.3437,0.0,3.08,0.84,1.1,301.0,27,🟢 Disciplined,59.0,0.0,,9.0,,29.8,3.8,0.0,0.0,0.0,0.0,0.0,0.381,2.285,0.0,0.0,0.0,0.0,0.0,0.0,0.0,0.0,0.0,0,6,0,0,0.0,20.0,0.134,0.0,0.0,24.3,0.266,0.295,0.254,0.0,0.0,0.07,0.0,0.0,12,12,0.134,0.134,4,4,0,0,0.0,0.0,,0.0,,27.34,26.9,False,-1.27,False,,,False,-0.43,0.4,0,0,0,1,0,0,0,,,95.0,20.0,70.7,True,0.0,False,0.0,False,-4.3,False,0.0,0.0,0.0,0,---,,,,,False,,False,,False,,False,,,,0,,,False,,False,,False,,False,,,,0,0,,,False,,False,,False,,False,,1.0,1.0,,,,,,,,,,2026-09-27,,,,0.0,0.0,60.0,70.0,9.8,6.6,7.5,,,,,,,,,,,,,,,,,,,,,,,0,nan,666969,0,30.0,0.0,60.0,0.0,30.0,0.0,0.07,False,False,,,,,False,,,,,,False,,,,,,,False,,,,,,,False,,,,,,,,,,,False,,,,,,,False,,,0,0,1.0,0
D,0,PHI,Justin Crawford,L,0,False,,False,Unknown (nan),?,ATL,ATL,PHI,---,02:00 PM,849845,1,0.24,True,False,False,False,0.3257,1,0,0,0,439,17,0,0,6,3,0,0,0.0,,,,,0.2982,0.0,3.08,0.84,1.1,301.0,27,⬜ Neutral,56.0,0.0,,5.9,,37.6,3.2,0.761,0.0,0.0,0.0,0.19,0.0,0.951,1.141,0.761,0.0,0.0,0.2353,0.0588,0.0588,0.3529,0.2353,0,29,0,1,0.0,35.3,0.092,29.4,0.0,10.0,0.294,0.277,0.29,0.0,0.118,0.251,0.0,0.0,11,11,0.092,0.089,4,4,0,2,335.0,100.1,triple 93mph EV | deep fly ball 335ft 100mph,0.0,,40.95,1.3,False,-1.86,False,,,False,4.76,1.1,0,0,1,0,0,0,0,,,88.3,17.6,67.6,False,5.9,True,11.8,False,-1.2,False,0.0,23.5,5.9,0,---,,,,,False,,False,,False,,False,,,,0,,,False,,False,,False,,False,,,,0,0,,,False,,False,,False,,False,,1.0,1.0,,,,,,,,,,2026-09-27,,,,0.0,0.0,47.1,82.4,0.0,18.8,6.7,,,,,,,,,,,,,,,,,,,,,,,0,nan,702222,17,41.2,0.0,29.4,5.9,23.5,0.0,0.251,False,False,,,,,False,,,,,,False,,,,,,,False,,,,,,,False,,,,,,,,,,,False,,,,,,,False,,,0,0,1.0,0
D,0,PHI,Dylan Moore,R,0,False,,False,Unknown (nan),?,ATL,ATL,PHI,---,02:00 PM,849845,0,0.0,True,False,False,False,0.2356,0,0,0,0,9,9,0,0,7,2,0,0,0.0,,,,,0.0,0.0,3.08,0.84,1.1,301.0,27,🟢 Disciplined,62.0,0.0,,14.7,,26.1,1.9,0.0,0.0,0.0,0.0,0.0,0.42,0.63,0.0,0.0,0.0,0.0,0.0,0.0,0.0,0.0,0.0,0,999,0,0,0.0,44.4,0.0,11.1,0.0,,,,0.155,0.0,0.0,0.155,0.0,0.0,2,2,0.0,0.0,4,4,0,0,0.0,0.0,,0.0,,29.27,21.7,False,0.0,False,,,False,,,4,0,0,0,0,0,0,,,92.0,22.2,74.6,False,0.0,False,11.1,False,47.5,False,0.0,0.0,0.0,0,---,,,,,False,,False,,False,,False,,,,0,,,False,,False,,False,,False,,,,0,0,,,False,,False,,False,,False,,1.0,1.0,,,,,,,,,,2026-09-27,,,,0.0,0.0,44.4,66.7,7.6,10.7,7.1,,,,,,,,,,,,,,,,,,,,,,,0,nan,664238,0,0.0,22.2,33.3,0.0,0.0,0.0,0.155,False,False,,,,,False,,,,,,False,,,,,,,False,,,,,,,False,,,,,,,,,,,False,,,,,,,False,,,0,0,1.0,0
D,0,PHI,Rafael Marchán,L,0,False,,False,Unknown (nan),?,ATL,ATL,PHI,---,02:00 PM,849845,0,0.0,True,False,False,False,0.12,0,0,0,0,83,10,0,0,4,0,0,0,0.0,,,,,0.3312,0.0,3.08,0.84,1.1,301.0,27,⬜ Neutral,56.0,0.0,,4.8,,33.3,2.9,0.0,0.0,0.0,0.0,0.0,0.0,0.292,0.0,0.0,0.0,0.0,0.0,0.0,0.0,0.0,0.0,0,23,0,0,0.0,10.0,0.066,30.0,,8.4,0.159,0.221,0.159,0.0,0.0,0.0,0.0,0.0,4,4,0.066,0.066,8,8,0,0,0.0,0.0,,0.0,,33.22,26.9,False,0.58,False,,,False,0.0,0.0,1,0,0,0,0,0,0,,,67.1,0.0,60.0,False,0.0,False,20.0,False,29.4,False,0.0,0.0,0.0,0,---,,,,,False,,False,,False,,False,,,,0,,,False,,False,,False,,False,,,,0,0,,,False,,False,,False,,False,,1.0,1.0,,,,,,,,,,2026-09-27,,,,0.0,0.0,50.0,80.0,15.1,7.1,6.9,,,,,,,,,,,,,,,,,,,,,,,0,nan,665561,0,30.0,30.0,10.0,10.0,40.0,0.0,0.0,False,False,,,,,False,,,,,,False,,,,,,,False,,,,,,,False,,,,,,,,,,,False,,,,,,,False,,,0,0,1.0,0
D,0,PHI,Felix Reyes,R,0,False,,False,Unknown (nan),?,ATL,ATL,PHI,---,02:00 PM,849845,0,0.0,False,False,False,False,0.3082,0,0,0,0,39,10,0,0,4,3,0,0,0.0,,,,,0.7076,0.0,3.08,0.84,1.1,301.0,27,⬜ Neutral,52.0,0.0,,0.0,,52.9,3.1,0.627,0.0,0.0,0.0,0.0,0.0,0.627,0.627,0.0,0.0,0.0,0.2,0.0,0.0,0.2,0.0,0,36,0,0,0.0,10.0,0.105,30.0,0.0,20.5,0.182,0.256,0.183,0.0,0.0,0.196,0.0,0.0,8,8,0.105,0.105,12,12,0,0,0.0,0.0,,0.0,,24.53,9.3,False,1.47,False,,,False,0.0,0.0,4,0,0,0,0,0,0,,,90.9,30.0,76.5,False,0.0,False,0.0,False,-1.4,False,0.0,20.0,0.0,0,---,,,,,False,,False,,False,,False,,,,0,,,False,,False,,False,,False,,,,0,0,,,False,,False,,False,,False,,1.0,1.0,,,,,,,,,,2026-09-27,,,,0.0,0.0,60.0,50.0,4.3,10.8,7.3,,,,,,,,,,,,,,,,,,,,,,,0,nan,694025,0,40.0,0.0,20.0,0.0,50.0,0.0,0.196,False,False,,,,,False,,,,,,False,,,,,,,False,,,,,,,False,,,,,,,,,,,False,,,,,,,False,,,0,0,1.0,0
D,0,PHI,Garrett Stubbs,L,0,False,,False,Unknown (nan),?,ATL,ATL,PHI,---,02:00 PM,849845,1,0.24,True,False,False,False,0.04,1,0,0,0,65,10,0,0,4,0,1,0,0.0,,,,,0.019,0.0,3.08,0.84,1.1,301.0,27,⬜ Neutral,56.0,0.0,,6.2,,38.0,3.0,0.296,0.0,0.0,0.0,0.0,0.296,1.185,0.296,0.0,0.0,0.0,0.1,0.0,0.0,0.1,0.0,0,999,0,0,0.0,30.0,0.0,10.0,0.0,20.0,0.177,0.215,0.176,0.0,0.0,0.158,0.0,0.0,3,3,0.0,0.0,4,4,0,0,0.0,0.0,,0.0,,39.23,19.3,False,-0.77,False,,,False,0.0,0.0,8,0,0,0,0,0,0,,,87.5,0.0,66.0,False,0.0,False,30.0,True,21.0,False,0.0,10.0,0.0,0,---,,,,,False,,False,,False,,False,,,,0,,,False,,False,,False,,False,,,,0,0,,,False,,False,,False,,False,,1.0,1.0,,,,,,,,,,2026-09-27,,,,0.0,0.0,20.0,80.0,10.3,8.9,7.2,,,,,,,,,,,,,,,,,,,,,,,0,nan,596117,2,20.0,0.0,40.0,0.0,10.0,0.0,0.158,False,False,,,,,False,,,,,,False,,,,,,,False,,,,,,,False,,,,,,,,,,,False,,,,,,,False,,,0,0,1.0,0
D,0,PHI,Steward Berroa,R,0,False,,False,Unknown (nan),?,ATL,ATL,PHI,---,02:00 PM,849845,1,0.24,True,False,False,False,0.2412,1,0,0,0,7,7,0,0,3,0,0,0,0.0,,,,,0.0,0.0,3.08,0.84,1.1,301.0,27,🔴 Chase Risk,44.0,0.0,,0.0,,,3.8,0.543,0.0,0.0,0.0,0.0,0.0,2.171,0.543,0.0,0.0,0.0,0.1429,0.0,0.0,0.1429,0.0,0,999,0,0,0.0,0.0,0.0,28.6,,,,,0.126,0.0,0.0,0.126,0.0,0.0,5,5,0.0,0.0,4,4,0,0,0.0,0.0,,0.0,,,,False,0.0,False,,,False,,,4,0,0,0,0,0,0,,,90.7,0.0,70.1,False,0.0,False,14.3,False,23.3,True,0.0,14.3,0.0,0,---,,,,,False,,False,,False,,False,,,,0,,,False,,False,,False,,False,,,,0,0,,,False,,False,,False,,False,,1.0,1.0,,,,,,,,,,2026-09-27,,,,0.0,0.0,42.9,71.4,13.5,13.1,6.9,,,,,,,,,,,,,,,,,,,,,,,0,nan,672642,0,0.0,0.0,57.1,14.3,14.3,0.0,0.126,False,False,,,,,False,,,,,,False,,,,,,,False,,,,,,,False,,,,,,,,,,,False,,,,,,,False,,,0,0,1.0,0
D,0,PHI,Gabriel Rincones Jr.,L,0,False,,False,Unknown (nan),?,ATL,ATL,PHI,---,02:00 PM,849845,1,0.24,True,False,False,False,0.4507,1,0,0,0,89,10,0,0,4,1,0,0,0.0,,,,,0.1276,0.0,3.08,0.84,1.1,301.0,27,🔴 Chase Risk,52.0,0.0,,2.2,,46.6,3.1,0.307,0.0,0.0,0.0,0.0,0.307,1.841,0.307,0.0,0.0,0.0,0.1,0.0,0.0,0.1,0.0,0,36,0,0,0.0,20.0,0.119,0.0,,22.5,0.226,0.207,0.222,0.0,0.0,0.161,0.0,0.0,14,14,0.119,0.119,4,4,0,0,0.0,0.0,,0.0,,30.22,8.2,False,-1.16,False,,,False,-1.12,1.1,3,0,0,0,0,0,0,,,77.5,10.0,70.7,False,0.0,False,20.0,False,9.7,False,0.0,10.0,0.0,0,---,,,,,False,,False,,False,,False,,,,0,,,False,,False,,False,,False,,,,0,0,,,False,,False,,False,,False,,1.0,1.0,,,,,,,,,,2026-09-27,,,,0.0,0.0,60.0,40.0,12.6,8.9,7.2,,,,,,,,,,,,,,,,,,,,,,,0,nan,687282,0,10.0,0.0,60.0,20.0,20.0,1.0,0.161,True,False,,,,,False,,,,,,False,,,,,,,False,,,,,,,False,,,,,,,,,,,False,,,,,,,False,,,0,0,1.0,0
C,1,PHI,Derek Hill,R,0,False,,False,Unknown (nan),?,ATL,ATL,PHI,---,02:00 PM,849845,2,0.8,False,False,False,False,0.5489,2,0,0,0,203,10,0,0,5,2,0,0,0.0,,,,,0.2911,0.0,3.08,0.84,1.1,301.0,27,⬜ Neutral,56.0,0.0,,6.0,,34.6,2.6,0.265,0.265,0.265,0.0,0.0,0.0,0.53,1.06,0.265,0.1,0.1,0.1,0.1,0.1,0.4,0.1,1,4,0,2,10.0,30.0,0.207,10.0,14.3,21.2,0.317,0.287,0.31,0.0,0.3,0.21,0.0,0.0,30,30,0.207,0.201,4,4,0,1,334.0,100.8,deep line drive 334ft 101mph,0.0,,19.96,-5.5,False,-0.88,False,,,False,5.07,4.9,0,0,0,0,0,0,0,,,89.1,30.0,70.9,False,10.0,True,40.0,True,12.6,False,10.0,10.0,10.0,0,---,,,,,False,,False,,False,,False,,,,0,,,False,,False,,False,,False,,,,0,0,,,False,,False,,False,,False,,1.0,1.0,,,,,,,,,,2026-09-27,,,,0.0,0.0,40.0,90.0,14.4,7.3,6.8,,,,,,,,,,,,,,,,,,,,,,,0,nan,656537,4,30.0,0.0,20.0,10.0,40.0,2.0,0.21,False,False,,,,,False,,,,,,False,,,,,,,False,,,,,,,False,,,,,,,,,,,False,,,,,,,False,,,0,0,1.0,0
D,0,PHI,Bryan De La Cruz,R,0,False,,False,Unknown (nan),?,ATL,ATL,PHI,---,02:00 PM,849845,1,0.4,False,False,False,False,0.2451,1,0,0,0,86,12,0,0,4,2,1,1,25.0,,,,,0.1993,0.0,3.08,0.84,1.1,301.0,27,⬜ Neutral,56.0,0.0,,7.9,,32.8,2.9,0.239,0.0,0.0,0.239,0.0,0.716,0.477,0.477,0.0,0.0,0.0,0.0833,0.0833,0.0833,0.1667,0.0,0,55,0,2,0.0,33.3,0.131,33.3,0.0,16.3,0.346,0.302,0.341,0.0,0.111,0.28,0.0,0.0,13,13,0.131,0.133,11,11,0,2,385.0,106.4,rocket LD 106mph | deep line drive 385ft 103mph | double 103mph EV,0.0,,35.23,15.8,False,1.24,False,,,False,5.97,2.3,0,0,0,0,0,0,0,,,90.8,25.0,72.2,False,8.3,True,8.3,False,7.3,False,0.0,8.3,8.3,0,---,,,,,False,,False,,False,,False,,,,0,,,False,,False,,False,,False,,,,0,0,,,False,,False,,False,,False,,1.0,1.0,,,,,,,,,,2026-09-27,,,,0.0,0.0,50.0,75.0,16.4,5.7,7.8,,,,,,,,,,,,,,,,,,,,,,,0,nan,650559,12,16.7,0.0,16.7,0.0,25.0,0.0,0.28,False,False,,,,,False,,,,,,False,,,,,,,False,,,,,,,False,,,,,,,,,,,False,,,,,,,False,,,0,0,1.0,0
D,0,PHI,Luis Arraez,L,0,False,,False,Unknown (nan),?,ATL,ATL,PHI,---,02:00 PM,849845,1,0.4,False,False,False,False,0.2641,1,0,0,0,617,16,0,0,4,4,0,0,0.0,,,,,0.2406,0.0,3.08,0.84,1.1,301.0,27,⬜ Neutral,56.0,0.0,,5.1,,33.1,4.3,0.815,0.0,0.0,0.0,0.0,0.0,0.0,0.815,0.543,0.0,0.0,0.1875,0.0,0.0,0.1875,0.125,0,110,0,0,0.0,18.8,0.109,37.5,0.0,2.8,0.328,0.315,0.312,0.0,0.0,0.166,0.0,0.0,11,11,0.109,0.109,5,5,0,2,361.0,97.2,deep fly ball 361ft 97mph | deep fly ball 332ft 90mph,0.0,,17.2,14.5,False,-0.16,False,,,False,-0.97,1.0,0,0,0,0,0,0,0,,,90.3,37.5,63.4,False,0.0,False,43.8,True,21.4,False,0.0,18.8,0.0,0,---,,,,,False,,False,,False,,False,,,,0,,,False,,False,,False,,False,,,,0,0,,,False,,False,,False,,False,,1.0,1.0,,,,,,,,,,2026-09-27,,,,0.0,0.0,43.8,93.8,10.7,5.2,5.9,,,,,,,,,,,,,,,,,,,,,,,0,nan,650333,16,37.5,6.2,0.0,12.5,50.0,1.0,0.166,False,False,,,,,False,,,,,,False,,,,,,,False,,,,,,,False,,,,,,,,,,,False,,,,,,,False,,,0,0,1.0,0
D,0,PHI,Johan Rojas,R,0,False,,False,Unknown (nan),?,ATL,ATL,PHI,---,02:00 PM,849845,0,0.0,False,False,False,False,0.0,0,0,0,0,0,0,0,0,0,0,0,0,0.0,,,,,0.0,0.0,3.08,0.84,1.1,301.0,27,🟢 Disciplined,62.0,0.0,,18.2,,,2.2,,,0.0,,,,,,,0.0,,,,,,,0,999,0,0,,,0.0,,,,,,0.0,0.0,0.0,0.0,0.0,0.0,0,0,0.0,0.0,4,4,0,0,0.0,0.0,,0.0,,,,False,,False,,,False,,,1,0,0,0,0,0,0,,,,,,False,,False,,False,,False,,,,0,---,,,,,False,,False,,False,,False,,,,0,,,False,,False,,False,,False,,,,0,0,,,False,,False,,False,,False,,1.0,1.0,,,,,,,,,,2026-09-27,,,,0.0,0.0,,,,,,,,,,,,,,,,,,,,,,,,,,,,0,nan,679032,0,,,,,,,,False,False,,,,,False,,,,,,False,,,,,,,False,,,,,,,False,,,,,,,,,,,False,,,,,,,False,,,0,0,1.0,0
D,0,PHI,René Pinto,R,0,False,,False,Unknown (nan),?,ATL,ATL,PHI,---,02:00 PM,849845,0,0.0,False,False,False,False,0.0,0,0,0,0,0,0,0,0,0,0,0,0,0.0,,,,,0.0,0.0,3.08,0.84,1.1,301.0,27,🔴 Chase Risk,52.0,0.0,,0.0,,,3.8,,,0.0,,,,,,,0.0,,,,,,,0,999,0,0,,,0.0,,,,,,0.0,0.0,0.0,0.0,0.0,0.0,0,0,0.0,0.0,4,4,0,0,0.0,0.0,,0.0,,,,False,,False,,,False,,,1,0,0,0,0,0,0,,,,,,False,,False,,False,,False,,,,0,---,,,,,False,,False,,False,,False,,,,0,,,False,,False,,False,,False,,,,0,0,,,False,,False,,False,,False,,1.0,1.0,,,,,,,,,,2026-09-27,,,,0.0,0.0,,,,,,,,,,,,,,,,,,,,,,,,,,,,0,nan,650907,0,,,,,,,,False,False,,,,,False,,,,,,False,,,,,,,False,,,,,,,False,,,,,,,,,,,False,,,,,,,False,,,0,0,1.0,0
D,0,PHI,Pedro León,R,0,False,,False,Unknown (nan),?,ATL,ATL,PHI,---,02:00 PM,849845,0,0.0,False,False,False,False,0.0,0,0,0,0,0,0,0,0,0,0,0,0,0.0,,,,,0.0,0.0,3.08,0.84,1.1,301.0,27,⬜ Neutral,52.0,0.0,,0.0,,,3.8,,,0.0,,,,,,,0.0,,,,,,,0,999,0,0,,,0.0,,,,,,0.0,0.0,0.0,0.0,0.0,0.0,0,0,0.0,0.0,4,4,0,0,0.0,0.0,,0.0,,,,False,,False,,,False,,,1,0,0,0,0,0,0,,,,,,False,,False,,False,,False,,,,0,---,,,,,False,,False,,False,,False,,,,0,,,False,,False,,False,,False,,,,0,0,,,False,,False,,False,,False,,1.0,1.0,,,,,,,,,,2026-09-27,,,,0.0,0.0,,,,,,,,,,,,,,,,,,,,,,,,,,,,0,nan,694175,0,,,,,,,,False,False,,,,,False,,,,,,False,,,,,,,False,,,,,,,False,,,,,,,,,,,False,,,,,,,False,,,0,0,1.0,0
D,0,PHI,Bryson Ware,R,0,False,,False,Unknown (nan),?,ATL,ATL,PHI,---,02:00 PM,849845,0,0.0,False,False,False,False,0.0,0,0,0,0,0,0,0,0,0,0,0,0,0.0,,,,,0.0,0.0,3.08,0.84,1.1,301.0,27,🟢 Disciplined,62.0,0.0,,33.3,,,3.8,,,0.0,,,,,,,0.0,,,,,,,0,999,0,0,,,0.0,,,,,,0.0,0.0,0.0,0.0,0.0,0.0,0,0,0.0,0.0,4,4,0,0,0.0,0.0,,0.0,,,,False,,False,,,False,,,1,0,0,0,0,0,0,,,,,,False,,False,,False,,False,,,,0,---,,,,,False,,False,,False,,False,,,,0,,,False,,False,,False,,False,,,,0,0,,,False,,False,,False,,False,,1.0,1.0,,,,,,,,,,2026-09-27,,,,0.0,0.0,,,,,,,,,,,,,,,,,,,,,,,,,,,,0,nan,694310,0,,,,,,,,False,False,,,,,False,,,,,,False,,,,,,,False,,,,,,,False,,,,,,,,,,,False,,,,,,,False,,,0,0,1.0,0
D,0,PHI,Liover Peguero,R,0,False,,False,Unknown (nan),?,ATL,ATL,PHI,---,02:00 PM,849845,0,0.0,False,False,False,False,0.0,0,0,0,0,0,0,0,0,0,0,0,0,0.0,,,,,0.0,0.0,3.08,0.84,1.1,301.0,27,🔴 Chase Risk,44.0,0.0,,0.0,,,2.1,,,0.0,,,,,,,0.0,,,,,,,0,999,0,0,,,0.0,,,,,,0.0,0.0,0.0,0.0,0.0,0.0,0,0,0.0,0.0,4,4,0,0,0.0,0.0,,0.0,,,,False,,False,,,False,,,1,0,0,0,0,0,0,,,,,,False,,False,,False,,False,,,,0,---,,,,,False,,False,,False,,False,,,,0,,,False,,False,,False,,False,,,,0,0,,,False,,False,,False,,False,,1.0,1.0,,,,,,,,,,2026-09-27,,,,0.0,0.0,,,,,,,,,,,,,,,,,,,,,,,,,,,,0,nan,678894,0,,,,,,,,False,False,,,,,False,,,,,,False,,,,,,,False,,,,,,,False,,,,,,,,,,,False,,,,,,,False,,,0,0,1.0,0
D,0,PHI,Christian Cairo,R,0,False,,False,Unknown (nan),?,ATL,ATL,PHI,---,02:00 PM,849845,0,0.0,False,False,False,False,0.0,0,0,0,0,0,0,0,0,0,0,0,0,0.0,,,,,0.0,0.0,3.08,0.84,1.1,301.0,27,⬜ Neutral,56.0,0.0,,6.7,,,2.1,,,0.0,,,,,,,0.0,,,,,,,0,999,0,0,,,0.0,,,,,,0.0,0.0,0.0,0.0,0.0,0.0,0,0,0.0,0.0,4,4,0,0,0.0,0.0,,0.0,,,,False,,False,,,False,,,1,0,0,0,0,0,0,,,,,,False,,False,,False,,False,,,,0,---,,,,,False,,False,,False,,False,,,,0,,,False,,False,,False,,False,,,,0,0,,,False,,False,,False,,False,,1.0,1.0,,,,,,,,,,2026-09-27,,,,0.0,0.0,,,,,,,,,,,,,,,,,,,,,,,,,,,,0,nan,686551,0,,,,,,,,False,False,,,,,False,,,,,,False,,,,,,,False,,,,,,,False,,,,,,,,,,,False,,,,,,,False,,,0,0,1.0,0
D,0,PHI,Robert Moore,L,0,False,,False,Unknown (nan),?,ATL,ATL,PHI,---,02:00 PM,849845,0,0.0,False,False,False,False,0.0,0,0,0,0,0,0,0,0,0,0,0,0,0.0,,,,,0.0,0.0,3.08,0.84,1.1,301.0,27,🔴 Chase Risk,52.0,0.0,,0.0,,,3.8,,,0.0,,,,,,,0.0,,,,,,,0,999,0,0,,,0.0,,,,,,0.0,0.0,0.0,0.0,0.0,0.0,0,0,0.0,0.0,4,4,0,0,0.0,0.0,,0.0,,,,False,,False,,,False,,,1,0,0,0,0,0,0,,,,,,False,,False,,False,,False,,,,0,---,,,,,False,,False,,False,,False,,,,0,,,False,,False,,False,,False,,,,0,0,,,False,,False,,False,,False,,1.0,1.0,,,,,,,,,,2026-09-27,,,,0.0,0.0,,,,,,,,,,,,,,,,,,,,,,,,,,,,0,nan,691001,0,,,,,,,,False,False,,,,,False,,,,,,False,,,,,,,False,,,,,,,False,,,,,,,,,,,False,,,,,,,False,,,0,0,1.0,0
D,0,PHI,Paul McIntosh,R,0,False,,False,Unknown (nan),?,ATL,ATL,PHI,---,02:00 PM,849845,0,0.0,False,False,False,False,0.0,0,0,0,0,0,0,0,0,0,0,0,0,0.0,,,,,0.0,0.0,3.08,0.84,1.1,301.0,27,⬜ Neutral,56.0,0.0,,0.0,,,3.8,,,0.0,,,,,,,0.0,,,,,,,0,999,0,0,,,0.0,,,,,,0.0,0.0,0.0,0.0,0.0,0.0,0,0,0.0,0.0,4,4,0,0,0.0,0.0,,0.0,,,,False,,False,,,False,,,1,0,0,0,0,0,0,,,,,,False,,False,,False,,False,,,,0,---,,,,,False,,False,,False,,False,,,,0,,,False,,False,,False,,False,,,,0,0,,,False,,False,,False,,False,,1.0,1.0,,,,,,,,,,2026-09-27,,,,0.0,0.0,,,,,,,,,,,,,,,,,,,,,,,,,,,,0,nan,682192,0,,,,,,,,False,False,,,,,False,,,,,,False,,,,,,,False,,,,,,,False,,,,,,,,,,,False,,,,,,,False,,,0,0,1.0,0
D,0,PHI,Austin Murr,L,0,False,,False,Unknown (nan),?,ATL,ATL,PHI,---,02:00 PM,849845,0,0.0,False,False,False,False,0.0,0,0,0,0,0,0,0,0,0,0,0,0,0.0,,,,,0.0,0.0,3.08,0.84,1.1,301.0,27,⬜ Neutral,56.0,0.0,,0.0,,,3.8,,,0.0,,,,,,,0.0,,,,,,,0,999,0,0,,,0.0,,,,,,0.0,0.0,0.0,0.0,0.0,0.0,0,0,0.0,0.0,4,4,0,0,0.0,0.0,,0.0,,,,False,,False,,,False,,,1,0,0,0,0,0,0,,,,,,False,,False,,False,,False,,,,0,---,,,,,False,,False,,False,,False,,,,0,,,False,,False,,False,,False,,,,0,0,,,False,,False,,False,,False,,1.0,1.0,,,,,,,,,,2026-09-27,,,,0.0,0.0,,,,,,,,,,,,,,,,,,,,,,,,,,,,0,nan,689456,0,,,,,,,,False,False,,,,,False,,,,,,False,,,,,,,False,,,,,,,False,,,,,,,,,,,False,,,,,,,False,,,0,0,1.0,0
D,0,PHI,Cade Fergus,R,0,False,,False,Unknown (nan),?,ATL,ATL,PHI,---,02:00 PM,849845,0,0.0,False,False,False,False,0.0,0,0,0,0,0,0,0,0,0,0,0,0,0.0,,,,,0.0,0.0,3.08,0.84,1.1,301.0,27,🟢 Disciplined,62.0,0.0,,50.0,,,3.8,,,0.0,,,,,,,0.0,,,,,,,0,999,0,0,,,0.0,,,,,,0.0,0.0,0.0,0.0,0.0,0.0,0,0,0.0,0.0,4,4,0,0,0.0,0.0,,0.0,,,,False,,False,,,False,,,1,0,0,0,0,0,0,,,,,,False,,False,,False,,False,,,,0,---,,,,,False,,False,,False,,False,,,,0,,,False,,False,,False,,False,,,,0,0,,,False,,False,,False,,False,,1.0,1.0,,,,,,,,,,2026-09-27,,,,0.0,0.0,,,,,,,,,,,,,,,,,,,,,,,,,,,,0,nan,681495,0,,,,,,,,False,False,,,,,False,,,,,,False,,,,,,,False,,,,,,,False,,,,,,,,,,,False,,,,,,,False,,,0,0,1.0,0
D,0,PHI,Trent Farquhar,L,0,False,,False,Unknown (nan),?,ATL,ATL,PHI,---,02:00 PM,849845,0,0.0,False,False,False,False,0.0,0,0,0,0,0,0,0,0,0,0,0,0,0.0,,,,,0.0,0.0,3.08,0.84,1.1,301.0,27,🟢 Disciplined,66.0,0.0,,33.3,,,3.8,,,0.0,,,,,,,0.0,,,,,,,0,999,0,0,,,0.0,,,,,,0.0,0.0,0.0,0.0,0.0,0.0,0,0,0.0,0.0,4,4,0,0,0.0,0.0,,0.0,,,,False,,False,,,False,,,1,0,0,0,0,0,0,,,,,,False,,False,,False,,False,,,,0,---,,,,,False,,False,,False,,False,,,,0,,,False,,False,,False,,False,,,,0,0,,,False,,False,,False,,False,,1.0,1.0,,,,,,,,,,2026-09-27,,,,0.0,0.0,,,,,,,,,,,,,,,,,,,,,,,,,,,,0,nan,802531,0,,,,,,,,False,False,,,,,False,,,,,,False,,,,,,,False,,,,,,,False,,,,,,,,,,,False,,,,,,,False,,,0,0,1.0,0
D,0,PHI,Devin Saltiban,R,0,False,,False,Unknown (nan),?,ATL,ATL,PHI,---,02:00 PM,849845,0,0.0,False,False,False,False,0.0,0,0,0,0,0,0,0,0,0,0,0,0,0.0,,,,,0.0,0.0,3.08,0.84,1.1,301.0,27,🟡 Watch,44.0,0.0,,0.0,,,3.8,,,0.0,,,,,,,0.0,,,,,,,0,999,0,0,,,0.0,,,,,,0.0,0.0,0.0,0.0,0.0,0.0,0,0,0.0,0.0,4,4,0,0,0.0,0.0,,0.0,,,,False,,False,,,False,,,1,0,0,0,0,0,0,,,,,,False,,False,,False,,False,,,,0,---,,,,,False,,False,,False,,False,,,,0,,,False,,False,,False,,False,,,,0,0,,,False,,False,,False,,False,,1.0,1.0,,,,,,,,,,2026-09-27,,,,0.0,0.0,,,,,,,,,,,,,,,,,,,,,,,,,,,,0,nan,813880,0,,,,,,,,False,False,,,,,False,,,,,,False,,,,,,,False,,,,,,,False,,,,,,,,,,,False,,,,,,,False,,,0,0,1.0,0
D,0,PHI,Alex Binelas,L,0,False,,False,Unknown (nan),?,ATL,ATL,PHI,---,02:00 PM,849845,0,0.0,False,False,False,False,0.0,0,0,0,0,0,0,0,0,0,0,0,0,0.0,,,,,0.0,0.0,3.08,0.84,1.1,301.0,27,🟢 Disciplined,62.0,0.0,,50.0,,,3.8,,,0.0,,,,,,,0.0,,,,,,,0,999,0,0,,,0.0,,,,,,0.0,0.0,0.0,0.0,0.0,0.0,0,0,0.0,0.0,4,4,0,0,0.0,0.0,,0.0,,,,False,,False,,,False,,,1,0,0,0,0,0,0,,,,,,False,,False,,False,,False,,,,0,---,,,,,False,,False,,False,,False,,,,0,,,False,,False,,False,,False,,,,0,0,,,False,,False,,False,,False,,1.0,1.0,,,,,,,,,,2026-09-27,,,,0.0,0.0,,,,,,,,,,,,,,,,,,,,,,,,,,,,0,nan,681323,0,,,,,,,,False,False,,,,,False,,,,,,False,,,,,,,False,,,,,,,False,,,,,,,,,,,False,,,,,,,False,,,0,0,1.0,0
D,0,PHI,Nathan Humphreys,L,0,False,,False,Unknown (nan),?,ATL,ATL,PHI,---,02:00 PM,849845,0,0.0,False,False,False,False,0.0,0,0,0,0,0,0,0,0,0,0,0,0,0.0,,,,,0.0,0.0,3.08,0.84,1.1,301.0,27,🔴 Chase Risk,44.0,0.0,,0.0,,,3.8,,,0.0,,,,,,,0.0,,,,,,,0,999,0,0,,,0.0,,,,,,0.0,0.0,0.0,0.0,0.0,0.0,0,0,0.0,0.0,4,4,0,0,0.0,0.0,,0.0,,,,False,,False,,,False,,,1,0,0,0,0,0,0,,,,,,False,,False,,False,,False,,,,0,---,,,,,False,,False,,False,,False,,,,0,,,False,,False,,False,,False,,,,0,0,,,False,,False,,False,,False,,1.0,1.0,,,,,,,,,,2026-09-27,,,,0.0,0.0,,,,,,,,,,,,,,,,,,,,,,,,,,,,0,nan,801537,0,,,,,,,,False,False,,,,,False,,,,,,False,,,,,,,False,,,,,,,False,,,,,,,,,,,False,,,,,,,False,,,0,0,1.0,0
D,0,PHI,Jack Barker,L,0,False,,False,Unknown (nan),?,ATL,ATL,PHI,---,02:00 PM,849845,0,0.0,False,False,False,False,0.0,0,0,0,0,0,0,0,0,0,0,0,0,0.0,,,,,0.0,0.0,3.08,0.84,1.1,301.0,27,⬜ Neutral,52.0,0.0,,0.0,,,3.8,,,0.0,,,,,,,0.0,,,,,,,0,999,0,0,,,0.0,,,,,,0.0,0.0,0.0,0.0,0.0,0.0,0,0,0.0,0.0,4,4,0,0,0.0,0.0,,0.0,,,,False,,False,,,False,,,1,0,0,0,0,0,0,,,,,,False,,False,,False,,False,,,,0,---,,,,,False,,False,,False,,False,,,,0,,,False,,False,,False,,False,,,,0,0,,,False,,False,,False,,False,,1.0,1.0,,,,,,,,,,2026-09-27,,,,0.0,0.0,,,,,,,,,,,,,,,,,,,,,,,,,,,,0,nan,835716,0,,,,,,,,False,False,,,,,False,,,,,,False,,,,,,,False,,,,,,,False,,,,,,,,,,,False,,,,,,,False,,,0,0,1.0,0
D,0,PHI,Brady Day,L,0,False,,False,Unknown (nan),?,ATL,ATL,PHI,---,02:00 PM,849845,0,0.0,False,False,False,False,0.0,0,0,0,0,0,0,0,0,0,0,0,0,0.0,,,,,0.0,0.0,3.08,0.84,1.1,301.0,27,🔴 Chase Risk,52.0,0.0,,0.0,,,3.8,,,0.0,,,,,,,0.0,,,,,,,0,999,0,0,,,0.0,,,,,,0.0,0.0,0.0,0.0,0.0,0.0,0,0,0.0,0.0,4,4,0,0,0.0,0.0,,0.0,,,,False,,False,,,False,,,1,0,0,0,0,0,0,,,,,,False,,False,,False,,False,,,,0,---,,,,,False,,False,,False,,False,,,,0,,,False,,False,,False,,False,,,,0,0,,,False,,False,,False,,False,,1.0,1.0,,,,,,,,,,2026-09-27,,,,0.0,0.0,,,,,,,,,,,,,,,,,,,,,,,,,,,,0,nan,800953,0,,,,,,,,False,False,,,,,False,,,,,,False,,,,,,,False,,,,,,,False,,,,,,,,,,,False,,,,,,,False,,,0,0,1.0,0
D,0,PHI,Kodey Shojinaga,R,0,False,,False,Unknown (nan),?,ATL,ATL,PHI,---,02:00 PM,849845,0,0.0,False,False,False,False,0.0,0,0,0,0,0,0,0,0,0,0,0,0,0.0,,,,,0.0,0.0,3.08,0.84,1.1,301.0,27,⬜ Neutral,52.0,0.0,,0.0,,,3.8,,,0.0,,,,,,,0.0,,,,,,,0,999,0,0,,,0.0,,,,,,0.0,0.0,0.0,0.0,0.0,0.0,0,0,0.0,0.0,4,4,0,0,0.0,0.0,,0.0,,,,False,,False,,,False,,,1,0,0,0,0,0,0,,,,,,False,,False,,False,,False,,,,0,---,,,,,False,,False,,False,,False,,,,0,,,False,,False,,False,,False,,,,0,0,,,False,,False,,False,,False,,1.0,1.0,,,,,,,,,,2026-09-27,,,,0.0,0.0,,,,,,,,,,,,,,,,,,,,,,,,,,,,0,nan,809975,0,,,,,,,,False,False,,,,,False,,,,,,False,,,,,,,False,,,,,,,False,,,,,,,,,,,False,,,,,,,False,,,0,0,1.0,0
D,0,PHI,Erick Brito,R,0,False,,False,Unknown (nan),?,ATL,ATL,PHI,---,02:00 PM,849845,0,0.0,False,False,False,False,0.0,0,0,0,0,0,0,0,0,0,0,0,0,0.0,,,,,0.0,0.0,3.08,0.84,1.1,301.0,27,🟡 Watch,44.0,0.0,,0.0,,,3.8,,,0.0,,,,,,,0.0,,,,,,,0,999,0,0,,,0.0,,,,,,0.0,0.0,0.0,0.0,0.0,0.0,0,0,0.0,0.0,4,4,0,0,0.0,0.0,,0.0,,,,False,,False,,,False,,,1,0,0,0,0,0,0,,,,,,False,,False,,False,,False,,,,0,---,,,,,False,,False,,False,,False,,,,0,,,False,,False,,False,,False,,,,0,0,,,False,,False,,False,,False,,1.0,1.0,,,,,,,,,,2026-09-27,,,,0.0,0.0,,,,,,,,,,,,,,,,,,,,,,,,,,,,0,nan,684081,0,,,,,,,,False,False,,,,,False,,,,,,False,,,,,,,False,,,,,,,False,,,,,,,,,,,False,,,,,,,False,,,0,0,1.0,0
D,0,PHI,Raylin Heredia,R,0,False,,False,Unknown (nan),?,ATL,ATL,PHI,---,02:00 PM,849845,0,0.0,False,False,False,False,0.0,0,0,0,0,0,0,0,0,0,0,0,0,0.0,,,,,0.0,0.0,3.08,0.84,1.1,301.0,27,🔴 Chase Risk,44.0,0.0,,0.0,,,3.8,,,0.0,,,,,,,0.0,,,,,,,0,999,0,0,,,0.0,,,,,,0.0,0.0,0.0,0.0,0.0,0.0,0,0,0.0,0.0,4,4,0,0,0.0,0.0,,0.0,,,,False,,False,,,False,,,1,0,0,0,0,0,0,,,,,,False,,False,,False,,False,,,,0,---,,,,,False,,False,,False,,False,,,,0,,,False,,False,,False,,False,,,,0,0,,,False,,False,,False,,False,,1.0,1.0,,,,,,,,,,2026-09-27,,,,0.0,0.0,,,,,,,,,,,,,,,,,,,,,,,,,,,,0,nan,699712,0,,,,,,,,False,False,,,,,False,,,,,,False,,,,,,,False,,,,,,,False,,,,,,,,,,,False,,,,,,,False,,,0,0,1.0,0
D,0,PHI,Manolfi Jimenez,L,0,False,,False,Unknown (nan),?,ATL,ATL,PHI,---,02:00 PM,849845,0,0.0,False,False,False,False,0.0,0,0,0,0,0,0,0,0,0,0,0,0,0.0,,,,,0.0,0.0,3.08,0.84,1.1,301.0,27,🔴 Chase Risk,48.0,0.0,,0.0,,,3.8,,,0.0,,,,,,,0.0,,,,,,,0,999,0,0,,,0.0,,,,,,0.0,0.0,0.0,0.0,0.0,0.0,0,0,0.0,0.0,4,4,0,0,0.0,0.0,,0.0,,,,False,,False,,,False,,,1,0,0,0,0,0,0,,,,,,False,,False,,False,,False,,,,0,---,,,,,False,,False,,False,,False,,,,0,,,False,,False,,False,,False,,,,0,0,,,False,,False,,False,,False,,1.0,1.0,,,,,,,,,,2026-09-27,,,,0.0,0.0,,,,,,,,,,,,,,,,,,,,,,,,,,,,0,nan,800272,0,,,,,,,,False,False,,,,,False,,,,,,False,,,,,,,False,,,,,,,False,,,,,,,,,,,False,,,,,,,False,,,0,0,1.0,0
C,1,ATL,Ronald Acuña Jr.,R,0,False,,False,Unknown (nan),?,PHI,ATL,PHI,---,02:00 PM,849845,2,0.8,False,False,False,False,0.3039,2,0,0,0,434,19,0,0,5,1,0,0,0.0,,,,,0.3566,0.0,4.21,1.05,1.31,462.0,17,🟢 Disciplined,59.0,0.0,,11.8,,28.6,4.4,0.691,0.0,0.0,0.0,0.0,0.23,0.691,0.691,0.23,0.0,0.0,0.1579,0.0,0.1053,0.1579,0.0526,0,18,0,2,0.0,26.3,0.196,31.6,0.0,16.6,0.357,0.369,0.337,0.0,0.0,0.176,0.0,0.0,20,20,0.196,0.196,4,4,0,4,372.0,104.1,deep line drive 359ft 104mph | deep fly ball 372ft 104mph | deep fly ball 355ft 104mph | deep fly ball 358ft 93mph,0.0,,24.83,13.5,False,-1.93,False,,,False,4.51,6.0,0,0,2,0,0,1,0,,,83.6,21.1,73.4,False,10.5,True,26.3,True,6.0,False,0.0,15.8,0.0,0,---,,,,,False,,False,,False,,False,,,,0,,,False,,False,,False,,False,,,,0,0,,,False,,False,,False,,False,,1.0,1.0,,,,,,,,,,2026-09-27,,,,0.0,0.0,42.1,78.9,9.1,9.6,7.5,,,,,,,,,,,,,,,,,,,,,,,0,nan,660670,19,42.1,0.0,15.8,5.3,42.1,3.0,0.176,False,False,,,,,False,,,,,,False,,,,,,,False,,,,,,,False,,,,,,,,,,,False,,,,,,,False,,,0,0,1.0,0
C,1,ATL,Drake Baldwin,L,0,False,,False,Unknown (nan),?,PHI,ATL,PHI,---,02:00 PM,849845,2,0.8,False,False,False,False,0.3123,2,0,0,0,577,28,0,0,6,5,1,1,16.7,,,,,0.3096,0.0,4.21,1.05,1.31,462.0,17,🟢 Disciplined,59.0,0.0,,9.6,,34.4,4.4,1.268,0.158,0.158,0.158,0.0,0.475,0.793,1.902,0.317,0.0357,0.0357,0.2857,0.0714,0.1071,0.4286,0.0714,1,0,1,2,0.0,17.9,0.173,25.0,6.2,16.3,0.358,0.388,0.362,0.0,0.16,0.385,0.0,0.0,28,28,0.173,0.175,5,5,0,5,406.0,107.9,deep fly ball 353ft 94mph | deep fly ball 393ft 104mph | deep fly ball 406ft 105mph | double 101mph EV | rocket LD 108mp,0.0,,27.06,14.1,False,-0.21,False,,,False,5.85,4.9,0,0,3,1,0,0,0,,,93.2,39.3,73.4,True,10.7,True,17.9,False,-3.5,False,3.57,28.6,7.1,0,---,,,,,False,,False,,False,,False,,,,0,,,False,,False,,False,,False,,,,0,0,,,False,,False,,False,,False,,1.0,1.0,,,,,,,,,,2026-09-27,,,,0.0,0.0,53.6,85.7,12.5,10.5,7.4,,,,,,,,,,,,,,,,,,,,,,,0,nan,686948,28,42.9,0.0,17.9,3.6,32.1,4.0,0.385,False,False,,,,,False,,,,,,False,,,,,,,False,,,,,,,False,,,,,,,,,,,False,,,,,,,False,,,0,0,1.0,0
C,1,ATL,Matt Olson,L,0,False,,False,Unknown (nan),?,PHI,ATL,PHI,---,02:00 PM,849845,2,0.8,False,False,False,False,0.3043,2,0,0,0,654,25,0,0,6,6,0,0,0.0,,,,,0.2717,0.0,4.21,1.05,1.31,462.0,17,🟢 Disciplined,59.0,0.0,,8.5,,27.9,4.3,0.682,0.171,0.171,0.171,0.0,0.171,0.512,1.365,0.682,0.04,0.04,0.16,0.08,0.04,0.32,0.16,1,10,0,3,0.0,44.0,0.241,16.0,7.7,16.5,0.351,0.358,0.334,0.0,0.182,0.233,0.0,0.0,22,22,0.241,0.251,7,7,0,4,355.0,104.7,double 68mph EV | rocket LD 105mph | deep fly ball 348ft 101mph | deep fly ball 355ft 99mph,0.0,,33.41,13.6,False,0.11,False,,,False,-1.05,5.0,0,0,0,0,0,0,0,,,95.6,56.0,74.8,True,4.0,False,32.0,True,21.4,False,4.0,16.0,8.0,0,---,,,,,False,,False,,False,,False,,,,0,,,False,,False,,False,,False,,,,0,0,,,False,,False,,False,,False,,1.0,1.0,,,,,,,,,,2026-09-27,,,,0.0,0.0,40.0,80.0,6.7,9.6,7.3,,,,,,,,,,,,,,,,,,,,,,,0,nan,621566,25,36.0,8.0,12.0,4.0,32.0,2.0,0.233,False,False,,,,,False,,,,,,False,,,,,,,False,,,,,,,False,,,,,,,,,,,False,,,,,,,False,,,0,0,1.0,0
B,2,ATL,Austin Riley,R,0,False,,False,Unknown (nan),?,PHI,ATL,PHI,---,02:00 PM,849845,3,1.2,False,False,False,False,0.3844,3,0,0,0,590,20,0,0,5,4,1,1,20.0,,,,,0.2782,0.0,4.21,1.05,1.31,462.0,17,⬜ Neutral,56.0,0.0,,7.3,,32.6,4.0,0.79,0.395,0.395,0.0,0.0,0.198,1.383,1.975,0.593,0.1,0.1,0.2,0.1,0.15,0.5,0.15,2,8,0,2,5.0,20.0,0.167,30.0,25.0,21.9,0.291,0.302,0.296,0.0,0.333,0.333,0.0,0.0,33,33,0.167,0.145,4,4,0,0,0.0,0.0,,0.0,,25.34,19.0,False,-0.58,False,,,False,10.93,4.1,0,0,1,1,0,0,0,,,94.5,30.0,73.5,True,15.0,True,25.0,True,17.7,False,10.0,20.0,10.0,0,---,,,,,False,,False,,False,,False,,,,0,,,False,,False,,False,,False,,,,0,0,,,False,,False,,False,,False,,1.0,1.0,,,,,,,,,,2026-09-27,,,,0.0,0.0,50.0,85.0,9.3,10.7,7.4,,,,,,,,,,,,,,,,,,,,,,,0,nan,663586,20,20.0,0.0,35.0,5.0,25.0,2.0,0.333,False,False,,,,,False,,,,,,False,,,,,,,False,,,,,,,False,,,,,,,,,,,False,,,,,,,False,,,0,0,1.0,0
D,0,ATL,Mike Yastrzemski,L,0,False,,False,Unknown (nan),?,PHI,ATL,PHI,---,02:00 PM,849845,0,0.0,True,False,False,False,0.3589,0,0,0,0,370,18,0,0,6,3,0,0,0.0,,,,,0.3174,0.0,4.21,1.05,1.31,462.0,17,🟢 Disciplined,59.0,0.0,,10.2,,26.2,2.9,0.487,0.162,0.162,0.0,0.0,0.487,0.649,0.973,0.649,0.0556,0.0556,0.1667,0.0556,0.0,0.3333,0.2222,1,11,0,0,0.0,38.9,0.16,16.7,10.0,13.8,0.321,0.323,0.322,0.0,0.2,0.331,0.0,0.0,20,20,0.16,0.155,4,4,0,2,352.0,102.5,deep line drive 352ft 102mph | deep fly ball 349ft 96mph,0.0,,30.24,14.1,False,-0.22,False,,,False,-1.89,1.9,0,0,0,0,0,0,0,,,91.7,33.3,71.0,False,0.0,False,16.7,False,34.3,False,5.56,16.7,5.6,0,---,,,,,False,,False,,False,,False,,,,0,,,False,,False,,False,,False,,,,0,0,,,False,,False,,False,,False,,1.0,1.0,,,,,,,,,,2026-09-27,,,,0.0,0.0,44.4,83.3,13.8,7.5,7.4,,,,,,,,,,,,,,,,,,,,,,,0,nan,573262,18,5.6,22.2,22.2,11.1,22.2,1.0,0.331,False,False,,,,,False,,,,,,False,,,,,,,False,,,,,,,False,,,,,,,,,,,False,,,,,,,False,,,0,0,1.0,0
D,0,ATL,Ozzie Albies,L,0,False,,False,Unknown (nan),?,PHI,ATL,PHI,---,02:00 PM,849845,0,0.0,True,False,False,False,0.3171,0,0,0,0,642,24,0,0,6,3,3,1,16.7,,,,,0.2145,0.0,4.21,1.05,1.31,462.0,17,⬜ Neutral,56.0,0.0,,7.3,,38.1,4.2,0.524,0.0,0.0,0.0,0.0,0.175,1.397,0.524,0.349,0.0,0.0,0.125,0.0,0.0,0.125,0.0833,0,33,0,0,0.0,45.8,0.154,8.3,0.0,12.5,0.298,0.278,0.276,0.0,0.0,0.141,0.0,0.0,11,11,0.154,0.154,4,4,0,0,0.0,0.0,,0.0,,20.99,17.0,False,-0.24,False,,,False,-1.4,1.4,0,0,0,0,0,0,0,,,81.9,12.5,64.3,False,0.0,False,16.7,False,18.3,False,0.0,12.5,0.0,0,---,,,,,False,,False,,False,,False,,,,0,,,False,,False,,False,,False,,,,0,0,,,False,,False,,False,,False,,1.0,1.0,,,,,,,,,,2026-09-27,,,,0.0,0.0,58.3,79.2,13.8,10.2,7.4,,,,,,,,,,,,,,,,,,,,,,,0,nan,645277,24,29.2,12.5,33.3,8.3,41.7,0.0,0.141,False,False,,,,,False,,,,,,False,,,,,,,False,,,,,,,False,,,,,,,,,,,False,,,,,,,False,,,0,0,1.0,0
D,0,ATL,Dominic Smith,L,0,False,,False,Unknown (nan),?,PHI,ATL,PHI,---,02:00 PM,849845,1,0.24,True,False,False,False,0.6862,1,0,0,0,278,10,0,0,5,1,1,1,20.0,,,,,0.2134,0.0,4.21,1.05,1.31,462.0,17,⬜ Neutral,56.0,0.0,,7.8,,31.2,2.8,0.282,0.282,0.282,0.0,0.0,0.563,0.845,1.127,0.563,0.1,0.1,0.1,0.1,0.1,0.4,0.2,1,0,1,2,10.0,50.0,0.145,20.0,20.0,10.1,0.297,0.308,0.3,0.0,0.375,0.35,0.0,0.0,25,25,0.145,0.13,7,7,0,0,0.0,0.0,,0.0,,14.19,15.5,False,0.47,False,,,False,8.92,1.1,2,0,1,1,1,0,0,,,85.7,10.0,69.1,False,10.0,True,10.0,False,18.6,False,10.0,10.0,10.0,0,---,,,,,False,,False,,False,,False,,,,0,,,False,,False,,False,,False,,,,0,0,,,False,,False,,False,,False,,1.0,1.0,,,,,,,,,,2026-09-27,,,,0.0,0.0,50.0,60.0,1.8,11.1,6.6,,,,,,,,,,,,,,,,,,,,,,,0,nan,642086,5,10.0,10.0,30.0,10.0,10.0,1.0,0.35,False,False,,,,,False,,,,,,False,,,,,,,False,,,,,,,False,,,,,,,,,,,False,,,,,,,False,,,0,0,1.0,0
C,1,ATL,Michael Harris II,L,0,False,,False,Unknown (nan),?,PHI,ATL,PHI,---,02:00 PM,849845,1,0.4,False,False,False,False,0.5832,1,0,0,0,594,25,0,0,6,5,0,0,0.0,,,,,0.4189,0.0,4.21,1.05,1.31,462.0,17,⬜ Neutral,52.0,0.0,,3.4,,45.1,4.0,1.453,0.0,0.0,0.646,0.0,0.323,0.323,2.099,0.323,0.0,0.0,0.36,0.16,0.12,0.52,0.08,0,27,0,2,12.0,16.0,0.193,32.0,0.0,15.0,0.354,0.337,0.366,0.0,0.174,0.436,0.0,0.0,30,30,0.193,0.196,6,6,0,8,393.0,110.8,rocket LD 108mph | deep line drive 350ft 111mph | double 111mph EV | deep fly ball 343ft 97mph | double 110mph EV | deep,0.0,,28.19,13.5,False,-0.6,False,,,False,9.14,2.9,0,0,2,0,1,1,1,,,91.2,52.0,74.0,False,12.0,True,16.0,False,11.8,False,0.0,36.0,16.0,0,---,,,,,False,,False,,False,,False,,,,0,,,False,,False,,False,,False,,,,0,0,,,False,,False,,False,,False,,1.0,1.0,,,,,,,,,,2026-09-27,,,,0.0,0.0,52.0,88.0,6.8,8.2,7.8,,,,,,,,,,,,,,,,,,,,,,,0,nan,671739,25,36.0,8.0,8.0,4.0,40.0,2.0,0.436,False,False,,,,,False,,,,,,False,,,,,,,False,,,,,,,False,,,,,,,,,,,False,,,,,,,False,,,0,0,1.0,0
D,0,ATL,Mauricio Dubón,R,0,False,,False,Unknown (nan),?,PHI,ATL,PHI,---,02:00 PM,849845,0,0.0,True,False,False,False,0.3147,0,0,0,0,578,21,0,0,5,2,0,0,0.0,,,,,0.3067,0.0,4.21,1.05,1.31,462.0,17,⬜ Neutral,56.0,0.0,,5.9,,37.7,4.0,1.147,0.0,0.0,0.191,0.0,0.191,0.573,1.338,0.191,0.0,0.0,0.2857,0.0476,0.0,0.3333,0.0476,0,71,0,0,0.0,33.3,0.114,23.8,0.0,8.5,0.309,0.303,0.308,0.0,0.053,0.304,0.0,0.0,9,9,0.114,0.122,4,4,0,3,337.0,105.6,double 81mph EV | rocket LD 106mph | deep fly ball 337ft 94mph,0.0,,27.8,23.4,False,-0.2,False,,,False,-1.21,1.2,0,0,0,0,0,0,0,,,78.8,9.5,65.4,False,0.0,False,14.3,False,12.3,False,0.0,28.6,4.8,0,---,,,,,False,,False,,False,,False,,,,0,,,False,,False,,False,,False,,,,0,0,,,False,,False,,False,,False,,1.0,1.0,,,,,,,,,,2026-09-27,,,,0.0,0.0,57.1,71.4,5.1,9.5,7.3,,,,,,,,,,,,,,,,,,,,,,,0,nan,643289,21,42.9,9.5,14.3,4.8,28.6,0.0,0.304,False,False,,,,,False,,,,,,False,,,,,,,False,,,,,,,False,,,,,,,,,,,False,,,,,,,False,,,0,0,1.0,0
D,0,ATL,Kyle Farmer,R,0,False,,False,Unknown (nan),?,PHI,ATL,PHI,---,02:00 PM,849845,0,0.0,True,False,False,False,0.2227,0,0,0,0,15,10,0,0,6,1,0,0,0.0,,,,,0.142,0.0,4.21,1.05,1.31,462.0,17,⬜ Neutral,48.0,0.0,,3.3,,59.3,2.8,0.555,0.0,0.0,0.0,0.0,0.0,1.109,0.555,0.0,0.0,0.0,0.2,0.0,0.0,0.2,0.0,0,999,0,0,0.0,0.0,0.056,10.0,0.0,20.0,0.202,0.173,0.2,0.0,0.0,0.177,0.0,0.0,5,5,0.056,0.056,4,4,0,0,0.0,0.0,,0.0,,32.51,21.0,False,-1.85,False,,,False,,,14,0,0,0,0,0,0,,,77.2,20.0,63.7,False,0.0,False,0.0,False,-5.2,False,0.0,20.0,0.0,0,---,,,,,False,,False,,False,,False,,,,0,,,False,,False,,False,,False,,,,0,0,,,False,,False,,False,,False,,1.0,1.0,,,,,,,,,,2026-09-27,,,,0.0,0.0,70.0,100.0,10.1,14.7,6.7,,,,,,,,,,,,,,,,,,,,,,,0,nan,571657,0,50.0,0.0,40.0,0.0,20.0,0.0,0.177,False,False,,,,,False,,,,,,False,,,,,,,False,,,,,,,False,,,,,,,,,,,False,,,,,,,False,,,0,0,1.0,0
D,0,ATL,José Azocar,R,0,False,,False,Unknown (nan),?,PHI,ATL,PHI,---,02:00 PM,849845,0,0.0,True,False,False,False,0.2222,0,0,0,0,18,10,0,0,6,1,0,0,0.0,,,,,0.0,0.0,4.21,1.05,1.31,462.0,17,🟡 Watch,48.0,0.0,,6.7,,48.7,2.3,0.923,0.0,0.0,0.462,0.0,0.231,0.462,1.385,0.0,0.0,0.0,0.4,0.2,0.0,0.6,0.0,0,999,0,0,0.0,10.0,0.124,40.0,0.0,16.7,0.376,0.294,0.384,0.0,0.222,0.5,0.0,0.0,11,11,0.124,0.118,5,5,0,0,0.0,0.0,,0.0,,32.58,12.0,False,0.17,False,,,False,,,0,0,0,0,0,0,0,,,80.3,20.0,62.6,False,0.0,False,10.0,False,0.6,False,0.0,40.0,20.0,0,---,,,,,False,,False,,False,,False,,,,0,,,False,,False,,False,,False,,,,0,0,,,False,,False,,False,,False,,1.0,1.0,,,,,,,,,,2026-09-27,,,,0.0,0.0,60.0,60.0,-2.4,21.5,6.5,,,,,,,,,,,,,,,,,,,,,,,0,nan,640492,0,40.0,0.0,20.0,0.0,30.0,0.0,0.5,False,False,,,,,False,,,,,,False,,,,,,,False,,,,,,,False,,,,,,,,,,,False,,,,,,,False,,,0,0,1.0,0
C,1,ATL,Sean Murphy,R,0,False,,False,Unknown (nan),?,PHI,ATL,PHI,---,02:00 PM,849845,2,0.48,True,False,False,False,0.2451,2,0,0,0,117,13,0,0,4,2,0,0,0.0,,,,,0.7193,0.0,4.21,1.05,1.31,462.0,17,🟢 Disciplined,59.0,0.0,,9.3,,34.6,3.7,0.283,0.0,0.0,0.0,0.0,0.567,1.134,0.283,0.0,0.0,0.0,0.0769,0.0,0.0769,0.0769,0.0,0,44,0,1,0.0,38.5,0.118,23.1,0.0,23.1,0.246,0.278,0.24,0.0,0.0,0.175,0.0,0.0,14,14,0.118,0.118,6,6,0,3,344.0,108.3,deep fly ball 344ft 99mph | deep fly ball 338ft 99mph | rocket LD 108mph,0.0,,26.17,9.3,False,0.33,False,,,False,2.57,5.1,0,1,1,0,0,0,0,,,93.1,30.8,70.8,True,7.7,True,15.4,False,7.3,False,0.0,7.7,0.0,0,---,,,,,False,,False,,False,,False,,,,0,,,False,,False,,False,,False,,,,0,0,,,False,,False,,False,,False,,1.0,1.0,,,,,,,,,,2026-09-27,,,,0.0,0.0,46.2,84.6,14.6,9.5,7.9,,,,,,,,,,,,,,,,,,,,,,,0,nan,669221,13,23.1,0.0,30.8,0.0,30.8,0.0,0.175,False,True,,,,,False,,,,,,False,,,,,,,False,,,,,,,False,,,,,,,,,,,False,,,,,,,False,,,0,0,1.0,0
D,0,ATL,Jim Jarvis,L,0,False,,False,Unknown (nan),?,PHI,ATL,PHI,---,02:00 PM,849845,0,0.0,False,False,False,False,0.2439,0,0,0,0,124,10,0,0,3,2,0,0,0.0,,,,,0.323,0.0,4.21,1.05,1.31,462.0,17,⬜ Neutral,56.0,0.0,,6.3,,28.0,3.2,0.0,0.0,0.0,0.0,0.0,0.646,0.646,0.0,0.0,0.0,0.0,0.0,0.0,0.0,0.0,0.0,0,87,0,0,0.0,50.0,0.09,20.0,0.0,11.3,0.246,0.259,0.239,0.0,0.0,0.139,0.0,0.0,7,7,0.09,0.09,5,5,0,0,0.0,0.0,,0.0,,25.33,-1.2,False,0.06,False,,,False,-1.61,1.6,2,0,0,0,0,0,0,,,92.7,30.0,71.1,False,0.0,False,10.0,False,2.3,False,0.0,0.0,0.0,0,---,,,,,False,,False,,False,,False,,,,0,,,False,,False,,False,,False,,,,0,0,,,False,,False,,False,,False,,1.0,1.0,,,,,,,,,,2026-09-27,,,,0.0,0.0,40.0,80.0,3.5,9.6,7.1,,,,,,,,,,,,,,,,,,,,,,,0,nan,805347,0,30.0,0.0,20.0,0.0,30.0,0.0,0.139,False,False,,,,,False,,,,,,False,,,,,,,False,,,,,,,False,,,,,,,,,,,False,,,,,,,False,,,0,0,1.0,0
D,0,ATL,Ha-Seong Kim,R,0,False,,False,Unknown (nan),?,PHI,ATL,PHI,---,02:00 PM,849845,0,0.0,False,False,False,False,0.2993,0,0,0,0,139,15,0,0,4,2,0,0,0.0,,,,,0.0761,0.0,4.21,1.05,1.31,462.0,17,🟢 Disciplined,59.0,0.0,,9.4,,26.8,3.2,0.216,0.0,0.0,0.0,0.216,0.216,0.862,0.647,0.0,0.0,0.0,0.0667,0.0667,0.0,0.2,0.0,0,999,0,0,0.0,40.0,0.035,13.3,0.0,15.8,0.174,0.212,0.172,0.0,0.154,0.154,0.0,0.0,5,5,0.035,0.023,9,9,0,3,348.0,103.0,deep fly ball 348ft 95mph | triple 103mph EV | rocket LD 103mph | rocket LD 101mph,0.0,,35.11,28.8,False,0.81,False,,,False,-1.44,1.4,2,0,0,0,0,0,0,,,73.7,20.0,59.8,False,0.0,False,20.0,False,30.1,False,0.0,6.7,6.7,0,---,,,,,False,,False,,False,,False,,,,0,,,False,,False,,False,,False,,,,0,0,,,False,,False,,False,,False,,1.0,1.0,,,,,,,,,,2026-09-27,,,,0.0,0.0,33.3,93.3,0.4,23.9,5.9,,,,,,,,,,,,,,,,,,,,,,,0,nan,673490,15,20.0,13.3,26.7,6.7,20.0,0.0,0.154,False,False,,,,,False,,,,,,False,,,,,,,False,,,,,,,False,,,,,,,,,,,False,,,,,,,False,,,0,0,1.0,0
D,0,ATL,Sandy León,L,0,False,,False,Unknown (nan),?,PHI,ATL,PHI,---,02:00 PM,849845,0,0.0,True,False,False,False,0.1944,0,0,0,0,40,10,0,0,4,2,0,0,0.0,,,,,0.0342,0.0,4.21,1.05,1.31,462.0,17,🔴 Chase Risk,56.0,0.0,,4.4,,40.0,2.2,0.45,0.0,0.0,0.0,0.0,0.0,0.9,0.45,0.0,0.0,0.0,0.2,0.0,0.0,0.2,0.0,0,999,0,0,0.0,30.0,0.0,20.0,0.0,20.0,0.088,0.146,0.094,0.0,0.0,0.177,0.0,0.0,2,2,0.0,0.0,4,4,0,0,0.0,0.0,,0.0,,33.3,20.7,False,-2.15,False,,,False,0.0,0.0,2,0,0,0,0,0,0,,,81.8,20.0,64.4,False,0.0,False,0.0,False,1.0,False,0.0,20.0,0.0,0,---,,,,,False,,False,,False,,False,,,,0,,,False,,False,,False,,False,,,,0,0,,,False,,False,,False,,False,,1.0,1.0,,,,,,,,,,2026-09-27,,,,0.0,0.0,30.0,100.0,14.3,8.2,6.8,,,,,,,,,,,,,,,,,,,,,,,0,nan,506702,0,40.0,0.0,40.0,0.0,40.0,0.0,0.177,False,False,,,,,False,,,,,,False,,,,,,,False,,,,,,,False,,,,,,,,,,,False,,,,,,,False,,,0,0,1.0,0
B,2,ATL,Rowdy Tellez,L,0,False,,False,Unknown (nan),?,PHI,ATL,PHI,---,02:00 PM,849845,4,1.6,False,False,False,False,0.3295,4,0,0,0,11,10,0,0,6,2,2,2,33.3,,,,,0.5939,0.0,4.21,1.05,1.31,462.0,17,🔴 Chase Risk,48.0,0.0,,3.4,,29.6,2.2,0.446,0.223,0.223,0.0,0.0,0.223,0.669,1.115,0.0,0.1,0.1,0.2,0.1,0.2,0.5,0.0,1,5,0,2,0.0,20.0,0.302,40.0,20.0,27.3,0.335,0.52,0.337,0.0,0.333,0.368,0.0,0.0,31,31,0.302,0.3,6,6,0,0,0.0,0.0,,0.0,,24.48,17.8,False,0.21,False,,,False,,,6,1,2,1,0,0,0,,,93.9,30.0,75.3,True,20.0,True,30.0,True,22.0,True,10.0,20.0,10.0,0,---,,,,,False,,False,,False,,False,,,,0,,,False,,False,,False,,False,,,,0,0,,,False,,False,,False,,False,,1.0,1.0,,,,,,,,,,2026-09-27,,,,0.0,0.0,60.0,90.0,8.9,4.9,7.6,,,,,,,,,,,,,,,,,,,,,,,0,nan,642133,0,10.0,0.0,30.0,10.0,30.0,2.0,0.368,False,True,,,,,False,,,,,,False,,,,,,,False,,,,,,,False,,,,,,,,,,,False,,,,,,,False,,,0,0,1.0,0
D,0,ATL,Jair Camargo,R,0,False,,False,Unknown (nan),?,PHI,ATL,PHI,---,02:00 PM,849845,0,0.0,False,False,False,False,0.2583,0,0,0,0,2,2,0,0,1,1,0,0,0.0,,,,,0.0,0.0,4.21,1.05,1.31,462.0,17,🔴 Chase Risk,48.0,0.0,,0.0,,,3.8,,,0.0,,,,,,,0.0,,,,,,,0,999,0,0,0.0,0.0,0.5,50.0,,,,,0.636,0.0,0.5,0.636,0.0,0.0,39,39,0.5,0.5,6,6,0,0,0.0,0.0,,0.0,,,,False,,False,,,False,,,1,0,0,0,0,0,0,,,108.1,50.0,75.2,False,0.0,False,0.0,False,18.0,False,0.0,50.0,50.0,0,---,,,,,False,,False,,False,,False,,,,0,,,False,,False,,False,,False,,,,0,0,,,False,,False,,False,,False,,1.0,1.0,,,,,,,,,,2026-09-27,,,,0.0,0.0,50.0,100.0,15.8,,8.1,,,,,,,,,,,,,,,,,,,,,,,0,nan,665856,0,0.0,0.0,50.0,0.0,0.0,0.0,0.636,False,False,,,,,False,,,,,,False,,,,,,,False,,,,,,,False,,,,,,,,,,,False,,,,,,,False,,,0,0,1.0,0
D,0,ATL,Brewer Hicklen,R,0,False,,False,Unknown (nan),?,PHI,ATL,PHI,---,02:00 PM,849845,0,0.0,True,False,False,False,0.2301,0,0,0,0,43,10,0,0,4,1,0,0,0.0,,,,,0.1098,0.0,4.21,1.05,1.31,462.0,17,🟢 Disciplined,62.0,0.0,,19.6,,28.3,3.1,0.0,0.0,0.0,0.0,0.0,0.307,1.533,0.0,0.0,0.0,0.0,0.0,0.0,0.0,0.0,0.0,0,999,0,0,0.0,30.0,0.128,0.0,0.0,27.9,0.36,0.306,0.342,0.0,0.0,0.07,0.0,0.0,10,10,0.128,0.128,7,7,0,0,0.0,0.0,,0.0,,30.98,15.8,False,0.47,False,,,False,-4.65,4.7,0,0,0,0,0,0,0,,,88.7,10.0,72.4,False,0.0,False,10.0,False,18.8,False,0.0,0.0,0.0,0,---,,,,,False,,False,,False,,False,,,,0,,,False,,False,,False,,False,,,,0,0,,,False,,False,,False,,False,,1.0,1.0,,,,,,,,,,2026-09-27,,,,0.0,0.0,60.0,80.0,13.8,9.8,7.8,,,,,,,,,,,,,,,,,,,,,,,0,nan,676551,9,20.0,10.0,50.0,0.0,30.0,0.0,0.07,False,False,,,,,False,,,,,,False,,,,,,,False,,,,,,,False,,,,,,,,,,,False,,,,,,,False,,,0,0,1.0,0
D,0,ATL,Victor Mederos,R,0,False,,False,Unknown (nan),?,PHI,ATL,PHI,---,02:00 PM,849845,0,0.0,False,False,False,False,0.2074,0,0,0,0,1,1,0,0,1,1,0,0,0.0,,,,,0.0,0.0,4.21,1.05,1.31,462.0,17,⬜ Neutral,52.0,0.0,,0.0,,,3.8,,,0.0,,,,,,,0.0,,,,,,,0,999,0,0,0.0,0.0,0.0,0.0,,,,,0.883,0.0,0.0,0.883,0.0,0.0,22,22,0.0,0.0,7,7,0,0,0.0,0.0,,0.0,,,,False,,False,,,False,,,1,0,0,0,0,0,0,,,103.7,100.0,,False,0.0,False,0.0,False,5.0,False,0.0,100.0,0.0,0,---,,,,,False,,False,,False,,False,,,,0,,,False,,False,,False,,False,,,,0,0,,,False,,False,,False,,False,,1.0,1.0,,,,,,,,,,2026-09-27,,,,0.0,0.0,0.0,100.0,,,,,,,,,,,,,,,,,,,,,,,,,,0,nan,682989,0,100.0,0.0,0.0,0.0,100.0,0.0,0.883,False,False,,,,,False,,,,,,False,,,,,,,False,,,,,,,False,,,,,,,,,,,False,,,,,,,False,,,0,0,1.0,0
D,0,ATL,Lane Thomas,R,0,False,,False,Unknown (nan),?,PHI,ATL,PHI,---,02:00 PM,849845,0,0.0,True,False,False,False,0.0434,0,0,0,0,356,10,0,0,4,0,0,0,0.0,,,,,0.3359,0.0,4.21,1.05,1.31,462.0,17,🟢 Disciplined,59.0,0.0,,11.6,,20.6,3.3,0.0,0.0,0.0,0.0,0.0,0.334,1.672,0.0,0.0,0.0,0.0,0.0,0.0,0.0,0.0,0.0,0,30,0,0,0.0,20.0,0.16,10.0,,13.8,0.316,0.308,0.301,0.0,0.0,0.07,0.0,0.0,8,8,0.16,0.16,15,15,0,0,0.0,0.0,,0.0,,28.49,33.7,False,2.75,True,,,False,-1.4,1.4,2,0,0,0,0,0,0,,,71.5,0.0,75.4,False,0.0,False,0.0,False,9.2,False,0.0,0.0,0.0,0,---,,,,,False,,False,,False,,False,,,,0,,,False,,False,,False,,False,,,,0,0,,,False,,False,,False,,False,,1.0,1.0,,,,,,,,,,2026-09-27,,,,0.0,0.0,40.0,70.0,7.8,8.3,7.0,,,,,,,,,,,,,,,,,,,,,,,0,nan,657041,0,30.0,10.0,50.0,0.0,30.0,0.0,0.07,False,False,,,,,False,,,,,,False,,,,,,,False,,,,,,,False,,,,,,,,,,,False,,,,,,,False,,,0,0,1.0,0
D,0,ATL,DaShawn Keirsey Jr.,L,0,False,,False,Unknown (nan),?,PHI,ATL,PHI,---,02:00 PM,849845,0,0.0,False,False,False,False,0.1,0,0,0,0,1,1,0,0,1,0,0,0,0.0,,,,,0.0,0.0,4.21,1.05,1.31,462.0,17,🔴 Chase Risk,52.0,0.0,,0.0,,,3.8,,,0.0,,,,,,,0.0,,,,,,,0,999,0,0,0.0,0.0,0.0,100.0,,,,,0.883,0.0,0.0,0.883,0.0,0.0,21,21,0.0,0.0,4,4,0,0,0.0,0.0,,0.0,,,,False,,False,,,False,,,1,0,0,0,0,0,0,,,87.8,0.0,,False,0.0,False,0.0,False,15.0,False,0.0,100.0,0.0,0,---,,,,,False,,False,,False,,False,,,,0,,,False,,False,,False,,False,,,,0,0,,,False,,False,,False,,False,,1.0,1.0,,,,,,,,,,2026-09-27,,,,0.0,0.0,100.0,0.0,,,,,,,,,,,,,,,,,,,,,,,,,,0,nan,680577,0,0.0,0.0,0.0,0.0,100.0,0.0,0.883,False,False,,,,,False,,,,,,False,,,,,,,False,,,,,,,False,,,,,,,,,,,False,,,,,,,False,,,0,0,1.0,0
D,0,ATL,Brett Wisely,L,0,False,,False,Unknown (nan),?,PHI,ATL,PHI,---,02:00 PM,849845,0,0.0,False,False,False,False,0.0,0,0,0,0,0,0,0,0,0,0,0,0,0.0,,,,,0.0,0.0,4.21,1.05,1.31,462.0,17,⬜ Neutral,56.0,0.0,,6.7,,,3.0,,,0.0,,,,,,,0.0,,,,,,,0,999,0,0,,,0.0,,,,,,0.0,0.0,0.0,0.0,0.0,0.0,0,0,0.0,0.0,4,4,0,0,0.0,0.0,,0.0,,25.01,2.1,False,,False,,,False,,,1,0,0,0,0,0,0,,,,,,False,,False,,False,,False,,,,0,---,,,,,False,,False,,False,,False,,,,0,,,False,,False,,False,,False,,,,0,0,,,False,,False,,False,,False,,1.0,1.0,,,,,,,,,,2026-09-27,,,,0.0,0.0,,,,,,,,,,,,,,,,,,,,,,,,,,,,0,nan,689172,0,,,,,,,,False,False,,,,,False,,,,,,False,,,,,,,False,,,,,,,False,,,,,,,,,,,False,,,,,,,False,,,0,0,1.0,0
D,0,ATL,Ben Gamel,L,0,False,,False,Unknown (nan),?,PHI,ATL,PHI,---,02:00 PM,849845,0,0.0,False,False,False,False,0.0,0,0,0,0,0,0,0,0,0,0,0,0,0.0,,,,,0.0,0.0,4.21,1.05,1.31,462.0,17,🔴 Chase Risk,52.0,0.0,,0.0,,,3.8,,,0.0,,,,,,,0.0,,,,,,,0,999,0,0,,,0.0,,,,,,0.0,0.0,0.0,0.0,0.0,0.0,0,0,0.0,0.0,4,4,0,0,0.0,0.0,,0.0,,,,False,,False,,,False,,,1,0,0,0,0,0,0,,,,,,False,,False,,False,,False,,,,0,---,,,,,False,,False,,False,,False,,,,0,,,False,,False,,False,,False,,,,0,0,,,False,,False,,False,,False,,1.0,1.0,,,,,,,,,,2026-09-27,,,,0.0,0.0,,,,,,,,,,,,,,,,,,,,,,,,,,,,0,nan,592325,0,,,,,,,,False,False,,,,,False,,,,,,False,,,,,,,False,,,,,,,False,,,,,,,,,,,False,,,,,,,False,,,0,0,1.0,0
D,0,ATL,Luke Williams,R,0,False,,False,Unknown (nan),?,PHI,ATL,PHI,---,02:00 PM,849845,0,0.0,False,False,False,False,0.0,0,0,0,0,1,1,0,0,1,0,0,0,0.0,,,,,0.0,0.0,4.21,1.05,1.31,462.0,17,🟢 Disciplined,62.0,0.0,,27.3,,,3.8,,,0.0,,,,,,,0.0,,,,,,,0,999,0,0,0.0,100.0,0.0,0.0,,,,,0.697,0.0,0.0,0.697,0.0,0.0,14,14,0.0,0.0,4,4,0,0,0.0,0.0,,0.0,,27.05,17.8,False,,False,,,False,,,1,0,0,0,0,0,0,,,,0.0,,False,0.0,False,0.0,False,,False,0.0,0.0,0.0,0,---,,,,,False,,False,,False,,False,,,,0,,,False,,False,,False,,False,,,,0,0,,,False,,False,,False,,False,,1.0,1.0,,,,,,,,,,2026-09-27,,,,0.0,0.0,0.0,0.0,,,,,,,,,,,,,,,,,,,,,,,,,,0,nan,663897,0,0.0,0.0,0.0,0.0,0.0,0.0,0.697,False,False,,,,,False,,,,,,False,,,,,,,False,,,,,,,False,,,,,,,,,,,False,,,,,,,False,,,0,0,1.0,0
D,0,ATL,Aaron Schunk,R,0,False,,False,Unknown (nan),?,PHI,ATL,PHI,---,02:00 PM,849845,0,0.0,False,False,False,False,0.0,0,0,0,0,0,0,0,0,0,0,0,0,0.0,,,,,0.0,0.0,4.21,1.05,1.31,462.0,17,⬜ Neutral,52.0,0.0,,0.0,,,3.8,,,0.0,,,,,,,0.0,,,,,,,0,999,0,0,,,0.0,,,,,,0.0,0.0,0.0,0.0,0.0,0.0,0,0,0.0,0.0,4,4,0,0,0.0,0.0,,0.0,,,,False,,False,,,False,,,1,0,0,0,0,0,0,,,,,,False,,False,,False,,False,,,,0,---,,,,,False,,False,,False,,False,,,,0,,,False,,False,,False,,False,,,,0,0,,,False,,False,,False,,False,,1.0,1.0,,,,,,,,,,2026-09-27,,,,0.0,0.0,,,,,,,,,,,,,,,,,,,,,,,,,,,,0,nan,668845,0,,,,,,,,False,False,,,,,False,,,,,,False,,,,,,,False,,,,,,,False,,,,,,,,,,,False,,,,,,,False,,,0,0,1.0,0
D,0,ATL,Tyler Tolve,L,0,False,,False,Unknown (nan),?,PHI,ATL,PHI,---,02:00 PM,849845,0,0.0,False,False,False,False,0.0,0,0,0,0,0,0,0,0,0,0,0,0,0.0,,,,,0.0,0.0,4.21,1.05,1.31,462.0,17,⬜ Neutral,56.0,0.0,,0.0,,,3.8,,,0.0,,,,,,,0.0,,,,,,,0,999,0,0,,,0.0,,,,,,0.0,0.0,0.0,0.0,0.0,0.0,0,0,0.0,0.0,4,4,0,0,0.0,0.0,,0.0,,,,False,,False,,,False,,,1,0,0,0,0,0,0,,,,,,False,,False,,False,,False,,,,0,---,,,,,False,,False,,False,,False,,,,0,,,False,,False,,False,,False,,,,0,0,,,False,,False,,False,,False,,1.0,1.0,,,,,,,,,,2026-09-27,,,,0.0,0.0,,,,,,,,,,,,,,,,,,,,,,,,,,,,0,nan,681172,0,,,,,,,,False,False,,,,,False,,,,,,False,,,,,,,False,,,,,,,False,,,,,,,,,,,False,,,,,,,False,,,0,0,1.0,0
D,0,ATL,Luis Guanipa,R,0,False,,False,Unknown (nan),?,PHI,ATL,PHI,---,02:00 PM,849845,0,0.0,False,False,False,False,0.0,0,0,0,0,0,0,0,0,0,0,0,0,0.0,,,,,0.0,0.0,4.21,1.05,1.31,462.0,17,🟡 Watch,44.0,0.0,,0.0,,,3.8,,,0.0,,,,,,,0.0,,,,,,,0,999,0,0,,,0.0,,,,,,0.0,0.0,0.0,0.0,0.0,0.0,0,0,0.0,0.0,4,4,0,0,0.0,0.0,,0.0,,,,False,,False,,,False,,,1,0,0,0,0,0,0,,,,,,False,,False,,False,,False,,,,0,---,,,,,False,,False,,False,,False,,,,0,,,False,,False,,False,,False,,,,0,0,,,False,,False,,False,,False,,1.0,1.0,,,,,,,,,,2026-09-27,,,,0.0,0.0,,,,,,,,,,,,,,,,,,,,,,,,,,,,0,nan,806994,0,,,,,,,,False,False,,,,,False,,,,,,False,,,,,,,False,,,,,,,False,,,,,,,,,,,False,,,,,,,False,,,0,0,1.0,0
D,0,ATL,Patrick Clohisy,L,0,False,,False,Unknown (nan),?,PHI,ATL,PHI,---,02:00 PM,849845,0,0.0,False,False,False,False,0.0,0,0,0,0,0,0,0,0,0,0,0,0,0.0,,,,,0.0,0.0,4.21,1.05,1.31,462.0,17,⬜ Neutral,56.0,0.0,,0.0,,,3.8,,,0.0,,,,,,,0.0,,,,,,,0,999,0,0,,,0.0,,,,,,0.0,0.0,0.0,0.0,0.0,0.0,0,0,0.0,0.0,4,4,0,0,0.0,0.0,,0.0,,,,False,,False,,,False,,,1,0,0,0,0,0,0,,,,,,False,,False,,False,,False,,,,0,---,,,,,False,,False,,False,,False,,,,0,,,False,,False,,False,,False,,,,0,0,,,False,,False,,False,,False,,1.0,1.0,,,,,,,,,,2026-09-27,,,,0.0,0.0,,,,,,,,,,,,,,,,,,,,,,,,,,,,0,nan,802117,0,,,,,,,,False,False,,,,,False,,,,,,False,,,,,,,False,,,,,,,False,,,,,,,,,,,False,,,,,,,False,,,0,0,1.0,0
D,0,ATL,Cal Conley,L,0,False,,False,Unknown (nan),?,PHI,ATL,PHI,---,02:00 PM,849845,0,0.0,False,False,False,False,0.0,0,0,0,0,0,0,0,0,0,0,0,0,0.0,,,,,0.0,0.0,4.21,1.05,1.31,462.0,17,🔴 Chase Risk,56.0,0.0,,0.0,,,1.2,,,0.0,,,,,,,0.0,,,,,,,0,999,0,0,,,0.0,,,,,,0.0,0.0,0.0,0.0,0.0,0.0,0,0,0.0,0.0,4,4,0,0,0.0,0.0,,0.0,,,,False,,False,,,False,,,1,0,0,0,0,0,0,,,,,,False,,False,,False,,False,,,,0,---,,,,,False,,False,,False,,False,,,,0,,,False,,False,,False,,False,,,,0,0,,,False,,False,,False,,False,,1.0,1.0,,,,,,,,,,2026-09-27,,,,0.0,0.0,,,,,,,,,,,,,,,,,,,,,,,,,,,,0,nan,695462,0,,,,,,,,False,False,,,,,False,,,,,,False,,,,,,,False,,,,,,,False,,,,,,,,,,,False,,,,,,,False,,,0,0,1.0,0
D,0,ATL,Mac Guscette,R,0,False,,False,Unknown (nan),?,PHI,ATL,PHI,---,02:00 PM,849845,0,0.0,False,False,False,False,0.0,0,0,0,0,0,0,0,0,0,0,0,0,0.0,,,,,0.0,0.0,4.21,1.05,1.31,462.0,17,🔴 Chase Risk,52.0,0.0,,0.0,,,3.8,,,0.0,,,,,,,0.0,,,,,,,0,999,0,0,,,0.0,,,,,,0.0,0.0,0.0,0.0,0.0,0.0,0,0,0.0,0.0,4,4,0,0,0.0,0.0,,0.0,,,,False,,False,,,False,,,1,0,0,0,0,0,0,,,,,,False,,False,,False,,False,,,,0,---,,,,,False,,False,,False,,False,,,,0,,,False,,False,,False,,False,,,,0,0,,,False,,False,,False,,False,,1.0,1.0,,,,,,,,,,2026-09-27,,,,0.0,0.0,,,,,,,,,,,,,,,,,,,,,,,,,,,,0,nan,691944,0,,,,,,,,False,False,,,,,False,,,,,,False,,,,,,,False,,,,,,,False,,,,,,,,,,,False,,,,,,,False,,,0,0,1.0,0
D,0,ATL,Luke Waddell,L,0,False,,False,Unknown (nan),?,PHI,ATL,PHI,---,02:00 PM,849845,0,0.0,False,False,False,False,0.0,0,0,0,0,0,0,0,0,0,0,0,0,0.0,,,,,0.0,0.0,4.21,1.05,1.31,462.0,17,⬜ Neutral,48.0,0.0,,0.0,,,3.8,,,0.0,,,,,,,0.0,,,,,,,0,999,0,0,,,0.0,,,,,,0.0,0.0,0.0,0.0,0.0,0.0,0,0,0.0,0.0,4,4,0,0,0.0,0.0,,0.0,,,,False,,False,,,False,,,1,0,0,0,0,0,0,,,,,,False,,False,,False,,False,,,,0,---,,,,,False,,False,,False,,False,,,,0,,,False,,False,,False,,False,,,,0,0,,,False,,False,,False,,False,,1.0,1.0,,,,,,,,,,2026-09-27,,,,0.0,0.0,,,,,,,,,,,,,,,,,,,,,,,,,,,,0,nan,680672,0,,,,,,,,False,False,,,,,False,,,,,,False,,,,,,,False,,,,,,,False,,,,,,,,,,,False,,,,,,,False,,,0,0,1.0,0
D,0,ATL,Kevin Kilpatrick Jr.,R,0,False,,False,Unknown (nan),?,PHI,ATL,PHI,---,02:00 PM,849845,0,0.0,False,False,False,False,0.0,0,0,0,0,0,0,0,0,0,0,0,0,0.0,,,,,0.0,0.0,4.21,1.05,1.31,462.0,17,⬜ Neutral,56.0,0.0,,0.0,,,1.4,,,0.0,,,,,,,0.0,,,,,,,0,999,0,0,,,0.0,,,,,,0.0,0.0,0.0,0.0,0.0,0.0,0,0,0.0,0.0,4,4,0,0,0.0,0.0,,0.0,,,,False,,False,,,False,,,1,0,0,0,0,0,0,,,,,,False,,False,,False,,False,,,,0,---,,,,,False,,False,,False,,False,,,,0,,,False,,False,,False,,False,,,,0,0,,,False,,False,,False,,False,,1.0,1.0,,,,,,,,,,2026-09-27,,,,0.0,0.0,,,,,,,,,,,,,,,,,,,,,,,,,,,,0,nan,687201,0,,,,,,,,False,False,,,,,False,,,,,,False,,,,,,,False,,,,,,,False,,,,,,,,,,,False,,,,,,,False,,,0,0,1.0,0
D,0,ATL,Ethan Workinger,R,0,False,,False,Unknown (nan),?,PHI,ATL,PHI,---,02:00 PM,849845,0,0.0,False,False,False,False,0.0,0,0,0,0,0,0,0,0,0,0,0,0,0.0,,,,,0.0,0.0,4.21,1.05,1.31,462.0,17,🟢 Disciplined,62.0,0.0,,25.0,,,3.8,,,0.0,,,,,,,0.0,,,,,,,0,999,0,0,,,0.0,,,,,,0.0,0.0,0.0,0.0,0.0,0.0,0,0,0.0,0.0,4,4,0,0,0.0,0.0,,0.0,,,,False,,False,,,False,,,1,0,0,0,0,0,0,,,,,,False,,False,,False,,False,,,,0,---,,,,,False,,False,,False,,False,,,,0,,,False,,False,,False,,False,,,,0,0,,,False,,False,,False,,False,,1.0,1.0,,,,,,,,,,2026-09-27,,,,0.0,0.0,,,,,,,,,,,,,,,,,,,,,,,,,,,,0,nan,689688,0,,,,,,,,False,False,,,,,False,,,,,,False,,,,,,,False,,,,,,,False,,,,,,,,,,,False,,,,,,,False,,,0,0,1.0,0
D,0,ATL,Drew Compton,L,0,False,,False,Unknown (nan),?,PHI,ATL,PHI,---,02:00 PM,849845,0,0.0,False,False,False,False,0.0,0,0,0,0,0,0,0,0,0,0,0,0,0.0,,,,,0.0,0.0,4.21,1.05,1.31,462.0,17,🟢 Disciplined,62.0,0.0,,25.0,,,3.8,,,0.0,,,,,,,0.0,,,,,,,0,999,0,0,,,0.0,,,,,,0.0,0.0,0.0,0.0,0.0,0.0,0,0,0.0,0.0,4,4,0,0,0.0,0.0,,0.0,,,,False,,False,,,False,,,1,0,0,0,0,0,0,,,,,,False,,False,,False,,False,,,,0,---,,,,,False,,False,,False,,False,,,,0,,,False,,False,,False,,False,,,,0,0,,,False,,False,,False,,False,,1.0,1.0,,,,,,,,,,2026-09-27,,,,0.0,0.0,,,,,,,,,,,,,,,,,,,,,,,,,,,,0,nan,686541,0,,,,,,,,False,False,,,,,False,,,,,,False,,,,,,,False,,,,,,,False,,,,,,,,,,,False,,,,,,,False,,,0,0,1.0,0
D,0,ATL,Lizandro Espinoza,R,0,False,,False,Unknown (nan),?,PHI,ATL,PHI,---,02:00 PM,849845,0,0.0,False,False,False,False,0.0,0,0,0,0,0,0,0,0,0,0,0,0,0.0,,,,,0.0,0.0,4.21,1.05,1.31,462.0,17,🔴 Chase Risk,48.0,0.0,,0.0,,,3.8,,,0.0,,,,,,,0.0,,,,,,,0,999,0,0,,,0.0,,,,,,0.0,0.0,0.0,0.0,0.0,0.0,0,0,0.0,0.0,4,4,0,0,0.0,0.0,,0.0,,,,False,,False,,,False,,,1,0,0,0,0,0,0,,,,,,False,,False,,False,,False,,,,0,---,,,,,False,,False,,False,,False,,,,0,,,False,,False,,False,,False,,,,0,0,,,False,,False,,False,,False,,1.0,1.0,,,,,,,,,,2026-09-27,,,,0.0,0.0,,,,,,,,,,,,,,,,,,,,,,,,,,,,0,nan,692371,0,,,,,,,,False,False,,,,,False,,,,,,False,,,,,,,False,,,,,,,False,,,,,,,,,,,False,,,,,,,False,,,0,0,1.0,0
D,0,ATL,Ambioris Tavarez,R,0,False,,False,Unknown (nan),?,PHI,ATL,PHI,---,02:00 PM,849845,0,0.0,False,False,False,False,0.0,0,0,0,0,0,0,0,0,0,0,0,0,0.0,,,,,0.0,0.0,4.21,1.05,1.31,462.0,17,⬜ Neutral,48.0,0.0,,0.0,,,3.8,,,0.0,,,,,,,0.0,,,,,,,0,999,0,0,,,0.0,,,,,,0.0,0.0,0.0,0.0,0.0,0.0,0,0,0.0,0.0,4,4,0,0,0.0,0.0,,0.0,,,,False,,False,,,False,,,1,0,0,0,0,0,0,,,,,,False,,False,,False,,False,,,,0,---,,,,,False,,False,,False,,False,,,,0,,,False,,False,,False,,False,,,,0,0,,,False,,False,,False,,False,,1.0,1.0,,,,,,,,,,2026-09-27,,,,0.0,0.0,,,,,,,,,,,,,,,,,,,,,,,,,,,,0,nan,694222,0,,,,,,,,False,False,,,,,False,,,,,,False,,,,,,,False,,,,,,,False,,,,,,,,,,,False,,,,,,,False,,,0,0,1.0,0
D,0,ATL,Jordan Groshans,R,0,False,,False,Unknown (nan),?,PHI,ATL,PHI,---,02:00 PM,849845,0,0.0,False,False,False,False,0.0,0,0,0,0,0,0,0,0,0,0,0,0,0.0,,,,,0.0,0.0,4.21,1.05,1.31,462.0,17,🔴 Chase Risk,56.0,0.0,,0.0,,,3.8,,,0.0,,,,,,,0.0,,,,,,,0,999,0,0,,,0.0,,,,,,0.0,0.0,0.0,0.0,0.0,0.0,0,0,0.0,0.0,4,4,0,0,0.0,0.0,,0.0,,,,False,,False,,,False,,,1,0,0,0,0,0,0,,,,,,False,,False,,False,,False,,,,0,---,,,,,False,,False,,False,,False,,,,0,,,False,,False,,False,,False,,,,0,0,,,False,,False,,False,,False,,1.0,1.0,,,,,,,,,,2026-09-27,,,,0.0,0.0,,,,,,,,,,,,,,,,,,,,,,,,,,,,0,nan,677954,0,,,,,,,,False,False,,,,,False,,,,,,False,,,,,,,False,,,,,,,False,,,,,,,,,,,False,,,,,,,False,,,0,0,1.0,0
D,0,ATL,Jake Steels,R,0,False,,False,Unknown (nan),?,PHI,ATL,PHI,---,02:00 PM,849845,0,0.0,False,False,False,False,0.0,0,0,0,0,0,0,0,0,0,0,0,0,0.0,,,,,0.0,0.0,4.21,1.05,1.31,462.0,17,🔴 Chase Risk,44.0,0.0,,0.0,,,3.8,,,0.0,,,,,,,0.0,,,,,,,0,999,0,0,,,0.0,,,,,,0.0,0.0,0.0,0.0,0.0,0.0,0,0,0.0,0.0,4,4,0,0,0.0,0.0,,0.0,,,,False,,False,,,False,,,1,0,0,0,0,0,0,,,,,,False,,False,,False,,False,,,,0,---,,,,,False,,False,,False,,False,,,,0,,,False,,False,,False,,False,,,,0,0,,,False,,False,,False,,False,,1.0,1.0,,,,,,,,,,2026-09-27,,,,0.0,0.0,,,,,,,,,,,,,,,,,,,,,,,,,,,,0,nan,809921,0,,,,,,,,False,False,,,,,False,,,,,,False,,,,,,,False,,,,,,,False,,,,,,,,,,,False,,,,,,,False,,,0,0,1.0,0
D,0,ATL,Colby Jones,R,0,False,,False,Unknown (nan),?,PHI,ATL,PHI,---,02:00 PM,849845,0,0.0,False,False,False,False,0.0,0,0,0,0,0,0,0,0,0,0,0,0,0.0,,,,,0.0,0.0,4.21,1.05,1.31,462.0,17,🟢 Disciplined,62.0,0.0,,25.0,,,3.8,,,0.0,,,,,,,0.0,,,,,,,0,999,0,0,,,0.0,,,,,,0.0,0.0,0.0,0.0,0.0,0.0,0,0,0.0,0.0,4,4,0,0,0.0,0.0,,0.0,,,,False,,False,,,False,,,1,0,0,0,0,0,0,,,,,,False,,False,,False,,False,,,,0,---,,,,,False,,False,,False,,False,,,,0,,,False,,False,,False,,False,,,,0,0,,,False,,False,,False,,False,,1.0,1.0,,,,,,,,,,2026-09-27,,,,0.0,0.0,,,,,,,,,,,,,,,,,,,,,,,,,,,,0,nan,803475,0,,,,,,,,False,False,,,,,False,,,,,,False,,,,,,,False,,,,,,,False,,,,,,,,,,,False,,,,,,,False,,,0,0,1.0,0
D,0,ATL,Dalton McIntyre,L,0,False,,False,Unknown (nan),?,PHI,ATL,PHI,---,02:00 PM,849845,0,0.0,False,False,False,False,0.0,0,0,0,0,0,0,0,0,0,0,0,0,0.0,,,,,0.0,0.0,4.21,1.05,1.31,462.0,17,🟢 Disciplined,66.0,0.0,,33.3,,,3.8,,,0.0,,,,,,,0.0,,,,,,,0,999,0,0,,,0.0,,,,,,0.0,0.0,0.0,0.0,0.0,0.0,0,0,0.0,0.0,4,4,0,0,0.0,0.0,,0.0,,,,False,,False,,,False,,,1,0,0,0,0,0,0,,,,,,False,,False,,False,,False,,,,0,---,,,,,False,,False,,False,,False,,,,0,,,False,,False,,False,,False,,,,0,0,,,False,,False,,False,,False,,1.0,1.0,,,,,,,,,,2026-09-27,,,,0.0,0.0,,,,,,,,,,,,,,,,,,,,,,,,,,,,0,nan,827637,0,,,,,,,,False,False,,,,,False,,,,,,False,,,,,,,False,,,,,,,False,,,,,,,,,,,False,,,,,,,False,,,0,0,1.0,0
D,0,ATL,Eric Hartman,L,0,False,,False,Unknown (nan),?,PHI,ATL,PHI,---,02:00 PM,849845,0,0.0,False,False,False,False,0.0,0,0,0,0,0,0,0,0,0,0,0,0,0.0,,,,,0.0,0.0,4.21,1.05,1.31,462.0,17,🟢 Disciplined,62.0,0.0,,50.0,,,3.8,,,0.0,,,,,,,0.0,,,,,,,0,999,0,0,,,0.0,,,,,,0.0,0.0,0.0,0.0,0.0,0.0,0,0,0.0,0.0,4,4,0,0,0.0,0.0,,0.0,,,,False,,False,,,False,,,1,0,0,0,0,0,0,,,,,,False,,False,,False,,False,,,,0,---,,,,,False,,False,,False,,False,,,,0,,,False,,False,,False,,False,,,,0,0,,,False,,False,,False,,False,,1.0,1.0,,,,,,,,,,2026-09-27,,,,0.0,0.0,,,,,,,,,,,,,,,,,,,,,,,,,,,,0,nan,807080,0,,,,,,,,False,False,,,,,False,,,,,,False,,,,,,,False,,,,,,,False,,,,,,,,,,,False,,,,,,,False,,,0,0,1.0,0
D,0,ATL,Keshawn Ogans,R,0,False,,False,Unknown (nan),?,PHI,ATL,PHI,---,02:00 PM,849845,0,0.0,False,False,False,False,0.0,0,0,0,0,0,0,0,0,0,0,0,0,0.0,,,,,0.0,0.0,4.21,1.05,1.31,462.0,17,🔴 Chase Risk,48.0,0.0,,0.0,,,3.8,,,0.0,,,,,,,0.0,,,,,,,0,999,0,0,,,0.0,,,,,,0.0,0.0,0.0,0.0,0.0,0.0,0,0,0.0,0.0,4,4,0,0,0.0,0.0,,0.0,,,,False,,False,,,False,,,1,0,0,0,0,0,0,,,,,,False,,False,,False,,False,,,,0,---,,,,,False,,False,,False,,False,,,,0,,,False,,False,,False,,False,,,,0,0,,,False,,False,,False,,False,,1.0,1.0,,,,,,,,,,2026-09-27,,,,0.0,0.0,,,,,,,,,,,,,,,,,,,,,,,,,,,,0,nan,687248,0,,,,,,,,False,False,,,,,False,,,,,,False,,,,,,,False,,,,,,,False,,,,,,,,,,,False,,,,,,,False,,,0,0,1.0,0
D,0,ATL,Dallas Macias,L,0,False,,False,Unknown (nan),?,PHI,ATL,PHI,---,02:00 PM,849845,0,0.0,False,False,False,False,0.0,0,0,0,0,0,0,0,0,0,0,0,0,0.0,,,,,0.0,0.0,4.21,1.05,1.31,462.0,17,🔴 Chase Risk,44.0,0.0,,0.0,,,3.8,,,0.0,,,,,,,0.0,,,,,,,0,999,0,0,,,0.0,,,,,,0.0,0.0,0.0,0.0,0.0,0.0,0,0,0.0,0.0,4,4,0,0,0.0,0.0,,0.0,,,,False,,False,,,False,,,1,0,0,0,0,0,0,,,,,,False,,False,,False,,False,,,,0,---,,,,,False,,False,,False,,False,,,,0,,,False,,False,,False,,False,,,,0,0,,,False,,False,,False,,False,,1.0,1.0,,,,,,,,,,2026-09-27,,,,0.0,0.0,,,,,,,,,,,,,,,,,,,,,,,,,,,,0,nan,702582,0,,,,,,,,False,False,,,,,False,,,,,,False,,,,,,,False,,,,,,,False,,,,,,,,,,,False,,,,,,,False,,,0,0,1.0,0
D,0,ATL,Will Verdung,R,0,False,,False,Unknown (nan),?,PHI,ATL,PHI,---,02:00 PM,849845,0,0.0,False,False,False,False,0.0,0,0,0,0,0,0,0,0,0,0,0,0,0.0,,,,,0.0,0.0,4.21,1.05,1.31,462.0,17,🟢 Disciplined,66.0,0.0,,33.3,,,3.8,,,0.0,,,,,,,0.0,,,,,,,0,999,0,0,,,0.0,,,,,,0.0,0.0,0.0,0.0,0.0,0.0,0,0,0.0,0.0,4,4,0,0,0.0,0.0,,0.0,,,,False,,False,,,False,,,1,0,0,0,0,0,0,,,,,,False,,False,,False,,False,,,,0,---,,,,,False,,False,,False,,False,,,,0,,,False,,False,,False,,False,,,,0,0,,,False,,False,,False,,False,,1.0,1.0,,,,,,,,,,2026-09-27,,,,0.0,0.0,,,,,,,,,,,,,,,,,,,,,,,,,,,,0,nan,815299,0,,,,,,,,False,False,,,,,False,,,,,,False,,,,,,,False,,,,,,,False,,,,,,,,,,,False,,,,,,,False,,,0,0,1.0,0
D,0,ATL,Joe Olsavsky,R,0,False,,False,Unknown (nan),?,PHI,ATL,PHI,---,02:00 PM,849845,0,0.0,False,False,False,False,0.0,0,0,0,0,0,0,0,0,0,0,0,0,0.0,,,,,0.0,0.0,4.21,1.05,1.31,462.0,17,⬜ Neutral,52.0,0.0,,0.0,,,3.8,,,0.0,,,,,,,0.0,,,,,,,0,999,0,0,,,0.0,,,,,,0.0,0.0,0.0,0.0,0.0,0.0,0,0,0.0,0.0,4,4,0,0,0.0,0.0,,0.0,,,,False,,False,,,False,,,1,0,0,0,0,0,0,,,,,,False,,False,,False,,False,,,,0,---,,,,,False,,False,,False,,False,,,,0,,,False,,False,,False,,False,,,,0,0,,,False,,False,,False,,False,,1.0,1.0,,,,,,,,,,2026-09-27,,,,0.0,0.0,,,,,,,,,,,,,,,,,,,,,,,,,,,,0,nan,815586,0,,,,,,,,False,False,,,,,False,,,,,,False,,,,,,,False,,,,,,,False,,,,,,,,,,,False,,,,,,,False,,,0,0,1.0,0
D,0,ATL,Colin Burgess,R,0,False,,False,Unknown (nan),?,PHI,ATL,PHI,---,02:00 PM,849845,0,0.0,False,False,False,False,0.0,0,0,0,0,0,0,0,0,0,0,0,0,0.0,,,,,0.0,0.0,4.21,1.05,1.31,462.0,17,🔴 Chase Risk,52.0,0.0,,0.0,,,3.8,,,0.0,,,,,,,0.0,,,,,,,0,999,0,0,,,0.0,,,,,,0.0,0.0,0.0,0.0,0.0,0.0,0,0,0.0,0.0,4,4,0,0,0.0,0.0,,0.0,,,,False,,False,,,False,,,1,0,0,0,0,0,0,,,,,,False,,False,,False,,False,,,,0,---,,,,,False,,False,,False,,False,,,,0,,,False,,False,,False,,False,,,,0,0,,,False,,False,,False,,False,,1.0,1.0,,,,,,,,,,2026-09-27,,,,0.0,0.0,,,,,,,,,,,,,,,,,,,,,,,,,,,,0,nan,689878,0,,,,,,,,False,False,,,,,False,,,,,,False,,,,,,,False,,,,,,,False,,,,,,,,,,,False,,,,,,,False,,,0,0,1.0,0
D,0,ATL,Archer Brookman,R,0,False,,False,Unknown (nan),?,PHI,ATL,PHI,---,02:00 PM,849845,0,0.0,False,False,False,False,0.0,0,0,0,0,0,0,0,0,0,0,0,0,0.0,,,,,0.0,0.0,4.21,1.05,1.31,462.0,17,🟡 Watch,44.0,0.0,,0.0,,,3.8,,,0.0,,,,,,,0.0,,,,,,,0,999,0,0,,,0.0,,,,,,0.0,0.0,0.0,0.0,0.0,0.0,0,0,0.0,0.0,4,4,0,0,0.0,0.0,,0.0,,,,False,,False,,,False,,,1,0,0,0,0,0,0,,,,,,False,,False,,False,,False,,,,0,---,,,,,False,,False,,False,,False,,,,0,,,False,,False,,False,,False,,,,0,0,,,False,,False,,False,,False,,1.0,1.0,,,,,,,,,,2026-09-27,,,,0.0,0.0,,,,,,,,,,,,,,,,,,,,,,,,,,,,0,nan,666386,0,,,,,,,,False,False,,,,,False,,,,,,False,,,,,,,False,,,,,,,False,,,,,,,,,,,False,,,,,,,False,,,0,0,1.0,0
D,0,ATL,Jurickson Profar,L,0,False,,False,Unknown (nan),?,PHI,ATL,PHI,---,02:00 PM,849845,0,0.0,False,False,False,False,0.0,0,0,0,0,0,0,0,0,0,0,0,0,0.0,,,,,0.0,0.0,4.21,1.05,1.31,462.0,17,🟢 Disciplined,55.0,0.0,,9.1,,,3.8,,,0.0,,,,,,,0.0,,,,,,,0,999,0,0,,,0.0,,,,,,0.0,0.0,0.0,0.0,0.0,0.0,0,0,0.0,0.0,4,4,0,0,0.0,0.0,,0.0,,37.39,4.4,False,,False,,,False,,,1,0,0,0,0,0,0,,,,,,False,,False,,False,,False,,,,0,---,,,,,False,,False,,False,,False,,,,0,,,False,,False,,False,,False,,,,0,0,,,False,,False,,False,,False,,1.0,1.0,,,,,,,,,,2026-09-27,,,,0.0,0.0,,,,,,,,,,,,,,,,,,,,,,,,,,,,0,nan,595777,0,,,,,,,,False,False,,,,,False,,,,,,False,,,,,,,False,,,,,,,False,,,,,,,,,,,False,,,,,,,False,,,0,0,1.0,0
D,0,CWS,Miguel Vargas,R,0,False,,False,Unknown (nan),?,HOU,HOU,CWS,---,05:00 PM,849849,0,0.0,True,False,False,False,0.3299,0,0,0,0,668,29,0,0,6,4,0,0,0.0,,,,,0.1955,0.0,3.68,1.18,1.22,327.7,12,🟢 Disciplined,62.0,0.0,,14.3,,20.9,4.4,0.759,0.0,0.0,0.0,0.0,1.215,0.759,0.759,0.759,0.0,0.0,0.1724,0.0,0.0,0.1724,0.1724,0,20,0,0,0.0,41.4,0.224,20.7,0.0,11.8,0.368,0.381,0.364,0.0,0.0,0.345,0.0,0.0,16,16,0.224,0.224,4,4,0,0,0.0,0.0,,0.0,,31.64,8.3,False,-0.12,False,,,False,-5.24,5.2,0,0,0,0,0,0,0,,,86.4,17.2,72.6,False,0.0,False,17.2,False,31.3,False,0.0,17.2,0.0,0,---,,,,,False,,False,,False,,False,,,,0,,,False,,False,,False,,False,,,,0,0,,,False,,False,,False,,False,,1.0,1.0,,,,,,,,,,2026-09-27,,,,0.0,0.0,27.6,75.9,16.0,6.2,7.9,,,,,,,,,,,,,,,,,,,,,,,0,nan,678246,29,17.2,10.3,17.2,6.9,34.5,0.0,0.345,False,False,,,,,False,,,,,,False,,,,,,,False,,,,,,,False,,,,,,,,,,,False,,,,,,,False,,,0,0,1.0,0
D,0,CWS,Chase Meidroth,R,0,False,,False,Unknown (nan),?,HOU,HOU,CWS,---,05:00 PM,849849,1,0.24,True,False,False,False,0.6048,1,0,0,0,605,19,0,0,5,4,0,0,0.0,,,,,0.2062,0.0,3.68,1.18,1.22,327.7,12,🟢 Disciplined,59.0,0.0,,9.4,,28.9,4.1,1.956,0.435,0.435,0.435,0.0,0.217,0.869,3.695,1.521,0.1053,0.1053,0.4737,0.2105,0.1053,0.8947,0.3684,2,9,0,1,10.5,15.8,0.174,36.8,10.0,15.0,0.336,0.301,0.368,0.0,0.444,0.624,0.0,0.0,28,28,0.174,0.14,4,4,0,2,182.0,100.6,double 98mph EV | double 101mph EV | rocket LD 101mph,0.0,,30.62,-2.8,False,-0.58,False,,,False,8.35,2.1,1,0,0,0,0,0,0,,,81.7,31.6,64.1,False,10.5,True,15.8,False,5.2,False,10.53,47.4,21.1,0,---,,,,,False,,False,,False,,False,,,,0,,,False,,False,,False,,False,,,,0,0,,,False,,False,,False,,False,,1.0,1.0,,,,,,,,,,2026-09-27,,,,0.0,0.0,47.4,73.7,16.1,5.5,6.7,,,,,,,,,,,,,,,,,,,,,,,0,nan,805367,19,26.3,5.3,21.1,10.5,57.9,2.0,0.624,False,False,,,,,False,,,,,,False,,,,,,,False,,,,,,,False,,,,,,,,,,,False,,,,,,,False,,,0,0,1.0,0
B,2,CWS,Munetaka Murakami,L,0,False,,False,Unknown (nan),?,HOU,HOU,CWS,---,05:00 PM,849849,3,1.2,False,False,False,False,0.5851,3,0,0,0,511,28,0,0,6,5,0,0,0.0,,,,,0.2544,0.0,3.68,1.18,1.22,327.7,12,🟢 Disciplined,62.0,0.0,,16.4,,22.1,4.3,0.929,0.464,0.464,0.155,0.0,0.929,1.239,2.478,1.239,0.1071,0.1071,0.2143,0.1429,0.25,0.5714,0.2857,3,5,0,2,17.9,39.3,0.3,21.4,18.8,26.4,0.363,0.36,0.382,0.0,0.455,0.485,0.0,0.0,44,44,0.3,0.271,10,10,0,3,382.0,107.1,double 107mph EV | deep fly ball 382ft 100mph | deep fly ball 382ft 102mph,0.0,,34.55,8.7,False,0.87,False,,,False,19.52,5.5,0,0,5,2,3,0,0,,,100.0,39.3,74.2,True,25.0,True,21.4,False,24.8,True,10.71,21.4,14.3,0,---,,,,,False,,False,,False,,False,,,,0,,,False,,False,,False,,False,,,,0,0,,,False,,False,,False,,False,,1.0,1.0,,,,,,,,,,2026-09-27,,,,0.0,0.0,17.9,85.7,18.7,10.4,7.7,,,,,,,,,,,,,,,,,,,,,,,0,nan,808959,28,10.7,3.6,28.6,14.3,28.6,5.0,0.485,False,False,,,,,False,,,,,,False,,,,,,,False,,,,,,,False,,,,,,,,,,,False,,,,,,,False,,,0,0,1.0,0
C,1,CWS,Edgar Quero,L,0,False,,False,Unknown (nan),?,HOU,HOU,CWS,---,05:00 PM,849849,1,0.4,False,False,False,False,0.2386,1,0,0,0,196,10,0,0,5,3,0,0,0.0,,,,,0.2721,0.0,3.68,1.18,1.22,327.7,12,🟢 Disciplined,59.0,0.0,,8.8,,25.7,3.3,0.662,0.0,0.0,0.0,0.0,0.992,0.331,0.662,0.331,0.0,0.0,0.2,0.0,0.0,0.2,0.1,0,9,0,0,0.0,30.0,0.053,20.0,0.0,12.2,0.245,0.286,0.254,0.0,0.0,0.389,0.0,0.0,8,8,0.053,0.053,16,16,0,0,0.0,0.0,,0.0,,28.69,3.3,False,2.17,True,,,False,-1.53,1.5,0,0,0,0,0,0,0,,,93.6,40.0,71.6,True,0.0,False,0.0,False,12.2,False,0.0,20.0,0.0,0,---,,,,,False,,False,,False,,False,,,,0,,,False,,False,,False,,False,,,,0,0,,,False,,False,,False,,False,,1.0,1.0,,,,,,,,,,2026-09-27,,,,0.0,0.0,20.0,80.0,6.0,9.4,6.8,,,,,,,,,,,,,,,,,,,,,,,0,nan,700337,0,30.0,10.0,10.0,0.0,40.0,0.0,0.389,False,False,,,,,False,,,,,,False,,,,,,,False,,,,,,,False,,,,,,,,,,,False,,,,,,,False,,,0,0,1.0,0
D,0,CWS,Colson Montgomery,L,0,False,,False,Unknown (nan),?,HOU,HOU,CWS,---,05:00 PM,849849,1,0.24,True,False,False,False,0.3748,1,0,0,0,597,23,0,0,6,3,0,0,0.0,,,,,0.2944,0.0,3.68,1.18,1.22,327.7,12,🟢 Disciplined,59.0,0.0,,8.4,,32.2,4.2,0.181,0.0,0.0,0.0,0.0,0.362,1.628,0.181,0.0,0.0,0.0,0.0435,0.0,0.0,0.0435,0.0,0,58,0,0,0.0,30.4,0.206,13.0,0.0,24.8,0.302,0.296,0.275,0.0,0.0,0.099,0.0,0.0,17,17,0.206,0.206,8,8,0,1,197.0,105.7,rocket LD 106mph,0.0,,28.47,26.1,False,0.69,False,,,False,-3.85,3.9,0,0,0,0,0,0,0,,,85.6,13.0,77.0,False,0.0,False,30.4,True,21.2,False,0.0,4.3,0.0,0,---,,,,,False,,False,,False,,False,,,,0,,,False,,False,,False,,False,,,,0,0,,,False,,False,,False,,False,,1.0,1.0,,,,,,,,,,2026-09-27,,,,0.0,0.0,34.8,91.3,12.9,8.8,8.0,,,,,,,,,,,,,,,,,,,,,,,0,nan,695657,23,17.4,0.0,39.1,13.0,34.8,0.0,0.099,False,False,,,,,False,,,,,,False,,,,,,,False,,,,,,,False,,,,,,,,,,,False,,,,,,,False,,,0,0,1.0,0
D,0,CWS,Tanner Murray,R,0,False,,False,Unknown (nan),?,HOU,HOU,CWS,---,05:00 PM,849849,1,0.24,True,False,False,False,0.6139,1,0,0,0,28,10,0,0,4,2,0,0,0.0,,,,,0.4974,0.0,3.68,1.18,1.22,327.7,12,🟢 Disciplined,59.0,0.0,,9.4,,32.1,2.7,0.267,0.0,0.0,0.0,0.0,0.267,0.8,0.267,0.0,0.0,0.0,0.1,0.0,0.1,0.1,0.0,0,15,0,2,10.0,30.0,0.107,20.0,,25.0,0.308,0.306,0.299,0.0,0.0,0.158,0.0,0.0,22,22,0.107,0.107,4,4,0,0,0.0,0.0,,0.0,,34.16,24.3,False,-1.76,False,,,False,6.43,3.6,0,0,1,0,1,0,0,,,80.5,20.0,72.1,False,10.0,True,20.0,False,10.7,False,0.0,10.0,0.0,0,---,,,,,False,,False,,False,,False,,,,0,,,False,,False,,False,,False,,,,0,0,,,False,,False,,False,,False,,1.0,1.0,,,,,,,,,,2026-09-27,,,,0.0,0.0,60.0,70.0,11.7,9.6,7.4,,,,,,,,,,,,,,,,,,,,,,,0,nan,695020,0,30.0,10.0,30.0,10.0,30.0,1.0,0.158,False,False,,,,,False,,,,,,False,,,,,,,False,,,,,,,False,,,,,,,,,,,False,,,,,,,False,,,0,0,1.0,0
C,1,CWS,Luisangel Acuña,R,0,False,,False,Unknown (nan),?,HOU,HOU,CWS,---,05:00 PM,849849,1,0.4,False,False,False,False,0.6071,1,0,0,0,194,10,0,0,5,2,0,0,0.0,,,,,0.3624,0.0,3.68,1.18,1.22,327.7,12,⬜ Neutral,60.0,0.0,,4.9,,34.1,2.7,0.269,0.269,0.269,0.0,0.0,0.0,0.807,1.076,0.269,0.1,0.1,0.1,0.1,0.1,0.4,0.1,1,0,1,3,10.0,30.0,0.064,10.0,16.7,14.4,0.241,0.265,0.239,0.0,0.3,0.21,0.0,0.0,20,20,0.064,0.048,4,4,0,0,0.0,0.0,,0.0,,29.2,24.2,False,-1.72,False,,,False,9.48,0.5,1,0,1,1,1,0,0,,,89.5,30.0,70.9,False,10.0,True,20.0,False,1.1,False,10.0,10.0,10.0,0,---,,,,,False,,False,,False,,False,,,,0,,,False,,False,,False,,False,,,,0,0,,,False,,False,,False,,False,,1.0,1.0,,,,,,,,,,2026-09-27,,,,0.0,0.0,40.0,90.0,8.5,9.0,7.5,,,,,,,,,,,,,,,,,,,,,,,0,nan,682668,4,40.0,10.0,30.0,10.0,30.0,1.0,0.21,False,False,,,,,False,,,,,,False,,,,,,,False,,,,,,,False,,,,,,,,,,,False,,,,,,,False,,,0,0,1.0,0
D,0,CWS,Andrew Benintendi,L,0,False,,False,Unknown (nan),?,HOU,HOU,CWS,---,05:00 PM,849849,1,0.24,True,False,False,False,0.6703,1,0,0,0,439,18,0,0,6,4,1,1,16.7,,,,,0.1049,0.0,3.68,1.18,1.22,327.7,12,🟢 Disciplined,59.0,0.0,,8.7,,33.8,3.3,0.372,0.186,0.186,0.0,0.0,0.558,1.302,0.93,1.302,0.0556,0.0556,0.1111,0.0556,0.0556,0.2778,0.3889,1,0,1,1,5.6,33.3,0.177,22.2,11.1,16.9,0.32,0.315,0.316,0.0,0.214,0.282,0.0,0.0,31,31,0.177,0.173,4,4,0,0,0.0,0.0,,0.0,,32.03,17.3,False,-0.78,False,,,False,1.73,3.9,0,0,1,1,1,0,0,,,92.6,22.2,69.5,False,5.6,True,11.1,False,11.5,False,5.56,11.1,5.6,0,---,,,,,False,,False,,False,,False,,,,0,,,False,,False,,False,,False,,,,0,0,,,False,,False,,False,,False,,1.0,1.0,,,,,,,,,,2026-09-27,,,,0.0,0.0,72.2,72.2,16.0,10.5,7.3,,,,,,,,,,,,,,,,,,,,,,,0,nan,643217,18,16.7,0.0,38.9,11.1,27.8,1.0,0.282,False,False,,,,,False,,,,,,False,,,,,,,False,,,,,,,False,,,,,,,,,,,False,,,,,,,False,,,0,0,1.0,0
C,1,CWS,Tristan Peters,L,0,False,,False,Unknown (nan),?,HOU,HOU,CWS,---,05:00 PM,849849,1,0.4,False,False,False,False,0.2962,1,0,0,0,462,18,0,0,5,4,0,0,0.0,,,,,0.2723,0.0,3.68,1.18,1.22,327.7,12,⬜ Neutral,56.0,0.0,,7.8,,32.6,3.3,0.363,0.0,0.0,0.0,0.0,0.182,0.545,0.363,0.363,0.0,0.0,0.1111,0.0,0.0,0.1111,0.1111,0,78,0,0,0.0,27.8,0.172,22.2,0.0,12.1,0.343,0.317,0.321,0.0,0.0,0.139,0.0,0.0,15,15,0.172,0.172,4,4,0,3,342.0,100.6,deep fly ball 334ft 95mph | deep fly ball 342ft 97mph | rocket LD 101mph,0.0,,38.28,3.7,False,-0.66,False,,,False,-2.16,2.2,0,0,0,0,0,0,0,,,89.9,33.3,69.2,False,0.0,False,22.2,True,20.6,False,0.0,11.1,0.0,0,---,,,,,False,,False,,False,,False,,,,0,,,False,,False,,False,,False,,,,0,0,,,False,,False,,False,,False,,1.0,1.0,,,,,,,,,,2026-09-27,,,,0.0,0.0,38.9,77.8,13.4,6.2,7.0,,,,,,,,,,,,,,,,,,,,,,,0,nan,671976,18,27.8,11.1,16.7,5.6,50.0,0.0,0.139,False,False,,,,,False,,,,,,False,,,,,,,False,,,,,,,False,,,,,,,,,,,False,,,,,,,False,,,0,0,1.0,0
D,0,CWS,Sam Antonacci,L,0,False,,False,Unknown (nan),?,HOU,HOU,CWS,---,05:00 PM,849849,0,0.0,False,False,False,False,0.256,0,0,0,0,546,23,0,0,5,5,0,0,0.0,,,,,0.2694,0.0,3.68,1.18,1.22,327.7,12,🟢 Disciplined,59.0,0.0,,8.1,,21.8,4.0,1.562,0.0,0.0,0.174,0.0,0.347,0.174,1.736,0.347,0.0,0.0,0.3913,0.0435,0.0435,0.4348,0.087,0,175,0,1,0.0,34.8,0.11,43.5,0.0,9.5,0.336,0.347,0.348,0.0,0.048,0.424,0.0,0.0,9,9,0.11,0.119,6,6,0,5,379.0,101.9,rocket LD 102mph | double 96mph EV | rocket LD 102mph | deep fly ball 379ft 99mph | rocket LD 101mph,0.0,,14.79,5.4,False,0.08,False,,,False,2.47,1.8,0,0,0,0,0,0,0,,,92.0,43.5,69.8,False,4.3,False,13.0,False,13.3,False,0.0,39.1,4.3,0,---,,,,,False,,False,,False,,False,,,,0,,,False,,False,,False,,False,,,,0,0,,,False,,False,,False,,False,,1.0,1.0,,,,,,,,,,2026-09-27,,,,0.0,0.0,30.4,82.6,9.4,7.2,6.7,,,,,,,,,,,,,,,,,,,,,,,0,nan,803011,23,34.8,4.3,4.3,0.0,34.8,1.0,0.424,False,False,,,,,False,,,,,,False,,,,,,,False,,,,,,,False,,,,,,,,,,,False,,,,,,,False,,,0,0,1.0,0
D,0,CWS,Reese McGuire,L,0,False,,False,Unknown (nan),?,HOU,HOU,CWS,---,05:00 PM,849849,0,0.0,True,False,False,False,0.2514,0,0,0,0,22,10,0,0,3,1,1,1,33.3,,,,,0.0,0.0,3.68,1.18,1.22,327.7,12,🔴 Chase Risk,44.0,0.0,,0.0,,37.5,2.8,0.285,0.0,0.0,0.0,0.0,0.285,0.569,0.285,0.0,0.0,0.0,0.1,0.0,0.0,0.1,0.0,0,999,0,0,0.0,10.0,0.0,20.0,0.0,22.7,0.194,0.196,0.192,0.0,0.0,0.161,0.0,0.0,3,3,0.0,0.0,4,4,0,0,0.0,0.0,,0.0,,24.46,21.3,False,-1.45,False,,,False,0.0,0.0,4,0,0,0,0,0,0,,,72.8,10.0,64.9,False,0.0,False,10.0,False,15.9,False,0.0,10.0,0.0,0,---,,,,,False,,False,,False,,False,,,,0,,,False,,False,,False,,False,,,,0,0,,,False,,False,,False,,False,,1.0,1.0,,,,,,,,,,2026-09-27,,,,0.0,0.0,40.0,80.0,5.7,5.6,7.1,,,,,,,,,,,,,,,,,,,,,,,0,nan,624512,0,30.0,10.0,20.0,0.0,40.0,0.0,0.161,False,False,,,,,False,,,,,,False,,,,,,,False,,,,,,,False,,,,,,,,,,,False,,,,,,,False,,,0,0,1.0,0
D,0,CWS,Drew Romo,L,0,False,,False,Unknown (nan),?,HOU,HOU,CWS,---,05:00 PM,849849,0,0.0,True,False,False,False,0.2291,0,0,0,0,200,10,0,0,3,2,0,0,0.0,,,,,0.1501,0.0,3.68,1.18,1.22,327.7,12,🟢 Disciplined,59.0,0.0,,9.8,,34.5,3.4,0.342,0.0,0.0,0.0,0.0,1.025,0.342,0.342,0.0,0.0,0.0,0.1,0.0,0.0,0.1,0.0,0,22,0,0,0.0,40.0,0.15,10.0,0.0,17.5,0.243,0.267,0.246,0.0,0.0,0.297,0.0,0.0,10,10,0.15,0.15,4,4,0,0,0.0,0.0,,0.0,,36.14,5.7,False,-1.0,False,,,False,-2.0,2.0,0,0,0,0,0,0,0,,,84.7,20.0,68.9,False,0.0,False,0.0,False,-7.3,False,0.0,10.0,0.0,0,---,,,,,False,,False,,False,,False,,,,0,,,False,,False,,False,,False,,,,0,0,,,False,,False,,False,,False,,1.0,1.0,,,,,,,,,,2026-09-27,,,,0.0,0.0,40.0,60.0,10.7,12.5,7.2,,,,,,,,,,,,,,,,,,,,,,,0,nan,691011,0,50.0,0.0,10.0,0.0,50.0,0.0,0.297,False,False,,,,,False,,,,,,False,,,,,,,False,,,,,,,False,,,,,,,,,,,False,,,,,,,False,,,0,0,1.0,0
C,1,CWS,Randal Grichuk,R,0,False,,False,Unknown (nan),?,HOU,HOU,CWS,---,05:00 PM,849849,2,0.48,True,False,False,False,0.6383,2,0,0,0,273,18,0,0,5,4,0,0,0.0,,,,,0.2603,0.0,3.68,1.18,1.22,327.7,12,⬜ Neutral,56.0,0.0,,4.3,,36.5,2.5,0.701,0.14,0.14,0.281,0.0,0.14,0.281,1.403,0.701,0.0556,0.0556,0.2778,0.1667,0.1111,0.5556,0.2778,1,9,0,3,11.1,27.8,0.283,27.8,7.1,16.8,0.369,0.346,0.372,0.0,0.312,0.395,0.0,0.0,38,38,0.283,0.279,6,6,0,2,321.0,109.7,double 110mph EV | double 99mph EV,0.0,,19.86,21.9,False,-0.08,False,,,False,5.97,5.1,0,0,0,0,0,0,0,,,88.5,44.4,74.3,False,11.1,True,22.2,True,32.9,False,5.56,27.8,16.7,0,---,,,,,False,,False,,False,,False,,,,0,,,False,,False,,False,,False,,,,0,0,,,False,,False,,False,,False,,1.0,1.0,,,,,,,,,,2026-09-27,,,,0.0,0.0,44.4,77.8,6.1,9.2,7.4,,,,,,,,,,,,,,,,,,,,,,,0,nan,545341,18,16.7,22.2,11.1,11.1,33.3,1.0,0.395,False,False,,,,,False,,,,,,False,,,,,,,False,,,,,,,False,,,,,,,,,,,False,,,,,,,False,,,0,0,1.0,0
D,0,CWS,Rikuu Nishida,L,0,False,,False,Unknown (nan),?,HOU,HOU,CWS,---,05:00 PM,849849,0,0.0,True,False,False,False,0.2378,0,0,0,0,30,10,0,0,5,2,0,0,0.0,,,,,0.1938,0.0,3.68,1.18,1.22,327.7,12,⬜ Neutral,52.0,0.0,,2.9,,31.0,2.3,0.453,0.0,0.0,0.0,0.0,0.0,0.453,0.453,0.0,0.0,0.0,0.2,0.0,0.0,0.2,0.0,0,999,0,0,0.0,10.0,0.0,40.0,0.0,6.7,0.206,0.239,0.204,0.0,0.0,0.177,0.0,0.0,2,2,0.0,0.0,6,6,0,0,0.0,0.0,,0.0,,27.85,1.3,False,0.36,False,,,False,0.0,0.0,0,0,0,0,0,0,0,,,87.4,20.0,60.9,False,0.0,False,10.0,False,8.5,False,0.0,20.0,0.0,0,---,,,,,False,,False,,False,,False,,,,0,,,False,,False,,False,,False,,,,0,0,,,False,,False,,False,,False,,1.0,1.0,,,,,,,,,,2026-09-27,,,,0.0,0.0,40.0,70.0,8.8,7.7,6.0,,,,,,,,,,,,,,,,,,,,,,,0,nan,807747,0,40.0,0.0,20.0,0.0,20.0,0.0,0.177,False,False,,,,,False,,,,,,False,,,,,,,False,,,,,,,False,,,,,,,,,,,False,,,,,,,False,,,0,0,1.0,0
D,0,CWS,Braden Montgomery,L,0,False,,False,Unknown (nan),?,HOU,HOU,CWS,---,05:00 PM,849849,0,0.0,True,False,False,False,0.2323,0,0,0,0,361,21,0,0,6,5,0,0,0.0,,,,,0.2719,0.0,3.68,1.18,1.22,327.7,12,🟢 Disciplined,59.0,0.0,,10.5,,27.4,4.0,1.889,0.0,0.0,0.378,0.0,0.0,0.378,2.267,0.189,0.0,0.0,0.4762,0.0952,0.0,0.5714,0.0476,0,57,0,0,0.0,28.6,0.12,23.8,0.0,15.2,0.299,0.321,0.318,0.0,0.095,0.457,0.0,0.0,9,9,0.12,0.124,6,6,0,2,333.0,102.0,double 102mph EV | deep line drive 333ft 100mph | double 100mph EV,0.0,,32.14,-15.5,False,-1.21,False,,,False,-2.22,2.2,0,0,0,0,0,0,0,,,89.8,52.4,68.8,False,0.0,False,0.0,False,-12.9,False,0.0,47.6,9.5,0,---,,,,,False,,False,,False,,False,,,,0,,,False,,False,,False,,False,,,,0,0,,,False,,False,,False,,False,,1.0,1.0,,,,,,,,,,2026-09-27,,,,0.0,0.0,28.6,100.0,5.0,11.7,6.3,,,,,,,,,,,,,,,,,,,,,,,0,nan,695731,21,66.7,0.0,9.5,0.0,23.8,0.0,0.457,False,False,,,,,False,,,,,,False,,,,,,,False,,,,,,,False,,,,,,,,,,,False,,,,,,,False,,,0,0,1.0,0
D,0,CWS,Junior Perez,R,0,False,,False,Unknown (nan),?,HOU,HOU,CWS,---,05:00 PM,849849,1,0.4,False,False,False,False,0.3755,1,0,0,0,36,10,0,0,6,4,1,1,16.7,,,,,0.0977,0.0,3.68,1.18,1.22,327.7,12,🔴 Chase Risk,52.0,0.0,,2.8,,28.8,2.2,0.225,0.225,0.225,0.0,0.0,0.0,0.9,0.9,0.0,0.1,0.1,0.1,0.1,0.0,0.4,0.0,1,0,1,0,0.0,30.0,0.26,20.0,16.7,22.2,0.268,0.296,0.264,0.0,0.3,0.21,0.0,0.0,20,20,0.26,0.257,5,5,0,0,0.0,0.0,,0.0,,39.77,27.2,False,-0.23,False,,,False,0.0,0.0,4,0,0,1,0,0,0,,,97.6,40.0,74.4,True,0.0,False,20.0,False,18.0,False,10.0,10.0,10.0,0,---,,,,,False,,False,,False,,False,,,,0,,,False,,False,,False,,False,,,,0,0,,,False,,False,,False,,False,,1.0,1.0,,,,,,,,,,2026-09-27,,,,0.0,0.0,50.0,70.0,10.6,10.5,7.4,,,,,,,,,,,,,,,,,,,,,,,0,nan,678577,0,20.0,10.0,40.0,10.0,30.0,2.0,0.21,False,False,,,,,False,,,,,,False,,,,,,,False,,,,,,,False,,,,,,,,,,,False,,,,,,,False,,,0,0,1.0,0
D,0,CWS,Kyle Teel,L,0,False,,False,Unknown (nan),?,HOU,HOU,CWS,---,05:00 PM,849849,0,0.0,True,False,False,False,0.6111,0,0,0,0,144,28,0,0,6,4,1,1,16.7,,,,,0.5113,0.0,3.68,1.18,1.22,327.7,12,🟢 Disciplined,62.0,0.0,,13.2,,31.3,3.7,0.923,0.132,0.132,0.0,0.0,0.791,0.923,1.319,0.791,0.0357,0.0357,0.25,0.0357,0.0357,0.3571,0.2143,1,7,0,2,3.6,42.9,0.151,25.0,5.9,22.2,0.316,0.327,0.332,0.0,0.15,0.416,0.0,0.0,25,25,0.151,0.151,10,10,0,0,0.0,0.0,,0.0,,28.79,14.6,False,0.95,False,,,False,0.13,3.5,0,0,1,1,0,0,0,,,83.3,17.9,70.8,False,3.6,False,17.9,False,14.6,False,3.57,25.0,3.6,0,---,,,,,False,,False,,False,,False,,,,0,,,False,,False,,False,,False,,,,0,0,,,False,,False,,False,,False,,1.0,1.0,,,,,,,,,,2026-09-27,,,,0.0,0.0,35.7,82.1,14.3,11.9,6.7,,,,,,,,,,,,,,,,,,,,,,,0,nan,691019,28,21.4,3.6,25.0,10.7,25.0,1.0,0.416,False,False,,,,,False,,,,,,False,,,,,,,False,,,,,,,False,,,,,,,,,,,False,,,,,,,False,,,0,0,1.0,0
D,0,CWS,Joey Bart,R,0,False,,False,Unknown (nan),?,HOU,HOU,CWS,---,05:00 PM,849849,0,0.0,True,False,False,False,0.262,0,0,0,0,121,10,0,0,4,1,0,0,0.0,,,,,0.213,0.0,3.68,1.18,1.22,327.7,12,⬜ Neutral,56.0,0.0,,5.9,,32.8,3.1,0.0,0.0,0.0,0.0,0.0,0.918,1.224,0.0,0.0,0.0,0.0,0.0,0.0,0.0,0.0,0.0,0,29,0,0,0.0,10.0,0.143,0.0,,19.8,0.309,0.317,0.303,0.0,0.0,0.215,0.0,0.0,10,10,0.143,0.143,4,4,0,0,0.0,0.0,,0.0,,31.26,9.6,False,-2.15,False,,,False,-1.65,1.7,0,0,0,0,0,0,0,,,72.0,10.0,72.9,False,0.0,False,0.0,False,30.0,False,0.0,0.0,0.0,0,---,,,,,False,,False,,False,,False,,,,0,,,False,,False,,False,,False,,,,0,0,,,False,,False,,False,,False,,1.0,1.0,,,,,,,,,,2026-09-27,,,,0.0,0.0,80.0,70.0,6.5,17.8,7.1,,,,,,,,,,,,,,,,,,,,,,,0,nan,663698,0,10.0,20.0,40.0,0.0,10.0,0.0,0.215,False,False,,,,,False,,,,,,False,,,,,,,False,,,,,,,False,,,,,,,,,,,False,,,,,,,False,,,0,0,1.0,0
B,2,CWS,Brenton Doyle,R,0,False,,False,Unknown (nan),?,HOU,HOU,CWS,---,05:00 PM,849849,3,1.2,False,False,False,False,0.3622,3,0,0,0,197,13,0,0,4,3,0,0,0.0,,,,,0.4947,0.0,3.68,1.18,1.22,327.7,12,⬜ Neutral,56.0,0.0,,5.3,,35.1,3.1,0.959,0.479,0.479,0.0,0.0,0.0,0.719,2.396,0.479,0.1538,0.1538,0.3077,0.1538,0.1538,0.7692,0.1538,2,0,1,2,0.0,15.4,0.156,23.1,33.3,23.9,0.275,0.239,0.29,0.0,0.462,0.459,0.0,0.0,29,29,0.156,0.129,10,10,0,1,348.0,103.7,deep line drive 348ft 104mph,0.0,,29.39,6.8,False,0.99,False,,,False,12.86,2.5,1,0,1,2,0,0,0,,,89.0,38.5,72.9,False,15.4,True,30.8,True,5.9,False,15.38,30.8,15.4,0,---,,,,,False,,False,,False,,False,,,,0,,,False,,False,,False,,False,,,,0,0,,,False,,False,,False,,False,,1.0,1.0,,,,,,,,,,2026-09-27,,,,0.0,0.0,53.8,84.6,15.6,8.9,7.3,,,,,,,,,,,,,,,,,,,,,,,0,nan,686668,13,30.8,0.0,23.1,15.4,38.5,2.0,0.459,True,False,,,,,False,,,,,,False,,,,,,,False,,,,,,,False,,,,,,,,,,,False,,,,,,,False,,,0,0,1.0,0
C,1,CWS,Tommy Pham,R,0,False,,False,Unknown (nan),?,HOU,HOU,CWS,---,05:00 PM,849849,1,0.4,False,False,False,False,0.2726,1,0,0,0,31,10,0,0,5,3,0,0,0.0,,,,,0.1452,0.0,3.68,1.18,1.22,327.7,12,🟢 Disciplined,59.0,0.0,,8.9,,24.2,2.7,0.533,0.0,0.0,0.0,0.0,0.8,0.533,0.533,0.0,0.0,0.0,0.2,0.0,0.0,0.2,0.0,0,8,0,0,0.0,50.0,0.1,30.0,0.0,22.6,0.237,0.315,0.246,0.0,0.0,0.386,0.0,0.0,11,11,0.1,0.1,12,12,0,1,215.0,108.8,rocket LD 109mph,0.0,,28.72,4.5,False,1.4,False,,,False,-3.23,3.2,3,0,0,0,0,0,0,,,94.2,30.0,74.0,True,0.0,False,0.0,False,8.2,False,0.0,20.0,0.0,0,---,,,,,False,,False,,False,,False,,,,0,,,False,,False,,False,,False,,,,0,0,,,False,,False,,False,,False,,1.0,1.0,,,,,,,,,,2026-09-27,,,,0.0,0.0,40.0,80.0,17.9,8.5,7.4,,,,,,,,,,,,,,,,,,,,,,,0,nan,502054,6,30.0,0.0,20.0,0.0,40.0,0.0,0.386,False,False,,,,,False,,,,,,False,,,,,,,False,,,,,,,False,,,,,,,,,,,False,,,,,,,False,,,0,0,1.0,0
D,0,CWS,Korey Lee,R,0,False,,False,Unknown (nan),?,HOU,HOU,CWS,---,05:00 PM,849849,0,0.0,False,False,False,False,0.0,0,0,0,0,0,0,0,0,0,0,0,0,0.0,,,,,0.0,0.0,3.68,1.18,1.22,327.7,12,⬜ Neutral,52.0,0.0,,6.2,,,2.7,,,0.0,,,,,,,0.0,,,,,,,0,999,0,0,,,0.0,,,,,,0.0,0.0,0.0,0.0,0.0,0.0,0,0,0.0,0.0,4,4,0,0,0.0,0.0,,0.0,,,,False,,False,,,False,,,1,0,0,0,0,0,0,,,,,,False,,False,,False,,False,,,,0,---,,,,,False,,False,,False,,False,,,,0,,,False,,False,,False,,False,,,,0,0,,,False,,False,,False,,False,,1.0,1.0,,,,,,,,,,2026-09-27,,,,0.0,0.0,,,,,,,,,,,,,,,,,,,,,,,,,,,,0,nan,686676,0,,,,,,,,False,False,,,,,False,,,,,,False,,,,,,,False,,,,,,,False,,,,,,,,,,,False,,,,,,,False,,,0,0,1.0,0
D,0,CWS,William Bergolla Jr.,L,0,False,,False,Unknown (nan),?,HOU,HOU,CWS,---,05:00 PM,849849,0,0.0,False,False,False,False,0.0,0,0,0,0,0,0,0,0,0,0,0,0,0.0,,,,,0.0,0.0,3.68,1.18,1.22,327.7,12,🟡 Watch,44.0,0.0,,0.0,,,3.8,,,0.0,,,,,,,0.0,,,,,,,0,999,0,0,,,0.0,,,,,,0.0,0.0,0.0,0.0,0.0,0.0,0,0,0.0,0.0,4,4,0,0,0.0,0.0,,0.0,,,,False,,False,,,False,,,1,0,0,0,0,0,0,,,,,,False,,False,,False,,False,,,,0,---,,,,,False,,False,,False,,False,,,,0,,,False,,False,,False,,False,,,,0,0,,,False,,False,,False,,False,,1.0,1.0,,,,,,,,,,2026-09-27,,,,0.0,0.0,,,,,,,,,,,,,,,,,,,,,,,,,,,,0,nan,703151,0,,,,,,,,False,False,,,,,False,,,,,,False,,,,,,,False,,,,,,,False,,,,,,,,,,,False,,,,,,,False,,,0,0,1.0,0
D,0,CWS,Andy Weber,L,0,False,,False,Unknown (nan),?,HOU,HOU,CWS,---,05:00 PM,849849,0,0.0,False,False,False,False,0.0,0,0,0,0,0,0,0,0,0,0,0,0,0.0,,,,,0.0,0.0,3.68,1.18,1.22,327.7,12,⬜ Neutral,52.0,0.0,,0.0,,,3.8,,,0.0,,,,,,,0.0,,,,,,,0,999,0,0,,,0.0,,,,,,0.0,0.0,0.0,0.0,0.0,0.0,0,0,0.0,0.0,4,4,0,0,0.0,0.0,,0.0,,,,False,,False,,,False,,,1,0,0,0,0,0,0,,,,,,False,,False,,False,,False,,,,0,---,,,,,False,,False,,False,,False,,,,0,,,False,,False,,False,,False,,,,0,0,,,False,,False,,False,,False,,1.0,1.0,,,,,,,,,,2026-09-27,,,,0.0,0.0,,,,,,,,,,,,,,,,,,,,,,,,,,,,0,nan,681581,0,,,,,,,,False,False,,,,,False,,,,,,False,,,,,,,False,,,,,,,False,,,,,,,,,,,False,,,,,,,False,,,0,0,1.0,0
D,0,CWS,Dru Baker,R,0,False,,False,Unknown (nan),?,HOU,HOU,CWS,---,05:00 PM,849849,0,0.0,False,False,False,False,0.0,0,0,0,0,0,0,0,0,0,0,0,0,0.0,,,,,0.0,0.0,3.68,1.18,1.22,327.7,12,🔴 Chase Risk,44.0,0.0,,0.0,,,3.8,,,0.0,,,,,,,0.0,,,,,,,0,999,0,0,,,0.0,,,,,,0.0,0.0,0.0,0.0,0.0,0.0,0,0,0.0,0.0,4,4,0,0,0.0,0.0,,0.0,,,,False,,False,,,False,,,1,0,0,0,0,0,0,,,,,,False,,False,,False,,False,,,,0,---,,,,,False,,False,,False,,False,,,,0,,,False,,False,,False,,False,,,,0,0,,,False,,False,,False,,False,,1.0,1.0,,,,,,,,,,2026-09-27,,,,0.0,0.0,,,,,,,,,,,,,,,,,,,,,,,,,,,,0,nan,681333,0,,,,,,,,False,False,,,,,False,,,,,,False,,,,,,,False,,,,,,,False,,,,,,,,,,,False,,,,,,,False,,,0,0,1.0,0
D,0,CWS,Jeral Perez,R,0,False,,False,Unknown (nan),?,HOU,HOU,CWS,---,05:00 PM,849849,0,0.0,False,False,False,False,0.0,0,0,0,0,0,0,0,0,0,0,0,0,0.0,,,,,0.0,0.0,3.68,1.18,1.22,327.7,12,🟡 Watch,44.0,0.0,,0.0,,,3.8,,,0.0,,,,,,,0.0,,,,,,,0,999,0,0,,,0.0,,,,,,0.0,0.0,0.0,0.0,0.0,0.0,0,0,0.0,0.0,4,4,0,0,0.0,0.0,,0.0,,,,False,,False,,,False,,,1,0,0,0,0,0,0,,,,,,False,,False,,False,,False,,,,0,---,,,,,False,,False,,False,,False,,,,0,,,False,,False,,False,,False,,,,0,0,,,False,,False,,False,,False,,1.0,1.0,,,,,,,,,,2026-09-27,,,,0.0,0.0,,,,,,,,,,,,,,,,,,,,,,,,,,,,0,nan,800419,0,,,,,,,,False,False,,,,,False,,,,,,False,,,,,,,False,,,,,,,False,,,,,,,,,,,False,,,,,,,False,,,0,0,1.0,0
D,0,CWS,Ryan Galanie,R,0,False,,False,Unknown (nan),?,HOU,HOU,CWS,---,05:00 PM,849849,0,0.0,False,False,False,False,0.0,0,0,0,0,0,0,0,0,0,0,0,0,0.0,,,,,0.0,0.0,3.68,1.18,1.22,327.7,12,🟢 Disciplined,62.0,0.0,,16.7,,,3.8,,,0.0,,,,,,,0.0,,,,,,,0,999,0,0,,,0.0,,,,,,0.0,0.0,0.0,0.0,0.0,0.0,0,0,0.0,0.0,4,4,0,0,0.0,0.0,,0.0,,,,False,,False,,,False,,,1,0,0,0,0,0,0,,,,,,False,,False,,False,,False,,,,0,---,,,,,False,,False,,False,,False,,,,0,,,False,,False,,False,,False,,,,0,0,,,False,,False,,False,,False,,1.0,1.0,,,,,,,,,,2026-09-27,,,,0.0,0.0,,,,,,,,,,,,,,,,,,,,,,,,,,,,0,nan,814436,0,,,,,,,,False,False,,,,,False,,,,,,False,,,,,,,False,,,,,,,False,,,,,,,,,,,False,,,,,,,False,,,0,0,1.0,0
D,0,CWS,Samuel Zavala,L,0,False,,False,Unknown (nan),?,HOU,HOU,CWS,---,05:00 PM,849849,0,0.0,False,False,False,False,0.0,0,0,0,0,0,0,0,0,0,0,0,0,0.0,,,,,0.0,0.0,3.68,1.18,1.22,327.7,12,🔴 Chase Risk,52.0,0.0,,0.0,,,3.8,,,0.0,,,,,,,0.0,,,,,,,0,999,0,0,,,0.0,,,,,,0.0,0.0,0.0,0.0,0.0,0.0,0,0,0.0,0.0,4,4,0,0,0.0,0.0,,0.0,,,,False,,False,,,False,,,1,0,0,0,0,0,0,,,,,,False,,False,,False,,False,,,,0,---,,,,,False,,False,,False,,False,,,,0,,,False,,False,,False,,False,,,,0,0,,,False,,False,,False,,False,,1.0,1.0,,,,,,,,,,2026-09-27,,,,0.0,0.0,,,,,,,,,,,,,,,,,,,,,,,,,,,,0,nan,694214,0,,,,,,,,False,False,,,,,False,,,,,,False,,,,,,,False,,,,,,,False,,,,,,,,,,,False,,,,,,,False,,,0,0,1.0,0
D,0,CWS,Mario Camilletti,L,0,False,,False,Unknown (nan),?,HOU,HOU,CWS,---,05:00 PM,849849,0,0.0,False,False,False,False,0.0,0,0,0,0,0,0,0,0,0,0,0,0,0.0,,,,,0.0,0.0,3.68,1.18,1.22,327.7,12,🔴 Chase Risk,52.0,0.0,,0.0,,,3.8,,,0.0,,,,,,,0.0,,,,,,,0,999,0,0,,,0.0,,,,,,0.0,0.0,0.0,0.0,0.0,0.0,0,0,0.0,0.0,4,4,0,0,0.0,0.0,,0.0,,,,False,,False,,,False,,,1,0,0,0,0,0,0,,,,,,False,,False,,False,,False,,,,0,---,,,,,False,,False,,False,,False,,,,0,,,False,,False,,False,,False,,,,0,0,,,False,,False,,False,,False,,1.0,1.0,,,,,,,,,,2026-09-27,,,,0.0,0.0,,,,,,,,,,,,,,,,,,,,,,,,,,,,0,nan,680519,0,,,,,,,,False,False,,,,,False,,,,,,False,,,,,,,False,,,,,,,False,,,,,,,,,,,False,,,,,,,False,,,0,0,1.0,0
D,0,CWS,Jacob Burke,R,0,False,,False,Unknown (nan),?,HOU,HOU,CWS,---,05:00 PM,849849,0,0.0,False,False,False,False,0.0,0,0,0,0,0,0,0,0,0,0,0,0,0.0,,,,,0.0,0.0,3.68,1.18,1.22,327.7,12,🔴 Chase Risk,44.0,0.0,,0.0,,,3.8,,,0.0,,,,,,,0.0,,,,,,,0,999,0,0,,,0.0,,,,,,0.0,0.0,0.0,0.0,0.0,0.0,0,0,0.0,0.0,4,4,0,0,0.0,0.0,,0.0,,,,False,,False,,,False,,,1,0,0,0,0,0,0,,,,,,False,,False,,False,,False,,,,0,---,,,,,False,,False,,False,,False,,,,0,,,False,,False,,False,,False,,,,0,0,,,False,,False,,False,,False,,1.0,1.0,,,,,,,,,,2026-09-27,,,,0.0,0.0,,,,,,,,,,,,,,,,,,,,,,,,,,,,0,nan,804240,0,,,,,,,,False,False,,,,,False,,,,,,False,,,,,,,False,,,,,,,False,,,,,,,,,,,False,,,,,,,False,,,0,0,1.0,0
D,0,CWS,Anthony DePino,R,0,False,,False,Unknown (nan),?,HOU,HOU,CWS,---,05:00 PM,849849,0,0.0,False,False,False,False,0.0,0,0,0,0,0,0,0,0,0,0,0,0,0.0,,,,,0.0,0.0,3.68,1.18,1.22,327.7,12,⬜ Neutral,52.0,0.0,,0.0,,,3.8,,,0.0,,,,,,,0.0,,,,,,,0,999,0,0,,,0.0,,,,,,0.0,0.0,0.0,0.0,0.0,0.0,0,0,0.0,0.0,4,4,0,0,0.0,0.0,,0.0,,,,False,,False,,,False,,,1,0,0,0,0,0,0,,,,,,False,,False,,False,,False,,,,0,---,,,,,False,,False,,False,,False,,,,0,,,False,,False,,False,,False,,,,0,0,,,False,,False,,False,,False,,1.0,1.0,,,,,,,,,,2026-09-27,,,,0.0,0.0,,,,,,,,,,,,,,,,,,,,,,,,,,,,0,nan,834962,0,,,,,,,,False,False,,,,,False,,,,,,False,,,,,,,False,,,,,,,False,,,,,,,,,,,False,,,,,,,False,,,0,0,1.0,0
D,0,CWS,Darren Baker,L,0,False,,False,Unknown (nan),?,HOU,HOU,CWS,---,05:00 PM,849849,0,0.0,False,False,False,False,0.0,0,0,0,0,0,0,0,0,0,0,0,0,0.0,,,,,0.0,0.0,3.68,1.18,1.22,327.7,12,⬜ Neutral,52.0,0.0,,0.0,,,3.8,,,0.0,,,,,,,0.0,,,,,,,0,999,0,0,,,0.0,,,,,,0.0,0.0,0.0,0.0,0.0,0.0,0,0,0.0,0.0,4,4,0,0,0.0,0.0,,0.0,,,,False,,False,,,False,,,1,0,0,0,0,0,0,,,,,,False,,False,,False,,False,,,,0,---,,,,,False,,False,,False,,False,,,,0,,,False,,False,,False,,False,,,,0,0,,,False,,False,,False,,False,,1.0,1.0,,,,,,,,,,2026-09-27,,,,0.0,0.0,,,,,,,,,,,,,,,,,,,,,,,,,,,,0,nan,671117,0,,,,,,,,False,False,,,,,False,,,,,,False,,,,,,,False,,,,,,,False,,,,,,,,,,,False,,,,,,,False,,,0,0,1.0,0
D,0,CWS,Alec Briley,R,0,False,,False,Unknown (nan),?,HOU,HOU,CWS,---,05:00 PM,849849,0,0.0,False,False,False,False,0.0,0,0,0,0,0,0,0,0,0,0,0,0,0.0,,,,,0.0,0.0,3.68,1.18,1.22,327.7,12,⬜ Neutral,52.0,0.0,,0.0,,,3.8,,,0.0,,,,,,,0.0,,,,,,,0,999,0,0,,,0.0,,,,,,0.0,0.0,0.0,0.0,0.0,0.0,0,0,0.0,0.0,4,4,0,0,0.0,0.0,,0.0,,,,False,,False,,,False,,,1,0,0,0,0,0,0,,,,,,False,,False,,False,,False,,,,0,---,,,,,False,,False,,False,,False,,,,0,,,False,,False,,False,,False,,,,0,0,,,False,,False,,False,,False,,1.0,1.0,,,,,,,,,,2026-09-27,,,,0.0,0.0,,,,,,,,,,,,,,,,,,,,,,,,,,,,0,nan,701062,0,,,,,,,,False,False,,,,,False,,,,,,False,,,,,,,False,,,,,,,False,,,,,,,,,,,False,,,,,,,False,,,0,0,1.0,0
D,0,CWS,Michael Turner,L,0,False,,False,Unknown (nan),?,HOU,HOU,CWS,---,05:00 PM,849849,0,0.0,False,False,False,False,0.0,0,0,0,0,0,0,0,0,0,0,0,0,0.0,,,,,0.0,0.0,3.68,1.18,1.22,327.7,12,⬜ Neutral,56.0,0.0,,0.0,,,3.8,,,0.0,,,,,,,0.0,,,,,,,0,999,0,0,,,0.0,,,,,,0.0,0.0,0.0,0.0,0.0,0.0,0,0,0.0,0.0,4,4,0,0,0.0,0.0,,0.0,,,,False,,False,,,False,,,1,0,0,0,0,0,0,,,,,,False,,False,,False,,False,,,,0,---,,,,,False,,False,,False,,False,,,,0,,,False,,False,,False,,False,,,,0,0,,,False,,False,,False,,False,,1.0,1.0,,,,,,,,,,2026-09-27,,,,0.0,0.0,,,,,,,,,,,,,,,,,,,,,,,,,,,,0,nan,694478,0,,,,,,,,False,False,,,,,False,,,,,,False,,,,,,,False,,,,,,,False,,,,,,,,,,,False,,,,,,,False,,,0,0,1.0,0
D,0,CWS,Bryce Eblin,L,0,False,,False,Unknown (nan),?,HOU,HOU,CWS,---,05:00 PM,849849,0,0.0,False,False,False,False,0.0,0,0,0,0,0,0,0,0,0,0,0,0,0.0,,,,,0.0,0.0,3.68,1.18,1.22,327.7,12,🟢 Disciplined,58.0,0.0,,50.0,,,3.8,,,0.0,,,,,,,0.0,,,,,,,0,999,0,0,,,0.0,,,,,,0.0,0.0,0.0,0.0,0.0,0.0,0,0,0.0,0.0,4,4,0,0,0.0,0.0,,0.0,,,,False,,False,,,False,,,1,0,0,0,0,0,0,,,,,,False,,False,,False,,False,,,,0,---,,,,,False,,False,,False,,False,,,,0,,,False,,False,,False,,False,,,,0,0,,,False,,False,,False,,False,,1.0,1.0,,,,,,,,,,2026-09-27,,,,0.0,0.0,,,,,,,,,,,,,,,,,,,,,,,,,,,,0,nan,694469,0,,,,,,,,False,False,,,,,False,,,,,,False,,,,,,,False,,,,,,,False,,,,,,,,,,,False,,,,,,,False,,,0,0,1.0,0
D,0,CWS,Drake Logan,R,0,False,,False,Unknown (nan),?,HOU,HOU,CWS,---,05:00 PM,849849,0,0.0,False,False,False,False,0.0,0,0,0,0,0,0,0,0,0,0,0,0,0.0,,,,,0.0,0.0,3.68,1.18,1.22,327.7,12,🔴 Chase Risk,48.0,0.0,,0.0,,,3.8,,,0.0,,,,,,,0.0,,,,,,,0,999,0,0,,,0.0,,,,,,0.0,0.0,0.0,0.0,0.0,0.0,0,0,0.0,0.0,4,4,0,0,0.0,0.0,,0.0,,,,False,,False,,,False,,,1,0,0,0,0,0,0,,,,,,False,,False,,False,,False,,,,0,---,,,,,False,,False,,False,,False,,,,0,,,False,,False,,False,,False,,,,0,0,,,False,,False,,False,,False,,1.0,1.0,,,,,,,,,,2026-09-27,,,,0.0,0.0,,,,,,,,,,,,,,,,,,,,,,,,,,,,0,nan,805763,0,,,,,,,,False,False,,,,,False,,,,,,False,,,,,,,False,,,,,,,False,,,,,,,,,,,False,,,,,,,False,,,0,0,1.0,0
D,0,CWS,Kyle Lodise,R,0,False,,False,Unknown (nan),?,HOU,HOU,CWS,---,05:00 PM,849849,0,0.0,False,False,False,False,0.0,0,0,0,0,0,0,0,0,0,0,0,0,0.0,,,,,0.0,0.0,3.68,1.18,1.22,327.7,12,⬜ Neutral,56.0,0.0,,0.0,,,3.8,,,0.0,,,,,,,0.0,,,,,,,0,999,0,0,,,0.0,,,,,,0.0,0.0,0.0,0.0,0.0,0.0,0,0,0.0,0.0,4,4,0,0,0.0,0.0,,0.0,,,,False,,False,,,False,,,1,0,0,0,0,0,0,,,,,,False,,False,,False,,False,,,,0,---,,,,,False,,False,,False,,False,,,,0,,,False,,False,,False,,False,,,,0,0,,,False,,False,,False,,False,,1.0,1.0,,,,,,,,,,2026-09-27,,,,0.0,0.0,,,,,,,,,,,,,,,,,,,,,,,,,,,,0,nan,827517,0,,,,,,,,False,False,,,,,False,,,,,,False,,,,,,,False,,,,,,,False,,,,,,,,,,,False,,,,,,,False,,,0,0,1.0,0
D,0,CWS,George Wolkow,L,0,False,,False,Unknown (nan),?,HOU,HOU,CWS,---,05:00 PM,849849,0,0.0,False,False,False,False,0.0,0,0,0,0,0,0,0,0,0,0,0,0,0.0,,,,,0.0,0.0,3.68,1.18,1.22,327.7,12,🔴 Chase Risk,52.0,0.0,,0.0,,,3.8,,,0.0,,,,,,,0.0,,,,,,,0,999,0,0,,,0.0,,,,,,0.0,0.0,0.0,0.0,0.0,0.0,0,0,0.0,0.0,4,4,0,0,0.0,0.0,,0.0,,,,False,,False,,,False,,,1,0,0,0,0,0,0,,,,,,False,,False,,False,,False,,,,0,---,,,,,False,,False,,False,,False,,,,0,,,False,,False,,False,,False,,,,0,0,,,False,,False,,False,,False,,1.0,1.0,,,,,,,,,,2026-09-27,,,,0.0,0.0,,,,,,,,,,,,,,,,,,,,,,,,,,,,0,nan,805804,0,,,,,,,,False,False,,,,,False,,,,,,False,,,,,,,False,,,,,,,False,,,,,,,,,,,False,,,,,,,False,,,0,0,1.0,0
D,0,CWS,Caden Connor,L,0,False,,False,Unknown (nan),?,HOU,HOU,CWS,---,05:00 PM,849849,0,0.0,False,False,False,False,0.0,0,0,0,0,0,0,0,0,0,0,0,0,0.0,,,,,0.0,0.0,3.68,1.18,1.22,327.7,12,🟡 Watch,44.0,0.0,,0.0,,,3.8,,,0.0,,,,,,,0.0,,,,,,,0,999,0,0,,,0.0,,,,,,0.0,0.0,0.0,0.0,0.0,0.0,0,0,0.0,0.0,4,4,0,0,0.0,0.0,,0.0,,,,False,,False,,,False,,,1,0,0,0,0,0,0,,,,,,False,,False,,False,,False,,,,0,---,,,,,False,,False,,False,,False,,,,0,,,False,,False,,False,,False,,,,0,0,,,False,,False,,False,,False,,1.0,1.0,,,,,,,,,,2026-09-27,,,,0.0,0.0,,,,,,,,,,,,,,,,,,,,,,,,,,,,0,nan,804645,0,,,,,,,,False,False,,,,,False,,,,,,False,,,,,,,False,,,,,,,False,,,,,,,,,,,False,,,,,,,False,,,0,0,1.0,0
D,0,CWS,Adam Hackenberg,R,0,False,,False,Unknown (nan),?,HOU,HOU,CWS,---,05:00 PM,849849,0,0.0,False,False,False,False,0.0,0,0,0,0,0,0,0,0,0,0,0,0,0.0,,,,,0.0,0.0,3.68,1.18,1.22,327.7,12,🟡 Watch,44.0,0.0,,0.0,,,3.8,,,0.0,,,,,,,0.0,,,,,,,0,999,0,0,,,0.0,,,,,,0.0,0.0,0.0,0.0,0.0,0.0,0,0,0.0,0.0,4,4,0,0,0.0,0.0,,0.0,,,,False,,False,,,False,,,1,0,0,0,0,0,0,,,,,,False,,False,,False,,False,,,,0,---,,,,,False,,False,,False,,False,,,,0,,,False,,False,,False,,False,,,,0,0,,,False,,False,,False,,False,,1.0,1.0,,,,,,,,,,2026-09-27,,,,0.0,0.0,,,,,,,,,,,,,,,,,,,,,,,,,,,,0,nan,680753,0,,,,,,,,False,False,,,,,False,,,,,,False,,,,,,,False,,,,,,,False,,,,,,,,,,,False,,,,,,,False,,,0,0,1.0,0
D,0,CWS,Jason Matthews,R,0,False,,False,Unknown (nan),?,HOU,HOU,CWS,---,05:00 PM,849849,0,0.0,False,False,False,False,0.0,0,0,0,0,0,0,0,0,0,0,0,0,0.0,,,,,0.0,0.0,3.68,1.18,1.22,327.7,12,🟢 Disciplined,62.0,0.0,,66.7,,,3.8,,,0.0,,,,,,,0.0,,,,,,,0,999,0,0,,,0.0,,,,,,0.0,0.0,0.0,0.0,0.0,0.0,0,0,0.0,0.0,4,4,0,0,0.0,0.0,,0.0,,,,False,,False,,,False,,,1,0,0,0,0,0,0,,,,,,False,,False,,False,,False,,,,0,---,,,,,False,,False,,False,,False,,,,0,,,False,,False,,False,,False,,,,0,0,,,False,,False,,False,,False,,1.0,1.0,,,,,,,,,,2026-09-27,,,,0.0,0.0,,,,,,,,,,,,,,,,,,,,,,,,,,,,0,nan,667240,0,,,,,,,,False,False,,,,,False,,,,,,False,,,,,,,False,,,,,,,False,,,,,,,,,,,False,,,,,,,False,,,0,0,1.0,0
D,0,CWS,Nathan Archer,L,0,False,,False,Unknown (nan),?,HOU,HOU,CWS,---,05:00 PM,849849,0,0.0,False,False,False,False,0.0,0,0,0,0,0,0,0,0,0,0,0,0,0.0,,,,,0.0,0.0,3.68,1.18,1.22,327.7,12,🟢 Disciplined,66.0,0.0,,33.3,,,3.8,,,0.0,,,,,,,0.0,,,,,,,0,999,0,0,,,0.0,,,,,,0.0,0.0,0.0,0.0,0.0,0.0,0,0,0.0,0.0,4,4,0,0,0.0,0.0,,0.0,,,,False,,False,,,False,,,1,0,0,0,0,0,0,,,,,,False,,False,,False,,False,,,,0,---,,,,,False,,False,,False,,False,,,,0,,,False,,False,,False,,False,,,,0,0,,,False,,False,,False,,False,,1.0,1.0,,,,,,,,,,2026-09-27,,,,0.0,0.0,,,,,,,,,,,,,,,,,,,,,,,,,,,,0,nan,814453,0,,,,,,,,False,False,,,,,False,,,,,,False,,,,,,,False,,,,,,,False,,,,,,,,,,,False,,,,,,,False,,,0,0,1.0,0
D,0,CWS,Jordan Sprinkle,R,0,False,,False,Unknown (nan),?,HOU,HOU,CWS,---,05:00 PM,849849,0,0.0,False,False,False,False,0.0,0,0,0,0,0,0,0,0,0,0,0,0,0.0,,,,,0.0,0.0,3.68,1.18,1.22,327.7,12,🔴 Chase Risk,44.0,0.0,,0.0,,,3.8,,,0.0,,,,,,,0.0,,,,,,,0,999,0,0,,,0.0,,,,,,0.0,0.0,0.0,0.0,0.0,0.0,0,0,0.0,0.0,4,4,0,0,0.0,0.0,,0.0,,,,False,,False,,,False,,,1,0,0,0,0,0,0,,,,,,False,,False,,False,,False,,,,0,---,,,,,False,,False,,False,,False,,,,0,,,False,,False,,False,,False,,,,0,0,,,False,,False,,False,,False,,1.0,1.0,,,,,,,,,,2026-09-27,,,,0.0,0.0,,,,,,,,,,,,,,,,,,,,,,,,,,,,0,nan,688394,0,,,,,,,,False,False,,,,,False,,,,,,False,,,,,,,False,,,,,,,False,,,,,,,,,,,False,,,,,,,False,,,0,0,1.0,0
D,0,CWS,Nick Maton,L,0,False,,False,Unknown (nan),?,HOU,HOU,CWS,---,05:00 PM,849849,0,0.0,False,False,False,False,0.0,0,0,0,0,0,0,0,0,0,0,0,0,0.0,,,,,0.0,0.0,3.68,1.18,1.22,327.7,12,🟢 Disciplined,66.0,0.0,,15.8,,,3.2,,,0.0,,,,,,,0.0,,,,,,,0,999,0,0,,,0.0,,,,,,0.0,0.0,0.0,0.0,0.0,0.0,0,0,0.0,0.0,4,4,0,0,0.0,0.0,,0.0,,31.42,24.5,False,,False,,,False,,,1,0,0,0,0,0,0,,,,,,False,,False,,False,,False,,,,0,---,,,,,False,,False,,False,,False,,,,0,,,False,,False,,False,,False,,,,0,0,,,False,,False,,False,,False,,1.0,1.0,,,,,,,,,,2026-09-27,,,,0.0,0.0,,,,,,,,,,,,,,,,,,,,,,,,,,,,0,nan,665155,0,,,,,,,,False,False,,,,,False,,,,,,False,,,,,,,False,,,,,,,False,,,,,,,,,,,False,,,,,,,False,,,0,0,1.0,0
D,0,CWS,Matt Thaiss,L,0,False,,False,Unknown (nan),?,HOU,HOU,CWS,---,05:00 PM,849849,0,0.0,False,False,False,False,0.0,0,0,0,0,0,0,0,0,0,0,0,0,0.0,,,,,0.0,0.0,3.68,1.18,1.22,327.7,12,🟢 Disciplined,62.0,0.0,,30.0,,,2.9,,,0.0,,,,,,,0.0,,,,,,,0,999,0,0,,,0.0,,,,,,0.0,0.0,0.0,0.0,0.0,0.0,0,0,0.0,0.0,4,4,0,0,0.0,0.0,,0.0,,29.44,16.6,False,,False,,,False,,,1,0,0,0,0,0,0,,,,,,False,,False,,False,,False,,,,0,---,,,,,False,,False,,False,,False,,,,0,,,False,,False,,False,,False,,,,0,0,,,False,,False,,False,,False,,1.0,1.0,,,,,,,,,,2026-09-27,,,,0.0,0.0,,,,,,,,,,,,,,,,,,,,,,,,,,,,0,nan,642136,0,,,,,,,,False,False,,,,,False,,,,,,False,,,,,,,False,,,,,,,False,,,,,,,,,,,False,,,,,,,False,,,0,0,1.0,0
D,0,CWS,Jacob Amaya,R,0,False,,False,Unknown (nan),?,HOU,HOU,CWS,---,05:00 PM,849849,0,0.0,False,False,False,False,0.0,0,0,0,0,0,0,0,0,0,0,0,0,0.0,,,,,0.0,0.0,3.68,1.18,1.22,327.7,12,⬜ Neutral,56.0,0.0,,6.5,,,2.8,,,0.0,,,,,,,0.0,,,,,,,0,999,0,0,,,0.0,,,,,,0.0,0.0,0.0,0.0,0.0,0.0,0,0,0.0,0.0,4,4,0,0,0.0,0.0,,0.0,,36.48,9.9,False,,False,,,False,,,1,0,0,0,0,0,0,,,,,,False,,False,,False,,False,,,,0,---,,,,,False,,False,,False,,False,,,,0,,,False,,False,,False,,False,,,,0,0,,,False,,False,,False,,False,,1.0,1.0,,,,,,,,,,2026-09-27,,,,0.0,0.0,,,,,,,,,,,,,,,,,,,,,,,,,,,,0,nan,676070,0,,,,,,,,False,False,,,,,False,,,,,,False,,,,,,,False,,,,,,,False,,,,,,,,,,,False,,,,,,,False,,,0,0,1.0,0
D,0,CWS,Brooks Baldwin,L,0,False,,False,Unknown (nan),?,HOU,HOU,CWS,---,05:00 PM,849849,0,0.0,False,False,False,False,0.0,0,0,0,0,0,0,0,0,0,0,0,0,0.0,,,,,0.0,0.0,3.68,1.18,1.22,327.7,12,⬜ Neutral,56.0,0.0,,4.2,,,3.0,,,0.0,,,,,,,0.0,,,,,,,0,999,0,0,,,0.0,,,,,,0.0,0.0,0.0,0.0,0.0,0.0,0,0,0.0,0.0,4,4,0,0,0.0,0.0,,0.0,,23.61,19.4,False,,False,,,False,,,1,0,0,0,0,0,0,,,,,,False,,False,,False,,False,,,,0,---,,,,,False,,False,,False,,False,,,,0,,,False,,False,,False,,False,,,,0,0,,,False,,False,,False,,False,,1.0,1.0,,,,,,,,,,2026-09-27,,,,0.0,0.0,,,,,,,,,,,,,,,,,,,,,,,,,,,,0,nan,681460,0,,,,,,,,False,False,,,,,False,,,,,,False,,,,,,,False,,,,,,,False,,,,,,,,,,,False,,,,,,,False,,,0,0,1.0,0
D,0,CWS,Travis Jankowski,L,0,False,,False,Unknown (nan),?,HOU,HOU,CWS,---,05:00 PM,849849,0,0.0,False,False,False,False,0.0,0,0,0,0,0,0,0,0,0,0,0,0,0.0,,,,,0.0,0.0,3.68,1.18,1.22,327.7,12,⬜ Neutral,48.0,0.0,,0.0,,,3.8,,,0.0,,,,,,,0.0,,,,,,,0,999,0,0,,,0.0,,,,,,0.0,0.0,0.0,0.0,0.0,0.0,0,0,0.0,0.0,4,4,0,0,0.0,0.0,,0.0,,,,False,,False,,,False,,,1,0,0,0,0,0,0,,,,,,False,,False,,False,,False,,,,0,---,,,,,False,,False,,False,,False,,,,0,,,False,,False,,False,,False,,,,0,0,,,False,,False,,False,,False,,1.0,1.0,,,,,,,,,,2026-09-27,,,,0.0,0.0,,,,,,,,,,,,,,,,,,,,,,,,,,,,0,nan,608671,0,,,,,,,,False,False,,,,,False,,,,,,False,,,,,,,False,,,,,,,False,,,,,,,,,,,False,,,,,,,False,,,0,0,1.0,0
D,0,CWS,Michael A. Taylor,R,0,False,,False,Unknown (nan),?,HOU,HOU,CWS,---,05:00 PM,849849,0,0.0,False,False,False,False,0.0,0,0,0,0,0,0,0,0,0,0,0,0,0.0,,,,,0.0,0.0,3.68,1.18,1.22,327.7,12,⬜ Neutral,56.0,0.0,,5.0,,,2.9,,,0.0,,,,,,,0.0,,,,,,,0,999,0,0,,,0.0,,,,,,0.0,0.0,0.0,0.0,0.0,0.0,0,0,0.0,0.0,4,4,0,0,0.0,0.0,,0.0,,28.1,16.6,False,,False,,,False,,,1,0,0,0,0,0,0,,,,,,False,,False,,False,,False,,,,0,---,,,,,False,,False,,False,,False,,,,0,,,False,,False,,False,,False,,,,0,0,,,False,,False,,False,,False,,1.0,1.0,,,,,,,,,,2026-09-27,,,,0.0,0.0,,,,,,,,,,,,,,,,,,,,,,,,,,,,0,nan,572191,0,,,,,,,,False,False,,,,,False,,,,,,False,,,,,,,False,,,,,,,False,,,,,,,,,,,False,,,,,,,False,,,0,0,1.0,0
D,0,CWS,Omar Narváez,L,0,False,,False,Unknown (nan),?,HOU,HOU,CWS,---,05:00 PM,849849,0,0.0,False,False,False,False,0.0,0,0,0,0,0,0,0,0,0,0,0,0,0.0,,,,,0.0,0.0,3.68,1.18,1.22,327.7,12,⬜ Neutral,56.0,0.0,,0.0,,,3.8,,,0.0,,,,,,,0.0,,,,,,,0,999,0,0,,,0.0,,,,,,0.0,0.0,0.0,0.0,0.0,0.0,0,0,0.0,0.0,4,4,0,0,0.0,0.0,,0.0,,,,False,,False,,,False,,,1,0,0,0,0,0,0,,,,,,False,,False,,False,,False,,,,0,---,,,,,False,,False,,False,,False,,,,0,,,False,,False,,False,,False,,,,0,0,,,False,,False,,False,,False,,1.0,1.0,,,,,,,,,,2026-09-27,,,,0.0,0.0,,,,,,,,,,,,,,,,,,,,,,,,,,,,0,nan,553882,0,,,,,,,,False,False,,,,,False,,,,,,False,,,,,,,False,,,,,,,False,,,,,,,,,,,False,,,,,,,False,,,0,0,1.0,0
D,0,CWS,Joshua Palacios,L,0,False,,False,Unknown (nan),?,HOU,HOU,CWS,---,05:00 PM,849849,0,0.0,False,False,False,False,0.0,0,0,0,0,0,0,0,0,0,0,0,0,0.0,,,,,0.0,0.0,3.68,1.18,1.22,327.7,12,🟢 Disciplined,66.0,0.0,,25.0,,,3.8,,,0.0,,,,,,,0.0,,,,,,,0,999,0,0,,,0.0,,,,,,0.0,0.0,0.0,0.0,0.0,0.0,0,0,0.0,0.0,4,4,0,0,0.0,0.0,,0.0,,,,False,,False,,,False,,,1,0,0,0,0,0,0,,,,,,False,,False,,False,,False,,,,0,---,,,,,False,,False,,False,,False,,,,0,,,False,,False,,False,,False,,,,0,0,,,False,,False,,False,,False,,1.0,1.0,,,,,,,,,,2026-09-27,,,,0.0,0.0,,,,,,,,,,,,,,,,,,,,,,,,,,,,0,nan,641943,0,,,,,,,,False,False,,,,,False,,,,,,False,,,,,,,False,,,,,,,False,,,,,,,,,,,False,,,,,,,False,,,0,0,1.0,0
D,0,HOU,Jose Altuve,R,0,False,,False,Unknown (nan),?,CWS,HOU,CWS,---,05:00 PM,849849,0,0.0,True,False,False,False,0.3631,0,0,0,0,543,27,0,0,6,5,0,0,0.0,,,,,0.3053,0.0,3.99,1.09,1.27,189.7,16,⬜ Neutral,56.0,0.0,,6.7,,37.1,4.2,1.236,0.154,0.154,0.0,0.0,0.154,1.082,1.699,0.773,0.037,0.037,0.2963,0.037,0.0,0.4074,0.1852,1,21,0,0,0.0,33.3,0.141,22.2,0.0,12.3,0.306,0.272,0.31,0.0,0.12,0.333,0.0,0.0,19,19,0.141,0.145,9,9,0,0,0.0,0.0,,0.0,,24.03,17.0,False,0.79,False,,,False,-1.1,1.1,0,0,0,0,0,0,0,,,86.8,22.2,65.8,False,0.0,False,11.1,False,11.3,False,3.7,29.6,3.7,0,---,,,,,False,,False,,False,,False,,,,0,,,False,,False,,False,,False,,,,0,0,,,False,,False,,False,,False,,1.0,1.0,,,,,,,,,,2026-09-27,,,,0.0,0.0,59.3,74.1,11.6,9.6,7.2,,,,,,,,,,,,,,,,,,,,,,,0,nan,514888,27,33.3,7.4,25.9,7.4,44.4,0.0,0.333,False,False,,,,,False,,,,,,False,,,,,,,False,,,,,,,False,,,,,,,,,,,False,,,,,,,False,,,0,0,1.0,0
C,1,HOU,Yordan Alvarez,L,0,False,,False,Unknown (nan),?,CWS,HOU,CWS,---,05:00 PM,849849,2,0.8,False,False,False,False,0.5956,2,0,0,0,657,28,0,0,6,6,2,2,33.3,,,,,0.2913,0.0,3.99,1.09,1.27,189.7,16,🟢 Disciplined,62.0,0.0,,15.1,,29.0,4.3,1.546,0.309,0.309,0.309,0.0,0.619,0.619,2.783,0.928,0.0714,0.0714,0.3571,0.1429,0.1071,0.6429,0.2143,2,0,1,3,10.7,50.0,0.293,21.4,12.5,11.4,0.451,0.464,0.463,0.0,0.333,0.53,0.0,0.0,41,41,0.293,0.286,6,6,0,3,347.0,107.5,deep line drive 347ft 108mph | double 107mph EV | double 105mph EV | rocket LD 105mph,0.0,,26.9,23.1,False,0.02,False,,,False,6.13,4.6,0,0,1,1,1,0,0,,,96.9,46.4,75.8,True,10.7,True,21.4,False,18.9,False,7.14,35.7,14.3,0,---,,,,,False,,False,,False,,False,,,,0,,,False,,False,,False,,False,,,,0,0,,,False,,False,,False,,False,,1.0,1.0,,,,,,,,,,2026-09-27,,,,0.0,0.0,50.0,85.7,5.3,7.3,7.5,,,,,,,,,,,,,,,,,,,,,,,0,nan,670541,28,21.4,3.6,14.3,7.1,39.3,1.0,0.53,False,False,,,,,False,,,,,,False,,,,,,,False,,,,,,,False,,,,,,,,,,,False,,,,,,,False,,,0,0,1.0,0
D,0,HOU,Isaac Paredes,R,0,False,,False,Unknown (nan),?,CWS,HOU,CWS,---,05:00 PM,849849,0,0.0,True,False,False,False,0.5919,0,0,0,0,645,28,0,0,6,4,1,0,0.0,,,,,0.2954,0.0,3.99,1.09,1.27,189.7,16,🟢 Disciplined,59.0,0.0,,11.1,,26.9,4.3,1.067,0.457,0.457,0.152,0.0,0.61,0.457,2.592,0.61,0.1071,0.1071,0.25,0.1429,0.0357,0.6071,0.1429,3,0,1,2,3.6,46.4,0.224,28.6,23.1,9.6,0.362,0.331,0.378,0.0,0.435,0.465,0.0,0.0,22,22,0.224,0.185,4,4,0,1,351.0,100.6,deep fly ball 351ft 101mph | double 101mph EV,0.0,,19.94,23.5,False,-0.7,False,,,False,2.36,1.2,0,0,0,2,0,0,0,,,84.4,25.0,65.9,False,3.6,False,21.4,False,34.8,False,10.71,25.0,14.3,0,---,,,,,False,,False,,False,,False,,,,0,,,False,,False,,False,,False,,,,0,0,,,False,,False,,False,,False,,1.0,1.0,,,,,,,,,,2026-09-27,,,,0.0,0.0,35.7,78.6,11.0,14.4,7.5,,,,,,,,,,,,,,,,,,,,,,,0,nan,670623,28,14.3,21.4,10.7,14.3,39.3,4.0,0.465,False,False,,,,,False,,,,,,False,,,,,,,False,,,,,,,False,,,,,,,,,,,False,,,,,,,False,,,0,0,1.0,0
B,2,HOU,Christian Walker,R,0,False,,False,Unknown (nan),?,CWS,HOU,CWS,---,05:00 PM,849849,4,1.6,False,False,False,False,0.5712,4,0,0,0,599,26,0,0,6,5,4,3,50.0,,,,,0.3267,0.0,3.99,1.09,1.27,189.7,16,🟢 Disciplined,59.0,0.0,,8.3,,31.6,4.1,0.941,0.47,0.47,0.157,0.0,0.313,1.097,2.509,0.941,0.1154,0.1154,0.2308,0.1538,0.1154,0.6154,0.2308,3,4,0,2,11.5,50.0,0.236,30.8,15.4,18.7,0.308,0.311,0.324,0.0,0.435,0.413,0.0,0.0,39,39,0.236,0.201,5,5,0,4,367.0,103.0,deep fly ball 357ft 94mph | deep fly ball 349ft 96mph | deep fly ball 367ft 103mph | double 96mph EV,0.0,,37.3,20.3,False,-0.92,False,,,False,8.66,2.8,0,0,2,2,1,0,0,,,96.6,38.5,73.2,True,11.5,True,26.9,True,22.1,True,11.54,23.1,15.4,0,---,,,,,False,,False,,False,,False,,,,0,,,False,,False,,False,,False,,,,0,0,,,False,,False,,False,,False,,1.0,1.0,,,,,,,,,,2026-09-27,,,,0.0,0.0,42.3,80.8,8.4,7.7,7.4,,,,,,,,,,,,,,,,,,,,,,,0,nan,572233,26,11.5,3.8,26.9,7.7,26.9,3.0,0.413,False,False,,,,,False,,,,,,False,,,,,,,False,,,,,,,False,,,,,,,,,,,False,,,,,,,False,,,0,0,1.0,0
D,0,HOU,Carlos Correa,R,0,False,,False,Unknown (nan),?,CWS,HOU,CWS,---,05:00 PM,849849,0,0.0,True,False,False,False,0.2201,0,0,0,0,123,10,0,0,3,1,0,0,0.0,,,,,0.6237,0.0,3.99,1.09,1.27,189.7,16,🟢 Disciplined,59.0,0.0,,12.0,,32.0,4.2,0.416,0.0,0.0,0.0,0.0,0.832,1.663,0.416,0.0,0.0,0.0,0.1,0.0,0.0,0.1,0.0,0,11,0,0,0.0,20.0,0.139,20.0,0.0,11.4,0.359,0.378,0.351,0.0,0.0,0.228,0.0,0.0,11,11,0.139,0.139,4,4,0,0,0.0,0.0,,0.0,,21.26,16.9,False,-2.07,False,,,False,-0.81,0.8,0,0,0,0,0,0,0,,,80.1,10.0,71.3,False,0.0,False,0.0,False,-1.8,False,0.0,10.0,0.0,0,---,,,,,False,,False,,False,,False,,,,0,,,False,,False,,False,,False,,,,0,0,,,False,,False,,False,,False,,1.0,1.0,,,,,,,,,,2026-09-27,,,,0.0,0.0,70.0,70.0,4.0,11.0,7.1,,,,,,,,,,,,,,,,,,,,,,,0,nan,621043,0,20.0,0.0,40.0,0.0,0.0,0.0,0.228,False,False,,,,,False,,,,,,False,,,,,,,False,,,,,,,False,,,,,,,,,,,False,,,,,,,False,,,0,0,1.0,0
D,0,HOU,Cam Smith,R,0,False,,False,Unknown (nan),?,CWS,HOU,CWS,---,05:00 PM,849849,1,0.24,True,False,False,False,0.4303,1,0,0,0,538,25,0,0,6,2,1,0,0.0,,,,,0.3596,0.0,3.99,1.09,1.27,189.7,16,⬜ Neutral,56.0,0.0,,7.7,,29.8,3.8,0.452,0.151,0.151,0.151,0.0,0.602,1.505,1.054,0.151,0.04,0.04,0.12,0.08,0.08,0.28,0.04,1,3,0,3,4.0,44.0,0.181,12.0,11.1,19.1,0.284,0.31,0.284,0.0,0.19,0.282,0.0,0.0,28,28,0.181,0.18,4,4,0,2,380.0,110.9,deep line drive 351ft 111mph | double 111mph EV | deep fly ball 380ft 105mph,0.0,,28.78,7.1,False,-1.0,False,,,False,4.47,3.5,0,0,0,1,0,0,0,,,85.2,12.0,74.2,False,8.0,True,16.0,False,11.5,False,4.0,12.0,8.0,0,---,,,,,False,,False,,False,,False,,,,0,,,False,,False,,False,,False,,,,0,0,,,False,,False,,False,,False,,1.0,1.0,,,,,,,,,,2026-09-27,,,,0.0,0.0,64.0,72.0,6.7,14.6,7.4,,,,,,,,,,,,,,,,,,,,,,,0,nan,701358,25,12.0,4.0,40.0,4.0,20.0,2.0,0.282,False,False,,,,,False,,,,,,False,,,,,,,False,,,,,,,False,,,,,,,,,,,False,,,,,,,False,,,0,0,1.0,0
D,0,HOU,Taylor Trammell,L,0,False,,False,Unknown (nan),?,CWS,HOU,CWS,---,05:00 PM,849849,0,0.0,True,False,False,False,0.2892,0,0,0,0,285,12,0,0,3,1,0,0,0.0,,,,,0.336,0.0,3.99,1.09,1.27,189.7,16,🟢 Disciplined,59.0,0.0,,9.8,,29.0,3.1,0.0,0.0,0.0,0.0,0.0,0.518,1.294,0.0,0.0,0.0,0.0,0.0,0.0,0.0,0.0,0.0,0,14,0,0,0.0,33.3,0.149,0.0,0.0,23.9,0.287,0.289,0.274,0.0,0.0,0.116,0.0,0.0,10,10,0.149,0.149,9,9,0,0,0.0,0.0,,0.0,,30.46,13.1,False,0.87,False,,,False,-4.21,4.2,2,0,0,0,0,0,0,,,89.4,16.7,77.0,False,0.0,False,8.3,False,15.0,False,0.0,0.0,0.0,0,---,,,,,False,,False,,False,,False,,,,0,,,False,,False,,False,,False,,,,0,0,,,False,,False,,False,,False,,1.0,1.0,,,,,,,,,,2026-09-27,,,,0.0,0.0,58.3,75.0,8.7,8.1,7.9,,,,,,,,,,,,,,,,,,,,,,,0,nan,666211,12,25.0,8.3,41.7,0.0,25.0,0.0,0.116,False,False,,,,,False,,,,,,False,,,,,,,False,,,,,,,False,,,,,,,,,,,False,,,,,,,False,,,0,0,1.0,0
C,1,HOU,Yainer Diaz,R,0,False,,False,Unknown (nan),?,CWS,HOU,CWS,---,05:00 PM,849849,2,0.8,False,False,False,False,0.3561,2,0,0,0,334,27,0,0,6,5,0,0,0.0,,,,,0.2364,0.0,3.99,1.09,1.27,189.7,16,⬜ Neutral,52.0,0.0,,3.0,,42.1,3.8,1.419,0.284,0.284,0.142,0.142,0.0,0.567,2.696,0.71,0.0741,0.0741,0.3704,0.1481,0.1481,0.7037,0.1852,2,13,0,1,3.7,40.7,0.198,40.7,7.1,12.9,0.339,0.317,0.357,0.0,0.333,0.459,0.0,0.0,32,32,0.198,0.174,4,4,0,6,400.0,106.1,rocket LD 101mph | deep fly ball 400ft 104mph | triple 102mph EV | double 80mph EV | rocket LD 106mph | deep fly ball 36,0.0,,36.68,13.5,False,-0.75,False,,,False,9.71,5.1,0,0,1,0,0,0,0,,,90.7,29.6,71.8,False,14.8,True,25.9,True,13.5,False,7.41,37.0,14.8,0,---,,,,,False,,False,,False,,False,,,,0,,,False,,False,,False,,False,,,,0,0,,,False,,False,,False,,False,,1.0,1.0,,,,,,,,,,2026-09-27,,,,0.0,0.0,33.3,88.9,7.4,7.8,7.3,,,,,,,,,,,,,,,,,,,,,,,0,nan,673237,27,29.6,3.7,14.8,3.7,33.3,4.0,0.459,False,False,,,,,False,,,,,,False,,,,,,,False,,,,,,,False,,,,,,,,,,,False,,,,,,,False,,,0,0,1.0,0
D,0,HOU,Nick Allen,R,0,False,,False,Unknown (nan),?,CWS,HOU,CWS,---,05:00 PM,849849,0,0.0,True,False,False,False,0.4126,0,0,0,0,151,10,0,0,3,1,0,0,0.0,,,,,0.0814,0.0,3.99,1.09,1.27,189.7,16,⬜ Neutral,56.0,0.0,,5.1,,26.8,2.7,0.822,0.274,0.274,0.274,0.0,0.0,0.548,1.917,0.274,0.1,0.1,0.3,0.2,0.0,0.7,0.1,1,8,0,0,0.0,40.0,0.128,20.0,0.0,13.2,0.304,0.237,0.312,0.0,0.4,0.426,0.0,0.0,19,19,0.128,0.11,4,4,0,1,156.0,70.6,double 71mph EV,0.0,,25.58,12.2,False,-1.08,False,,,False,-1.32,1.3,2,0,0,1,0,0,0,,,77.0,10.0,67.7,False,0.0,False,10.0,False,-1.1,False,10.0,30.0,20.0,0,---,,,,,False,,False,,False,,False,,,,0,,,False,,False,,False,,False,,,,0,0,,,False,,False,,False,,False,,1.0,1.0,,,,,,,,,,2026-09-27,,,,0.0,0.0,40.0,90.0,5.1,7.1,6.5,,,,,,,,,,,,,,,,,,,,,,,0,nan,669397,8,50.0,10.0,20.0,10.0,60.0,1.0,0.426,False,False,,,,,False,,,,,,False,,,,,,,False,,,,,,,False,,,,,,,,,,,False,,,,,,,False,,,0,0,1.0,0
D,0,HOU,Joey Loperfido,L,0,False,,False,Unknown (nan),?,CWS,HOU,CWS,---,05:00 PM,849849,0,0.0,True,False,False,False,0.2131,0,0,0,0,100,10,0,0,4,2,0,0,0.0,,,,,0.1839,0.0,3.99,1.09,1.27,189.7,16,🟢 Disciplined,59.0,0.0,,11.4,,29.8,2.9,0.292,0.0,0.0,0.0,0.0,0.292,1.754,0.292,0.0,0.0,0.0,0.1,0.0,0.0,0.1,0.0,0,19,0,0,0.0,10.0,0.117,10.0,0.0,16.0,0.28,0.324,0.272,0.0,0.0,0.158,0.0,0.0,8,8,0.117,0.117,4,4,0,0,0.0,0.0,,0.0,,23.64,7.7,False,-1.04,False,,,False,0.0,0.0,14,0,0,0,0,0,0,,,81.1,20.0,65.9,False,0.0,False,0.0,False,-4.3,False,0.0,10.0,0.0,0,---,,,,,False,,False,,False,,False,,,,0,,,False,,False,,False,,False,,,,0,0,,,False,,False,,False,,False,,1.0,1.0,,,,,,,,,,2026-09-27,,,,0.0,0.0,60.0,90.0,11.2,13.3,7.5,,,,,,,,,,,,,,,,,,,,,,,0,nan,694388,0,20.0,0.0,60.0,0.0,10.0,0.0,0.158,False,False,,,,,False,,,,,,False,,,,,,,False,,,,,,,False,,,,,,,,,,,False,,,,,,,False,,,0,0,1.0,0
D,0,HOU,Brice Matthews,R,0,False,,False,Unknown (nan),?,CWS,HOU,CWS,---,05:00 PM,849849,0,0.0,True,False,False,False,0.0533,0,0,0,0,219,10,0,0,3,0,1,0,0.0,,,,,0.4198,0.0,3.99,1.09,1.27,189.7,16,⬜ Neutral,56.0,0.0,,7.7,,25.5,3.2,0.638,0.0,0.0,0.0,0.0,0.319,0.958,0.638,0.0,0.0,0.0,0.2,0.0,0.0,0.2,0.0,0,16,0,0,0.0,30.0,0.131,10.0,0.0,19.2,0.263,0.271,0.262,0.0,0.0,0.246,0.0,0.0,7,7,0.131,0.131,4,4,0,0,0.0,0.0,,0.0,,22.72,10.3,False,-0.59,False,,,False,-0.91,0.9,1,0,0,0,0,0,0,,,68.7,0.0,72.0,False,0.0,False,10.0,False,-5.2,False,0.0,20.0,0.0,0,---,,,,,False,,False,,False,,False,,,,0,,,False,,False,,False,,False,,,,0,0,,,False,,False,,False,,False,,1.0,1.0,,,,,,,,,,2026-09-27,,,,0.0,0.0,50.0,90.0,7.5,23.7,6.6,,,,,,,,,,,,,,,,,,,,,,,0,nan,694728,7,40.0,0.0,30.0,0.0,40.0,0.0,0.246,False,False,,,,,False,,,,,,False,,,,,,,False,,,,,,,False,,,,,,,,,,,False,,,,,,,False,,,0,0,1.0,0
C,1,HOU,Christian Vázquez,R,0,False,,False,Unknown (nan),?,CWS,HOU,CWS,---,05:00 PM,849849,2,0.48,True,False,False,False,0.36,2,0,0,0,251,10,0,0,4,1,0,0,0.0,,,,,0.1826,0.0,3.99,1.09,1.27,189.7,16,⬜ Neutral,56.0,0.0,,7.7,,36.5,3.1,0.311,0.0,0.0,0.0,0.0,0.0,1.245,0.311,0.0,0.0,0.0,0.1,0.0,0.0,0.1,0.0,0,32,0,0,0.0,30.0,0.116,10.0,0.0,15.9,0.25,0.242,0.24,0.0,0.0,0.088,0.0,0.0,16,16,0.116,0.116,15,15,0,0,0.0,0.0,,0.0,,18.03,8.0,False,2.76,True,,,False,-1.2,1.2,5,0,0,0,0,0,0,,,87.4,10.0,68.1,False,0.0,False,30.0,True,32.2,False,0.0,10.0,0.0,0,---,,,,,False,,False,,False,,False,,,,0,,,False,,False,,False,,False,,,,0,0,,,False,,False,,False,,False,,1.0,1.0,,,,,,,,,,2026-09-27,,,,0.0,0.0,40.0,70.0,11.9,6.8,7.0,,,,,,,,,,,,,,,,,,,,,,,0,nan,543877,4,20.0,10.0,40.0,20.0,50.0,0.0,0.088,True,False,,,,,False,,,,,,False,,,,,,,False,,,,,,,False,,,,,,,,,,,False,,,,,,,False,,,0,0,1.0,0
D,0,HOU,Daniel Johnson,L,0,False,,False,Unknown (nan),?,CWS,HOU,CWS,---,05:00 PM,849849,0,0.0,True,False,False,False,0.2381,0,0,0,0,17,10,0,0,3,2,1,1,33.3,,,,,0.0,0.0,3.99,1.09,1.27,189.7,16,🟢 Disciplined,63.0,0.0,,10.5,,28.1,2.7,0.271,0.0,0.0,0.0,0.0,0.271,0.543,0.271,0.0,0.0,0.0,0.1,0.0,0.0,0.1,0.0,0,999,0,0,0.0,40.0,0.0,10.0,0.0,11.8,0.229,0.344,0.225,0.0,0.0,0.158,0.0,0.0,2,2,0.0,0.0,5,5,0,0,0.0,0.0,,0.0,,30.63,16.0,False,0.04,False,,,False,,,2,0,0,0,0,0,0,,,86.2,40.0,66.9,False,0.0,False,0.0,False,5.4,False,0.0,10.0,0.0,0,---,,,,,False,,False,,False,,False,,,,0,,,False,,False,,False,,False,,,,0,0,,,False,,False,,False,,False,,1.0,1.0,,,,,,,,,,2026-09-27,,,,0.0,0.0,50.0,80.0,9.0,7.8,6.8,,,,,,,,,,,,,,,,,,,,,,,0,nan,669288,0,50.0,10.0,20.0,0.0,40.0,0.0,0.158,False,False,,,,,False,,,,,,False,,,,,,,False,,,,,,,False,,,,,,,,,,,False,,,,,,,False,,,0,0,1.0,0
D,0,HOU,Zach Cole,L,0,False,,False,Unknown (nan),?,CWS,HOU,CWS,---,05:00 PM,849849,1,0.24,True,False,False,False,0.2605,1,0,0,0,52,10,0,0,4,3,0,0,0.0,,,,,0.0749,0.0,3.99,1.09,1.27,189.7,16,⬜ Neutral,56.0,0.0,,5.8,,28.2,3.1,0.0,0.0,0.0,0.0,0.0,0.314,0.941,0.0,0.0,0.0,0.0,0.0,0.0,0.0,0.0,0.0,0,16,0,0,0.0,50.0,0.196,10.0,,23.1,0.241,0.272,0.23,0.0,0.0,0.07,0.0,0.0,15,15,0.196,0.196,5,5,0,0,0.0,0.0,,0.0,,34.79,9.9,False,-1.04,False,,,False,-5.77,5.8,1,0,0,0,0,0,0,,,94.8,40.0,75.1,True,0.0,False,0.0,False,5.3,False,0.0,0.0,0.0,0,---,,,,,False,,False,,False,,False,,,,0,,,False,,False,,False,,False,,,,0,0,,,False,,False,,False,,False,,1.0,1.0,,,,,,,,,,2026-09-27,,,,0.0,0.0,40.0,90.0,12.5,9.1,7.6,,,,,,,,,,,,,,,,,,,,,,,0,nan,805904,0,40.0,10.0,30.0,0.0,50.0,0.0,0.07,False,False,,,,,False,,,,,,False,,,,,,,False,,,,,,,False,,,,,,,,,,,False,,,,,,,False,,,0,0,1.0,0
B,2,HOU,Zach Dezenzo,R,0,False,,False,Unknown (nan),?,CWS,HOU,CWS,---,05:00 PM,849849,3,1.2,False,False,False,False,0.4075,3,0,0,0,79,10,0,0,5,2,0,0,0.0,,,,,0.4343,0.0,3.99,1.09,1.27,189.7,16,⬜ Neutral,52.0,0.0,,8.0,,34.3,2.4,0.242,0.0,0.0,0.0,0.0,0.0,0.967,0.242,0.0,0.0,0.0,0.1,0.0,0.0,0.1,0.0,0,66,0,0,0.0,50.0,0.093,10.0,0.0,31.6,0.264,0.255,0.253,0.0,0.0,0.088,0.0,0.0,19,19,0.093,0.093,4,4,0,0,0.0,0.0,,0.0,,33.66,12.4,False,-0.26,False,,,False,0.0,0.0,1,0,0,0,0,0,0,,,94.8,30.0,74.2,True,0.0,False,30.0,True,18.5,False,0.0,10.0,0.0,0,---,,,,,False,,False,,False,,False,,,,0,,,False,,False,,False,,False,,,,0,0,,,False,,False,,False,,False,,1.0,1.0,,,,,,,,,,2026-09-27,,,,0.0,0.0,70.0,60.0,18.9,11.2,8.0,,,,,,,,,,,,,,,,,,,,,,,0,nan,701305,0,20.0,0.0,40.0,20.0,40.0,1.0,0.088,True,False,,,,,False,,,,,,False,,,,,,,False,,,,,,,False,,,,,,,,,,,False,,,,,,,False,,,0,0,1.0,0
D,0,HOU,César Salazar,L,0,False,,False,Unknown (nan),?,CWS,HOU,CWS,---,05:00 PM,849849,0,0.0,True,False,False,False,0.2054,0,0,0,0,22,10,0,0,4,2,0,0,0.0,,,,,0.0,0.0,3.99,1.09,1.27,189.7,16,🟢 Disciplined,62.0,0.0,,14.8,,27.8,2.5,0.0,0.0,0.0,0.0,0.0,0.491,0.736,0.0,0.0,0.0,0.0,0.0,0.0,0.0,0.0,0.0,0,999,0,0,0.0,40.0,0.0,10.0,0.0,13.6,0.168,0.361,0.166,0.0,0.0,0.142,0.0,0.0,2,2,0.0,0.0,4,4,0,0,0.0,0.0,,0.0,,20.26,9.9,False,-0.2,False,,,False,0.0,0.0,2,0,0,0,0,0,0,,,87.1,20.0,67.8,False,0.0,False,20.0,False,14.8,False,0.0,0.0,0.0,0,---,,,,,False,,False,,False,,False,,,,0,,,False,,False,,False,,False,,,,0,0,,,False,,False,,False,,False,,1.0,1.0,,,,,,,,,,2026-09-27,,,,0.0,0.0,60.0,70.0,17.7,6.1,7.1,,,,,,,,,,,,,,,,,,,,,,,0,nan,663967,0,20.0,0.0,30.0,0.0,30.0,1.0,0.142,False,False,,,,,False,,,,,,False,,,,,,,False,,,,,,,False,,,,,,,,,,,False,,,,,,,False,,,0,0,1.0,0
C,1,HOU,Jeremy Peña,R,0,False,,False,Unknown (nan),?,CWS,HOU,CWS,---,05:00 PM,849849,1,0.4,False,False,False,False,0.4673,1,0,0,0,451,26,0,0,5,3,0,0,0.0,,,,,0.3911,0.0,3.99,1.09,1.27,189.7,16,⬜ Neutral,56.0,0.0,,4.8,,39.0,4.3,1.167,0.333,0.333,0.0,0.0,0.167,1.167,2.168,0.667,0.0769,0.0769,0.2692,0.0769,0.0769,0.5,0.1538,2,0,1,2,3.8,19.2,0.205,26.9,11.1,20.8,0.346,0.319,0.348,0.0,0.24,0.359,0.0,0.0,22,22,0.205,0.199,15,15,0,0,0.0,0.0,,0.0,,23.77,13.3,False,1.89,True,,,False,4.15,3.5,0,0,2,2,1,0,0,,,89.2,23.1,73.7,False,7.7,True,11.5,False,15.2,False,7.69,26.9,7.7,0,---,,,,,False,,False,,False,,False,,,,0,,,False,,False,,False,,False,,,,0,0,,,False,,False,,False,,False,,1.0,1.0,,,,,,,,,,2026-09-27,,,,0.0,0.0,57.7,76.9,14.7,8.1,7.8,,,,,,,,,,,,,,,,,,,,,,,0,nan,665161,26,30.8,7.7,26.9,3.8,50.0,2.0,0.359,False,False,,,,,False,,,,,,False,,,,,,,False,,,,,,,False,,,,,,,,,,,False,,,,,,,False,,,0,0,1.0,0
C,1,HOU,Jake Meyers,R,0,False,,False,Unknown (nan),?,CWS,HOU,CWS,---,05:00 PM,849849,1,0.4,False,False,False,False,0.307,1,0,0,0,127,10,0,0,5,2,1,0,0.0,,,,,0.3071,0.0,3.99,1.09,1.27,189.7,16,⬜ Neutral,56.0,0.0,,5.8,,32.6,3.3,0.983,0.0,0.0,0.655,0.0,0.0,0.328,1.638,0.0,0.0,0.0,0.3,0.2,0.0,0.5,0.0,0,37,0,0,0.0,20.0,0.118,20.0,0.0,9.4,0.248,0.247,0.254,0.0,0.2,0.342,0.0,0.0,12,12,0.118,0.113,10,10,0,0,0.0,0.0,,0.0,,23.29,3.0,False,0.95,False,,,False,-1.57,1.6,0,0,0,0,0,0,0,,,76.9,20.0,67.9,False,0.0,False,30.0,True,14.6,False,0.0,30.0,20.0,0,---,,,,,False,,False,,False,,False,,,,0,,,False,,False,,False,,False,,,,0,0,,,False,,False,,False,,False,,1.0,1.0,,,,,,,,,,2026-09-27,,,,0.0,0.0,20.0,100.0,9.6,12.9,7.1,,,,,,,,,,,,,,,,,,,,,,,0,nan,676694,0,40.0,0.0,10.0,10.0,60.0,0.0,0.342,False,False,,,,,False,,,,,,False,,,,,,,False,,,,,,,False,,,,,,,,,,,False,,,,,,,False,,,0,0,1.0,0
C,1,HOU,LaMonte Wade Jr.,L,0,False,,False,Unknown (nan),?,CWS,HOU,CWS,---,05:00 PM,849849,2,0.8,False,False,False,False,0.3874,2,0,0,0,145,10,0,0,5,1,0,0,0.0,,,,,0.2096,0.0,3.99,1.09,1.27,189.7,16,🟢 Disciplined,62.0,0.0,,14.0,,21.0,2.9,0.287,0.0,0.0,0.0,0.0,0.287,0.574,0.287,0.0,0.0,0.0,0.1,0.0,0.0,0.1,0.0,0,8,0,0,0.0,50.0,0.142,10.0,0.0,17.2,0.299,0.284,0.29,0.0,0.0,0.158,0.0,0.0,22,22,0.142,0.142,14,14,0,0,0.0,0.0,,0.0,,27.72,20.3,False,1.76,True,,,False,-1.38,1.4,1,0,0,0,0,0,0,,,86.5,10.0,72.7,False,0.0,False,50.0,True,30.3,False,0.0,10.0,0.0,0,---,,,,,False,,False,,False,,False,,,,0,,,False,,False,,False,,False,,,,0,0,,,False,,False,,False,,False,,1.0,1.0,,,,,,,,,,2026-09-27,,,,0.0,0.0,40.0,90.0,15.8,8.5,7.7,,,,,,,,,,,,,,,,,,,,,,,0,nan,664774,2,10.0,0.0,20.0,40.0,60.0,0.0,0.158,True,False,,,,,False,,,,,,False,,,,,,,False,,,,,,,False,,,,,,,,,,,False,,,,,,,False,,,0,0,1.0,0
D,0,HOU,Collin Price,R,0,False,,False,Unknown (nan),?,CWS,HOU,CWS,---,05:00 PM,849849,0,0.0,True,False,False,False,0.2317,0,0,0,0,14,10,0,0,4,2,0,0,0.0,,,,,0.0,0.0,3.99,1.09,1.27,189.7,16,🟢 Disciplined,59.0,0.0,,10.5,,32.1,3.2,0.633,0.0,0.0,0.317,0.0,0.0,1.267,0.95,0.0,0.0,0.0,0.2,0.1,0.0,0.3,0.0,0,999,0,0,0.0,30.0,0.084,10.0,0.0,28.6,0.219,0.285,0.22,0.0,0.1,0.239,0.0,0.0,7,7,0.084,0.083,4,4,0,0,0.0,0.0,,0.0,,,,False,-0.74,False,,,False,,,4,0,0,0,0,0,0,,,92.5,20.0,71.3,False,0.0,False,10.0,False,15.4,False,0.0,20.0,10.0,0,---,,,,,False,,False,,False,,False,,,,0,,,False,,False,,False,,False,,,,0,0,,,False,,False,,False,,False,,1.0,1.0,,,,,,,,,,2026-09-27,,,,0.0,0.0,50.0,90.0,11.8,15.1,7.5,,,,,,,,,,,,,,,,,,,,,,,0,nan,805672,0,30.0,0.0,40.0,0.0,20.0,0.0,0.239,False,False,,,,,False,,,,,,False,,,,,,,False,,,,,,,False,,,,,,,,,,,False,,,,,,,False,,,0,0,1.0,0
D,0,HOU,Raynel Delgado,L,0,False,,False,Unknown (nan),?,CWS,HOU,CWS,---,05:00 PM,849849,0,0.0,True,False,False,False,0.4228,0,0,0,0,41,10,0,0,5,2,0,0,0.0,,,,,0.5246,0.0,3.99,1.09,1.27,189.7,16,⬜ Neutral,56.0,0.0,,6.0,,29.9,2.6,0.263,0.0,0.0,0.0,0.0,0.263,0.526,0.263,0.0,0.0,0.0,0.1,0.0,0.0,0.1,0.0,0,12,0,0,0.0,40.0,0.108,20.0,,14.6,0.284,0.257,0.276,0.0,0.0,0.158,0.0,0.0,10,10,0.108,0.108,8,8,0,0,0.0,0.0,,0.0,,20.95,5.0,False,0.63,False,,,False,-2.44,2.4,0,0,0,0,0,0,0,,,78.2,20.0,66.2,False,0.0,False,10.0,False,-4.8,False,0.0,10.0,0.0,0,---,,,,,False,,False,,False,,False,,,,0,,,False,,False,,False,,False,,,,0,0,,,False,,False,,False,,False,,1.0,1.0,,,,,,,,,,2026-09-27,,,,0.0,0.0,40.0,100.0,5.7,8.4,7.0,,,,,,,,,,,,,,,,,,,,,,,0,nan,669384,0,50.0,0.0,30.0,10.0,40.0,0.0,0.158,False,False,,,,,False,,,,,,False,,,,,,,False,,,,,,,False,,,,,,,,,,,False,,,,,,,False,,,0,0,1.0,0
B,2,HOU,Lucas Spence,L,0,False,,False,Unknown (nan),?,CWS,HOU,CWS,---,05:00 PM,849849,3,1.2,False,False,False,False,0.5331,3,0,0,0,59,17,0,0,4,3,2,2,50.0,,,,,0.1261,0.0,3.99,1.09,1.27,189.7,16,⬜ Neutral,56.0,0.0,,6.8,,27.5,3.7,1.084,0.868,0.868,0.217,0.0,0.217,1.519,3.904,1.519,0.2353,0.2353,0.2941,0.2941,0.1765,1.0588,0.4118,4,0,1,2,11.8,47.1,0.344,41.2,22.2,30.5,0.325,0.273,0.354,0.0,0.812,0.61,0.0,0.0,43,43,0.344,0.291,16,16,0,3,390.0,106.4,deep fly ball 383ft 96mph | deep fly ball 390ft 102mph | double 106mph EV | rocket LD 106mph,0.0,,23.73,14.4,False,2.06,True,,,False,12.52,5.1,0,0,3,4,0,0,0,,,90.8,41.2,75.8,False,17.6,True,23.5,True,27.6,True,23.53,29.4,29.4,0,---,,,,,False,,False,,False,,False,,,,0,,,False,,False,,False,,False,,,,0,0,,,False,,False,,False,,False,,1.0,1.0,,,,,,,,,,2026-09-27,,,,0.0,0.0,23.5,94.1,6.6,8.5,6.8,,,,,,,,,,,,,,,,,,,,,,,0,nan,828599,17,5.9,5.9,41.2,11.8,35.3,4.0,0.61,False,False,,,,,False,,,,,,False,,,,,,,False,,,,,,,False,,,,,,,,,,,False,,,,,,,False,,,0,0,1.0,0
D,0,HOU,Daulton Varsho,L,0,False,,False,Unknown (nan),?,CWS,HOU,CWS,---,05:00 PM,849849,0,0.0,True,False,False,False,0.2328,0,0,0,0,499,10,0,0,3,1,1,1,33.3,,,,,0.2958,0.0,3.99,1.09,1.27,189.7,16,⬜ Neutral,56.0,0.0,,6.8,,36.5,4.0,0.0,0.0,0.0,0.0,0.0,0.0,1.597,0.0,0.0,0.0,0.0,0.0,0.0,0.0,0.0,0.0,0,7,0,0,0.0,0.0,0.134,10.0,0.0,15.2,0.284,0.289,0.284,0.0,0.0,0.0,0.0,0.0,9,9,0.134,0.134,4,4,0,0,0.0,0.0,,0.0,,28.27,19.1,False,-1.44,False,,,False,-3.01,3.0,0,0,1,1,0,0,0,,,77.1,10.0,71.2,False,0.0,False,10.0,False,11.5,False,0.0,0.0,0.0,0,---,,,,,False,,False,,False,,False,,,,0,,,False,,False,,False,,False,,,,0,0,,,False,,False,,False,,False,,1.0,1.0,,,,,,,,,,2026-09-27,,,,0.0,0.0,80.0,90.0,11.9,10.0,7.9,,,,,,,,,,,,,,,,,,,,,,,0,nan,662139,0,40.0,10.0,40.0,0.0,40.0,0.0,0.0,False,False,,,,,False,,,,,,False,,,,,,,False,,,,,,,False,,,,,,,,,,,False,,,,,,,False,,,0,0,1.0,0
C,1,HOU,Nelson Velázquez,R,0,False,,False,Unknown (nan),?,CWS,HOU,CWS,---,05:00 PM,849849,2,0.48,True,False,False,False,0.625,2,0,0,0,113,10,0,0,8,1,1,0,0.0,,,,,0.2015,0.0,3.99,1.09,1.27,189.7,16,⬜ Neutral,56.0,0.0,,7.9,,31.6,2.4,0.238,0.238,0.238,0.0,0.0,0.238,0.951,0.951,0.238,0.1,0.1,0.1,0.1,0.1,0.4,0.1,1,5,0,3,10.0,30.0,0.225,20.0,0.0,20.4,0.289,0.346,0.288,0.0,0.333,0.28,0.0,0.0,32,32,0.225,0.218,9,9,0,0,0.0,0.0,,0.0,,29.88,13.3,False,0.76,False,,,False,4.69,5.3,0,0,0,0,0,0,0,,,95.7,20.0,75.4,True,10.0,True,20.0,False,47.0,False,10.0,10.0,10.0,0,---,,,,,False,,False,,False,,False,,,,0,,,False,,False,,False,,False,,,,0,0,,,False,,False,,False,,False,,1.0,1.0,,,,,,,,,,2026-09-27,,,,0.0,0.0,50.0,90.0,18.3,7.8,7.8,,,,,,,,,,,,,,,,,,,,,,,0,nan,676369,4,0.0,20.0,40.0,10.0,10.0,1.0,0.28,False,False,,,,,False,,,,,,False,,,,,,,False,,,,,,,False,,,,,,,,,,,False,,,,,,,False,,,0,0,1.0,0
D,0,HOU,Jorge Barrosa,L,0,False,,False,Unknown (nan),?,CWS,HOU,CWS,---,05:00 PM,849849,0,0.0,False,False,False,False,0.2934,0,0,0,0,148,10,0,0,5,1,0,0,0.0,,,,,0.587,0.0,3.99,1.09,1.27,189.7,16,🟢 Disciplined,59.0,0.0,,11.3,,29.4,2.4,0.0,0.0,0.0,0.0,0.0,0.72,0.72,0.0,0.0,0.0,0.0,0.0,0.0,0.0,0.0,0.0,0,41,0,0,0.0,60.0,0.138,10.0,,20.9,0.268,0.237,0.264,0.0,0.0,0.209,0.0,0.0,10,10,0.138,0.138,4,4,0,0,0.0,0.0,,0.0,,28.19,8.1,False,-3.66,False,,,False,-1.35,1.4,0,0,0,0,0,0,0,,,89.3,10.0,64.2,False,0.0,False,20.0,False,14.8,False,0.0,0.0,0.0,0,---,,,,,False,,False,,False,,False,,,,0,,,False,,False,,False,,False,,,,0,0,,,False,,False,,False,,False,,1.0,1.0,,,,,,,,,,2026-09-27,,,,0.0,0.0,40.0,70.0,17.8,7.0,7.7,,,,,,,,,,,,,,,,,,,,,,,0,nan,678489,4,20.0,0.0,30.0,10.0,30.0,1.0,0.209,False,False,,,,,False,,,,,,False,,,,,,,False,,,,,,,False,,,,,,,,,,,False,,,,,,,False,,,0,0,1.0,0
D,0,HOU,Kevin Alvarez,L,0,False,,False,Unknown (nan),?,CWS,HOU,CWS,---,05:00 PM,849849,0,0.0,False,False,False,False,0.0,0,0,0,0,0,0,0,0,0,0,0,0,0.0,,,,,0.0,0.0,3.99,1.09,1.27,189.7,16,🔴 Chase Risk,56.0,0.0,,0.0,,,3.8,,,0.0,,,,,,,0.0,,,,,,,0,999,0,0,,,0.0,,,,,,0.0,0.0,0.0,0.0,0.0,0.0,0,0,0.0,0.0,4,4,0,0,0.0,0.0,,0.0,,,,False,,False,,,False,,,1,0,0,0,0,0,0,,,,,,False,,False,,False,,False,,,,0,---,,,,,False,,False,,False,,False,,,,0,,,False,,False,,False,,False,,,,0,0,,,False,,False,,False,,False,,1.0,1.0,,,,,,,,,,2026-09-27,,,,0.0,0.0,,,,,,,,,,,,,,,,,,,,,,,,,,,,0,nan,829037,0,,,,,,,,False,False,,,,,False,,,,,,False,,,,,,,False,,,,,,,False,,,,,,,,,,,False,,,,,,,False,,,0,0,1.0,0
D,0,HOU,Jack Winkler,R,0,False,,False,Unknown (nan),?,CWS,HOU,CWS,---,05:00 PM,849849,0,0.0,False,False,False,False,0.0,0,0,0,0,0,0,0,0,0,0,0,0,0.0,,,,,0.0,0.0,3.99,1.09,1.27,189.7,16,🟡 Watch,44.0,0.0,,0.0,,,3.8,,,0.0,,,,,,,0.0,,,,,,,0,999,0,0,,,0.0,,,,,,0.0,0.0,0.0,0.0,0.0,0.0,0,0,0.0,0.0,4,4,0,0,0.0,0.0,,0.0,,,,False,,False,,,False,,,1,0,0,0,0,0,0,,,,,,False,,False,,False,,False,,,,0,---,,,,,False,,False,,False,,False,,,,0,,,False,,False,,False,,False,,,,0,0,,,False,,False,,False,,False,,1.0,1.0,,,,,,,,,,2026-09-27,,,,0.0,0.0,,,,,,,,,,,,,,,,,,,,,,,,,,,,0,nan,676466,0,,,,,,,,False,False,,,,,False,,,,,,False,,,,,,,False,,,,,,,False,,,,,,,,,,,False,,,,,,,False,,,0,0,1.0,0
D,0,HOU,Mason Lytle,R,0,False,,False,Unknown (nan),?,CWS,HOU,CWS,---,05:00 PM,849849,0,0.0,False,False,False,False,0.0,0,0,0,0,0,0,0,0,0,0,0,0,0.0,,,,,0.0,0.0,3.99,1.09,1.27,189.7,16,🟢 Disciplined,62.0,0.0,,50.0,,,3.8,,,0.0,,,,,,,0.0,,,,,,,0,999,0,0,,,0.0,,,,,,0.0,0.0,0.0,0.0,0.0,0.0,0,0,0.0,0.0,4,4,0,0,0.0,0.0,,0.0,,,,False,,False,,,False,,,1,0,0,0,0,0,0,,,,,,False,,False,,False,,False,,,,0,---,,,,,False,,False,,False,,False,,,,0,,,False,,False,,False,,False,,,,0,0,,,False,,False,,False,,False,,1.0,1.0,,,,,,,,,,2026-09-27,,,,0.0,0.0,,,,,,,,,,,,,,,,,,,,,,,,,,,,0,nan,809860,0,,,,,,,,False,False,,,,,False,,,,,,False,,,,,,,False,,,,,,,False,,,,,,,,,,,False,,,,,,,False,,,0,0,1.0,0
D,0,HOU,Cavan Biggio,L,0,False,,False,Unknown (nan),?,CWS,HOU,CWS,---,05:00 PM,849849,0,0.0,False,False,False,False,0.0,0,0,0,0,0,0,0,0,0,0,0,0,0.0,,,,,0.0,0.0,3.99,1.09,1.27,189.7,16,⬜ Neutral,56.0,0.0,,7.1,,,2.5,,,0.0,,,,,,,0.0,,,,,,,0,999,0,0,,,0.0,,,,,,0.0,0.0,0.0,0.0,0.0,0.0,0,0,0.0,0.0,4,4,0,0,0.0,0.0,,0.0,,40.94,25.2,False,,False,,,False,,,1,0,0,0,0,0,0,,,,,,False,,False,,False,,False,,,,0,---,,,,,False,,False,,False,,False,,,,0,,,False,,False,,False,,False,,,,0,0,,,False,,False,,False,,False,,1.0,1.0,,,,,,,,,,2026-09-27,,,,0.0,0.0,,,,,,,,,,,,,,,,,,,,,,,,,,,,0,nan,624415,0,,,,,,,,False,False,,,,,False,,,,,,False,,,,,,,False,,,,,,,False,,,,,,,,,,,False,,,,,,,False,,,0,0,1.0,0
D,0,HOU,Jax Biggers,L,0,False,,False,Unknown (nan),?,CWS,HOU,CWS,---,05:00 PM,849849,0,0.0,False,False,False,False,0.0,0,0,0,0,0,0,0,0,0,0,0,0,0.0,,,,,0.0,0.0,3.99,1.09,1.27,189.7,16,🟡 Watch,51.0,0.0,,11.1,,,1.8,,,0.0,,,,,,,0.0,,,,,,,0,999,0,0,,,0.0,,,,,,0.0,0.0,0.0,0.0,0.0,0.0,0,0,0.0,0.0,4,4,0,0,0.0,0.0,,0.0,,,,False,,False,,,False,,,1,0,0,0,0,0,0,,,,,,False,,False,,False,,False,,,,0,---,,,,,False,,False,,False,,False,,,,0,,,False,,False,,False,,False,,,,0,0,,,False,,False,,False,,False,,1.0,1.0,,,,,,,,,,2026-09-27,,,,0.0,0.0,,,,,,,,,,,,,,,,,,,,,,,,,,,,0,nan,680890,0,,,,,,,,False,False,,,,,False,,,,,,False,,,,,,,False,,,,,,,False,,,,,,,,,,,False,,,,,,,False,,,0,0,1.0,0
D,0,HOU,Riley Unroe,L,0,False,,False,Unknown (nan),?,CWS,HOU,CWS,---,05:00 PM,849849,0,0.0,False,False,False,False,0.0,0,0,0,0,0,0,0,0,0,0,0,0,0.0,,,,,0.0,0.0,3.99,1.09,1.27,189.7,16,🟢 Disciplined,63.0,0.0,,10.0,,,2.0,,,0.0,,,,,,,0.0,,,,,,,0,999,0,0,,,0.0,,,,,,0.0,0.0,0.0,0.0,0.0,0.0,0,0,0.0,0.0,4,4,0,0,0.0,0.0,,0.0,,,,False,,False,,,False,,,1,0,0,0,0,0,0,,,,,,False,,False,,False,,False,,,,0,---,,,,,False,,False,,False,,False,,,,0,,,False,,False,,False,,False,,,,0,0,,,False,,False,,False,,False,,1.0,1.0,,,,,,,,,,2026-09-27,,,,0.0,0.0,,,,,,,,,,,,,,,,,,,,,,,,,,,,0,nan,624523,0,,,,,,,,False,False,,,,,False,,,,,,False,,,,,,,False,,,,,,,False,,,,,,,,,,,False,,,,,,,False,,,0,0,1.0,0
D,0,HOU,Carlos Pérez,R,0,False,,False,Unknown (nan),?,CWS,HOU,CWS,---,05:00 PM,849849,0,0.0,False,False,False,False,0.0,0,0,0,0,0,0,0,0,0,0,0,0,0.0,,,,,0.0,0.0,3.99,1.09,1.27,189.7,16,⬜ Neutral,52.0,0.0,,0.0,,,3.8,,,0.0,,,,,,,0.0,,,,,,,0,999,0,0,,,0.0,,,,,,0.0,0.0,0.0,0.0,0.0,0.0,0,0,0.0,0.0,4,4,0,0,0.0,0.0,,0.0,,,,False,,False,,,False,,,1,0,0,0,0,0,0,,,,,,False,,False,,False,,False,,,,0,---,,,,,False,,False,,False,,False,,,,0,,,False,,False,,False,,False,,,,0,0,,,False,,False,,False,,False,,1.0,1.0,,,,,,,,,,2026-09-27,,,,0.0,0.0,,,,,,,,,,,,,,,,,,,,,,,,,,,,0,nan,542208,0,,,,,,,,False,False,,,,,False,,,,,,False,,,,,,,False,,,,,,,False,,,,,,,,,,,False,,,,,,,False,,,0,0,1.0,0
D,0,HOU,Yamal Encarnacion,L,0,False,,False,Unknown (nan),?,CWS,HOU,CWS,---,05:00 PM,849849,0,0.0,False,False,False,False,0.0,0,0,0,0,0,0,0,0,0,0,0,0,0.0,,,,,0.0,0.0,3.99,1.09,1.27,189.7,16,🔴 Chase Risk,44.0,0.0,,0.0,,,3.8,,,0.0,,,,,,,0.0,,,,,,,0,999,0,0,,,0.0,,,,,,0.0,0.0,0.0,0.0,0.0,0.0,0,0,0.0,0.0,4,4,0,0,0.0,0.0,,0.0,,,,False,,False,,,False,,,1,0,0,0,0,0,0,,,,,,False,,False,,False,,False,,,,0,---,,,,,False,,False,,False,,False,,,,0,,,False,,False,,False,,False,,,,0,0,,,False,,False,,False,,False,,1.0,1.0,,,,,,,,,,2026-09-27,,,,0.0,0.0,,,,,,,,,,,,,,,,,,,,,,,,,,,,0,nan,699043,0,,,,,,,,False,False,,,,,False,,,,,,False,,,,,,,False,,,,,,,False,,,,,,,,,,,False,,,,,,,False,,,0,0,1.0,0
D,0,HOU,Tyler Whitaker,R,0,False,,False,Unknown (nan),?,CWS,HOU,CWS,---,05:00 PM,849849,0,0.0,False,False,False,False,0.0,0,0,0,0,0,0,0,0,0,0,0,0,0.0,,,,,0.0,0.0,3.99,1.09,1.27,189.7,16,🔴 Chase Risk,48.0,0.0,,0.0,,,3.8,,,0.0,,,,,,,0.0,,,,,,,0,999,0,0,,,0.0,,,,,,0.0,0.0,0.0,0.0,0.0,0.0,0,0,0.0,0.0,4,4,0,0,0.0,0.0,,0.0,,,,False,,False,,,False,,,1,0,0,0,0,0,0,,,,,,False,,False,,False,,False,,,,0,---,,,,,False,,False,,False,,False,,,,0,,,False,,False,,False,,False,,,,0,0,,,False,,False,,False,,False,,1.0,1.0,,,,,,,,,,2026-09-27,,,,0.0,0.0,,,,,,,,,,,,,,,,,,,,,,,,,,,,0,nan,696264,0,,,,,,,,False,False,,,,,False,,,,,,False,,,,,,,False,,,,,,,False,,,,,,,,,,,False,,,,,,,False,,,0,0,1.0,0
D,0,HOU,Tommy Sacco Jr.,L,0,False,,False,Unknown (nan),?,CWS,HOU,CWS,---,05:00 PM,849849,0,0.0,False,False,False,False,0.0,0,0,0,0,0,0,0,0,0,0,0,0,0.0,,,,,0.0,0.0,3.99,1.09,1.27,189.7,16,🔴 Chase Risk,56.0,0.0,,0.0,,,3.8,,,0.0,,,,,,,0.0,,,,,,,0,999,0,0,,,0.0,,,,,,0.0,0.0,0.0,0.0,0.0,0.0,0,0,0.0,0.0,4,4,0,0,0.0,0.0,,0.0,,,,False,,False,,,False,,,1,0,0,0,0,0,0,,,,,,False,,False,,False,,False,,,,0,---,,,,,False,,False,,False,,False,,,,0,,,False,,False,,False,,False,,,,0,0,,,False,,False,,False,,False,,1.0,1.0,,,,,,,,,,2026-09-27,,,,0.0,0.0,,,,,,,,,,,,,,,,,,,,,,,,,,,,0,nan,690474,0,,,,,,,,False,False,,,,,False,,,,,,False,,,,,,,False,,,,,,,False,,,,,,,,,,,False,,,,,,,False,,,0,0,1.0,0
D,0,HOU,CJ Alexander,L,0,False,,False,Unknown (nan),?,CWS,HOU,CWS,---,05:00 PM,849849,0,0.0,False,False,False,False,0.0,0,0,0,0,0,0,0,0,0,0,0,0,0.0,,,,,0.0,0.0,3.99,1.09,1.27,189.7,16,🔴 Chase Risk,48.0,0.0,,0.0,,,3.8,,,0.0,,,,,,,0.0,,,,,,,0,999,0,0,,,0.0,,,,,,0.0,0.0,0.0,0.0,0.0,0.0,0,0,0.0,0.0,4,4,0,0,0.0,0.0,,0.0,,,,False,,False,,,False,,,1,0,0,0,0,0,0,,,,,,False,,False,,False,,False,,,,0,---,,,,,False,,False,,False,,False,,,,0,,,False,,False,,False,,False,,,,0,0,,,False,,False,,False,,False,,1.0,1.0,,,,,,,,,,2026-09-27,,,,0.0,0.0,,,,,,,,,,,,,,,,,,,,,,,,,,,,0,nan,680769,0,,,,,,,,False,False,,,,,False,,,,,,False,,,,,,,False,,,,,,,False,,,,,,,,,,,False,,,,,,,False,,,0,0,1.0,0
D,0,HOU,James Nelson,R,0,False,,False,Unknown (nan),?,CWS,HOU,CWS,---,05:00 PM,849849,0,0.0,False,False,False,False,0.0,0,0,0,0,0,0,0,0,0,0,0,0,0.0,,,,,0.0,0.0,3.99,1.09,1.27,189.7,16,🔴 Chase Risk,44.0,0.0,,0.0,,,3.8,,,0.0,,,,,,,0.0,,,,,,,0,999,0,0,,,0.0,,,,,,0.0,0.0,0.0,0.0,0.0,0.0,0,0,0.0,0.0,4,4,0,0,0.0,0.0,,0.0,,,,False,,False,,,False,,,1,0,0,0,0,0,0,,,,,,False,,False,,False,,False,,,,0,---,,,,,False,,False,,False,,False,,,,0,,,False,,False,,False,,False,,,,0,0,,,False,,False,,False,,False,,1.0,1.0,,,,,,,,,,2026-09-27,,,,0.0,0.0,,,,,,,,,,,,,,,,,,,,,,,,,,,,0,nan,663445,0,,,,,,,,False,False,,,,,False,,,,,,False,,,,,,,False,,,,,,,False,,,,,,,,,,,False,,,,,,,False,,,0,0,1.0,0
D,0,HOU,Chase Call,R,0,False,,False,Unknown (nan),?,CWS,HOU,CWS,---,05:00 PM,849849,0,0.0,False,False,False,False,0.0,0,0,0,0,0,0,0,0,0,0,0,0,0.0,,,,,0.0,0.0,3.99,1.09,1.27,189.7,16,🔴 Chase Risk,44.0,0.0,,0.0,,,3.8,,,0.0,,,,,,,0.0,,,,,,,0,999,0,0,,,0.0,,,,,,0.0,0.0,0.0,0.0,0.0,0.0,0,0,0.0,0.0,4,4,0,0,0.0,0.0,,0.0,,,,False,,False,,,False,,,1,0,0,0,0,0,0,,,,,,False,,False,,False,,False,,,,0,---,,,,,False,,False,,False,,False,,,,0,,,False,,False,,False,,False,,,,0,0,,,False,,False,,False,,False,,1.0,1.0,,,,,,,,,,2026-09-27,,,,0.0,0.0,,,,,,,,,,,,,,,,,,,,,,,,,,,,0,nan,813842,0,,,,,,,,False,False,,,,,False,,,,,,False,,,,,,,False,,,,,,,False,,,,,,,,,,,False,,,,,,,False,,,0,0,1.0,0
D,0,HOU,Josh Wakefield,L,0,False,,False,Unknown (nan),?,CWS,HOU,CWS,---,05:00 PM,849849,0,0.0,False,False,False,False,0.0,0,0,0,0,0,0,0,0,0,0,0,0,0.0,,,,,0.0,0.0,3.99,1.09,1.27,189.7,16,🟢 Disciplined,66.0,0.0,,50.0,,,3.8,,,0.0,,,,,,,0.0,,,,,,,0,999,0,0,,,0.0,,,,,,0.0,0.0,0.0,0.0,0.0,0.0,0,0,0.0,0.0,4,4,0,0,0.0,0.0,,0.0,,,,False,,False,,,False,,,1,0,0,0,0,0,0,,,,,,False,,False,,False,,False,,,,0,---,,,,,False,,False,,False,,False,,,,0,,,False,,False,,False,,False,,,,0,0,,,False,,False,,False,,False,,1.0,1.0,,,,,,,,,,2026-09-27,,,,0.0,0.0,,,,,,,,,,,,,,,,,,,,,,,,,,,,0,nan,811718,0,,,,,,,,False,False,,,,,False,,,,,,False,,,,,,,False,,,,,,,False,,,,,,,,,,,False,,,,,,,False,,,0,0,1.0,0
D,0,HOU,Jason Schiavone,R,0,False,,False,Unknown (nan),?,CWS,HOU,CWS,---,05:00 PM,849849,0,0.0,False,False,False,False,0.0,0,0,0,0,0,0,0,0,0,0,0,0,0.0,,,,,0.0,0.0,3.99,1.09,1.27,189.7,16,🔴 Chase Risk,52.0,0.0,,0.0,,,3.8,,,0.0,,,,,,,0.0,,,,,,,0,999,0,0,,,0.0,,,,,,0.0,0.0,0.0,0.0,0.0,0.0,0,0,0.0,0.0,4,4,0,0,0.0,0.0,,0.0,,,,False,,False,,,False,,,1,0,0,0,0,0,0,,,,,,False,,False,,False,,False,,,,0,---,,,,,False,,False,,False,,False,,,,0,,,False,,False,,False,,False,,,,0,0,,,False,,False,,False,,False,,1.0,1.0,,,,,,,,,,2026-09-27,,,,0.0,0.0,,,,,,,,,,,,,,,,,,,,,,,,,,,,0,nan,828395,0,,,,,,,,False,False,,,,,False,,,,,,False,,,,,,,False,,,,,,,False,,,,,,,,,,,False,,,,,,,False,,,0,0,1.0,0
D,0,HOU,Max Holy,R,0,False,,False,Unknown (nan),?,CWS,HOU,CWS,---,05:00 PM,849849,0,0.0,False,False,False,False,0.0,0,0,0,0,0,0,0,0,0,0,0,0,0.0,,,,,0.0,0.0,3.99,1.09,1.27,189.7,16,🔴 Chase Risk,52.0,0.0,,0.0,,,3.8,,,0.0,,,,,,,0.0,,,,,,,0,999,0,0,,,0.0,,,,,,0.0,0.0,0.0,0.0,0.0,0.0,0,0,0.0,0.0,4,4,0,0,0.0,0.0,,0.0,,,,False,,False,,,False,,,1,0,0,0,0,0,0,,,,,,False,,False,,False,,False,,,,0,---,,,,,False,,False,,False,,False,,,,0,,,False,,False,,False,,False,,,,0,0,,,False,,False,,False,,False,,1.0,1.0,,,,,,,,,,2026-09-27,,,,0.0,0.0,,,,,,,,,,,,,,,,,,,,,,,,,,,,0,nan,802959,0,,,,,,,,False,False,,,,,False,,,,,,False,,,,,,,False,,,,,,,False,,,,,,,,,,,False,,,,,,,False,,,0,0,1.0,0
D,0,HOU,Anthony Huezo,L,0,False,,False,Unknown (nan),?,CWS,HOU,CWS,---,05:00 PM,849849,0,0.0,False,False,False,False,0.0,0,0,0,0,0,0,0,0,0,0,0,0,0.0,,,,,0.0,0.0,3.99,1.09,1.27,189.7,16,🔴 Chase Risk,44.0,0.0,,0.0,,,3.8,,,0.0,,,,,,,0.0,,,,,,,0,999,0,0,,,0.0,,,,,,0.0,0.0,0.0,0.0,0.0,0.0,0,0,0.0,0.0,4,4,0,0,0.0,0.0,,0.0,,,,False,,False,,,False,,,1,0,0,0,0,0,0,,,,,,False,,False,,False,,False,,,,0,---,,,,,False,,False,,False,,False,,,,0,,,False,,False,,False,,False,,,,0,0,,,False,,False,,False,,False,,1.0,1.0,,,,,,,,,,2026-09-27,,,,0.0,0.0,,,,,,,,,,,,,,,,,,,,,,,,,,,,0,nan,805953,0,,,,,,,,False,False,,,,,False,,,,,,False,,,,,,,False,,,,,,,False,,,,,,,,,,,False,,,,,,,False,,,0,0,1.0,0
D,0,HOU,Caden Powell,R,0,False,,False,Unknown (nan),?,CWS,HOU,CWS,---,05:00 PM,849849,0,0.0,False,False,False,False,0.0,0,0,0,0,0,0,0,0,0,0,0,0,0.0,,,,,0.0,0.0,3.99,1.09,1.27,189.7,16,🔴 Chase Risk,52.0,0.0,,0.0,,,3.8,,,0.0,,,,,,,0.0,,,,,,,0,999,0,0,,,0.0,,,,,,0.0,0.0,0.0,0.0,0.0,0.0,0,0,0.0,0.0,4,4,0,0,0.0,0.0,,0.0,,,,False,,False,,,False,,,1,0,0,0,0,0,0,,,,,,False,,False,,False,,False,,,,0,---,,,,,False,,False,,False,,False,,,,0,,,False,,False,,False,,False,,,,0,0,,,False,,False,,False,,False,,1.0,1.0,,,,,,,,,,2026-09-27,,,,0.0,0.0,,,,,,,,,,,,,,,,,,,,,,,,,,,,0,nan,702547,0,,,,,,,,False,False,,,,,False,,,,,,False,,,,,,,False,,,,,,,False,,,,,,,,,,,False,,,,,,,False,,,0,0,1.0,0
D,0,HOU,Brendan Rodgers,R,0,False,,False,Unknown (nan),?,CWS,HOU,CWS,---,05:00 PM,849849,0,0.0,False,False,False,False,0.0,0,0,0,0,0,0,0,0,0,0,0,0,0.0,,,,,0.0,0.0,3.99,1.09,1.27,189.7,16,⬜ Neutral,52.0,0.0,,0.0,,,3.8,,,0.0,,,,,,,0.0,,,,,,,0,999,0,0,,,0.0,,,,,,0.0,0.0,0.0,0.0,0.0,0.0,0,0,0.0,0.0,4,4,0,0,0.0,0.0,,0.0,,,,False,,False,,,False,,,1,0,0,0,0,0,0,,,,,,False,,False,,False,,False,,,,0,---,,,,,False,,False,,False,,False,,,,0,,,False,,False,,False,,False,,,,0,0,,,False,,False,,False,,False,,1.0,1.0,,,,,,,,,,2026-09-27,,,,0.0,0.0,,,,,,,,,,,,,,,,,,,,,,,,,,,,0,nan,663898,0,,,,,,,,False,False,,,,,False,,,,,,False,,,,,,,False,,,,,,,False,,,,,,,,,,,False,,,,,,,False,,,0,0,1.0,0
D,0,HOU,Chas McCormick,R,0,False,,False,Unknown (nan),?,CWS,HOU,CWS,---,05:00 PM,849849,0,0.0,False,False,False,False,0.0,0,0,0,0,0,0,0,0,0,0,0,0,0.0,,,,,0.0,0.0,3.99,1.09,1.27,189.7,16,🟢 Disciplined,66.0,0.0,,28.6,,,3.8,,,0.0,,,,,,,0.0,,,,,,,0,999,0,0,,,0.0,,,,,,0.0,0.0,0.0,0.0,0.0,0.0,0,0,0.0,0.0,4,4,0,0,0.0,0.0,,0.0,,,,False,,False,,,False,,,1,0,0,0,0,0,0,,,,,,False,,False,,False,,False,,,,0,---,,,,,False,,False,,False,,False,,,,0,,,False,,False,,False,,False,,,,0,0,,,False,,False,,False,,False,,1.0,1.0,,,,,,,,,,2026-09-27,,,,0.0,0.0,,,,,,,,,,,,,,,,,,,,,,,,,,,,0,nan,676801,0,,,,,,,,False,False,,,,,False,,,,,,False,,,,,,,False,,,,,,,False,,,,,,,,,,,False,,,,,,,False,,,0,0,1.0,0
D,0,BOS,Trevor Story,R,0,False,"3,4",False,Cam Schlittler,Right,NYY,NYY,BOS,"FF, FC, SI, CU",08:00 PM,849851,1,0.24,True,False,False,False,0.5687,1,0,0,0,237,15,172,95,4,1,0,0,0.0,15.8,23.2,714.0,52.9,0.4507,0.0,3.34,1.18,1.26,412.0,13,🔴 Chase Risk,52.0,0.0,,4.1,,43.9,4.1,0.741,0.208,0.208,0.14,0.0,0.236,1.691,1.504,0.152,0.0507,0.0507,0.1807,0.0849,0.0507,0.367,0.037,1,10,0,1,6.7,20.0,0.125,0.0,12.5,24.1,0.287,0.247,0.278,0.0,0.214,0.187,0.0,1.996,28,28,0.125,0.116,19,19,0,0,0.0,0.0,,7.6,SI,31.14,1.7,False,-1.29,False,45.5,-0.06,False,4.17,2.5,0,0,0,0,0,0,0,-0.06,1.54,85.4,6.7,66.7,False,6.7,True,13.3,False,6.2,False,6.67,6.7,6.7,4,FF(42%):1/65pa  |  FC(26%):0/15pa  |  SI(23%):2/36pa  |  CU(8%):2/16pa,91.9,33.7,70.0,22.1,False,4.2,False,12.6,False,14.8,False,4.21,24.2,9.5,4,87.3,25.0,False,2.9,False,16.3,False,17.4,False,2.33,22.7,8.7,40,0,86.6,30.0,False,2.5,False,15.0,False,12.1,False,0.0,1.0,1.0,,,,,,,,,,2026-09-27,‼️ Elite,‼️ Elite,⚠️ Tough,193.3,1.996,60.0,66.7,7.2,10.6,6.8,46.3,81.1,8.1,8.7,7.1,52.3,79.7,11.1,9.2,7.4,50.0,100.0,,,,14.8,3.27,,,0.189,31.6,4.0,33,693645,596115,15,26.7,0.0,53.3,6.7,20.0,1.0,0.187,False,False,0.322,28.4,6.3,34.7,False,6.3,2.1,18.9,6.5,,False,0.282,27.9,8.1,32.0,69.2,18.6,False,8.1,1.7,0.139,17.4,3.9,,False,34.3,8.0,0.325,37.5,5.0,22.5,69.9,32.5,7.5,27.5,False,0.0,0.0,0.1,35.0,0.0,,False,22.5,2.0,0,0,1.0,0
D,0,BOS,Romy Gonzalez,R,0,False,"3,4",False,Cam Schlittler,Right,NYY,NYY,BOS,"FF, FC, SI, CU",08:00 PM,849851,1,0.0,True,False,False,False,0.03,0,0,0,1,73,10,33,24,3,0,1,0,0.0,15.8,23.2,714.0,52.9,0.3422,0.0,3.34,1.18,1.26,412.0,13,🟢 Disciplined,59.0,0.0,,9.0,,32.9,3.7,0.502,0.0,0.0,0.1,0.0,0.331,0.862,0.603,0.0,0.0,0.0,0.1354,0.0271,0.0,0.1625,0.0,0,45,0,0,0.0,20.0,0.123,0.0,,19.2,0.256,0.277,0.244,0.0,0.0,0.07,0.0,1.23,6,6,0.123,0.123,17,17,0,0,0.0,0.0,,2.1,SI,32.88,15.7,False,0.61,False,45.5,-0.06,False,-1.37,1.4,0,0,0,0,0,0,0,-0.06,0.0,65.6,0.0,62.1,False,0.0,False,10.0,False,13.1,False,0.0,0.0,0.0,0,FF(42%):0/25pa  |  FC(26%):0/8pa  |  SI(23%):0/12pa  |  CU(8%):0/4pa,89.0,20.8,71.4,33.3,False,0.0,False,16.7,False,3.8,False,0.0,20.8,4.2,0,84.7,21.2,False,0.0,False,12.1,False,-1.3,False,0.0,18.2,6.1,7,0,96.4,57.1,True,0.0,False,14.3,False,7.6,False,0.0,1.0,1.0,,,,,,,,,,2026-09-27,‼️ Elite,‼️ Elite,⚠️ Tough,193.3,1.23,20.0,90.0,1.3,8.0,6.0,54.2,87.5,3.4,9.1,6.4,57.6,87.9,4.1,10.5,6.4,,,,,,14.8,2.31,,,0.045,20.8,0.0,33,693645,663853,0,40.0,20.0,20.0,0.0,0.0,0.0,0.07,False,False,0.26,33.3,4.2,25.0,False,0.0,0.0,25.0,0.0,,False,0.227,39.4,3.0,27.3,68.5,24.2,False,0.0,0.0,0.067,21.2,0.0,,False,21.2,0.0,0.308,28.6,0.0,28.6,76.5,28.6,14.3,57.1,False,0.0,0.0,0.143,28.6,,,False,42.9,0.0,0,0,1.0,0
C,1,BOS,Nate Eaton,R,0,False,"3,4",False,Cam Schlittler,Right,NYY,NYY,BOS,"FF, FC, SI, CU",08:00 PM,849851,4,0.7,False,False,False,False,0.3046,1,0,0,3,58,10,24,16,3,1,0,0,0.0,15.8,23.2,714.0,52.9,0.3844,0.0,3.34,1.18,1.26,412.0,13,🟢 Disciplined,62.0,0.0,,13.0,,30.4,2.9,0.547,0.116,0.116,0.0,0.0,0.431,0.447,0.895,0.116,0.0406,0.0406,0.1919,0.0406,0.0,0.3138,0.0406,0,40,0,0,0.0,40.0,0.1,20.0,0.0,19.0,0.262,0.289,0.265,0.0,0.0,0.316,0.0,1.763,11,11,0.1,0.1,17,17,0,0,0.0,0.0,,5.5,SI,27.09,30.5,False,-0.01,False,45.5,-0.06,False,0.0,0.0,1,0,0,0,0,0,0,-0.06,5.56,84.1,10.0,72.4,False,0.0,False,30.0,True,30.4,False,0.0,20.0,0.0,1,FF(42%):1/18pa  |  FC(26%):0/6pa  |  SI(23%):0/9pa  |  CU(8%):0/2pa,88.9,31.2,71.4,43.8,False,0.0,False,6.2,False,15.6,False,6.25,18.8,6.2,1,90.7,29.2,False,0.0,False,12.5,False,15.8,False,4.17,16.7,8.3,10,0,85.7,20.0,False,0.0,False,40.0,True,26.0,True,0.0,1.0,1.0,,,,,,,,,,2026-09-27,‼️ Elite,‼️ Elite,⚠️ Tough,193.3,1.763,70.0,90.0,7.0,7.5,7.1,18.8,87.5,2.0,8.0,6.7,29.2,91.7,3.0,8.1,7.0,,,,,,14.8,3.75,,,0.214,31.2,1.0,33,693645,681987,6,10.0,10.0,10.0,10.0,30.0,0.0,0.316,False,False,0.329,31.2,12.5,18.8,False,6.2,0.0,25.0,9.1,,False,0.301,29.2,8.3,16.7,73.2,41.7,False,8.3,0.0,0.19,25.0,6.2,,False,41.7,1.0,0.088,10.0,10.0,30.0,,10.0,0.0,30.0,True,20.0,0.0,0.0,20.0,0.0,,False,20.0,0.0,0,0,1.0,0
D,0,BOS,Jarren Duran,L,0,False,"3,4",False,Cam Schlittler,Right,NYY,NYY,BOS,"FF, FC, SI, CU",08:00 PM,849851,0,0.0,True,False,False,False,0.234,0,0,0,0,590,18,451,260,5,3,0,0,0.0,15.8,23.2,714.0,52.9,0.3193,0.0,3.34,1.18,1.26,412.0,13,⬜ Neutral,56.0,0.0,,7.2,,34.4,4.1,0.799,0.135,0.135,0.031,0.021,0.551,0.794,1.276,0.062,0.0325,0.0325,0.1928,0.045,0.02,0.3078,0.015,0,34,0,0,0.0,44.4,0.154,22.2,0.0,21.7,0.273,0.301,0.281,0.0,0.0,0.351,0.0,2.767,10,10,0.154,0.154,21,21,0,0,0.0,0.0,,9.7,SI,22.58,4.1,False,-2.73,False,45.5,-0.06,False,-2.37,2.4,0,0,0,0,0,0,0,-0.06,5.2,81.4,16.7,67.6,False,0.0,False,5.6,False,16.3,False,0.0,22.2,0.0,13,FF(42%):9/173pa  |  FC(26%):2/59pa  |  SI(23%):2/64pa  |  CU(8%):1/43pa,89.9,28.8,73.4,39.2,False,3.1,False,16.9,False,13.9,False,5.0,17.7,6.9,17,89.9,26.4,False,2.4,False,15.1,False,13.1,False,3.77,17.7,6.4,38,0,89.3,28.9,False,0.0,False,13.2,False,13.2,False,0.0,1.0,1.0,,,,,,,,,,2026-09-27,‼️ Elite,‼️ Elite,⚠️ Tough,193.3,2.767,50.0,88.9,-1.0,18.2,6.9,44.6,83.8,2.2,9.3,7.2,49.7,82.5,5.5,9.9,7.6,,,,,,14.8,5.36,,,0.197,33.5,19.0,33,693645,680776,18,22.2,16.7,11.1,0.0,27.8,0.0,0.351,False,False,0.288,28.5,7.3,23.5,False,5.8,1.5,23.8,7.4,,False,0.271,29.3,6.4,27.3,73.7,33.3,False,6.2,1.3,0.164,20.8,6.0,,False,36.4,27.0,0.335,23.7,5.3,26.3,73.2,26.3,2.6,34.2,False,2.6,0.0,0.03,26.3,0.0,,False,28.9,1.0,0,1,1.0,0
C,1,BOS,Ceddanne Rafaela,R,0,False,"3,4",False,Cam Schlittler,Right,NYY,NYY,BOS,"FF, FC, SI, CU",08:00 PM,849851,1,0.4,False,False,False,False,0.4934,1,0,0,0,553,10,406,255,4,3,0,0,0.0,15.8,23.2,714.0,52.9,0.4095,0.0,3.34,1.18,1.26,412.0,13,⬜ Neutral,48.0,0.0,,3.9,,45.3,4.3,0.967,0.033,0.033,0.142,0.0,0.325,0.825,1.208,0.054,0.0076,0.0076,0.2255,0.0408,0.0426,0.2816,0.0127,0,89,0,2,10.0,30.0,0.159,30.0,0.0,14.6,0.327,0.287,0.322,0.0,0.0,0.246,0.0,2.519,24,24,0.159,0.159,15,15,0,1,333.0,106.5,deep line drive 333ft 106mph,2.2,SI,25.59,8.7,False,-2.76,False,45.5,-0.06,False,7.47,2.5,0,0,1,0,1,0,0,-0.06,0.64,89.9,40.0,65.7,False,10.0,True,10.0,False,9.4,False,0.0,20.0,0.0,3,FF(42%):1/156pa  |  FC(26%):0/46pa  |  SI(23%):1/100pa  |  CU(8%):1/37pa,85.5,23.9,68.0,20.4,False,1.2,False,17.3,False,8.7,False,1.18,23.9,6.3,11,85.3,23.4,False,2.5,False,19.2,False,10.9,False,2.71,26.4,8.1,41,1,85.4,31.7,False,0.0,False,14.6,False,14.6,False,2.44,1.0,1.0,,,,,,,,,,2026-09-27,‼️ Elite,‼️ Elite,⚠️ Tough,193.3,2.519,70.0,60.0,6.5,9.6,7.0,53.3,77.6,5.7,10.4,6.9,55.9,78.6,7.6,10.7,7.2,100.0,50.0,,,,14.8,4.62,,,0.092,26.3,12.0,33,693645,678882,5,30.0,10.0,20.0,0.0,40.0,0.0,0.246,False,False,0.29,34.9,3.1,18.8,False,2.7,0.8,27.8,2.5,,False,0.318,34.0,4.2,19.0,68.0,18.5,False,4.9,1.5,0.143,27.6,4.7,,False,33.5,22.0,0.219,34.1,9.8,26.8,65.0,19.5,2.4,14.6,False,2.4,0.0,0.075,26.8,0.0,,False,34.1,1.0,0,0,1.0,0
D,0,BOS,Nick Sogard,L,0,False,"3,4",False,Cam Schlittler,Right,NYY,NYY,BOS,"FF, FC, SI, CU",08:00 PM,849851,2,0.2,True,False,False,False,0.3521,0,0,0,2,272,25,202,132,5,2,3,2,40.0,15.8,23.2,714.0,52.9,0.1745,0.0,3.34,1.18,1.26,412.0,13,🟢 Disciplined,59.0,0.0,,10.8,,24.7,4.4,0.924,0.043,0.043,0.211,0.021,0.512,0.899,1.307,0.193,0.0098,0.0098,0.212,0.0632,0.0148,0.2999,0.0443,0,39,0,0,0.0,12.0,0.117,16.0,0.0,11.4,0.317,0.306,0.308,0.0,0.042,0.255,0.0,1.195,9,9,0.117,0.13,17,17,0,1,85.0,93.7,double 94mph EV,5.5,SI,30.14,18.1,False,-1.75,False,45.5,-0.06,False,-3.31,3.3,0,0,0,0,0,0,0,-0.06,3.23,84.7,12.0,67.0,False,0.0,False,12.0,False,19.9,False,0.0,24.0,4.0,2,FF(42%):3/93pa  |  FC(26%):0/16pa  |  SI(23%):1/45pa  |  CU(8%):0/20pa,83.6,18.2,66.3,45.5,False,2.3,False,14.4,False,13.9,False,1.52,19.7,7.6,3,82.3,17.3,False,2.5,False,14.4,False,12.1,False,1.49,19.8,5.9,5,0,82.1,0.0,False,0.0,False,40.0,True,2.5,False,0.0,1.0,1.0,,,,,,,,,,2026-09-27,‼️ Elite,‼️ Elite,⚠️ Tough,193.3,1.195,52.0,88.0,9.2,8.5,7.0,29.5,73.5,8.5,13.4,6.7,39.6,74.3,10.0,15.3,6.7,,,,,,14.8,2.46,,,0.14,37.1,6.0,33,693645,686765,25,28.0,16.0,28.0,8.0,36.0,0.0,0.255,False,False,0.332,25.0,7.6,16.7,False,4.5,2.3,25.0,2.4,,False,0.305,26.7,6.4,18.8,65.6,37.6,False,4.5,2.5,0.112,25.7,1.6,,False,38.1,9.0,0.139,40.0,0.0,0.0,,0.0,0.0,40.0,True,20.0,0.0,0.0,20.0,,,False,60.0,0.0,0,1,1.0,0
C,1,BOS,Masataka Yoshida,L,0,False,"3,4",False,Cam Schlittler,Right,NYY,NYY,BOS,"FF, FC, SI, CU",08:00 PM,849851,1,0.4,False,False,False,False,0.2251,1,0,0,0,282,10,256,168,3,3,0,0,0.0,15.8,23.2,714.0,52.9,0.0726,0.0,3.34,1.18,1.26,412.0,13,🟢 Disciplined,59.0,0.0,,8.8,,28.1,3.5,1.147,0.054,0.054,0.216,0.014,0.215,0.485,1.551,0.324,0.0155,0.0155,0.3298,0.0814,0.0077,0.446,0.0932,0,36,0,0,0.0,20.0,0.124,10.0,0.0,6.7,0.325,0.324,0.335,0.0,0.111,0.48,0.0,0.302,12,12,0.124,0.125,22,22,0,0,0.0,0.0,,8.6,FF,23.52,15.6,False,-0.47,False,45.5,-0.06,False,-1.42,1.4,0,0,0,0,0,0,0,-0.06,2.0,95.9,60.0,69.1,True,0.0,False,10.0,False,4.9,False,0.0,50.0,10.0,4,FF(42%):2/100pa  |  FC(26%):1/29pa  |  SI(23%):1/39pa  |  CU(8%):0/22pa,89.3,31.5,70.9,36.9,False,1.2,False,20.8,False,10.8,False,2.38,23.8,7.1,5,88.5,29.3,False,1.2,False,19.1,False,10.4,False,1.95,23.8,7.4,18,0,87.8,33.3,False,0.0,False,5.6,False,7.3,False,0.0,1.0,1.0,,,,,,,,,,2026-09-27,‼️ Elite,‼️ Elite,⚠️ Tough,193.3,0.302,50.0,90.0,2.5,8.9,6.9,41.7,72.6,6.4,9.3,6.8,43.0,74.6,7.4,9.6,7.0,66.7,100.0,,,,14.8,2.55,,,0.141,36.9,8.0,33,693645,807799,0,50.0,0.0,20.0,0.0,40.0,0.0,0.48,False,False,0.326,38.1,5.4,10.7,False,4.2,1.2,22.6,0.9,,False,0.331,38.7,4.7,10.9,70.9,33.6,False,4.7,1.2,0.133,23.0,0.6,,False,42.2,11.0,0.447,33.3,5.6,16.7,67.7,38.9,16.7,33.3,False,5.6,0.0,0.176,38.9,0.0,,False,44.4,0.0,0,1,1.0,0
A,3,BOS,Wilyer Abreu,L,0,False,"3,4",False,Cam Schlittler,Right,NYY,NYY,BOS,"FF, FC, SI, CU",08:00 PM,849851,9,2.1,False,False,False,False,0.2629,2,2,2,3,649,20,443,263,4,3,0,0,0.0,15.8,23.2,714.0,52.9,0.2215,0.0,3.34,1.18,1.26,412.0,13,🟢 Disciplined,59.0,0.0,,10.7,,29.8,4.3,0.787,0.096,0.096,0.292,0.021,0.333,0.982,1.412,0.314,0.0222,0.0222,0.1812,0.0943,0.0597,0.325,0.0723,0,50,0,1,0.0,30.0,0.186,20.0,0.0,14.5,0.34,0.361,0.325,0.0,0.1,0.215,0.0,2.58,18,18,0.186,0.198,21,21,0,2,361.0,100.5,double 100mph EV | deep fly ball 361ft 100mph | double 100mph EV,10.2,SI,28.0,20.8,False,-1.21,False,45.5,-0.06,False,5.22,4.8,0,0,1,0,0,0,0,-0.06,4.1,86.9,25.0,72.6,False,10.0,True,30.0,True,13.6,False,0.0,20.0,10.0,9,FF(42%):8/195pa  |  FC(26%):2/62pa  |  SI(23%):3/103pa  |  CU(8%):2/39pa,91.1,29.7,73.3,38.4,False,3.8,False,26.6,True,24.2,True,3.42,17.1,9.1,18,90.5,30.7,False,5.2,True,27.3,True,20.2,False,4.06,19.9,9.7,35,1,91.1,28.6,False,5.7,True,22.9,True,26.8,True,2.86,1.0,1.0,,,,,,,,,,2026-09-27,‼️ Elite,‼️ Elite,⚠️ Tough,193.3,2.58,40.0,80.0,5.3,9.7,7.1,41.8,83.3,5.4,8.0,6.9,45.6,82.4,8.2,8.6,7.2,0.0,100.0,,,,14.8,5.83,,,0.193,26.6,23.0,33,693645,677800,20,35.0,5.0,25.0,0.0,45.0,1.0,0.215,False,False,0.302,17.9,7.2,21.3,False,6.5,1.1,23.6,4.5,,False,0.325,20.1,5.4,21.4,73.6,35.2,False,8.4,2.5,0.209,26.0,5.8,,False,31.8,42.0,0.415,14.3,8.6,20.0,71.4,25.7,11.4,40.0,False,5.7,0.0,0.207,28.6,5.3,,False,31.4,3.0,0,1,1.0,0
B,2,BOS,Roman Anthony,L,0,False,"3,4",False,Cam Schlittler,Right,NYY,NYY,BOS,"FF, FC, SI, CU",08:00 PM,849851,5,1.1,True,False,False,False,0.2999,0,2,2,1,213,21,140,80,4,4,0,0,0.0,15.8,23.2,714.0,52.9,0.1559,0.0,3.34,1.18,1.26,412.0,13,🟢 Disciplined,62.0,0.0,,12.3,,23.3,4.5,1.243,0.073,0.073,0.44,0.146,0.546,1.204,2.192,0.145,0.0163,0.0163,0.2792,0.1479,0.0817,0.4925,0.0325,0,23,0,3,0.0,28.6,0.165,14.3,0.0,18.8,0.337,0.354,0.351,0.0,0.263,0.451,0.0,1.571,13,13,0.165,0.151,36,36,0,5,390.0,110.8,double 95mph EV | deep line drive 390ft 111mph | double 111mph EV | deep line drive 390ft 111mph | double 88mph EV | tri,19.9,FC,17.56,11.1,False,1.09,False,45.5,-0.06,False,-0.83,5.6,1,0,1,0,0,0,0,-0.06,0.0,92.3,23.8,76.5,False,4.8,False,9.5,False,-3.0,False,0.0,33.3,19.0,2,FF(42%):0/53pa  |  FC(26%):2/14pa  |  SI(23%):1/43pa  |  CU(8%):0/17pa,99.1,42.5,75.1,37.5,True,10.0,True,20.0,False,16.1,False,2.5,25.0,12.5,4,95.5,32.1,True,6.4,True,17.1,False,11.6,False,2.86,21.4,10.0,6,0,96.5,50.0,True,0.0,False,16.7,False,15.2,False,0.0,1.0,1.0,,,,,,,,,,2026-09-27,‼️ Elite,‼️ Elite,⚠️ Tough,193.3,1.571,33.3,81.0,10.2,8.7,7.3,26.2,82.5,10.1,9.1,7.3,35.7,80.7,11.7,9.9,7.4,0.0,100.0,,,,14.8,3.85,,,0.232,26.2,5.0,33,693645,701350,21,42.9,0.0,28.6,0.0,38.1,0.0,0.451,False,False,0.395,20.0,0.0,26.2,False,3.8,3.8,31.2,4.4,,False,0.361,20.7,0.0,31.4,74.8,35.7,False,2.9,2.1,0.202,25.0,3.0,,False,27.1,6.0,0.442,33.3,0.0,16.7,,50.0,0.0,33.3,False,0.0,0.0,0.0,33.3,0.0,,False,33.3,0.0,0,1,1.0,0
C,1,BOS,Caleb Durbin,R,0,False,"3,4",False,Cam Schlittler,Right,NYY,NYY,BOS,"FF, FC, SI, CU",08:00 PM,849851,1,0.4,False,False,False,False,0.3045,1,0,0,0,564,20,408,275,5,3,0,0,0.0,15.8,23.2,714.0,52.9,0.4083,0.0,3.34,1.18,1.26,412.0,13,🟢 Disciplined,59.0,0.0,,8.6,,28.1,4.0,0.683,0.056,0.056,0.094,0.01,0.495,0.556,0.964,0.103,0.0142,0.0142,0.1721,0.0402,0.0047,0.243,0.026,0,32,0,0,0.0,35.0,0.13,25.0,0.0,7.4,0.317,0.296,0.298,0.0,0.0,0.158,0.0,2.109,13,13,0.13,0.13,14,14,0,1,341.0,97.8,deep fly ball 341ft 98mph,2.3,FC,29.06,-4.2,False,-0.14,False,45.5,-0.06,False,-0.89,0.9,0,0,0,0,0,0,0,-0.06,2.96,75.3,15.0,63.8,False,0.0,False,25.0,True,3.7,False,0.0,10.0,0.0,6,FF(42%):5/169pa  |  FC(26%):2/41pa  |  SI(23%):1/150pa  |  CU(8%):0/23pa,82.6,20.7,67.1,34.5,False,0.7,False,12.4,False,10.3,False,2.18,21.1,6.2,9,80.4,17.2,False,0.7,False,13.0,False,10.8,False,2.21,21.6,6.6,39,0,89.7,28.2,False,2.6,False,20.5,False,16.2,False,0.0,1.0,1.0,,,,,,,,,,2026-09-27,‼️ Elite,‼️ Elite,⚠️ Tough,193.3,2.109,45.0,90.0,8.4,11.2,6.8,38.5,78.2,6.5,11.0,6.6,41.4,80.4,7.8,11.6,6.8,100.0,50.0,,,,14.8,3.17,,,0.129,32.7,9.0,33,693645,702332,20,50.0,0.0,15.0,10.0,45.0,0.0,0.158,False,False,0.33,35.3,7.3,13.5,False,4.4,0.4,22.9,4.1,,False,0.319,36.5,8.3,14.2,66.3,30.4,False,5.6,0.5,0.13,23.0,4.3,,False,38.2,11.0,0.401,28.2,2.6,20.5,65.5,30.8,7.7,25.6,False,7.7,0.0,0.118,33.3,0.0,,False,28.2,2.0,0,0,1.0,0
C,1,BOS,Willson Contreras,R,0,False,"3,4",False,Cam Schlittler,Right,NYY,NYY,BOS,"FF, FC, SI, CU",08:00 PM,849851,2,0.38,True,False,False,False,0.717,2,0,0,0,502,10,366,229,3,2,0,0,0.0,15.8,23.2,714.0,52.9,0.2852,0.0,3.34,1.18,1.26,412.0,13,🟢 Disciplined,59.0,0.0,,10.0,,34.1,4.2,0.904,0.263,0.263,0.118,0.0,0.943,0.723,1.811,0.338,0.0634,0.0634,0.2176,0.0918,0.0492,0.4361,0.0814,1,3,0,2,10.0,40.0,0.253,20.0,14.3,19.3,0.387,0.372,0.395,0.0,0.429,0.514,0.0,4.502,37,37,0.253,0.241,17,17,0,0,0.0,0.0,,4.9,FC,29.02,14.5,False,-0.59,False,45.5,-0.06,False,6.81,3.2,0,0,1,1,1,0,0,-0.06,2.52,93.9,30.0,75.9,True,10.0,True,10.0,False,29.5,False,10.0,20.0,10.0,10,FF(42%):4/159pa  |  FC(26%):0/23pa  |  SI(23%):8/104pa  |  CU(8%):1/23pa,89.2,27.9,75.9,31.9,False,2.2,False,14.4,False,16.9,False,4.37,22.7,8.7,18,89.1,25.7,False,3.0,False,15.8,False,16.9,False,4.92,23.0,9.0,24,1,85.7,33.3,False,4.2,False,16.7,False,11.6,False,4.17,1.0,1.0,,,,,,,,,,2026-09-27,‼️ Elite,‼️ Elite,⚠️ Tough,193.3,4.502,40.0,60.0,11.9,8.5,7.7,39.3,78.6,5.7,10.2,7.4,51.1,78.4,9.0,11.3,7.7,33.3,100.0,,,,14.8,7.31,,,0.219,32.3,14.0,33,693645,575929,0,20.0,20.0,10.0,10.0,40.0,1.0,0.514,False,False,0.404,24.5,7.0,21.4,False,6.6,1.3,19.2,6.0,,False,0.379,22.7,5.5,27.9,75.2,27.3,False,7.7,2.2,0.223,20.2,7.6,,False,33.9,22.0,0.243,29.2,4.2,25.0,75.3,16.7,8.3,41.7,False,4.2,0.0,0.174,33.3,0.0,,False,33.3,2.0,0,0,1.0,0
D,0,BOS,Andruw Monasterio,R,0,False,"3,4",False,Cam Schlittler,Right,NYY,NYY,BOS,"FF, FC, SI, CU",08:00 PM,849851,2,0.2,True,False,False,False,0.2216,0,0,0,2,337,15,213,121,4,2,1,0,0.0,15.8,23.2,714.0,52.9,0.2187,0.0,3.34,1.18,1.26,412.0,13,⬜ Neutral,56.0,0.0,,6.8,,26.6,3.3,0.637,0.018,0.018,0.16,0.0,0.387,0.554,0.851,0.298,0.0054,0.0054,0.1917,0.0537,0.0161,0.2562,0.0896,0,125,0,0,0.0,33.3,0.137,13.3,0.0,12.8,0.296,0.297,0.288,0.0,0.0,0.211,0.0,1.284,9,9,0.137,0.137,15,15,0,0,0.0,0.0,,2.9,FF,38.39,19.3,False,-0.19,False,45.5,-0.06,False,-2.97,3.0,0,0,0,0,0,0,0,-0.06,2.65,82.0,13.3,69.2,False,0.0,False,13.3,False,17.4,False,0.0,13.3,0.0,1,FF(42%):3/113pa  |  FC(26%):0/24pa  |  SI(23%):0/49pa  |  CU(8%):0/18pa,86.4,22.3,68.5,36.4,False,2.5,False,19.0,False,17.8,False,0.83,22.3,8.3,1,84.9,18.3,False,1.9,False,20.7,False,20.2,False,0.47,21.6,7.0,11,0,79.1,9.1,False,0.0,False,27.3,True,16.7,False,0.0,1.0,1.0,,,,,,,,,,2026-09-27,‼️ Elite,‼️ Elite,⚠️ Tough,193.3,1.284,40.0,86.7,12.8,8.4,7.0,36.4,86.8,6.0,13.8,6.6,41.8,85.4,9.1,12.9,6.8,50.0,50.0,,,,14.8,2.49,,,0.112,33.1,5.0,33,693645,655316,15,33.3,13.3,20.0,0.0,40.0,0.0,0.211,False,False,0.312,29.8,10.7,14.9,False,4.1,1.7,24.0,1.4,,False,0.268,25.8,11.3,19.7,68.4,28.6,False,6.6,0.9,0.088,25.8,0.8,,False,35.2,8.0,0.224,27.3,9.1,18.2,,18.2,0.0,36.4,True,18.2,0.0,0.0,27.3,,,False,27.3,0.0,0,0,1.0,0
D,0,BOS,Isiah Kiner-Falefa,R,0,False,"3,4",False,Cam Schlittler,Right,NYY,NYY,BOS,"FF, FC, SI, CU",08:00 PM,849851,0,0.0,True,False,False,False,0.4114,0,0,0,0,175,17,120,89,4,1,0,0,0.0,15.8,23.2,714.0,52.9,0.4577,0.0,3.34,1.18,1.26,412.0,13,🟢 Disciplined,59.0,0.0,,8.8,,31.8,3.2,0.582,0.024,0.024,0.094,0.0,0.46,0.455,0.748,0.071,0.0073,0.0073,0.1799,0.0365,0.0,0.2311,0.0219,0,42,0,0,0.0,29.4,0.068,5.9,0.0,9.1,0.294,0.311,0.287,0.0,0.0,0.227,0.0,1.245,8,8,0.068,0.068,14,14,0,0,0.0,0.0,,1.8,FC,30.34,7.5,False,-1.4,False,45.5,-0.06,False,-1.14,1.1,0,0,0,0,0,0,0,-0.06,1.75,79.9,5.9,66.9,False,0.0,False,5.9,False,-6.8,False,0.0,11.8,0.0,1,FF(42%):1/57pa  |  FC(26%):0/20pa  |  SI(23%):0/39pa  |  CU(8%):0/11pa,80.1,19.1,66.0,42.7,False,0.0,False,12.4,False,6.2,False,1.12,21.3,5.6,1,81.3,21.7,False,0.0,False,13.3,False,4.5,False,0.83,26.7,5.0,65,0,80.2,15.4,False,1.5,False,16.9,False,4.6,False,0.0,1.0,1.0,,,,,,,,,,2026-09-27,‼️ Elite,‼️ Elite,⚠️ Tough,193.3,1.245,58.8,82.4,-0.4,8.8,6.5,40.4,73.0,0.7,13.1,6.5,44.2,77.5,1.9,12.3,6.7,100.0,50.0,,,,14.8,2.11,,,0.092,33.7,3.0,33,693645,643396,17,47.1,0.0,23.5,5.9,29.4,0.0,0.227,False,False,0.306,44.9,7.9,9.0,False,4.5,0.0,20.2,2.2,,False,0.331,43.3,5.8,10.8,66.3,37.5,False,5.0,0.0,0.075,25.0,1.6,,False,36.7,5.0,0.236,41.5,4.6,15.4,63.7,20.0,4.6,26.2,False,4.6,0.0,0.067,23.1,0.0,,False,35.4,1.0,0,0,1.0,0
C,1,BOS,Connor Wong,R,0,False,"3,4",False,Cam Schlittler,Right,NYY,NYY,BOS,"FF, FC, SI, CU",08:00 PM,849851,2,0.5,False,False,False,False,0.3092,1,0,0,1,235,10,165,102,3,1,1,1,33.3,15.8,23.2,714.0,52.9,0.3456,0.0,3.34,1.18,1.26,412.0,13,⬜ Neutral,56.0,0.0,,7.7,,31.8,3.4,0.753,0.0,0.0,0.29,0.0,0.237,0.871,1.043,0.161,0.0,0.0,0.2229,0.086,0.0,0.3089,0.0477,0,44,0,0,0.0,10.0,0.113,30.0,0.0,17.4,0.292,0.282,0.287,0.0,0.1,0.215,0.0,1.72,12,12,0.113,0.114,14,14,0,1,147.0,92.9,double 93mph EV,1.8,FC,31.61,15.8,False,-0.78,False,45.5,-0.06,False,-1.28,1.3,6,0,0,0,0,0,0,-0.06,2.94,90.1,10.0,71.8,False,0.0,False,30.0,True,30.1,False,0.0,20.0,10.0,0,FF(42%):2/68pa  |  FC(26%):0/17pa  |  SI(23%):0/59pa  |  CU(8%):0/12pa,82.6,19.6,71.3,35.3,False,0.0,False,11.8,False,8.1,False,0.0,23.5,7.8,1,84.2,20.6,False,0.6,False,13.9,False,10.1,False,0.61,20.0,7.3,21,0,86.1,19.0,False,0.0,False,14.3,False,22.9,True,0.0,1.0,1.0,,,,,,,,,,2026-09-27,‼️ Elite,‼️ Elite,⚠️ Tough,193.3,1.72,60.0,70.0,8.5,8.8,6.7,43.1,81.4,6.9,10.1,6.9,50.3,81.2,10.4,11.1,7.2,50.0,50.0,,,,14.8,2.08,,,0.089,31.4,1.0,33,693645,657136,4,10.0,10.0,30.0,10.0,30.0,0.0,0.215,False,False,0.314,34.3,5.9,23.5,False,2.9,0.0,16.7,0.0,,False,0.284,30.3,5.5,27.3,70.8,27.9,False,4.8,0.6,0.097,15.2,1.2,,False,32.7,4.0,0.202,33.3,14.3,14.3,74.5,9.5,4.8,33.3,False,14.3,0.0,0.056,19.0,0.0,,False,42.9,2.0,0,0,1.0,0
B,2,BOS,Mickey Gasper,L,0,False,"3,4",False,Cam Schlittler,Right,NYY,NYY,BOS,"FF, FC, SI, CU",08:00 PM,849851,8,1.71,True,False,False,False,0.707,4,2,1,1,224,11,196,124,5,2,1,1,20.0,15.8,23.2,714.0,52.9,0.2818,0.0,3.34,1.18,1.26,412.0,13,🟢 Disciplined,66.0,0.0,,12.6,,21.0,3.3,0.646,0.21,0.21,0.157,0.017,0.454,0.861,1.469,0.28,0.0633,0.0633,0.1943,0.1157,0.079,0.4418,0.0842,1,6,0,2,9.1,45.5,0.221,9.1,16.7,9.4,0.363,0.355,0.356,0.0,0.3,0.254,0.0,3.691,40,40,0.221,0.215,35,35,0,0,0.0,0.0,,13.0,FF,34.93,13.8,False,2.22,True,45.5,-0.06,False,2.85,6.2,0,0,0,0,0,0,0,-0.06,7.69,94.0,18.2,73.7,True,9.1,True,18.2,False,27.8,True,9.09,9.1,9.1,6,FF(42%):5/65pa  |  FC(26%):0/23pa  |  SI(23%):1/37pa  |  CU(8%):0/12pa,91.5,33.1,70.9,49.2,False,7.3,True,24.2,True,18.8,False,4.84,25.0,12.9,10,89.6,29.1,False,7.1,True,21.4,False,15.0,False,5.1,23.5,10.2,12,0,85.3,16.7,False,0.0,False,25.0,True,15.2,False,0.0,1.0,1.0,,,,,,,,,,2026-09-27,‼️ Elite,‼️ Elite,⚠️ Tough,193.3,3.691,54.5,72.7,20.0,7.1,7.1,22.6,80.6,10.1,8.7,6.3,33.7,79.6,11.5,9.2,6.4,,,,,,14.8,6.77,,,0.282,40.3,9.0,33,693645,681508,11,9.1,9.1,54.5,18.2,36.4,1.0,0.254,True,False,0.426,28.2,5.6,10.5,False,8.9,4.0,25.0,7.0,,False,0.395,30.1,3.6,15.3,70.9,39.8,False,9.7,4.6,0.247,23.5,8.0,,False,41.8,14.0,0.263,33.3,8.3,0.0,66.9,16.7,0.0,41.7,False,8.3,0.0,0.0,8.3,,,False,33.3,0.0,0,1,1.0,0
D,0,BOS,Anthony Seigler,L,0,False,"3,4",False,Cam Schlittler,Right,NYY,NYY,BOS,"FF, FC, SI, CU",08:00 PM,849851,0,0.0,True,False,False,False,0.2136,0,0,0,0,174,10,132,88,4,2,0,0,0.0,15.8,23.2,714.0,52.9,0.0899,0.0,3.34,1.18,1.26,412.0,13,🟢 Disciplined,59.0,0.0,,10.3,,26.4,3.7,0.786,0.027,0.027,0.191,0.027,0.615,0.615,1.114,0.082,0.0074,0.0074,0.2123,0.0665,0.0148,0.3009,0.0222,0,52,0,0,0.0,20.0,0.153,0.0,0.0,9.2,0.318,0.321,0.314,0.0,0.0,0.253,0.0,0.945,10,10,0.153,0.153,20,20,0,0,0.0,0.0,,8.7,FF,35.42,16.3,False,-0.36,False,45.5,-0.06,False,-2.87,2.9,14,0,0,0,0,0,0,-0.06,1.47,86.4,20.0,61.1,False,0.0,False,10.0,False,6.0,False,0.0,10.0,0.0,1,FF(42%):1/68pa  |  FC(26%):1/16pa  |  SI(23%):0/18pa  |  CU(8%):0/11pa,88.5,30.7,67.1,40.9,False,2.3,False,19.3,False,13.8,False,1.14,27.3,10.2,2,86.5,27.3,False,2.3,False,18.9,False,12.6,False,1.52,23.5,9.8,0,0,,,False,,False,,False,,False,,1.0,1.0,,,,,,,,,,2026-09-27,‼️ Elite,‼️ Elite,⚠️ Tough,193.3,0.945,50.0,90.0,10.0,11.3,6.7,37.5,83.0,9.8,9.9,6.6,42.4,83.3,10.1,10.1,6.7,,,,,,14.8,2.85,,,0.162,28.4,4.0,33,693645,678011,0,40.0,0.0,20.0,0.0,30.0,0.0,0.253,False,False,0.397,30.7,3.4,14.8,False,4.5,1.1,27.3,1.9,,False,0.343,32.6,3.0,16.7,65.9,29.5,False,4.5,1.5,0.157,25.8,1.2,,False,31.8,5.0,,,,,,,,,False,,,,,,,False,,,0,1,1.0,0
C,1,BOS,Tsung-Che Cheng,L,0,False,"3,4",False,Cam Schlittler,Right,NYY,NYY,BOS,"FF, FC, SI, CU",08:00 PM,849851,2,0.45,True,False,False,False,0.2208,0,0,1,1,44,10,39,26,3,1,0,0,0.0,15.8,23.2,714.0,52.9,0.1574,0.0,3.34,1.18,1.26,412.0,13,🟢 Disciplined,59.0,0.0,,9.4,,29.3,3.1,0.686,0.0,0.0,0.0,0.0,0.421,0.826,0.686,0.0,0.0,0.0,0.22,0.0,0.025,0.22,0.0,0,999,0,0,0.0,40.0,0.026,20.0,0.0,20.5,0.273,0.29,0.271,0.0,0.0,0.246,0.0,0.0,4,4,0.026,0.026,19,19,0,0,0.0,0.0,,7.3,SI,29.74,6.3,False,-1.11,False,45.5,-0.06,False,-4.55,4.5,1,0,1,0,0,0,0,-0.06,0.0,71.6,10.0,59.1,False,0.0,False,0.0,False,-11.4,False,0.0,20.0,0.0,0,FF(42%):0/17pa  |  FC(26%):0/3pa  |  SI(23%):0/8pa  |  CU(8%):0/1pa,83.1,19.2,62.2,38.5,False,3.8,False,19.2,False,4.4,False,0.0,23.1,0.0,0,81.6,15.4,False,5.1,True,20.5,False,7.3,False,0.0,23.1,2.6,7,0,100.6,14.3,True,0.0,False,0.0,False,8.0,False,0.0,1.0,1.0,,,,,,,,,,2026-09-27,‼️ Elite,‼️ Elite,⚠️ Tough,193.3,0.0,60.0,80.0,9.5,12.8,6.3,38.5,80.8,8.2,20.6,6.2,43.6,82.1,9.9,17.3,6.5,,,,,,14.8,0.19,,,0.0,38.5,2.0,33,693645,691907,0,30.0,0.0,40.0,0.0,40.0,0.0,0.246,False,False,0.311,26.9,0.0,19.2,False,3.8,0.0,30.8,0.0,,False,0.285,28.2,0.0,25.6,62.5,25.6,False,5.1,0.0,0.029,28.2,0.0,,False,35.9,3.0,0.1,14.3,0.0,71.4,61.9,0.0,0.0,28.6,False,0.0,0.0,0.0,14.3,,,False,14.3,0.0,0,1,1.0,0
C,1,BOS,Jahmai Jones,R,0,False,"3,4",False,Cam Schlittler,Right,NYY,NYY,BOS,"FF, FC, SI, CU",08:00 PM,849851,3,0.44,True,False,False,False,0.3352,1,0,0,2,171,12,20,13,4,1,1,0,0.0,15.8,23.2,714.0,52.9,0.3746,0.0,3.34,1.18,1.26,412.0,13,🟢 Disciplined,59.0,0.0,,10.7,,29.6,2.0,0.414,0.0,0.0,0.0,0.0,0.058,0.845,0.414,0.099,0.0,0.0,0.2083,0.0,0.0292,0.2083,0.05,0,11,0,2,0.0,41.7,0.163,25.0,,23.4,0.323,0.344,0.314,0.0,0.0,0.205,0.0,3.04,15,15,0.163,0.163,16,16,0,1,346.0,104.6,deep fly ball 346ft 105mph,4.3,FF,34.38,17.4,False,-2.12,False,45.5,-0.06,False,5.96,2.3,1,0,1,0,0,0,0,-0.06,0.0,75.1,8.3,69.6,False,8.3,True,16.7,False,35.2,False,0.0,16.7,0.0,0,FF(42%):0/59pa  |  FC(26%):0/10pa  |  SI(23%):3/24pa  |  CU(8%):0/11pa,90.7,23.1,71.5,30.8,False,0.0,False,7.7,False,18.2,False,0.0,23.1,0.0,0,90.8,30.0,False,0.0,False,10.0,False,21.7,False,0.0,15.0,0.0,8,0,80.0,12.5,False,0.0,False,25.0,True,-0.6,False,0.0,1.0,1.0,,,,,,,,,,2026-09-27,‼️ Elite,‼️ Elite,⚠️ Tough,193.3,3.04,41.7,91.7,12.9,9.3,7.3,46.2,76.9,10.2,6.7,7.2,55.0,80.0,12.0,7.4,7.4,0.0,100.0,,,,14.8,6.7,,,0.0,30.8,0.0,33,693645,663330,12,0.0,8.3,50.0,8.3,25.0,0.0,0.205,False,False,0.204,30.8,15.4,38.5,False,0.0,0.0,7.7,0.0,,False,0.132,20.0,15.0,40.0,70.4,20.0,False,0.0,0.0,0.0,15.0,0.0,,False,25.0,1.0,0.38,25.0,0.0,37.5,,37.5,12.5,12.5,True,25.0,0.0,0.125,25.0,,,False,50.0,1.0,0,0,1.0,0
D,0,BOS,Curtis Mead,R,0,False,"3,4",False,Cam Schlittler,Right,NYY,NYY,BOS,"FF, FC, SI, CU",08:00 PM,849851,1,0.14,True,False,False,False,0.2681,1,0,0,0,315,10,181,105,3,1,0,0,0.0,15.8,23.2,714.0,52.9,0.4005,0.0,3.34,1.18,1.26,412.0,13,🟢 Disciplined,59.0,0.0,,12.0,,25.1,3.7,0.505,0.16,0.16,0.092,0.0,1.039,0.428,1.079,0.0,0.0433,0.0433,0.1362,0.0681,0.0186,0.291,0.0,0,26,0,0,0.0,60.0,0.246,0.0,0.0,10.5,0.366,0.36,0.365,0.0,0.0,0.352,0.0,4.554,20,20,0.246,0.246,28,28,0,0,0.0,0.0,,5.0,FC,37.13,1.8,False,4.24,True,45.5,-0.06,False,-2.54,2.5,1,0,0,0,0,0,0,-0.06,1.14,81.2,10.0,76.6,False,0.0,False,0.0,False,25.0,True,0.0,0.0,0.0,7,FF(42%):1/88pa  |  FC(26%):3/28pa  |  SI(23%):6/60pa  |  CU(8%):1/17pa,88.1,29.5,71.7,40.0,False,2.9,False,21.9,False,13.8,False,6.67,21.0,10.5,10,88.1,27.1,False,2.8,False,19.9,False,14.6,False,5.52,19.3,9.4,16,1,86.0,37.5,False,0.0,False,12.5,False,3.7,False,6.25,1.0,1.0,,,,,,,,,,2026-09-27,‼️ Elite,‼️ Elite,⚠️ Tough,193.3,4.554,30.0,50.0,8.8,9.8,7.3,48.6,74.3,3.3,8.7,6.8,47.0,72.9,4.7,8.6,6.9,,,,,,14.8,8.54,,,0.284,35.2,9.0,33,693645,678554,0,20.0,20.0,10.0,0.0,20.0,0.0,0.352,False,False,0.394,25.7,4.8,12.4,False,6.7,1.9,29.5,11.3,,False,0.356,25.4,5.0,18.8,70.8,32.6,False,7.2,2.2,0.239,24.9,10.2,,False,37.0,13.0,0.353,43.8,6.2,12.5,73.2,18.8,12.5,62.5,False,6.2,0.0,0.286,25.0,11.1,,False,50.0,1.0,0,0,1.0,0
C,1,BOS,Eli White,R,0,False,"3,4",False,Cam Schlittler,Right,NYY,NYY,BOS,"FF, FC, SI, CU",08:00 PM,849851,4,0.82,True,False,False,False,0.6196,3,0,0,1,190,10,81,50,3,2,1,1,33.3,15.8,23.2,714.0,52.9,0.1904,0.0,3.34,1.18,1.26,412.0,13,⬜ Neutral,56.0,0.0,,5.9,,32.7,2.6,0.778,0.125,0.125,0.135,0.0,0.067,0.509,1.287,0.566,0.048,0.048,0.3,0.1,0.048,0.496,0.218,1,8,0,2,10.0,40.0,0.161,10.0,20.0,18.9,0.313,0.268,0.318,0.0,0.3,0.387,0.0,1.483,33,33,0.161,0.152,22,22,0,0,0.0,0.0,,3.5,SI,36.24,3.2,False,1.19,False,45.5,-0.06,False,7.89,2.1,0,0,1,1,0,0,0,-0.06,1.79,82.7,20.0,70.9,False,10.0,True,30.0,True,9.7,False,10.0,30.0,10.0,1,FF(42%):1/56pa  |  FC(26%):2/15pa  |  SI(23%):1/33pa  |  CU(8%):0/6pa,82.8,26.0,72.2,34.0,False,2.0,False,16.0,False,7.6,False,2.0,30.0,10.0,2,80.6,21.0,False,2.5,False,16.0,False,8.6,False,2.47,27.2,8.6,10,2,86.8,30.0,False,10.0,True,10.0,False,6.0,False,20.0,1.0,1.0,,,,,,,,,,2026-09-27,‼️ Elite,‼️ Elite,⚠️ Tough,193.3,1.483,50.0,90.0,8.0,9.1,7.4,36.0,86.0,3.7,13.1,6.9,44.4,86.4,6.0,14.7,7.0,66.7,100.0,,,,14.8,5.79,,,0.146,44.0,2.0,33,693645,642201,0,40.0,0.0,30.0,20.0,50.0,1.0,0.387,True,False,0.348,44.0,4.0,14.0,False,6.0,2.0,28.0,0.0,,False,0.311,48.1,4.9,14.8,70.1,24.7,False,6.2,2.5,0.139,22.2,2.0,,False,48.1,3.0,0.828,20.0,0.0,20.0,72.0,50.0,20.0,40.0,False,10.0,10.0,0.75,40.0,40.0,,False,40.0,1.0,0,0,1.0,0
C,1,BOS,Adley Rutschman,L,0,False,"3,4",False,Cam Schlittler,Right,NYY,NYY,BOS,"FF, FC, SI, CU",08:00 PM,849851,4,0.75,False,False,False,False,0.3411,0,2,1,1,385,20,253,149,5,3,1,0,0.0,15.8,23.2,714.0,52.9,0.2902,0.0,3.34,1.18,1.26,412.0,13,🟢 Disciplined,59.0,0.0,,8.9,,25.8,4.1,1.136,0.162,0.162,0.342,0.018,0.324,0.775,2.0,0.27,0.0393,0.0393,0.2752,0.1266,0.0393,0.4847,0.0655,0,46,0,0,0.0,30.0,0.174,40.0,0.0,8.1,0.325,0.325,0.328,0.0,0.1,0.348,0.0,2.633,13,13,0.174,0.184,25,25,0,4,362.0,101.4,rocket LD 101mph | double 94mph EV | double 98mph EV | deep fly ball 362ft 99mph,14.5,FC,23.91,16.1,False,-0.5,False,45.5,-0.06,False,-3.12,3.1,0,0,0,0,0,0,0,-0.06,3.42,91.3,25.0,69.9,False,0.0,False,10.0,False,14.4,False,0.0,35.0,10.0,9,FF(42%):4/117pa  |  FC(26%):3/21pa  |  SI(23%):3/65pa  |  CU(8%):1/24pa,92.3,36.2,71.5,43.6,False,6.0,True,27.5,True,17.9,False,6.04,23.5,14.1,9,89.5,28.1,False,4.0,False,23.3,True,14.8,False,3.56,22.1,11.5,28,1,88.7,25.0,False,3.6,False,28.6,True,19.2,False,3.57,1.0,1.0,,,,,,,,,,2026-09-27,‼️ Elite,‼️ Elite,⚠️ Tough,193.3,2.633,55.0,80.0,5.8,8.5,7.0,36.2,80.5,6.9,10.5,6.6,42.3,77.5,7.8,10.6,6.8,,,,,,14.8,5.56,,,0.31,37.6,17.0,33,693645,668939,20,30.0,5.0,25.0,5.0,40.0,1.0,0.348,False,False,0.399,26.2,5.4,15.4,False,12.1,2.7,26.2,9.4,,False,0.345,28.9,3.6,18.2,69.8,39.1,False,9.9,2.0,0.216,28.5,5.6,,False,36.8,20.0,0.304,28.6,3.6,14.3,64.7,17.9,10.7,28.6,False,14.3,3.6,0.2,25.0,6.7,,False,42.9,2.0,0,1,1.0,0
D,0,BOS,Mikey Romero,L,0,False,"3,4",False,Cam Schlittler,Right,NYY,NYY,BOS,"FF, FC, SI, CU",08:00 PM,849851,3,0.3,False,False,False,False,0.0,0,0,0,3,0,0,0,0,0,0,0,0,0.0,15.8,23.2,714.0,52.9,0.0,0.0,3.34,1.18,1.26,412.0,13,⬜ Neutral,52.0,0.0,,0.0,,,3.8,,,0.0,,,,,,,0.0,,,,,,,0,999,0,0,,,0.0,,,,,,0.0,0.0,0.0,0.0,0.0,0.0,0,0,0.0,0.0,12,12,0,0,0.0,0.0,,0.0,,,,False,,False,45.5,-0.06,False,,,1,0,0,0,0,0,0,-0.06,,,,,False,,False,,False,,False,,,,0,FF(42%):0/0pa  |  FC(26%):0/0pa  |  SI(23%):0/0pa  |  CU(8%):0/0pa,,,,,False,,False,,False,,False,,,,0,,,False,,False,,False,,False,,,,7,0,97.8,57.1,True,0.0,False,42.9,True,15.0,False,0.0,1.0,1.0,,,,,,,,,,2026-09-27,‼️ Elite,‼️ Elite,⚠️ Tough,193.3,0.0,,,,,,,,,,,,,,,,,,,,,14.8,5.14,,,,,,33,693645,702540,0,,,,,,,,False,False,,,,,False,,,,,,False,,,,,,,False,,,,,,,False,,,0.308,28.6,0.0,0.0,,28.6,14.3,14.3,True,28.6,0.0,0.143,28.6,0.0,,False,71.4,1.0,0,1,1.0,0
D,0,BOS,Jason Delay,R,0,False,"3,4",False,Cam Schlittler,Right,NYY,NYY,BOS,"FF, FC, SI, CU",08:00 PM,849851,3,0.3,False,False,False,False,0.0,0,0,0,3,0,0,0,0,0,0,0,0,0.0,15.8,23.2,714.0,52.9,0.0,0.0,3.34,1.18,1.26,412.0,13,🟡 Watch,54.0,0.0,,20.0,,,3.8,,,0.0,,,,,,,0.0,,,,,,,0,999,0,0,,,0.0,,,,,,0.0,0.0,0.0,0.0,0.0,0.0,0,0,0.0,0.0,12,12,0,0,0.0,0.0,,0.0,,,,False,,False,45.5,-0.06,False,,,1,0,0,0,0,0,0,-0.06,,,,,False,,False,,False,,False,,,,0,FF(42%):0/0pa  |  FC(26%):0/0pa  |  SI(23%):0/0pa  |  CU(8%):0/0pa,,,,,False,,False,,False,,False,,,,0,,,False,,False,,False,,False,,,,5,1,102.9,80.0,True,20.0,True,20.0,False,10.2,False,20.0,1.0,1.0,,,,,,,,,,2026-09-27,‼️ Elite,‼️ Elite,⚠️ Tough,193.3,0.0,,,,,,,,,,,,,,,,,,,,,14.8,5.14,,,,,,33,693645,641511,0,,,,,,,,False,False,,,,,False,,,,,,False,,,,,,,False,,,,,,,False,,,1.167,20.0,0.0,0.0,,80.0,40.0,40.0,True,20.0,20.0,1.0,60.0,,,False,60.0,1.0,0,0,1.0,0
D,0,BOS,Braiden Ward,L,0,False,"3,4",False,Cam Schlittler,Right,NYY,NYY,BOS,"FF, FC, SI, CU",08:00 PM,849851,1,0.1,False,False,False,False,0.0,0,0,0,1,0,0,0,0,0,0,0,0,0.0,15.8,23.2,714.0,52.9,0.0,0.0,3.34,1.18,1.26,412.0,13,🟢 Disciplined,62.0,0.0,,15.4,,,1.4,,,0.0,,,,,,,0.0,,,,,,,0,999,0,0,,,0.0,,,,,,0.0,0.0,0.0,0.0,0.0,0.0,0,0,0.0,0.0,12,12,0,0,0.0,0.0,,0.0,,,,False,,False,45.5,-0.06,False,,,1,0,0,0,0,0,0,-0.06,,,,,False,,False,,False,,False,,,,0,FF(42%):0/0pa  |  FC(26%):0/0pa  |  SI(23%):0/0pa  |  CU(8%):0/0pa,,,,,False,,False,,False,,False,,,,0,,,False,,False,,False,,False,,,,10,0,71.5,10.0,False,0.0,False,10.0,False,24.2,True,0.0,1.0,1.0,,,,,,,,,,2026-09-27,‼️ Elite,‼️ Elite,⚠️ Tough,193.3,0.0,,,,,,,,,,,,,,,,100.0,0.0,,,,14.8,5.14,,,,,,33,693645,685274,0,,,,,,,,False,False,,,,,False,,,,,,False,,,,,,,False,,,,,,,False,,,0.555,10.0,0.0,30.0,,30.0,20.0,20.0,False,0.0,0.0,0.286,30.0,,,False,30.0,0.0,0,1,1.0,0
D,0,BOS,Kristian Campbell,R,0,False,"3,4",False,Cam Schlittler,Right,NYY,NYY,BOS,"FF, FC, SI, CU",08:00 PM,849851,0,0.0,False,False,False,False,0.0,0,0,0,0,0,0,0,0,0,0,0,0,0.0,15.8,23.2,714.0,52.9,0.0,0.0,3.34,1.18,1.26,412.0,13,🟢 Disciplined,62.0,0.0,,15.0,,,3.1,,,0.0,,,,,,,0.0,,,,,,,0,999,0,0,,,0.0,,,,,,0.0,0.0,0.0,0.0,0.0,0.0,0,0,0.0,0.0,12,12,0,0,0.0,0.0,,0.0,,29.15,12.3,False,,False,45.5,-0.06,False,,,1,0,0,0,0,0,0,-0.06,,,,,False,,False,,False,,False,,,,0,FF(42%):0/0pa  |  FC(26%):0/0pa  |  SI(23%):0/0pa  |  CU(8%):0/0pa,,,,,False,,False,,False,,False,,,,0,,,False,,False,,False,,False,,,,33,1,87.6,18.2,False,0.0,False,15.2,False,14.9,False,3.03,1.0,1.0,,,,,,,,,,2026-09-27,‼️ Elite,‼️ Elite,⚠️ Tough,193.3,0.0,,,,,,,,,,,,,,,,,,,,,14.8,5.14,,,,,,33,693645,692225,0,,,,,,,,False,False,,,,,False,,,,,,False,,,,,,,False,,,,,,,False,,,0.408,27.3,9.1,18.2,70.4,27.3,9.1,33.3,False,3.0,0.0,0.179,15.2,5.9,,False,30.3,1.0,0,0,1.0,0
D,0,BOS,Max Ferguson,L,0,False,"3,4",False,Cam Schlittler,Right,NYY,NYY,BOS,"FF, FC, SI, CU",08:00 PM,849851,0,0.0,False,False,False,False,0.0,0,0,0,0,0,0,0,0,0,0,0,0,0.0,15.8,23.2,714.0,52.9,0.0,0.0,3.34,1.18,1.26,412.0,13,⬜ Neutral,52.0,0.0,,0.0,,,3.8,,,0.0,,,,,,,0.0,,,,,,,0,999,0,0,,,0.0,,,,,,0.0,0.0,0.0,0.0,0.0,0.0,0,0,0.0,0.0,12,12,0,0,0.0,0.0,,0.0,,,,False,,False,45.5,-0.06,False,,,1,0,0,0,0,0,0,-0.06,,,,,False,,False,,False,,False,,,,0,FF(42%):0/0pa  |  FC(26%):0/0pa  |  SI(23%):0/0pa  |  CU(8%):0/0pa,,,,,False,,False,,False,,False,,,,0,,,False,,False,,False,,False,,,,6,0,75.5,16.7,False,0.0,False,0.0,False,-9.8,False,0.0,1.0,1.0,,,,,,,,,,2026-09-27,‼️ Elite,‼️ Elite,⚠️ Tough,193.3,0.0,,,,,,,,,,,,,,,,,,,,,14.8,5.14,,,,,,33,693645,681132,0,,,,,,,,False,False,,,,,False,,,,,,False,,,,,,,False,,,,,,,False,,,0.0,66.7,0.0,16.7,,0.0,0.0,0.0,False,0.0,0.0,0.0,16.7,,,False,50.0,0.0,0,1,1.0,0
D,0,BOS,Nathan Hickey,L,0,False,"3,4",False,Cam Schlittler,Right,NYY,NYY,BOS,"FF, FC, SI, CU",08:00 PM,849851,1,0.1,False,False,False,False,0.0,0,0,0,1,0,0,0,0,0,0,0,0,0.0,15.8,23.2,714.0,52.9,0.0,0.0,3.34,1.18,1.26,412.0,13,🟢 Disciplined,62.0,0.0,,20.0,,,3.8,,,0.0,,,,,,,0.0,,,,,,,0,999,0,0,,,0.0,,,,,,0.0,0.0,0.0,0.0,0.0,0.0,0,0,0.0,0.0,12,12,0,0,0.0,0.0,,0.0,,,,False,,False,45.5,-0.06,False,,,1,0,0,0,0,0,0,-0.06,,,,,False,,False,,False,,False,,,,0,FF(42%):0/0pa  |  FC(26%):0/0pa  |  SI(23%):0/0pa  |  CU(8%):0/0pa,,,,,False,,False,,False,,False,,,,0,,,False,,False,,False,,False,,,,4,0,75.9,0.0,False,0.0,False,0.0,False,23.3,True,0.0,1.0,1.0,,,,,,,,,,2026-09-27,‼️ Elite,‼️ Elite,⚠️ Tough,193.3,0.0,,,,,,,,,,,,,,,,,,,,,14.8,5.14,,,,,,33,693645,687208,0,,,,,,,,False,False,,,,,False,,,,,,False,,,,,,,False,,,,,,,False,,,0.0,50.0,25.0,25.0,,0.0,0.0,0.0,False,0.0,0.0,0.0,0.0,,,False,75.0,0.0,0,1,1.0,0
D,0,BOS,Allan Castro,L,0,False,"3,4",False,Cam Schlittler,Right,NYY,NYY,BOS,"FF, FC, SI, CU",08:00 PM,849851,0,0.0,False,False,False,False,0.0,0,0,0,0,0,0,0,0,0,0,0,0,0.0,15.8,23.2,714.0,52.9,0.0,0.0,3.34,1.18,1.26,412.0,13,🔴 Chase Risk,52.0,0.0,,0.0,,,3.8,,,0.0,,,,,,,0.0,,,,,,,0,999,0,0,,,0.0,,,,,,0.0,0.0,0.0,0.0,0.0,0.0,0,0,0.0,0.0,12,12,0,0,0.0,0.0,,0.0,,,,False,,False,45.5,-0.06,False,,,1,0,0,0,0,0,0,-0.06,,,,,False,,False,,False,,False,,,,0,FF(42%):0/0pa  |  FC(26%):0/0pa  |  SI(23%):0/0pa  |  CU(8%):0/0pa,,,,,False,,False,,False,,False,,,,0,,,False,,False,,False,,False,,,,4,0,91.6,25.0,False,0.0,False,0.0,False,49.0,False,0.0,1.0,1.0,,,,,,,,,,2026-09-27,‼️ Elite,‼️ Elite,⚠️ Tough,193.3,0.0,,,,,,,,,,,,,,,,,,,,,14.8,5.14,,,,,,33,693645,691369,0,,,,,,,,False,False,,,,,False,,,,,,False,,,,,,,False,,,,,,,False,,,0.318,0.0,25.0,50.0,,25.0,25.0,0.0,False,0.0,0.0,0.25,25.0,,,False,0.0,0.0,0,1,1.0,0
D,0,BOS,Tyler McDonough,L,0,False,"3,4",False,Cam Schlittler,Right,NYY,NYY,BOS,"FF, FC, SI, CU",08:00 PM,849851,0,0.0,False,False,False,False,0.0,0,0,0,0,0,0,0,0,0,0,0,0,0.0,15.8,23.2,714.0,52.9,0.0,0.0,3.34,1.18,1.26,412.0,13,🟡 Watch,44.0,0.0,,0.0,,,3.8,,,0.0,,,,,,,0.0,,,,,,,0,999,0,0,,,0.0,,,,,,0.0,0.0,0.0,0.0,0.0,0.0,0,0,0.0,0.0,12,12,0,0,0.0,0.0,,0.0,,,,False,,False,45.5,-0.06,False,,,1,0,0,0,0,0,0,-0.06,,,,,False,,False,,False,,False,,,,0,FF(42%):0/0pa  |  FC(26%):0/0pa  |  SI(23%):0/0pa  |  CU(8%):0/0pa,,,,,False,,False,,False,,False,,,,0,,,False,,False,,False,,False,,,,1,0,,0.0,False,0.0,False,0.0,False,,False,0.0,1.0,1.0,,,,,,,,,,2026-09-27,‼️ Elite,‼️ Elite,⚠️ Tough,193.3,0.0,,,,,,,,,,,,,,,,,,,,,14.8,5.14,,,,,,33,693645,694812,0,,,,,,,,False,False,,,,,False,,,,,,False,,,,,,,False,,,,,,,False,,,0.728,0.0,0.0,0.0,,0.0,0.0,0.0,False,0.0,0.0,0.0,0.0,,,False,0.0,0.0,0,1,1.0,0
D,0,BOS,Vinny Capra,R,0,False,"3,4",False,Cam Schlittler,Right,NYY,NYY,BOS,"FF, FC, SI, CU",08:00 PM,849851,0,0.0,False,False,False,False,0.0,0,0,0,0,0,0,0,0,0,0,0,0,0.0,15.8,23.2,714.0,52.9,0.0,0.0,3.34,1.18,1.26,412.0,13,🔴 Chase Risk,52.0,0.0,,0.0,,,2.0,,,0.0,,,,,,,0.0,,,,,,,0,999,0,0,,,0.0,,,,,,0.0,0.0,0.0,0.0,0.0,0.0,0,0,0.0,0.0,12,12,0,0,0.0,0.0,,0.0,,34.74,8.6,False,,False,45.5,-0.06,False,,,1,0,0,0,0,0,0,-0.06,,,,,False,,False,,False,,False,,,,0,FF(42%):0/0pa  |  FC(26%):0/0pa  |  SI(23%):0/0pa  |  CU(8%):0/0pa,,,,,False,,False,,False,,False,,,,0,,,False,,False,,False,,False,,,,10,0,68.3,0.0,False,0.0,False,10.0,False,20.2,False,0.0,1.0,1.0,,,,,,,,,,2026-09-27,‼️ Elite,‼️ Elite,⚠️ Tough,193.3,0.0,,,,,,,,,,,,,,,,0.0,100.0,,,,14.8,5.14,,,,,,33,693645,681962,0,,,,,,,,False,False,,,,,False,,,,,,False,,,,,,,False,,,,,,,False,,,0.0,20.0,10.0,50.0,68.2,0.0,0.0,10.0,False,0.0,0.0,0.0,0.0,0.0,,False,30.0,0.0,0,0,1.0,0
D,0,BOS,Ronald Rosario,R,0,False,"3,4",False,Cam Schlittler,Right,NYY,NYY,BOS,"FF, FC, SI, CU",08:00 PM,849851,0,0.0,False,False,False,False,0.0,0,0,0,0,0,0,0,0,0,0,0,0,0.0,15.8,23.2,714.0,52.9,0.0,0.0,3.34,1.18,1.26,412.0,13,🔴 Chase Risk,44.0,0.0,,0.0,,,3.8,,,0.0,,,,,,,0.0,,,,,,,0,999,0,0,,,0.0,,,,,,0.0,0.0,0.0,0.0,0.0,0.0,0,0,0.0,0.0,12,12,0,0,0.0,0.0,,0.0,,,,False,,False,45.5,-0.06,False,,,1,0,0,0,0,0,0,-0.06,,,,,False,,False,,False,,False,,,,0,FF(42%):0/0pa  |  FC(26%):0/0pa  |  SI(23%):0/0pa  |  CU(8%):0/0pa,,,,,False,,False,,False,,False,,,,0,,,False,,False,,False,,False,,,,0,0,,,False,,False,,False,,False,,1.0,1.0,,,,,,,,,,2026-09-27,‼️ Elite,‼️ Elite,⚠️ Tough,193.3,0.0,,,,,,,,,,,,,,,,,,,,,14.8,5.14,,,,,,33,693645,691385,0,,,,,,,,False,False,,,,,False,,,,,,False,,,,,,,False,,,,,,,False,,,,,,,,,,,False,,,,,,,False,,,0,0,1.0,0
D,0,BOS,Andrews Opata,R,0,False,"3,4",False,Cam Schlittler,Right,NYY,NYY,BOS,"FF, FC, SI, CU",08:00 PM,849851,0,0.0,False,False,False,False,0.0,0,0,0,0,0,0,0,0,0,0,0,0,0.0,15.8,23.2,714.0,52.9,0.0,0.0,3.34,1.18,1.26,412.0,13,🔴 Chase Risk,44.0,0.0,,0.0,,,3.8,,,0.0,,,,,,,0.0,,,,,,,0,999,0,0,,,0.0,,,,,,0.0,0.0,0.0,0.0,0.0,0.0,0,0,0.0,0.0,12,12,0,0,0.0,0.0,,0.0,,,,False,,False,45.5,-0.06,False,,,1,0,0,0,0,0,0,-0.06,,,,,False,,False,,False,,False,,,,0,FF(42%):0/0pa  |  FC(26%):0/0pa  |  SI(23%):0/0pa  |  CU(8%):0/0pa,,,,,False,,False,,False,,False,,,,0,,,False,,False,,False,,False,,,,1,0,,0.0,False,0.0,False,0.0,False,,False,0.0,1.0,1.0,,,,,,,,,,2026-09-27,‼️ Elite,‼️ Elite,⚠️ Tough,193.3,0.0,,,,,,,,,,,,,,,,,,,,,14.8,5.14,,,,,,33,693645,836168,0,,,,,,,,False,False,,,,,False,,,,,,False,,,,,,,False,,,,,,,False,,,0.0,0.0,0.0,100.0,,0.0,0.0,0.0,False,0.0,0.0,0.0,0.0,,,False,0.0,0.0,0,0,1.0,0
D,0,BOS,Starlyn Nunez,L,0,False,"3,4",False,Cam Schlittler,Right,NYY,NYY,BOS,"FF, FC, SI, CU",08:00 PM,849851,0,0.0,False,False,False,False,0.0,0,0,0,0,0,0,0,0,0,0,0,0,0.0,15.8,23.2,714.0,52.9,0.0,0.0,3.34,1.18,1.26,412.0,13,🔴 Chase Risk,44.0,0.0,,0.0,,,3.8,,,0.0,,,,,,,0.0,,,,,,,0,999,0,0,,,0.0,,,,,,0.0,0.0,0.0,0.0,0.0,0.0,0,0,0.0,0.0,12,12,0,0,0.0,0.0,,0.0,,,,False,,False,45.5,-0.06,False,,,1,0,0,0,0,0,0,-0.06,,,,,False,,False,,False,,False,,,,0,FF(42%):0/0pa  |  FC(26%):0/0pa  |  SI(23%):0/0pa  |  CU(8%):0/0pa,,,,,False,,False,,False,,False,,,,0,,,False,,False,,False,,False,,,,1,0,,0.0,False,0.0,False,0.0,False,,False,0.0,1.0,1.0,,,,,,,,,,2026-09-27,‼️ Elite,‼️ Elite,⚠️ Tough,193.3,0.0,,,,,,,,,,,,,,,,,,,,,14.8,5.14,,,,,,33,693645,808245,0,,,,,,,,False,False,,,,,False,,,,,,False,,,,,,,False,,,,,,,False,,,0.0,0.0,0.0,100.0,,0.0,0.0,0.0,False,0.0,0.0,0.0,0.0,,,False,0.0,0.0,0,1,1.0,0
D,0,BOS,Matt Thaiss,L,0,False,"3,4",False,Cam Schlittler,Right,NYY,NYY,BOS,"FF, FC, SI, CU",08:00 PM,849851,0,0.0,False,False,False,False,0.0,0,0,0,0,0,0,0,0,0,0,0,0,0.0,15.8,23.2,714.0,52.9,0.0,0.0,3.34,1.18,1.26,412.0,13,🟢 Disciplined,62.0,0.0,,30.0,,,2.9,,,0.0,,,,,,,0.0,,,,,,,0,999,0,0,,,0.0,,,,,,0.0,0.0,0.0,0.0,0.0,0.0,0,0,0.0,0.0,12,12,0,0,0.0,0.0,,0.0,,29.44,16.6,False,,False,45.5,-0.06,False,,,1,0,0,0,0,0,0,-0.06,,,,,False,,False,,False,,False,,,,0,FF(42%):0/0pa  |  FC(26%):0/0pa  |  SI(23%):0/0pa  |  CU(8%):0/0pa,,,,,False,,False,,False,,False,,,,0,,,False,,False,,False,,False,,,,15,0,86.1,20.0,False,0.0,False,6.7,False,3.8,False,0.0,1.0,1.0,,,,,,,,,,2026-09-27,‼️ Elite,‼️ Elite,⚠️ Tough,193.3,0.0,,,,,,,,,,,,,,,,,,,,,14.8,5.14,,,,,,33,693645,642136,0,,,,,,,,False,False,,,,,False,,,,,,False,,,,,,,False,,,,,,,False,,,0.376,13.3,0.0,33.3,62.2,13.3,6.7,46.7,False,0.0,0.0,0.1,13.3,0.0,,False,13.3,0.0,0,1,1.0,0
D,0,BOS,D'Angelo Ortiz,R,0,False,"3,4",False,Cam Schlittler,Right,NYY,NYY,BOS,"FF, FC, SI, CU",08:00 PM,849851,0,0.0,False,False,False,False,0.0,0,0,0,0,0,0,0,0,0,0,0,0,0.0,15.8,23.2,714.0,52.9,0.0,0.0,3.34,1.18,1.26,412.0,13,🟡 Watch,44.0,0.0,,0.0,,,3.8,,,0.0,,,,,,,0.0,,,,,,,0,999,0,0,,,0.0,,,,,,0.0,0.0,0.0,0.0,0.0,0.0,0,0,0.0,0.0,12,12,0,0,0.0,0.0,,0.0,,,,False,,False,45.5,-0.06,False,,,1,0,0,0,0,0,0,-0.06,,,,,False,,False,,False,,False,,,,0,FF(42%):0/0pa  |  FC(26%):0/0pa  |  SI(23%):0/0pa  |  CU(8%):0/0pa,,,,,False,,False,,False,,False,,,,0,,,False,,False,,False,,False,,,,3,0,91.4,0.0,False,0.0,False,0.0,False,-2.3,False,0.0,1.0,1.0,,,,,,,,,,2026-09-27,‼️ Elite,‼️ Elite,⚠️ Tough,193.3,0.0,,,,,,,,,,,,,,,,,,,,,14.8,5.14,,,,,,33,693645,808571,0,,,,,,,,False,False,,,,,False,,,,,,False,,,,,,,False,,,,,,,False,,,0.294,33.3,0.0,0.0,,33.3,0.0,0.0,False,0.0,0.0,0.0,66.7,,,False,66.7,0.0,0,0,1.0,0
D,0,BOS,Jack Winnay,R,0,False,"3,4",False,Cam Schlittler,Right,NYY,NYY,BOS,"FF, FC, SI, CU",08:00 PM,849851,0,0.0,False,False,False,False,0.0,0,0,0,0,0,0,0,0,0,0,0,0,0.0,15.8,23.2,714.0,52.9,0.0,0.0,3.34,1.18,1.26,412.0,13,🔴 Chase Risk,52.0,0.0,,0.0,,,3.8,,,0.0,,,,,,,0.0,,,,,,,0,999,0,0,,,0.0,,,,,,0.0,0.0,0.0,0.0,0.0,0.0,0,0,0.0,0.0,12,12,0,0,0.0,0.0,,0.0,,,,False,,False,45.5,-0.06,False,,,1,0,0,0,0,0,0,-0.06,,,,,False,,False,,False,,False,,,,0,FF(42%):0/0pa  |  FC(26%):0/0pa  |  SI(23%):0/0pa  |  CU(8%):0/0pa,,,,,False,,False,,False,,False,,,,0,,,False,,False,,False,,False,,,,2,0,82.3,0.0,False,0.0,False,0.0,False,66.0,False,0.0,1.0,1.0,,,,,,,,,,2026-09-27,‼️ Elite,‼️ Elite,⚠️ Tough,193.3,0.0,,,,,,,,,,,,,,,,,,,,,14.8,5.14,,,,,,33,693645,813400,0,,,,,,,,False,False,,,,,False,,,,,,False,,,,,,,False,,,,,,,False,,,0.0,0.0,50.0,50.0,,0.0,0.0,0.0,False,0.0,0.0,0.0,0.0,,,False,50.0,0.0,0,0,1.0,0
D,0,BOS,Ahbram Liendo,R,0,False,"3,4",False,Cam Schlittler,Right,NYY,NYY,BOS,"FF, FC, SI, CU",08:00 PM,849851,0,0.0,False,False,False,False,0.0,0,0,0,0,0,0,0,0,0,0,0,0,0.0,15.8,23.2,714.0,52.9,0.0,0.0,3.34,1.18,1.26,412.0,13,🟢 Disciplined,66.0,0.0,,100.0,,,3.8,,,0.0,,,,,,,0.0,,,,,,,0,999,0,0,,,0.0,,,,,,0.0,0.0,0.0,0.0,0.0,0.0,0,0,0.0,0.0,12,12,0,0,0.0,0.0,,0.0,,,,False,,False,45.5,-0.06,False,,,1,0,0,0,0,0,0,-0.06,,,,,False,,False,,False,,False,,,,0,FF(42%):0/0pa  |  FC(26%):0/0pa  |  SI(23%):0/0pa  |  CU(8%):0/0pa,,,,,False,,False,,False,,False,,,,0,,,False,,False,,False,,False,,,,1,0,,0.0,False,0.0,False,0.0,False,,False,0.0,1.0,1.0,,,,,,,,,,2026-09-27,‼️ Elite,‼️ Elite,⚠️ Tough,193.3,0.0,,,,,,,,,,,,,,,,,,,,,14.8,5.14,,,,,,33,693645,699157,0,,,,,,,,False,False,,,,,False,,,,,,False,,,,,,,False,,,,,,,False,,,0.697,0.0,0.0,0.0,,0.0,0.0,100.0,False,0.0,0.0,0.0,0.0,,,False,0.0,0.0,0,0,1.0,0
D,0,BOS,Antonio Anderson,R,0,False,"3,4",False,Cam Schlittler,Right,NYY,NYY,BOS,"FF, FC, SI, CU",08:00 PM,849851,0,0.0,False,False,False,False,0.0,0,0,0,0,0,0,0,0,0,0,0,0,0.0,15.8,23.2,714.0,52.9,0.0,0.0,3.34,1.18,1.26,412.0,13,⬜ Neutral,48.0,0.0,,0.0,,,3.8,,,0.0,,,,,,,0.0,,,,,,,0,999,0,0,,,0.0,,,,,,0.0,0.0,0.0,0.0,0.0,0.0,0,0,0.0,0.0,12,12,0,0,0.0,0.0,,0.0,,,,False,,False,45.5,-0.06,False,,,1,0,0,0,0,0,0,-0.06,,,,,False,,False,,False,,False,,,,0,FF(42%):0/0pa  |  FC(26%):0/0pa  |  SI(23%):0/0pa  |  CU(8%):0/0pa,,,,,False,,False,,False,,False,,,,0,,,False,,False,,False,,False,,,,0,0,,,False,,False,,False,,False,,1.0,1.0,,,,,,,,,,2026-09-27,‼️ Elite,‼️ Elite,⚠️ Tough,193.3,0.0,,,,,,,,,,,,,,,,,,,,,14.8,5.14,,,,,,33,693645,702995,0,,,,,,,,False,False,,,,,False,,,,,,False,,,,,,,False,,,,,,,False,,,,,,,,,,,False,,,,,,,False,,,0,0,1.0,0
D,0,BOS,Anderson Fermin,L,0,False,"3,4",False,Cam Schlittler,Right,NYY,NYY,BOS,"FF, FC, SI, CU",08:00 PM,849851,0,0.0,False,False,False,False,0.0,0,0,0,0,0,0,0,0,0,0,0,0,0.0,15.8,23.2,714.0,52.9,0.0,0.0,3.34,1.18,1.26,412.0,13,🔴 Chase Risk,48.0,0.0,,0.0,,,3.8,,,0.0,,,,,,,0.0,,,,,,,0,999,0,0,,,0.0,,,,,,0.0,0.0,0.0,0.0,0.0,0.0,0,0,0.0,0.0,12,12,0,0,0.0,0.0,,0.0,,,,False,,False,45.5,-0.06,False,,,1,0,0,0,0,0,0,-0.06,,,,,False,,False,,False,,False,,,,0,FF(42%):0/0pa  |  FC(26%):0/0pa  |  SI(23%):0/0pa  |  CU(8%):0/0pa,,,,,False,,False,,False,,False,,,,0,,,False,,False,,False,,False,,,,2,0,,0.0,False,0.0,False,0.0,False,,False,0.0,1.0,1.0,,,,,,,,,,2026-09-27,‼️ Elite,‼️ Elite,⚠️ Tough,193.3,0.0,,,,,,,,,,,,,,,,,,,,,14.8,5.14,,,,,,33,693645,821112,0,,,,,,,,False,False,,,,,False,,,,,,False,,,,,,,False,,,,,,,False,,,0.0,0.0,0.0,100.0,,0.0,0.0,50.0,False,0.0,0.0,0.0,0.0,,,False,0.0,0.0,0,1,1.0,0
D,0,BOS,Stanley Tucker,R,0,False,"3,4",False,Cam Schlittler,Right,NYY,NYY,BOS,"FF, FC, SI, CU",08:00 PM,849851,0,0.0,False,False,False,False,0.0,0,0,0,0,0,0,0,0,0,0,0,0,0.0,15.8,23.2,714.0,52.9,0.0,0.0,3.34,1.18,1.26,412.0,13,⬜ Neutral,56.0,0.0,,0.0,,,3.8,,,0.0,,,,,,,0.0,,,,,,,0,999,0,0,,,0.0,,,,,,0.0,0.0,0.0,0.0,0.0,0.0,0,0,0.0,0.0,12,12,0,0,0.0,0.0,,0.0,,,,False,,False,45.5,-0.06,False,,,1,0,0,0,0,0,0,-0.06,,,,,False,,False,,False,,False,,,,0,FF(42%):0/0pa  |  FC(26%):0/0pa  |  SI(23%):0/0pa  |  CU(8%):0/0pa,,,,,False,,False,,False,,False,,,,0,,,False,,False,,False,,False,,,,0,0,,,False,,False,,False,,False,,1.0,1.0,,,,,,,,,,2026-09-27,‼️ Elite,‼️ Elite,⚠️ Tough,193.3,0.0,,,,,,,,,,,,,,,,,,,,,14.8,5.14,,,,,,33,693645,805964,0,,,,,,,,False,False,,,,,False,,,,,,False,,,,,,,False,,,,,,,False,,,,,,,,,,,False,,,,,,,False,,,0,0,1.0,0
D,0,BOS,Jhorman Bravo,L,0,False,"3,4",False,Cam Schlittler,Right,NYY,NYY,BOS,"FF, FC, SI, CU",08:00 PM,849851,0,0.0,False,False,False,False,0.0,0,0,0,0,0,0,0,0,0,0,0,0,0.0,15.8,23.2,714.0,52.9,0.0,0.0,3.34,1.18,1.26,412.0,13,⬜ Neutral,52.0,0.0,,0.0,,,3.8,,,0.0,,,,,,,0.0,,,,,,,0,999,0,0,,,0.0,,,,,,0.0,0.0,0.0,0.0,0.0,0.0,0,0,0.0,0.0,12,12,0,0,0.0,0.0,,0.0,,,,False,,False,45.5,-0.06,False,,,1,0,0,0,0,0,0,-0.06,,,,,False,,False,,False,,False,,,,0,FF(42%):0/0pa  |  FC(26%):0/0pa  |  SI(23%):0/0pa  |  CU(8%):0/0pa,,,,,False,,False,,False,,False,,,,0,,,False,,False,,False,,False,,,,1,0,81.5,0.0,False,0.0,False,0.0,False,78.0,False,0.0,1.0,1.0,,,,,,,,,,2026-09-27,‼️ Elite,‼️ Elite,⚠️ Tough,193.3,0.0,,,,,,,,,,,,,,,,,,,,,14.8,5.14,,,,,,33,693645,829939,0,,,,,,,,False,False,,,,,False,,,,,,False,,,,,,,False,,,,,,,False,,,0.883,0.0,100.0,0.0,,100.0,0.0,0.0,False,0.0,0.0,0.0,0.0,,,False,0.0,0.0,0,1,1.0,0
D,0,BOS,Natanael Yuten,L,0,False,"3,4",False,Cam Schlittler,Right,NYY,NYY,BOS,"FF, FC, SI, CU",08:00 PM,849851,0,0.0,False,False,False,False,0.0,0,0,0,0,0,0,0,0,0,0,0,0,0.0,15.8,23.2,714.0,52.9,0.0,0.0,3.34,1.18,1.26,412.0,13,⬜ Neutral,56.0,0.0,,0.0,,,3.8,,,0.0,,,,,,,0.0,,,,,,,0,999,0,0,,,0.0,,,,,,0.0,0.0,0.0,0.0,0.0,0.0,0,0,0.0,0.0,12,12,0,0,0.0,0.0,,0.0,,,,False,,False,45.5,-0.06,False,,,1,0,0,0,0,0,0,-0.06,,,,,False,,False,,False,,False,,,,0,FF(42%):0/0pa  |  FC(26%):0/0pa  |  SI(23%):0/0pa  |  CU(8%):0/0pa,,,,,False,,False,,False,,False,,,,0,,,False,,False,,False,,False,,,,1,0,83.4,0.0,False,0.0,False,0.0,False,12.0,False,0.0,1.0,1.0,,,,,,,,,,2026-09-27,‼️ Elite,‼️ Elite,⚠️ Tough,193.3,0.0,,,,,,,,,,,,,,,,,,,,,14.8,5.14,,,,,,33,693645,800256,0,,,,,,,,False,False,,,,,False,,,,,,False,,,,,,,False,,,,,,,False,,,0.0,0.0,0.0,0.0,,0.0,0.0,100.0,False,0.0,0.0,0.0,100.0,,,False,100.0,0.0,0,1,1.0,0
D,0,BOS,Nate Baez,R,0,False,"3,4",False,Cam Schlittler,Right,NYY,NYY,BOS,"FF, FC, SI, CU",08:00 PM,849851,0,0.0,False,False,False,False,0.0,0,0,0,0,0,0,0,0,0,0,0,0,0.0,15.8,23.2,714.0,52.9,0.0,0.0,3.34,1.18,1.26,412.0,13,🟡 Watch,44.0,0.0,,0.0,,,3.8,,,0.0,,,,,,,0.0,,,,,,,0,999,0,0,,,0.0,,,,,,0.0,0.0,0.0,0.0,0.0,0.0,0,0,0.0,0.0,12,12,0,0,0.0,0.0,,0.0,,,,False,,False,45.5,-0.06,False,,,1,0,0,0,0,0,0,-0.06,,,,,False,,False,,False,,False,,,,0,FF(42%):0/0pa  |  FC(26%):0/0pa  |  SI(23%):0/0pa  |  CU(8%):0/0pa,,,,,False,,False,,False,,False,,,,0,,,False,,False,,False,,False,,,,1,0,,0.0,False,0.0,False,0.0,False,,False,0.0,1.0,1.0,,,,,,,,,,2026-09-27,‼️ Elite,‼️ Elite,⚠️ Tough,193.3,0.0,,,,,,,,,,,,,,,,,,,,,14.8,5.14,,,,,,33,693645,686960,0,,,,,,,,False,False,,,,,False,,,,,,False,,,,,,,False,,,,,,,False,,,0.728,0.0,0.0,0.0,,0.0,0.0,0.0,False,0.0,0.0,0.0,0.0,,,False,0.0,0.0,0,0,1.0,0
D,0,BOS,Will Turner,L,0,False,"3,4",False,Cam Schlittler,Right,NYY,NYY,BOS,"FF, FC, SI, CU",08:00 PM,849851,0,0.0,False,False,False,False,0.0,0,0,0,0,0,0,0,0,0,0,0,0,0.0,15.8,23.2,714.0,52.9,0.0,0.0,3.34,1.18,1.26,412.0,13,⬜ Neutral,52.0,0.0,,0.0,,,3.8,,,0.0,,,,,,,0.0,,,,,,,0,999,0,0,,,0.0,,,,,,0.0,0.0,0.0,0.0,0.0,0.0,0,0,0.0,0.0,12,12,0,0,0.0,0.0,,0.0,,,,False,,False,45.5,-0.06,False,,,1,0,0,0,0,0,0,-0.06,,,,,False,,False,,False,,False,,,,0,FF(42%):0/0pa  |  FC(26%):0/0pa  |  SI(23%):0/0pa  |  CU(8%):0/0pa,,,,,False,,False,,False,,False,,,,0,,,False,,False,,False,,False,,,,2,0,92.9,50.0,False,0.0,False,50.0,False,41.5,False,0.0,1.0,1.0,,,,,,,,,,2026-09-27,‼️ Elite,‼️ Elite,⚠️ Tough,193.3,0.0,,,,,,,,,,,,,,,,0.0,100.0,,,,14.8,5.14,,,,,,33,693645,814444,0,,,,,,,,False,False,,,,,False,,,,,,False,,,,,,,False,,,,,,,False,,,0.636,0.0,50.0,0.0,,50.0,50.0,50.0,False,0.0,0.0,0.5,50.0,,,False,0.0,0.0,0,1,1.0,0
D,0,BOS,Nelly Taylor,L,0,False,"3,4",False,Cam Schlittler,Right,NYY,NYY,BOS,"FF, FC, SI, CU",08:00 PM,849851,0,0.0,False,False,False,False,0.0,0,0,0,0,0,0,0,0,0,0,0,0,0.0,15.8,23.2,714.0,52.9,0.0,0.0,3.34,1.18,1.26,412.0,13,🔴 Chase Risk,44.0,0.0,,0.0,,,3.8,,,0.0,,,,,,,0.0,,,,,,,0,999,0,0,,,0.0,,,,,,0.0,0.0,0.0,0.0,0.0,0.0,0,0,0.0,0.0,12,12,0,0,0.0,0.0,,0.0,,,,False,,False,45.5,-0.06,False,,,1,0,0,0,0,0,0,-0.06,,,,,False,,False,,False,,False,,,,0,FF(42%):0/0pa  |  FC(26%):0/0pa  |  SI(23%):0/0pa  |  CU(8%):0/0pa,,,,,False,,False,,False,,False,,,,0,,,False,,False,,False,,False,,,,1,0,,0.0,False,0.0,False,0.0,False,,False,0.0,1.0,1.0,,,,,,,,,,2026-09-27,‼️ Elite,‼️ Elite,⚠️ Tough,193.3,0.0,,,,,,,,,,,,,,,,100.0,100.0,,,,14.8,5.14,,,,,,33,693645,807511,0,,,,,,,,False,False,,,,,False,,,,,,False,,,,,,,False,,,,,,,False,,,0.0,0.0,0.0,100.0,,0.0,0.0,0.0,False,0.0,0.0,0.0,0.0,,,False,0.0,0.0,0,1,1.0,0
D,0,BOS,Isaiah Jackson,L,0,False,"3,4",False,Cam Schlittler,Right,NYY,NYY,BOS,"FF, FC, SI, CU",08:00 PM,849851,0,0.0,False,False,False,False,0.0,0,0,0,0,0,0,0,0,0,0,0,0,0.0,15.8,23.2,714.0,52.9,0.0,0.0,3.34,1.18,1.26,412.0,13,🟡 Watch,44.0,0.0,,0.0,,,3.8,,,0.0,,,,,,,0.0,,,,,,,0,999,0,0,,,0.0,,,,,,0.0,0.0,0.0,0.0,0.0,0.0,0,0,0.0,0.0,12,12,0,0,0.0,0.0,,0.0,,,,False,,False,45.5,-0.06,False,,,1,0,0,0,0,0,0,-0.06,,,,,False,,False,,False,,False,,,,0,FF(42%):0/0pa  |  FC(26%):0/0pa  |  SI(23%):0/0pa  |  CU(8%):0/0pa,,,,,False,,False,,False,,False,,,,0,,,False,,False,,False,,False,,,,1,0,89.0,0.0,False,0.0,False,100.0,False,37.0,False,0.0,1.0,1.0,,,,,,,,,,2026-09-27,‼️ Elite,‼️ Elite,⚠️ Tough,193.3,0.0,,,,,,,,,,,,,,,,100.0,100.0,,,,14.8,5.14,,,,,,33,693645,805365,0,,,,,,,,False,False,,,,,False,,,,,,False,,,,,,,False,,,,,,,False,,,1.271,0.0,0.0,0.0,,100.0,100.0,0.0,False,100.0,0.0,1.0,0.0,,,False,100.0,0.0,0,1,1.0,0
D,0,BOS,Freili Encarnacion,R,0,False,"3,4",False,Cam Schlittler,Right,NYY,NYY,BOS,"FF, FC, SI, CU",08:00 PM,849851,0,0.0,False,False,False,False,0.0,0,0,0,0,0,0,0,0,0,0,0,0,0.0,15.8,23.2,714.0,52.9,0.0,0.0,3.34,1.18,1.26,412.0,13,⬜ Neutral,52.0,0.0,,0.0,,,3.8,,,0.0,,,,,,,0.0,,,,,,,0,999,0,0,,,0.0,,,,,,0.0,0.0,0.0,0.0,0.0,0.0,0,0,0.0,0.0,12,12,0,0,0.0,0.0,,0.0,,,,False,,False,45.5,-0.06,False,,,1,0,0,0,0,0,0,-0.06,,,,,False,,False,,False,,False,,,,0,FF(42%):0/0pa  |  FC(26%):0/0pa  |  SI(23%):0/0pa  |  CU(8%):0/0pa,,,,,False,,False,,False,,False,,,,0,,,False,,False,,False,,False,,,,1,0,64.6,0.0,False,0.0,False,0.0,False,-2.0,False,0.0,1.0,1.0,,,,,,,,,,2026-09-27,‼️ Elite,‼️ Elite,⚠️ Tough,193.3,0.0,,,,,,,,,,,,,,,,0.0,100.0,,,,14.8,5.14,,,,,,33,693645,703175,0,,,,,,,,False,False,,,,,False,,,,,,False,,,,,,,False,,,,,,,False,,,0.0,100.0,0.0,0.0,,0.0,0.0,0.0,False,0.0,0.0,0.0,0.0,,,False,100.0,0.0,0,0,1.0,0
D,0,BOS,Triston Casas,L,0,False,"3,4",False,Cam Schlittler,Right,NYY,NYY,BOS,"FF, FC, SI, CU",08:00 PM,849851,2,0.2,False,False,False,False,0.0,0,0,0,2,0,0,0,0,0,0,0,0,0.0,15.8,23.2,714.0,52.9,0.0,0.0,3.34,1.18,1.26,412.0,13,⬜ Neutral,56.0,0.0,,7.7,,,3.7,,,0.0,,,,,,,0.0,,,,,,,0,999,0,0,,,0.0,,,,,,0.0,0.0,0.0,0.0,0.0,0.0,0,0,0.0,0.0,12,12,0,0,0.0,0.0,,0.0,,21.58,25.7,False,,False,45.5,-0.06,False,,,1,0,0,0,0,0,0,-0.06,,,,,False,,False,,False,,False,,,,0,FF(42%):0/0pa  |  FC(26%):0/0pa  |  SI(23%):0/0pa  |  CU(8%):0/0pa,,,,,False,,False,,False,,False,,,,0,,,False,,False,,False,,False,,,,25,0,87.1,16.0,False,0.0,False,24.0,True,23.7,True,0.0,1.0,1.0,,,,,,,,,,2026-09-27,‼️ Elite,‼️ Elite,⚠️ Tough,193.3,0.0,,,,,,,,,,,,,,,,,,,,,14.8,5.14,,,,,,33,693645,671213,0,,,,,,,,False,False,,,,,False,,,,,,False,,,,,,,False,,,,,,,False,,,0.171,20.0,4.0,28.0,73.6,8.0,4.0,28.0,False,12.0,0.0,0.045,20.0,0.0,,False,28.0,0.0,0,1,1.0,0
D,0,BOS,Blake Sabol,L,0,False,"3,4",False,Cam Schlittler,Right,NYY,NYY,BOS,"FF, FC, SI, CU",08:00 PM,849851,0,0.0,False,False,False,False,0.0,0,0,0,0,0,0,0,0,0,0,0,0,0.0,15.8,23.2,714.0,52.9,0.0,0.0,3.34,1.18,1.26,412.0,13,⬜ Neutral,52.0,0.0,,0.0,,,1.6,,,0.0,,,,,,,0.0,,,,,,,0,999,0,0,,,0.0,,,,,,0.0,0.0,0.0,0.0,0.0,0.0,0,0,0.0,0.0,12,12,0,0,0.0,0.0,,0.0,,,,False,,False,45.5,-0.06,False,,,1,0,0,0,0,0,0,-0.06,,,,,False,,False,,False,,False,,,,0,FF(42%):0/0pa  |  FC(26%):0/0pa  |  SI(23%):0/0pa  |  CU(8%):0/0pa,,,,,False,,False,,False,,False,,,,0,,,False,,False,,False,,False,,,,5,0,87.0,20.0,False,0.0,False,20.0,False,20.0,False,0.0,1.0,1.0,,,,,,,,,,2026-09-27,‼️ Elite,‼️ Elite,⚠️ Tough,193.3,0.0,,,,,,,,,,,,,,,,,,,,,14.8,5.14,,,,,,33,693645,666165,0,,,,,,,,False,False,,,,,False,,,,,,False,,,,,,,False,,,,,,,False,,,0.0,40.0,0.0,40.0,72.0,0.0,0.0,20.0,False,0.0,0.0,0.0,0.0,,,False,20.0,0.0,0,1,1.0,0
D,0,NYY,Trent Grisham,L,0,False,,False,Unknown (nan),?,BOS,NYY,BOS,---,08:00 PM,849851,1,0.24,True,False,False,False,0.4423,1,0,0,0,459,10,0,0,4,2,0,0,0.0,,,,,0.2644,0.0,3.33,0.96,1.21,329.3,21,🟢 Disciplined,59.0,0.0,,11.9,,19.2,4.1,0.814,0.0,0.0,0.0,0.0,0.407,1.221,0.814,0.814,0.0,0.0,0.2,0.0,0.0,0.2,0.2,0,35,0,0,0.0,50.0,0.184,30.0,0.0,9.8,0.312,0.345,0.308,0.0,0.0,0.246,0.0,0.0,17,17,0.184,0.184,4,4,0,0,0.0,0.0,,0.0,,31.99,21.5,False,-0.42,False,,,False,-3.05,3.1,1,0,0,0,0,0,0,,,95.0,30.0,70.2,True,0.0,False,10.0,False,8.0,False,0.0,20.0,0.0,0,---,,,,,False,,False,,False,,False,,,,0,,,False,,False,,False,,False,,,,0,0,,,False,,False,,False,,False,,1.0,1.0,,,,,,,,,,2026-09-27,,,,0.0,0.0,40.0,80.0,7.7,13.3,7.2,,,,,,,,,,,,,,,,,,,,,,,0,nan,663757,0,20.0,0.0,30.0,10.0,30.0,1.0,0.246,False,False,,,,,False,,,,,,False,,,,,,,False,,,,,,,False,,,,,,,,,,,False,,,,,,,False,,,0,0,1.0,0
C,1,NYY,Aaron Judge,R,0,False,,False,Unknown (nan),?,BOS,NYY,BOS,---,08:00 PM,849851,1,0.4,False,False,False,False,0.5982,1,0,0,0,254,10,0,0,4,2,0,0,0.0,,,,,0.3324,0.0,3.33,0.96,1.21,329.3,21,🟢 Disciplined,62.0,0.0,,15.4,,26.4,4.2,0.422,0.422,0.422,0.0,0.0,0.0,2.951,1.686,1.265,0.1,0.1,0.1,0.1,0.1,0.4,0.3,1,2,0,2,10.0,20.0,0.272,0.0,,18.9,0.38,0.418,0.369,0.0,0.3,0.21,0.0,0.0,33,33,0.272,0.27,4,4,0,0,0.0,0.0,,0.0,,24.32,12.3,False,-2.1,False,,,False,7.24,2.8,1,0,1,1,1,0,0,,,92.0,20.0,73.7,False,10.0,True,20.0,False,21.7,False,10.0,10.0,10.0,0,---,,,,,False,,False,,False,,False,,,,0,,,False,,False,,False,,False,,,,0,0,,,False,,False,,False,,False,,1.0,1.0,,,,,,,,,,2026-09-27,,,,0.0,0.0,60.0,90.0,13.3,10.0,8.3,,,,,,,,,,,,,,,,,,,,,,,0,nan,592450,0,10.0,0.0,70.0,10.0,20.0,2.0,0.21,False,False,,,,,False,,,,,,False,,,,,,,False,,,,,,,False,,,,,,,,,,,False,,,,,,,False,,,0,0,1.0,0
C,1,NYY,Cody Bellinger,L,0,False,,False,Unknown (nan),?,BOS,NYY,BOS,---,08:00 PM,849851,2,0.8,False,False,False,False,0.5913,2,0,0,0,532,20,0,0,4,4,0,0,0.0,,,,,0.3801,0.0,3.33,0.96,1.21,329.3,21,🟢 Disciplined,59.0,0.0,,9.4,,30.3,4.3,0.43,0.215,0.215,0.0,0.0,0.215,1.076,1.076,0.43,0.05,0.05,0.1,0.05,0.05,0.25,0.1,1,8,0,1,5.0,25.0,0.164,15.0,10.0,11.3,0.34,0.338,0.322,0.0,0.158,0.184,0.0,0.0,33,33,0.164,0.165,4,4,0,1,179.0,100.5,rocket LD 100mph,0.0,,23.16,29.5,False,-0.13,False,,,False,2.74,2.3,0,0,1,1,0,0,0,,,91.0,25.0,69.7,False,5.0,True,20.0,False,22.4,True,5.0,10.0,5.0,0,---,,,,,False,,False,,False,,False,,,,0,,,False,,False,,False,,False,,,,0,0,,,False,,False,,False,,False,,1.0,1.0,,,,,,,,,,2026-09-27,,,,0.0,0.0,45.0,85.0,15.4,6.4,8.0,,,,,,,,,,,,,,,,,,,,,,,0,nan,641355,20,25.0,10.0,30.0,10.0,40.0,1.0,0.184,False,False,,,,,False,,,,,,False,,,,,,,False,,,,,,,False,,,,,,,,,,,False,,,,,,,False,,,0,0,1.0,0
D,0,NYY,Ben Rice,L,0,False,,False,Unknown (nan),?,BOS,NYY,BOS,---,08:00 PM,849851,1,0.24,True,False,False,False,0.5909,1,0,0,0,638,30,0,0,5,5,0,0,0.0,,,,,0.2145,0.0,3.33,0.96,1.21,329.3,21,🟢 Disciplined,59.0,0.0,,11.9,,24.5,4.4,1.023,0.292,0.292,0.292,0.0,0.731,1.315,2.192,0.292,0.0667,0.0667,0.2333,0.1333,0.1,0.5,0.0667,2,11,0,2,10.0,50.0,0.279,23.3,5.6,16.0,0.388,0.379,0.395,0.0,0.32,0.429,0.0,0.0,34,34,0.279,0.271,4,4,0,3,384.0,108.1,rocket LD 108mph | double 88mph EV | deep fly ball 384ft 102mph | double 102mph EV,0.0,,15.7,12.7,False,-0.7,False,,,False,4.67,5.3,0,0,3,2,1,0,0,,,89.5,30.0,68.9,False,10.0,True,16.7,False,11.8,False,6.67,23.3,13.3,0,---,,,,,False,,False,,False,,False,,,,0,,,False,,False,,False,,False,,,,0,0,,,False,,False,,False,,False,,1.0,1.0,,,,,,,,,,2026-09-27,,,,0.0,0.0,43.3,76.7,12.9,10.5,7.6,,,,,,,,,,,,,,,,,,,,,,,0,nan,700250,30,16.7,3.3,30.0,10.0,36.7,3.0,0.429,False,False,,,,,False,,,,,,False,,,,,,,False,,,,,,,False,,,,,,,,,,,False,,,,,,,False,,,0,0,1.0,0
D,0,NYY,Giancarlo Stanton,R,0,False,,False,Unknown (nan),?,BOS,NYY,BOS,---,08:00 PM,849851,1,0.24,True,False,False,False,0.2931,1,0,0,0,70,10,0,0,3,2,1,1,33.3,,,,,0.2504,0.0,3.33,0.96,1.21,329.3,21,⬜ Neutral,56.0,0.0,,5.4,,30.3,3.7,0.74,0.0,0.0,0.37,0.0,0.0,1.48,1.11,0.0,0.0,0.0,0.2,0.1,0.0,0.3,0.0,0,11,0,0,0.0,50.0,0.163,10.0,0.0,25.7,0.355,0.373,0.346,0.0,0.1,0.215,0.0,0.0,15,15,0.163,0.167,6,6,0,0,0.0,0.0,,0.0,,29.41,23.9,False,-0.45,False,,,False,-1.43,1.4,0,0,0,0,0,0,0,,,102.3,50.0,78.3,True,0.0,False,10.0,False,17.5,False,0.0,20.0,10.0,0,---,,,,,False,,False,,False,,False,,,,0,,,False,,False,,False,,False,,,,0,0,,,False,,False,,False,,False,,1.0,1.0,,,,,,,,,,2026-09-27,,,,0.0,0.0,50.0,90.0,12.9,6.9,8.7,,,,,,,,,,,,,,,,,,,,,,,0,nan,519317,0,30.0,10.0,40.0,0.0,30.0,0.0,0.215,False,False,,,,,False,,,,,,False,,,,,,,False,,,,,,,False,,,,,,,,,,,False,,,,,,,False,,,0,0,1.0,0
D,0,NYY,Jazz Chisholm Jr.,L,0,False,,False,Unknown (nan),?,BOS,NYY,BOS,---,08:00 PM,849851,1,0.24,True,False,False,False,0.3194,1,0,0,0,507,12,0,0,3,2,1,1,33.3,,,,,0.1694,0.0,3.33,0.96,1.21,329.3,21,🟢 Disciplined,59.0,0.0,,10.5,,29.4,3.9,0.656,0.0,0.0,0.0,0.0,0.656,1.313,0.656,0.0,0.0,0.0,0.1667,0.0,0.0,0.1667,0.0,0,23,0,0,0.0,16.7,0.168,0.0,0.0,21.9,0.315,0.303,0.311,0.0,0.0,0.263,0.0,0.0,15,15,0.168,0.168,4,4,0,0,0.0,0.0,,0.0,,35.41,10.9,False,-3.47,False,,,False,-1.58,1.6,1,0,0,0,0,0,0,,,87.5,25.0,66.5,False,0.0,False,16.7,False,22.3,True,0.0,16.7,0.0,0,---,,,,,False,,False,,False,,False,,,,0,,,False,,False,,False,,False,,,,0,0,,,False,,False,,False,,False,,1.0,1.0,,,,,,,,,,2026-09-27,,,,0.0,0.0,83.3,66.7,13.2,10.6,7.2,,,,,,,,,,,,,,,,,,,,,,,0,nan,665862,12,25.0,8.3,33.3,8.3,41.7,0.0,0.263,False,False,,,,,False,,,,,,False,,,,,,,False,,,,,,,False,,,,,,,,,,,False,,,,,,,False,,,0,0,1.0,0
D,0,NYY,Austin Wells,L,0,False,,False,Unknown (nan),?,BOS,NYY,BOS,---,08:00 PM,849851,1,0.24,True,False,False,False,0.4636,1,0,0,0,369,14,0,0,4,2,1,1,25.0,,,,,0.2214,0.0,3.33,0.96,1.21,329.3,21,🟢 Disciplined,59.0,0.0,,11.5,,28.0,3.2,0.462,0.231,0.231,0.0,0.0,1.154,0.693,1.154,0.231,0.0714,0.0714,0.1429,0.0714,0.1429,0.3571,0.0714,1,2,0,1,7.1,64.3,0.163,28.6,14.3,17.9,0.287,0.304,0.302,0.0,0.333,0.462,0.0,0.0,29,29,0.163,0.147,4,4,0,1,372.0,101.8,deep fly ball 372ft 102mph,0.0,,29.27,22.0,False,-0.77,False,,,False,10.78,3.5,0,0,1,1,1,0,0,,,82.3,14.3,69.0,False,14.3,True,14.3,False,5.8,False,7.14,14.3,7.1,0,---,,,,,False,,False,,False,,False,,,,0,,,False,,False,,False,,False,,,,0,0,,,False,,False,,False,,False,,1.0,1.0,,,,,,,,,,2026-09-27,,,,0.0,0.0,21.4,92.9,9.2,8.7,7.0,,,,,,,,,,,,,,,,,,,,,,,0,nan,669224,14,21.4,0.0,21.4,7.1,28.6,2.0,0.462,False,False,,,,,False,,,,,,False,,,,,,,False,,,,,,,False,,,,,,,,,,,False,,,,,,,False,,,0,0,1.0,0
D,0,NYY,Anthony Volpe,R,0,False,,False,Unknown (nan),?,BOS,NYY,BOS,---,08:00 PM,849851,1,0.24,True,False,False,False,0.2098,1,0,0,0,243,19,0,0,4,3,0,0,0.0,,,,,0.4652,0.0,3.33,0.96,1.21,329.3,21,🟢 Disciplined,59.0,0.0,,10.4,,25.7,3.7,0.78,0.0,0.0,0.195,0.0,0.195,1.365,0.975,0.585,0.0,0.0,0.2105,0.0526,0.0526,0.2632,0.1579,0,45,0,1,0.0,10.5,0.087,26.3,0.0,17.3,0.296,0.294,0.29,0.0,0.056,0.243,0.0,0.0,9,9,0.087,0.091,4,4,0,2,384.0,99.4,deep fly ball 384ft 99mph | double 93mph EV,0.0,,36.22,6.0,False,-3.46,False,,,False,3.24,2.1,0,0,1,0,0,0,0,,,85.5,21.1,65.7,False,5.3,True,15.8,False,6.6,False,0.0,21.1,5.3,0,---,,,,,False,,False,,False,,False,,,,0,,,False,,False,,False,,False,,,,0,0,,,False,,False,,False,,False,,1.0,1.0,,,,,,,,,,2026-09-27,,,,0.0,0.0,47.4,78.9,12.3,7.1,6.8,,,,,,,,,,,,,,,,,,,,,,,0,nan,683011,19,26.3,0.0,36.8,0.0,21.1,1.0,0.243,False,False,,,,,False,,,,,,False,,,,,,,False,,,,,,,False,,,,,,,,,,,False,,,,,,,False,,,0,0,1.0,0
B,2,NYY,Ryan McMahon,L,0,False,,False,Unknown (nan),?,BOS,NYY,BOS,---,08:00 PM,849851,3,1.2,False,False,False,False,0.7197,3,0,0,0,339,10,0,0,3,2,0,0,0.0,,,,,0.2716,0.0,3.33,0.96,1.21,329.3,21,⬜ Neutral,56.0,0.0,,6.2,,28.2,3.2,1.269,0.317,0.317,0.317,0.0,0.0,1.269,2.539,1.904,0.1,0.1,0.4,0.2,0.1,0.8,0.6,1,4,0,3,10.0,70.0,0.159,30.0,20.0,20.9,0.288,0.301,0.302,0.0,0.4,0.514,0.0,0.0,33,33,0.159,0.143,12,12,0,2,317.0,108.7,double 107mph EV | rocket LD 109mph,0.0,,29.41,23.6,False,1.41,False,,,False,7.05,2.9,1,0,1,1,1,0,0,,,89.8,30.0,75.4,False,10.0,True,20.0,False,23.3,True,10.0,40.0,20.0,0,---,,,,,False,,False,,False,,False,,,,0,,,False,,False,,False,,False,,,,0,0,,,False,,False,,False,,False,,1.0,1.0,,,,,,,,,,2026-09-27,,,,0.0,0.0,50.0,90.0,13.7,10.2,7.6,,,,,,,,,,,,,,,,,,,,,,,0,nan,641857,10,10.0,0.0,40.0,20.0,40.0,0.0,0.514,True,False,,,,,False,,,,,,False,,,,,,,False,,,,,,,False,,,,,,,,,,,False,,,,,,,False,,,0,0,1.0,0
D,0,NYY,Amed Rosario,R,0,False,,False,Unknown (nan),?,BOS,NYY,BOS,---,08:00 PM,849851,0,0.0,False,False,False,False,0.282,0,0,0,0,230,10,0,0,3,2,1,1,33.3,,,,,0.2439,0.0,3.33,0.96,1.21,329.3,21,⬜ Neutral,56.0,0.0,,5.2,,40.8,2.9,0.859,0.0,0.0,0.0,0.0,0.0,0.286,0.859,0.286,0.0,0.0,0.3,0.0,0.0,0.3,0.1,0,57,0,0,0.0,40.0,0.167,20.0,0.0,17.4,0.288,0.31,0.287,0.0,0.0,0.265,0.0,0.0,11,11,0.167,0.167,4,4,0,0,0.0,0.0,,0.0,,30.2,7.0,False,-0.42,False,,,False,-2.61,2.6,0,0,0,0,0,0,0,,,84.8,20.0,73.5,False,0.0,False,20.0,False,-5.0,False,0.0,30.0,0.0,0,---,,,,,False,,False,,False,,False,,,,0,,,False,,False,,False,,False,,,,0,0,,,False,,False,,False,,False,,1.0,1.0,,,,,,,,,,2026-09-27,,,,0.0,0.0,40.0,90.0,4.1,14.1,7.2,,,,,,,,,,,,,,,,,,,,,,,0,nan,642708,8,50.0,0.0,10.0,0.0,30.0,0.0,0.265,False,False,,,,,False,,,,,,False,,,,,,,False,,,,,,,False,,,,,,,,,,,False,,,,,,,False,,,0,0,1.0,0
D,0,NYY,Paul Goldschmidt,R,0,False,,False,Unknown (nan),?,BOS,NYY,BOS,---,08:00 PM,849851,0,0.0,False,False,False,False,0.2588,0,0,0,0,375,10,0,0,3,2,0,0,0.0,,,,,0.2746,0.0,3.33,0.96,1.21,329.3,21,⬜ Neutral,56.0,0.0,,7.6,,32.2,3.6,0.724,0.0,0.0,0.362,0.0,0.0,0.362,1.086,0.724,0.0,0.0,0.2,0.1,0.0,0.3,0.2,0,27,0,0,0.0,40.0,0.194,40.0,0.0,15.7,0.334,0.324,0.327,0.0,0.111,0.215,0.0,0.0,13,13,0.194,0.2,5,5,0,2,340.0,98.6,double 92mph EV | deep line drive 340ft 99mph,0.0,,25.12,17.1,False,0.12,False,,,False,-3.47,3.5,0,0,0,0,0,0,0,,,88.2,20.0,71.2,False,0.0,False,20.0,False,10.4,False,0.0,20.0,10.0,0,---,,,,,False,,False,,False,,False,,,,0,,,False,,False,,False,,False,,,,0,0,,,False,,False,,False,,False,,1.0,1.0,,,,,,,,,,2026-09-27,,,,0.0,0.0,40.0,80.0,12.5,8.6,7.7,,,,,,,,,,,,,,,,,,,,,,,0,nan,502671,10,40.0,0.0,10.0,0.0,60.0,0.0,0.215,False,False,,,,,False,,,,,,False,,,,,,,False,,,,,,,False,,,,,,,,,,,False,,,,,,,False,,,0,0,1.0,0
D,0,NYY,José Caballero,R,0,False,,False,Unknown (nan),?,BOS,NYY,BOS,---,08:00 PM,849851,0,0.0,True,False,False,False,0.2107,0,0,0,0,438,18,0,0,5,1,1,1,20.0,,,,,0.4768,0.0,3.33,0.96,1.21,329.3,21,⬜ Neutral,56.0,0.0,,7.4,,37.0,3.5,0.196,0.0,0.0,0.0,0.0,0.392,1.371,0.196,0.0,0.0,0.0,0.0556,0.0,0.0,0.0556,0.0,0,23,0,0,0.0,16.7,0.134,11.1,0.0,15.5,0.291,0.275,0.273,0.0,0.0,0.126,0.0,0.0,9,9,0.134,0.134,4,4,0,1,360.0,97.0,deep line drive 360ft 97mph,0.0,,24.52,9.6,False,-1.8,False,,,False,-1.37,1.4,0,0,0,0,0,0,0,,,71.5,5.6,61.0,False,0.0,False,11.1,False,15.9,False,0.0,5.6,0.0,0,---,,,,,False,,False,,False,,False,,,,0,,,False,,False,,False,,False,,,,0,0,,,False,,False,,False,,False,,1.0,1.0,,,,,,,,,,2026-09-27,,,,0.0,0.0,77.8,83.3,3.3,20.2,6.0,,,,,,,,,,,,,,,,,,,,,,,0,nan,676609,18,27.8,5.6,38.9,0.0,16.7,0.0,0.126,False,False,,,,,False,,,,,,False,,,,,,,False,,,,,,,False,,,,,,,,,,,False,,,,,,,False,,,0,0,1.0,0
C,1,NYY,Jasson Domínguez,L,0,False,,False,Unknown (nan),?,BOS,NYY,BOS,---,08:00 PM,849851,2,0.8,False,False,False,False,0.362,2,0,0,0,224,10,0,0,3,2,1,1,33.3,,,,,0.3174,0.0,3.33,0.96,1.21,329.3,21,⬜ Neutral,56.0,0.0,,6.2,,34.4,4.0,0.405,0.0,0.0,0.0,0.0,0.405,0.809,0.405,0.0,0.0,0.0,0.1,0.0,0.1,0.1,0.0,0,46,0,1,0.0,60.0,0.144,40.0,0.0,12.9,0.28,0.282,0.272,0.0,0.0,0.158,0.0,0.0,17,17,0.144,0.144,15,15,0,0,0.0,0.0,,0.0,,32.35,11.7,False,2.42,True,,,False,7.77,2.2,3,0,1,0,0,0,0,,,91.4,30.0,74.6,False,10.0,True,20.0,False,24.3,True,0.0,10.0,0.0,0,---,,,,,False,,False,,False,,False,,,,0,,,False,,False,,False,,False,,,,0,0,,,False,,False,,False,,False,,1.0,1.0,,,,,,,,,,2026-09-27,,,,0.0,0.0,40.0,90.0,3.3,6.5,7.5,,,,,,,,,,,,,,,,,,,,,,,0,nan,691176,0,20.0,0.0,20.0,10.0,40.0,0.0,0.158,False,False,,,,,False,,,,,,False,,,,,,,False,,,,,,,False,,,,,,,,,,,False,,,,,,,False,,,0,0,1.0,0
C,1,NYY,J.C. Escarra,L,0,False,,False,Unknown (nan),?,BOS,NYY,BOS,---,08:00 PM,849851,2,0.8,False,False,False,False,0.3182,2,0,0,0,86,10,0,0,4,3,1,1,25.0,,,,,0.0361,0.0,3.33,0.96,1.21,329.3,21,⬜ Neutral,60.0,0.0,,5.7,,24.7,3.2,0.321,0.0,0.0,0.0,0.0,0.0,0.0,0.321,0.0,0.0,0.0,0.1,0.0,0.0,0.1,0.0,0,999,0,0,0.0,30.0,0.082,30.0,0.0,17.4,0.236,0.275,0.227,0.0,0.0,0.088,0.0,0.0,16,16,0.082,0.082,6,6,0,0,0.0,0.0,,0.0,,46.88,24.2,False,0.15,False,,,False,0.0,0.0,0,0,0,0,0,0,0,,,87.9,40.0,67.9,False,0.0,False,60.0,True,13.4,False,0.0,10.0,0.0,0,---,,,,,False,,False,,False,,False,,,,0,,,False,,False,,False,,False,,,,0,0,,,False,,False,,False,,False,,1.0,1.0,,,,,,,,,,2026-09-27,,,,0.0,0.0,30.0,90.0,8.5,4.7,7.1,,,,,,,,,,,,,,,,,,,,,,,0,nan,641555,0,40.0,0.0,0.0,30.0,70.0,2.0,0.088,True,False,,,,,False,,,,,,False,,,,,,,False,,,,,,,False,,,,,,,,,,,False,,,,,,,False,,,0,0,1.0,0
C,1,NYY,Max Schuemann,R,0,False,,False,Unknown (nan),?,BOS,NYY,BOS,---,08:00 PM,849851,1,0.4,False,False,False,False,0.3368,1,0,0,0,89,10,0,0,5,3,1,0,0.0,,,,,0.0882,0.0,3.33,0.96,1.21,329.3,21,🟢 Disciplined,62.0,0.0,,14.3,,21.9,2.6,0.26,0.0,0.0,0.26,0.0,0.0,0.521,0.521,0.521,0.0,0.0,0.1,0.1,0.0,0.2,0.2,0,34,0,0,0.0,20.0,0.163,20.0,0.0,13.5,0.318,0.313,0.306,0.0,0.1,0.127,0.0,0.0,15,15,0.163,0.167,4,4,0,0,0.0,0.0,,0.0,,37.86,11.2,False,-0.03,False,,,False,-2.25,2.2,1,0,0,0,0,0,0,,,88.5,30.0,70.1,False,0.0,False,20.0,False,23.0,True,0.0,10.0,10.0,0,---,,,,,False,,False,,False,,False,,,,0,,,False,,False,,False,,False,,,,0,0,,,False,,False,,False,,False,,1.0,1.0,,,,,,,,,,2026-09-27,,,,0.0,0.0,60.0,80.0,14.5,4.9,7.3,,,,,,,,,,,,,,,,,,,,,,,0,nan,680474,0,30.0,10.0,20.0,10.0,60.0,0.0,0.127,False,False,,,,,False,,,,,,False,,,,,,,False,,,,,,,False,,,,,,,,,,,False,,,,,,,False,,,0,0,1.0,0
B,2,NYY,Spencer Jones,L,0,False,,False,Unknown (nan),?,BOS,NYY,BOS,---,08:00 PM,849851,3,1.2,False,False,False,False,0.6008,3,0,0,0,289,24,0,0,4,4,1,1,25.0,,,,,0.3156,0.0,3.33,0.96,1.21,329.3,21,🟢 Disciplined,59.0,0.0,,8.8,,35.3,3.6,0.747,0.15,0.15,0.15,0.0,0.15,1.345,1.345,0.299,0.0417,0.0417,0.2083,0.0833,0.125,0.375,0.0833,1,19,0,3,8.3,20.8,0.183,29.2,7.7,28.0,0.327,0.324,0.321,0.0,0.174,0.28,0.0,0.0,33,33,0.183,0.184,6,6,0,6,379.0,114.8,deep fly ball 343ft 92mph | deep fly ball 350ft 96mph | double 101mph EV | rocket LD 101mph | deep fly ball 342ft 97mph ,0.0,,18.84,32.4,False,0.24,False,,,False,4.54,8.0,1,0,2,0,1,1,1,,,92.9,29.2,76.5,False,12.5,True,33.3,True,32.6,False,4.17,20.8,8.3,0,---,,,,,False,,False,,False,,False,,,,0,,,False,,False,,False,,False,,,,0,0,,,False,,False,,False,,False,,1.0,1.0,,,,,,,,,,2026-09-27,,,,0.0,0.0,45.8,87.5,13.6,10.8,7.6,,,,,,,,,,,,,,,,,,,,,,,0,nan,682987,24,4.2,8.3,37.5,25.0,33.3,2.0,0.28,True,False,,,,,False,,,,,,False,,,,,,,False,,,,,,,False,,,,,,,,,,,False,,,,,,,False,,,0,0,1.0,0
D,0,NYY,Ali Sánchez,R,0,False,,False,Unknown (nan),?,BOS,NYY,BOS,---,08:00 PM,849851,0,0.0,True,False,False,False,0.2646,0,0,0,0,92,11,0,0,3,2,0,0,0.0,,,,,0.0613,0.0,3.33,0.96,1.21,329.3,21,⬜ Neutral,52.0,0.0,,1.0,,34.6,2.3,0.414,0.0,0.0,0.0,0.0,0.207,0.207,0.414,0.0,0.0,0.0,0.1818,0.0,0.0,0.1818,0.0,0,39,0,0,0.0,9.1,0.058,27.3,0.0,19.6,0.255,0.253,0.253,0.0,0.0,0.227,0.0,0.0,6,6,0.058,0.058,4,4,0,0,0.0,0.0,,0.0,,29.18,16.2,False,-0.04,False,,,False,-2.17,2.2,1,0,0,0,0,0,0,,,87.1,27.3,70.2,False,0.0,False,0.0,False,19.1,False,0.0,18.2,0.0,0,---,,,,,False,,False,,False,,False,,,,0,,,False,,False,,False,,False,,,,0,0,,,False,,False,,False,,False,,1.0,1.0,,,,,,,,,,2026-09-27,,,,0.0,0.0,36.4,72.7,12.4,6.9,7.2,,,,,,,,,,,,,,,,,,,,,,,0,nan,645305,11,27.3,27.3,9.1,0.0,45.5,0.0,0.227,False,False,,,,,False,,,,,,False,,,,,,,False,,,,,,,False,,,,,,,,,,,False,,,,,,,False,,,0,0,1.0,0
D,0,NYY,Luis García Jr.,L,0,False,,False,Unknown (nan),?,BOS,NYY,BOS,---,08:00 PM,849851,1,0.4,False,False,False,False,0.3074,1,0,0,0,519,20,0,0,4,2,0,0,0.0,,,,,0.2405,0.0,3.33,0.96,1.21,329.3,21,⬜ Neutral,56.0,0.0,,4.2,,38.4,3.7,0.561,0.0,0.0,0.0,0.0,0.374,0.748,0.561,0.187,0.0,0.0,0.15,0.0,0.0,0.15,0.05,0,42,0,0,0.0,50.0,0.244,25.0,0.0,12.5,0.354,0.338,0.336,0.0,0.0,0.202,0.0,0.0,19,19,0.244,0.244,5,5,0,2,330.0,105.3,deep fly ball 330ft 90mph | rocket LD 105mph,0.0,,32.97,6.5,False,0.03,False,,,False,-5.78,5.8,1,0,0,0,0,0,0,,,85.4,15.0,74.2,False,0.0,False,25.0,True,10.6,False,0.0,15.0,0.0,0,---,,,,,False,,False,,False,,False,,,,0,,,False,,False,,False,,False,,,,0,0,,,False,,False,,False,,False,,1.0,1.0,,,,,,,,,,2026-09-27,,,,0.0,0.0,60.0,80.0,9.1,6.0,7.6,,,,,,,,,,,,,,,,,,,,,,,0,nan,671277,20,30.0,5.0,20.0,5.0,30.0,0.0,0.202,False,False,,,,,False,,,,,,False,,,,,,,False,,,,,,,False,,,,,,,,,,,False,,,,,,,False,,,0,0,1.0,0
D,0,NYY,Heliot Ramos,R,0,False,,False,Unknown (nan),?,BOS,NYY,BOS,---,08:00 PM,849851,1,0.24,True,False,False,False,0.4803,1,0,0,0,417,29,0,0,5,5,1,1,20.0,,,,,0.3162,0.0,3.33,0.96,1.21,329.3,21,⬜ Neutral,56.0,0.0,,7.0,,33.1,4.1,1.118,0.14,0.14,0.14,0.14,0.14,1.258,1.957,0.419,0.0345,0.0345,0.2759,0.1034,0.1034,0.4828,0.1034,1,23,0,3,6.9,24.1,0.175,34.5,5.9,19.9,0.321,0.334,0.325,0.0,0.222,0.348,0.0,0.0,31,31,0.175,0.166,11,11,0,3,403.0,110.5,double 110mph EV | rocket LD 107mph | deep fly ball 403ft 107mph | triple 107mph EV,0.0,,27.99,18.1,False,1.15,False,,,False,6.22,4.1,0,0,1,0,0,0,0,,,92.8,27.6,74.3,False,10.3,True,17.2,False,10.5,False,3.45,27.6,10.3,0,---,,,,,False,,False,,False,,False,,,,0,,,False,,False,,False,,False,,,,0,0,,,False,,False,,False,,False,,1.0,1.0,,,,,,,,,,2026-09-27,,,,0.0,0.0,51.7,72.4,7.5,8.9,7.0,,,,,,,,,,,,,,,,,,,,,,,0,nan,671218,29,20.7,0.0,31.0,3.4,34.5,1.0,0.348,False,False,,,,,False,,,,,,False,,,,,,,False,,,,,,,False,,,,,,,,,,,False,,,,,,,False,,,0,0,1.0,0
D,0,NYY,George Lombard Jr.,R,0,False,,False,Unknown (nan),?,BOS,NYY,BOS,---,08:00 PM,849851,2,0.48,True,False,False,False,0.4721,2,0,0,0,166,24,0,0,5,4,1,1,20.0,,,,,0.348,0.0,3.33,0.96,1.21,329.3,21,⬜ Neutral,56.0,0.0,,6.0,,27.2,4.1,1.188,0.509,0.509,0.17,0.0,0.0,1.358,2.885,1.188,0.125,0.125,0.2917,0.1667,0.125,0.7083,0.2917,3,4,0,3,8.3,20.8,0.211,16.7,21.4,21.1,0.303,0.29,0.32,0.0,0.417,0.426,0.0,0.0,28,28,0.211,0.178,9,9,0,1,345.0,110.1,deep line drive 345ft 110mph | double 110mph EV,0.0,,34.91,16.2,False,0.91,False,,,False,7.08,5.4,0,0,2,2,1,0,0,,,86.5,25.0,69.5,False,12.5,True,25.0,True,15.2,False,12.5,29.2,16.7,0,---,,,,,False,,False,,False,,False,,,,0,,,False,,False,,False,,False,,,,0,0,,,False,,False,,False,,False,,1.0,1.0,,,,,,,,,,2026-09-27,,,,0.0,0.0,50.0,100.0,11.6,8.2,7.2,,,,,,,,,,,,,,,,,,,,,,,0,nan,806146,24,33.3,4.2,33.3,8.3,37.5,3.0,0.426,False,False,,,,,False,,,,,,False,,,,,,,False,,,,,,,False,,,,,,,,,,,False,,,,,,,False,,,0,0,1.0,0
D,0,NYY,Paul DeJong,R,0,False,,False,Unknown (nan),?,BOS,NYY,BOS,---,08:00 PM,849851,0,0.0,False,False,False,False,0.0,0,0,0,0,0,0,0,0,0,0,0,0,0.0,,,,,0.0,0.0,3.33,0.96,1.21,329.3,21,⬜ Neutral,56.0,0.0,,4.7,,,3.1,,,0.0,,,,,,,0.0,,,,,,,0,999,0,0,,,0.0,,,,,,0.0,0.0,0.0,0.0,0.0,0.0,0,0,0.0,0.0,4,4,0,0,0.0,0.0,,0.0,,24.68,17.4,False,,False,,,False,,,1,0,0,0,0,0,0,,,,,,False,,False,,False,,False,,,,0,---,,,,,False,,False,,False,,False,,,,0,,,False,,False,,False,,False,,,,0,0,,,False,,False,,False,,False,,1.0,1.0,,,,,,,,,,2026-09-27,,,,0.0,0.0,,,,,,,,,,,,,,,,,,,,,,,,,,,,0,nan,657557,0,,,,,,,,False,False,,,,,False,,,,,,False,,,,,,,False,,,,,,,False,,,,,,,,,,,False,,,,,,,False,,,0,0,1.0,0
D,0,NYY,Ernesto Martinez Jr.,L,0,False,,False,Unknown (nan),?,BOS,NYY,BOS,---,08:00 PM,849851,0,0.0,False,False,False,False,0.0,0,0,0,0,0,0,0,0,0,0,0,0,0.0,,,,,0.0,0.0,3.33,0.96,1.21,329.3,21,⬜ Neutral,56.0,0.0,,0.0,,,3.8,,,0.0,,,,,,,0.0,,,,,,,0,999,0,0,,,0.0,,,,,,0.0,0.0,0.0,0.0,0.0,0.0,0,0,0.0,0.0,4,4,0,0,0.0,0.0,,0.0,,,,False,,False,,,False,,,1,0,0,0,0,0,0,,,,,,False,,False,,False,,False,,,,0,---,,,,,False,,False,,False,,False,,,,0,,,False,,False,,False,,False,,,,0,0,,,False,,False,,False,,False,,1.0,1.0,,,,,,,,,,2026-09-27,,,,0.0,0.0,,,,,,,,,,,,,,,,,,,,,,,,,,,,0,nan,667803,0,,,,,,,,False,False,,,,,False,,,,,,False,,,,,,,False,,,,,,,False,,,,,,,,,,,False,,,,,,,False,,,0,0,1.0,0
D,0,NYY,Kenedy Corona,R,0,False,,False,Unknown (nan),?,BOS,NYY,BOS,---,08:00 PM,849851,0,0.0,False,False,False,False,0.0,0,0,0,0,0,0,0,0,0,0,0,0,0.0,,,,,0.0,0.0,3.33,0.96,1.21,329.3,21,🟢 Disciplined,62.0,0.0,,25.0,,,2.4,,,0.0,,,,,,,0.0,,,,,,,0,999,0,0,,,0.0,,,,,,0.0,0.0,0.0,0.0,0.0,0.0,0,0,0.0,0.0,4,4,0,0,0.0,0.0,,0.0,,,,False,,False,,,False,,,1,0,0,0,0,0,0,,,,,,False,,False,,False,,False,,,,0,---,,,,,False,,False,,False,,False,,,,0,,,False,,False,,False,,False,,,,0,0,,,False,,False,,False,,False,,1.0,1.0,,,,,,,,,,2026-09-27,,,,0.0,0.0,,,,,,,,,,,,,,,,,,,,,,,,,,,,0,nan,685744,0,,,,,,,,False,False,,,,,False,,,,,,False,,,,,,,False,,,,,,,False,,,,,,,,,,,False,,,,,,,False,,,0,0,1.0,0
D,0,NYY,Nicholas Torres,R,0,False,,False,Unknown (nan),?,BOS,NYY,BOS,---,08:00 PM,849851,0,0.0,False,False,False,False,0.0,0,0,0,0,0,0,0,0,0,0,0,0,0.0,,,,,0.0,0.0,3.33,0.96,1.21,329.3,21,🔴 Chase Risk,52.0,0.0,,0.0,,,3.8,,,0.0,,,,,,,0.0,,,,,,,0,999,0,0,,,0.0,,,,,,0.0,0.0,0.0,0.0,0.0,0.0,0,0,0.0,0.0,4,4,0,0,0.0,0.0,,0.0,,,,False,,False,,,False,,,1,0,0,0,0,0,0,,,,,,False,,False,,False,,False,,,,0,---,,,,,False,,False,,False,,False,,,,0,,,False,,False,,False,,False,,,,0,0,,,False,,False,,False,,False,,1.0,1.0,,,,,,,,,,2026-09-27,,,,0.0,0.0,,,,,,,,,,,,,,,,,,,,,,,,,,,,0,nan,657051,0,,,,,,,,False,False,,,,,False,,,,,,False,,,,,,,False,,,,,,,False,,,,,,,,,,,False,,,,,,,False,,,0,0,1.0,0
D,0,NYY,Yanquiel Fernández,L,0,False,,False,Unknown (nan),?,BOS,NYY,BOS,---,08:00 PM,849851,0,0.0,False,False,False,False,0.0,0,0,0,0,0,0,0,0,0,0,0,0,0.0,,,,,0.0,0.0,3.33,0.96,1.21,329.3,21,🟡 Watch,44.0,0.0,,0.0,,,3.8,,,0.0,,,,,,,0.0,,,,,,,0,999,0,0,,,0.0,,,,,,0.0,0.0,0.0,0.0,0.0,0.0,0,0,0.0,0.0,4,4,0,0,0.0,0.0,,0.0,,,,False,,False,,,False,,,1,0,0,0,0,0,0,,,,,,False,,False,,False,,False,,,,0,---,,,,,False,,False,,False,,False,,,,0,,,False,,False,,False,,False,,,,0,0,,,False,,False,,False,,False,,1.0,1.0,,,,,,,,,,2026-09-27,,,,0.0,0.0,,,,,,,,,,,,,,,,,,,,,,,,,,,,0,nan,692585,0,,,,,,,,False,False,,,,,False,,,,,,False,,,,,,,False,,,,,,,False,,,,,,,,,,,False,,,,,,,False,,,0,0,1.0,0
D,0,NYY,Duke Ellis,L,0,False,,False,Unknown (nan),?,BOS,NYY,BOS,---,08:00 PM,849851,0,0.0,False,False,False,False,0.0,0,0,0,0,0,0,0,0,0,0,0,0,0.0,,,,,0.0,0.0,3.33,0.96,1.21,329.3,21,🟢 Disciplined,62.0,0.0,,20.0,,,3.8,,,0.0,,,,,,,0.0,,,,,,,0,999,0,0,,,0.0,,,,,,0.0,0.0,0.0,0.0,0.0,0.0,0,0,0.0,0.0,4,4,0,0,0.0,0.0,,0.0,,,,False,,False,,,False,,,1,0,0,0,0,0,0,,,,,,False,,False,,False,,False,,,,0,---,,,,,False,,False,,False,,False,,,,0,,,False,,False,,False,,False,,,,0,0,,,False,,False,,False,,False,,1.0,1.0,,,,,,,,,,2026-09-27,,,,0.0,0.0,,,,,,,,,,,,,,,,,,,,,,,,,,,,0,nan,668752,0,,,,,,,,False,False,,,,,False,,,,,,False,,,,,,,False,,,,,,,False,,,,,,,,,,,False,,,,,,,False,,,0,0,1.0,0
D,0,NYY,Tyler Hardman,R,0,False,,False,Unknown (nan),?,BOS,NYY,BOS,---,08:00 PM,849851,0,0.0,False,False,False,False,0.0,0,0,0,0,0,0,0,0,0,0,0,0,0.0,,,,,0.0,0.0,3.33,0.96,1.21,329.3,21,🔴 Chase Risk,44.0,0.0,,0.0,,,3.8,,,0.0,,,,,,,0.0,,,,,,,0,999,0,0,,,0.0,,,,,,0.0,0.0,0.0,0.0,0.0,0.0,0,0,0.0,0.0,4,4,0,0,0.0,0.0,,0.0,,,,False,,False,,,False,,,1,0,0,0,0,0,0,,,,,,False,,False,,False,,False,,,,0,---,,,,,False,,False,,False,,False,,,,0,,,False,,False,,False,,False,,,,0,0,,,False,,False,,False,,False,,1.0,1.0,,,,,,,,,,2026-09-27,,,,0.0,0.0,,,,,,,,,,,,,,,,,,,,,,,,,,,,0,nan,676205,0,,,,,,,,False,False,,,,,False,,,,,,False,,,,,,,False,,,,,,,False,,,,,,,,,,,False,,,,,,,False,,,0,0,1.0,0
D,0,NYY,Payton Henry,R,0,False,,False,Unknown (nan),?,BOS,NYY,BOS,---,08:00 PM,849851,0,0.0,False,False,False,False,0.0,0,0,0,0,0,0,0,0,0,0,0,0,0.0,,,,,0.0,0.0,3.33,0.96,1.21,329.3,21,⬜ Neutral,56.0,0.0,,0.0,,,1.5,,,0.0,,,,,,,0.0,,,,,,,0,999,0,0,,,0.0,,,,,,0.0,0.0,0.0,0.0,0.0,0.0,0,0,0.0,0.0,4,4,0,0,0.0,0.0,,0.0,,,,False,,False,,,False,,,1,0,0,0,0,0,0,,,,,,False,,False,,False,,False,,,,0,---,,,,,False,,False,,False,,False,,,,0,,,False,,False,,False,,False,,,,0,0,,,False,,False,,False,,False,,1.0,1.0,,,,,,,,,,2026-09-27,,,,0.0,0.0,,,,,,,,,,,,,,,,,,,,,,,,,,,,0,nan,668721,0,,,,,,,,False,False,,,,,False,,,,,,False,,,,,,,False,,,,,,,False,,,,,,,,,,,False,,,,,,,False,,,0,0,1.0,0
D,0,NYY,Seth Brown,L,0,False,,False,Unknown (nan),?,BOS,NYY,BOS,---,08:00 PM,849851,0,0.0,False,False,False,False,0.0,0,0,0,0,0,0,0,0,0,0,0,0,0.0,,,,,0.0,0.0,3.33,0.96,1.21,329.3,21,🟢 Disciplined,66.0,0.0,,16.7,,,2.0,,,0.0,,,,,,,0.0,,,,,,,0,999,0,0,,,0.0,,,,,,0.0,0.0,0.0,0.0,0.0,0.0,0,0,0.0,0.0,4,4,0,0,0.0,0.0,,0.0,,23.6,15.7,False,,False,,,False,,,1,0,0,0,0,0,0,,,,,,False,,False,,False,,False,,,,0,---,,,,,False,,False,,False,,False,,,,0,,,False,,False,,False,,False,,,,0,0,,,False,,False,,False,,False,,1.0,1.0,,,,,,,,,,2026-09-27,,,,0.0,0.0,,,,,,,,,,,,,,,,,,,,,,,,,,,,0,nan,664913,0,,,,,,,,False,False,,,,,False,,,,,,False,,,,,,,False,,,,,,,False,,,,,,,,,,,False,,,,,,,False,,,0,0,1.0,0
D,0,NYY,Cole Gabrielson,R,0,False,,False,Unknown (nan),?,BOS,NYY,BOS,---,08:00 PM,849851,0,0.0,False,False,False,False,0.0,0,0,0,0,0,0,0,0,0,0,0,0,0.0,,,,,0.0,0.0,3.33,0.96,1.21,329.3,21,🟡 Watch,58.0,0.0,,33.3,,,3.8,,,0.0,,,,,,,0.0,,,,,,,0,999,0,0,,,0.0,,,,,,0.0,0.0,0.0,0.0,0.0,0.0,0,0,0.0,0.0,4,4,0,0,0.0,0.0,,0.0,,,,False,,False,,,False,,,1,0,0,0,0,0,0,,,,,,False,,False,,False,,False,,,,0,---,,,,,False,,False,,False,,False,,,,0,,,False,,False,,False,,False,,,,0,0,,,False,,False,,False,,False,,1.0,1.0,,,,,,,,,,2026-09-27,,,,0.0,0.0,,,,,,,,,,,,,,,,,,,,,,,,,,,,0,nan,702068,0,,,,,,,,False,False,,,,,False,,,,,,False,,,,,,,False,,,,,,,False,,,,,,,,,,,False,,,,,,,False,,,0,0,1.0,0
D,0,NYY,Coby Morales,L,0,False,,False,Unknown (nan),?,BOS,NYY,BOS,---,08:00 PM,849851,0,0.0,False,False,False,False,0.0,0,0,0,0,0,0,0,0,0,0,0,0,0.0,,,,,0.0,0.0,3.33,0.96,1.21,329.3,21,⬜ Neutral,52.0,0.0,,0.0,,,3.8,,,0.0,,,,,,,0.0,,,,,,,0,999,0,0,,,0.0,,,,,,0.0,0.0,0.0,0.0,0.0,0.0,0,0,0.0,0.0,4,4,0,0,0.0,0.0,,0.0,,,,False,,False,,,False,,,1,0,0,0,0,0,0,,,,,,False,,False,,False,,False,,,,0,---,,,,,False,,False,,False,,False,,,,0,,,False,,False,,False,,False,,,,0,0,,,False,,False,,False,,False,,1.0,1.0,,,,,,,,,,2026-09-27,,,,0.0,0.0,,,,,,,,,,,,,,,,,,,,,,,,,,,,0,nan,815089,0,,,,,,,,False,False,,,,,False,,,,,,False,,,,,,,False,,,,,,,False,,,,,,,,,,,False,,,,,,,False,,,0,0,1.0,0
D,0,NYY,Bryce Martin-Grudzielanek,R,0,False,,False,Unknown (nan),?,BOS,NYY,BOS,---,08:00 PM,849851,0,0.0,False,False,False,False,0.0,0,0,0,0,0,0,0,0,0,0,0,0,0.0,,,,,0.0,0.0,3.33,0.96,1.21,329.3,21,🔴 Chase Risk,52.0,0.0,,0.0,,,3.8,,,0.0,,,,,,,0.0,,,,,,,0,999,0,0,,,0.0,,,,,,0.0,0.0,0.0,0.0,0.0,0.0,0,0,0.0,0.0,4,4,0,0,0.0,0.0,,0.0,,,,False,,False,,,False,,,1,0,0,0,0,0,0,,,,,,False,,False,,False,,False,,,,0,---,,,,,False,,False,,False,,False,,,,0,,,False,,False,,False,,False,,,,0,0,,,False,,False,,False,,False,,1.0,1.0,,,,,,,,,,2026-09-27,,,,0.0,0.0,,,,,,,,,,,,,,,,,,,,,,,,,,,,0,nan,701727,0,,,,,,,,False,False,,,,,False,,,,,,False,,,,,,,False,,,,,,,False,,,,,,,,,,,False,,,,,,,False,,,0,0,1.0,0
D,0,NYY,Enmanuel Tejeda,R,0,False,,False,Unknown (nan),?,BOS,NYY,BOS,---,08:00 PM,849851,0,0.0,False,False,False,False,0.0,0,0,0,0,0,0,0,0,0,0,0,0,0.0,,,,,0.0,0.0,3.33,0.96,1.21,329.3,21,🔴 Chase Risk,44.0,0.0,,0.0,,,3.8,,,0.0,,,,,,,0.0,,,,,,,0,999,0,0,,,0.0,,,,,,0.0,0.0,0.0,0.0,0.0,0.0,0,0,0.0,0.0,4,4,0,0,0.0,0.0,,0.0,,,,False,,False,,,False,,,1,0,0,0,0,0,0,,,,,,False,,False,,False,,False,,,,0,---,,,,,False,,False,,False,,False,,,,0,,,False,,False,,False,,False,,,,0,0,,,False,,False,,False,,False,,1.0,1.0,,,,,,,,,,2026-09-27,,,,0.0,0.0,,,,,,,,,,,,,,,,,,,,,,,,,,,,0,nan,800285,0,,,,,,,,False,False,,,,,False,,,,,,False,,,,,,,False,,,,,,,False,,,,,,,,,,,False,,,,,,,False,,,0,0,1.0,0
D,0,NYY,Edinson Duran,R,0,False,,False,Unknown (nan),?,BOS,NYY,BOS,---,08:00 PM,849851,0,0.0,False,False,False,False,0.0,0,0,0,0,0,0,0,0,0,0,0,0,0.0,,,,,0.0,0.0,3.33,0.96,1.21,329.3,21,🔴 Chase Risk,44.0,0.0,,0.0,,,3.8,,,0.0,,,,,,,0.0,,,,,,,0,999,0,0,,,0.0,,,,,,0.0,0.0,0.0,0.0,0.0,0.0,0,0,0.0,0.0,4,4,0,0,0.0,0.0,,0.0,,,,False,,False,,,False,,,1,0,0,0,0,0,0,,,,,,False,,False,,False,,False,,,,0,---,,,,,False,,False,,False,,False,,,,0,,,False,,False,,False,,False,,,,0,0,,,False,,False,,False,,False,,1.0,1.0,,,,,,,,,,2026-09-27,,,,0.0,0.0,,,,,,,,,,,,,,,,,,,,,,,,,,,,0,nan,702750,0,,,,,,,,False,False,,,,,False,,,,,,False,,,,,,,False,,,,,,,False,,,,,,,,,,,False,,,,,,,False,,,0,0,1.0,0
D,0,NYY,Core Jackson,L,0,False,,False,Unknown (nan),?,BOS,NYY,BOS,---,08:00 PM,849851,0,0.0,False,False,False,False,0.0,0,0,0,0,0,0,0,0,0,0,0,0,0.0,,,,,0.0,0.0,3.33,0.96,1.21,329.3,21,🟡 Watch,44.0,0.0,,0.0,,,3.8,,,0.0,,,,,,,0.0,,,,,,,0,999,0,0,,,0.0,,,,,,0.0,0.0,0.0,0.0,0.0,0.0,0,0,0.0,0.0,4,4,0,0,0.0,0.0,,0.0,,,,False,,False,,,False,,,1,0,0,0,0,0,0,,,,,,False,,False,,False,,False,,,,0,---,,,,,False,,False,,False,,False,,,,0,,,False,,False,,False,,False,,,,0,0,,,False,,False,,False,,False,,1.0,1.0,,,,,,,,,,2026-09-27,,,,0.0,0.0,,,,,,,,,,,,,,,,,,,,,,,,,,,,0,nan,692110,0,,,,,,,,False,False,,,,,False,,,,,,False,,,,,,,False,,,,,,,False,,,,,,,,,,,False,,,,,,,False,,,0,0,1.0,0
D,0,NYY,Jace Avina,R,0,False,,False,Unknown (nan),?,BOS,NYY,BOS,---,08:00 PM,849851,0,0.0,False,False,False,False,0.0,0,0,0,0,0,0,0,0,0,0,0,0,0.0,,,,,0.0,0.0,3.33,0.96,1.21,329.3,21,⬜ Neutral,52.0,0.0,,0.0,,,3.8,,,0.0,,,,,,,0.0,,,,,,,0,999,0,0,,,0.0,,,,,,0.0,0.0,0.0,0.0,0.0,0.0,0,0,0.0,0.0,4,4,0,0,0.0,0.0,,0.0,,,,False,,False,,,False,,,1,0,0,0,0,0,0,,,,,,False,,False,,False,,False,,,,0,---,,,,,False,,False,,False,,False,,,,0,,,False,,False,,False,,False,,,,0,0,,,False,,False,,False,,False,,1.0,1.0,,,,,,,,,,2026-09-27,,,,0.0,0.0,,,,,,,,,,,,,,,,,,,,,,,,,,,,0,nan,701778,0,,,,,,,,False,False,,,,,False,,,,,,False,,,,,,,False,,,,,,,False,,,,,,,,,,,False,,,,,,,False,,,0,0,1.0,0
D,0,NYY,Kaeden Kent,L,0,False,,False,Unknown (nan),?,BOS,NYY,BOS,---,08:00 PM,849851,0,0.0,False,False,False,False,0.0,0,0,0,0,0,0,0,0,0,0,0,0,0.0,,,,,0.0,0.0,3.33,0.96,1.21,329.3,21,🟡 Watch,44.0,0.0,,0.0,,,3.8,,,0.0,,,,,,,0.0,,,,,,,0,999,0,0,,,0.0,,,,,,0.0,0.0,0.0,0.0,0.0,0.0,0,0,0.0,0.0,4,4,0,0,0.0,0.0,,0.0,,,,False,,False,,,False,,,1,0,0,0,0,0,0,,,,,,False,,False,,False,,False,,,,0,---,,,,,False,,False,,False,,False,,,,0,,,False,,False,,False,,False,,,,0,0,,,False,,False,,False,,False,,1.0,1.0,,,,,,,,,,2026-09-27,,,,0.0,0.0,,,,,,,,,,,,,,,,,,,,,,,,,,,,0,nan,809763,0,,,,,,,,False,False,,,,,False,,,,,,False,,,,,,,False,,,,,,,False,,,,,,,,,,,False,,,,,,,False,,,0,0,1.0,0
D,0,NYY,Garrett Martin,R,0,False,,False,Unknown (nan),?,BOS,NYY,BOS,---,08:00 PM,849851,0,0.0,False,False,False,False,0.0,0,0,0,0,0,0,0,0,0,0,0,0,0.0,,,,,0.0,0.0,3.33,0.96,1.21,329.3,21,⬜ Neutral,52.0,0.0,,0.0,,,3.8,,,0.0,,,,,,,0.0,,,,,,,0,999,0,0,,,0.0,,,,,,0.0,0.0,0.0,0.0,0.0,0.0,0,0,0.0,0.0,4,4,0,0,0.0,0.0,,0.0,,,,False,,False,,,False,,,1,0,0,0,0,0,0,,,,,,False,,False,,False,,False,,,,0,---,,,,,False,,False,,False,,False,,,,0,,,False,,False,,False,,False,,,,0,0,,,False,,False,,False,,False,,1.0,1.0,,,,,,,,,,2026-09-27,,,,0.0,0.0,,,,,,,,,,,,,,,,,,,,,,,,,,,,0,nan,682003,0,,,,,,,,False,False,,,,,False,,,,,,False,,,,,,,False,,,,,,,False,,,,,,,,,,,False,,,,,,,False,,,0,0,1.0,0
D,0,NYY,Roderick Arias,L,0,False,,False,Unknown (nan),?,BOS,NYY,BOS,---,08:00 PM,849851,0,0.0,False,False,False,False,0.0,0,0,0,0,0,0,0,0,0,0,0,0,0.0,,,,,0.0,0.0,3.33,0.96,1.21,329.3,21,🟢 Disciplined,66.0,0.0,,100.0,,,3.8,,,0.0,,,,,,,0.0,,,,,,,0,999,0,0,,,0.0,,,,,,0.0,0.0,0.0,0.0,0.0,0.0,0,0,0.0,0.0,4,4,0,0,0.0,0.0,,0.0,,,,False,,False,,,False,,,1,0,0,0,0,0,0,,,,,,False,,False,,False,,False,,,,0,---,,,,,False,,False,,False,,False,,,,0,,,False,,False,,False,,False,,,,0,0,,,False,,False,,False,,False,,1.0,1.0,,,,,,,,,,2026-09-27,,,,0.0,0.0,,,,,,,,,,,,,,,,,,,,,,,,,,,,0,nan,703149,0,,,,,,,,False,False,,,,,False,,,,,,False,,,,,,,False,,,,,,,False,,,,,,,,,,,False,,,,,,,False,,,0,0,1.0,0
D,0,NYY,Duncan Pastore,R,0,False,,False,Unknown (nan),?,BOS,NYY,BOS,---,08:00 PM,849851,0,0.0,False,False,False,False,0.0,0,0,0,0,0,0,0,0,0,0,0,0,0.0,,,,,0.0,0.0,3.33,0.96,1.21,329.3,21,⬜ Neutral,56.0,0.0,,0.0,,,3.8,,,0.0,,,,,,,0.0,,,,,,,0,999,0,0,,,0.0,,,,,,0.0,0.0,0.0,0.0,0.0,0.0,0,0,0.0,0.0,4,4,0,0,0.0,0.0,,0.0,,,,False,,False,,,False,,,1,0,0,0,0,0,0,,,,,,False,,False,,False,,False,,,,0,---,,,,,False,,False,,False,,False,,,,0,,,False,,False,,False,,False,,,,0,0,,,False,,False,,False,,False,,1.0,1.0,,,,,,,,,,2026-09-27,,,,0.0,0.0,,,,,,,,,,,,,,,,,,,,,,,,,,,,0,nan,804603,0,,,,,,,,False,False,,,,,False,,,,,,False,,,,,,,False,,,,,,,False,,,,,,,,,,,False,,,,,,,False,,,0,0,1.0,0
D,0,NYY,Kyle West,L,0,False,,False,Unknown (nan),?,BOS,NYY,BOS,---,08:00 PM,849851,0,0.0,False,False,False,False,0.0,0,0,0,0,0,0,0,0,0,0,0,0,0.0,,,,,0.0,0.0,3.33,0.96,1.21,329.3,21,⬜ Neutral,48.0,0.0,,0.0,,,3.8,,,0.0,,,,,,,0.0,,,,,,,0,999,0,0,,,0.0,,,,,,0.0,0.0,0.0,0.0,0.0,0.0,0,0,0.0,0.0,4,4,0,0,0.0,0.0,,0.0,,,,False,,False,,,False,,,1,0,0,0,0,0,0,,,,,,False,,False,,False,,False,,,,0,---,,,,,False,,False,,False,,False,,,,0,,,False,,False,,False,,False,,,,0,0,,,False,,False,,False,,False,,1.0,1.0,,,,,,,,,,2026-09-27,,,,0.0,0.0,,,,,,,,,,,,,,,,,,,,,,,,,,,,0,nan,823918,0,,,,,,,,False,False,,,,,False,,,,,,False,,,,,,,False,,,,,,,False,,,,,,,,,,,False,,,,,,,False,,,0,0,1.0,0
D,0,NYY,DJ Gladney,R,0,False,,False,Unknown (nan),?,BOS,NYY,BOS,---,08:00 PM,849851,0,0.0,False,False,False,False,0.0,0,0,0,0,0,0,0,0,0,0,0,0,0.0,,,,,0.0,0.0,3.33,0.96,1.21,329.3,21,🔴 Chase Risk,52.0,0.0,,0.0,,,3.8,,,0.0,,,,,,,0.0,,,,,,,0,999,0,0,,,0.0,,,,,,0.0,0.0,0.0,0.0,0.0,0.0,0,0,0.0,0.0,4,4,0,0,0.0,0.0,,0.0,,,,False,,False,,,False,,,1,0,0,0,0,0,0,,,,,,False,,False,,False,,False,,,,0,---,,,,,False,,False,,False,,False,,,,0,,,False,,False,,False,,False,,,,0,0,,,False,,False,,False,,False,,1.0,1.0,,,,,,,,,,2026-09-27,,,,0.0,0.0,,,,,,,,,,,,,,,,,,,,,,,,,,,,0,nan,687554,0,,,,,,,,False,False,,,,,False,,,,,,False,,,,,,,False,,,,,,,False,,,,,,,,,,,False,,,,,,,False,,,0,0,1.0,0
D,0,NYY,Pablo Reyes,R,0,False,,False,Unknown (nan),?,BOS,NYY,BOS,---,08:00 PM,849851,0,0.0,False,False,False,False,0.0,0,0,0,0,0,0,0,0,0,0,0,0,0.0,,,,,0.0,0.0,3.33,0.96,1.21,329.3,21,🟢 Disciplined,59.0,0.0,,10.0,,,1.7,,,0.0,,,,,,,0.0,,,,,,,0,999,0,0,,,0.0,,,,,,0.0,0.0,0.0,0.0,0.0,0.0,0,0,0.0,0.0,4,4,0,0,0.0,0.0,,0.0,,30.86,10.9,False,,False,,,False,,,1,0,0,0,0,0,0,,,,,,False,,False,,False,,False,,,,0,---,,,,,False,,False,,False,,False,,,,0,,,False,,False,,False,,False,,,,0,0,,,False,,False,,False,,False,,1.0,1.0,,,,,,,,,,2026-09-27,,,,0.0,0.0,,,,,,,,,,,,,,,,,,,,,,,,,,,,0,nan,622569,0,,,,,,,,False,False,,,,,False,,,,,,False,,,,,,,False,,,,,,,False,,,,,,,,,,,False,,,,,,,False,,,0,0,1.0,0
C,1,CHC,Michael Busch,L,0,False,"4,7",False,Michael King,Right,SD,SD,CHC,"CH, SI, FF, ST",10:00 PM,849843,4,0.45,True,False,False,False,0.2632,0,1,0,3,680,27,486,331,5,5,1,1,20.0,17.9,21.4,711.0,44.3,0.2504,0.0,2.79,0.75,1.16,335.7,30,🟢 Disciplined,62.0,0.0,,12.3,,25.1,4.4,1.073,0.087,0.087,0.139,0.0,0.619,1.065,1.472,0.153,0.0196,0.0196,0.2431,0.0511,0.0385,0.3335,0.0346,0,23,0,1,0.0,18.5,0.152,22.2,0.0,15.4,0.347,0.34,0.35,0.0,0.0,0.365,0.0,1.911,12,12,0.152,0.152,21,21,0,3,382.0,102.8,rocket LD 103mph | deep fly ball 382ft 99mph | deep fly ball 347ft 94mph,8.2,SI,15.53,22.1,False,0.58,False,36.5,-0.82,False,0.17,3.5,0,0,1,0,0,0,0,-0.82,0.0,89.8,22.2,68.7,False,3.7,False,18.5,False,19.7,False,0.0,29.6,0.0,10,CH(32%):0/91pa  |  SI(27%):3/108pa  |  FF(17%):9/226pa  |  ST(16%):2/48pa,89.2,26.3,67.6,37.5,False,3.9,False,24.2,True,18.3,False,3.02,21.5,7.9,13,88.5,24.3,False,3.1,False,21.0,False,16.3,False,2.67,21.2,6.8,65,7,92.3,40.0,False,6.2,True,29.2,True,12.6,False,10.77,1.0,1.0,,,,,,,,,,2026-09-27,🤔 Average,🤔 Average,🤔 Average,183.3,1.911,44.4,85.2,13.8,12.0,7.1,41.4,80.1,13.2,9.3,6.9,41.2,78.6,14.0,10.2,6.9,100.0,0.0,,,,6.9,4.74,,,0.162,30.2,24.0,32,650633,683737,27,18.5,3.7,29.6,3.7,25.9,1.0,0.365,False,False,0.34,22.7,3.9,21.1,False,5.7,2.1,24.8,4.0,,False,0.346,22.8,2.9,24.1,67.5,37.4,False,5.8,1.6,0.147,22.4,3.5,,False,30.2,31.0,0.459,29.2,3.1,18.5,70.0,27.7,15.4,43.1,True,21.5,4.6,0.407,30.8,12.2,,False,49.2,11.0,0,1,1.0,0
D,0,CHC,Nico Hoerner,R,0,False,"4,7",False,Michael King,Right,SD,SD,CHC,"CH, SI, FF, ST",10:00 PM,849843,0,0.0,True,False,False,False,0.2144,0,0,0,0,657,26,497,349,5,4,2,2,40.0,17.9,21.4,711.0,44.3,0.24,0.0,2.79,0.75,1.16,335.7,30,⬜ Neutral,56.0,0.0,,5.6,,33.6,4.3,0.913,0.016,0.016,0.081,0.008,0.483,0.278,1.058,0.254,0.0037,0.0037,0.2107,0.0242,0.0037,0.2442,0.0586,0,90,0,0,0.0,34.6,0.088,26.9,0.0,5.8,0.29,0.32,0.288,0.0,0.0,0.279,0.0,0.615,7,7,0.088,0.088,18,18,0,1,161.0,100.1,rocket LD 100mph,2.6,FF,21.48,9.5,False,0.89,False,36.5,-0.82,False,-1.22,1.2,0,0,0,0,0,0,0,-0.82,0.0,88.5,23.1,68.9,False,0.0,False,7.7,False,9.2,False,0.0,19.2,0.0,2,CH(32%):0/57pa  |  SI(27%):1/169pa  |  FF(17%):3/210pa  |  ST(16%):1/43pa,86.1,26.4,67.7,34.1,False,0.6,False,15.2,False,9.7,False,0.57,22.1,3.7,4,86.2,24.7,False,1.2,False,15.9,False,10.5,False,0.8,23.9,4.6,63,1,86.8,23.8,False,4.8,False,20.6,False,9.1,False,1.59,1.0,1.0,,,,,,,,,,2026-09-27,🤔 Average,🤔 Average,🤔 Average,183.3,0.615,65.4,80.8,5.2,8.0,7.1,41.3,76.8,3.6,8.3,6.9,42.7,79.1,4.4,8.3,7.1,0.0,100.0,,,,6.9,1.69,,,0.057,29.8,9.0,32,650633,663538,26,38.5,7.7,7.7,0.0,50.0,0.0,0.279,False,False,0.277,37.5,6.3,5.7,False,3.4,0.3,32.4,0.5,,False,0.29,37.4,6.4,8.0,67.5,31.4,False,3.8,0.6,0.071,32.4,1.1,,False,31.6,15.0,0.359,36.5,0.0,9.5,67.5,33.3,4.8,25.4,False,4.8,3.2,0.085,33.3,2.9,,False,36.5,2.0,0,0,1.0,0
D,0,CHC,Ian Happ,L,0,False,"4,7",False,Michael King,Right,SD,SD,CHC,"CH, SI, FF, ST",10:00 PM,849843,2,0.2,True,False,False,False,0.4825,0,0,0,2,614,24,482,318,5,5,1,1,20.0,17.9,21.4,711.0,44.3,0.2368,0.0,2.79,0.75,1.16,335.7,30,🟢 Disciplined,62.0,0.0,,13.3,,23.6,4.1,0.783,0.084,0.084,0.239,0.086,0.535,1.088,1.448,0.222,0.0204,0.0204,0.1894,0.0989,0.0309,0.35,0.0537,0,22,0,2,4.2,37.5,0.192,16.7,0.0,19.1,0.334,0.32,0.33,0.0,0.182,0.305,0.0,2.398,18,18,0.192,0.194,19,19,0,3,358.0,104.5,double 93mph EV | deep line drive 358ft 104mph | double 104mph EV | triple 103mph EV,9.3,SI,25.33,10.4,False,-1.31,False,36.5,-0.82,False,0.94,3.3,0,0,1,0,0,0,0,-0.82,0.86,86.0,25.0,70.1,False,4.2,False,4.2,False,6.1,False,0.0,20.8,12.5,10,CH(32%):1/116pa  |  SI(27%):2/71pa  |  FF(17%):6/191pa  |  ST(16%):3/35pa,89.0,23.6,70.4,44.0,False,2.5,False,17.0,False,13.4,False,3.14,17.9,8.5,19,89.6,24.5,False,3.7,False,17.2,False,14.4,False,3.94,20.3,9.5,65,3,88.4,18.5,False,1.5,False,24.6,True,24.8,True,4.62,1.0,1.0,,,,,,,,,,2026-09-27,🤔 Average,🤔 Average,🤔 Average,183.3,2.398,37.5,87.5,7.5,14.3,6.7,35.8,82.1,9.3,12.1,6.7,37.3,82.8,10.4,11.7,6.7,100.0,100.0,,,,6.9,6.46,,,0.186,34.6,20.0,32,650633,664023,24,45.8,8.3,20.8,0.0,41.7,0.0,0.305,False,False,0.328,24.5,3.5,29.2,False,8.2,1.6,16.0,5.1,,False,0.362,23.0,3.3,27.4,70.7,43.6,False,8.3,2.5,0.215,19.9,5.6,,False,34.2,35.0,0.281,15.4,6.2,26.2,69.4,10.8,7.7,43.1,False,9.2,0.0,0.208,18.5,8.3,,False,30.8,4.0,0,1,1.0,0
C,1,CHC,Seiya Suzuki,R,0,False,"4,7",False,Michael King,Right,SD,SD,CHC,"CH, SI, FF, ST",10:00 PM,849843,3,0.6,False,False,False,False,0.3665,1,0,0,2,631,28,466,292,5,4,1,1,20.0,17.9,21.4,711.0,44.3,0.278,0.0,2.79,0.75,1.16,335.7,30,🟢 Disciplined,59.0,0.0,,12.0,,22.5,4.5,1.096,0.222,0.222,0.185,0.01,0.617,1.14,1.967,0.232,0.0495,0.0495,0.2447,0.0932,0.0575,0.439,0.0517,2,7,0,3,3.6,35.7,0.216,17.9,11.8,13.9,0.372,0.347,0.381,0.0,0.28,0.428,0.0,2.845,23,23,0.216,0.204,15,15,0,1,348.0,106.6,deep line drive 348ft 107mph | double 107mph EV,4.6,FF,28.67,19.8,False,-0.84,False,36.5,-0.82,False,7.37,3.3,0,0,1,1,1,0,0,-0.82,4.55,86.9,17.9,70.2,False,10.7,True,21.4,False,12.1,False,7.14,28.6,10.7,11,CH(32%):2/44pa  |  SI(27%):5/129pa  |  FF(17%):8/167pa  |  ST(16%):1/73pa,89.0,24.0,72.4,45.2,False,3.1,False,19.2,False,17.2,False,3.77,22.3,8.6,18,88.5,23.4,False,3.9,False,20.4,False,18.3,False,3.86,22.5,9.2,46,2,95.5,32.6,True,4.3,False,23.9,True,16.3,False,4.35,1.0,1.0,,,,,,,,,,2026-09-27,🤔 Average,🤔 Average,🤔 Average,183.3,2.845,39.3,92.9,3.6,10.2,7.0,38.4,80.5,6.3,9.4,7.0,44.0,79.8,8.3,9.5,7.2,,,,,,6.9,6.83,,,0.195,26.0,17.0,32,650633,673548,28,25.0,7.1,25.0,3.6,17.9,2.0,0.428,False,False,0.37,22.3,4.1,25.7,False,5.1,0.3,20.2,7.5,,False,0.352,22.3,5.2,26.4,71.8,41.0,False,6.9,1.1,0.196,21.0,5.8,,False,30.5,34.0,0.29,21.7,0.0,37.0,73.2,19.6,13.0,50.0,False,6.5,0.0,0.233,19.6,7.1,,False,37.0,2.0,0,0,1.0,0
D,0,CHC,Carson Kelly,R,0,False,"4,7",False,Michael King,Right,SD,SD,CHC,"CH, SI, FF, ST",10:00 PM,849843,1,0.24,True,False,False,False,0.2484,1,0,0,0,405,12,279,179,4,3,0,0,0.0,17.9,21.4,711.0,44.3,0.4584,0.0,2.79,0.75,1.16,335.7,30,🟢 Disciplined,59.0,0.0,,9.9,,25.2,3.6,0.636,0.013,0.013,0.079,0.0,0.238,0.822,0.755,0.093,0.0036,0.0036,0.1744,0.0254,0.0109,0.2071,0.0254,0,56,0,0,0.0,25.0,0.118,8.3,0.0,9.9,0.319,0.32,0.301,0.0,0.0,0.074,0.0,2.07,11,11,0.118,0.118,13,13,0,0,0.0,0.0,,2.5,FF,20.42,21.9,False,-1.18,False,36.5,-0.82,False,-1.98,2.0,0,0,0,0,0,0,0,-0.82,6.06,83.8,25.0,69.2,False,0.0,False,8.3,False,23.6,True,0.0,8.3,0.0,1,CH(32%):2/33pa  |  SI(27%):2/91pa  |  FF(17%):0/113pa  |  ST(16%):1/35pa,85.1,24.6,69.7,38.5,False,1.7,False,14.0,False,11.9,False,0.56,22.3,3.9,4,85.3,24.0,False,1.4,False,15.8,False,12.6,False,1.43,20.8,4.3,50,4,90.7,32.0,False,4.0,False,18.0,False,17.9,False,8.0,1.0,1.0,,,,,,,,,,2026-09-27,🤔 Average,🤔 Average,🤔 Average,183.3,2.07,41.7,91.7,8.5,13.1,6.6,31.8,79.3,6.9,9.6,6.6,33.7,78.5,8.7,9.4,6.8,,,,,,6.9,3.84,,,0.056,32.4,6.0,32,650633,608348,12,41.7,16.7,33.3,0.0,25.0,0.0,0.074,False,False,0.288,34.6,6.7,16.8,False,4.5,0.6,25.1,1.1,,False,0.285,34.1,6.8,16.1,70.1,38.4,False,6.1,0.7,0.08,22.9,2.8,,False,35.8,10.0,0.545,14.0,4.0,24.0,69.6,32.0,14.0,26.0,False,8.0,2.0,0.375,34.0,11.1,,False,20.0,6.0,0,0,1.0,0
B,2,CHC,Pete Crow-Armstrong,L,0,False,"4,7",False,Michael King,Right,SD,SD,CHC,"CH, SI, FF, ST",10:00 PM,849843,8,2.144,True,False,False,False,0.7134,1,3,3,1,698,28,480,307,5,3,1,0,0.0,17.9,21.4,711.0,44.3,0.1972,0.0,2.79,0.75,1.16,335.7,30,🟢 Disciplined,59.0,0.0,,11.4,,34.3,4.5,1.071,0.257,0.257,0.284,0.038,0.654,0.959,2.202,0.342,0.057,0.057,0.2378,0.1285,0.0631,0.4888,0.0758,1,18,0,3,7.1,46.4,0.279,14.3,0.0,18.2,0.41,0.376,0.411,0.0,0.217,0.416,0.0,4.276,33,33,0.279,0.291,23,23,0,2,366.0,110.0,deep line drive 366ft 110mph | double 110mph EV | double 83mph EV,11.2,FF,30.28,17.1,False,0.25,False,36.5,-0.82,False,2.09,5.0,0,0,0,0,0,0,0,-0.82,4.49,86.5,21.4,74.9,False,7.1,True,7.1,False,28.5,False,3.57,25.0,10.7,21,CH(32%):4/89pa  |  SI(27%):1/100pa  |  FF(17%):19/221pa  |  ST(16%):4/56pa,91.4,31.3,74.3,37.5,False,5.9,True,24.4,True,24.8,True,6.84,23.1,14.0,33,90.6,31.0,False,5.8,True,22.5,True,22.9,True,6.88,24.0,13.1,55,2,91.4,32.7,False,1.8,False,23.6,True,19.9,False,3.64,1.0,1.0,,,,,,,,,,2026-09-27,🤔 Average,🤔 Average,🤔 Average,183.3,4.276,42.9,82.1,15.0,7.9,7.3,47.2,76.9,12.9,10.9,7.3,50.8,77.7,13.8,11.3,7.4,0.0,100.0,,,,6.9,10.0,,,0.336,36.8,35.0,32,650633,691718,28,21.4,17.9,17.9,7.1,50.0,1.0,0.416,False,False,0.409,15.6,8.8,23.1,False,11.7,4.2,26.1,9.1,,False,0.418,16.7,7.3,24.8,73.3,35.2,False,11.0,3.8,0.327,25.6,9.9,,False,37.5,51.0,0.296,14.5,3.6,32.7,70.8,21.8,9.1,30.9,False,7.3,0.0,0.173,25.5,6.2,,False,32.7,5.0,1,1,1.0,0
D,0,CHC,Dansby Swanson,R,0,False,"4,7",False,Michael King,Right,SD,SD,CHC,"CH, SI, FF, ST",10:00 PM,849843,0,0.0,True,False,False,False,0.3366,0,0,0,0,456,16,328,208,4,1,0,0,0.0,17.9,21.4,711.0,44.3,0.3144,0.0,2.79,0.75,1.16,335.7,30,🟢 Disciplined,59.0,0.0,,10.0,,26.5,3.9,0.538,0.098,0.098,0.074,0.0,0.489,1.002,0.905,0.208,0.025,0.025,0.1375,0.0437,0.0063,0.2313,0.0531,0,15,0,0,0.0,6.2,0.185,12.5,0.0,16.9,0.312,0.302,0.291,0.0,0.0,0.099,0.0,2.802,13,13,0.185,0.185,15,15,0,0,0.0,0.0,,4.5,SI,20.32,25.7,False,-1.29,False,36.5,-0.82,False,-1.1,1.1,0,0,0,0,0,0,0,-0.82,4.26,80.2,6.2,67.0,False,0.0,False,18.8,False,5.8,False,0.0,6.2,0.0,8,CH(32%):2/47pa  |  SI(27%):3/82pa  |  FF(17%):7/133pa  |  ST(16%):2/42pa,89.3,26.9,71.0,43.8,False,1.0,False,19.7,False,17.0,False,3.85,17.8,6.7,12,88.8,25.9,False,0.6,False,20.7,False,15.7,False,3.66,17.7,7.0,65,1,89.6,26.2,False,1.5,False,18.5,False,19.8,False,1.54,1.0,1.0,,,,,,,,,,2026-09-27,🤔 Average,🤔 Average,🤔 Average,183.3,2.802,43.8,87.5,14.1,7.9,7.6,35.6,79.8,13.6,8.0,7.4,39.9,83.2,14.7,7.6,7.6,100.0,100.0,,,,6.9,6.41,,,0.172,37.0,11.0,32,650633,621020,16,31.2,0.0,37.5,12.5,43.8,0.0,0.099,False,False,0.326,26.4,5.8,19.2,False,8.7,1.0,19.7,6.7,,False,0.304,29.3,4.6,20.7,70.2,35.7,False,9.8,0.6,0.168,19.5,5.9,,False,41.2,20.0,0.235,18.5,7.7,32.3,68.9,16.9,7.7,29.2,False,9.2,0.0,0.115,24.6,3.0,,False,36.9,3.0,0,0,1.0,0
C,1,CHC,Matt Shaw,R,0,False,"4,7",False,Michael King,Right,SD,SD,CHC,"CH, SI, FF, ST",10:00 PM,849843,3,0.65,True,False,False,False,0.2426,0,2,1,0,176,14,88,54,3,1,0,0,0.0,17.9,21.4,711.0,44.3,0.1655,0.0,2.79,0.75,1.16,335.7,30,🟢 Disciplined,59.0,0.0,,11.8,,32.6,2.9,0.57,0.035,0.035,0.073,0.07,0.354,0.605,0.888,0.0,0.012,0.012,0.1954,0.0611,0.0,0.3046,0.0,0,34,0,0,0.0,35.7,0.165,28.6,0.0,10.8,0.315,0.283,0.311,0.0,0.077,0.267,0.0,0.527,11,11,0.165,0.173,23,23,0,1,255.0,100.3,double 100mph EV | rocket LD 100mph,1.8,FF,36.42,17.9,False,2.33,True,36.5,-0.82,False,-1.14,1.1,2,0,0,0,0,0,0,-0.82,0.0,85.1,28.6,71.1,False,0.0,False,7.1,False,19.6,False,0.0,21.4,7.1,1,CH(32%):0/18pa  |  SI(27%):0/37pa  |  FF(17%):2/54pa  |  ST(16%):0/15pa,83.4,22.2,68.4,42.6,False,0.0,False,25.9,True,22.3,True,1.85,18.5,5.6,2,81.9,22.7,False,1.1,False,23.9,True,17.6,False,2.27,15.9,4.5,52,0,81.6,13.5,False,1.9,False,11.5,False,20.9,False,0.0,1.0,1.0,,,,,,,,,,2026-09-27,🤔 Average,🤔 Average,🤔 Average,183.3,0.527,42.9,78.6,5.5,24.9,6.9,46.3,72.2,6.1,13.6,6.8,45.5,76.1,7.7,15.1,6.9,,,,,,6.9,3.01,,,0.152,20.4,3.0,32,650633,807713,14,28.6,14.3,21.4,0.0,21.4,0.0,0.267,False,False,0.316,22.2,5.6,20.4,False,5.6,0.0,18.5,4.3,,False,0.264,27.3,5.7,19.3,66.7,39.8,False,9.1,1.1,0.132,18.2,2.6,,False,27.3,5.0,0.271,13.5,9.6,30.8,64.5,15.4,3.8,44.2,False,1.9,0.0,0.047,19.2,0.0,,False,19.2,1.0,0,0,1.0,0
D,0,CHC,Justin Turner,R,0,False,"4,7",False,Michael King,Right,SD,SD,CHC,"CH, SI, FF, ST",10:00 PM,849843,0,0.0,False,False,False,False,0.0,0,0,0,0,0,0,0,0,0,0,0,0,0.0,17.9,21.4,711.0,44.3,0.0,0.0,2.79,0.75,1.16,335.7,30,⬜ Neutral,56.0,0.0,,7.7,,,2.6,,,0.0,,,,,,,0.0,,,,,,,0,999,0,0,,,0.0,,,,,,0.0,0.0,0.0,0.0,0.0,0.0,0,0,0.0,0.0,11,11,0,0,0.0,0.0,,0.0,,31.58,14.6,False,,False,36.5,-0.82,False,,,1,0,0,0,0,0,0,-0.82,,,,,False,,False,,False,,False,,,,0,CH(32%):0/0pa  |  SI(27%):0/0pa  |  FF(17%):0/0pa  |  ST(16%):0/0pa,,,,,False,,False,,False,,False,,,,0,,,False,,False,,False,,False,,,,8,0,83.5,12.5,False,0.0,False,12.5,False,12.2,False,0.0,1.0,1.0,,,,,,,,,,2026-09-27,🤔 Average,🤔 Average,🤔 Average,183.3,0.0,,,,,,,,,,,,,,,,,,,,,6.9,5.01,,,,,,32,650633,457759,0,,,,,,,,False,False,,,,,False,,,,,,False,,,,,,,False,,,,,,,False,,,0.11,37.5,12.5,37.5,64.2,12.5,0.0,50.0,False,0.0,0.0,0.0,12.5,,,False,37.5,0.0,0,0,1.0,0
D,0,CHC,Alex Bregman,R,0,False,"4,7",False,Michael King,Right,SD,SD,CHC,"CH, SI, FF, ST",10:00 PM,849843,3,0.3,True,False,False,False,0.4192,0,0,0,3,668,10,504,329,3,2,1,1,33.3,17.9,21.4,711.0,44.3,0.2628,0.0,2.79,0.75,1.16,335.7,30,🟢 Disciplined,59.0,0.0,,10.7,,23.4,4.5,0.831,0.089,0.089,0.151,0.0,0.624,0.668,1.247,0.352,0.0198,0.0198,0.1852,0.0533,0.0138,0.278,0.0785,0,14,0,0,0.0,30.0,0.199,40.0,0.0,8.4,0.357,0.331,0.349,0.0,0.0,0.228,0.0,2.584,16,16,0.199,0.199,15,15,0,0,0.0,0.0,,5.1,CH,34.39,11.3,False,-0.74,False,36.5,-0.82,False,-3.14,3.1,4,0,0,0,0,0,0,-0.82,3.77,82.4,20.0,69.0,False,0.0,False,10.0,False,8.8,False,0.0,10.0,0.0,10,CH(32%):2/53pa  |  SI(27%):2/163pa  |  FF(17%):6/183pa  |  ST(16%):4/50pa,88.6,29.2,69.0,35.0,False,2.1,False,18.8,False,16.8,False,3.04,23.1,8.2,19,87.9,27.4,False,3.2,False,19.0,False,16.9,False,3.77,22.6,9.1,39,3,95.9,46.2,True,5.1,True,25.6,True,19.6,False,7.69,1.0,1.0,,,,,,,,,,2026-09-27,🤔 Average,🤔 Average,🤔 Average,183.3,2.584,40.0,80.0,14.9,7.2,7.0,34.7,81.5,12.2,6.8,6.7,38.7,80.6,13.2,6.8,6.9,0.0,100.0,,,,6.9,6.11,,,0.161,43.5,21.0,32,650633,608324,6,20.0,0.0,20.0,10.0,40.0,0.0,0.228,False,False,0.337,31.0,8.8,12.2,False,9.4,1.8,25.2,4.2,,False,0.345,28.6,8.5,15.3,69.0,33.3,False,9.5,2.6,0.193,25.2,5.5,,False,43.7,40.0,0.496,25.6,7.7,12.8,69.7,35.9,15.4,41.0,False,10.3,0.0,0.333,35.9,10.7,,False,46.2,5.0,0,0,1.0,0
B,2,CHC,Miguel Amaya,R,0,False,"4,7",False,Michael King,Right,SD,SD,CHC,"CH, SI, FF, ST",10:00 PM,849843,8,1.52,True,False,False,False,0.5801,3,1,1,3,236,11,167,98,3,3,0,0,0.0,17.9,21.4,711.0,44.3,0.216,0.0,2.79,0.75,1.16,335.7,30,⬜ Neutral,56.0,0.0,,7.7,,31.5,3.3,0.543,0.087,0.087,0.215,0.0,0.433,1.204,1.02,0.341,0.0265,0.0265,0.1645,0.0915,0.0583,0.309,0.1034,0,11,0,2,9.1,9.1,0.137,0.0,0.0,22.5,0.321,0.297,0.312,0.0,0.1,0.182,0.0,1.156,29,29,0.137,0.14,15,15,0,1,312.0,104.6,double 105mph EV,4.2,SI,36.01,21.6,False,-0.45,False,36.5,-0.82,False,6.56,2.5,1,0,1,0,1,0,0,-0.82,0.0,94.4,27.3,66.2,True,9.1,True,18.2,False,26.8,True,0.0,9.1,9.1,4,CH(32%):0/22pa  |  SI(27%):2/39pa  |  FF(17%):2/64pa  |  ST(16%):1/21pa,91.5,25.5,68.4,36.7,False,4.1,False,20.4,False,23.4,True,4.08,20.4,9.2,5,87.9,22.2,False,2.4,False,19.2,False,22.6,True,2.99,19.2,7.8,31,3,89.8,32.3,False,0.0,False,25.8,True,22.7,True,9.68,1.0,1.0,,,,,,,,,,2026-09-27,🤔 Average,🤔 Average,🤔 Average,183.3,1.156,45.5,90.9,12.9,12.2,7.2,46.9,77.6,11.3,9.2,7.3,47.9,77.2,12.1,11.0,7.3,,,,,,6.9,4.21,,,0.207,22.4,9.0,32,650633,665804,11,18.2,9.1,45.5,9.1,18.2,0.0,0.182,False,False,0.362,16.3,6.1,31.6,False,8.2,2.0,22.4,4.2,,False,0.324,19.2,7.2,30.5,68.0,34.7,False,7.8,1.2,0.162,21.0,2.4,,False,25.1,10.0,0.41,25.8,9.7,16.1,70.7,29.0,12.9,19.4,True,16.1,0.0,0.333,25.8,11.1,,False,51.6,3.0,0,0,1.0,0
C,1,CHC,Scott Kingery,R,0,False,"4,7",False,Michael King,Right,SD,SD,CHC,"CH, SI, FF, ST",10:00 PM,849843,2,0.6,False,False,False,False,0.1621,2,0,0,0,4,4,2,3,2,0,1,0,0.0,17.9,21.4,711.0,44.3,0.0,0.0,2.79,0.75,1.16,335.7,30,🟢 Disciplined,62.0,0.0,,12.5,,,2.7,0.233,0.0,0.0,0.0,0.0,0.0,0.0,0.233,0.0,0.0,0.0,0.0875,0.0,0.0,0.0875,0.0,0,999,0,0,0.0,25.0,0.0,0.0,,,,,0.221,0.0,0.0,0.221,0.0,0.0,10,10,0.0,0.0,12,12,0,0,0.0,0.0,,1.5,CH,31.88,9.6,False,0.0,False,36.5,-0.82,False,,,7,0,0,0,0,0,0,-0.82,,77.1,0.0,70.0,False,0.0,False,50.0,True,31.0,False,0.0,25.0,0.0,0,CH(32%):0/0pa  |  SI(27%):0/0pa  |  FF(17%):0/3pa  |  ST(16%):0/0pa,79.8,0.0,71.3,33.3,False,0.0,False,33.3,False,28.3,False,0.0,0.0,0.0,0,77.4,0.0,False,0.0,False,0.0,False,23.0,False,0.0,0.0,0.0,17,1,88.7,17.6,False,0.0,False,11.8,False,3.8,False,5.88,1.0,1.0,,,,,,,,,,2026-09-27,🤔 Average,🤔 Average,🤔 Average,183.3,0.0,50.0,100.0,18.4,6.4,7.5,33.3,100.0,16.4,6.2,7.2,50.0,100.0,19.9,,7.4,,,,,,6.9,5.01,,,0.0,33.3,0.0,32,650633,664068,0,25.0,25.0,0.0,25.0,50.0,0.0,0.221,True,False,0.0,33.3,33.3,0.0,False,0.0,0.0,0.0,,,False,0.0,50.0,50.0,0.0,71.6,0.0,False,0.0,0.0,0.0,0.0,,,False,50.0,0.0,0.445,23.5,0.0,29.4,,23.5,5.9,29.4,False,5.9,0.0,0.231,17.6,12.5,,False,17.6,1.0,0,0,1.0,0
B,2,CHC,Michael Conforto,L,0,False,"4,7",False,Michael King,Right,SD,SD,CHC,"CH, SI, FF, ST",10:00 PM,849843,4,1.1,False,False,False,False,0.5885,2,2,0,0,298,19,289,197,5,5,0,0,0.0,17.9,21.4,711.0,44.3,0.1499,0.0,2.79,0.75,1.16,335.7,30,🟢 Disciplined,59.0,0.0,,10.3,,27.5,2.8,0.481,0.128,0.128,0.156,0.0,0.231,0.561,1.02,0.156,0.0448,0.0448,0.1688,0.0995,0.0883,0.358,0.0547,1,13,0,2,10.5,26.3,0.228,26.3,7.1,16.8,0.343,0.325,0.328,0.0,0.222,0.214,0.0,2.987,32,32,0.228,0.229,22,22,0,3,378.0,102.2,deep fly ball 378ft 102mph | deep line drive 351ft 99mph | double 98mph EV,10.9,SI,21.64,21.4,False,-0.27,False,36.5,-0.82,False,11.44,4.4,0,0,0,0,0,0,0,-0.82,4.35,92.4,42.1,71.8,False,15.8,True,21.1,False,14.1,False,5.26,10.5,10.5,8,CH(32%):2/46pa  |  SI(27%):2/39pa  |  FF(17%):5/100pa  |  ST(16%):0/16pa,90.3,26.9,70.7,36.0,False,5.1,True,22.8,True,16.0,False,4.06,20.3,9.6,13,89.9,25.3,False,4.2,False,21.5,False,17.5,False,4.5,19.4,9.7,33,0,92.8,36.4,False,0.0,False,21.2,False,14.0,False,0.0,1.0,1.0,,,,,,,,,,2026-09-27,🤔 Average,🤔 Average,🤔 Average,183.3,2.987,31.6,89.5,12.1,9.4,7.2,40.1,84.3,9.5,8.3,7.0,42.9,81.0,11.2,9.6,7.2,,,,,,6.9,7.33,,,0.2,40.1,18.0,32,650633,624424,19,31.6,10.5,15.8,15.8,63.2,2.0,0.214,True,False,0.321,25.9,4.1,21.8,False,10.7,2.5,24.4,5.1,,False,0.333,21.8,3.5,26.3,70.9,36.7,False,10.7,2.4,0.216,23.2,5.8,,False,38.1,27.0,0.376,30.3,3.0,27.3,71.9,27.3,21.2,24.2,False,9.1,0.0,0.258,21.2,0.0,,False,30.3,1.0,0,1,1.0,0
B,2,CHC,Kevin Alcántara,R,0,False,"4,7",False,Michael King,Right,SD,SD,CHC,"CH, SI, FF, ST",10:00 PM,849843,4,1.3,False,False,False,False,0.5843,3,0,0,1,29,10,10,5,5,2,1,1,20.0,17.9,21.4,711.0,44.3,0.5927,0.0,2.79,0.75,1.16,335.7,30,⬜ Neutral,56.0,0.0,,6.5,,29.5,2.0,0.14,0.07,0.07,0.0,0.0,0.07,0.8,0.35,0.21,0.035,0.035,0.07,0.035,0.035,0.175,0.105,1,5,0,2,10.0,30.0,0.136,30.0,16.7,27.6,0.283,0.245,0.291,0.0,0.375,0.409,0.0,3.408,30,30,0.136,0.12,17,17,0,0,0.0,0.0,,4.2,FF,33.18,7.4,False,0.42,False,36.5,-0.82,False,6.55,3.4,0,0,0,0,0,0,0,-0.82,0.0,95.6,20.0,75.9,True,10.0,True,30.0,True,28.5,False,10.0,20.0,10.0,0,CH(32%):0/6pa  |  SI(27%):0/0pa  |  FF(17%):1/13pa  |  ST(16%):0/0pa,98.4,20.0,68.5,20.0,False,0.0,False,0.0,False,20.5,False,0.0,0.0,0.0,0,92.6,10.0,False,0.0,False,10.0,False,13.6,False,0.0,20.0,0.0,16,1,92.0,43.8,False,6.2,True,6.2,False,0.6,False,6.25,1.0,1.0,,,,,,,,,,2026-09-27,🤔 Average,🤔 Average,🤔 Average,183.3,3.408,40.0,70.0,7.9,13.1,7.9,60.0,60.0,9.6,11.9,7.7,50.0,60.0,12.7,10.8,8.0,,,,,,6.9,5.97,,,0.0,20.0,0.0,32,650633,682634,0,0.0,0.0,40.0,10.0,10.0,1.0,0.409,False,False,0.0,0.0,0.0,40.0,False,0.0,0.0,40.0,,,False,0.196,10.0,0.0,40.0,74.2,30.0,False,0.0,0.0,0.0,30.0,0.0,,False,30.0,0.0,0.365,43.8,6.2,25.0,,25.0,12.5,31.2,False,0.0,0.0,0.267,18.8,12.5,,False,31.2,1.0,0,0,1.0,0
D,0,CHC,Pedro Ramírez,L,0,False,"4,7",False,Michael King,Right,SD,SD,CHC,"CH, SI, FF, ST",10:00 PM,849843,1,0.1,True,False,False,False,0.4066,0,0,0,1,261,21,217,156,5,5,0,0,0.0,17.9,21.4,711.0,44.3,0.2121,0.0,2.79,0.75,1.16,335.7,30,⬜ Neutral,56.0,0.0,,7.8,,32.6,3.4,0.769,0.028,0.028,0.085,0.028,0.199,0.741,0.997,0.242,0.0083,0.0083,0.225,0.0417,0.0083,0.2917,0.0708,0,34,0,0,0.0,38.1,0.141,4.8,0.0,12.6,0.314,0.293,0.305,0.0,0.0,0.243,0.0,1.507,11,11,0.141,0.141,22,22,0,0,0.0,0.0,,7.6,SI,23.66,7.0,False,0.89,False,36.5,-0.82,False,-2.3,2.3,0,0,0,0,0,0,0,-0.82,0.0,88.2,28.6,72.3,False,0.0,False,19.0,False,12.5,False,0.0,23.8,0.0,2,CH(32%):0/46pa  |  SI(27%):0/38pa  |  FF(17%):2/83pa  |  ST(16%):1/22pa,89.4,28.8,71.9,30.8,False,1.3,False,17.3,False,13.9,False,1.28,21.8,6.4,4,88.9,27.6,False,2.3,False,18.9,False,15.3,False,1.84,21.7,6.9,9,0,95.0,44.4,True,0.0,False,11.1,False,5.6,False,0.0,1.0,1.0,,,,,,,,,,2026-09-27,🤔 Average,🤔 Average,🤔 Average,183.3,1.507,47.6,85.7,3.2,9.1,7.4,42.3,83.3,4.0,8.9,7.4,43.8,82.9,4.7,8.6,7.5,,,,,,6.9,3.96,,,0.11,43.6,8.0,32,650633,699393,21,38.1,4.8,23.8,14.3,42.9,0.0,0.243,False,False,0.277,33.3,7.7,20.5,False,8.3,0.0,20.5,2.3,,False,0.291,29.5,6.9,20.3,71.6,29.0,False,8.8,1.4,0.127,22.1,2.5,,False,41.5,10.0,0.415,44.4,0.0,0.0,,33.3,11.1,55.6,False,11.1,0.0,0.125,44.4,0.0,,False,44.4,0.0,0,1,1.0,0
D,0,CHC,Justin Dean,R,0,False,"4,7",False,Michael King,Right,SD,SD,CHC,"CH, SI, FF, ST",10:00 PM,849843,0,0.0,True,False,False,False,0.2206,0,0,0,0,10,10,9,5,9,2,0,0,0.0,17.9,21.4,711.0,44.3,0.0,0.0,2.79,0.75,1.16,335.7,30,🟡 Watch,58.0,0.0,,20.0,,38.1,1.1,0.55,0.0,0.0,0.0,0.183,0.222,0.3,0.917,0.0,0.0,0.0,0.495,0.165,0.0,0.825,0.0,0,999,0,0,0.0,30.0,0.25,20.0,,40.0,0.478,0.342,0.478,0.0,0.25,0.478,0.0,0.0,21,21,0.25,0.25,15,15,0,0,0.0,0.0,,4.2,SI,,,False,0.0,False,36.5,-0.82,False,,,2,0,0,0,0,0,0,-0.82,,85.7,20.0,65.2,False,0.0,False,0.0,False,-1.0,False,0.0,30.0,10.0,0,CH(32%):0/0pa  |  SI(27%):0/2pa  |  FF(17%):0/2pa  |  ST(16%):0/2pa,96.8,40.0,66.1,40.0,False,0.0,False,0.0,False,12.7,False,0.0,60.0,20.0,0,85.7,22.2,False,0.0,False,0.0,False,-1.0,False,0.0,33.3,11.1,0,0,,,False,,False,,False,,False,,1.0,1.0,,,,,,,,,,2026-09-27,🤔 Average,🤔 Average,🤔 Average,183.3,0.0,60.0,80.0,20.9,10.7,6.8,40.0,100.0,17.1,11.6,6.8,55.6,77.8,22.2,10.4,7.0,,,,,,6.9,5.01,,,0.5,40.0,0.0,32,650633,681909,0,20.0,0.0,40.0,0.0,30.0,0.0,0.478,False,False,0.816,20.0,0.0,20.0,False,0.0,0.0,40.0,,,False,0.531,22.2,0.0,33.3,65.5,33.3,False,0.0,0.0,0.286,22.2,,,False,33.3,0.0,,,,,,,,,False,,,,,,,False,,,0,0,1.0,0
D,0,CHC,James Triantos,R,0,False,"4,7",False,Michael King,Right,SD,SD,CHC,"CH, SI, FF, ST",10:00 PM,849843,1,0.0,True,False,False,False,0.2539,0,0,0,1,9,9,6,5,5,1,0,0,0.0,17.9,21.4,711.0,44.3,0.0,0.0,2.79,0.75,1.16,335.7,30,🟡 Watch,51.0,0.0,,11.8,,,2.4,0.094,0.0,0.0,0.0,0.0,0.41,0.505,0.094,0.0,0.0,0.0,0.0389,0.0,0.0,0.0389,0.0,0,999,0,0,0.0,22.2,0.0,22.2,,,,,0.176,0.0,0.0,0.176,0.0,0.0,3,3,0.0,0.0,12,12,0,0,0.0,0.0,,1.8,SI,27.42,13.1,False,0.0,False,36.5,-0.82,False,,,6,0,0,0,0,0,0,-0.82,,77.5,11.1,68.3,False,0.0,False,11.1,False,10.8,False,0.0,11.1,0.0,0,CH(32%):0/2pa  |  SI(27%):0/3pa  |  FF(17%):0/2pa  |  ST(16%):0/0pa,76.1,20.0,66.8,20.0,False,0.0,False,0.0,False,3.7,False,0.0,0.0,0.0,0,79.5,16.7,False,0.0,False,16.7,False,10.5,False,0.0,0.0,0.0,5,0,93.5,40.0,True,0.0,False,20.0,False,10.0,False,0.0,1.0,1.0,,,,,,,,,,2026-09-27,🤔 Average,🤔 Average,🤔 Average,183.3,0.0,44.4,77.8,3.5,6.9,6.8,60.0,60.0,3.9,8.4,6.8,50.0,66.7,5.1,8.0,6.8,,,,,,6.9,5.01,,,0.0,20.0,0.0,32,650633,701649,0,44.4,11.1,22.2,0.0,22.2,0.0,0.176,False,False,0.139,40.0,20.0,20.0,False,0.0,0.0,0.0,,,False,0.116,33.3,16.7,16.7,66.9,33.3,False,0.0,0.0,0.0,16.7,,,False,16.7,0.0,0.139,40.0,0.0,0.0,,0.0,0.0,20.0,False,0.0,0.0,0.0,40.0,,,False,20.0,0.0,0,0,1.0,0
B,2,CHC,Tyrone Taylor,R,0,False,"4,7",False,Michael King,Right,SD,SD,CHC,"CH, SI, FF, ST",10:00 PM,849843,3,1.15,False,False,False,False,0.3769,2,0,1,0,224,10,116,79,4,3,1,1,25.0,17.9,21.4,711.0,44.3,0.2216,0.0,2.79,0.75,1.16,335.7,30,⬜ Neutral,56.0,0.0,,5.6,,34.7,2.9,0.562,0.048,0.048,0.299,0.0,0.263,0.335,1.005,0.197,0.0165,0.0165,0.1934,0.1194,0.0165,0.3457,0.0679,0,26,0,0,0.0,30.0,0.223,30.0,0.0,10.3,0.353,0.312,0.347,0.0,0.2,0.254,0.0,2.813,23,23,0.223,0.224,24,24,0,1,352.0,99.0,deep fly ball 352ft 99mph | double 99mph EV,3.2,CH,39.77,14.1,False,1.71,True,36.5,-0.82,False,-4.02,4.0,5,0,0,0,0,0,0,-0.82,3.33,89.0,40.0,71.6,False,0.0,False,40.0,True,15.2,False,0.0,20.0,20.0,2,CH(32%):1/30pa  |  SI(27%):3/53pa  |  FF(17%):3/65pa  |  ST(16%):0/13pa,82.8,20.3,70.3,39.2,False,2.5,False,17.7,False,14.0,False,2.53,19.0,7.6,5,84.2,24.1,False,4.3,False,22.4,True,15.7,False,4.31,21.6,9.5,20,0,83.6,15.0,False,0.0,False,20.0,False,8.6,False,0.0,1.0,1.0,,,,,,,,,,2026-09-27,🤔 Average,🤔 Average,🤔 Average,183.3,2.813,30.0,80.0,11.3,10.4,7.6,34.2,75.9,7.7,11.4,7.1,38.8,75.9,9.2,11.0,7.2,,,,,,6.9,7.41,,,0.152,34.2,3.0,32,650633,621438,3,40.0,0.0,0.0,20.0,60.0,1.0,0.254,True,False,0.32,27.8,7.6,17.7,False,6.3,1.3,19.0,0.0,,False,0.332,28.4,6.9,15.5,69.9,33.6,False,11.2,3.4,0.206,25.0,4.8,,False,44.0,9.0,0.198,30.0,5.0,25.0,68.6,10.0,0.0,20.0,False,10.0,0.0,0.0,15.0,0.0,,False,25.0,0.0,0,0,1.0,0
D,0,CHC,Gabriel Arias,R,0,False,"4,7",False,Michael King,Right,SD,SD,CHC,"CH, SI, FF, ST",10:00 PM,849843,1,0.1,True,False,False,False,0.2442,0,0,0,1,135,10,88,63,5,2,0,0,0.0,17.9,21.4,711.0,44.3,0.5176,0.0,2.79,0.75,1.16,335.7,30,⬜ Neutral,56.0,0.0,,5.9,,38.4,3.3,0.886,0.034,0.034,0.034,0.0,0.25,1.042,1.021,0.297,0.0103,0.0103,0.2701,0.0206,0.0,0.3113,0.0906,0,55,0,0,0.0,30.0,0.129,30.0,,37.8,0.274,0.252,0.278,0.0,0.0,0.335,0.0,2.215,9,9,0.129,0.129,14,14,0,0,0.0,0.0,,3.6,SI,19.83,0.8,False,-2.34,False,36.5,-0.82,False,-1.48,1.5,5,0,0,0,0,0,0,-0.82,0.0,82.0,20.0,71.2,False,0.0,False,0.0,False,-8.3,False,0.0,30.0,0.0,1,CH(32%):0/12pa  |  SI(27%):0/17pa  |  FF(17%):0/44pa  |  ST(16%):1/19pa,86.1,20.6,73.6,17.5,False,0.0,False,6.3,False,-1.5,False,1.59,25.4,3.2,4,88.4,23.9,False,1.1,False,9.1,False,3.7,False,4.55,27.3,6.8,31,2,86.6,25.8,False,0.0,False,22.6,True,9.2,False,6.45,1.0,1.0,,,,,,,,,,2026-09-27,🤔 Average,🤔 Average,🤔 Average,183.3,2.215,50.0,70.0,4.5,11.4,6.7,55.6,74.6,7.6,9.8,7.2,54.5,77.3,8.8,9.5,7.3,0.0,100.0,,,,6.9,4.98,,,0.068,25.4,1.0,32,650633,672356,0,60.0,0.0,20.0,0.0,20.0,0.0,0.335,False,False,0.294,39.7,3.2,38.1,False,1.6,0.0,11.1,0.0,,False,0.345,36.4,3.4,36.4,73.5,19.3,False,2.3,1.1,0.169,18.2,8.3,,False,26.1,4.0,0.403,32.3,3.2,25.8,70.5,29.0,6.5,45.2,False,3.2,0.0,0.222,25.8,7.7,,False,22.6,3.0,0,0,1.0,0
B,2,CHC,BJ Murray Jr.,L,0,False,"4,7",False,Michael King,Right,SD,SD,CHC,"CH, SI, FF, ST",10:00 PM,849843,6,1.65,False,False,False,False,0.3352,1,0,3,2,11,10,4,3,6,3,0,0,0.0,17.9,21.4,711.0,44.3,0.2961,0.0,2.79,0.75,1.16,335.7,30,🟢 Disciplined,63.0,0.0,,9.1,,30.0,2.2,0.077,0.0,0.0,0.0,0.0,0.0,1.261,0.077,0.0,0.0,0.0,0.035,0.0,0.0,0.035,0.0,0,999,0,0,0.0,40.0,0.0,10.0,0.0,18.2,0.08,0.09,0.081,0.0,0.0,0.088,0.0,0.0,6,6,0.0,0.0,19,19,0,0,0.0,0.0,,9.6,CH,31.08,26.1,False,-0.41,False,36.5,-0.82,False,,,1,0,0,0,0,0,0,-0.82,,91.0,30.0,71.5,False,0.0,False,40.0,True,38.0,False,0.0,10.0,0.0,0,CH(32%):0/2pa  |  SI(27%):0/3pa  |  FF(17%):0/5pa  |  ST(16%):0/0pa,97.9,33.3,73.7,33.3,False,0.0,False,33.3,False,40.0,False,0.0,0.0,0.0,0,97.9,25.0,True,0.0,False,25.0,True,40.0,False,0.0,0.0,0.0,11,0,97.4,27.3,True,0.0,False,18.2,False,24.0,True,0.0,1.0,1.0,,,,,,,,,,2026-09-27,🤔 Average,🤔 Average,🤔 Average,183.3,0.0,20.0,100.0,10.6,10.4,6.8,66.7,100.0,10.3,7.8,7.0,50.0,100.0,16.4,13.8,7.4,,,,,,6.9,5.01,,,0.0,33.3,1.0,32,650633,681230,0,10.0,10.0,40.0,10.0,10.0,2.0,0.088,False,False,0.0,0.0,0.0,66.7,False,33.3,0.0,0.0,,,False,0.0,0.0,0.0,75.0,73.9,50.0,True,25.0,0.0,0.0,0.0,,,False,25.0,1.0,0.287,18.2,0.0,36.4,,18.2,0.0,45.5,False,9.1,0.0,0.0,9.1,0.0,,False,18.2,0.0,0,1,1.0,0
D,0,CHC,Jonathon Long,R,0,False,"4,7",False,Michael King,Right,SD,SD,CHC,"CH, SI, FF, ST",10:00 PM,849843,1,0.1,False,False,False,False,0.0,0,0,0,1,0,0,0,0,0,0,0,0,0.0,17.9,21.4,711.0,44.3,0.0,0.0,2.79,0.75,1.16,335.7,30,🟢 Disciplined,62.0,0.0,,22.2,,,3.0,,,0.0,,,,,,,0.0,,,,,,,0,999,0,0,,,0.0,,,,,,0.0,0.0,0.0,0.0,0.0,0.0,0,0,0.0,0.0,11,11,0,0,0.0,0.0,,0.0,,36.02,10.4,False,,False,36.5,-0.82,False,,,1,0,0,0,0,0,0,-0.82,,,,,False,,False,,False,,False,,,,0,CH(32%):0/0pa  |  SI(27%):0/0pa  |  FF(17%):0/0pa  |  ST(16%):0/0pa,,,,,False,,False,,False,,False,,,,0,,,False,,False,,False,,False,,,,14,1,92.9,21.4,False,7.1,True,14.3,False,21.3,False,7.14,1.0,1.0,,,,,,,,,,2026-09-27,🤔 Average,🤔 Average,🤔 Average,183.3,0.0,,,,,,,,,,,,,,,,,,,,,6.9,5.01,,,,,,32,650633,675085,0,,,,,,,,False,False,,,,,False,,,,,,False,,,,,,,False,,,,,,,False,,,0.428,7.1,7.1,35.7,,21.4,7.1,28.6,False,0.0,0.0,0.273,28.6,16.7,,False,14.3,1.0,0,0,1.0,0
D,0,CHC,Christian Bethancourt,R,0,False,"4,7",False,Michael King,Right,SD,SD,CHC,"CH, SI, FF, ST",10:00 PM,849843,1,0.1,False,False,False,False,0.0,0,0,0,1,0,0,0,0,0,0,0,0,0.0,17.9,21.4,711.0,44.3,0.0,0.0,2.79,0.75,1.16,335.7,30,🟢 Disciplined,55.0,0.0,,9.1,,,2.2,,,0.0,,,,,,,0.0,,,,,,,0,999,0,0,,,0.0,,,,,,0.0,0.0,0.0,0.0,0.0,0.0,0,0,0.0,0.0,11,11,0,0,0.0,0.0,,0.0,,,,False,,False,36.5,-0.82,False,,,1,0,0,0,0,0,0,-0.82,,,,,False,,False,,False,,False,,,,0,CH(32%):0/0pa  |  SI(27%):0/0pa  |  FF(17%):0/0pa  |  ST(16%):0/0pa,,,,,False,,False,,False,,False,,,,0,,,False,,False,,False,,False,,,,8,0,98.1,37.5,True,0.0,False,12.5,False,18.8,False,0.0,1.0,1.0,,,,,,,,,,2026-09-27,🤔 Average,🤔 Average,🤔 Average,183.3,0.0,,,,,,,,,,,,,,,,,,,,,6.9,5.01,,,,,,32,650633,542194,0,,,,,,,,False,False,,,,,False,,,,,,False,,,,,,,False,,,,,,,False,,,0.356,12.5,0.0,37.5,,25.0,12.5,25.0,False,12.5,0.0,0.143,37.5,,,False,25.0,1.0,0,0,1.0,0
D,0,CHC,Owen Miller,R,0,False,"4,7",False,Michael King,Right,SD,SD,CHC,"CH, SI, FF, ST",10:00 PM,849843,1,0.1,False,False,False,False,0.0,0,0,0,1,0,0,0,0,0,0,0,0,0.0,17.9,21.4,711.0,44.3,0.0,0.0,2.79,0.75,1.16,335.7,30,🟢 Disciplined,66.0,0.0,,50.0,,,3.8,,,0.0,,,,,,,0.0,,,,,,,0,999,0,0,,,0.0,,,,,,0.0,0.0,0.0,0.0,0.0,0.0,0,0,0.0,0.0,11,11,0,0,0.0,0.0,,0.0,,,,False,,False,36.5,-0.82,False,,,1,0,0,0,0,0,0,-0.82,,,,,False,,False,,False,,False,,,,0,CH(32%):0/0pa  |  SI(27%):0/0pa  |  FF(17%):0/0pa  |  ST(16%):0/0pa,,,,,False,,False,,False,,False,,,,0,,,False,,False,,False,,False,,,,5,0,101.1,20.0,True,0.0,False,0.0,False,4.0,False,0.0,1.0,1.0,,,,,,,,,,2026-09-27,🤔 Average,🤔 Average,🤔 Average,183.3,0.0,,,,,,,,,,,,,,,,,,,,,6.9,5.01,,,,,,32,650633,680911,0,,,,,,,,False,False,,,,,False,,,,,,False,,,,,,,False,,,,,,,False,,,0.672,20.0,0.0,20.0,,20.0,20.0,80.0,False,0.0,0.0,0.5,0.0,,,False,20.0,0.0,0,0,1.0,0
D,0,CHC,Darlyn De Leon,L,0,False,"4,7",False,Michael King,Right,SD,SD,CHC,"CH, SI, FF, ST",10:00 PM,849843,1,0.1,False,False,False,False,0.0,0,0,0,1,0,0,0,0,0,0,0,0,0.0,17.9,21.4,711.0,44.3,0.0,0.0,2.79,0.75,1.16,335.7,30,🔴 Chase Risk,52.0,0.0,,0.0,,,3.8,,,0.0,,,,,,,0.0,,,,,,,0,999,0,0,,,0.0,,,,,,0.0,0.0,0.0,0.0,0.0,0.0,0,0,0.0,0.0,11,11,0,0,0.0,0.0,,0.0,,,,False,,False,36.5,-0.82,False,,,1,0,0,0,0,0,0,-0.82,,,,,False,,False,,False,,False,,,,0,CH(32%):0/0pa  |  SI(27%):0/0pa  |  FF(17%):0/0pa  |  ST(16%):0/0pa,,,,,False,,False,,False,,False,,,,0,,,False,,False,,False,,False,,,,3,0,71.6,0.0,False,0.0,False,0.0,False,22.0,True,0.0,1.0,1.0,,,,,,,,,,2026-09-27,🤔 Average,🤔 Average,🤔 Average,183.3,0.0,,,,,,,,,,,,,,,,,,,,,6.9,5.01,,,,,,32,650633,800391,0,,,,,,,,False,False,,,,,False,,,,,,False,,,,,,,False,,,,,,,False,,,0.294,0.0,0.0,66.7,,33.3,0.0,33.3,False,0.0,0.0,0.0,33.3,,,False,0.0,0.0,0,1,1.0,0
D,0,CHC,Derik Alcantara,L,0,False,"4,7",False,Michael King,Right,SD,SD,CHC,"CH, SI, FF, ST",10:00 PM,849843,1,0.1,False,False,False,False,0.0,0,0,0,1,0,0,0,0,0,0,0,0,0.0,17.9,21.4,711.0,44.3,0.0,0.0,2.79,0.75,1.16,335.7,30,🟢 Disciplined,66.0,0.0,,33.3,,,3.8,,,0.0,,,,,,,0.0,,,,,,,0,999,0,0,,,0.0,,,,,,0.0,0.0,0.0,0.0,0.0,0.0,0,0,0.0,0.0,11,11,0,0,0.0,0.0,,0.0,,,,False,,False,36.5,-0.82,False,,,1,0,0,0,0,0,0,-0.82,,,,,False,,False,,False,,False,,,,0,CH(32%):0/0pa  |  SI(27%):0/0pa  |  FF(17%):0/0pa  |  ST(16%):0/0pa,,,,,False,,False,,False,,False,,,,0,,,False,,False,,False,,False,,,,3,0,99.2,33.3,True,0.0,False,0.0,False,-4.0,False,0.0,1.0,1.0,,,,,,,,,,2026-09-27,🤔 Average,🤔 Average,🤔 Average,183.3,0.0,,,,,,,,,,,,,,,,,,,,,6.9,5.01,,,,,,32,650633,814131,0,,,,,,,,False,False,,,,,False,,,,,,False,,,,,,,False,,,,,,,False,,,0.232,33.3,0.0,33.3,,0.0,0.0,33.3,False,0.0,0.0,0.0,0.0,,,False,0.0,0.0,0,1,1.0,0
D,0,CHC,Devin Ortiz,R,0,False,"4,7",False,Michael King,Right,SD,SD,CHC,"CH, SI, FF, ST",10:00 PM,849843,0,0.0,False,False,False,False,0.0,0,0,0,0,0,0,0,0,0,0,0,0,0.0,17.9,21.4,711.0,44.3,0.0,0.0,2.79,0.75,1.16,335.7,30,⬜ Neutral,52.0,0.0,,0.0,,,3.8,,,0.0,,,,,,,0.0,,,,,,,0,999,0,0,,,0.0,,,,,,0.0,0.0,0.0,0.0,0.0,0.0,0,0,0.0,0.0,11,11,0,0,0.0,0.0,,0.0,,,,False,,False,36.5,-0.82,False,,,1,0,0,0,0,0,0,-0.82,,,,,False,,False,,False,,False,,,,0,CH(32%):0/0pa  |  SI(27%):0/0pa  |  FF(17%):0/0pa  |  ST(16%):0/0pa,,,,,False,,False,,False,,False,,,,0,,,False,,False,,False,,False,,,,0,0,,,False,,False,,False,,False,,1.0,1.0,,,,,,,,,,2026-09-27,🤔 Average,🤔 Average,🤔 Average,183.3,0.0,,,,,,,,,,,,,,,,,,,,,6.9,5.01,,,,,,32,650633,668776,0,,,,,,,,False,False,,,,,False,,,,,,False,,,,,,,False,,,,,,,False,,,,,,,,,,,False,,,,,,,False,,,0,0,1.0,0
D,0,CHC,Owen Ayers,R,0,False,"4,7",False,Michael King,Right,SD,SD,CHC,"CH, SI, FF, ST",10:00 PM,849843,0,0.0,False,False,False,False,0.0,0,0,0,0,0,0,0,0,0,0,0,0,0.0,17.9,21.4,711.0,44.3,0.0,0.0,2.79,0.75,1.16,335.7,30,🔴 Chase Risk,52.0,0.0,,0.0,,,3.8,,,0.0,,,,,,,0.0,,,,,,,0,999,0,0,,,0.0,,,,,,0.0,0.0,0.0,0.0,0.0,0.0,0,0,0.0,0.0,11,11,0,0,0.0,0.0,,0.0,,,,False,,False,36.5,-0.82,False,,,1,0,0,0,0,0,0,-0.82,,,,,False,,False,,False,,False,,,,0,CH(32%):0/0pa  |  SI(27%):0/0pa  |  FF(17%):0/0pa  |  ST(16%):0/0pa,,,,,False,,False,,False,,False,,,,0,,,False,,False,,False,,False,,,,2,0,88.7,50.0,False,0.0,False,100.0,False,40.0,False,0.0,1.0,1.0,,,,,,,,,,2026-09-27,🤔 Average,🤔 Average,🤔 Average,183.3,0.0,,,,,,,,,,,,,,,,0.0,100.0,,,,6.9,5.01,,,,,,32,650633,689196,0,,,,,,,,False,False,,,,,False,,,,,,False,,,,,,,False,,,,,,,False,,,0.442,0.0,0.0,0.0,,50.0,0.0,0.0,False,50.0,0.0,0.0,0.0,,,False,50.0,0.0,0,0,1.0,0
D,0,CHC,Joan Delgado,R,0,False,"4,7",False,Michael King,Right,SD,SD,CHC,"CH, SI, FF, ST",10:00 PM,849843,0,0.0,False,False,False,False,0.0,0,0,0,0,0,0,0,0,0,0,0,0,0.0,17.9,21.4,711.0,44.3,0.0,0.0,2.79,0.75,1.16,335.7,30,🔴 Chase Risk,52.0,0.0,,0.0,,,3.8,,,0.0,,,,,,,0.0,,,,,,,0,999,0,0,,,0.0,,,,,,0.0,0.0,0.0,0.0,0.0,0.0,0,0,0.0,0.0,11,11,0,0,0.0,0.0,,0.0,,,,False,,False,36.5,-0.82,False,,,1,0,0,0,0,0,0,-0.82,,,,,False,,False,,False,,False,,,,0,CH(32%):0/0pa  |  SI(27%):0/0pa  |  FF(17%):0/0pa  |  ST(16%):0/0pa,,,,,False,,False,,False,,False,,,,0,,,False,,False,,False,,False,,,,3,0,78.7,33.3,False,0.0,False,0.0,False,21.5,False,0.0,1.0,1.0,,,,,,,,,,2026-09-27,🤔 Average,🤔 Average,🤔 Average,183.3,0.0,,,,,,,,,,,,,,,,,,,,,6.9,5.01,,,,,,32,650633,805062,0,,,,,,,,False,False,,,,,False,,,,,,False,,,,,,,False,,,,,,,False,,,0.0,33.3,33.3,33.3,,0.0,0.0,0.0,False,0.0,0.0,0.0,0.0,,,False,33.3,0.0,0,0,1.0,0
D,0,CHC,Cesar Lugo,L,0,False,"4,7",False,Michael King,Right,SD,SD,CHC,"CH, SI, FF, ST",10:00 PM,849843,0,0.0,False,False,False,False,0.0,0,0,0,0,0,0,0,0,0,0,0,0,0.0,17.9,21.4,711.0,44.3,0.0,0.0,2.79,0.75,1.16,335.7,30,⬜ Neutral,56.0,0.0,,0.0,,,3.8,,,0.0,,,,,,,0.0,,,,,,,0,999,0,0,,,0.0,,,,,,0.0,0.0,0.0,0.0,0.0,0.0,0,0,0.0,0.0,11,11,0,0,0.0,0.0,,0.0,,,,False,,False,36.5,-0.82,False,,,1,0,0,0,0,0,0,-0.82,,,,,False,,False,,False,,False,,,,0,CH(32%):0/0pa  |  SI(27%):0/0pa  |  FF(17%):0/0pa  |  ST(16%):0/0pa,,,,,False,,False,,False,,False,,,,0,,,False,,False,,False,,False,,,,1,0,64.7,0.0,False,0.0,False,0.0,False,-2.0,False,0.0,1.0,1.0,,,,,,,,,,2026-09-27,🤔 Average,🤔 Average,🤔 Average,183.3,0.0,,,,,,,,,,,,,,,,,,,,,6.9,5.01,,,,,,32,650633,821113,0,,,,,,,,False,False,,,,,False,,,,,,False,,,,,,,False,,,,,,,False,,,0.0,100.0,0.0,0.0,,0.0,0.0,100.0,False,0.0,0.0,0.0,0.0,,,False,0.0,0.0,0,1,1.0,0
D,0,CHC,Dylan Carlson,L,0,False,"4,7",False,Michael King,Right,SD,SD,CHC,"CH, SI, FF, ST",10:00 PM,849843,0,0.0,False,False,False,False,0.0,0,0,0,0,0,0,0,0,0,0,0,0,0.0,17.9,21.4,711.0,44.3,0.0,0.0,2.79,0.75,1.16,335.7,30,🟢 Disciplined,59.0,0.0,,9.1,,,2.8,,,0.0,,,,,,,0.0,,,,,,,0,999,0,0,,,0.0,,,,,,0.0,0.0,0.0,0.0,0.0,0.0,0,0,0.0,0.0,11,11,0,0,0.0,0.0,,0.0,,30.65,2.4,False,,False,36.5,-0.82,False,,,1,0,0,0,0,0,0,-0.82,,,,,False,,False,,False,,False,,,,0,CH(32%):0/0pa  |  SI(27%):0/0pa  |  FF(17%):0/0pa  |  ST(16%):0/0pa,,,,,False,,False,,False,,False,,,,0,,,False,,False,,False,,False,,,,19,0,82.6,5.3,False,0.0,False,10.5,False,1.8,False,0.0,1.0,1.0,,,,,,,,,,2026-09-27,🤔 Average,🤔 Average,🤔 Average,183.3,0.0,,,,,,,,,,,,,,,,,,,,,6.9,5.01,,,,,,32,650633,666185,0,,,,,,,,False,False,,,,,False,,,,,,False,,,,,,,False,,,,,,,False,,,0.213,31.6,0.0,42.1,,15.8,0.0,26.3,False,5.3,0.0,0.0,10.5,0.0,,False,31.6,0.0,0,1,1.0,0
D,0,CHC,Jefferson Rojas,R,0,False,"4,7",False,Michael King,Right,SD,SD,CHC,"CH, SI, FF, ST",10:00 PM,849843,2,0.2,False,False,False,False,0.0,0,0,0,2,0,0,0,0,0,0,0,0,0.0,17.9,21.4,711.0,44.3,0.0,0.0,2.79,0.75,1.16,335.7,30,⬜ Neutral,56.0,0.0,,0.0,,,3.8,,,0.0,,,,,,,0.0,,,,,,,0,999,0,0,,,0.0,,,,,,0.0,0.0,0.0,0.0,0.0,0.0,0,0,0.0,0.0,11,11,0,0,0.0,0.0,,0.0,,24.14,39.2,False,,False,36.5,-0.82,False,,,1,0,0,0,0,0,0,-0.82,,,,,False,,False,,False,,False,,,,0,CH(32%):0/0pa  |  SI(27%):0/0pa  |  FF(17%):0/0pa  |  ST(16%):0/0pa,,,,,False,,False,,False,,False,,,,0,,,False,,False,,False,,False,,,,8,1,89.9,25.0,False,0.0,False,25.0,True,49.5,False,12.5,1.0,1.0,,,,,,,,,,2026-09-27,🤔 Average,🤔 Average,🤔 Average,183.3,0.0,,,,,,,,,,,,,,,,,,,,,6.9,5.01,,,,,,32,650633,800473,0,,,,,,,,False,False,,,,,False,,,,,,False,,,,,,,False,,,,,,,False,,,0.263,0.0,37.5,25.0,,12.5,12.5,37.5,True,25.0,0.0,0.375,12.5,,,False,25.0,1.0,0,0,1.0,0
D,0,CHC,Kane Kepley,L,0,False,"4,7",False,Michael King,Right,SD,SD,CHC,"CH, SI, FF, ST",10:00 PM,849843,0,0.0,False,False,False,False,0.0,0,0,0,0,0,0,0,0,0,0,0,0,0.0,17.9,21.4,711.0,44.3,0.0,0.0,2.79,0.75,1.16,335.7,30,🟢 Disciplined,66.0,0.0,,20.0,,,3.8,,,0.0,,,,,,,0.0,,,,,,,0,999,0,0,,,0.0,,,,,,0.0,0.0,0.0,0.0,0.0,0.0,0,0,0.0,0.0,11,11,0,0,0.0,0.0,,0.0,,,,False,,False,36.5,-0.82,False,,,1,0,0,0,0,0,0,-0.82,,,,,False,,False,,False,,False,,,,0,CH(32%):0/0pa  |  SI(27%):0/0pa  |  FF(17%):0/0pa  |  ST(16%):0/0pa,,,,,False,,False,,False,,False,,,,0,,,False,,False,,False,,False,,,,8,0,88.0,0.0,False,0.0,False,12.5,False,18.3,False,0.0,1.0,1.0,,,,,,,,,,2026-09-27,🤔 Average,🤔 Average,🤔 Average,183.3,0.0,,,,,,,,,,,,,,,,0.0,100.0,,,,6.9,5.01,,,,,,32,650633,823807,0,,,,,,,,False,False,,,,,False,,,,,,False,,,,,,,False,,,,,,,False,,,0.285,12.5,0.0,37.5,,12.5,0.0,75.0,False,0.0,0.0,0.0,12.5,,,False,25.0,0.0,0,1,1.0,0
D,0,CHC,Carter Trice,R,0,False,"4,7",False,Michael King,Right,SD,SD,CHC,"CH, SI, FF, ST",10:00 PM,849843,2,0.2,False,False,False,False,0.0,0,0,0,2,0,0,0,0,0,0,0,0,0.0,17.9,21.4,711.0,44.3,0.0,0.0,2.79,0.75,1.16,335.7,30,🟡 Watch,54.0,0.0,,20.0,,,3.8,,,0.0,,,,,,,0.0,,,,,,,0,999,0,0,,,0.0,,,,,,0.0,0.0,0.0,0.0,0.0,0.0,0,0,0.0,0.0,11,11,0,0,0.0,0.0,,0.0,,,,False,,False,36.5,-0.82,False,,,1,0,0,0,0,0,0,-0.82,,,,,False,,False,,False,,False,,,,0,CH(32%):0/0pa  |  SI(27%):0/0pa  |  FF(17%):0/0pa  |  ST(16%):0/0pa,,,,,False,,False,,False,,False,,,,0,,,False,,False,,False,,False,,,,3,0,96.9,33.3,True,0.0,False,33.3,True,56.0,False,0.0,1.0,1.0,,,,,,,,,,2026-09-27,🤔 Average,🤔 Average,🤔 Average,183.3,0.0,,,,,,,,,,,,,,,,0.0,100.0,,,,6.9,5.01,,,,,,32,650633,807714,0,,,,,,,,False,False,,,,,False,,,,,,False,,,,,,,False,,,,,,,False,,,0.232,0.0,0.0,33.3,,0.0,0.0,33.3,False,0.0,0.0,0.0,0.0,,,False,0.0,0.0,0,0,1.0,0
D,0,CHC,Karson Simas,R,0,False,"4,7",False,Michael King,Right,SD,SD,CHC,"CH, SI, FF, ST",10:00 PM,849843,0,0.0,False,False,False,False,0.0,0,0,0,0,0,0,0,0,0,0,0,0,0.0,17.9,21.4,711.0,44.3,0.0,0.0,2.79,0.75,1.16,335.7,30,🔴 Chase Risk,48.0,0.0,,0.0,,,3.8,,,0.0,,,,,,,0.0,,,,,,,0,999,0,0,,,0.0,,,,,,0.0,0.0,0.0,0.0,0.0,0.0,0,0,0.0,0.0,11,11,0,0,0.0,0.0,,0.0,,,,False,,False,36.5,-0.82,False,,,1,0,0,0,0,0,0,-0.82,,,,,False,,False,,False,,False,,,,0,CH(32%):0/0pa  |  SI(27%):0/0pa  |  FF(17%):0/0pa  |  ST(16%):0/0pa,,,,,False,,False,,False,,False,,,,0,,,False,,False,,False,,False,,,,1,0,,0.0,False,0.0,False,0.0,False,,False,0.0,1.0,1.0,,,,,,,,,,2026-09-27,🤔 Average,🤔 Average,🤔 Average,183.3,0.0,,,,,,,,,,,,,,,,,,,,,6.9,5.01,,,,,,32,650633,689302,0,,,,,,,,False,False,,,,,False,,,,,,False,,,,,,,False,,,,,,,False,,,0.0,0.0,0.0,100.0,,0.0,0.0,0.0,False,0.0,0.0,0.0,0.0,,,False,0.0,0.0,0,0,1.0,0
D,0,CHC,Hayden Cantrelle,L,0,False,"4,7",False,Michael King,Right,SD,SD,CHC,"CH, SI, FF, ST",10:00 PM,849843,4,0.4,False,False,False,False,0.0,0,0,0,4,0,0,0,0,0,0,0,0,0.0,17.9,21.4,711.0,44.3,0.0,0.0,2.79,0.75,1.16,335.7,30,🔴 Chase Risk,56.0,0.0,,0.0,,,3.8,,,0.0,,,,,,,0.0,,,,,,,0,999,0,0,,,0.0,,,,,,0.0,0.0,0.0,0.0,0.0,0.0,0,0,0.0,0.0,11,11,0,0,0.0,0.0,,0.0,,,,False,,False,36.5,-0.82,False,,,1,0,0,0,0,0,0,-0.82,,,,,False,,False,,False,,False,,,,0,CH(32%):0/0pa  |  SI(27%):0/0pa  |  FF(17%):0/0pa  |  ST(16%):0/0pa,,,,,False,,False,,False,,False,,,,0,,,False,,False,,False,,False,,,,3,0,99.6,66.7,True,33.3,True,66.7,True,36.0,False,0.0,1.0,1.0,,,,,,,,,,2026-09-27,🤔 Average,🤔 Average,🤔 Average,183.3,0.0,,,,,,,,,,,,,,,,,,,,,6.9,5.01,,,,,,32,650633,676463,0,,,,,,,,False,False,,,,,False,,,,,,False,,,,,,,False,,,,,,,False,,,0.424,0.0,0.0,33.3,,33.3,33.3,66.7,True,66.7,33.3,0.333,33.3,,,False,66.7,1.0,0,1,1.0,0
D,0,CHC,Jan Luis Reyes,L,0,False,"4,7",False,Michael King,Right,SD,SD,CHC,"CH, SI, FF, ST",10:00 PM,849843,0,0.0,False,False,False,False,0.0,0,0,0,0,0,0,0,0,0,0,0,0,0.0,17.9,21.4,711.0,44.3,0.0,0.0,2.79,0.75,1.16,335.7,30,🔴 Chase Risk,52.0,0.0,,0.0,,,3.8,,,0.0,,,,,,,0.0,,,,,,,0,999,0,0,,,0.0,,,,,,0.0,0.0,0.0,0.0,0.0,0.0,0,0,0.0,0.0,11,11,0,0,0.0,0.0,,0.0,,,,False,,False,36.5,-0.82,False,,,1,0,0,0,0,0,0,-0.82,,,,,False,,False,,False,,False,,,,0,CH(32%):0/0pa  |  SI(27%):0/0pa  |  FF(17%):0/0pa  |  ST(16%):0/0pa,,,,,False,,False,,False,,False,,,,0,,,False,,False,,False,,False,,,,1,0,,0.0,False,0.0,False,0.0,False,,False,0.0,1.0,1.0,,,,,,,,,,2026-09-27,🤔 Average,🤔 Average,🤔 Average,183.3,0.0,,,,,,,,,,,,,,,,,,,,,6.9,5.01,,,,,,32,650633,813939,0,,,,,,,,False,False,,,,,False,,,,,,False,,,,,,,False,,,,,,,False,,,0.0,0.0,0.0,100.0,,0.0,0.0,0.0,False,0.0,0.0,0.0,0.0,,,False,0.0,0.0,0,1,1.0,0
D,0,CHC,Jordan Nwogu,R,0,False,"4,7",False,Michael King,Right,SD,SD,CHC,"CH, SI, FF, ST",10:00 PM,849843,2,0.2,False,False,False,False,0.0,0,0,0,2,0,0,0,0,0,0,0,0,0.0,17.9,21.4,711.0,44.3,0.0,0.0,2.79,0.75,1.16,335.7,30,🟢 Disciplined,62.0,0.0,,16.7,,,3.8,,,0.0,,,,,,,0.0,,,,,,,0,999,0,0,,,0.0,,,,,,0.0,0.0,0.0,0.0,0.0,0.0,0,0,0.0,0.0,11,11,0,0,0.0,0.0,,0.0,,,,False,,False,36.5,-0.82,False,,,1,0,0,0,0,0,0,-0.82,,,,,False,,False,,False,,False,,,,0,CH(32%):0/0pa  |  SI(27%):0/0pa  |  FF(17%):0/0pa  |  ST(16%):0/0pa,,,,,False,,False,,False,,False,,,,0,,,False,,False,,False,,False,,,,4,0,94.6,50.0,True,0.0,False,25.0,True,36.3,False,0.0,1.0,1.0,,,,,,,,,,2026-09-27,🤔 Average,🤔 Average,🤔 Average,183.3,0.0,,,,,,,,,,,,,,,,0.0,100.0,,,,6.9,5.01,,,,,,32,650633,685087,0,,,,,,,,False,False,,,,,False,,,,,,False,,,,,,,False,,,,,,,False,,,0.395,0.0,25.0,0.0,,25.0,0.0,25.0,False,0.0,0.0,0.0,25.0,,,False,25.0,0.0,0,0,1.0,0
D,0,CHC,Jaylen Palmer,R,0,False,"4,7",False,Michael King,Right,SD,SD,CHC,"CH, SI, FF, ST",10:00 PM,849843,0,0.0,False,False,False,False,0.0,0,0,0,0,0,0,0,0,0,0,0,0,0.0,17.9,21.4,711.0,44.3,0.0,0.0,2.79,0.75,1.16,335.7,30,🟢 Disciplined,58.0,0.0,,25.0,,,3.8,,,0.0,,,,,,,0.0,,,,,,,0,999,0,0,,,0.0,,,,,,0.0,0.0,0.0,0.0,0.0,0.0,0,0,0.0,0.0,11,11,0,0,0.0,0.0,,0.0,,,,False,,False,36.5,-0.82,False,,,1,0,0,0,0,0,0,-0.82,,,,,False,,False,,False,,False,,,,0,CH(32%):0/0pa  |  SI(27%):0/0pa  |  FF(17%):0/0pa  |  ST(16%):0/0pa,,,,,False,,False,,False,,False,,,,0,,,False,,False,,False,,False,,,,4,0,,0.0,False,0.0,False,0.0,False,,False,0.0,1.0,1.0,,,,,,,,,,2026-09-27,🤔 Average,🤔 Average,🤔 Average,183.3,0.0,,,,,,,,,,,,,,,,,,,,,6.9,5.01,,,,,,32,650633,681941,0,,,,,,,,False,False,,,,,False,,,,,,False,,,,,,,False,,,,,,,False,,,0.356,0.0,0.0,50.0,,0.0,0.0,25.0,False,0.0,0.0,0.0,0.0,,,False,0.0,0.0,0,0,1.0,0
D,0,CHC,Ben Cowles,R,0,False,"4,7",False,Michael King,Right,SD,SD,CHC,"CH, SI, FF, ST",10:00 PM,849843,2,0.2,False,False,False,False,0.0,0,0,0,2,0,0,0,0,0,0,0,0,0.0,17.9,21.4,711.0,44.3,0.0,0.0,2.79,0.75,1.16,335.7,30,🔴 Chase Risk,52.0,0.0,,0.0,,,3.8,,,0.0,,,,,,,0.0,,,,,,,0,999,0,0,,,0.0,,,,,,0.0,0.0,0.0,0.0,0.0,0.0,0,0,0.0,0.0,11,11,0,0,0.0,0.0,,0.0,,,,False,,False,36.5,-0.82,False,,,1,0,0,0,0,0,0,-0.82,,,,,False,,False,,False,,False,,,,0,CH(32%):0/0pa  |  SI(27%):0/0pa  |  FF(17%):0/0pa  |  ST(16%):0/0pa,,,,,False,,False,,False,,False,,,,0,,,False,,False,,False,,False,,,,4,0,85.0,25.0,False,0.0,False,50.0,True,43.5,False,0.0,1.0,1.0,,,,,,,,,,2026-09-27,🤔 Average,🤔 Average,🤔 Average,183.3,0.0,,,,,,,,,,,,,,,,,,,,,6.9,5.01,,,,,,32,650633,701496,0,,,,,,,,False,False,,,,,False,,,,,,False,,,,,,,False,,,,,,,False,,,0.221,0.0,0.0,50.0,,25.0,0.0,25.0,True,25.0,0.0,0.0,0.0,,,False,25.0,0.0,0,0,1.0,0
D,0,CHC,Leonel Espinoza,R,0,False,"4,7",False,Michael King,Right,SD,SD,CHC,"CH, SI, FF, ST",10:00 PM,849843,1,0.1,False,False,False,False,0.0,0,0,0,1,0,0,0,0,0,0,0,0,0.0,17.9,21.4,711.0,44.3,0.0,0.0,2.79,0.75,1.16,335.7,30,⬜ Neutral,52.0,0.0,,0.0,,,3.8,,,0.0,,,,,,,0.0,,,,,,,0,999,0,0,,,0.0,,,,,,0.0,0.0,0.0,0.0,0.0,0.0,0,0,0.0,0.0,11,11,0,0,0.0,0.0,,0.0,,,,False,,False,36.5,-0.82,False,,,1,0,0,0,0,0,0,-0.82,,,,,False,,False,,False,,False,,,,0,CH(32%):0/0pa  |  SI(27%):0/0pa  |  FF(17%):0/0pa  |  ST(16%):0/0pa,,,,,False,,False,,False,,False,,,,0,,,False,,False,,False,,False,,,,3,0,82.5,0.0,False,0.0,False,0.0,False,26.0,True,0.0,1.0,1.0,,,,,,,,,,2026-09-27,🤔 Average,🤔 Average,🤔 Average,183.3,0.0,,,,,,,,,,,,,,,,,,,,,6.9,5.01,,,,,,32,650633,696083,0,,,,,,,,False,False,,,,,False,,,,,,False,,,,,,,False,,,,,,,False,,,0.424,66.7,33.3,0.0,,33.3,33.3,0.0,False,0.0,0.0,0.333,0.0,,,False,33.3,0.0,0,0,1.0,0
D,0,CHC,Angel Cepeda,R,0,False,"4,7",False,Michael King,Right,SD,SD,CHC,"CH, SI, FF, ST",10:00 PM,849843,0,0.0,False,False,False,False,0.0,0,0,0,0,0,0,0,0,0,0,0,0,0.0,17.9,21.4,711.0,44.3,0.0,0.0,2.79,0.75,1.16,335.7,30,🔴 Chase Risk,44.0,0.0,,0.0,,,3.8,,,0.0,,,,,,,0.0,,,,,,,0,999,0,0,,,0.0,,,,,,0.0,0.0,0.0,0.0,0.0,0.0,0,0,0.0,0.0,11,11,0,0,0.0,0.0,,0.0,,,,False,,False,36.5,-0.82,False,,,1,0,0,0,0,0,0,-0.82,,,,,False,,False,,False,,False,,,,0,CH(32%):0/0pa  |  SI(27%):0/0pa  |  FF(17%):0/0pa  |  ST(16%):0/0pa,,,,,False,,False,,False,,False,,,,0,,,False,,False,,False,,False,,,,2,0,81.8,0.0,False,0.0,False,50.0,False,32.0,False,0.0,1.0,1.0,,,,,,,,,,2026-09-27,🤔 Average,🤔 Average,🤔 Average,183.3,0.0,,,,,,,,,,,,,,,,0.0,100.0,,,,6.9,5.01,,,,,,32,650633,806980,0,,,,,,,,False,False,,,,,False,,,,,,False,,,,,,,False,,,,,,,False,,,0.0,0.0,0.0,50.0,,0.0,0.0,0.0,False,0.0,0.0,0.0,50.0,,,False,0.0,0.0,0,0,1.0,0
D,0,CHC,Cole Mathis,R,0,False,"4,7",False,Michael King,Right,SD,SD,CHC,"CH, SI, FF, ST",10:00 PM,849843,0,0.0,False,False,False,False,0.0,0,0,0,0,0,0,0,0,0,0,0,0,0.0,17.9,21.4,711.0,44.3,0.0,0.0,2.79,0.75,1.16,335.7,30,⬜ Neutral,52.0,0.0,,0.0,,,3.8,,,0.0,,,,,,,0.0,,,,,,,0,999,0,0,,,0.0,,,,,,0.0,0.0,0.0,0.0,0.0,0.0,0,0,0.0,0.0,11,11,0,0,0.0,0.0,,0.0,,,,False,,False,36.5,-0.82,False,,,1,0,0,0,0,0,0,-0.82,,,,,False,,False,,False,,False,,,,0,CH(32%):0/0pa  |  SI(27%):0/0pa  |  FF(17%):0/0pa  |  ST(16%):0/0pa,,,,,False,,False,,False,,False,,,,0,,,False,,False,,False,,False,,,,1,0,72.9,0.0,False,0.0,False,0.0,False,-18.0,False,0.0,1.0,1.0,,,,,,,,,,2026-09-27,🤔 Average,🤔 Average,🤔 Average,183.3,0.0,,,,,,,,,,,,,,,,,,,,,6.9,5.01,,,,,,32,650633,695573,0,,,,,,,,False,False,,,,,False,,,,,,False,,,,,,,False,,,,,,,False,,,0.883,100.0,0.0,0.0,,100.0,0.0,100.0,False,0.0,0.0,0.0,0.0,,,False,0.0,0.0,0,0,1.0,0
D,0,CHC,Ariel Armas,R,0,False,"4,7",False,Michael King,Right,SD,SD,CHC,"CH, SI, FF, ST",10:00 PM,849843,0,0.0,False,False,False,False,0.0,0,0,0,0,0,0,0,0,0,0,0,0,0.0,17.9,21.4,711.0,44.3,0.0,0.0,2.79,0.75,1.16,335.7,30,⬜ Neutral,52.0,0.0,,0.0,,,3.8,,,0.0,,,,,,,0.0,,,,,,,0,999,0,0,,,0.0,,,,,,0.0,0.0,0.0,0.0,0.0,0.0,0,0,0.0,0.0,11,11,0,0,0.0,0.0,,0.0,,,,False,,False,36.5,-0.82,False,,,1,0,0,0,0,0,0,-0.82,,,,,False,,False,,False,,False,,,,0,CH(32%):0/0pa  |  SI(27%):0/0pa  |  FF(17%):0/0pa  |  ST(16%):0/0pa,,,,,False,,False,,False,,False,,,,0,,,False,,False,,False,,False,,,,1,0,93.8,0.0,False,0.0,False,100.0,False,47.0,False,0.0,1.0,1.0,,,,,,,,,,2026-09-27,🤔 Average,🤔 Average,🤔 Average,183.3,0.0,,,,,,,,,,,,,,,,,,,,,6.9,5.01,,,,,,32,650633,813666,0,,,,,,,,False,False,,,,,False,,,,,,False,,,,,,,False,,,,,,,False,,,0.0,0.0,0.0,0.0,,0.0,0.0,100.0,False,100.0,0.0,0.0,0.0,,,False,100.0,0.0,0,0,1.0,0
D,0,CHC,Kade Snell,L,0,False,"4,7",False,Michael King,Right,SD,SD,CHC,"CH, SI, FF, ST",10:00 PM,849843,2,0.2,False,False,False,False,0.0,0,0,0,2,0,0,0,0,0,0,0,0,0.0,17.9,21.4,711.0,44.3,0.0,0.0,2.79,0.75,1.16,335.7,30,🟢 Disciplined,66.0,0.0,,20.0,,,3.8,,,0.0,,,,,,,0.0,,,,,,,0,999,0,0,,,0.0,,,,,,0.0,0.0,0.0,0.0,0.0,0.0,0,0,0.0,0.0,11,11,0,0,0.0,0.0,,0.0,,,,False,,False,36.5,-0.82,False,,,1,0,0,0,0,0,0,-0.82,,,,,False,,False,,False,,False,,,,0,CH(32%):0/0pa  |  SI(27%):0/0pa  |  FF(17%):0/0pa  |  ST(16%):0/0pa,,,,,False,,False,,False,,False,,,,0,,,False,,False,,False,,False,,,,4,0,109.8,50.0,True,0.0,False,25.0,True,19.5,False,0.0,1.0,1.0,,,,,,,,,,2026-09-27,🤔 Average,🤔 Average,🤔 Average,183.3,0.0,,,,,,,,,,,,,,,,50.0,50.0,,,,6.9,5.01,,,,,,32,650633,820835,0,,,,,,,,False,False,,,,,False,,,,,,False,,,,,,,False,,,,,,,False,,,0.896,0.0,0.0,25.0,,50.0,50.0,75.0,False,0.0,0.0,1.0,50.0,,,False,25.0,1.0,0,1,1.0,0
D,0,CHC,Ty Southisene,R,0,False,"4,7",False,Michael King,Right,SD,SD,CHC,"CH, SI, FF, ST",10:00 PM,849843,0,0.0,False,False,False,False,0.0,0,0,0,0,0,0,0,0,0,0,0,0,0.0,17.9,21.4,711.0,44.3,0.0,0.0,2.79,0.75,1.16,335.7,30,🟡 Watch,54.0,0.0,,20.0,,,3.8,,,0.0,,,,,,,0.0,,,,,,,0,999,0,0,,,0.0,,,,,,0.0,0.0,0.0,0.0,0.0,0.0,0,0,0.0,0.0,11,11,0,0,0.0,0.0,,0.0,,,,False,,False,36.5,-0.82,False,,,1,0,0,0,0,0,0,-0.82,,,,,False,,False,,False,,False,,,,0,CH(32%):0/0pa  |  SI(27%):0/0pa  |  FF(17%):0/0pa  |  ST(16%):0/0pa,,,,,False,,False,,False,,False,,,,0,,,False,,False,,False,,False,,,,3,0,,0.0,False,0.0,False,0.0,False,,False,0.0,1.0,1.0,,,,,,,,,,2026-09-27,🤔 Average,🤔 Average,🤔 Average,183.3,0.0,,,,,,,,,,,,,,,,0.0,100.0,,,,6.9,5.01,,,,,,32,650633,807257,0,,,,,,,,False,False,,,,,False,,,,,,False,,,,,,,False,,,,,,,False,,,0.232,0.0,0.0,66.7,,0.0,0.0,33.3,False,0.0,0.0,0.0,0.0,,,False,0.0,0.0,0,0,1.0,0
D,0,CHC,Alexey Lumpuy,L,0,False,"4,7",False,Michael King,Right,SD,SD,CHC,"CH, SI, FF, ST",10:00 PM,849843,0,0.0,False,False,False,False,0.0,0,0,0,0,0,0,0,0,0,0,0,0,0.0,17.9,21.4,711.0,44.3,0.0,0.0,2.79,0.75,1.16,335.7,30,⬜ Neutral,52.0,0.0,,0.0,,,3.8,,,0.0,,,,,,,0.0,,,,,,,0,999,0,0,,,0.0,,,,,,0.0,0.0,0.0,0.0,0.0,0.0,0,0,0.0,0.0,11,11,0,0,0.0,0.0,,0.0,,,,False,,False,36.5,-0.82,False,,,1,0,0,0,0,0,0,-0.82,,,,,False,,False,,False,,False,,,,0,CH(32%):0/0pa  |  SI(27%):0/0pa  |  FF(17%):0/0pa  |  ST(16%):0/0pa,,,,,False,,False,,False,,False,,,,0,,,False,,False,,False,,False,,,,1,0,64.3,0.0,False,0.0,False,0.0,False,-49.0,False,0.0,1.0,1.0,,,,,,,,,,2026-09-27,🤔 Average,🤔 Average,🤔 Average,183.3,0.0,,,,,,,,,,,,,,,,,,,,,6.9,5.01,,,,,,32,650633,815121,0,,,,,,,,False,False,,,,,False,,,,,,False,,,,,,,False,,,,,,,False,,,0.0,100.0,0.0,0.0,,0.0,0.0,0.0,False,0.0,0.0,0.0,0.0,,,False,100.0,0.0,0,1,1.0,0
D,0,CHC,Edgar Alvarez,L,0,False,"4,7",False,Michael King,Right,SD,SD,CHC,"CH, SI, FF, ST",10:00 PM,849843,2,0.2,False,False,False,False,0.0,0,0,0,2,0,0,0,0,0,0,0,0,0.0,17.9,21.4,711.0,44.3,0.0,0.0,2.79,0.75,1.16,335.7,30,⬜ Neutral,48.0,0.0,,0.0,,,3.8,,,0.0,,,,,,,0.0,,,,,,,0,999,0,0,,,0.0,,,,,,0.0,0.0,0.0,0.0,0.0,0.0,0,0,0.0,0.0,11,11,0,0,0.0,0.0,,0.0,,,,False,,False,36.5,-0.82,False,,,1,0,0,0,0,0,0,-0.82,,,,,False,,False,,False,,False,,,,0,CH(32%):0/0pa  |  SI(27%):0/0pa  |  FF(17%):0/0pa  |  ST(16%):0/0pa,,,,,False,,False,,False,,False,,,,0,,,False,,False,,False,,False,,,,3,0,78.5,0.0,False,0.0,False,33.3,True,27.5,True,0.0,1.0,1.0,,,,,,,,,,2026-09-27,🤔 Average,🤔 Average,🤔 Average,183.3,0.0,,,,,,,,,,,,,,,,,,,,,6.9,5.01,,,,,,32,650633,827294,0,,,,,,,,False,False,,,,,False,,,,,,False,,,,,,,False,,,,,,,False,,,0.294,33.3,0.0,33.3,,33.3,0.0,33.3,False,0.0,0.0,0.0,33.3,,,False,33.3,0.0,0,1,1.0,0
D,0,CHC,Eli Lovich,L,0,False,"4,7",False,Michael King,Right,SD,SD,CHC,"CH, SI, FF, ST",10:00 PM,849843,0,0.0,False,False,False,False,0.0,0,0,0,0,0,0,0,0,0,0,0,0,0.0,17.9,21.4,711.0,44.3,0.0,0.0,2.79,0.75,1.16,335.7,30,🔴 Chase Risk,52.0,0.0,,0.0,,,3.8,,,0.0,,,,,,,0.0,,,,,,,0,999,0,0,,,0.0,,,,,,0.0,0.0,0.0,0.0,0.0,0.0,0,0,0.0,0.0,11,11,0,0,0.0,0.0,,0.0,,,,False,,False,36.5,-0.82,False,,,1,0,0,0,0,0,0,-0.82,,,,,False,,False,,False,,False,,,,0,CH(32%):0/0pa  |  SI(27%):0/0pa  |  FF(17%):0/0pa  |  ST(16%):0/0pa,,,,,False,,False,,False,,False,,,,0,,,False,,False,,False,,False,,,,2,0,73.1,0.0,False,0.0,False,0.0,False,-5.0,False,0.0,1.0,1.0,,,,,,,,,,2026-09-27,🤔 Average,🤔 Average,🤔 Average,183.3,0.0,,,,,,,,,,,,,,,,,,,,,6.9,5.01,,,,,,32,650633,815654,0,,,,,,,,False,False,,,,,False,,,,,,False,,,,,,,False,,,,,,,False,,,0.0,50.0,0.0,50.0,,0.0,0.0,0.0,False,0.0,0.0,0.0,0.0,,,False,0.0,0.0,0,1,1.0,0
D,0,CHC,Juan Cabada,L,0,False,"4,7",False,Michael King,Right,SD,SD,CHC,"CH, SI, FF, ST",10:00 PM,849843,0,0.0,False,False,False,False,0.0,0,0,0,0,0,0,0,0,0,0,0,0,0.0,17.9,21.4,711.0,44.3,0.0,0.0,2.79,0.75,1.16,335.7,30,🟡 Watch,44.0,0.0,,0.0,,,3.8,,,0.0,,,,,,,0.0,,,,,,,0,999,0,0,,,0.0,,,,,,0.0,0.0,0.0,0.0,0.0,0.0,0,0,0.0,0.0,11,11,0,0,0.0,0.0,,0.0,,,,False,,False,36.5,-0.82,False,,,1,0,0,0,0,0,0,-0.82,,,,,False,,False,,False,,False,,,,0,CH(32%):0/0pa  |  SI(27%):0/0pa  |  FF(17%):0/0pa  |  ST(16%):0/0pa,,,,,False,,False,,False,,False,,,,0,,,False,,False,,False,,False,,,,1,0,56.6,0.0,False,0.0,False,0.0,False,-74.0,False,0.0,1.0,1.0,,,,,,,,,,2026-09-27,🤔 Average,🤔 Average,🤔 Average,183.3,0.0,,,,,,,,,,,,,,,,,,,,,6.9,5.01,,,,,,32,650633,829040,0,,,,,,,,False,False,,,,,False,,,,,,False,,,,,,,False,,,,,,,False,,,0.883,100.0,0.0,0.0,,100.0,0.0,0.0,False,0.0,0.0,0.0,0.0,,,False,0.0,0.0,0,1,1.0,0
D,0,CHC,Matt Halbach,R,0,False,"4,7",False,Michael King,Right,SD,SD,CHC,"CH, SI, FF, ST",10:00 PM,849843,0,0.0,False,False,False,False,0.0,0,0,0,0,0,0,0,0,0,0,0,0,0.0,17.9,21.4,711.0,44.3,0.0,0.0,2.79,0.75,1.16,335.7,30,⬜ Neutral,56.0,0.0,,0.0,,,3.8,,,0.0,,,,,,,0.0,,,,,,,0,999,0,0,,,0.0,,,,,,0.0,0.0,0.0,0.0,0.0,0.0,0,0,0.0,0.0,11,11,0,0,0.0,0.0,,0.0,,,,False,,False,36.5,-0.82,False,,,1,0,0,0,0,0,0,-0.82,,,,,False,,False,,False,,False,,,,0,CH(32%):0/0pa  |  SI(27%):0/0pa  |  FF(17%):0/0pa  |  ST(16%):0/0pa,,,,,False,,False,,False,,False,,,,0,,,False,,False,,False,,False,,,,1,0,104.6,100.0,False,0.0,False,0.0,False,9.0,False,0.0,1.0,1.0,,,,,,,,,,2026-09-27,🤔 Average,🤔 Average,🤔 Average,183.3,0.0,,,,,,,,,,,,,,,,,,,,,6.9,5.01,,,,,,32,650633,801561,0,,,,,,,,False,False,,,,,False,,,,,,False,,,,,,,False,,,,,,,False,,,0.883,0.0,0.0,0.0,,100.0,0.0,100.0,False,0.0,0.0,0.0,100.0,,,False,0.0,0.0,0,0,1.0,0
D,0,CHC,Alex Madera,L,0,False,"4,7",False,Michael King,Right,SD,SD,CHC,"CH, SI, FF, ST",10:00 PM,849843,0,0.0,False,False,False,False,0.0,0,0,0,0,0,0,0,0,0,0,0,0,0.0,17.9,21.4,711.0,44.3,0.0,0.0,2.79,0.75,1.16,335.7,30,🔴 Chase Risk,56.0,0.0,,0.0,,,3.8,,,0.0,,,,,,,0.0,,,,,,,0,999,0,0,,,0.0,,,,,,0.0,0.0,0.0,0.0,0.0,0.0,0,0,0.0,0.0,11,11,0,0,0.0,0.0,,0.0,,,,False,,False,36.5,-0.82,False,,,1,0,0,0,0,0,0,-0.82,,,,,False,,False,,False,,False,,,,0,CH(32%):0/0pa  |  SI(27%):0/0pa  |  FF(17%):0/0pa  |  ST(16%):0/0pa,,,,,False,,False,,False,,False,,,,0,,,False,,False,,False,,False,,,,3,0,92.7,33.3,False,0.0,False,0.0,False,-24.5,False,0.0,1.0,1.0,,,,,,,,,,2026-09-27,🤔 Average,🤔 Average,🤔 Average,183.3,0.0,,,,,,,,,,,,,,,,,,,,,6.9,5.01,,,,,,32,650633,823702,0,,,,,,,,False,False,,,,,False,,,,,,False,,,,,,,False,,,,,,,False,,,0.294,66.7,0.0,33.3,,33.3,0.0,66.7,False,0.0,0.0,0.0,0.0,,,False,33.3,0.0,0,1,1.0,0
D,0,CHC,Casey Opitz,L,0,False,"4,7",False,Michael King,Right,SD,SD,CHC,"CH, SI, FF, ST",10:00 PM,849843,0,0.0,False,False,False,False,0.0,0,0,0,0,0,0,0,0,0,0,0,0,0.0,17.9,21.4,711.0,44.3,0.0,0.0,2.79,0.75,1.16,335.7,30,🔴 Chase Risk,52.0,0.0,,0.0,,,3.8,,,0.0,,,,,,,0.0,,,,,,,0,999,0,0,,,0.0,,,,,,0.0,0.0,0.0,0.0,0.0,0.0,0,0,0.0,0.0,11,11,0,0,0.0,0.0,,0.0,,,,False,,False,36.5,-0.82,False,,,1,0,0,0,0,0,0,-0.82,,,,,False,,False,,False,,False,,,,0,CH(32%):0/0pa  |  SI(27%):0/0pa  |  FF(17%):0/0pa  |  ST(16%):0/0pa,,,,,False,,False,,False,,False,,,,0,,,False,,False,,False,,False,,,,1,0,,0.0,False,0.0,False,0.0,False,,False,0.0,1.0,1.0,,,,,,,,,,2026-09-27,🤔 Average,🤔 Average,🤔 Average,183.3,0.0,,,,,,,,,,,,,,,,,,,,,6.9,5.01,,,,,,32,650633,676053,0,,,,,,,,False,False,,,,,False,,,,,,False,,,,,,,False,,,,,,,False,,,0.0,0.0,0.0,100.0,,0.0,0.0,100.0,False,0.0,0.0,0.0,0.0,,,False,0.0,0.0,0,1,1.0,0
D,0,CHC,Drew Bowser,R,0,False,"4,7",False,Michael King,Right,SD,SD,CHC,"CH, SI, FF, ST",10:00 PM,849843,0,0.0,False,False,False,False,0.0,0,0,0,0,0,0,0,0,0,0,0,0,0.0,17.9,21.4,711.0,44.3,0.0,0.0,2.79,0.75,1.16,335.7,30,🔴 Chase Risk,48.0,0.0,,0.0,,,3.8,,,0.0,,,,,,,0.0,,,,,,,0,999,0,0,,,0.0,,,,,,0.0,0.0,0.0,0.0,0.0,0.0,0,0,0.0,0.0,11,11,0,0,0.0,0.0,,0.0,,,,False,,False,36.5,-0.82,False,,,1,0,0,0,0,0,0,-0.82,,,,,False,,False,,False,,False,,,,0,CH(32%):0/0pa  |  SI(27%):0/0pa  |  FF(17%):0/0pa  |  ST(16%):0/0pa,,,,,False,,False,,False,,False,,,,0,,,False,,False,,False,,False,,,,2,0,,0.0,False,0.0,False,0.0,False,,False,0.0,1.0,1.0,,,,,,,,,,2026-09-27,🤔 Average,🤔 Average,🤔 Average,183.3,0.0,,,,,,,,,,,,,,,,,,,,,6.9,5.01,,,,,,32,650633,690958,0,,,,,,,,False,False,,,,,False,,,,,,False,,,,,,,False,,,,,,,False,,,0.0,0.0,0.0,100.0,,0.0,0.0,0.0,False,0.0,0.0,0.0,0.0,,,False,0.0,0.0,0,0,1.0,0
D,0,CHC,Eric Yang,R,0,False,"4,7",False,Michael King,Right,SD,SD,CHC,"CH, SI, FF, ST",10:00 PM,849843,0,0.0,False,False,False,False,0.0,0,0,0,0,0,0,0,0,0,0,0,0,0.0,17.9,21.4,711.0,44.3,0.0,0.0,2.79,0.75,1.16,335.7,30,⬜ Neutral,48.0,0.0,,0.0,,,3.8,,,0.0,,,,,,,0.0,,,,,,,0,999,0,0,,,0.0,,,,,,0.0,0.0,0.0,0.0,0.0,0.0,0,0,0.0,0.0,11,11,0,0,0.0,0.0,,0.0,,,,False,,False,36.5,-0.82,False,,,1,0,0,0,0,0,0,-0.82,,,,,False,,False,,False,,False,,,,0,CH(32%):0/0pa  |  SI(27%):0/0pa  |  FF(17%):0/0pa  |  ST(16%):0/0pa,,,,,False,,False,,False,,False,,,,0,,,False,,False,,False,,False,,,,2,0,77.1,0.0,False,0.0,False,50.0,False,22.0,False,0.0,1.0,1.0,,,,,,,,,,2026-09-27,🤔 Average,🤔 Average,🤔 Average,183.3,0.0,,,,,,,,,,,,,,,,,,,,,6.9,5.01,,,,,,32,650633,687066,0,,,,,,,,False,False,,,,,False,,,,,,False,,,,,,,False,,,,,,,False,,,0.883,0.0,0.0,0.0,,100.0,0.0,0.0,False,0.0,0.0,0.0,100.0,,,False,50.0,0.0,0,0,1.0,0
D,0,CHC,Brian Kalmer,R,0,False,"4,7",False,Michael King,Right,SD,SD,CHC,"CH, SI, FF, ST",10:00 PM,849843,0,0.0,False,False,False,False,0.0,0,0,0,0,0,0,0,0,0,0,0,0,0.0,17.9,21.4,711.0,44.3,0.0,0.0,2.79,0.75,1.16,335.7,30,⬜ Neutral,56.0,0.0,,0.0,,,3.8,,,0.0,,,,,,,0.0,,,,,,,0,999,0,0,,,0.0,,,,,,0.0,0.0,0.0,0.0,0.0,0.0,0,0,0.0,0.0,11,11,0,0,0.0,0.0,,0.0,,,,False,,False,36.5,-0.82,False,,,1,0,0,0,0,0,0,-0.82,,,,,False,,False,,False,,False,,,,0,CH(32%):0/0pa  |  SI(27%):0/0pa  |  FF(17%):0/0pa  |  ST(16%):0/0pa,,,,,False,,False,,False,,False,,,,0,,,False,,False,,False,,False,,,,2,0,82.4,0.0,False,0.0,False,50.0,False,35.0,False,0.0,1.0,1.0,,,,,,,,,,2026-09-27,🤔 Average,🤔 Average,🤔 Average,183.3,0.0,,,,,,,,,,,,,,,,,,,,,6.9,5.01,,,,,,32,650633,687260,0,,,,,,,,False,False,,,,,False,,,,,,False,,,,,,,False,,,,,,,False,,,0.0,50.0,0.0,0.0,,0.0,0.0,50.0,False,0.0,0.0,0.0,50.0,,,False,0.0,0.0,0,0,1.0,0
D,0,CHC,Reginald Preciado,R,0,False,"4,7",False,Michael King,Right,SD,SD,CHC,"CH, SI, FF, ST",10:00 PM,849843,0,0.0,False,False,False,False,0.0,0,0,0,0,0,0,0,0,0,0,0,0,0.0,17.9,21.4,711.0,44.3,0.0,0.0,2.79,0.75,1.16,335.7,30,🟢 Disciplined,58.0,0.0,,50.0,,,3.8,,,0.0,,,,,,,0.0,,,,,,,0,999,0,0,,,0.0,,,,,,0.0,0.0,0.0,0.0,0.0,0.0,0,0,0.0,0.0,11,11,0,0,0.0,0.0,,0.0,,,,False,,False,36.5,-0.82,False,,,1,0,0,0,0,0,0,-0.82,,,,,False,,False,,False,,False,,,,0,CH(32%):0/0pa  |  SI(27%):0/0pa  |  FF(17%):0/0pa  |  ST(16%):0/0pa,,,,,False,,False,,False,,False,,,,0,,,False,,False,,False,,False,,,,2,0,88.7,0.0,False,0.0,False,0.0,False,3.0,False,0.0,1.0,1.0,,,,,,,,,,2026-09-27,🤔 Average,🤔 Average,🤔 Average,183.3,0.0,,,,,,,,,,,,,,,,,,,,,6.9,5.01,,,,,,32,650633,691262,0,,,,,,,,False,False,,,,,False,,,,,,False,,,,,,,False,,,,,,,False,,,0.348,50.0,0.0,0.0,,0.0,0.0,50.0,False,0.0,0.0,0.0,0.0,,,False,0.0,0.0,0,0,1.0,0
D,0,CHC,Josiah Hartshorn,R,0,False,"4,7",False,Michael King,Right,SD,SD,CHC,"CH, SI, FF, ST",10:00 PM,849843,0,0.0,False,False,False,False,0.0,0,0,0,0,0,0,0,0,0,0,0,0,0.0,17.9,21.4,711.0,44.3,0.0,0.0,2.79,0.75,1.16,335.7,30,🟢 Disciplined,66.0,0.0,,33.3,,,3.8,,,0.0,,,,,,,0.0,,,,,,,0,999,0,0,,,0.0,,,,,,0.0,0.0,0.0,0.0,0.0,0.0,0,0,0.0,0.0,11,11,0,0,0.0,0.0,,0.0,,,,False,,False,36.5,-0.82,False,,,1,0,0,0,0,0,0,-0.82,,,,,False,,False,,False,,False,,,,0,CH(32%):0/0pa  |  SI(27%):0/0pa  |  FF(17%):0/0pa  |  ST(16%):0/0pa,,,,,False,,False,,False,,False,,,,0,,,False,,False,,False,,False,,,,1,0,92.7,0.0,False,0.0,False,0.0,False,-12.0,False,0.0,1.0,1.0,,,,,,,,,,2026-09-27,🤔 Average,🤔 Average,🤔 Average,183.3,0.0,,,,,,,,,,,,,,,,100.0,0.0,,,,6.9,5.01,,,,,,32,650633,815824,0,,,,,,,,False,False,,,,,False,,,,,,False,,,,,,,False,,,,,,,False,,,0.0,100.0,0.0,0.0,,0.0,0.0,0.0,False,0.0,0.0,0.0,0.0,,,False,0.0,0.0,0,0,1.0,0
D,0,CHC,Ed Howard,R,0,False,"4,7",False,Michael King,Right,SD,SD,CHC,"CH, SI, FF, ST",10:00 PM,849843,0,0.0,False,False,False,False,0.0,0,0,0,0,0,0,0,0,0,0,0,0,0.0,17.9,21.4,711.0,44.3,0.0,0.0,2.79,0.75,1.16,335.7,30,⬜ Neutral,56.0,0.0,,0.0,,,3.8,,,0.0,,,,,,,0.0,,,,,,,0,999,0,0,,,0.0,,,,,,0.0,0.0,0.0,0.0,0.0,0.0,0,0,0.0,0.0,11,11,0,0,0.0,0.0,,0.0,,,,False,,False,36.5,-0.82,False,,,1,0,0,0,0,0,0,-0.82,,,,,False,,False,,False,,False,,,,0,CH(32%):0/0pa  |  SI(27%):0/0pa  |  FF(17%):0/0pa  |  ST(16%):0/0pa,,,,,False,,False,,False,,False,,,,0,,,False,,False,,False,,False,,,,1,0,109.2,100.0,False,0.0,False,0.0,False,-27.0,False,0.0,1.0,1.0,,,,,,,,,,2026-09-27,🤔 Average,🤔 Average,🤔 Average,183.3,0.0,,,,,,,,,,,,,,,,0.0,100.0,,,,6.9,5.01,,,,,,32,650633,690992,0,,,,,,,,False,False,,,,,False,,,,,,False,,,,,,,False,,,,,,,False,,,0.883,100.0,0.0,0.0,,100.0,0.0,100.0,False,0.0,0.0,0.0,0.0,,,False,100.0,0.0,0,0,1.0,0
D,0,CHC,Jon Berti,R,0,False,"4,7",False,Michael King,Right,SD,SD,CHC,"CH, SI, FF, ST",10:00 PM,849843,0,0.0,False,False,False,False,0.0,0,0,0,0,0,0,0,0,0,0,0,0,0.0,17.9,21.4,711.0,44.3,0.0,0.0,2.79,0.75,1.16,335.7,30,⬜ Neutral,52.0,0.0,,0.0,,,3.8,,,0.0,,,,,,,0.0,,,,,,,0,999,0,0,,,0.0,,,,,,0.0,0.0,0.0,0.0,0.0,0.0,0,0,0.0,0.0,11,11,0,0,0.0,0.0,,0.0,,,,False,,False,36.5,-0.82,False,,,1,0,0,0,0,0,0,-0.82,,,,,False,,False,,False,,False,,,,0,CH(32%):0/0pa  |  SI(27%):0/0pa  |  FF(17%):0/0pa  |  ST(16%):0/0pa,,,,,False,,False,,False,,False,,,,0,,,False,,False,,False,,False,,,,5,0,85.2,20.0,False,0.0,False,0.0,False,3.2,False,0.0,1.0,1.0,,,,,,,,,,2026-09-27,🤔 Average,🤔 Average,🤔 Average,183.3,0.0,,,,,,,,,,,,,,,,,,,,,6.9,5.01,,,,,,32,650633,542932,0,,,,,,,,False,False,,,,,False,,,,,,False,,,,,,,False,,,,,,,False,,,0.353,80.0,0.0,0.0,66.6,40.0,0.0,20.0,False,0.0,0.0,0.0,40.0,,,False,40.0,0.0,0,0,1.0,0
D,0,CHC,Colin Rea,R,0,False,"4,7",False,Michael King,Right,SD,SD,CHC,"CH, SI, FF, ST",10:00 PM,849843,0,0.0,False,False,False,False,0.0,0,0,0,0,0,0,0,0,0,0,0,0,0.0,17.9,21.4,711.0,44.3,0.0,0.0,2.79,0.75,1.16,335.7,30,🔴 Chase Risk,44.0,0.0,,0.0,,,3.8,,,0.0,,,,,,,0.0,,,,,,,0,999,0,0,,,0.0,,,,,,0.0,0.0,0.0,0.0,0.0,0.0,0,0,0.0,0.0,11,11,0,0,0.0,0.0,,0.0,,,,False,,False,36.5,-0.82,False,,,1,0,0,0,0,0,0,-0.82,,,,,False,,False,,False,,False,,,,0,CH(32%):0/0pa  |  SI(27%):0/0pa  |  FF(17%):0/0pa  |  ST(16%):0/0pa,,,,,False,,False,,False,,False,,,,0,,,False,,False,,False,,False,,,,1,0,,0.0,False,0.0,False,0.0,False,,False,0.0,1.0,1.0,,,,,,,,,,2026-09-27,🤔 Average,🤔 Average,🤔 Average,183.3,0.0,,,,,,,,,,,,,,,,,,,,,6.9,5.01,,,,,,32,650633,607067,0,,,,,,,,False,False,,,,,False,,,,,,False,,,,,,,False,,,,,,,False,,,0.0,0.0,0.0,100.0,,0.0,0.0,0.0,False,0.0,0.0,0.0,0.0,,,False,0.0,0.0,0,0,1.0,0
C,1,SD,Fernando Tatis Jr.,R,0,False,,False,Unknown (nan),?,CHC,SD,CHC,---,10:00 PM,849843,1,0.4,False,False,False,False,0.4638,1,0,0,0,666,25,0,0,6,6,1,1,16.7,,,,,0.3002,0.0,4.49,1.58,1.35,422.7,2,🟢 Disciplined,59.0,0.0,,9.4,,26.4,4.4,1.571,0.175,0.175,0.349,0.0,0.349,0.698,2.444,0.524,0.04,0.04,0.36,0.12,0.08,0.56,0.12,1,19,0,3,4.0,52.0,0.186,28.0,10.0,11.9,0.369,0.382,0.381,0.0,0.217,0.453,0.0,0.0,31,31,0.186,0.181,6,6,0,3,380.0,114.3,deep fly ball 357ft 98mph | double 114mph EV | rocket LD 114mph | deep line drive 380ft 112mph | double 112mph EV,0.0,,26.51,12.6,False,-1.01,False,,,False,2.44,5.6,0,1,1,0,0,0,0,,,91.5,44.0,75.3,False,8.0,True,12.0,False,5.5,False,4.0,36.0,12.0,0,---,,,,,False,,False,,False,,False,,,,0,,,False,,False,,False,,False,,,,0,0,,,False,,False,,False,,False,,1.0,1.0,,,,,,,,,,2026-09-27,,,,0.0,0.0,40.0,72.0,3.5,7.8,7.1,,,,,,,,,,,,,,,,,,,,,,,0,nan,665487,25,40.0,8.0,16.0,4.0,24.0,2.0,0.453,False,True,,,,,False,,,,,,False,,,,,,,False,,,,,,,False,,,,,,,,,,,False,,,,,,,False,,,0,0,1.0,0
C,1,SD,Manny Machado,R,0,False,,False,Unknown (nan),?,CHC,SD,CHC,---,10:00 PM,849843,2,0.48,True,False,False,False,0.2879,2,0,0,0,645,26,0,0,6,2,1,1,16.7,,,,,0.2617,0.0,4.49,1.58,1.35,422.7,2,🟢 Disciplined,59.0,0.0,,10.5,,30.5,4.2,0.488,0.325,0.325,0.0,0.0,0.163,1.138,1.463,0.975,0.0769,0.0769,0.1154,0.0769,0.0769,0.3462,0.2308,2,0,1,2,0.0,23.1,0.199,15.4,16.7,15.0,0.314,0.334,0.3,0.0,0.25,0.222,0.0,0.0,27,27,0.199,0.19,4,4,0,2,364.0,97.1,deep fly ball 364ft 94mph | deep fly ball 334ft 97mph,0.0,,34.79,5.5,False,-0.15,False,,,False,4.44,3.3,0,0,1,1,0,0,0,,,86.4,23.1,73.2,False,7.7,True,30.8,True,30.1,False,7.69,11.5,7.7,0,---,,,,,False,,False,,False,,False,,,,0,,,False,,False,,False,,False,,,,0,0,,,False,,False,,False,,False,,1.0,1.0,,,,,,,,,,2026-09-27,,,,0.0,0.0,46.2,84.6,5.8,7.8,8.0,,,,,,,,,,,,,,,,,,,,,,,0,nan,592518,26,23.1,15.4,26.9,3.8,15.4,3.0,0.222,False,False,,,,,False,,,,,,False,,,,,,,False,,,,,,,False,,,,,,,,,,,False,,,,,,,False,,,0,0,1.0,0
D,0,SD,Jackson Merrill,L,0,False,,False,Unknown (nan),?,CHC,SD,CHC,---,10:00 PM,849843,0,0.0,False,False,False,False,0.5152,0,0,0,0,636,23,0,0,6,4,0,0,0.0,,,,,0.2601,0.0,4.49,1.58,1.35,422.7,2,⬜ Neutral,56.0,0.0,,6.2,,37.6,4.2,0.907,0.0,0.0,0.181,0.0,0.181,1.088,1.088,0.181,0.0,0.0,0.2174,0.0435,0.0435,0.2609,0.0435,0,26,0,3,4.3,26.1,0.167,30.4,0.0,18.4,0.326,0.341,0.314,0.0,0.045,0.239,0.0,0.0,17,17,0.167,0.186,4,4,0,2,354.0,110.4,deep fly ball 331ft 91mph | deep line drive 354ft 110mph | double 110mph EV,0.0,,28.69,7.0,False,-0.82,False,,,False,-1.99,6.3,0,0,1,0,0,0,0,,,90.3,21.7,72.7,False,4.3,False,8.7,False,-0.5,False,0.0,21.7,4.3,0,---,,,,,False,,False,,False,,False,,,,0,,,False,,False,,False,,False,,,,0,0,,,False,,False,,False,,False,,1.0,1.0,,,,,,,,,,2026-09-27,,,,0.0,0.0,65.2,69.6,11.7,10.5,7.4,,,,,,,,,,,,,,,,,,,,,,,0,nan,701538,23,43.5,0.0,26.1,0.0,43.5,0.0,0.239,False,False,,,,,False,,,,,,False,,,,,,,False,,,,,,,False,,,,,,,,,,,False,,,,,,,False,,,0,0,1.0,0
C,1,SD,Xander Bogaerts,R,0,False,,False,Unknown (nan),?,CHC,SD,CHC,---,10:00 PM,849843,1,0.4,False,False,False,False,0.4273,1,0,0,0,572,21,0,0,6,5,0,0,0.0,,,,,0.1104,0.0,4.49,1.58,1.35,422.7,2,🟢 Disciplined,62.0,0.0,,12.6,,22.8,3.9,0.926,0.185,0.185,0.0,0.0,0.926,0.556,1.481,0.185,0.0476,0.0476,0.2381,0.0476,0.0,0.381,0.0476,1,0,1,0,0.0,61.9,0.122,14.3,10.0,11.9,0.305,0.327,0.321,0.0,0.188,0.434,0.0,0.0,22,22,0.122,0.113,4,4,0,1,237.0,105.8,rocket LD 106mph,0.0,,31.28,11.7,False,-1.45,False,,,False,-1.57,1.6,0,0,0,1,0,0,0,,,93.3,33.3,69.3,True,0.0,False,9.5,False,6.5,False,4.76,23.8,4.8,0,---,,,,,False,,False,,False,,False,,,,0,,,False,,False,,False,,False,,,,0,0,,,False,,False,,False,,False,,1.0,1.0,,,,,,,,,,2026-09-27,,,,0.0,0.0,28.6,76.2,7.3,10.5,6.9,,,,,,,,,,,,,,,,,,,,,,,0,nan,593428,21,28.6,4.8,14.3,9.5,33.3,1.0,0.434,False,False,,,,,False,,,,,,False,,,,,,,False,,,,,,,False,,,,,,,,,,,False,,,,,,,False,,,0,0,1.0,0
C,1,SD,Gavin Sheets,L,0,False,,False,Unknown (nan),?,CHC,SD,CHC,---,10:00 PM,849843,2,0.48,True,False,False,False,0.3514,2,0,0,0,393,10,0,0,3,1,1,1,33.3,,,,,0.3657,0.0,4.49,1.58,1.35,422.7,2,🟢 Disciplined,59.0,0.0,,12.0,,31.1,3.3,0.668,0.0,0.0,0.334,0.0,0.0,0.334,1.002,0.334,0.0,0.0,0.2,0.1,0.0,0.3,0.1,0,20,0,0,0.0,40.0,0.18,20.0,0.0,14.5,0.315,0.316,0.309,0.0,0.1,0.215,0.0,0.0,20,20,0.18,0.185,4,4,0,1,257.0,87.9,double 88mph EV,0.0,,21.53,13.6,False,-1.07,False,,,False,-3.31,3.3,14,0,0,0,0,0,0,,,84.9,10.0,72.8,False,0.0,False,50.0,True,43.8,False,0.0,20.0,10.0,0,---,,,,,False,,False,,False,,False,,,,0,,,False,,False,,False,,False,,,,0,0,,,False,,False,,False,,False,,1.0,1.0,,,,,,,,,,2026-09-27,,,,0.0,0.0,50.0,90.0,10.3,9.0,7.5,,,,,,,,,,,,,,,,,,,,,,,0,nan,657757,5,10.0,20.0,10.0,20.0,30.0,1.0,0.215,True,False,,,,,False,,,,,,False,,,,,,,False,,,,,,,False,,,,,,,,,,,False,,,,,,,False,,,0,0,1.0,0
C,1,SD,Jake Cronenworth,L,0,False,,False,Unknown (nan),?,CHC,SD,CHC,---,10:00 PM,849843,1,0.24,True,False,False,False,0.6888,1,0,0,0,395,21,0,0,6,3,0,0,0.0,,,,,0.2536,0.0,4.49,1.58,1.35,422.7,2,🟢 Disciplined,59.0,0.0,,9.4,,29.1,3.9,1.107,0.369,0.369,0.369,0.0,0.0,1.292,2.584,1.661,0.0952,0.0952,0.2857,0.1905,0.0952,0.6667,0.4286,2,17,0,1,9.5,19.0,0.13,28.6,14.3,17.5,0.285,0.263,0.3,0.0,0.381,0.405,0.0,0.0,24,24,0.13,0.095,4,4,0,3,392.0,103.4,double 92mph EV | deep line drive 337ft 91mph | deep fly ball 392ft 103mph | double 103mph EV,0.0,,24.56,9.7,False,-0.5,False,,,False,7.98,1.5,0,0,1,0,1,0,0,,,91.1,23.8,69.9,False,9.5,True,14.3,False,21.0,False,9.52,28.6,19.0,0,---,,,,,False,,False,,False,,False,,,,0,,,False,,False,,False,,False,,,,0,0,,,False,,False,,False,,False,,1.0,1.0,,,,,,,,,,2026-09-27,,,,0.0,0.0,42.9,90.5,8.8,10.2,7.1,,,,,,,,,,,,,,,,,,,,,,,0,nan,630105,21,23.8,9.5,33.3,14.3,28.6,2.0,0.405,False,False,,,,,False,,,,,,False,,,,,,,False,,,,,,,False,,,,,,,,,,,False,,,,,,,False,,,0,0,1.0,0
D,0,SD,Freddy Fermin,R,0,False,,False,Unknown (nan),?,CHC,SD,CHC,---,10:00 PM,849843,0,0.0,True,False,False,False,0.2178,0,0,0,0,244,10,0,0,4,1,0,0,0.0,,,,,0.2223,0.0,4.49,1.58,1.35,422.7,2,⬜ Neutral,56.0,0.0,,7.4,,34.1,3.2,0.643,0.0,0.0,0.0,0.0,0.322,0.965,0.643,0.643,0.0,0.0,0.2,0.0,0.0,0.2,0.2,0,66,0,0,0.0,30.0,0.112,10.0,0.0,14.3,0.251,0.278,0.251,0.0,0.0,0.246,0.0,0.0,8,8,0.112,0.112,4,4,0,0,0.0,0.0,,0.0,,27.63,3.7,False,-1.22,False,,,False,-2.05,2.0,3,0,0,0,0,0,0,,,83.5,10.0,67.3,False,0.0,False,10.0,False,4.2,False,0.0,20.0,0.0,0,---,,,,,False,,False,,False,,False,,,,0,,,False,,False,,False,,False,,,,0,0,,,False,,False,,False,,False,,1.0,1.0,,,,,,,,,,2026-09-27,,,,0.0,0.0,60.0,80.0,7.1,13.5,7.2,,,,,,,,,,,,,,,,,,,,,,,0,nan,666023,1,30.0,10.0,30.0,0.0,20.0,1.0,0.246,False,False,,,,,False,,,,,,False,,,,,,,False,,,,,,,False,,,,,,,,,,,False,,,,,,,False,,,0,0,1.0,0
D,0,SD,Jose Iglesias,R,0,False,,False,Unknown (nan),?,CHC,SD,CHC,---,10:00 PM,849843,0,0.0,False,False,False,False,0.0,0,0,0,0,0,0,0,0,0,0,0,0,0.0,,,,,0.0,0.0,4.49,1.58,1.35,422.7,2,🟢 Disciplined,62.0,0.0,,12.5,,,2.3,,,0.0,,,,,,,0.0,,,,,,,0,999,0,0,,,0.0,,,,,,0.0,0.0,0.0,0.0,0.0,0.0,0,0,0.0,0.0,4,4,0,0,0.0,0.0,,0.0,,30.59,-6.0,False,,False,,,False,,,1,0,0,0,0,0,0,,,,,,False,,False,,False,,False,,,,0,---,,,,,False,,False,,False,,False,,,,0,,,False,,False,,False,,False,,,,0,0,,,False,,False,,False,,False,,1.0,1.0,,,,,,,,,,2026-09-27,,,,0.0,0.0,,,,,,,,,,,,,,,,,,,,,,,,,,,,0,nan,578428,0,,,,,,,,False,False,,,,,False,,,,,,False,,,,,,,False,,,,,,,False,,,,,,,,,,,False,,,,,,,False,,,0,0,1.0,0
D,0,SD,Bryce Johnson,L,0,False,,False,Unknown (nan),?,CHC,SD,CHC,---,10:00 PM,849843,0,0.0,True,False,False,False,0.016,0,0,0,0,43,10,0,0,5,0,0,0,0.0,,,,,0.0737,0.0,4.49,1.58,1.35,422.7,2,🟢 Disciplined,59.0,0.0,,11.7,,39.6,2.4,0.0,0.0,0.0,0.0,0.0,0.0,0.96,0.0,0.0,0.0,0.0,0.0,0.0,0.0,0.0,0.0,0,999,0,0,0.0,10.0,0.044,10.0,0.0,25.6,0.21,0.153,0.21,0.0,0.0,0.0,0.0,0.0,2,2,0.044,0.044,4,4,0,0,0.0,0.0,,0.0,,36.65,10.7,False,-0.44,False,,,False,0.0,0.0,0,0,0,0,0,0,0,,,82.3,0.0,69.0,False,0.0,False,10.0,False,13.8,False,0.0,0.0,0.0,0,---,,,,,False,,False,,False,,False,,,,0,,,False,,False,,False,,False,,,,0,0,,,False,,False,,False,,False,,1.0,1.0,,,,,,,,,,2026-09-27,,,,0.0,0.0,70.0,80.0,10.3,11.2,7.7,,,,,,,,,,,,,,,,,,,,,,,0,nan,669369,0,40.0,10.0,40.0,0.0,40.0,0.0,0.0,False,False,,,,,False,,,,,,False,,,,,,,False,,,,,,,False,,,,,,,,,,,False,,,,,,,False,,,0,0,1.0,0
D,0,SD,Ramón Laureano,R,0,False,,False,Unknown (nan),?,CHC,SD,CHC,---,10:00 PM,849843,0,0.0,False,False,False,False,0.2633,0,0,0,0,174,10,0,0,3,1,0,0,0.0,,,,,0.3196,0.0,4.49,1.58,1.35,422.7,2,🟢 Disciplined,59.0,0.0,,10.8,,32.7,3.7,0.368,0.0,0.0,0.368,0.0,0.736,0.368,0.736,0.0,0.0,0.0,0.1,0.1,0.0,0.2,0.0,0,11,0,0,0.0,40.0,0.167,30.0,0.0,25.9,0.315,0.333,0.312,0.0,0.125,0.266,0.0,0.0,11,11,0.167,0.17,4,4,0,0,0.0,0.0,,0.0,,30.43,4.9,False,-1.57,False,,,False,-2.3,2.3,0,0,0,0,0,0,0,,,80.3,10.0,70.4,False,0.0,False,20.0,False,28.3,False,0.0,10.0,10.0,0,---,,,,,False,,False,,False,,False,,,,0,,,False,,False,,False,,False,,,,0,0,,,False,,False,,False,,False,,1.0,1.0,,,,,,,,,,2026-09-27,,,,0.0,0.0,60.0,90.0,13.3,13.2,7.0,,,,,,,,,,,,,,,,,,,,,,,0,nan,657656,0,30.0,10.0,10.0,0.0,10.0,0.0,0.266,False,False,,,,,False,,,,,,False,,,,,,,False,,,,,,,False,,,,,,,,,,,False,,,,,,,False,,,0,0,1.0,0
D,0,SD,Ty France,R,0,False,,False,Unknown (nan),?,CHC,SD,CHC,---,10:00 PM,849843,0,0.0,True,False,False,False,0.222,0,0,0,0,489,25,0,0,6,3,0,0,0.0,,,,,0.269,0.0,4.49,1.58,1.35,422.7,2,⬜ Neutral,56.0,0.0,,7.2,,34.4,3.9,0.31,0.0,0.0,0.0,0.0,0.465,1.394,0.31,0.155,0.0,0.0,0.08,0.0,0.0,0.08,0.04,0,27,0,0,0.0,16.0,0.207,12.0,0.0,18.0,0.377,0.339,0.345,0.0,0.0,0.156,0.0,0.0,14,14,0.207,0.207,4,4,0,1,370.0,99.5,deep fly ball 370ft 100mph,0.0,,20.18,11.1,False,-1.38,False,,,False,-3.07,3.1,0,0,0,0,0,0,0,,,84.1,16.0,66.0,False,0.0,False,8.0,False,12.2,False,0.0,8.0,0.0,0,---,,,,,False,,False,,False,,False,,,,0,,,False,,False,,False,,False,,,,0,0,,,False,,False,,False,,False,,1.0,1.0,,,,,,,,,,2026-09-27,,,,0.0,0.0,60.0,76.0,8.9,10.6,7.4,,,,,,,,,,,,,,,,,,,,,,,0,nan,664034,25,28.0,8.0,36.0,0.0,20.0,1.0,0.156,False,False,,,,,False,,,,,,False,,,,,,,False,,,,,,,False,,,,,,,,,,,False,,,,,,,False,,,0,0,1.0,0
D,0,SD,Luis Campusano,R,0,False,,False,Unknown (nan),?,CHC,SD,CHC,---,10:00 PM,849843,0,0.0,True,False,False,False,0.2408,0,0,0,0,235,10,0,0,3,2,1,0,0.0,,,,,0.2431,0.0,4.49,1.58,1.35,422.7,2,🟢 Disciplined,62.0,0.0,,12.9,,29.1,3.5,1.048,0.0,0.0,0.0,0.0,0.349,0.0,1.048,0.349,0.0,0.0,0.3,0.0,0.0,0.3,0.1,0,15,0,0,0.0,20.0,0.167,40.0,,14.5,0.351,0.324,0.35,0.0,0.0,0.335,0.0,0.0,12,12,0.167,0.167,4,4,0,1,344.0,101.4,deep line drive 344ft 101mph,0.0,,22.88,3.4,False,-0.84,False,,,False,-3.4,3.4,2,0,0,0,0,0,0,,,82.2,20.0,68.5,False,0.0,False,10.0,False,5.9,False,0.0,30.0,0.0,0,---,,,,,False,,False,,False,,False,,,,0,,,False,,False,,False,,False,,,,0,0,,,False,,False,,False,,False,,1.0,1.0,,,,,,,,,,2026-09-27,,,,0.0,0.0,60.0,70.0,14.5,5.7,8.1,,,,,,,,,,,,,,,,,,,,,,,0,nan,669134,8,50.0,0.0,0.0,0.0,60.0,0.0,0.335,False,False,,,,,False,,,,,,False,,,,,,,False,,,,,,,False,,,,,,,,,,,False,,,,,,,False,,,0,0,1.0,0
C,1,SD,Nick Castellanos,R,0,False,,False,Unknown (nan),?,CHC,SD,CHC,---,10:00 PM,849843,1,0.4,False,False,False,False,0.297,1,0,0,0,102,10,0,0,4,1,0,0,0.0,,,,,0.2573,0.0,4.49,1.58,1.35,422.7,2,⬜ Neutral,56.0,0.0,,4.4,,40.2,3.3,0.653,0.0,0.0,0.0,0.0,0.0,0.653,0.653,0.0,0.0,0.0,0.2,0.0,0.0,0.2,0.0,0,14,0,0,0.0,60.0,0.148,30.0,,22.5,0.234,0.268,0.23,0.0,0.0,0.177,0.0,0.0,13,13,0.148,0.148,8,8,0,0,0.0,0.0,,0.0,,19.4,23.6,False,0.6,False,,,False,-0.98,1.0,3,0,0,0,0,0,0,,,83.1,20.0,68.9,False,0.0,False,30.0,True,5.8,False,0.0,20.0,0.0,0,---,,,,,False,,False,,False,,False,,,,0,,,False,,False,,False,,False,,,,0,0,,,False,,False,,False,,False,,1.0,1.0,,,,,,,,,,2026-09-27,,,,0.0,0.0,70.0,70.0,10.3,9.5,7.5,,,,,,,,,,,,,,,,,,,,,,,0,nan,592206,0,30.0,0.0,20.0,10.0,50.0,1.0,0.177,False,False,,,,,False,,,,,,False,,,,,,,False,,,,,,,False,,,,,,,,,,,False,,,,,,,False,,,0,0,1.0,0
D,0,SD,Miguel Andujar,R,0,False,,False,Unknown (nan),?,CHC,SD,CHC,---,10:00 PM,849843,0,0.0,True,False,False,False,0.264,0,0,0,0,230,10,0,0,2,2,0,0,0.0,,,,,0.1016,0.0,4.49,1.58,1.35,422.7,2,⬜ Neutral,56.0,0.0,,5.1,,40.8,3.5,0.0,0.0,0.0,0.0,0.0,0.693,0.0,0.0,0.0,0.0,0.0,0.0,0.0,0.0,0.0,0.0,0,101,0,0,0.0,40.0,0.163,0.0,0.0,9.6,0.311,0.308,0.3,0.0,0.0,0.142,0.0,0.0,11,11,0.163,0.163,15,15,0,0,0.0,0.0,,0.0,,31.4,4.1,False,2.13,True,,,False,-1.3,1.3,0,0,0,0,0,0,0,,,91.7,30.0,73.0,False,0.0,False,10.0,False,-1.6,False,0.0,0.0,0.0,0,---,,,,,False,,False,,False,,False,,,,0,,,False,,False,,False,,False,,,,0,0,,,False,,False,,False,,False,,1.0,1.0,,,,,,,,,,2026-09-27,,,,0.0,0.0,50.0,70.0,4.9,2.9,7.4,,,,,,,,,,,,,,,,,,,,,,,0,nan,609280,0,70.0,0.0,0.0,0.0,60.0,0.0,0.142,False,False,,,,,False,,,,,,False,,,,,,,False,,,,,,,False,,,,,,,,,,,False,,,,,,,False,,,0,0,1.0,0
D,0,SD,Sung-Mun Song,L,0,False,,False,Unknown (nan),?,CHC,SD,CHC,---,10:00 PM,849843,0,0.0,True,False,False,False,0.2102,0,0,0,0,151,10,0,0,8,3,0,0,0.0,,,,,0.3256,0.0,4.49,1.58,1.35,422.7,2,🟢 Disciplined,62.0,0.0,,12.4,,23.8,2.6,0.519,0.0,0.0,0.0,0.0,0.0,1.297,0.519,0.259,0.0,0.0,0.2,0.0,0.0,0.2,0.1,0,69,0,0,0.0,20.0,0.053,20.0,,16.6,0.249,0.253,0.244,0.0,0.0,0.177,0.0,0.0,5,5,0.053,0.053,4,4,0,0,0.0,0.0,,0.0,,40.07,17.6,False,-2.52,False,,,False,-0.66,0.7,0,0,0,0,0,0,0,,,93.0,30.0,68.3,False,0.0,False,10.0,False,10.4,False,0.0,20.0,0.0,0,---,,,,,False,,False,,False,,False,,,,0,,,False,,False,,False,,False,,,,0,0,,,False,,False,,False,,False,,1.0,1.0,,,,,,,,,,2026-09-27,,,,0.0,0.0,40.0,70.0,8.0,9.6,7.8,,,,,,,,,,,,,,,,,,,,,,,0,nan,823550,4,20.0,0.0,50.0,0.0,40.0,1.0,0.177,False,False,,,,,False,,,,,,False,,,,,,,False,,,,,,,False,,,,,,,,,,,False,,,,,,,False,,,0,0,1.0,0
D,0,SD,Rodolfo Durán,R,0,False,,False,Unknown (nan),?,CHC,SD,CHC,---,10:00 PM,849843,0,0.0,True,False,False,False,0.2276,0,0,0,0,91,10,0,0,4,1,0,0,0.0,,,,,0.5316,0.0,4.49,1.58,1.35,422.7,2,🟢 Disciplined,59.0,0.0,,8.2,,31.9,2.9,0.576,0.0,0.0,0.0,0.0,0.0,1.153,0.576,0.0,0.0,0.0,0.2,0.0,0.0,0.2,0.0,0,48,0,0,0.0,10.0,0.159,20.0,0.0,17.6,0.235,0.245,0.231,0.0,0.0,0.177,0.0,0.0,10,10,0.159,0.159,4,4,0,0,0.0,0.0,,0.0,,38.27,14.7,False,-0.31,False,,,False,-1.1,1.1,1,0,0,0,0,0,0,,,90.4,20.0,68.2,False,0.0,False,10.0,False,36.0,False,0.0,20.0,0.0,0,---,,,,,False,,False,,False,,False,,,,0,,,False,,False,,False,,False,,,,0,0,,,False,,False,,False,,False,,1.0,1.0,,,,,,,,,,2026-09-27,,,,0.0,0.0,60.0,90.0,8.4,16.4,6.8,,,,,,,,,,,,,,,,,,,,,,,0,nan,660710,0,10.0,20.0,40.0,0.0,10.0,0.0,0.177,False,False,,,,,False,,,,,,False,,,,,,,False,,,,,,,False,,,,,,,,,,,False,,,,,,,False,,,0,0,1.0,0
D,0,SD,Jase Bowen,R,0,False,,False,Unknown (nan),?,CHC,SD,CHC,---,10:00 PM,849843,0,0.0,True,False,False,False,0.21,0,0,0,0,99,10,0,0,7,0,0,0,0.0,,,,,0.4207,0.0,4.49,1.58,1.35,422.7,2,🔴 Chase Risk,52.0,0.0,,2.7,,44.2,2.1,0.0,0.0,0.0,0.0,0.0,0.0,1.268,0.0,0.0,0.0,0.0,0.0,0.0,0.0,0.0,0.0,0,17,0,0,0.0,10.0,0.104,0.0,0.0,28.3,0.201,0.244,0.201,0.0,0.0,0.0,0.0,0.0,7,7,0.104,0.104,4,4,0,0,0.0,0.0,,0.0,,27.11,5.2,False,-1.38,False,,,False,-2.02,2.0,2,0,0,0,0,0,0,,,67.4,0.0,61.1,False,0.0,False,10.0,False,3.2,False,0.0,0.0,0.0,0,---,,,,,False,,False,,False,,False,,,,0,,,False,,False,,False,,False,,,,0,0,,,False,,False,,False,,False,,1.0,1.0,,,,,,,,,,2026-09-27,,,,0.0,0.0,90.0,70.0,5.7,34.6,6.4,,,,,,,,,,,,,,,,,,,,,,,0,nan,687749,2,30.0,0.0,60.0,10.0,30.0,1.0,0.0,False,False,,,,,False,,,,,,False,,,,,,,False,,,,,,,False,,,,,,,,,,,False,,,,,,,False,,,0,0,1.0,0
D,0,SD,Samad Taylor,R,0,False,,False,Unknown (nan),?,CHC,SD,CHC,---,10:00 PM,849843,0,0.0,True,False,False,False,0.2296,0,0,0,0,172,16,0,0,5,1,1,1,20.0,,,,,0.3051,0.0,4.49,1.58,1.35,422.7,2,🟢 Disciplined,59.0,0.0,,10.3,,30.3,3.7,0.694,0.0,0.0,0.231,0.0,0.231,0.926,0.926,0.231,0.0,0.0,0.1875,0.0625,0.0,0.25,0.0625,0,15,0,0,0.0,6.2,0.09,18.8,0.0,15.1,0.355,0.311,0.343,0.0,0.067,0.233,0.0,0.0,8,8,0.09,0.092,10,10,0,1,19.0,79.9,double 80mph EV,0.0,,30.78,7.8,False,1.1,False,,,False,-2.33,2.3,0,0,0,0,0,0,0,,,82.7,18.8,63.4,False,0.0,False,6.2,False,3.7,False,0.0,18.8,6.2,0,---,,,,,False,,False,,False,,False,,,,0,,,False,,False,,False,,False,,,,0,0,,,False,,False,,False,,False,,1.0,1.0,,,,,,,,,,2026-09-27,,,,0.0,0.0,37.5,87.5,12.8,9.5,6.6,,,,,,,,,,,,,,,,,,,,,,,0,nan,669392,16,43.8,6.2,25.0,0.0,37.5,0.0,0.233,False,False,,,,,False,,,,,,False,,,,,,,False,,,,,,,False,,,,,,,,,,,False,,,,,,,False,,,0,0,1.0,0
D,0,SD,Will Wagner,L,0,False,,False,Unknown (nan),?,CHC,SD,CHC,---,10:00 PM,849843,0,0.0,True,False,False,False,0.02,0,0,0,0,45,10,0,0,4,0,0,0,0.0,,,,,0.4065,0.0,4.49,1.58,1.35,422.7,2,🟢 Disciplined,62.0,0.0,,15.7,,24.0,3.0,0.304,0.0,0.0,0.0,0.0,0.609,0.304,0.304,0.0,0.0,0.0,0.1,0.0,0.0,0.1,0.0,0,999,0,0,0.0,40.0,0.029,20.0,0.0,11.1,0.34,0.332,0.333,0.0,0.0,0.228,0.0,0.0,2,2,0.029,0.029,15,15,0,0,0.0,0.0,,0.0,,30.41,7.4,False,2.2,True,,,False,0.0,0.0,0,0,0,0,0,0,0,,,75.0,0.0,60.8,False,0.0,False,0.0,False,4.4,False,0.0,10.0,0.0,0,---,,,,,False,,False,,False,,False,,,,0,,,False,,False,,False,,False,,,,0,0,,,False,,False,,False,,False,,1.0,1.0,,,,,,,,,,2026-09-27,,,,0.0,0.0,50.0,70.0,-0.6,10.2,5.8,,,,,,,,,,,,,,,,,,,,,,,0,nan,695238,0,50.0,10.0,10.0,0.0,30.0,0.0,0.228,False,False,,,,,False,,,,,,False,,,,,,,False,,,,,,,False,,,,,,,,,,,False,,,,,,,False,,,0,0,1.0,0
C,1,SD,Nick Solak,R,0,False,,False,Unknown (nan),?,CHC,SD,CHC,---,10:00 PM,849843,1,0.4,False,False,False,False,0.2677,1,0,0,0,10,10,0,0,4,3,1,1,25.0,,,,,0.0,0.0,4.49,1.58,1.35,422.7,2,⬜ Neutral,52.0,0.0,,5.9,,36.4,2.4,0.243,0.0,0.0,0.0,0.0,0.486,0.0,0.243,0.0,0.0,0.0,0.1,0.0,0.1,0.1,0.0,0,999,0,1,0.0,20.0,0.0,30.0,,0.0,0.231,0.38,0.231,0.0,0.0,0.231,0.0,0.0,6,6,0.0,0.0,5,5,0,0,0.0,0.0,,0.0,,34.7,-0.7,False,0.0,False,,,False,,,0,0,1,0,0,0,0,,,90.2,40.0,69.9,False,10.0,True,20.0,False,-2.6,False,0.0,10.0,0.0,0,---,,,,,False,,False,,False,,False,,,,0,,,False,,False,,False,,False,,,,0,0,,,False,,False,,False,,False,,1.0,1.0,,,,,,,,,,2026-09-27,,,,0.0,0.0,30.0,70.0,6.9,4.6,7.2,,,,,,,,,,,,,,,,,,,,,,,0,nan,669256,0,40.0,0.0,0.0,0.0,40.0,1.0,0.231,False,False,,,,,False,,,,,,False,,,,,,,False,,,,,,,False,,,,,,,,,,,False,,,,,,,False,,,0,0,1.0,0
D,0,SD,Blake Hunt,R,0,False,,False,Unknown (nan),?,CHC,SD,CHC,---,10:00 PM,849843,0,0.0,False,False,False,False,0.0,0,0,0,0,3,3,0,0,1,0,0,0,0.0,,,,,0.0,0.0,4.49,1.58,1.35,422.7,2,🔴 Chase Risk,52.0,0.0,,0.0,,,3.8,0.0,0.0,0.0,0.0,0.0,0.0,3.8,0.0,0.0,0.0,0.0,0.0,0.0,0.0,0.0,0.0,0,999,0,0,0.0,66.7,0.0,0.0,,,,,0.0,0.0,0.0,0.0,0.0,0.0,0,0,0.0,0.0,4,4,0,0,0.0,0.0,,0.0,,,,False,,False,,,False,,,1,0,0,0,0,0,0,,,,0.0,61.9,False,0.0,False,0.0,False,,False,0.0,0.0,0.0,0,---,,,,,False,,False,,False,,False,,,,0,,,False,,False,,False,,False,,,,0,0,,,False,,False,,False,,False,,1.0,1.0,,,,,,,,,,2026-09-27,,,,0.0,0.0,66.7,66.7,23.1,5.5,8.1,,,,,,,,,,,,,,,,,,,,,,,0,nan,675448,0,0.0,0.0,100.0,0.0,0.0,0.0,0.0,False,False,,,,,False,,,,,,False,,,,,,,False,,,,,,,False,,,,,,,,,,,False,,,,,,,False,,,0,0,1.0,0
D,0,SD,Luis Rengifo,L,0,False,,False,Unknown (nan),?,CHC,SD,CHC,---,10:00 PM,849843,0,0.0,True,False,False,False,0.2549,0,0,0,0,331,10,0,0,3,3,0,0,0.0,,,,,0.3133,0.0,4.49,1.58,1.35,422.7,2,🟢 Disciplined,59.0,0.0,,9.6,,30.6,3.7,0.369,0.0,0.0,0.0,0.0,0.369,0.369,0.369,0.369,0.0,0.0,0.1,0.0,0.0,0.1,0.1,0,34,0,0,0.0,40.0,0.077,30.0,0.0,8.8,0.286,0.308,0.278,0.0,0.0,0.158,0.0,0.0,6,6,0.077,0.077,4,4,0,0,0.0,0.0,,0.0,,29.52,15.9,False,-0.11,False,,,False,-1.51,1.5,0,0,0,0,0,0,0,,,87.0,30.0,71.2,False,0.0,False,10.0,False,10.4,False,0.0,10.0,0.0,0,---,,,,,False,,False,,False,,False,,,,0,,,False,,False,,False,,False,,,,0,0,,,False,,False,,False,,False,,1.0,1.0,,,,,,,,,,2026-09-27,,,,0.0,0.0,30.0,80.0,7.0,6.1,7.2,,,,,,,,,,,,,,,,,,,,,,,0,nan,650859,0,40.0,10.0,10.0,0.0,30.0,0.0,0.158,False,False,,,,,False,,,,,,False,,,,,,,False,,,,,,,False,,,,,,,,,,,False,,,,,,,False,,,0,0,1.0,0
D,0,SD,Randy Vásquez,R,0,False,,False,Unknown (nan),?,CHC,SD,CHC,---,10:00 PM,849843,0,0.0,False,False,False,False,0.1,0,0,0,0,1,1,0,0,1,0,0,0,0.0,,,,,0.0,0.0,4.49,1.58,1.35,422.7,2,⬜ Neutral,52.0,0.0,,0.0,,,3.8,,,0.0,,,,,,,0.0,,,,,,,0,999,0,0,0.0,0.0,0.0,0.0,,,,,0.0,0.0,0.0,0.0,0.0,0.0,1,1,0.0,0.0,4,4,0,0,0.0,0.0,,0.0,,,,False,,False,,,False,,,1,0,0,0,0,0,0,,,66.1,0.0,,False,0.0,False,0.0,False,-22.0,False,0.0,0.0,0.0,0,---,,,,,False,,False,,False,,False,,,,0,,,False,,False,,False,,False,,,,0,0,,,False,,False,,False,,False,,1.0,1.0,,,,,,,,,,2026-09-27,,,,0.0,0.0,0.0,100.0,,,,,,,,,,,,,,,,,,,,,,,,,,0,nan,681190,0,100.0,0.0,0.0,0.0,100.0,0.0,0.0,False,False,,,,,False,,,,,,False,,,,,,,False,,,,,,,False,,,,,,,,,,,False,,,,,,,False,,,0,0,1.0,0
D,0,SD,Gage Workman,L,0,False,,False,Unknown (nan),?,CHC,SD,CHC,---,10:00 PM,849843,1,0.4,False,False,False,False,0.2214,1,0,0,0,38,10,0,0,7,1,1,0,0.0,,,,,0.1128,0.0,4.49,1.58,1.35,422.7,2,🔴 Chase Risk,52.0,0.0,,0.0,,42.5,2.2,0.219,0.0,0.0,0.219,0.0,0.0,0.438,0.438,0.657,0.0,0.0,0.1,0.1,0.0,0.2,0.3,0,27,0,0,0.0,40.0,0.235,10.0,0.0,39.5,0.268,0.273,0.259,0.0,0.1,0.127,0.0,0.0,17,17,0.235,0.244,4,4,0,0,0.0,0.0,,0.0,,22.46,15.3,False,-0.96,False,,,False,0.0,0.0,0,0,0,0,0,0,0,,,88.4,10.0,67.9,False,0.0,False,30.0,True,13.1,False,0.0,10.0,10.0,0,---,,,,,False,,False,,False,,False,,,,0,,,False,,False,,False,,False,,,,0,0,,,False,,False,,False,,False,,1.0,1.0,,,,,,,,,,2026-09-27,,,,0.0,0.0,40.0,70.0,11.0,13.6,6.8,,,,,,,,,,,,,,,,,,,,,,,0,nan,669398,0,40.0,0.0,20.0,0.0,30.0,1.0,0.127,False,False,,,,,False,,,,,,False,,,,,,,False,,,,,,,False,,,,,,,,,,,False,,,,,,,False,,,0,0,1.0,0
D,0,SD,Austin Hays,R,0,False,,False,Unknown (nan),?,CHC,SD,CHC,---,10:00 PM,849843,1,0.24,True,False,False,False,0.5236,1,0,0,0,86,10,0,0,6,3,0,0,0.0,,,,,0.378,0.0,4.49,1.58,1.35,422.7,2,⬜ Neutral,52.0,0.0,,2.8,,37.9,2.8,1.116,0.279,0.279,0.0,0.0,0.0,0.279,1.953,0.558,0.1,0.1,0.4,0.1,0.1,0.7,0.2,1,7,0,2,10.0,10.0,0.131,40.0,14.3,19.8,0.298,0.276,0.309,0.0,0.3,0.475,0.0,0.0,23,23,0.131,0.12,7,7,0,0,0.0,0.0,,0.0,,30.38,-1.9,False,0.47,False,,,False,7.67,2.3,0,0,0,0,0,0,0,,,88.6,30.0,74.1,False,10.0,True,0.0,False,8.2,False,10.0,40.0,10.0,0,---,,,,,False,,False,,False,,False,,,,0,,,False,,False,,False,,False,,,,0,0,,,False,,False,,False,,False,,1.0,1.0,,,,,,,,,,2026-09-27,,,,0.0,0.0,60.0,100.0,16.8,6.9,7.5,,,,,,,,,,,,,,,,,,,,,,,0,nan,669720,6,50.0,10.0,10.0,0.0,60.0,0.0,0.475,False,False,,,,,False,,,,,,False,,,,,,,False,,,,,,,False,,,,,,,,,,,False,,,,,,,False,,,0,0,1.0,0
D,0,SD,Dustin Harris,L,0,False,,False,Unknown (nan),?,CHC,SD,CHC,---,10:00 PM,849843,0,0.0,True,False,False,False,0.2449,0,0,0,0,138,25,0,0,6,3,0,0,0.0,,,,,0.204,0.0,4.49,1.58,1.35,422.7,2,⬜ Neutral,56.0,0.0,,5.6,,32.8,3.4,0.549,0.0,0.0,0.0,0.137,0.411,0.411,0.823,0.274,0.0,0.0,0.16,0.04,0.0,0.24,0.08,0,999,0,0,0.0,20.0,0.091,16.0,0.0,5.1,0.313,0.302,0.305,0.0,0.095,0.257,0.0,0.0,7,7,0.091,0.09,11,11,0,1,291.0,92.3,triple 92mph EV,0.0,,25.86,28.5,False,1.15,False,,,False,-1.45,1.4,0,0,0,0,0,0,0,,,81.9,12.0,63.7,False,0.0,False,12.0,False,17.9,False,0.0,16.0,4.0,0,---,,,,,False,,False,,False,,False,,,,0,,,False,,False,,False,,False,,,,0,0,,,False,,False,,False,,False,,1.0,1.0,,,,,,,,,,2026-09-27,,,,0.0,0.0,40.0,72.0,7.6,19.4,6.2,,,,,,,,,,,,,,,,,,,,,,,0,nan,687957,25,36.0,12.0,12.0,0.0,44.0,0.0,0.257,False,False,,,,,False,,,,,,False,,,,,,,False,,,,,,,False,,,,,,,,,,,False,,,,,,,False,,,0,0,1.0,0
D,0,SD,Ethan Salas,L,0,False,,False,Unknown (nan),?,CHC,SD,CHC,---,10:00 PM,849843,0,0.0,True,False,False,False,0.3581,0,0,0,0,41,15,0,0,5,2,1,0,0.0,,,,,0.1318,0.0,4.49,1.58,1.35,422.7,2,⬜ Neutral,56.0,0.0,,4.7,,31.5,2.5,1.012,0.0,0.0,0.0,0.0,0.169,0.337,1.012,0.169,0.0,0.0,0.4,0.0,0.0,0.4,0.0667,0,19,0,0,0.0,33.3,0.205,40.0,0.0,12.2,0.317,0.248,0.327,0.0,0.0,0.428,0.0,0.0,14,14,0.205,0.205,4,4,0,2,359.0,108.3,deep fly ball 359ft 93mph | rocket LD 108mph,0.0,,21.3,18.7,False,-1.38,False,,,False,-2.44,2.4,1,0,0,0,0,0,0,,,88.7,26.7,68.5,False,0.0,False,13.3,False,18.4,False,0.0,40.0,0.0,0,---,,,,,False,,False,,False,,False,,,,0,,,False,,False,,False,,False,,,,0,0,,,False,,False,,False,,False,,1.0,1.0,,,,,,,,,,2026-09-27,,,,0.0,0.0,40.0,66.7,7.8,9.5,6.7,,,,,,,,,,,,,,,,,,,,,,,0,nan,806956,15,33.3,6.7,13.3,6.7,40.0,1.0,0.428,False,False,,,,,False,,,,,,False,,,,,,,False,,,,,,,False,,,,,,,,,,,False,,,,,,,False,,,0,0,1.0,0
D,0,SD,Jose Miranda,R,0,False,,False,Unknown (nan),?,CHC,SD,CHC,---,10:00 PM,849843,0,0.0,False,False,False,False,0.0,0,0,0,0,0,0,0,0,0,0,0,0,0.0,,,,,0.0,0.0,4.49,1.58,1.35,422.7,2,⬜ Neutral,52.0,0.0,,3.3,,,2.5,,,0.0,,,,,,,0.0,,,,,,,0,999,0,0,,,0.0,,,,,,0.0,0.0,0.0,0.0,0.0,0.0,0,0,0.0,0.0,4,4,0,0,0.0,0.0,,0.0,,25.16,6.3,False,,False,,,False,,,1,0,0,0,0,0,0,,,,,,False,,False,,False,,False,,,,0,---,,,,,False,,False,,False,,False,,,,0,,,False,,False,,False,,False,,,,0,0,,,False,,False,,False,,False,,1.0,1.0,,,,,,,,,,2026-09-27,,,,0.0,0.0,,,,,,,,,,,,,,,,,,,,,,,,,,,,0,nan,669304,0,,,,,,,,False,False,,,,,False,,,,,,False,,,,,,,False,,,,,,,False,,,,,,,,,,,False,,,,,,,False,,,0,0,1.0,0
D,0,SD,Mason McCoy,R,0,False,,False,Unknown (nan),?,CHC,SD,CHC,---,10:00 PM,849843,0,0.0,False,False,False,False,0.0,0,0,0,0,0,0,0,0,0,0,0,0,0.0,,,,,0.0,0.0,4.49,1.58,1.35,422.7,2,🔴 Chase Risk,52.0,0.0,,0.0,,,3.8,,,0.0,,,,,,,0.0,,,,,,,0,999,0,0,,,0.0,,,,,,0.0,0.0,0.0,0.0,0.0,0.0,0,0,0.0,0.0,4,4,0,0,0.0,0.0,,0.0,,,,False,,False,,,False,,,1,0,0,0,0,0,0,,,,,,False,,False,,False,,False,,,,0,---,,,,,False,,False,,False,,False,,,,0,,,False,,False,,False,,False,,,,0,0,,,False,,False,,False,,False,,1.0,1.0,,,,,,,,,,2026-09-27,,,,0.0,0.0,,,,,,,,,,,,,,,,,,,,,,,,,,,,0,nan,669200,0,,,,,,,,False,False,,,,,False,,,,,,False,,,,,,,False,,,,,,,False,,,,,,,,,,,False,,,,,,,False,,,0,0,1.0,0
D,0,SD,Ryan Jackson,R,0,False,,False,Unknown (nan),?,CHC,SD,CHC,---,10:00 PM,849843,0,0.0,False,False,False,False,0.0,0,0,0,0,0,0,0,0,0,0,0,0,0.0,,,,,0.0,0.0,4.49,1.58,1.35,422.7,2,⬜ Neutral,52.0,0.0,,0.0,,,3.8,,,0.0,,,,,,,0.0,,,,,,,0,999,0,0,,,0.0,,,,,,0.0,0.0,0.0,0.0,0.0,0.0,0,0,0.0,0.0,4,4,0,0,0.0,0.0,,0.0,,,,False,,False,,,False,,,1,0,0,0,0,0,0,,,,,,False,,False,,False,,False,,,,0,---,,,,,False,,False,,False,,False,,,,0,,,False,,False,,False,,False,,,,0,0,,,False,,False,,False,,False,,1.0,1.0,,,,,,,,,,2026-09-27,,,,0.0,0.0,,,,,,,,,,,,,,,,,,,,,,,,,,,,0,nan,810838,0,,,,,,,,False,False,,,,,False,,,,,,False,,,,,,,False,,,,,,,False,,,,,,,,,,,False,,,,,,,False,,,0,0,1.0,0
D,0,SD,Nick Schnell,L,0,False,,False,Unknown (nan),?,CHC,SD,CHC,---,10:00 PM,849843,0,0.0,False,False,False,False,0.0,0,0,0,0,0,0,0,0,0,0,0,0,0.0,,,,,0.0,0.0,4.49,1.58,1.35,422.7,2,🟢 Disciplined,59.0,0.0,,8.3,,,3.8,,,0.0,,,,,,,0.0,,,,,,,0,999,0,0,,,0.0,,,,,,0.0,0.0,0.0,0.0,0.0,0.0,0,0,0.0,0.0,4,4,0,0,0.0,0.0,,0.0,,,,False,,False,,,False,,,1,0,0,0,0,0,0,,,,,,False,,False,,False,,False,,,,0,---,,,,,False,,False,,False,,False,,,,0,,,False,,False,,False,,False,,,,0,0,,,False,,False,,False,,False,,1.0,1.0,,,,,,,,,,2026-09-27,,,,0.0,0.0,,,,,,,,,,,,,,,,,,,,,,,,,,,,0,nan,678010,0,,,,,,,,False,False,,,,,False,,,,,,False,,,,,,,False,,,,,,,False,,,,,,,,,,,False,,,,,,,False,,,0,0,1.0,0
D,0,SD,Carlos Rodríguez,L,0,False,,False,Unknown (nan),?,CHC,SD,CHC,---,10:00 PM,849843,0,0.0,False,False,False,False,0.0,0,0,0,0,0,0,0,0,0,0,0,0,0.0,,,,,0.0,0.0,4.49,1.58,1.35,422.7,2,🟢 Disciplined,62.0,0.0,,12.5,,,1.6,,,0.0,,,,,,,0.0,,,,,,,0,999,0,0,,,0.0,,,,,,0.0,0.0,0.0,0.0,0.0,0.0,0,0,0.0,0.0,4,4,0,0,0.0,0.0,,0.0,,,,False,,False,,,False,,,1,0,0,0,0,0,0,,,,,,False,,False,,False,,False,,,,0,---,,,,,False,,False,,False,,False,,,,0,,,False,,False,,False,,False,,,,0,0,,,False,,False,,False,,False,,1.0,1.0,,,,,,,,,,2026-09-27,,,,0.0,0.0,,,,,,,,,,,,,,,,,,,,,,,,,,,,0,nan,677578,0,,,,,,,,False,False,,,,,False,,,,,,False,,,,,,,False,,,,,,,False,,,,,,,,,,,False,,,,,,,False,,,0,0,1.0,0
D,0,SD,Francisco Acuna,R,0,False,,False,Unknown (nan),?,CHC,SD,CHC,---,10:00 PM,849843,0,0.0,False,False,False,False,0.0,0,0,0,0,0,0,0,0,0,0,0,0,0.0,,,,,0.0,0.0,4.49,1.58,1.35,422.7,2,🟢 Disciplined,63.0,0.0,,11.1,,,1.5,,,0.0,,,,,,,0.0,,,,,,,0,999,0,0,,,0.0,,,,,,0.0,0.0,0.0,0.0,0.0,0.0,0,0,0.0,0.0,4,4,0,0,0.0,0.0,,0.0,,,,False,,False,,,False,,,1,0,0,0,0,0,0,,,,,,False,,False,,False,,False,,,,0,---,,,,,False,,False,,False,,False,,,,0,,,False,,False,,False,,False,,,,0,0,,,False,,False,,False,,False,,1.0,1.0,,,,,,,,,,2026-09-27,,,,0.0,0.0,,,,,,,,,,,,,,,,,,,,,,,,,,,,0,nan,672696,0,,,,,,,,False,False,,,,,False,,,,,,False,,,,,,,False,,,,,,,False,,,,,,,,,,,False,,,,,,,False,,,0,0,1.0,0
D,0,SD,Anthony Vilar,L,0,False,,False,Unknown (nan),?,CHC,SD,CHC,---,10:00 PM,849843,0,0.0,False,False,False,False,0.0,0,0,0,0,0,0,0,0,0,0,0,0,0.0,,,,,0.0,0.0,4.49,1.58,1.35,422.7,2,🟢 Disciplined,66.0,0.0,,66.7,,,3.8,,,0.0,,,,,,,0.0,,,,,,,0,999,0,0,,,0.0,,,,,,0.0,0.0,0.0,0.0,0.0,0.0,0,0,0.0,0.0,4,4,0,0,0.0,0.0,,0.0,,,,False,,False,,,False,,,1,0,0,0,0,0,0,,,,,,False,,False,,False,,False,,,,0,---,,,,,False,,False,,False,,False,,,,0,,,False,,False,,False,,False,,,,0,0,,,False,,False,,False,,False,,1.0,1.0,,,,,,,,,,2026-09-27,,,,0.0,0.0,,,,,,,,,,,,,,,,,,,,,,,,,,,,0,nan,681036,0,,,,,,,,False,False,,,,,False,,,,,,False,,,,,,,False,,,,,,,False,,,,,,,,,,,False,,,,,,,False,,,0,0,1.0,0
D,0,SD,Romeo Sanabria,L,0,False,,False,Unknown (nan),?,CHC,SD,CHC,---,10:00 PM,849843,0,0.0,False,False,False,False,0.0,0,0,0,0,0,0,0,0,0,0,0,0,0.0,,,,,0.0,0.0,4.49,1.58,1.35,422.7,2,⬜ Neutral,52.0,0.0,,0.0,,,3.8,,,0.0,,,,,,,0.0,,,,,,,0,999,0,0,,,0.0,,,,,,0.0,0.0,0.0,0.0,0.0,0.0,0,0,0.0,0.0,4,4,0,0,0.0,0.0,,0.0,,,,False,,False,,,False,,,1,0,0,0,0,0,0,,,,,,False,,False,,False,,False,,,,0,---,,,,,False,,False,,False,,False,,,,0,,,False,,False,,False,,False,,,,0,0,,,False,,False,,False,,False,,1.0,1.0,,,,,,,,,,2026-09-27,,,,0.0,0.0,,,,,,,,,,,,,,,,,,,,,,,,,,,,0,nan,703804,0,,,,,,,,False,False,,,,,False,,,,,,False,,,,,,,False,,,,,,,False,,,,,,,,,,,False,,,,,,,False,,,0,0,1.0,0
D,0,SD,Pablo Reyes,R,0,False,,False,Unknown (nan),?,CHC,SD,CHC,---,10:00 PM,849843,0,0.0,False,False,False,False,0.0,0,0,0,0,0,0,0,0,0,0,0,0,0.0,,,,,0.0,0.0,4.49,1.58,1.35,422.7,2,🟢 Disciplined,59.0,0.0,,10.0,,,1.7,,,0.0,,,,,,,0.0,,,,,,,0,999,0,0,,,0.0,,,,,,0.0,0.0,0.0,0.0,0.0,0.0,0,0,0.0,0.0,4,4,0,0,0.0,0.0,,0.0,,30.86,10.9,False,,False,,,False,,,1,0,0,0,0,0,0,,,,,,False,,False,,False,,False,,,,0,---,,,,,False,,False,,False,,False,,,,0,,,False,,False,,False,,False,,,,0,0,,,False,,False,,False,,False,,1.0,1.0,,,,,,,,,,2026-09-27,,,,0.0,0.0,,,,,,,,,,,,,,,,,,,,,,,,,,,,0,nan,622569,0,,,,,,,,False,False,,,,,False,,,,,,False,,,,,,,False,,,,,,,False,,,,,,,,,,,False,,,,,,,False,,,0,0,1.0,0
D,0,SD,Marcos Castañon,R,0,False,,False,Unknown (nan),?,CHC,SD,CHC,---,10:00 PM,849843,0,0.0,False,False,False,False,0.0,0,0,0,0,0,0,0,0,0,0,0,0,0.0,,,,,0.0,0.0,4.49,1.58,1.35,422.7,2,⬜ Neutral,52.0,0.0,,0.0,,,3.8,,,0.0,,,,,,,0.0,,,,,,,0,999,0,0,,,0.0,,,,,,0.0,0.0,0.0,0.0,0.0,0.0,0,0,0.0,0.0,4,4,0,0,0.0,0.0,,0.0,,,,False,,False,,,False,,,1,0,0,0,0,0,0,,,,,,False,,False,,False,,False,,,,0,---,,,,,False,,False,,False,,False,,,,0,,,False,,False,,False,,False,,,,0,0,,,False,,False,,False,,False,,1.0,1.0,,,,,,,,,,2026-09-27,,,,0.0,0.0,,,,,,,,,,,,,,,,,,,,,,,,,,,,0,nan,676203,0,,,,,,,,False,False,,,,,False,,,,,,False,,,,,,,False,,,,,,,False,,,,,,,,,,,False,,,,,,,False,,,0,0,1.0,0
D,0,SD,Ryan Wideman,R,0,False,,False,Unknown (nan),?,CHC,SD,CHC,---,10:00 PM,849843,0,0.0,False,False,False,False,0.0,0,0,0,0,0,0,0,0,0,0,0,0,0.0,,,,,0.0,0.0,4.49,1.58,1.35,422.7,2,🔴 Chase Risk,52.0,0.0,,0.0,,,3.8,,,0.0,,,,,,,0.0,,,,,,,0,999,0,0,,,0.0,,,,,,0.0,0.0,0.0,0.0,0.0,0.0,0,0,0.0,0.0,4,4,0,0,0.0,0.0,,0.0,,,,False,,False,,,False,,,1,0,0,0,0,0,0,,,,,,False,,False,,False,,False,,,,0,---,,,,,False,,False,,False,,False,,,,0,,,False,,False,,False,,False,,,,0,0,,,False,,False,,False,,False,,1.0,1.0,,,,,,,,,,2026-09-27,,,,0.0,0.0,,,,,,,,,,,,,,,,,,,,,,,,,,,,0,nan,834240,0,,,,,,,,False,False,,,,,False,,,,,,False,,,,,,,False,,,,,,,False,,,,,,,,,,,False,,,,,,,False,,,0,0,1.0,0
D,0,SD,Qrey Lott,R,0,False,,False,Unknown (nan),?,CHC,SD,CHC,---,10:00 PM,849843,0,0.0,False,False,False,False,0.0,0,0,0,0,0,0,0,0,0,0,0,0,0.0,,,,,0.0,0.0,4.49,1.58,1.35,422.7,2,⬜ Neutral,52.0,0.0,,0.0,,,3.8,,,0.0,,,,,,,0.0,,,,,,,0,999,0,0,,,0.0,,,,,,0.0,0.0,0.0,0.0,0.0,0.0,0,0,0.0,0.0,4,4,0,0,0.0,0.0,,0.0,,,,False,,False,,,False,,,1,0,0,0,0,0,0,,,,,,False,,False,,False,,False,,,,0,---,,,,,False,,False,,False,,False,,,,0,,,False,,False,,False,,False,,,,0,0,,,False,,False,,False,,False,,1.0,1.0,,,,,,,,,,2026-09-27,,,,0.0,0.0,,,,,,,,,,,,,,,,,,,,,,,,,,,,0,nan,812540,0,,,,,,,,False,False,,,,,False,,,,,,False,,,,,,,False,,,,,,,False,,,,,,,,,,,False,,,,,,,False,,,0,0,1.0,0
D,0,SD,Clay Dungan,L,0,False,,False,Unknown (nan),?,CHC,SD,CHC,---,10:00 PM,849843,0,0.0,False,False,False,False,0.0,0,0,0,0,0,0,0,0,0,0,0,0,0.0,,,,,0.0,0.0,4.49,1.58,1.35,422.7,2,🟢 Disciplined,66.0,0.0,,40.0,,,3.8,,,0.0,,,,,,,0.0,,,,,,,0,999,0,0,,,0.0,,,,,,0.0,0.0,0.0,0.0,0.0,0.0,0,0,0.0,0.0,4,4,0,0,0.0,0.0,,0.0,,,,False,,False,,,False,,,1,0,0,0,0,0,0,,,,,,False,,False,,False,,False,,,,0,---,,,,,False,,False,,False,,False,,,,0,,,False,,False,,False,,False,,,,0,0,,,False,,False,,False,,False,,1.0,1.0,,,,,,,,,,2026-09-27,,,,0.0,0.0,,,,,,,,,,,,,,,,,,,,,,,,,,,,0,nan,687867,0,,,,,,,,False,False,,,,,False,,,,,,False,,,,,,,False,,,,,,,False,,,,,,,,,,,False,,,,,,,False,,,0,0,1.0,0
D,0,SD,Alex Verdugo,L,0,False,,False,Unknown (nan),?,CHC,SD,CHC,---,10:00 PM,849843,0,0.0,False,False,False,False,0.0,0,0,0,0,0,0,0,0,0,0,0,0,0.0,,,,,0.0,0.0,4.49,1.58,1.35,422.7,2,🟢 Disciplined,62.0,0.0,,16.7,,,3.8,,,0.0,,,,,,,0.0,,,,,,,0,999,0,0,,,0.0,,,,,,0.0,0.0,0.0,0.0,0.0,0.0,0,0,0.0,0.0,4,4,0,0,0.0,0.0,,0.0,,,,False,,False,,,False,,,1,0,0,0,0,0,0,,,,,,False,,False,,False,,False,,,,0,---,,,,,False,,False,,False,,False,,,,0,,,False,,False,,False,,False,,,,0,0,,,False,,False,,False,,False,,1.0,1.0,,,,,,,,,,2026-09-27,,,,0.0,0.0,,,,,,,,,,,,,,,,,,,,,,,,,,,,0,nan,657077,0,,,,,,,,False,False,,,,,False,,,,,,False,,,,,,,False,,,,,,,False,,,,,,,,,,,False,,,,,,,False,,,0,0,1.0,0
D,0,SD,Kai Murphy,L,0,False,,False,Unknown (nan),?,CHC,SD,CHC,---,10:00 PM,849843,0,0.0,False,False,False,False,0.0,0,0,0,0,0,0,0,0,0,0,0,0,0.0,,,,,0.0,0.0,4.49,1.58,1.35,422.7,2,⬜ Neutral,56.0,0.0,,0.0,,,3.8,,,0.0,,,,,,,0.0,,,,,,,0,999,0,0,,,0.0,,,,,,0.0,0.0,0.0,0.0,0.0,0.0,0,0,0.0,0.0,4,4,0,0,0.0,0.0,,0.0,,,,False,,False,,,False,,,1,0,0,0,0,0,0,,,,,,False,,False,,False,,False,,,,0,---,,,,,False,,False,,False,,False,,,,0,,,False,,False,,False,,False,,,,0,0,,,False,,False,,False,,False,,1.0,1.0,,,,,,,,,,2026-09-27,,,,0.0,0.0,,,,,,,,,,,,,,,,,,,,,,,,,,,,0,nan,687625,0,,,,,,,,False,False,,,,,False,,,,,,False,,,,,,,False,,,,,,,False,,,,,,,,,,,False,,,,,,,False,,,0,0,1.0,0
D,0,SD,Joshua Mears,R,0,False,,False,Unknown (nan),?,CHC,SD,CHC,---,10:00 PM,849843,0,0.0,False,False,False,False,0.0,0,0,0,0,0,0,0,0,0,0,0,0,0.0,,,,,0.0,0.0,4.49,1.58,1.35,422.7,2,⬜ Neutral,52.0,0.0,,0.0,,,3.8,,,0.0,,,,,,,0.0,,,,,,,0,999,0,0,,,0.0,,,,,,0.0,0.0,0.0,0.0,0.0,0.0,0,0,0.0,0.0,4,4,0,0,0.0,0.0,,0.0,,,,False,,False,,,False,,,1,0,0,0,0,0,0,,,,,,False,,False,,False,,False,,,,0,---,,,,,False,,False,,False,,False,,,,0,,,False,,False,,False,,False,,,,0,0,,,False,,False,,False,,False,,1.0,1.0,,,,,,,,,,2026-09-27,,,,0.0,0.0,,,,,,,,,,,,,,,,,,,,,,,,,,,,0,nan,687084,0,,,,,,,,False,False,,,,,False,,,,,,False,,,,,,,False,,,,,,,False,,,,,,,,,,,False,,,,,,,False,,,0,0,1.0,0
D,0,SD,Kai Roberts,L,0,False,,False,Unknown (nan),?,CHC,SD,CHC,---,10:00 PM,849843,0,0.0,False,False,False,False,0.0,0,0,0,0,0,0,0,0,0,0,0,0,0.0,,,,,0.0,0.0,4.49,1.58,1.35,422.7,2,⬜ Neutral,56.0,0.0,,0.0,,,3.8,,,0.0,,,,,,,0.0,,,,,,,0,999,0,0,,,0.0,,,,,,0.0,0.0,0.0,0.0,0.0,0.0,0,0,0.0,0.0,4,4,0,0,0.0,0.0,,0.0,,,,False,,False,,,False,,,1,0,0,0,0,0,0,,,,,,False,,False,,False,,False,,,,0,---,,,,,False,,False,,False,,False,,,,0,,,False,,False,,False,,False,,,,0,0,,,False,,False,,False,,False,,1.0,1.0,,,,,,,,,,2026-09-27,,,,0.0,0.0,,,,,,,,,,,,,,,,,,,,,,,,,,,,0,nan,805956,0,,,,,,,,False,False,,,,,False,,,,,,False,,,,,,,False,,,,,,,False,,,,,,,,,,,False,,,,,,,False,,,0,0,1.0,0
D,0,SD,Lamar King Jr.,R,0,False,,False,Unknown (nan),?,CHC,SD,CHC,---,10:00 PM,849843,0,0.0,False,False,False,False,0.0,0,0,0,0,0,0,0,0,0,0,0,0,0.0,,,,,0.0,0.0,4.49,1.58,1.35,422.7,2,🔴 Chase Risk,52.0,0.0,,0.0,,,3.8,,,0.0,,,,,,,0.0,,,,,,,0,999,0,0,,,0.0,,,,,,0.0,0.0,0.0,0.0,0.0,0.0,0,0,0.0,0.0,4,4,0,0,0.0,0.0,,0.0,,,,False,,False,,,False,,,1,0,0,0,0,0,0,,,,,,False,,False,,False,,False,,,,0,---,,,,,False,,False,,False,,False,,,,0,,,False,,False,,False,,False,,,,0,0,,,False,,False,,False,,False,,1.0,1.0,,,,,,,,,,2026-09-27,,,,0.0,0.0,,,,,,,,,,,,,,,,,,,,,,,,,,,,0,nan,702601,0,,,,,,,,False,False,,,,,False,,,,,,False,,,,,,,False,,,,,,,False,,,,,,,,,,,False,,,,,,,False,,,0,0,1.0,0
D,0,SD,Nate Mondou,L,0,False,,False,Unknown (nan),?,CHC,SD,CHC,---,10:00 PM,849843,0,0.0,False,False,False,False,0.0,0,0,0,0,0,0,0,0,0,0,0,0,0.0,,,,,0.0,0.0,4.49,1.58,1.35,422.7,2,🟡 Watch,44.0,0.0,,0.0,,,3.8,,,0.0,,,,,,,0.0,,,,,,,0,999,0,0,,,0.0,,,,,,0.0,0.0,0.0,0.0,0.0,0.0,0,0,0.0,0.0,4,4,0,0,0.0,0.0,,0.0,,,,False,,False,,,False,,,1,0,0,0,0,0,0,,,,,,False,,False,,False,,False,,,,0,---,,,,,False,,False,,False,,False,,,,0,,,False,,False,,False,,False,,,,0,0,,,False,,False,,False,,False,,1.0,1.0,,,,,,,,,,2026-09-27,,,,0.0,0.0,,,,,,,,,,,,,,,,,,,,,,,,,,,,0,nan,670148,0,,,,,,,,False,False,,,,,False,,,,,,False,,,,,,,False,,,,,,,False,,,,,,,,,,,False,,,,,,,False,,,0,0,1.0,0
D,0,SD,Kasen Wells,L,0,False,,False,Unknown (nan),?,CHC,SD,CHC,---,10:00 PM,849843,0,0.0,False,False,False,False,0.0,0,0,0,0,0,0,0,0,0,0,0,0,0.0,,,,,0.0,0.0,4.49,1.58,1.35,422.7,2,🟡 Watch,48.0,0.0,,0.0,,,3.8,,,0.0,,,,,,,0.0,,,,,,,0,999,0,0,,,0.0,,,,,,0.0,0.0,0.0,0.0,0.0,0.0,0,0,0.0,0.0,4,4,0,0,0.0,0.0,,0.0,,,,False,,False,,,False,,,1,0,0,0,0,0,0,,,,,,False,,False,,False,,False,,,,0,---,,,,,False,,False,,False,,False,,,,0,,,False,,False,,False,,False,,,,0,0,,,False,,False,,False,,False,,1.0,1.0,,,,,,,,,,2026-09-27,,,,0.0,0.0,,,,,,,,,,,,,,,,,,,,,,,,,,,,0,nan,703673,0,,,,,,,,False,False,,,,,False,,,,,,False,,,,,,,False,,,,,,,False,,,,,,,,,,,False,,,,,,,False,,,0,0,1.0,0
D,0,SD,Kale Fountain,R,0,False,,False,Unknown (nan),?,CHC,SD,CHC,---,10:00 PM,849843,0,0.0,False,False,False,False,0.0,0,0,0,0,0,0,0,0,0,0,0,0,0.0,,,,,0.0,0.0,4.49,1.58,1.35,422.7,2,🔴 Chase Risk,44.0,0.0,,0.0,,,3.8,,,0.0,,,,,,,0.0,,,,,,,0,999,0,0,,,0.0,,,,,,0.0,0.0,0.0,0.0,0.0,0.0,0,0,0.0,0.0,4,4,0,0,0.0,0.0,,0.0,,,,False,,False,,,False,,,1,0,0,0,0,0,0,,,,,,False,,False,,False,,False,,,,0,---,,,,,False,,False,,False,,False,,,,0,,,False,,False,,False,,False,,,,0,0,,,False,,False,,False,,False,,1.0,1.0,,,,,,,,,,2026-09-27,,,,0.0,0.0,,,,,,,,,,,,,,,,,,,,,,,,,,,,0,nan,806495,0,,,,,,,,False,False,,,,,False,,,,,,False,,,,,,,False,,,,,,,False,,,,,,,,,,,False,,,,,,,False,,,0,0,1.0,0
D,0,SD,Rosman Verdugo,R,0,False,,False,Unknown (nan),?,CHC,SD,CHC,---,10:00 PM,849843,0,0.0,False,False,False,False,0.0,0,0,0,0,0,0,0,0,0,0,0,0,0.0,,,,,0.0,0.0,4.49,1.58,1.35,422.7,2,🔴 Chase Risk,52.0,0.0,,0.0,,,3.8,,,0.0,,,,,,,0.0,,,,,,,0,999,0,0,,,0.0,,,,,,0.0,0.0,0.0,0.0,0.0,0.0,0,0,0.0,0.0,4,4,0,0,0.0,0.0,,0.0,,,,False,,False,,,False,,,1,0,0,0,0,0,0,,,,,,False,,False,,False,,False,,,,0,---,,,,,False,,False,,False,,False,,,,0,,,False,,False,,False,,False,,,,0,0,,,False,,False,,False,,False,,1.0,1.0,,,,,,,,,,2026-09-27,,,,0.0,0.0,,,,,,,,,,,,,,,,,,,,,,,,,,,,0,nan,698916,0,,,,,,,,False,False,,,,,False,,,,,,False,,,,,,,False,,,,,,,False,,,,,,,,,,,False,,,,,,,False,,,0,0,1.0,0
D,0,SD,Albert Fabian,L,0,False,,False,Unknown (nan),?,CHC,SD,CHC,---,10:00 PM,849843,0,0.0,False,False,False,False,0.0,0,0,0,0,0,0,0,0,0,0,0,0,0.0,,,,,0.0,0.0,4.49,1.58,1.35,422.7,2,🟡 Watch,44.0,0.0,,0.0,,,3.8,,,0.0,,,,,,,0.0,,,,,,,0,999,0,0,,,0.0,,,,,,0.0,0.0,0.0,0.0,0.0,0.0,0,0,0.0,0.0,4,4,0,0,0.0,0.0,,0.0,,,,False,,False,,,False,,,1,0,0,0,0,0,0,,,,,,False,,False,,False,,False,,,,0,---,,,,,False,,False,,False,,False,,,,0,,,False,,False,,False,,False,,,,0,0,,,False,,False,,False,,False,,1.0,1.0,,,,,,,,,,2026-09-27,,,,0.0,0.0,,,,,,,,,,,,,,,,,,,,,,,,,,,,0,nan,683546,0,,,,,,,,False,False,,,,,False,,,,,,False,,,,,,,False,,,,,,,False,,,,,,,,,,,False,,,,,,,False,,,0,0,1.0,0
D,0,SD,Jason Heyward,L,0,False,,False,Unknown (nan),?,CHC,SD,CHC,---,10:00 PM,849843,0,0.0,False,False,False,False,0.0,0,0,0,0,0,0,0,0,0,0,0,0,0.0,,,,,0.0,0.0,4.49,1.58,1.35,422.7,2,🟢 Disciplined,59.0,0.0,,8.7,,,2.9,,,0.0,,,,,,,0.0,,,,,,,0,999,0,0,,,0.0,,,,,,0.0,0.0,0.0,0.0,0.0,0.0,0,0,0.0,0.0,4,4,0,0,0.0,0.0,,0.0,,34.35,16.7,False,,False,,,False,,,1,0,0,0,0,0,0,,,,,,False,,False,,False,,False,,,,0,---,,,,,False,,False,,False,,False,,,,0,,,False,,False,,False,,False,,,,0,0,,,False,,False,,False,,False,,1.0,1.0,,,,,,,,,,2026-09-27,,,,0.0,0.0,,,,,,,,,,,,,,,,,,,,,,,,,,,,0,nan,518792,0,,,,,,,,False,False,,,,,False,,,,,,False,,,,,,,False,,,,,,,False,,,,,,,,,,,False,,,,,,,False,,,0,0,1.0,0
D,0,SD,Martín Maldonado,R,0,False,,False,Unknown (nan),?,CHC,SD,CHC,---,10:00 PM,849843,0,0.0,False,False,False,False,0.0,0,0,0,0,0,0,0,0,0,0,0,0,0.0,,,,,0.0,0.0,4.49,1.58,1.35,422.7,2,🟡 Watch,44.0,0.0,,0.0,,,3.8,,,0.0,,,,,,,0.0,,,,,,,0,999,0,0,,,0.0,,,,,,0.0,0.0,0.0,0.0,0.0,0.0,0,0,0.0,0.0,4,4,0,0,0.0,0.0,,0.0,,,,False,,False,,,False,,,1,0,0,0,0,0,0,,,,,,False,,False,,False,,False,,,,0,---,,,,,False,,False,,False,,False,,,,0,,,False,,False,,False,,False,,,,0,0,,,False,,False,,False,,False,,1.0,1.0,,,,,,,,,,2026-09-27,,,,0.0,0.0,,,,,,,,,,,,,,,,,,,,,,,,,,,,0,nan,455117,0,,,,,,,,False,False,,,,,False,,,,,,False,,,,,,,False,,,,,,,False,,,,,,,,,,,False,,,,,,,False,,,0,0,1.0,0
D,0,SD,Yuli Gurriel,R,0,False,,False,Unknown (nan),?,CHC,SD,CHC,---,10:00 PM,849843,0,0.0,False,False,False,False,0.0,0,0,0,0,0,0,0,0,0,0,0,0,0.0,,,,,0.0,0.0,4.49,1.58,1.35,422.7,2,🟢 Disciplined,62.0,0.0,,22.2,,,3.8,,,0.0,,,,,,,0.0,,,,,,,0,999,0,0,,,0.0,,,,,,0.0,0.0,0.0,0.0,0.0,0.0,0,0,0.0,0.0,4,4,0,0,0.0,0.0,,0.0,,,,False,,False,,,False,,,1,0,0,0,0,0,0,,,,,,False,,False,,False,,False,,,,0,---,,,,,False,,False,,False,,False,,,,0,,,False,,False,,False,,False,,,,0,0,,,False,,False,,False,,False,,1.0,1.0,,,,,,,,,,2026-09-27,,,,0.0,0.0,,,,,,,,,,,,,,,,,,,,,,,,,,,,0,nan,493329,0,,,,,,,,False,False,,,,,False,,,,,,False,,,,,,,False,,,,,,,False,,,,,,,,,,,False,,,,,,,False,,,0,0,1.0,0
D,0,SD,Oscar Gonzalez,R,0,False,,False,Unknown (nan),?,CHC,SD,CHC,---,10:00 PM,849843,0,0.0,False,False,False,False,0.0,0,0,0,0,0,0,0,0,0,0,0,0,0.0,,,,,0.0,0.0,4.49,1.58,1.35,422.7,2,🟡 Watch,48.0,0.0,,0.0,,,3.8,,,0.0,,,,,,,0.0,,,,,,,0,999,0,0,,,0.0,,,,,,0.0,0.0,0.0,0.0,0.0,0.0,0,0,0.0,0.0,4,4,0,0,0.0,0.0,,0.0,,,,False,,False,,,False,,,1,0,0,0,0,0,0,,,,,,False,,False,,False,,False,,,,0,---,,,,,False,,False,,False,,False,,,,0,,,False,,False,,False,,False,,,,0,0,,,False,,False,,False,,False,,1.0,1.0,,,,,,,,,,2026-09-27,,,,0.0,0.0,,,,,,,,,,,,,,,,,,,,,,,,,,,,0,nan,660757,0,,,,,,,,False,False,,,,,False,,,,,,False,,,,,,,False,,,,,,,False,,,,,,,,,,,False,,,,,,,False,,,0,0,1.0,0
