PlayerId,Full Name,Primary Position,Bat Side,Throw Side,MLB Debut,TeamId,Team,Date
647351,Abraham Toro,1B,Switch,Right,2019-08-22,133,ATH,2024-03-30
622072,Alex Wood,P,Right,Left,2013-05-30,133,ATH,2024-03-30
613534,Austin Adams,P,Right,Right,2017-07-15,133,ATH,2024-03-30
667670,Brent Rooker,RF,Right,Right,2020-09-04,133,ATH,2024-03-30
666204,Dany Jiménez,P,Right,Right,2020-07-23,133,ATH,2024-03-30
687231,Darell Hernaiz,3B,Right,Right,2024-03-28,133,ATH,2024-03-30
665923,Esteury Ruiz,LF,Right,Right,2022-07-12,133,ATH,2024-03-30
605204,J.D. Davis,3B,Right,Right,2017-08-05,133,ATH,2024-03-30
668709,JJ Bleday,CF,Left,Left,2022-07-23,133,ATH,2024-03-30
676664,JP Sears,P,Right,Left,2022-04-13,133,ATH,2024-03-30
671212,Joe Boyle,P,Right,Right,2023-09-17,133,ATH,2024-03-30
668832,Kyle McCann,C,Left,Right,2024-03-30,133,ATH,2024-03-30
666205,Kyle Muller,P,Right,Left,2021-06-16,133,ATH,2024-03-30
671732,Lawrence Butler,RF,Left,Right,2023-08-11,133,ATH,2024-03-30
668674,Lucas Erceg,P,Left,Right,2023-05-19,133,ATH,2024-03-30
695243,Mason Miller,P,Right,Right,2023-04-19,133,ATH,2024-03-30
547184,Michael Kelly,P,Right,Right,2022-06-16,133,ATH,2024-03-30
687765,Mitch Spence,P,Right,Right,2024-03-29,133,ATH,2024-03-30
669397,Nick Allen,SS,Right,Right,2022-04-19,133,ATH,2024-03-30
621112,Paul Blackburn,P,Right,Right,2017-07-01,133,ATH,2024-03-30
548389,Ross Stripling,P,Right,Right,2016-04-08,133,ATH,2024-03-30
676116,Ryan Noda,1B,Left,Left,2023-03-30,133,ATH,2024-03-30
664913,Seth Brown,LF,Left,Left,2019-08-26,133,ATH,2024-03-30
669127,Shea Langeliers,C,Right,Right,2022-08-16,133,ATH,2024-03-30
519008,T.J. McFarland,P,Left,Left,2013-04-06,133,ATH,2024-03-30
680869,Zack Gelof,2B,Right,Right,2023-07-14,133,ATH,2024-03-30
675961,Alika Williams,2B,Right,Right,2023-07-25,134,PIT,2024-03-30
457705,Andrew McCutchen,RF,Right,Right,2009-06-04,134,PIT,2024-03-30
547973,Aroldis Chapman,P,Left,Left,2010-08-31,134,PIT,2024-03-30
663559,Bailey Falter,P,Right,Left,2021-04-25,134,PIT,2024-03-30
668804,Bryan Reynolds,RF,Switch,Right,2019-04-20,134,PIT,2024-03-30
656582,Connor Joe,RF,Right,Right,2019-03-28,134,PIT,2024-03-30
670280,David Bednar,P,Left,Right,2019-09-01,134,PIT,2024-03-30
658668,Edward Olivares,OF,Right,Right,2020-07-25,134,PIT,2024-03-30
680779,Henry Davis,C,Right,Right,2023-06-19,134,PIT,2024-03-30
676702,Hunter Stratton,P,Right,Right,2023-09-05,134,PIT,2024-03-30
669261,Jack Suwinski,RF,Left,Left,2022-04-26,134,PIT,2024-03-30
683003,Jared Jones,P,Left,Right,2024-03-30,134,PIT,2024-03-30
669707,Jared Triolo,SS,Right,Right,2023-06-28,134,PIT,2024-03-30
641511,Jason Delay,C,Right,Right,2022-06-14,134,PIT,2024-03-30
669796,Jose E. Hernandez,P,Left,Left,2023-04-01,134,PIT,2024-03-30
676596,Josh Fleming,P,Left,Left,2020-08-23,134,PIT,2024-03-30
663647,Ke'Bryan Hayes,3B,Right,Right,2020-09-01,134,PIT,2024-03-30
682847,Luis L. Ortiz,P,Right,Right,2022-09-13,134,PIT,2024-03-30
594835,Marco Gonzales,P,Left,Left,2014-06-25,134,PIT,2024-03-30
527048,Martín Pérez,P,Left,Left,2012-06-27,134,PIT,2024-03-30
572191,Michael A. Taylor,RF,Right,Right,2014-08-12,134,PIT,2024-03-30
656605,Mitch Keller,P,Right,Right,2019-05-27,134,PIT,2024-03-30
665833,Oneil Cruz,CF,Left,Right,2021-10-02,134,PIT,2024-03-30
642133,Rowdy Tellez,1B,Left,Left,2018-09-05,134,PIT,2024-03-30
621366,Ryan Borucki,P,Left,Left,2018-06-26,134,PIT,2024-03-30
656924,Ryder Ryan,P,Right,Right,2023-08-11,134,PIT,2024-03-30
656302,Dylan Cease,P,Right,Right,2019-07-03,135,SD,2024-03-30
666703,Eguy Rosario,3B,Right,Right,2022-08-26,135,SD,2024-03-30
660853,Enyel De Los Santos,P,Right,Right,2018-07-10,135,SD,2024-03-30
665487,Fernando Tatis Jr.,RF,Right,Right,2019-03-28,135,SD,2024-03-30
688363,Graham Pauley,3B,Left,Right,2024-03-20,135,SD,2024-03-30
673490,Ha-Seong Kim,SS,Right,Right,2021-04-01,135,SD,2024-03-30
701538,Jackson Merrill,CF,Left,Right,2024-03-20,135,SD,2024-03-30
630105,Jake Cronenworth,2B,Left,Right,2020-07-26,135,SD,2024-03-30
666745,Jhony Brito,P,Right,Right,2023-04-02,135,SD,2024-03-30
605397,Joe Musgrove,P,Right,Right,2016-08-02,135,SD,2024-03-30
640492,José Azocar,LF,Right,Right,2022-04-07,135,SD,2024-03-30
595777,Jurickson Profar,LF,Switch,Right,2012-09-02,135,SD,2024-03-30
543309,Kyle Higashioka,C,Right,Right,2017-04-10,135,SD,2024-03-30
669134,Luis Campusano,DH,Right,Right,2020-09-04,135,SD,2024-03-30
592518,Manny Machado,3B,Right,Right,2012-08-09,135,SD,2024-03-30
663362,Matt Waldron,P,Right,Right,2023-06-24,135,SD,2024-03-30
650633,Michael King,P,Right,Right,2019-09-27,135,SD,2024-03-30
658648,Pedro Avila,P,Right,Right,2019-04-11,135,SD,2024-03-30
663158,Robert Suarez,P,Right,Right,2022-04-07,135,SD,2024-03-30
663568,Stephen Kolek,P,Right,Right,2024-03-21,135,SD,2024-03-30
676680,Tom Cosgrove,P,Left,Left,2023-04-29,135,SD,2024-03-30
642180,Tyler Wade,CF,Left,Right,2017-06-27,135,SD,2024-03-30
593974,Wandy Peralta,P,Left,Left,2016-09-04,135,SD,2024-03-30
593428,Xander Bogaerts,SS,Right,Right,2013-08-20,135,SD,2024-03-30
506433,Yu Darvish,P,Right,Right,2012-04-09,135,SD,2024-03-30
673513,Yuki Matsui,P,Left,Left,2024-03-20,135,SD,2024-03-30
662253,Andrés Muñoz,P,Right,Right,2019-07-12,136,SEA,2024-03-30
608723,Austin Voth,P,Right,Right,2018-07-14,136,SEA,2024-03-30
682243,Bryce Miller,P,Right,Right,2023-05-02,136,SEA,2024-03-30
663728,Cal Raleigh,C,Switch,Right,2021-07-11,136,SEA,2024-03-30
675989,Cody Bolton,P,Right,Right,2023-04-29,136,SEA,2024-03-30
676092,Collin Snider,P,Right,Right,2022-04-09,136,SEA,2024-03-30
686527,Dominic Canzone,RF,Left,Right,2023-07-08,136,SEA,2024-03-30
664238,Dylan Moore,2B,Right,Right,2019-03-20,136,SEA,2024-03-30
676106,Emerson Hancock,P,Right,Right,2023-08-09,136,SEA,2024-03-30
642100,Gabe Speier,P,Left,Left,2019-09-05,136,SEA,2024-03-30
669923,George Kirby,P,Right,Right,2022-05-08,136,SEA,2024-03-30
641487,J.P. Crawford,SS,Left,Right,2017-09-05,136,SEA,2024-03-30
593871,Jorge Polanco,2B,Switch,Right,2014-06-26,136,SEA,2024-03-30
668942,Josh Rojas,3B,Left,Right,2019-08-12,136,SEA,2024-03-30
677594,Julio Rodríguez,CF,Right,Right,2022-04-08,136,SEA,2024-03-30
669302,Logan Gilbert,P,Right,Right,2021-05-13,136,SEA,2024-03-30
622491,Luis Castillo,P,Right,Right,2017-06-23,136,SEA,2024-03-30
649966,Luis Urías,2B,Right,Right,2018-08-28,136,SEA,2024-03-30
670042,Luke Raley,RF,Left,Right,2021-04-09,136,SEA,2024-03-30
641598,Mitch Garver,C,Right,Right,2017-08-19,136,SEA,2024-03-30
571745,Mitch Haniger,RF,Right,Right,2016-08-16,136,SEA,2024-03-30
592773,Ryne Stanek,P,Right,Right,2017-05-14,136,SEA,2024-03-30
664874,Seby Zavala,C,Right,Right,2019-05-25,136,SEA,2024-03-30
642048,Tayler Saucedo,P,Left,Left,2021-06-17,136,SEA,2024-03-30
663423,Trent Thornton,P,Right,Right,2019-03-31,136,SEA,2024-03-30
664034,Ty France,1B,Right,Right,2019-04-26,136,SEA,2024-03-30
596103,Austin Slater,LF,Right,Right,2017-06-02,137,SF,2024-03-30
605483,Blake Snell,P,Left,Left,2016-04-23,137,SF,2024-03-30
666808,Camilo Doval,P,Right,Right,2021-04-18,137,SF,2024-03-30
669062,Erik Miller,P,Left,Left,2024-03-28,137,SF,2024-03-30
663698,Joey Bart,C,Right,Right,2020-08-20,137,SF,2024-03-30
663855,Jordan Hicks,P,Right,Right,2018-03-29,137,SF,2024-03-30
624585,Jorge Soler,RF,Right,Right,2014-08-27,137,SF,2024-03-30
808982,Jung Hoo Lee,CF,Left,Right,2024-03-28,137,SF,2024-03-30
678906,Kai-Wei Teng,P,Right,Right,2024-03-31,137,SF,2024-03-30
676775,Keaton Winn,P,Right,Right,2023-06-13,137,SF,2024-03-30
690986,Kyle Harrison,P,Right,Left,2023-08-22,137,SF,2024-03-30
664774,LaMonte Wade Jr.,1B,Left,Left,2019-06-28,137,SF,2024-03-30
694738,Landen Roupp,P,Right,Right,2024-03-29,137,SF,2024-03-30
657277,Logan Webb,P,Right,Right,2019-08-17,137,SF,2024-03-30
682641,Luis Matos,RF,Right,Right,2023-06-14,137,SF,2024-03-30
656305,Matt Chapman,3B,Right,Right,2017-06-15,137,SF,2024-03-30
624424,Michael Conforto,LF,Left,Right,2015-07-24,137,SF,2024-03-30
605113,Nick Ahmed,SS,Right,Right,2014-06-29,137,SF,2024-03-30
672275,Patrick Bailey,C,Switch,Right,2023-05-19,137,SF,2024-03-30
676254,Ryan Walker,P,Right,Right,2023-05-21,137,SF,2024-03-30
573124,Taylor Rogers,P,Left,Left,2016-04-14,137,SF,2024-03-30
642731,Thairo Estrada,2B,Right,Right,2019-04-21,137,SF,2024-03-30
608596,Tom Murphy,C,Right,Right,2015-09-12,137,SF,2024-03-30
666149,Tyler Fitzgerald,2B,Right,Right,2023-09-21,137,SF,2024-03-30
643511,Tyler Rogers,P,Right,Right,2019-08-27,137,SF,2024-03-30
527038,Wilmer Flores,1B,Right,Right,2013-08-06,137,SF,2024-03-30
676475,Alec Burleson,1B,Left,Left,2022-09-08,138,STL,2024-03-30
669467,Andre Pallante,P,Right,Right,2022-04-10,138,STL,2024-03-30
552640,Andrew Kittredge,P,Right,Right,2017-07-18,138,STL,2024-03-30
543063,Brandon Crawford,SS,Left,Right,2011-05-27,138,STL,2024-03-30
680977,Brendan Donovan,2B,Left,Right,2022-04-25,138,STL,2024-03-30
606149,Giovanny Gallegos,P,Right,Right,2017-05-12,138,STL,2024-03-30
671056,Iván Herrera,C,Right,Right,2022-05-24,138,STL,2024-03-30
668941,JoJo Romero,P,Left,Left,2020-08-21,138,STL,2024-03-30
691023,Jordan Walker,RF,Right,Right,2023-03-30,138,STL,2024-03-30
502043,Kyle Gibson,P,Right,Right,2013-06-29,138,STL,2024-03-30
458681,Lance Lynn,P,Switch,Right,2011-06-02,138,STL,2024-03-30
691026,Masyn Winn,SS,Right,Right,2023-08-18,138,STL,2024-03-30
572761,Matt Carpenter,DH,Left,Right,2011-06-04,138,STL,2024-03-30
669461,Matthew Liberatore,P,Left,Left,2022-05-21,138,STL,2024-03-30
672279,Michael Siani,CF,Left,Left,2022-09-22,138,STL,2024-03-30
571945,Miles Mikolas,P,Right,Right,2012-05-05,138,STL,2024-03-30
571448,Nolan Arenado,3B,Right,Right,2013-04-28,138,STL,2024-03-30
669357,Nolan Gorman,2B,Left,Right,2022-05-20,138,STL,2024-03-30
502671,Paul Goldschmidt,1B,Right,Right,2011-08-01,138,STL,2024-03-30
681676,Ryan Fernandez,P,Right,Right,2024-04-03,138,STL,2024-03-30
664854,Ryan Helsley,P,Right,Right,2019-04-16,138,STL,2024-03-30
571927,Steven Matz,P,Right,Left,2015-06-28,138,STL,2024-03-30
687363,Victor Scott II,CF,Left,Left,2024-03-28,138,STL,2024-03-30
575929,Willson Contreras,1B,Right,Right,2016-06-17,138,STL,2024-03-30
668868,Zack Thompson,P,Left,Left,2022-06-03,138,STL,2024-03-30
650644,Aaron Civale,P,Right,Right,2019-06-22,139,TB,2024-03-30
642708,Amed Rosario,3B,Right,Right,2017-08-01,139,TB,2024-03-30
668853,Austin Shenton,1B,Left,Right,2024-03-31,139,TB,2024-03-30
666163,Ben Rortvedt,C,Left,Right,2021-04-30,139,TB,2024-03-30
664040,Brandon Lowe,2B,Left,Right,2018-08-05,139,TB,2024-03-30
606965,Chris Devenski,P,Right,Right,2016-04-08,139,TB,2024-03-30
621363,Colin Poche,P,Left,Left,2019-06-08,139,TB,2024-03-30
678554,Curtis Mead,1B,Right,Right,2023-08-04,139,TB,2024-03-30
664076,Garrett Cleavinger,P,Right,Left,2020-09-17,139,TB,2024-03-30
623912,Harold Ramírez,RF,Right,Right,2019-05-11,139,TB,2024-03-30
670623,Isaac Paredes,3B,Right,Right,2020-08-17,139,TB,2024-03-30
621097,Jacob Waguespack,P,Right,Right,2019-05-27,139,TB,2024-03-30
592094,Jason Adam,P,Right,Right,2018-05-05,139,TB,2024-03-30
676609,José Caballero,SS,Right,Right,2023-04-15,139,TB,2024-03-30
642350,Jose Siri,CF,Right,Right,2021-09-03,139,TB,2024-03-30
664126,Pete Fairbanks,P,Right,Right,2019-06-09,139,TB,2024-03-30
664208,Phil Maton,P,Right,Right,2017-06-11,139,TB,2024-03-30
668227,Randy Arozarena,LF,Right,Right,2019-08-14,139,TB,2024-03-30
650907,René Pinto,C,Right,Right,2022-04-26,139,TB,2024-03-30
680700,Richie Palacios,LF,Left,Right,2022-04-25,139,TB,2024-03-30
686752,Ryan Pepiot,P,Right,Right,2022-05-11,139,TB,2024-03-30
542888,Shawn Armstrong,P,Right,Right,2015-08-08,139,TB,2024-03-30
641302,Tyler Alexander,P,Right,Left,2019-07-03,139,TB,2024-03-30
650490,Yandy Díaz,1B,Right,Right,2017-04-03,139,TB,2024-03-30
621107,Zach Eflin,P,Right,Right,2016-06-14,139,TB,2024-03-30
641793,Zack Littell,P,Right,Right,2018-06-05,139,TB,2024-03-30
666969,Adolis García,RF,Right,Right,2018-08-08,140,TEX,2024-03-30
571760,Andrew Heaney,P,Left,Left,2014-06-19,140,TEX,2024-03-30
668800,Andrew Knizner,C,Right,Right,2019-06-02,140,TEX,2024-03-30
656271,Brock Burke,P,Left,Left,2019-08-20,140,TEX,2024-03-30
674003,Cody Bradford,P,Left,Left,2023-05-15,140,TEX,2024-03-30
608369,Corey Seager,SS,Left,Right,2015-09-03,140,TEX,2024-03-30
641540,Dane Dunning,P,Right,Right,2020-08-19,140,TEX,2024-03-30
502085,David Robertson,P,Right,Right,2008-06-29,140,TEX,2024-03-30
694497,Evan Carter,CF,Left,Right,2023-09-08,140,TEX,2024-03-30
677649,Ezequiel Duran,SS,Right,Right,2022-06-04,140,TEX,2024-03-30
656641,Jacob Latz,P,Right,Left,2021-08-25,140,TEX,2024-03-30
665120,Jared Walsh,1B,Left,Left,2019-05-15,140,TEX,2024-03-30
592351,Jon Gray,P,Right,Right,2015-08-04,140,TEX,2024-03-30
641680,Jonah Heim,C,Switch,Right,2020-08-25,140,TEX,2024-03-30
600917,José Leclerc,P,Right,Right,2016-07-06,140,TEX,2024-03-30
570632,José Ureña,P,Right,Right,2015-04-14,140,TEX,2024-03-30
673962,Josh Jung,3B,Right,Right,2022-09-09,140,TEX,2024-03-30
622250,Josh Sborz,P,Right,Right,2019-06-20,140,TEX,2024-03-30
669701,Josh Smith,SS,Left,Right,2022-05-30,140,TEX,2024-03-30
489446,Kirby Yates,P,Left,Right,2014-06-07,140,TEX,2024-03-30
665750,Leody Taveras,CF,Switch,Right,2020-07-24,140,TEX,2024-03-30
543760,Marcus Semien,2B,Right,Right,2013-09-04,140,TEX,2024-03-30
543135,Nathan Eovaldi,P,Right,Right,2011-08-06,140,TEX,2024-03-30
608671,Travis Jankowski,RF,Left,Right,2015-08-21,140,TEX,2024-03-30
694671,Wyatt Langford,LF,Right,Right,2024-03-28,140,TEX,2024-03-30
666720,Yerry Rodríguez,P,Right,Right,2022-10-05,140,TEX,2024-03-30
672386,Alejandro Kirk,C,Right,Right,2020-09-12,141,TOR,2024-03-30
666182,Bo Bichette,SS,Right,Right,2019-07-29,141,TOR,2024-03-30
670102,Bowden Francis,P,Right,Right,2022-04-27,141,TOR,2024-03-30
661531,Brian Serven,C,Right,Right,2022-05-18,141,TOR,2024-03-30
624415,Cavan Biggio,1B,Left,Right,2019-05-24,141,TOR,2024-03-30
643338,Chad Green,P,Left,Right,2016-05-16,141,TOR,2024-03-30
605135,Chris Bassitt,P,Right,Right,2014-08-30,141,TOR,2024-03-30
596129,Daniel Vogelbach,DH,Left,Right,2016-09-12,141,TOR,2024-03-30
662139,Daulton Varsho,CF,Left,Right,2020-07-30,141,TOR,2024-03-30
676914,Davis Schneider,LF,Right,Right,2023-08-04,141,TOR,2024-03-30
676391,Ernie Clement,3B,Right,Right,2021-06-13,141,TOR,2024-03-30
650893,Génesis Cabrera,P,Left,Left,2019-05-29,141,TOR,2024-03-30
543807,George Springer,RF,Right,Right,2014-04-16,141,TOR,2024-03-30
643396,Isiah Kiner-Falefa,SS,Right,Right,2018-04-10,141,TOR,2024-03-30
621244,José Berríos,P,Right,Right,2016-04-27,141,TOR,2024-03-30
457759,Justin Turner,1B,Right,Right,2009-09-08,141,TOR,2024-03-30
592332,Kevin Gausman,P,Left,Right,2013-05-23,141,TOR,2024-03-30
595281,Kevin Kiermaier,CF,Left,Right,2013-09-30,141,TOR,2024-03-30
669952,Mitch White,P,Right,Right,2020-08-28,141,TOR,2024-03-30
663878,Nate Pearson,P,Right,Right,2020-07-29,141,TOR,2024-03-30
641835,Tim Mayza,P,Left,Left,2017-08-15,141,TOR,2024-03-30
670950,Trevor Richards,P,Right,Right,2018-04-02,141,TOR,2024-03-30
665489,Vladimir Guerrero Jr.,1B,Right,Right,2019-04-26,141,TOR,2024-03-30
641149,Wes Parsons,P,Right,Right,2018-08-09,141,TOR,2024-03-30
554340,Yimi García,P,Right,Right,2014-09-01,141,TOR,2024-03-30
666135,Alex Kirilloff,LF,Left,Left,2020-09-30,142,MIN,2024-03-30
668885,Austin Martin,CF,Right,Right,2024-03-30,142,MIN,2024-03-30
641927,Bailey Ober,P,Right,Right,2021-05-18,142,MIN,2024-03-30
592779,Brock Stewart,P,Left,Right,2016-06-29,142,MIN,2024-03-30
621439,Byron Buxton,CF,Right,Right,2015-06-14,142,MIN,2024-03-30
621043,Carlos Correa,SS,Right,Right,2015-06-08,142,MIN,2024-03-30
467793,Carlos Santana,1B,Switch,Right,2010-06-11,142,MIN,2024-03-30
663978,Chris Paddack,P,Right,Right,2019-03-31,142,MIN,2024-03-30
543877,Christian Vázquez,C,Right,Right,2014-07-09,142,MIN,2024-03-30
663485,Cole Sands,P,Right,Right,2022-05-01,142,MIN,2024-03-30
650960,Daniel Duarte,P,Right,Right,2022-04-08,142,MIN,2024-03-30
666397,Edouard Julien,2B,Left,Right,2023-04-12,142,MIN,2024-03-30
643377,Griffin Jax,P,Right,Right,2021-06-08,142,MIN,2024-03-30
543351,Jay Jackson,P,Right,Right,2015-09-14,142,MIN,2024-03-30
657746,Joe Ryan,P,Right,Right,2021-09-01,142,MIN,2024-03-30
660896,Jorge Alcala,P,Right,Right,2019-09-21,142,MIN,2024-03-30
681892,Kody Funderburk,P,Left,Left,2023-08-28,142,MIN,2024-03-30
571657,Kyle Farmer,2B,Right,Right,2017-07-30,142,MIN,2024-03-30
686973,Louis Varland,P,Left,Right,2022-09-07,142,MIN,2024-03-30
622534,Manuel Margot,RF,Right,Right,2016-09-21,142,MIN,2024-03-30
670242,Matt Wallner,RF,Left,Right,2022-09-17,142,MIN,2024-03-30
596146,Max Kepler,LF,Left,Left,2015-09-27,142,MIN,2024-03-30
641154,Pablo López,P,Left,Right,2018-06-30,142,MIN,2024-03-30
680777,Ryan Jeffers,C,Right,Right,2020-08-20,142,MIN,2024-03-30
595345,Steven Okert,P,Left,Left,2016-04-19,142,MIN,2024-03-30
650489,Willi Castro,LF,Switch,Right,2019-08-24,142,MIN,2024-03-30
605400,Aaron Nola,P,Right,Right,2015-07-21,143,PHI,2024-03-30
664761,Alec Bohm,3B,Right,Right,2020-08-13,143,PHI,2024-03-30
669016,Brandon Marsh,CF,Left,Right,2021-07-18,143,PHI,2024-03-30
547180,Bryce Harper,1B,Left,Right,2012-04-28,143,PHI,2024-03-30
681082,Bryson Stott,2B,Left,Right,2022-04-08,143,PHI,2024-03-30
641401,Connor Brogdon,P,Right,Right,2020-08-13,143,PHI,2024-03-30
665506,Cristian Pache,OF,Right,Right,2020-08-21,143,PHI,2024-03-30
650911,Cristopher Sánchez,P,Left,Left,2021-06-06,143,PHI,2024-03-30
624641,Edmundo Sosa,2B,Right,Right,2018-09-23,143,PHI,2024-03-30
596117,Garrett Stubbs,C,Left,Right,2019-05-28,143,PHI,2024-03-30
642397,Gregory Soto,P,Left,Left,2019-05-11,143,PHI,2024-03-30
592663,J.T. Realmuto,C,Right,Right,2014-06-05,143,PHI,2024-03-30
656546,Jeff Hoffman,P,Right,Right,2016-08-20,143,PHI,2024-03-30
679032,Johan Rojas,CF,Right,Right,2023-07-15,143,PHI,2024-03-30
621237,José Alvarado,P,Left,Left,2017-05-03,143,PHI,2024-03-30
656941,Kyle Schwarber,LF,Left,Right,2015-06-16,143,PHI,2024-03-30
656814,Luis F. Ortiz,P,Right,Right,2018-09-07,143,PHI,2024-03-30
621381,Matt Strahm,P,Right,Left,2016-07-31,143,PHI,2024-03-30
592206,Nick Castellanos,RF,Right,Right,2013-09-01,143,PHI,2024-03-30
624133,Ranger Suárez,P,Left,Left,2018-07-26,143,PHI,2024-03-30
622554,Seranthony Domínguez,P,Right,Right,2018-05-07,143,PHI,2024-03-30
605513,Spencer Turnbull,P,Right,Right,2018-09-14,143,PHI,2024-03-30
607208,Trea Turner,SS,Right,Right,2015-08-21,143,PHI,2024-03-30
593160,Whit Merrifield,2B,Right,Right,2016-05-18,143,PHI,2024-03-30
628708,Yunior Marte,P,Right,Right,2022-04-12,143,PHI,2024-03-30
554430,Zack Wheeler,P,Left,Right,2013-06-18,143,PHI,2024-03-30
621345,A.J. Minter,P,Left,Left,2017-08-23,144,ATL,2024-03-30
607481,Aaron Bummer,P,Left,Left,2017-07-27,144,ATL,2024-03-30
594807,Adam Duvall,LF,Right,Right,2014-06-26,144,ATL,2024-03-30
663586,Austin Riley,3B,Right,Right,2019-05-15,144,ATL,2024-03-30
644433,Chadwick Tromp,C,Right,Right,2020-07-29,144,ATL,2024-03-30
450203,Charlie Morton,P,Right,Right,2008-06-14,144,ATL,2024-03-30
519242,Chris Sale,P,Left,Left,2010-08-06,144,ATL,2024-03-30
669276,Dylan Lee,P,Left,Left,2021-10-01,144,ATL,2024-03-30
657088,Forrest Wall,LF,Left,Right,2023-07-22,144,ATL,2024-03-30
672284,Jarred Kelenic,RF,Left,Left,2021-05-13,144,ATL,2024-03-30
445926,Jesse Chavez,P,Right,Right,2008-08-27,144,ATL,2024-03-30
641729,Joe Jiménez,P,Right,Right,2017-04-13,144,ATL,2024-03-30
641645,Luis Guillorme,3B,Left,Right,2018-05-11,144,ATL,2024-03-30
542303,Marcell Ozuna,DH,Right,Right,2013-04-30,144,ATL,2024-03-30
621566,Matt Olson,1B,Left,Right,2016-09-12,144,ATL,2024-03-30
608331,Max Fried,P,Left,Left,2017-08-08,144,ATL,2024-03-30
671739,Michael Harris II,CF,Left,Left,2022-05-28,144,ATL,2024-03-30
606115,Orlando Arcia,SS,Right,Right,2016-08-02,144,ATL,2024-03-30
645277,Ozzie Albies,2B,Switch,Right,2017-08-01,144,ATL,2024-03-30
572955,Pierce Johnson,P,Right,Right,2017-05-19,144,ATL,2024-03-30
628452,Raisel Iglesias,P,Right,Right,2015-04-12,144,ATL,2024-03-30
625643,Reynaldo López,P,Right,Right,2016-07-19,144,ATL,2024-03-30
660670,Ronald Acuña Jr.,RF,Right,Right,2018-04-25,144,ATL,2024-03-30
675911,Spencer Strider,P,Right,Right,2021-10-01,144,ATL,2024-03-30
518595,Travis d'Arnaud,C,Right,Right,2013-08-17,144,ATL,2024-03-30
554431,Tyler Matzek,P,Left,Left,2014-06-11,144,ATL,2024-03-30
643217,Andrew Benintendi,LF,Left,Left,2016-08-02,145,CWS,2024-03-30
683734,Andrew Vaughn,1B,Right,Right,2021-04-02,145,CWS,2024-03-30
669699,Braden Shewmake,SS,Left,Right,2023-05-05,145,CWS,2024-03-30
543766,Bryan Shaw,P,Switch,Right,2011-06-10,145,CWS,2024-03-30
623167,Chris Flexen,P,Right,Right,2017-07-27,145,CWS,2024-03-30
665620,Deivi García,P,Right,Right,2020-08-30,145,CWS,2024-03-30
666150,Dominic Fletcher,RF,Left,Left,2023-04-30,145,CWS,2024-03-30
608678,Dominic Leone,P,Right,Right,2014-04-06,145,CWS,2024-03-30
650391,Eloy Jiménez,DH,Right,Right,2019-03-28,145,CWS,2024-03-30
607200,Erick Fedde,P,Right,Right,2017-07-30,145,CWS,2024-03-30
676979,Garrett Crochet,P,Left,Left,2020-09-18,145,CWS,2024-03-30
657757,Gavin Sheets,LF,Left,Left,2021-06-29,145,CWS,2024-03-30
605154,John Brebbia,P,Left,Right,2017-05-28,145,CWS,2024-03-30
673929,Jordan Leasure,P,Right,Right,2024-03-30,145,CWS,2024-03-30
607680,Kevin Pillar,CF,Right,Right,2013-08-14,145,CWS,2024-03-30
686676,Korey Lee,C,Right,Right,2022-07-01,145,CWS,2024-03-30
673357,Luis Robert Jr.,CF,Right,Right,2020-07-24,145,CWS,2024-03-30
455117,Martín Maldonado,C,Right,Right,2011-09-03,145,CWS,2024-03-30
656629,Michael Kopech,P,Right,Right,2018-08-21,145,CWS,2024-03-30
647336,Michael Soroka,P,Right,Right,2018-05-01,145,CWS,2024-03-30
670032,Nicky Lopez,3B,Left,Right,2019-05-14,145,CWS,2024-03-30
657557,Paul DeJong,3B,Right,Right,2017-05-28,145,CWS,2024-03-30
621051,Steven Wilson,P,Right,Right,2022-04-09,145,CWS,2024-03-30
621383,Tanner Banks,P,Right,Left,2022-04-10,145,CWS,2024-03-30
657612,Tim Hill,P,Right,Left,2018-03-29,145,CWS,2024-03-30
660162,Yoán Moncada,3B,Switch,Right,2016-09-02,145,CWS,2024-03-30
640462,A.J. Puk,P,Left,Left,2019-08-21,146,MIA,2024-03-30
677053,Andrew Nardi,P,Left,Left,2022-08-16,146,MIA,2024-03-30
669622,Anthony Bender,P,Right,Right,2021-05-05,146,MIA,2024-03-30
541645,Avisaíl García,RF,Right,Right,2012-08-31,146,MIA,2024-03-30
650559,Bryan De La Cruz,LF,Right,Right,2021-04-11,146,MIA,2024-03-30
663773,Bryan Hoeing,P,Right,Right,2022-08-20,146,MIA,2024-03-30
572143,Burch Smith,P,Right,Right,2013-05-11,146,MIA,2024-03-30
542194,Christian Bethancourt,C,Right,Right,2013-09-29,146,MIA,2024-03-30
686539,Declan Cronin,P,Right,Right,2023-07-30,146,MIA,2024-03-30
666277,George Soriano,P,Right,Right,2023-04-16,146,MIA,2024-03-30
669394,Jake Burger,1B,Right,Right,2021-07-02,146,MIA,2024-03-30
665862,Jazz Chisholm Jr.,2B,Left,Right,2020-09-01,146,MIA,2024-03-30
666200,Jesús Luzardo,P,Left,Left,2019-09-11,146,MIA,2024-03-30
660821,Jesús Sánchez,RF,Left,Right,2020-08-21,146,MIA,2024-03-30
681146,Jonah Bride,3B,Right,Right,2022-06-14,146,MIA,2024-03-30
605137,Josh Bell,1B,Switch,Right,2016-07-08,146,MIA,2024-03-30
650333,Luis Arraez,1B,Left,Right,2019-05-18,146,MIA,2024-03-30
676974,Max Meyer,P,Left,Right,2022-07-16,146,MIA,2024-03-30
663743,Nick Fortes,C,Right,Right,2021-09-18,146,MIA,2024-03-30
624503,Nick Gordon,SS,Left,Right,2021-05-06,146,MIA,2024-03-30
677960,Ryan Weathers,P,Right,Left,2020-10-06,146,MIA,2024-03-30
664350,Sixto Sánchez,P,Right,Right,2020-08-22,146,MIA,2024-03-30
656945,Tanner Scott,P,Right,Left,2017-09-20,146,MIA,2024-03-30
641313,Tim Anderson,SS,Right,Right,2016-06-10,146,MIA,2024-03-30
669432,Trevor Rogers,P,Left,Left,2020-08-25,146,MIA,2024-03-30
660644,Vidal Bruján,3B,Switch,Right,2021-07-07,146,MIA,2024-03-30
592450,Aaron Judge,RF,Right,Right,2016-08-13,147,NYY,2024-03-30
657077,Alex Verdugo,LF,Left,Left,2017-09-01,147,NYY,2024-03-30
519203,Anthony Rizzo,1B,Left,Left,2011-06-09,147,NYY,2024-03-30
683011,Anthony Volpe,SS,Right,Right,2023-03-30,147,NYY,2024-03-30
669224,Austin Wells,C,Left,Right,2023-09-01,147,NYY,2024-03-30
657571,Caleb Ferguson,P,Right,Left,2018-06-06,147,NYY,2024-03-30
607074,Carlos Rodón,P,Left,Left,2015-04-21,147,NYY,2024-03-30
657376,Clarke Schmidt,P,Right,Right,2020-09-04,147,NYY,2024-03-30
605280,Clay Holmes,P,Right,Right,2018-04-06,147,NYY,2024-03-30
519317,Giancarlo Stanton,DH,Right,Right,2010-06-08,147,NYY,2024-03-30
650402,Gleyber Torres,2B,Right,Right,2018-04-22,147,NYY,2024-03-30
641656,Ian Hamilton,P,Right,Right,2018-08-31,147,NYY,2024-03-30
663330,Jahmai Jones,RF,Right,Right,2020-08-31,147,NYY,2024-03-30
542932,Jon Berti,3B,Right,Right,2018-09-26,147,NYY,2024-03-30
642528,Jonathan Loáisiga,P,Right,Right,2018-06-15,147,NYY,2024-03-30
624431,Jose Trevino,C,Right,Right,2018-06-15,147,NYY,2024-03-30
665742,Juan Soto,RF,Left,Left,2018-05-15,147,NYY,2024-03-30
661563,Luis Gil,P,Right,Right,2021-08-03,147,NYY,2024-03-30
596133,Luke Weaver,P,Right,Right,2016-08-13,147,NYY,2024-03-30
573186,Marcus Stroman,P,Right,Right,2014-05-04,147,NYY,2024-03-30
641482,Nestor Cortes,P,Right,Left,2018-03-31,147,NYY,2024-03-30
595897,Nick Burdi,P,Right,Right,2018-09-11,147,NYY,2024-03-30
665828,Oswaldo Cabrera,3B,Switch,Right,2022-08-17,147,NYY,2024-03-30
668684,Tanner Tully,P,Left,Left,2022-04-22,147,NYY,2024-03-30
663757,Trent Grisham,CF,Left,Left,2019-08-01,147,NYY,2024-03-30
624647,Victor González,P,Left,Left,2020-07-31,147,NYY,2024-03-30
682842,Abner Uribe,P,Right,Right,2023-07-08,158,MIL,2024-03-30
655316,Andruw Monasterio,SS,Right,Right,2023-05-28,158,MIL,2024-03-30
663368,Blake Perkins,CF,Switch,Right,2023-04-19,158,MIL,2024-03-30
668930,Brice Turang,2B,Left,Right,2023-03-30,158,MIL,2024-03-30
663542,Bryan Hudson,P,Left,Left,2023-06-17,158,MIL,2024-03-30
669060,Bryse Wilson,P,Right,Right,2018-08-20,158,MIL,2024-03-30
592885,Christian Yelich,LF,Left,Right,2013-07-23,158,MIL,2024-03-30
607067,Colin Rea,P,Right,Right,2015-08-11,158,MIL,2024-03-30
669084,DL Hall,P,Left,Left,2022-08-13,158,MIL,2024-03-30
665625,Elvis Peguero,P,Right,Right,2021-08-26,158,MIL,2024-03-30
642547,Freddy Peralta,P,Right,Right,2018-05-13,158,MIL,2024-03-30
596142,Gary Sánchez,C,Right,Right,2015-10-03,158,MIL,2024-03-30
571948,Hoby Milner,P,Left,Left,2017-06-24,158,MIL,2024-03-30
694192,Jackson Chourio,CF,Right,Right,2024-03-29,158,MIL,2024-03-30
641343,Jake Bauers,LF,Left,Left,2018-06-07,158,MIL,2024-03-30
596001,Jakob Junis,P,Right,Right,2017-04-12,158,MIL,2024-03-30
605452,Joe Ross,P,Right,Right,2015-06-06,158,MIL,2024-03-30
606303,Joel Payamps,P,Right,Right,2019-08-21,158,MIL,2024-03-30
687401,Joey Ortiz,SS,Right,Right,2023-04-27,158,MIL,2024-03-30
686554,Oliver Dunn,3B,Left,Right,2024-03-30,158,MIL,2024-03-30
656555,Rhys Hoskins,1B,Right,Right,2017-08-10,158,MIL,2024-03-30
686217,Sal Frelick,RF,Left,Right,2023-07-22,158,MIL,2024-03-30
600986,Thyago Vieira,P,Right,Right,2017-08-14,158,MIL,2024-03-30
656730,Trevor Megill,P,Left,Right,2021-04-26,158,MIL,2024-03-30
661388,William Contreras,C,Right,Right,2020-07-24,158,MIL,2024-03-30
642715,Willy Adames,SS,Right,Right,2018-05-22,158,MIL,2024-03-30
543305,Aaron Hicks,RF,Switch,Right,2013-04-01,108,LAA,2024-03-30
643256,Adam Cimber,P,Right,Right,2018-03-29,108,LAA,2024-03-30
543685,Anthony Rendon,3B,Right,Right,2013-04-21,108,LAA,2024-03-30
592273,Brandon Drury,3B,Right,Right,2015-09-01,108,LAA,2024-03-30
608032,Carlos Estévez,P,Right,Right,2016-04-23,108,LAA,2024-03-30
681217,Chase Silseth,P,Right,Right,2022-05-13,108,LAA,2024-03-30
656288,Griffin Canning,P,Right,Right,2019-04-30,108,LAA,2024-03-30
670871,Guillo Zuñiga,P,Right,Right,2023-05-02,108,LAA,2024-03-30
666176,Jo Adell,CF,Right,Right,2020-08-04,108,LAA,2024-03-30
542585,José Cisnero,P,Right,Right,2013-04-22,108,LAA,2024-03-30
667755,José Soriano,P,Right,Right,2023-06-03,108,LAA,2024-03-30
660761,José Suarez,P,Left,Left,2019-06-02,108,LAA,2024-03-30
681351,Logan O'Hoppe,C,Right,Right,2022-09-28,108,LAA,2024-03-30
472610,Luis García,P,Right,Right,2013-07-10,108,LAA,2024-03-30
519043,Matt Moore,P,Left,Left,2011-09-14,108,LAA,2024-03-30
642136,Matt Thaiss,C,Left,Right,2019-07-03,108,LAA,2024-03-30
666160,Mickey Moniak,RF,Left,Right,2020-09-16,108,LAA,2024-03-30
593934,Miguel Sanó,3B,Right,Right,2015-07-02,108,LAA,2024-03-30
545361,Mike Trout,RF,Right,Right,2011-07-08,108,LAA,2024-03-30
694384,Nolan Schanuel,1B,Left,Right,2023-08-18,108,LAA,2024-03-30
663776,Patrick Sandoval,P,Left,Left,2019-08-05,108,LAA,2024-03-30
672282,Reid Detmers,P,Left,Left,2021-08-01,108,LAA,2024-03-30
621493,Taylor Ward,LF,Right,Right,2018-08-14,108,LAA,2024-03-30
542881,Tyler Anderson,P,Left,Left,2016-06-12,108,LAA,2024-03-30
687263,Zach Neto,SS,Right,Right,2023-04-15,108,LAA,2024-03-30
677950,Alek Thomas,CF,Left,Left,2022-05-08,109,AZ,2024-03-30
677942,Blaze Alexander,SS,Right,Right,2024-03-28,109,AZ,2024-03-30
694297,Brandon Pfaadt,P,Right,Right,2023-05-03,109,AZ,2024-03-30
686826,Bryce Jarvis,P,Left,Right,2023-08-15,109,AZ,2024-03-30
572233,Christian Walker,1B,Right,Right,2014-09-17,109,AZ,2024-03-30
682998,Corbin Carroll,RF,Left,Left,2022-08-29,109,AZ,2024-03-30
553993,Eugenio Suárez,3B,Right,Right,2014-06-04,109,AZ,2024-03-30
672515,Gabriel Moreno,C,Right,Right,2022-06-11,109,AZ,2024-03-30
672695,Geraldo Perdomo,SS,Switch,Right,2021-04-03,109,AZ,2024-03-30
607054,Jace Peterson,SS,Left,Right,2014-04-25,109,AZ,2024-03-30
664983,Jake McCarthy,CF,Left,Left,2021-08-27,109,AZ,2024-03-30
592626,Joc Pederson,1B,Left,Left,2014-09-01,109,AZ,2024-03-30
573009,Joe Mantiply,P,Right,Left,2016-09-03,109,AZ,2024-03-30
606466,Ketel Marte,2B,Switch,Right,2015-07-31,109,AZ,2024-03-30
656464,Kevin Ginkel,P,Left,Right,2019-08-05,109,AZ,2024-03-30
669459,Kyle Nelson,P,Left,Left,2020-09-10,109,AZ,2024-03-30
666971,Lourdes Gurriel Jr.,LF,Right,Right,2018-04-20,109,AZ,2024-03-30
666818,Luis Frías,P,Right,Right,2021-09-19,109,AZ,2024-03-30
518876,Merrill Kelly,P,Right,Right,2019-04-01,109,AZ,2024-03-30
612434,Miguel Castro,P,Right,Right,2015-04-06,109,AZ,2024-03-30
657044,Ryan Thompson,P,Right,Right,2020-07-24,109,AZ,2024-03-30
669194,Ryne Nelson,P,Right,Right,2022-09-05,109,AZ,2024-03-30
543518,Scott McGough,P,Right,Right,2015-08-20,109,AZ,2024-03-30
674072,Tommy Henry,P,Left,Left,2022-08-03,109,AZ,2024-03-30
571466,Tucker Barnhart,C,Left,Right,2014-04-03,109,AZ,2024-03-30
668678,Zac Gallen,P,Right,Right,2019-06-20,109,AZ,2024-03-30
668939,Adley Rutschman,C,Switch,Right,2022-05-21,110,BAL,2024-03-30
623993,Anthony Santander,RF,Switch,Right,2017-08-18,110,BAL,2024-03-30
669720,Austin Hays,LF,Right,Right,2017-09-07,110,BAL,2024-03-30
656775,Cedric Mullins,CF,Left,Left,2018-08-10,110,BAL,2024-03-30
672335,Cionel Pérez,P,Right,Left,2018-07-11,110,BAL,2024-03-30
608344,Cole Irvin,P,Left,Left,2019-05-12,110,BAL,2024-03-30
681297,Colton Cowser,LF,Left,Right,2023-07-05,110,BAL,2024-03-30
669203,Corbin Burnes,P,Right,Right,2018-07-10,110,BAL,2024-03-30
518886,Craig Kimbrel,P,Right,Right,2010-05-07,110,BAL,2024-03-30
543056,Danny Coulombe,P,Left,Left,2014-09-16,110,BAL,2024-03-30
665152,Dean Kremer,P,Right,Right,2020-09-06,110,BAL,2024-03-30
622253,Dillon Tate,P,Right,Right,2019-07-29,110,BAL,2024-03-30
680570,Grayson Rodriguez,P,Left,Right,2023-04-05,110,BAL,2024-03-30
683002,Gunnar Henderson,SS,Left,Right,2022-08-31,110,BAL,2024-03-30
657097,Jacob Webb,P,Right,Right,2019-04-16,110,BAL,2024-03-30
543510,James McCann,C,Right,Right,2014-09-01,110,BAL,2024-03-30
676059,Jordan Westburg,3B,Right,Right,2023-06-26,110,BAL,2024-03-30
622761,Jorge Mateo,SS,Right,Right,2020-08-13,110,BAL,2024-03-30
669211,Keegan Akin,P,Left,Left,2020-08-14,110,BAL,2024-03-30
657508,Mike Baumann,P,Right,Right,2021-09-07,110,BAL,2024-03-30
602104,Ramón Urías,3B,Right,Right,2020-08-20,110,BAL,2024-03-30
663624,Ryan Mountcastle,1B,Right,Right,2020-08-21,110,BAL,2024-03-30
656811,Ryan O'Hearn,1B,Left,Left,2018-07-31,110,BAL,2024-03-30
643393,Tony Kemp,LF,Left,Right,2016-05-17,110,BAL,2024-03-30
669330,Tyler Wells,P,Right,Right,2021-04-04,110,BAL,2024-03-30
666974,Yennier Cano,P,Right,Right,2022-05-11,110,BAL,2024-03-30
666915,Bobby Dalbec,1B,Right,Right,2020-08-30,111,BOS,2024-03-30
678394,Brayan Bello,P,Right,Right,2022-07-06,111,BOS,2024-03-30
678882,Ceddanne Rafaela,CF,Right,Right,2023-08-28,111,BOS,2024-03-30
502624,Chase Anderson,P,Right,Right,2014-05-11,111,BOS,2024-03-30
455119,Chris Martin,P,Right,Right,2014-04-26,111,BOS,2024-03-30
657136,Connor Wong,C,Right,Right,2021-06-22,111,BOS,2024-03-30
665839,Enmanuel Valdez,1B,Left,Right,2023-04-19,111,BOS,2024-03-30
676477,Garrett Whitlock,P,Right,Right,2021-04-04,111,BOS,2024-03-30
669711,Greg Weissert,P,Right,Right,2022-08-25,111,BOS,2024-03-30
663462,Isaiah Campbell,P,Right,Right,2023-07-07,111,BOS,2024-03-30
680776,Jarren Duran,LF,Left,Right,2021-07-17,111,BOS,2024-03-30
570257,Joely Rodríguez,P,Left,Left,2016-09-11,111,BOS,2024-03-30
670174,Josh Winckowski,P,Right,Right,2022-05-28,111,BOS,2024-03-30
686580,Justin Slaten,P,Right,Right,2024-03-30,111,BOS,2024-03-30
445276,Kenley Jansen,P,Switch,Right,2010-07-24,111,BOS,2024-03-30
676710,Kutter Crawford,P,Right,Right,2021-09-05,111,BOS,2024-03-30
807799,Masataka Yoshida,LF,Left,Right,2023-03-30,111,BOS,2024-03-30
601713,Nick Pivetta,P,Right,Right,2017-04-30,111,BOS,2024-03-30
622569,Pablo Reyes,RF,Right,Right,2018-09-02,111,BOS,2024-03-30
646240,Rafael Devers,DH,Left,Right,2017-07-25,111,BOS,2024-03-30
624512,Reese McGuire,C,Left,Right,2018-09-06,111,BOS,2024-03-30
656557,Tanner Houck,P,Right,Right,2020-09-15,111,BOS,2024-03-30
596115,Trevor Story,SS,Right,Right,2016-04-04,111,BOS,2024-03-30
671213,Triston Casas,1B,Left,Right,2022-09-04,111,BOS,2024-03-30
641933,Tyler O'Neill,RF,Right,Right,2018-04-19,111,BOS,2024-03-30
677800,Wilyer Abreu,RF,Left,Left,2023-08-22,111,BOS,2024-03-30
640470,Adbert Alzolay,P,Right,Right,2019-06-20,112,CHC,2024-03-30
676962,Ben Brown,P,Right,Right,2024-03-30,112,CHC,2024-03-30
666624,Christopher Morel,LF,Right,Right,2022-05-17,112,CHC,2024-03-30
641355,Cody Bellinger,LF,Left,Left,2017-04-25,112,CHC,2024-03-30
621020,Dansby Swanson,SS,Right,Right,2016-08-17,112,CHC,2024-03-30
592767,Drew Smyly,P,Left,Left,2012-04-12,112,CHC,2024-03-30
643265,Garrett Cooper,1B,Right,Right,2017-07-14,112,CHC,2024-03-30
593576,Héctor Neris,P,Right,Right,2014-08-05,112,CHC,2024-03-30
664023,Ian Happ,LF,Switch,Right,2017-05-13,112,CHC,2024-03-30
665871,Javier Assad,P,Right,Right,2022-08-23,112,CHC,2024-03-30
696136,Jordan Wicks,P,Left,Left,2023-08-26,112,CHC,2024-03-30
621016,Jose Cuas,P,Right,Right,2022-05-31,112,CHC,2024-03-30
657240,Julian Merryweather,P,Right,Right,2020-08-20,112,CHC,2024-03-30
543294,Kyle Hendricks,P,Right,Right,2014-07-10,112,CHC,2024-03-30
681432,Luke Little,P,Left,Left,2023-09-06,112,CHC,2024-03-30
643410,Mark Leiter Jr.,P,Right,Right,2017-04-28,112,CHC,2024-03-30
683737,Michael Busch,1B,Left,Right,2023-04-25,112,CHC,2024-03-30
665804,Miguel Amaya,C,Right,Right,2023-05-04,112,CHC,2024-03-30
643565,Mike Tauchman,RF,Left,Left,2017-06-27,112,CHC,2024-03-30
670156,Miles Mastrobuoni,3B,Left,Right,2022-09-22,112,CHC,2024-03-30
663611,Nick Madrigal,3B,Right,Right,2020-07-31,112,CHC,2024-03-30
663538,Nico Hoerner,2B,Right,Right,2019-09-09,112,CHC,2024-03-30
673548,Seiya Suzuki,RF,Right,Right,2022-04-07,112,CHC,2024-03-30
684007,Shota Imanaga,P,Left,Left,2024-04-01,112,CHC,2024-03-30
543228,Yan Gomes,C,Right,Right,2012-05-17,112,CHC,2024-03-30
622075,Yency Almonte,P,Right,Right,2018-06-21,112,CHC,2024-03-30
664747,Alexis Díaz,P,Right,Right,2022-04-08,113,CIN,2024-03-30
671096,Andrew Abbott,P,Left,Left,2023-06-05,113,CIN,2024-03-30
608718,Brent Suter,P,Left,Left,2016-08-19,113,CIN,2024-03-30
669352,Bubba Thompson,CF,Right,Right,2022-08-04,113,CIN,2024-03-30
571656,Buck Farmer,P,Left,Right,2014-08-13,113,CIN,2024-03-30
687952,Christian Encarnacion-Strand,1B,Right,Right,2023-07-17,113,CIN,2024-03-30
682829,Elly De La Cruz,SS,Switch,Right,2023-06-06,113,CIN,2024-03-30
641941,Emilio Pagán,P,Left,Right,2017-05-03,113,CIN,2024-03-30
518585,Fernando Cruz,P,Right,Right,2022-09-02,113,CIN,2024-03-30
593423,Frankie Montas,P,Right,Right,2015-09-02,113,CIN,2024-03-30
668933,Graham Ashcraft,P,Left,Right,2022-05-22,113,CIN,2024-03-30
668881,Hunter Greene,P,Right,Right,2022-04-10,113,CIN,2024-03-30
641584,Jake Fraley,RF,Left,Left,2019-08-21,113,CIN,2024-03-30
600869,Jeimer Candelario,3B,Switch,Right,2016-07-03,113,CIN,2024-03-30
663697,Jonathan India,2B,Right,Right,2021-04-01,113,CIN,2024-03-30
458677,Justin Wilson,P,Left,Left,2012-08-20,113,CIN,2024-03-30
608371,Lucas Sims,P,Right,Right,2017-08-01,113,CIN,2024-03-30
571912,Luke Maile,C,Right,Right,2015-09-01,113,CIN,2024-03-30
607259,Nick Martinez,P,Left,Right,2014-04-05,113,CIN,2024-03-30
605361,Nick Martini,RF,Left,Left,2018-06-06,113,CIN,2024-03-30
669289,Santiago Espinal,3B,Right,Right,2020-07-25,113,CIN,2024-03-30
668715,Spencer Steer,1B,Right,Right,2022-09-02,113,CIN,2024-03-30
656413,Stuart Fairchild,RF,Right,Right,2021-07-06,113,CIN,2024-03-30
622088,Tejay Antone,P,Right,Right,2020-07-27,113,CIN,2024-03-30
663886,Tyler Stephenson,C,Right,Right,2020-07-27,113,CIN,2024-03-30
666181,Will Benson,LF,Left,Left,2022-08-01,113,CIN,2024-03-30
665926,Andrés Giménez,2B,Left,Right,2020-07-24,114,CLE,2024-03-30
595978,Austin Hedges,C,Right,Right,2015-05-04,114,CLE,2024-03-30
666310,Bo Naylor,C,Left,Right,2022-10-01,114,CLE,2024-03-30
677587,Brayan Rocchio,SS,Switch,Right,2023-05-16,114,CLE,2024-03-30
671922,Cade Smith,P,Right,Right,2024-03-30,114,CLE,2024-03-30
471911,Carlos Carrasco,P,Right,Right,2009-09-01,114,CLE,2024-03-30
681807,David Fry,1B,Right,Right,2023-05-01,114,CLE,2024-03-30
669212,Eli Morgan,P,Right,Right,2021-05-28,114,CLE,2024-03-30
661403,Emmanuel Clase,P,Right,Right,2019-08-04,114,CLE,2024-03-30
664314,Estevan Florial,LF,Left,Right,2020-08-28,114,CLE,2024-03-30
672356,Gabriel Arias,SS,Right,Right,2022-04-20,114,CLE,2024-03-30
683769,Hunter Gaddis,P,Right,Right,2022-08-05,114,CLE,2024-03-30
608070,José Ramírez,3B,Switch,Right,2013-09-01,114,CLE,2024-03-30
647304,Josh Naylor,1B,Left,Left,2019-05-24,114,CLE,2024-03-30
671106,Logan Allen,P,Right,Left,2023-04-23,114,CLE,2024-03-30
680704,Nick Sandlin,P,Right,Right,2021-05-01,114,CLE,2024-03-30
657656,Ramón Laureano,RF,Right,Right,2018-08-03,114,CLE,2024-03-30
605130,Scott Barlow,P,Right,Right,2018-04-30,114,CLE,2024-03-30
669456,Shane Bieber,P,Right,Right,2018-05-31,114,CLE,2024-03-30
680757,Steven Kwan,LF,Left,Left,2022-04-07,114,CLE,2024-03-30
676440,Tanner Bibee,P,Right,Right,2023-04-26,114,CLE,2024-03-30
682120,Tim Herrin,P,Left,Left,2023-04-02,114,CLE,2024-03-30
663474,Triston McKenzie,P,Right,Right,2020-08-22,114,CLE,2024-03-30
595881,Tyler Beede,P,Right,Right,2018-04-10,114,CLE,2024-03-30
671289,Tyler Freeman,RF,Right,Right,2022-08-03,114,CLE,2024-03-30
686823,Will Brennan,RF,Left,Left,2022-09-21,114,CLE,2024-03-30
676701,Alan Trejo,SS,Right,Right,2021-04-10,115,COL,2024-03-30
683627,Anthony Molina,P,Right,Right,2024-03-28,115,COL,2024-03-30
596295,Austin Gomber,P,Left,Left,2018-06-02,115,COL,2024-03-30
663898,Brendan Rodgers,2B,Right,Right,2019-05-17,115,COL,2024-03-30
686668,Brenton Doyle,CF,Right,Right,2023-04-24,115,COL,2024-03-30
615698,Cal Quantrill,P,Left,Right,2019-05-01,115,COL,2024-03-30
453568,Charlie Blackmon,CF,Left,Left,2011-06-07,115,COL,2024-03-30
641712,Dakota Hudson,P,Right,Right,2018-07-28,115,COL,2024-03-30
660707,Elehuris Montero,1B,Right,Right,2022-05-01,115,COL,2024-03-30
553869,Elias Díaz,C,Right,Right,2015-09-12,115,COL,2024-03-30
678662,Ezequiel Tovar,SS,Right,Right,2022-09-23,115,COL,2024-03-30
607732,Jacob Stallings,C,Right,Right,2016-06-19,115,COL,2024-03-30
656234,Jake Bird,P,Right,Right,2022-06-16,115,COL,2024-03-30
595909,Jake Cave,RF,Left,Left,2018-05-19,115,COL,2024-03-30
656222,Jalen Beeks,P,Left,Left,2018-06-07,115,COL,2024-03-30
664875,Justin Lawrence,P,Right,Right,2021-04-29,115,COL,2024-03-30
592178,Kris Bryant,DH,Right,Right,2015-04-17,115,COL,2024-03-30
607536,Kyle Freeland,P,Left,Left,2017-04-07,115,COL,2024-03-30
669911,Michael Toglia,1B,Switch,Left,2022-08-30,115,COL,2024-03-30
683232,Nick Mears,P,Right,Right,2020-08-08,115,COL,2024-03-30
666134,Nolan Jones,RF,Left,Right,2022-07-08,115,COL,2024-03-30
663567,Peter Lambert,P,Right,Right,2019-06-06,115,COL,2024-03-30
663372,Ryan Feltner,P,Right,Right,2021-09-05,115,COL,2024-03-30
641857,Ryan McMahon,3B,Left,Right,2017-08-12,115,COL,2024-03-30
641755,Tyler Kinley,P,Right,Right,2018-04-07,115,COL,2024-03-30
680767,Victor Vodnik,P,Right,Right,2023-09-09,115,COL,2024-03-30
656412,Alex Faedo,P,Right,Right,2022-05-04,116,DET,2024-03-30
656638,Alex Lange,P,Right,Right,2021-04-10,116,DET,2024-03-30
605177,Andrew Chafin,P,Right,Left,2014-08-13,116,DET,2024-03-30
628451,Andy Ibáñez,3B,Right,Right,2021-05-04,116,DET,2024-03-30
608348,Carson Kelly,C,Right,Right,2016-09-05,116,DET,2024-03-30
663554,Casey Mize,P,Right,Right,2020-08-19,116,DET,2024-03-30
690993,Colt Keith,2B,Left,Right,2024-03-28,116,DET,2024-03-30
570482,Gio Urshela,3B,Right,Right,2015-06-09,116,DET,2024-03-30
656427,Jack Flaherty,P,Right,Right,2017-09-01,116,DET,2024-03-30
668670,Jake Rogers,C,Right,Right,2019-07-30,116,DET,2024-03-30
671345,Jason Foley,P,Right,Right,2021-06-06,116,DET,2024-03-30
595879,Javier Báez,CF,Right,Right,2014-08-05,116,DET,2024-03-30
666214,Joey Wentz,P,Left,Left,2022-05-11,116,DET,2024-03-30
628317,Kenta Maeda,P,Right,Right,2016-04-06,116,DET,2024-03-30
681481,Kerry Carpenter,RF,Left,Right,2022-08-10,116,DET,2024-03-30
592192,Mark Canha,LF,Right,Right,2015-04-08,116,DET,2024-03-30
663837,Matt Vierling,CF,Right,Right,2021-06-19,116,DET,2024-03-30
678009,Parker Meadows,CF,Left,Right,2023-08-21,116,DET,2024-03-30
681857,Reese Olson,P,Right,Right,2023-06-02,116,DET,2024-03-30
682985,Riley Greene,LF,Left,Left,2022-06-18,116,DET,2024-03-30
571946,Shelby Miller,P,Right,Right,2012-09-05,116,DET,2024-03-30
679529,Spencer Torkelson,1B,Right,Right,2022-04-08,116,DET,2024-03-30
669373,Tarik Skubal,P,Right,Left,2020-08-18,116,DET,2024-03-30
663947,Tyler Holton,P,Left,Left,2022-04-28,116,DET,2024-03-30
676684,Will Vest,P,Right,Right,2021-04-01,116,DET,2024-03-30
656716,Zach McKinstry,3B,Left,Right,2020-09-16,116,DET,2024-03-30
608324,Alex Bregman,3B,Right,Right,2016-07-25,117,HOU,2024-03-30
656232,Brandon Bielak,P,Left,Right,2020-07-27,117,HOU,2024-03-30
650556,Bryan Abreu,P,Right,Right,2019-07-31,117,HOU,2024-03-30
676801,Chas McCormick,LF,Right,Left,2021-04-01,117,HOU,2024-03-30
664299,Cristian Javier,P,Right,Right,2020-07-25,117,HOU,2024-03-30
666197,Grae Kessinger,3B,Right,Right,2023-06-07,117,HOU,2024-03-30
686613,Hunter Brown,P,Right,Right,2022-09-05,117,HOU,2024-03-30
641585,J.P. France,P,Right,Right,2023-05-06,117,HOU,2024-03-30
676694,Jake Meyers,CF,Right,Left,2021-08-01,117,HOU,2024-03-30
665161,Jeremy Peña,SS,Right,Right,2022-04-07,117,HOU,2024-03-30
572138,Jon Singleton,1B,Left,Left,2014-06-03,117,HOU,2024-03-30
547989,José Abreu,1B,Right,Right,2014-03-31,117,HOU,2024-03-30
514888,Jose Altuve,LF,Right,Right,2011-07-20,117,HOU,2024-03-30
623352,Josh Hader,P,Left,Left,2017-06-10,117,HOU,2024-03-30
663656,Kyle Tucker,RF,Left,Right,2018-07-07,117,HOU,2024-03-30
643289,Mauricio Dubón,2B,Right,Right,2019-07-07,117,HOU,2024-03-30
656786,Parker Mushinski,P,Left,Left,2022-04-17,117,HOU,2024-03-30
606160,Rafael Montero,P,Right,Right,2014-05-14,117,HOU,2024-03-30
669854,Ronel Blanco,P,Right,Right,2022-04-08,117,HOU,2024-03-30
519151,Ryan Pressly,P,Right,Right,2013-04-04,117,HOU,2024-03-30
661527,Seth Martinez,P,Right,Right,2021-09-20,117,HOU,2024-03-30
605463,Tayler Scott,P,Right,Right,2019-06-08,117,HOU,2024-03-30
605170,Victor Caratini,C,Switch,Right,2017-06-28,117,HOU,2024-03-30
673237,Yainer Diaz,C,Right,Right,2022-09-02,117,HOU,2024-03-30
670541,Yordan Alvarez,LF,Left,Right,2019-06-09,117,HOU,2024-03-30
624428,Adam Frazier,2B,Left,Right,2016-06-24,118,KC,2024-03-30
679525,Alec Marsh,P,Right,Right,2023-06-30,118,KC,2024-03-30
672582,Angel Zerpa,P,Left,Left,2021-09-30,118,KC,2024-03-30
677951,Bobby Witt Jr.,SS,Right,Right,2022-04-07,118,KC,2024-03-30
663903,Brady Singer,P,Right,Right,2020-07-25,118,KC,2024-03-30
608717,Chris Stratton,P,Right,Right,2016-05-30,118,KC,2024-03-30
666142,Cole Ragans,P,Left,Left,2022-08-04,118,KC,2024-03-30
680118,Dairon Blanco,CF,Right,Right,2022-05-20,118,KC,2024-03-30
666023,Freddy Fermin,C,Right,Right,2022-07-15,118,KC,2024-03-30
641658,Garrett Hampson,2B,Right,Right,2018-07-21,118,KC,2024-03-30
592669,Hunter Renfroe,RF,Right,Right,2016-09-21,118,KC,2024-03-30
663704,James McArthur,P,Right,Right,2023-06-28,118,KC,2024-03-30
670167,John Schreiber,P,Right,Right,2019-08-09,118,KC,2024-03-30
543475,Jordan Lyles,P,Right,Right,2011-05-31,118,KC,2024-03-30
664728,Kyle Isbel,CF,Left,Right,2021-04-01,118,KC,2024-03-30
669004,MJ Melendez,LF,Left,Right,2022-05-03,118,KC,2024-03-30
672580,Maikel Garcia,3B,Right,Right,2022-07-15,118,KC,2024-03-30
669422,Matt Sauer,P,Right,Right,2024-03-31,118,KC,2024-03-30
608379,Michael Wacha,P,Right,Right,2013-05-30,118,KC,2024-03-30
676369,Nelson Velázquez,RF,Right,Right,2022-05-30,118,KC,2024-03-30
623433,Nick Anderson,P,Right,Right,2019-03-28,118,KC,2024-03-30
679845,Nick Loftin,LF,Right,Right,2023-09-01,118,KC,2024-03-30
521692,Salvador Perez,C,Right,Right,2011-08-10,118,KC,2024-03-30
607625,Seth Lugo,P,Right,Right,2016-07-01,118,KC,2024-03-30
686469,Vinnie Pasquantino,1B,Left,Left,2022-06-28,118,KC,2024-03-30
519293,Will Smith,P,Right,Left,2012-05-23,118,KC,2024-03-30
681911,Alex Vesia,P,Left,Left,2020-07-25,119,LAD,2024-03-30
605131,Austin Barnes,C,Right,Right,2015-05-24,119,LAD,2024-03-30
676272,Bobby Miller,P,Left,Right,2023-05-23,119,LAD,2024-03-30
621035,Chris Taylor,CF,Right,Right,2014-07-24,119,LAD,2024-03-30
543339,Daniel Hudson,P,Right,Right,2009-09-04,119,LAD,2024-03-30
571771,Enrique Hernández,1B,Right,Right,2014-07-01,119,LAD,2024-03-30
623465,Evan Phillips,P,Right,Right,2018-07-03,119,LAD,2024-03-30
518692,Freddie Freeman,1B,Left,Right,2010-09-01,119,LAD,2024-03-30
666158,Gavin Lux,LF,Left,Right,2019-09-02,119,LAD,2024-03-30
694813,Gavin Stone,P,Right,Right,2023-05-03,119,LAD,2024-03-30
681546,James Outman,CF,Left,Right,2022-07-31,119,LAD,2024-03-30
572020,James Paxton,P,Left,Left,2013-09-07,119,LAD,2024-03-30
518792,Jason Heyward,LF,Left,Left,2010-04-05,119,LAD,2024-03-30
523260,Joe Kelly,P,Right,Right,2012-06-10,119,LAD,2024-03-30
669165,Kyle Hurt,P,Right,Right,2023-09-12,119,LAD,2024-03-30
571970,Max Muncy,3B,Left,Right,2015-04-25,119,LAD,2024-03-30
675627,Michael Grove,P,Right,Right,2022-05-15,119,LAD,2024-03-30
500743,Miguel Rojas,2B,Right,Right,2014-06-06,119,LAD,2024-03-30
605141,Mookie Betts,SS,Right,Right,2014-06-29,119,LAD,2024-03-30
518489,Ryan Brasier,P,Right,Right,2013-05-02,119,LAD,2024-03-30
642232,Ryan Yarbrough,P,Right,Left,2018-03-31,119,LAD,2024-03-30
660271,Shohei Ohtani,TWP,Left,Right,2018-03-29,119,LAD,2024-03-30
606192,Teoscar Hernández,RF,Right,Right,2016-08-12,119,LAD,2024-03-30
607192,Tyler Glasnow,P,Left,Right,2016-07-07,119,LAD,2024-03-30
669257,Will Smith,C,Right,Right,2019-05-28,119,LAD,2024-03-30
808967,Yoshinobu Yamamoto,P,Right,Right,2024-03-21,119,LAD,2024-03-30
682928,CJ Abrams,SS,Left,Right,2022-04-08,120,WSH,2024-03-30
571882,Derek Law,P,Right,Right,2016-04-15,120,WSH,2024-03-30
571670,Dylan Floro,P,Left,Right,2016-07-07,120,WSH,2024-03-30
592696,Eddie Rosario,OF,Left,Right,2015-05-06,120,WSH,2024-03-30
640451,Hunter Harvey,P,Right,Right,2019-08-17,120,WSH,2024-03-30
545121,Ildemaro Vargas,2B,Switch,Right,2017-06-29,120,WSH,2024-03-30
663623,Jake Irvin,P,Right,Right,2023-05-03,120,WSH,2024-03-30
608385,Jesse Winker,LF,Left,Left,2017-04-14,120,WSH,2024-03-30
608336,Joey Gallo,1B,Left,Right,2015-06-02,120,WSH,2024-03-30
608841,Joey Meneses,1B,Right,Right,2022-08-02,120,WSH,2024-03-30
607179,Jordan Weems,P,Left,Right,2020-07-28,120,WSH,2024-03-30
680686,Josiah Gray,P,Right,Right,2021-07-20,120,WSH,2024-03-30
660688,Keibert Ruiz,C,Switch,Right,2020-08-16,120,WSH,2024-03-30
640448,Kyle Finnegan,P,Right,Right,2020-07-25,120,WSH,2024-03-30
657041,Lane Thomas,CF,Right,Right,2019-04-17,120,WSH,2024-03-30
671277,Luis García Jr.,2B,Left,Right,2020-08-14,120,WSH,2024-03-30
669022,MacKenzie Gore,P,Left,Left,2022-04-15,120,WSH,2024-03-30
598264,Matt Barnes,P,Right,Right,2014-09-09,120,WSH,2024-03-30
680730,Mitchell Parker,P,Left,Left,2024-04-15,120,WSH,2024-03-30
683083,Nasim Nuñez,SS,Switch,Right,2024-03-30,120,WSH,2024-03-30
571578,Patrick Corbin,P,Left,Left,2012-04-30,120,WSH,2024-03-30
656180,Riley Adams,C,Right,Right,2021-06-08,120,WSH,2024-03-30
676395,Robert Garcia,P,Right,Left,2023-07-14,120,WSH,2024-03-30
663432,Tanner Rainey,P,Right,Right,2018-04-10,120,WSH,2024-03-30
592866,Trevor Williams,P,Right,Right,2016-09-07,120,WSH,2024-03-30
702358,Trey Lipscomb,3B,Right,Right,2024-03-30,120,WSH,2024-03-30
645302,Victor Robles,RF,Right,Right,2017-09-07,120,WSH,2024-03-30
493603,Adam Ottavino,P,Switch,Right,2010-05-29,121,NYM,2024-03-30
605288,Adrian Houser,P,Right,Right,2015-09-26,121,NYM,2024-03-30
607043,Brandon Nimmo,LF,Left,Right,2016-06-26,121,NYM,2024-03-30
683146,Brett Baty,3B,Left,Right,2022-08-17,121,NYM,2024-03-30
548384,Brooks Raley,P,Left,Left,2012-08-07,121,NYM,2024-03-30
621466,DJ Stewart,RF,Left,Right,2018-09-12,121,NYM,2024-03-30
622098,Drew Smith,P,Right,Right,2018-06-23,121,NYM,2024-03-30
621242,Edwin Díaz,P,Right,Right,2016-06-06,121,NYM,2024-03-30
682626,Francisco Alvarez,C,Right,Right,2022-09-30,121,NYM,2024-03-30
596019,Francisco Lindor,SS,Switch,Right,2015-06-14,121,NYM,2024-03-30
664056,Harrison Bader,LF,Right,Right,2017-07-25,121,NYM,2024-03-30
518617,Jake Diekman,P,Right,Left,2012-05-15,121,NYM,2024-03-30
643446,Jeff McNeil,2B,Left,Right,2018-07-24,121,NYM,2024-03-30
621563,Joey Wendle,2B,Left,Right,2016-08-31,121,NYM,2024-03-30
605347,Jorge López,P,Right,Right,2015-09-29,121,NYM,2024-03-30
500779,Jose Quintana,P,Right,Left,2012-05-07,121,NYM,2024-03-30
622663,Luis Severino,P,Right,Right,2015-08-05,121,NYM,2024-03-30
543859,Michael Tonkin,P,Right,Right,2013-07-11,121,NYM,2024-03-30
553882,Omar Narváez,C,Left,Right,2016-07-17,121,NYM,2024-03-30
624413,Pete Alonso,1B,Right,Right,2019-03-28,121,NYM,2024-03-30
640455,Sean Manaea,P,Right,Left,2016-04-29,121,NYM,2024-03-30
516782,Starling Marte,LF,Right,Right,2012-07-26,121,NYM,2024-03-30
656731,Tylor Megill,P,Right,Right,2021-06-23,121,NYM,2024-03-30
621438,Tyrone Taylor,CF,Right,Right,2019-09-07,121,NYM,2024-03-30
670990,Yohan Ramírez,P,Right,Right,2020-07-24,121,NYM,2024-03-30
670097,Zack Short,3B,Right,Right,2021-04-21,121,NYM,2024-03-30
695391,Brett Harris,3B,Right,Right,2024-05-03,133,ATH,2024-05-14
683155,Joey Estes,P,Right,Right,2023-09-20,133,ATH,2024-05-14
680474,Max Schuemann,3B,Right,Right,2024-04-12,133,ATH,2024-05-14
621053,Tyler Ferguson,P,Right,Right,2024-05-07,133,ATH,2024-05-14
663527,Tyler Nevin,1B,Right,Right,2021-05-29,133,ATH,2024-05-14
691016,Tyler Soderstrom,LF,Left,Right,2023-07-14,133,ATH,2024-05-14
670059,Colin Holderman,P,Right,Right,2022-05-15,134,PIT,2024-05-14
678225,Ji Hwan Bae,CF,Left,Right,2022-09-23,134,PIT,2024-05-14
693312,Kyle Nicolas,P,Right,Right,2023-09-19,134,PIT,2024-05-14
693304,Nick Gonzales,2B,Right,Right,2023-06-23,134,PIT,2024-05-14
694973,Paul Skenes,P,Right,Right,2024-05-11,134,PIT,2024-05-14
682990,Quinn Priester,P,Right,Right,2023-07-17,134,PIT,2024-05-14
518735,Yasmani Grandal,C,Switch,Right,2012-06-02,134,PIT,2024-05-14
670970,Adrian Morejon,P,Left,Left,2019-07-21,135,SD,2024-05-14
456781,Donovan Solano,1B,Right,Right,2012-05-21,135,SD,2024-05-14
669093,Jeremiah Estrada,P,Switch,Right,2022-08-30,135,SD,2024-05-14
681190,Randy Vásquez,P,Right,Right,2023-05-26,135,SD,2024-05-14
693433,Bryan Woo,P,Right,Right,2023-06-03,136,SEA,2024-05-14
660825,Eduard Bazardo,P,Right,Right,2021-04-14,136,SEA,2024-05-14
669912,Kirby Snead,P,Left,Left,2021-07-28,136,SEA,2024-05-14
660844,Leo Rivas,2B,Switch,Right,2024-04-28,136,SEA,2024-05-14
664059,Sam Haggerty,CF,Switch,Right,2019-09-04,136,SEA,2024-05-14
666165,Blake Sabol,C,Left,Right,2023-03-30,137,SF,2024-05-14
689172,Brett Wisely,2B,Left,Right,2023-03-30,137,SF,2024-05-14
669477,Casey Schmitt,3B,Right,Right,2023-05-09,137,SF,2024-05-14
671218,Heliot Ramos,LF,Right,Right,2022-04-10,137,SF,2024-05-14
656883,Jakson Reetz,C,Right,Right,2021-07-10,137,SF,2024-05-14
592426,Luke Jackson,P,Right,Right,2015-09-04,137,SF,2024-05-14
682617,Marco Luciano,OF,Right,Right,2023-07-26,137,SF,2024-05-14
573262,Mike Yastrzemski,RF,Left,Left,2019-05-25,137,SF,2024-05-14
687014,Nick Avila,P,Right,Right,2024-04-01,137,SF,2024-05-14
678495,Randy Rodríguez,P,Right,Right,2024-05-04,137,SF,2024-05-14
663546,Sean Hjelle,P,Right,Right,2022-05-06,137,SF,2024-05-14
688297,Chris Roycroft,P,Right,Right,2024-05-07,138,STL,2024-05-14
666185,Dylan Carlson,LF,Switch,Left,2020-08-15,138,STL,2024-05-14
667463,John King,P,Left,Left,2020-09-04,138,STL,2024-05-14
681517,Kyle Leahy,P,Switch,Right,2023-07-07,138,STL,2024-05-14
663457,Lars Nootbaar,LF,Left,Right,2021-06-22,138,STL,2024-05-14
687798,Nick Robertson,P,Right,Right,2023-06-07,138,STL,2024-05-14
686780,Pedro Pagés,C,Right,Right,2024-04-07,138,STL,2024-05-14
543243,Sonny Gray,P,Right,Right,2013-07-10,138,STL,2024-05-14
656577,Alex Jackson,C,Right,Right,2019-04-07,139,TB,2024-05-14
541640,Erasmo Ramírez,P,Right,Right,2012-04-09,139,TB,2024-05-14
666018,Jonathan Aranda,1B,Left,Right,2022-06-24,139,TB,2024-05-14
676356,Jonny DeLuca,CF,Right,Right,2023-06-07,139,TB,2024-05-14
666139,Josh Lowe,RF,Left,Right,2021-09-08,139,TB,2024-05-14
687330,Kevin Kelly,P,Right,Right,2023-04-01,139,TB,2024-05-14
655889,Manuel Rodríguez,P,Right,Right,2021-07-30,139,TB,2024-05-14
671737,Taj Bradley,P,Right,Right,2023-04-12,139,TB,2024-05-14
668390,Cole Winn,P,Right,Right,2024-04-14,140,TEX,2024-05-14
673995,Davis Wendzel,3B,Right,Right,2024-04-09,140,TEX,2024-05-14
681982,Grant Anderson,P,Right,Right,2023-05-30,140,TEX,2024-05-14
642546,Jonathan Hernández,P,Right,Right,2019-08-21,140,TEX,2024-05-14
547179,Michael Lorenzen,P,Right,Right,2015-04-29,140,TEX,2024-05-14
663993,Nathaniel Lowe,1B,Left,Right,2019-04-29,140,TEX,2024-05-14
543257,Robbie Grossman,LF,Switch,Left,2013-04-24,140,TEX,2024-05-14
666201,Alek Manoah,P,Right,Right,2021-05-27,141,TOR,2024-05-14
643376,Danny Jansen,C,Right,Right,2018-08-13,141,TOR,2024-05-14
657024,Erik Swanson,P,Right,Right,2019-04-11,141,TOR,2024-05-14
605447,Jordan Romano,P,Right,Right,2019-06-12,141,TOR,2024-05-14
647315,Zach Pop,P,Right,Right,2021-04-03,141,TOR,2024-05-14
573204,Caleb Thielbar,P,Right,Left,2013-05-20,142,MIN,2024-05-14
661395,Jhoan Duran,P,Right,Right,2022-04-08,142,MIN,2024-05-14
669304,Jose Miranda,3B,Right,Right,2022-05-02,142,MIN,2024-05-14
622251,Josh Staumont,P,Right,Right,2019-07-25,142,MIN,2024-05-14
680573,Simeon Woods Richardson,P,Right,Right,2022-10-02,142,MIN,2024-05-14
663616,Trevor Larnach,RF,Left,Right,2021-05-08,142,MIN,2024-05-14
614179,José Ruiz,P,Right,Right,2017-07-24,143,PHI,2024-05-14
665019,Kody Clemens,2B,Left,Right,2022-05-31,143,PHI,2024-05-14
689147,Orion Kerkering,P,Right,Right,2023-09-24,143,PHI,2024-05-14
592836,Taijuan Walker,P,Right,Right,2013-08-30,143,PHI,2024-05-14
693821,Bryce Elder,P,Right,Right,2022-04-12,144,ATL,2024-05-14
623451,Jackson Stephens,P,Right,Right,2017-07-01,144,ATL,2024-05-14
663897,Luke Williams,SS,Right,Right,2021-06-08,144,ATL,2024-05-14
678061,Ray Kerr,P,Left,Left,2022-04-24,144,ATL,2024-05-14
641745,Brad Keller,P,Right,Right,2018-03-29,145,CWS,2024-05-14
682868,Bryan Ramos,3B,Right,Right,2024-05-04,145,CWS,2024-05-14
694363,Jared Shuster,P,Left,Left,2023-04-02,145,CWS,2024-05-14
605182,Mike Clevinger,P,Right,Right,2016-05-18,145,CWS,2024-05-14
542364,Rafael Ortega,CF,Left,Right,2012-09-30,145,CWS,2024-05-14
502054,Tommy Pham,LF,Right,Right,2014-09-09,145,CWS,2024-05-14
621545,Zach Remillard,2B,Right,Right,2023-06-17,145,CWS,2024-05-14
687424,Anthony Maldonado,P,Right,Right,2024-04-26,146,MIA,2024-05-14
666129,Braxton Garrett,P,Right,Left,2020-09-13,146,MIA,2024-05-14
676534,Calvin Faucher,P,Right,Right,2022-05-09,146,MIA,2024-05-14
667472,Dane Myers,CF,Right,Right,2023-07-04,146,MIA,2024-05-14
656896,Emmanuel Rivera,3B,Right,Right,2021-06-28,146,MIA,2024-05-14
672640,Otto Lopez,2B,Right,Right,2021-08-17,146,MIA,2024-05-14
656484,Tristan Gray,3B,Left,Right,2023-09-16,146,MIA,2024-05-14
669364,Xavier Edwards,SS,Switch,Right,2023-05-02,146,MIA,2024-05-14
642701,Dennis Santana,P,Right,Right,2018-06-01,147,NYY,2024-05-14
657649,Jared Koenig,P,Right,Left,2022-06-08,158,MIL,2024-05-14
680911,Owen Miller,2B,Right,Right,2021-05-23,158,MIL,2024-05-14
688107,Robert Gasser,P,Left,Left,2024-05-10,158,MIL,2024-05-14
607237,Amir Garrett,P,Right,Left,2017-04-07,108,LAA,2024-05-14
608334,Carson Fulmer,P,Right,Right,2016-07-17,108,LAA,2024-05-14
657061,Cole Tucker,SS,Switch,Right,2019-04-20,108,LAA,2024-05-14
519326,Hunter Strickland,P,Right,Right,2014-09-01,108,LAA,2024-05-14
677347,Kyren Paris,CF,Right,Right,2023-09-01,108,LAA,2024-05-14
592348,Niko Goodrum,3B,Switch,Right,2017-09-02,108,LAA,2024-05-14
641432,Willie Calhoun,1B,Left,Right,2017-09-12,108,LAA,2024-05-14
656756,Jordan Montgomery,P,Left,Left,2017-04-12,109,AZ,2024-05-14
679885,Justin Martinez,P,Right,Right,2023-07-07,109,AZ,2024-05-14
621028,Kevin Newman,3B,Right,Right,2018-08-16,109,AZ,2024-05-14
663531,Logan Allen,P,Right,Left,2019-06-18,109,AZ,2024-05-14
621199,Matt Bowman,P,Right,Right,2016-04-06,109,AZ,2024-05-14
623149,Paul Sewald,P,Right,Right,2017-04-08,109,AZ,2024-05-14
656976,Pavin Smith,1B,Left,Left,2020-09-12,109,AZ,2024-05-14
545341,Randal Grichuk,RF,Right,Right,2014-04-28,109,AZ,2024-05-14
677944,Slade Cecconi,P,Right,Right,2023-08-02,109,AZ,2024-05-14
544150,Albert Suárez,P,Right,Right,2016-05-08,110,BAL,2024-05-14
607644,John Means,P,Left,Left,2018-09-26,110,BAL,2024-05-14
680694,Kyle Bradish,P,Right,Right,2022-04-29,110,BAL,2024-05-14
669065,Kyle Stowers,LF,Left,Left,2022-06-13,110,BAL,2024-05-14
657514,Brennan Bernardino,P,Left,Left,2022-07-31,111,BOS,2024-05-14
592155,Cam Booser,P,Left,Left,2024-04-19,111,BOS,2024-05-14
681867,Cooper Criswell,P,Right,Right,2021-08-27,111,BOS,2024-05-14
666152,David Hamilton,2B,Left,Right,2023-06-21,111,BOS,2024-05-14
642086,Dominic Smith,1B,Left,Left,2017-08-11,111,BOS,2024-05-14
608701,Rob Refsnyder,RF,Right,Right,2015-07-11,111,BOS,2024-05-14
663853,Romy Gonzalez,1B,Right,Right,2021-09-03,111,BOS,2024-05-14
687093,Vaughn Grissom,2B,Right,Right,2022-08-10,111,BOS,2024-05-14
677161,Zack Kelly,P,Right,Right,2022-08-29,111,BOS,2024-05-14
669713,Hayden Wesneski,P,Right,Right,2022-09-06,112,CHC,2024-05-14
592791,Jameson Taillon,P,Right,Right,2016-06-08,112,CHC,2024-05-14
657006,Justin Steele,P,Left,Left,2021-04-12,112,CHC,2024-05-14
621550,Patrick Wisdom,1B,Right,Right,2018-08-12,112,CHC,2024-05-14
691718,Pete Crow-Armstrong,CF,Left,Left,2023-09-11,112,CHC,2024-05-14
668338,Tyson Miller,P,Right,Right,2020-08-17,112,CHC,2024-05-14
668843,Conner Capel,LF,Left,Left,2022-06-27,113,CIN,2024-05-14
674441,Jacob Hurtubise,LF,Left,Right,2024-05-13,113,CIN,2024-05-14
645801,Mike Ford,1B,Left,Right,2019-04-18,113,CIN,2024-05-14
594902,Ben Lively,P,Right,Right,2017-06-03,114,CLE,2024-05-14
700932,Kyle Manzardo,1B,Left,Right,2024-05-06,114,CLE,2024-05-14
657265,Peter Strzelecki,P,Right,Right,2022-06-02,114,CLE,2024-05-14
696100,Hunter Goodman,C,Right,Right,2023-08-27,115,COL,2024-05-14
687597,Jordan Beck,LF,Right,Right,2024-04-30,115,COL,2024-05-14
656248,Sean Bouchard,RF,Right,Right,2022-06-19,115,COL,2024-05-14
621389,Ty Blach,P,Right,Left,2016-09-05,115,COL,2024-05-14
689225,Beau Brieske,P,Right,Right,2022-04-23,116,DET,2024-05-14
666159,Matt Manning,P,Right,Right,2021-06-17,116,DET,2024-05-14
672761,Wenceel Pérez,RF,Switch,Right,2024-04-08,116,DET,2024-05-14
664285,Framber Valdez,P,Right,Left,2018-08-21,117,HOU,2024-05-14
694388,Joey Loperfido,LF,Left,Right,2024-04-30,117,HOU,2024-05-14
434378,Justin Verlander,P,Right,Right,2005-07-04,117,HOU,2024-05-14
681869,Shawn Dubin,P,Right,Right,2023-06-19,117,HOU,2024-05-14
681293,Spencer Arrighetti,P,Right,Right,2024-04-10,117,HOU,2024-05-14
663550,Trey Cabbage,RF,Left,Right,2023-07-14,117,HOU,2024-05-14
686681,Michael Massey,2B,Left,Right,2022-07-15,118,KC,2024-05-14
608648,Tyler Duffey,P,Right,Right,2015-08-05,118,KC,2024-05-14
681624,Andy Pages,CF,Right,Right,2024-04-16,119,LAD,2024-05-14
595014,Blake Treinen,P,Right,Right,2014-04-12,119,LAD,2024-05-14
681402,Gus Varland,P,Left,Right,2023-03-30,119,LAD,2024-05-14
656420,J.P. Feyereisen,P,Right,Right,2020-07-24,119,LAD,2024-05-14
622503,Nabil Crismatt,P,Right,Right,2020-08-17,119,LAD,2024-05-14
621111,Walker Buehler,P,Right,Right,2017-09-07,119,LAD,2024-05-14
606930,Jacob Barnes,P,Right,Right,2016-06-03,120,WSH,2024-05-14
696285,Jacob Young,CF,Right,Right,2023-08-26,120,WSH,2024-05-14
669222,Nick Senzel,3B,Right,Right,2019-05-03,120,WSH,2024-05-14
681035,Christian Scott,P,Right,Right,2024-05-04,121,NYM,2024-05-14
502110,J.D. Martinez,DH,Right,Right,2011-07-30,121,NYM,2024-05-14
676130,José Buttó,P,Right,Right,2022-08-21,121,NYM,2024-05-14
657585,Reed Garrett,P,Right,Right,2019-03-29,121,NYM,2024-05-14
656887,Sean Reid-Foley,P,Right,Right,2018-08-13,121,NYM,2024-05-14
621512,Tomás Nido,C,Right,Right,2017-09-13,121,NYM,2024-05-14
649557,Aledmys Díaz,SS,Right,Right,2016-04-05,133,ATH,2024-06-28
669137,Armando Alvarez,3B,Right,Right,2024-06-22,133,ATH,2024-06-28
663662,Daz Cameron,RF,Right,Right,2020-09-09,133,ATH,2024-06-28
663687,Hogan Harris,P,Right,Left,2023-04-14,133,ATH,2024-06-28
672552,Jack O'Loughlin,P,Left,Left,2024-05-26,133,ATH,2024-06-28
665622,Luis Medina,P,Right,Right,2023-04-26,133,ATH,2024-06-28
609280,Miguel Andujar,LF,Right,Right,2017-06-28,133,ATH,2024-06-28
674370,Osvaldo Bido,P,Right,Right,2023-06-14,133,ATH,2024-06-28
518397,Scott Alexander,P,Left,Left,2015-09-02,133,ATH,2024-06-28
656794,Sean Newcomb,P,Left,Left,2017-06-10,133,ATH,2024-06-28
669387,Carmen Mlodzinski,P,Right,Right,2023-06-16,134,PIT,2024-06-28
641726,Daulton Jefferies,P,Left,Right,2020-09-12,134,PIT,2024-06-28
800049,Adam Mazur,P,Right,Right,2024-06-04,135,SD,2024-06-28
656354,Austin Davis,P,Left,Left,2018-06-20,135,SD,2024-06-28
664954,Brett Sullivan,C,Left,Right,2023-04-18,135,SD,2024-06-28
669369,Bryce Johnson,CF,Switch,Right,2022-08-03,135,SD,2024-06-28
444482,David Peralta,LF,Left,Left,2014-06-01,135,SD,2024-06-28
646242,Jhonathan Díaz,P,Left,Left,2021-09-17,136,SEA,2024-06-28
669208,Ryan Bliss,2B,Right,Right,2024-05-27,136,SEA,2024-06-28
592200,Curt Casali,C,Right,Right,2014-07-18,137,SF,2024-06-28
681584,David Villar,1B,Right,Right,2022-07-04,137,SF,2024-06-28
806185,Hayden Birdsong,P,Right,Right,2024-06-26,137,SF,2024-06-28
702352,Spencer Bivens,P,Right,Right,2024-06-16,137,SF,2024-06-28
675921,Spencer Howard,P,Right,Right,2020-08-09,137,SF,2024-06-28
700669,Gordon Graceffo,P,Right,Right,2024-06-29,138,STL,2024-06-28
665877,José Fermín,2B,Right,Right,2023-07-07,138,STL,2024-06-28
670955,Edwin Uceta,P,Right,Right,2021-04-30,139,TB,2024-06-28
670764,Taylor Walls,SS,Switch,Right,2021-05-22,139,TB,2024-06-28
656537,Derek Hill,CF,Right,Right,2020-09-04,140,TEX,2024-06-28
453286,Max Scherzer,P,Right,Right,2008-04-29,140,TEX,2024-06-28
680718,Addison Barger,3B,Left,Right,2024-04-24,141,TOR,2024-06-28
663893,Brendon Little,P,Left,Left,2022-08-30,141,TOR,2024-06-28
687462,Spencer Horwitz,1B,Left,Right,2023-06-18,141,TOR,2024-06-28
684320,Yariel Rodríguez,P,Right,Right,2024-04-13,141,TOR,2024-06-28
701581,David Festa,P,Right,Right,2024-06-27,142,MIN,2024-06-28
668904,Royce Lewis,3B,Right,Right,2022-05-06,142,MIN,2024-06-28
621311,David Dahl,LF,Left,Right,2016-07-25,143,PHI,2024-06-28
675650,Michael Mercado,P,Right,Right,2024-06-24,143,PHI,2024-06-28
665561,Rafael Marchán,C,Switch,Right,2020-09-14,143,PHI,2024-06-28
678226,Daysbel Hernández,P,Right,Right,2023-07-23,144,ATL,2024-06-28
656550,Grant Holmes,P,Left,Right,2024-06-16,144,ATL,2024-06-28
669221,Sean Murphy,C,Right,Right,2019-05-19,144,ATL,2024-06-28
680885,Spencer Schwellenbach,P,Right,Right,2024-05-29,144,ATL,2024-06-28
641771,Chad Kuhl,P,Right,Right,2016-06-26,145,CWS,2024-06-28
667452,Corey Julks,LF,Right,Right,2023-03-31,145,CWS,2024-06-28
664901,Danny Mendick,3B,Right,Right,2019-09-03,145,CWS,2024-06-28
689672,Drew Thorpe,P,Left,Right,2024-06-11,145,CWS,2024-06-28
686563,Jonathan Cannon,P,Right,Right,2024-04-17,145,CWS,2024-06-28
605121,Justin Anderson,P,Left,Right,2018-04-23,145,CWS,2024-06-28
672820,Lenyn Sosa,2B,Right,Right,2022-06-23,145,CWS,2024-06-28
645305,Ali Sánchez,C,Right,Right,2020-08-10,146,MIA,2024-06-28
623211,Huascar Brazobán,P,Right,Right,2022-07-24,146,MIA,2024-06-28
608638,JT Chargois,P,Switch,Right,2016-06-11,146,MIA,2024-06-28
667725,Kyle Tyler,P,Right,Right,2021-09-05,146,MIA,2024-06-28
682610,Roddery Muñoz,P,Right,Right,2024-04-20,146,MIA,2024-06-28
678368,Valente Bellozo,P,Right,Right,2024-06-26,146,MIA,2024-06-28
630023,Yonny Chirinos,P,Right,Right,2018-04-01,146,MIA,2024-06-28
700250,Ben Rice,1B,Left,Right,2024-06-18,147,NYY,2024-06-28
518934,DJ LeMahieu,2B,Right,Right,2011-05-30,147,NYY,2024-06-28
543037,Gerrit Cole,P,Right,Right,2013-06-11,147,NYY,2024-06-28
664776,Jake Cousins,P,Right,Right,2021-06-21,147,NYY,2024-06-28
641360,Phil Bickford,P,Right,Right,2020-09-01,147,NYY,2024-06-28
592454,Tommy Kahnle,P,Right,Right,2014-04-03,147,NYY,2024-06-28
572971,Dallas Keuchel,P,Left,Left,2012-06-17,158,MIL,2024-06-28
660600,Enoli Paredes,P,Right,Right,2020-07-24,158,MIL,2024-06-28
606992,Eric Haase,C,Right,Right,2018-09-02,158,MIL,2024-06-28
668964,Tobias Myers,P,Right,Right,2024-04-23,158,MIL,2024-06-28
672012,Tyler Black,3B,Left,Right,2024-04-30,158,MIL,2024-06-28
690829,Ben Joyce,P,Right,Right,2023-05-29,108,LAA,2024-06-28
669721,Davis Daniel,P,Right,Right,2023-09-07,108,LAA,2024-06-28
668968,Hans Crouse,P,Left,Right,2021-09-26,108,LAA,2024-06-28
665896,José Marte,P,Right,Right,2021-08-20,108,LAA,2024-06-28
650859,Luis Rengifo,3B,Switch,Right,2019-04-25,108,LAA,2024-06-28
672710,Roansy Contreras,P,Right,Right,2021-09-29,108,LAA,2024-06-28
668676,Zach Plesac,P,Right,Right,2019-05-28,108,LAA,2024-06-28
676714,Brandon Hughes,P,Switch,Left,2022-05-17,109,AZ,2024-06-28
528748,Humberto Castellanos,P,Right,Right,2020-08-04,109,AZ,2024-06-28
645444,Jose Herrera,C,Switch,Right,2022-04-09,109,AZ,2024-06-28
641329,Bryan Baker,P,Right,Right,2021-09-05,110,BAL,2024-06-28
700249,Cade Povich,P,Left,Left,2024-06-06,110,BAL,2024-06-28
677008,Heston Kjerstad,LF,Left,Right,2023-09-14,110,BAL,2024-06-28
640454,Matt Krook,P,Left,Left,2023-06-16,110,BAL,2024-06-28
663989,Nick Vespi,P,Left,Left,2022-05-20,110,BAL,2024-06-28
690544,Bailey Horn,P,Left,Left,2024-06-29,111,BOS,2024-06-28
605155,Colten Brewer,P,Right,Right,2018-04-12,112,CHC,2024-06-28
694037,Daniel Palencia,P,Right,Right,2023-07-04,112,CHC,2024-06-28
623520,David Bote,3B,Right,Right,2018-04-21,112,CHC,2024-06-28
681799,Ethan Roberts,P,Right,Right,2022-04-09,112,CHC,2024-06-28
687863,Porter Hodge,P,Right,Right,2024-05-22,112,CHC,2024-06-28
642851,Austin Wynns,C,Right,Right,2018-06-05,113,CIN,2024-06-28
686730,Carson Spiers,P,Right,Right,2023-09-03,113,CIN,2024-06-28
682119,Levi Jordan,CF,Right,Right,2024-06-24,113,CIN,2024-06-28
682622,Noelvi Marte,3B,Right,Right,2023-08-19,113,CIN,2024-06-28
594580,Sam Moll,P,Left,Left,2017-09-01,113,CIN,2024-06-28
682177,Daniel Schneemann,2B,Left,Right,2024-06-02,114,CLE,2024-06-28
670766,Darren McCaughan,P,Right,Right,2021-07-21,114,CLE,2024-06-28
678877,Jhonkensy Noel,RF,Right,Right,2024-06-26,114,CLE,2024-06-28
677588,José Tena,3B,Left,Right,2023-08-05,114,CLE,2024-06-28
656529,Sam Hentges,P,Left,Left,2021-04-20,114,CLE,2024-06-28
668845,Aaron Schunk,SS,Right,Right,2024-06-29,115,COL,2024-06-28
666207,Riley Pint,P,Right,Right,2023-05-17,115,COL,2024-06-28
656541,Sam Hilliard,LF,Left,Left,2019-08-27,115,COL,2024-06-28
668731,Akil Baddoo,LF,Left,Left,2021-04-04,116,DET,2024-06-28
669234,Justyn-Henry Malloy,RF,Right,Right,2024-06-03,116,DET,2024-06-28
668952,Ryan Kreidler,CF,Right,Right,2022-09-02,116,DET,2024-06-28
687911,Bryan King,P,Right,Left,2024-06-23,117,HOU,2024-06-28
663967,César Salazar,C,Left,Right,2023-04-02,117,HOU,2024-06-28
669450,Cooper Hummel,LF,Switch,Right,2022-04-07,117,HOU,2024-06-28
664351,Luis Contreras,P,Right,Right,2024-06-23,117,HOU,2024-06-28
680769,CJ Alexander,1B,Left,Right,2024-06-24,118,KC,2024-06-28
672578,Carlos Hernández,P,Right,Right,2020-09-01,118,KC,2024-06-28
669674,Sam Long,P,Left,Left,2021-06-09,118,KC,2024-06-28
607455,Anthony Banda,P,Left,Left,2017-07-22,119,LAD,2024-06-28
689017,Landon Knack,P,Left,Right,2024-04-17,119,LAD,2024-06-28
656848,Michael Petersen,P,Right,Right,2024-06-18,119,LAD,2024-06-28
678246,Miguel Vargas,3B,Right,Right,2022-08-03,119,LAD,2024-06-28
687792,DJ Herz,P,Right,Left,2024-06-04,120,WSH,2024-06-28
686452,Drew Millas,C,Switch,Right,2023-08-28,120,WSH,2024-06-28
592325,Ben Gamel,RF,Left,Left,2016-05-06,121,NYM,2024-06-28
664849,Danny Young,P,Left,Left,2022-05-09,121,NYM,2024-06-28
656849,David Peterson,P,Left,Left,2020-07-28,121,NYM,2024-06-28
673380,Dedniel Núñez,P,Right,Right,2024-04-09,121,NYM,2024-06-28
578428,Jose Iglesias,2B,Right,Right,2011-05-08,121,NYM,2024-06-28
620443,Luis Torrens,C,Right,Right,2017-04-03,121,NYM,2024-06-28
668901,Mark Vientos,3B,Right,Right,2022-09-11,121,NYM,2024-06-28
686654,Ty Adcock,P,Right,Right,2023-06-12,121,NYM,2024-06-28
671305,Michel Otañez,P,Right,Right,2024-06-10,133,ATH,2024-08-12
694361,Will Klein,P,Right,Right,2024-04-28,133,ATH,2024-08-12
621294,Ben Heller,P,Right,Right,2016-08-26,134,PIT,2024-08-12
593334,Domingo Germán,P,Right,Right,2017-06-11,134,PIT,2024-08-12
663765,Jake Woodford,P,Right,Right,2020-08-15,134,PIT,2024-08-12
669308,Sean Reynolds,P,Left,Right,2024-07-14,135,SD,2024-08-12
700187,Troy Taylor,P,Right,Right,2024-08-11,136,SEA,2024-08-12
666464,Jerar Encarnacion,RF,Right,Right,2022-06-19,137,SF,2024-08-12
592662,Robbie Ray,P,Left,Left,2014-05-06,137,SF,2024-08-12
642121,Cole Sulser,P,Right,Right,2019-09-06,139,TB,2024-08-12
656876,Drew Rasmussen,P,Right,Right,2020-08-19,139,TB,2024-08-12
605488,Jeffrey Springs,P,Left,Left,2018-07-31,139,TB,2024-08-12
670224,Kameron Misner,CF,Left,Left,2024-08-02,139,TB,2024-08-12
663992,Richard Lovelady,P,Left,Left,2019-04-09,139,TB,2024-08-12
669358,Shane Baz,P,Right,Right,2021-09-20,139,TB,2024-08-12
642520,Gerson Garabito,P,Right,Right,2024-05-26,140,TEX,2024-08-12
670036,Matt Festa,P,Right,Right,2018-07-14,140,TEX,2024-08-12
641816,Tyler Mahle,P,Right,Right,2017-08-27,140,TEX,2024-08-12
679156,Walter Pennington,P,Left,Left,2024-07-05,140,TEX,2024-08-12
677870,Leo Jiménez,SS,Right,Right,2024-06-26,141,TOR,2024-08-12
621114,Ryan Burr,P,Right,Right,2018-08-23,141,TOR,2024-08-12
672642,Steward Berroa,RF,Switch,Right,2024-06-23,141,TOR,2024-08-12
667297,Tommy Nance,P,Right,Right,2021-05-17,141,TOR,2024-08-12
695238,Will Wagner,3B,Left,Right,2024-06-26,141,TOR,2024-08-12
680739,Josh Winder,P,Right,Right,2022-04-12,142,MIN,2024-08-12
656240,Scott Blewett,P,Right,Right,2020-09-18,142,MIN,2024-08-12
670276,Cal Stevenson,CF,Left,Left,2022-08-10,143,PHI,2024-08-12
676661,Max Lazar,P,Right,Right,2024-08-10,143,PHI,2024-08-12
663969,Tyler Phillips,P,Right,Right,2024-07-07,143,PHI,2024-08-12
642215,Weston Wilson,LF,Right,Right,2023-08-09,143,PHI,2024-08-12
642201,Eli White,RF,Right,Right,2020-09-01,144,ATL,2024-08-12
656657,Zach Logue,P,Left,Left,2022-04-19,144,ATL,2024-08-12
681460,Brooks Baldwin,LF,Switch,Right,2024-07-19,145,CWS,2024-08-12
642020,Chuckie Robinson,C,Right,Right,2022-08-24,145,CWS,2024-08-12
663436,Davis Martin,P,Left,Right,2022-05-17,145,CWS,2024-08-12
686642,Fraser Ellard,P,Left,Left,2024-07-30,145,CWS,2024-08-12
681066,Ky Bush,P,Left,Left,2024-08-05,145,CWS,2024-08-12
657053,Touki Toussaint,P,Right,Right,2018-08-13,145,CWS,2024-08-12
676969,Brett de Geus,P,Right,Right,2021-04-01,146,MIA,2024-08-12
682073,David Hensley,OF,Right,Right,2022-08-27,146,MIA,2024-08-12
665795,Edward Cabrera,P,Right,Right,2021-08-25,146,MIA,2024-08-12
622786,Jesus Tinoco,P,Right,Right,2019-05-31,146,MIA,2024-08-12
640902,Jhonny Pereda,C,Right,Right,2024-04-17,146,MIA,2024-08-12
669111,John McMillon,P,Left,Right,2023-08-17,146,MIA,2024-08-12
592288,Kent Emanuel,P,Left,Left,2021-04-24,146,MIA,2024-08-12
665966,Carlos Narváez,C,Right,Right,2024-07-20,147,NYY,2024-08-12
642207,Devin Williams,P,Right,Right,2019-08-07,158,MIL,2024-08-12
669003,Garrett Mitchell,CF,Left,Right,2022-08-27,158,MIL,2024-08-12
686799,Jack Kochanowicz,P,Left,Right,2024-07-11,108,LAA,2024-08-12
650671,José Quijada,P,Left,Left,2019-04-24,108,LAA,2024-08-12
683021,Michael Stefanic,2B,Right,Right,2022-07-03,108,LAA,2024-08-12
680728,Adrian Del Castillo,C,Left,Right,2024-08-07,109,AZ,2024-08-12
593958,Eduardo Rodriguez,P,Left,Left,2015-05-28,109,AZ,2024-08-12
691723,Coby Mayo,1B,Right,Right,2024-08-02,110,BAL,2024-08-12
702616,Jackson Holliday,2B,Left,Right,2024-04-10,110,BAL,2024-08-12
663767,Chase Shugart,P,Left,Right,2024-08-15,111,BOS,2024-08-12
681508,Mickey Gasper,2B,Switch,Right,2024-08-12,111,BOS,2024-08-12
686765,Nick Sogard,1B,Switch,Right,2024-08-02,111,BOS,2024-08-12
668873,Caleb Kilian,P,Right,Right,2022-06-04,112,CHC,2024-08-12
624522,Keegan Thompson,P,Right,Right,2021-05-02,112,CHC,2024-08-12
666157,Nick Lodolo,P,Left,Left,2022-04-13,113,CIN,2024-08-12
670770,TJ Friedl,CF,Left,Left,2021-09-18,113,CIN,2024-08-12
663574,Tony Santillan,P,Right,Right,2021-06-13,113,CIN,2024-08-12
502171,Alex Cobb,P,Right,Right,2011-05-01,114,CLE,2024-08-12
668909,Gavin Williams,P,Left,Right,2023-06-21,114,CLE,2024-08-12
691182,Adael Amador,2B,Switch,Right,2024-06-09,115,COL,2024-08-12
683409,Angel Chivilli,P,Right,Right,2024-06-03,115,COL,2024-08-12
687134,Bradley Blalock,P,Right,Right,2024-06-20,115,COL,2024-08-12
642028,Josh Rogers,P,Left,Left,2018-08-28,115,COL,2024-08-12
663562,Noah Davis,P,Right,Right,2022-10-05,115,COL,2024-08-12
685299,Tanner Gordon,P,Left,Right,2024-07-07,115,COL,2024-08-12
676632,Bligh Madris,1B,Left,Right,2022-06-20,116,DET,2024-08-12
676428,Brant Hurter,P,Left,Left,2024-08-04,116,DET,2024-08-12
669724,Brenan Hanifee,P,Right,Right,2023-09-21,116,DET,2024-08-12
676614,Bryan Sammons,P,Left,Left,2024-07-29,116,DET,2024-08-12
693307,Dillon Dingler,C,Right,Right,2024-07-29,116,DET,2024-08-12
672456,Keider Montero,P,Right,Right,2024-05-29,116,DET,2024-08-12
668723,Ryan Vilade,RF,Right,Right,2021-09-18,116,DET,2024-08-12
672391,Kaleb Ort,P,Right,Right,2021-09-13,117,HOU,2024-08-12
694175,Pedro León,RF,Right,Right,2024-08-03,117,HOU,2024-08-12
579328,Yusei Kikuchi,P,Left,Left,2019-03-21,117,HOU,2024-08-12
701305,Zach Dezenzo,LF,Right,Right,2024-08-06,117,HOU,2024-08-12
663460,Kris Bubic,P,Left,Left,2020-07-31,118,KC,2024-08-12
641703,Brent Honeywell,P,Right,Right,2021-04-11,119,LAD,2024-08-12
477132,Clayton Kershaw,P,Left,Left,2008-05-25,119,LAD,2024-08-12
669743,Alex Call,RF,Right,Right,2022-07-11,120,WSH,2024-08-12
674285,Eduardo Salazar,P,Right,Right,2023-05-24,120,WSH,2024-08-12
695578,James Wood,LF,Left,Right,2024-07-01,120,WSH,2024-08-12
678606,Jose A. Ferrer,P,Left,Left,2023-07-01,120,WSH,2024-08-12
660766,Juan Yepez,1B,Right,Right,2022-05-04,120,WSH,2024-08-12
663905,Travis Blankenhorn,RF,Left,Right,2020-09-15,120,WSH,2024-08-12
669620,Brady Basso,P,Right,Left,2024-05-31,133,ATH,2024-09-26
680880,Grant Holman,P,Right,Right,2024-08-17,133,ATH,2024-09-26
669372,J.T. Ginn,P,Right,Right,2024-08-21,133,ATH,2024-09-26
805779,Jacob Wilson,SS,Right,Right,2024-07-19,133,ATH,2024-09-26
695257,Billy Cook,CF,Right,Right,2024-09-08,134,PIT,2024-09-26
676755,Isaac Mattson,P,Right,Right,2021-05-07,134,PIT,2024-09-26
641943,Joshua Palacios,RF,Left,Right,2021-04-09,134,PIT,2024-09-26
678894,Liover Peguero,2B,Right,Right,2022-06-18,134,PIT,2024-09-26
694377,Nick Yorke,2B,Right,Right,2024-09-16,134,PIT,2024-09-26
689690,Alek Jacob,P,Left,Right,2023-07-15,135,SD,2024-09-26
663604,Brandon Lockridge,LF,Right,Right,2024-09-13,135,SD,2024-09-26
666619,Gregory Santos,P,Right,Right,2021-04-22,136,SEA,2024-09-26
681810,Austin Warren,P,Right,Right,2021-07-29,137,SF,2024-09-26
622268,Donovan Walton,2B,Left,Right,2019-09-10,137,SF,2024-09-26
663629,Ethan Small,P,Left,Left,2022-05-30,137,SF,2024-09-26
687529,Grant McCray,CF,Left,Right,2024-08-14,137,SF,2024-09-26
696131,Mason Black,P,Right,Right,2024-05-06,137,SF,2024-09-26
663941,Tristan Beck,P,Right,Right,2023-04-20,137,SF,2024-09-26
700241,Michael McGreevy,P,Left,Right,2024-07-31,138,STL,2024-09-26
676617,Riley O'Brien,P,Right,Right,2021-09-28,138,STL,2024-09-26
695336,Thomas Saggese,2B,Right,Right,2024-09-10,138,STL,2024-09-26
685801,Hunter Bigge,P,Right,Right,2024-07-09,139,TB,2024-09-26
691406,Junior Caminero,3B,Right,Right,2023-09-23,139,TB,2024-09-26
686482,Logan Driscoll,C,Left,Right,2024-09-03,139,TB,2024-09-26
682254,Mason Montgomery,P,Left,Left,2024-09-05,139,TB,2024-09-26
687957,Dustin Harris,LF,Left,Right,2024-09-28,140,TEX,2024-09-26
683004,Jack Leiter,P,Right,Right,2024-04-18,140,TEX,2024-09-26
594798,Jacob deGrom,P,Left,Right,2014-05-15,140,TEX,2024-09-26
680716,Jonathan Ornelas,SS,Right,Right,2023-08-07,140,TEX,2024-09-26
679822,Justin Foscue,1B,Right,Right,2024-04-05,140,TEX,2024-09-26
677958,Kumar Rocker,P,Right,Right,2024-09-12,140,TEX,2024-09-26
622110,Matt Duffy,3B,Right,Right,2014-05-22,140,TEX,2024-09-26
660758,Sandro Fabian,OF,Right,Right,2024-09-06,140,TEX,2024-09-26
687922,Easton Lucas,P,Left,Left,2023-09-08,141,TOR,2024-09-26
682729,Jonatan Clase,LF,Switch,Right,2024-04-15,141,TOR,2024-09-26
665782,Luis De Los Santos,3B,Right,Right,2024-07-31,141,TOR,2024-09-26
664770,Nathan Lukes,RF,Left,Right,2023-03-30,141,TOR,2024-09-26
623168,Tyler Heineman,C,Switch,Right,2019-09-04,141,TOR,2024-09-26
686797,Brooks Lee,3B,Switch,Right,2024-07-03,142,MIN,2024-09-26
623437,Justin Topa,P,Right,Right,2020-09-01,142,MIN,2024-09-26
805673,Zebby Matthews,P,Right,Right,2024-08-13,142,MIN,2024-09-26
663465,Kolby Allard,P,Left,Left,2018-07-31,143,PHI,2024-09-26
656457,Tyler Gilbert,P,Left,Left,2021-08-03,143,PHI,2024-09-26
676070,Jacob Amaya,SS,Right,Right,2023-06-18,145,CWS,2024-09-26
683568,Jairo Iriarte,P,Right,Right,2024-09-03,145,CWS,2024-09-26
671109,Jake Eder,P,Left,Left,2024-09-17,145,CWS,2024-09-26
672860,Prelander Berroa,P,Right,Right,2023-07-21,145,CWS,2024-09-26
680732,Sean Burke,P,Right,Right,2024-09-10,145,CWS,2024-09-26
670124,Adam Oller,P,Right,Right,2022-04-12,146,MIA,2024-09-26
685107,Anthony Veneziano,P,Left,Left,2023-09-26,146,MIA,2024-09-26
681393,Connor Norby,3B,Right,Right,2024-06-03,146,MIA,2024-09-26
665052,Griffin Conine,LF,Left,Right,2024-08-26,146,MIA,2024-09-26
691594,Javier Sanoja,2B,Right,Right,2024-09-07,146,MIA,2024-09-26
669199,Lake Bachar,P,Right,Right,2024-09-08,146,MIA,2024-09-26
641312,Shaun Anderson,P,Right,Right,2019-05-15,146,MIA,2024-09-26
675540,Xzavion Curry,P,Right,Right,2022-08-15,146,MIA,2024-09-26
690925,Clayton Beeter,P,Right,Right,2024-03-29,147,NYY,2024-09-26
547001,Cody Poteet,P,Right,Right,2021-05-12,147,NYY,2024-09-26
691176,Jasson Domínguez,LF,Switch,Right,2023-09-01,147,NYY,2024-09-26
664123,Scott Effross,P,Right,Right,2021-08-29,147,NYY,2024-09-26
676879,Aaron Ashby,P,Right,Left,2021-06-30,158,MIL,2024-09-26
686555,Isaac Collins,LF,Switch,Right,2024-09-08,158,MIL,2024-09-26
676572,Eric Wagaman,1B,Right,Right,2024-09-10,108,LAA,2024-09-26
672569,Gustavo Campero,RF,Switch,Right,2024-09-15,108,LAA,2024-09-26
605346,Jack López,2B,Right,Right,2021-09-01,108,LAA,2024-09-26
677941,Jordyn Adams,CF,Right,Right,2023-08-02,108,LAA,2024-09-26
670046,Kenny Rosenberg,P,Left,Left,2022-04-18,108,LAA,2024-09-26
694359,Niko Kavadas,1B,Left,Right,2024-08-16,108,LAA,2024-09-26
668943,Ryan Miller,P,Right,Right,2024-08-27,108,LAA,2024-09-26
666171,Ryan Zeferjahn,P,Right,Right,2024-08-25,108,LAA,2024-09-26
692285,Luis Guerrero,P,Right,Right,2024-09-08,111,BOS,2024-09-26
690916,Richard Fitts,P,Right,Right,2024-09-08,111,BOS,2024-09-26
683068,Zach Penrod,P,Left,Left,2024-09-14,111,BOS,2024-09-26
682634,Kevin Alcántara,RF,Right,Right,2024-09-25,112,CHC,2024-09-26
676679,Luis Vázquez,SS,Right,Right,2024-05-22,112,CHC,2024-09-26
694362,Blake Dunn,RF,Right,Right,2024-06-04,113,CIN,2024-09-26
664139,Ian Gibaut,P,Right,Right,2019-07-12,113,CIN,2024-09-26
677956,Rece Hinds,RF,Right,Right,2024-07-08,113,CIN,2024-09-26
695076,Rhett Lowder,P,Right,Right,2024-08-30,113,CIN,2024-09-26
691172,Yosver Zulueta,P,Right,Right,2024-06-25,113,CIN,2024-09-26
689958,Andrew Walters,P,Right,Right,2024-09-12,114,CLE,2024-09-26
682657,Angel Martínez,CF,Switch,Right,2024-06-22,114,CLE,2024-09-26
681870,Erik Sabrowski,P,Right,Left,2024-09-04,114,CLE,2024-09-26
676282,Joey Cantillo,P,Left,Left,2024-07-28,114,CLE,2024-09-26
571510,Matthew Boyd,P,Left,Left,2015-06-27,114,CLE,2024-09-26
622608,Antonio Senzatela,P,Right,Right,2017-04-06,115,COL,2024-09-26
691011,Drew Romo,C,Switch,Right,2024-08-17,115,COL,2024-09-26
677955,Jaden Hill,P,Right,Right,2024-09-07,115,COL,2024-09-26
676105,Jeff Criswell,P,Right,Right,2024-08-21,115,COL,2024-09-26
678821,Luis Peralta,P,Left,Left,2024-08-24,115,COL,2024-09-26
678020,Seth Halvorsen,P,Right,Right,2024-08-30,115,COL,2024-09-26
690291,Jace Jung,3B,Left,Right,2024-08-16,116,DET,2024-09-26
695549,Jackson Jobe,P,Right,Right,2024-09-25,116,DET,2024-09-26
674944,Sean Guenther,P,Left,Left,2021-08-04,116,DET,2024-09-26
700242,Trey Sweeney,SS,Left,Right,2024-08-16,116,DET,2024-09-26
680744,Ty Madden,P,Right,Right,2024-08-26,116,DET,2024-09-26
694376,Shay Whitcomb,LF,Right,Right,2024-08-17,117,HOU,2024-09-26
663738,Daniel Lynch IV,P,Left,Left,2021-05-03,118,KC,2024-09-26
493329,Yuli Gurriel,1B,Right,Right,2016-08-21,118,KC,2024-09-26
676508,Ben Casparius,P,Right,Right,2024-08-31,119,LAD,2024-09-26
683618,Edgardo Henriquez,P,Right,Right,2024-09-24,119,LAD,2024-09-26
669242,Tommy Edman,2B,Switch,Right,2019-06-08,119,LAD,2024-09-26
671117,Darren Baker,2B,Left,Right,2024-09-01,120,WSH,2024-09-26
686611,Dylan Crews,RF,Right,Right,2024-08-26,120,WSH,2024-09-26
686747,Joe La Sorsa,P,Left,Left,2023-05-29,120,WSH,2024-09-26
656448,Stone Garrett,RF,Right,Right,2022-08-17,120,WSH,2024-09-26
622065,Alex Young,P,Left,Left,2019-06-27,121,NYM,2024-09-26
657193,Eddy Alvarez,2B,Left,Right,2020-08-05,121,NYM,2024-09-26
682668,Luisangel Acuña,2B,Right,Right,2024-09-14,121,NYM,2024-09-26
686993,Justin Sterner,P,Right,Right,2024-05-31,133,ATH,2024-11-10
686610,Ken Waldichuk,P,Left,Left,2022-09-01,133,ATH,2024-11-10
677952,Braxton Ashcraft,P,Left,Right,2025-05-26,134,PIT,2024-11-10
664294,Dauri Moreta,P,Right,Right,2021-09-26,134,PIT,2024-11-10
682848,Endy Rodríguez,1B,Switch,Right,2023-07-17,134,PIT,2024-11-10
670912,Johan Oviedo,P,Right,Right,2020-08-19,134,PIT,2024-11-10
681347,Mike Burrows,P,Right,Right,2024-09-28,134,PIT,2024-11-10
691907,Tsung-Che Cheng,SS,Left,Right,2025-04-09,134,PIT,2024-11-10
670810,Logan Gillaspie,P,Right,Right,2022-05-17,135,SD,2024-11-10
672715,Luis Patiño,P,Right,Right,2020-08-05,135,SD,2024-11-10
669200,Mason McCoy,2B,Right,Right,2023-08-30,135,SD,2024-11-10
672359,Tirso Ornelas,LF,Left,Right,2025-04-19,135,SD,2024-11-10
685116,Austin Kitchen,P,Left,Left,2024-07-30,136,SEA,2024-11-10
680604,Blas Castaño,P,Right,Right,2025-05-28,136,SEA,2024-11-10
687799,Cade Marlowe,LF,Left,Right,2023-07-20,136,SEA,2024-11-10
672841,Carlos Vargas,P,Right,Right,2023-03-30,136,SEA,2024-11-10
663804,Jackson Kowar,P,Right,Right,2021-06-07,136,SEA,2024-11-10
666374,Matt Brash,P,Right,Right,2022-04-12,136,SEA,2024-11-10
669392,Samad Taylor,RF,Right,Right,2023-06-17,136,SEA,2024-11-10
682988,Tyler Locklear,1B,Right,Right,2024-06-09,136,SEA,2024-11-10
686790,Trevor McDonald,P,Right,Right,2024-09-29,137,SF,2024-11-10
685133,Wade Meckler,OF,Left,Right,2023-08-14,137,SF,2024-11-10
680572,Adam Kloffenstein,P,Right,Right,2024-06-20,138,STL,2024-11-10
680723,Drew Rom,P,Left,Left,2023-08-21,138,STL,2024-11-10
663609,Luken Baker,1B,Right,Right,2023-06-04,138,STL,2024-11-10
702795,Ryan Loutos,P,Right,Right,2024-06-01,138,STL,2024-11-10
691828,Sem Robberse,P,Right,Right,,138,STL,2024-11-10
682052,Jacob Lopez,P,Left,Left,2023-08-14,139,TB,2024-11-10
678545,Osleivis Basabe,SS,Right,Right,2023-08-13,139,TB,2024-11-10
663556,Shane McClanahan,P,Left,Left,2020-10-05,139,TB,2024-11-10
692414,Yoniel Curet,P,Right,Right,,139,TB,2024-11-10
679693,Carson Coleman,P,Right,Right,,140,TEX,2024-11-10
642016,Daniel Robert,P,Left,Right,2024-07-10,140,TEX,2024-11-10
692030,Jose Corniell,P,Right,Right,,140,TEX,2024-11-10
687847,Marc Church,P,Right,Right,2024-09-28,140,TEX,2024-11-10
669391,Owen White,P,Right,Right,2023-06-13,140,TEX,2024-11-10
669087,Sam Huff,C,Right,Right,2020-09-11,140,TEX,2024-11-10
671936,Adam Macko,P,Left,Left,,141,TOR,2024-11-10
685126,Brandon Eisert,P,Left,Left,2024-06-17,141,TOR,2024-11-10
668470,Hagen Danner,P,Right,Right,2023-08-11,141,TOR,2024-11-10
814005,Jake Bloss,P,Right,Right,2024-06-21,141,TOR,2024-11-10
695596,Nick Raposo,C,Right,Right,,141,TOR,2024-11-10
682619,Orelvis Martinez,2B,Right,Right,2024-06-21,141,TOR,2024-11-10
687396,Brent Headrick,P,Left,Left,2023-04-19,142,MIN,2024-11-10
680577,DaShawn Keirsey Jr.,CF,Left,Left,2024-09-05,142,MIN,2024-11-10
691181,Emmanuel Rodriguez,CF,Left,Left,,142,MIN,2024-11-10
665856,Jair Camargo,C,Right,Right,2024-04-16,142,MIN,2024-11-10
683764,Matt Canterino,P,Right,Right,,142,MIN,2024-11-10
680737,Michael Helman,CF,Right,Right,2024-09-03,142,MIN,2024-11-10
678692,Ronny Henriquez,P,Right,Right,2022-09-19,142,MIN,2024-11-10
660604,Alan Rangel,P,Right,Right,2025-06-06,143,PHI,2024-11-10
671083,Buddy Kennedy,1B,Right,Right,2022-06-17,143,PHI,2024-11-10
682967,Devin Sweet,P,Switch,Right,2023-07-19,143,PHI,2024-11-10
686751,Seth Johnson,P,Right,Right,2024-09-08,143,PHI,2024-11-10
700363,AJ Smith-Shawver,P,Right,Right,2023-06-04,144,ATL,2024-11-10
642216,Allan Winans,P,Right,Right,2023-07-22,144,ATL,2024-11-10
622780,Angel Perdomo,P,Left,Left,2020-08-18,144,ATL,2024-11-10
682445,Domingo Gonzalez,P,Right,Right,,144,ATL,2024-11-10
689266,Dylan Dodd,P,Left,Left,2023-04-04,144,ATL,2024-11-10
660623,Huascar Ynoa,P,Right,Right,2019-06-16,144,ATL,2024-11-10
694462,Hurston Waldrep,P,Right,Right,2024-06-09,144,ATL,2024-11-10
666120,Ian Anderson,P,Right,Right,2020-08-26,144,ATL,2024-11-10
683690,Royber Salinas,P,Right,Right,,144,ATL,2024-11-10
669947,Jesse Scholtens,P,Right,Right,2023-04-07,145,CWS,2024-11-10
680897,Nick Nastrini,P,Right,Right,2024-04-15,145,CWS,2024-11-10
693049,Oscar Colás,RF,Left,Left,2023-03-30,145,CWS,2024-11-10
682171,Penn Murfee,P,Right,Right,2022-04-29,145,CWS,2024-11-10
676760,Ron Marinaccio,P,Right,Right,2022-04-09,145,CWS,2024-11-10
671111,Sammy Peralta,P,Left,Left,2023-05-04,145,CWS,2024-11-10
682663,Agustín Ramírez,C,Right,Right,2025-04-21,146,MIA,2024-11-10
685005,Christian Roa,P,Right,Right,,146,MIA,2024-11-10
691587,Eury Pérez,P,Right,Right,2023-05-12,146,MIA,2024-11-10
678215,Luarbert Arias,P,Right,Right,2025-03-31,146,MIA,2024-11-10
645261,Sandy Alcantara,P,Right,Right,2017-09-03,146,MIA,2024-11-10
683748,Victor Mesa Jr.,CF,Left,Left,2025-05-26,146,MIA,2024-11-10
677592,Everson Pereira,CF,Right,Right,2023-08-22,147,NYY,2024-11-10
641555,J.C. Escarra,C,Left,Right,2025-03-29,147,NYY,2024-11-10
664141,JT Brubaker,P,Right,Right,2020-07-26,147,NYY,2024-11-10
678391,Jorbit Vivas,2B,Left,Right,2025-05-02,147,NYY,2024-11-10
672724,Oswald Peraza,3B,Right,Right,2022-09-02,147,NYY,2024-11-10
701542,Will Warren,P,Right,Right,2024-07-30,147,NYY,2024-11-10
660787,Yerry De los Santos,P,Right,Right,2022-05-25,147,NYY,2024-11-10
672782,Yoendrys Gómez,P,Right,Right,2023-09-28,147,NYY,2024-11-10
605540,Brandon Woodruff,P,Left,Right,2017-08-04,158,MIL,2024-11-10
676551,Brewer Hicklen,CF,Right,Right,2022-05-26,158,MIL,2024-11-10
692230,Carlos Rodriguez,P,Right,Right,2024-06-11,158,MIL,2024-11-10
656266,J.B. Bukauskas,P,Right,Right,2021-04-20,158,MIL,2024-11-10
691620,Jeferson Quero,C,Right,Right,,158,MIL,2024-11-10
664079,Tyler Jay,P,Left,Left,2024-04-11,158,MIL,2024-11-10
681962,Vinny Capra,3B,Right,Right,2022-05-01,158,MIL,2024-11-10
669326,Bryce Teodosio,CF,Right,Left,2024-09-07,108,LAA,2024-11-10
702674,Caden Dana,P,Left,Right,2024-09-01,108,LAA,2024-11-10
680983,Kelvin Cáceres,P,Right,Right,2023-09-27,108,LAA,2024-11-10
596112,Robert Stephenson,P,Right,Right,2016-04-07,108,LAA,2024-11-10
691951,Sam Aldegheri,P,Left,Left,2024-08-30,108,LAA,2024-11-10
696147,Sam Bachman,P,Right,Right,2023-05-26,108,LAA,2024-11-10
664068,Scott Kingery,2B,Right,Right,2018-03-30,108,LAA,2024-11-10
682989,Victor Mederos,P,Right,Right,2023-06-30,108,LAA,2024-11-10
686796,Blake Walston,P,Left,Left,2024-05-01,109,AZ,2024-11-10
691441,Cristian Mena,P,Right,Right,2024-07-03,109,AZ,2024-11-10
686753,Drey Jameson,P,Right,Right,2022-09-15,109,AZ,2024-11-10
691783,Jordan Lawlar,2B,Right,Right,2023-09-07,109,AZ,2024-11-10
678489,Jorge Barrosa,CF,Switch,Left,2024-04-01,109,AZ,2024-11-10
700270,Yilber Díaz,P,Right,Right,2024-07-08,109,AZ,2024-11-10
675448,Blake Hunt,C,Right,Right,,110,BAL,2024-11-10
694646,Chayce McDermott,P,Left,Right,2024-07-24,110,BAL,2024-11-10
681882,Colin Selby,P,Right,Right,2023-08-09,110,BAL,2024-11-10
642585,Félix Bautista,P,Right,Right,2022-04-10,110,BAL,2024-11-10
670869,Livan Soto,SS,Left,Right,2022-09-17,110,BAL,2024-11-10
593574,Luis González,P,Left,Left,,110,BAL,2024-11-10
663658,Thaddeus Ward,P,Right,Right,2023-04-01,110,BAL,2024-11-10
667356,Bryan Mata,P,Right,Right,,111,BOS,2024-11-10
669684,Chris Murphy,P,Left,Left,2023-06-07,111,BOS,2024-11-10
521230,Liam Hendriks,P,Right,Right,2011-09-06,111,BOS,2024-11-10
608337,Lucas Giolito,P,Right,Right,2016-06-28,111,BOS,2024-11-10
691384,Luis Perales,P,Right,Right,,111,BOS,2024-11-10
682790,Wikelman González,P,Right,Right,2025-06-20,111,BOS,2024-11-10
672744,Alexander Canario,LF,Right,Right,2023-09-06,112,CHC,2024-11-10
680695,Brennen Davis,CF,Right,Right,,112,CHC,2024-11-10
668970,Gavin Hollowell,P,Right,Right,2022-09-19,112,CHC,2024-11-10
680891,Jack Neely,P,Right,Right,2024-08-21,112,CHC,2024-11-10
670223,Matt Mervis,1B,Left,Right,2023-05-05,112,CHC,2024-11-10
683522,Michael Arias,P,Right,Right,,112,CHC,2024-11-10
642239,Rob Zastryzny,P,Right,Left,2016-08-19,112,CHC,2024-11-10
622259,Trey Wingenter,P,Right,Right,2018-08-07,112,CHC,2024-11-10
682227,Brandon Williamson,P,Right,Left,2023-05-16,113,CIN,2024-11-10
668984,Casey Legumina,P,Right,Right,2023-04-15,113,CIN,2024-11-10
683175,Connor Phillips,P,Right,Right,2023-09-05,113,CIN,2024-11-10
686894,Joey Wiemer,LF,Right,Right,2023-04-01,113,CIN,2024-11-10
687924,Julian Aguiar,P,Left,Right,2024-08-19,113,CIN,2024-11-10
680689,Lyon Richardson,P,Switch,Right,2023-08-06,113,CIN,2024-11-10
687362,Connor Gillispie,P,Right,Right,2024-08-04,114,CLE,2024-11-10
682982,Daniel Espino,P,Right,Right,,114,CLE,2024-11-10
671655,George Valera,RF,Left,Left,,114,CLE,2024-11-10
671286,Johnathan Rodríguez,RF,Right,Right,2024-05-21,114,CLE,2024-11-10
682877,Juan Brito,SS,Switch,Right,,114,CLE,2024-11-10
663986,Trevor Stephan,P,Right,Right,2021-04-03,114,CLE,2024-11-10
687145,Evan Justice,P,Left,Left,2023-08-26,115,COL,2024-11-10
608566,Germán Márquez,P,Right,Right,2016-09-08,115,COL,2024-11-10
675659,Greg Jones,RF,Switch,Right,2024-06-06,115,COL,2024-11-10
623474,Jimmy Herget,P,Right,Right,2019-07-07,115,COL,2024-11-10
675848,Juan Mejia,P,Right,Right,2025-04-24,115,COL,2024-11-10
656458,Lucas Gilbreath,P,Left,Left,2021-05-01,115,COL,2024-11-10
692585,Yanquiel Fernández,RF,Left,Left,2025-07-02,115,COL,2024-11-10
686839,Brendan White,P,Right,Right,2023-06-14,116,DET,2024-11-10
678760,Eddys Leonard,SS,Right,Right,,116,DET,2024-11-10
669438,Mason Englert,P,Switch,Right,2023-03-30,116,DET,2024-11-10
676568,Ricky Vanasco,P,Right,Right,2024-04-15,116,DET,2024-11-10
687830,Sawyer Gipson-Long,P,Right,Right,2023-09-10,116,DET,2024-11-10
695865,Wilmer Flores,P,Right,Right,,116,DET,2024-11-10
656986,Bennett Sousa,P,Left,Left,2022-04-08,117,HOU,2024-11-10
666215,Forrest Whitley,P,Right,Right,2024-04-16,117,HOU,2024-11-10
685744,Kenedy Corona,CF,Right,Right,,117,HOU,2024-11-10
621121,Lance McCullers Jr.,P,Left,Right,2015-05-18,117,HOU,2024-11-10
677651,Luis Garcia,P,Right,Right,2020-09-04,117,HOU,2024-11-10
663321,Nick Hernandez,P,Right,Right,2023-09-12,117,HOU,2024-11-10
687473,Ryan Gusto,P,Right,Right,2025-03-31,117,HOU,2024-11-10
666211,Taylor Trammell,LF,Left,Left,2021-04-01,117,HOU,2024-11-10
671221,Drew Waters,LF,Switch,Right,2022-08-22,118,KC,2024-11-10
681895,Evan Sisk,P,Left,Left,2025-04-15,118,KC,2024-11-10
680742,Jonathan Bowlan,P,Right,Right,2023-09-27,118,KC,2024-11-10
657140,Kyle Wright,P,Right,Right,2018-09-04,118,KC,2024-11-10
668472,Nick Pratto,1B,Left,Left,2022-07-14,118,KC,2024-11-10
674444,Steven Cruz,P,Right,Right,2023-08-29,118,KC,2024-11-10
694355,Tyler Gentry,RF,Right,Right,2024-08-25,118,KC,2024-11-10
660813,Brusdar Graterol,P,Right,Right,2019-09-01,119,LAD,2024-11-10
682616,Diego Cartaya,C,Right,Right,,119,LAD,2024-11-10
669160,Dustin May,P,Right,Right,2019-08-02,119,LAD,2024-11-10
686218,Emmet Sheehan,P,Right,Right,2023-06-16,119,LAD,2024-11-10
676439,Hunter Feduccia,1B,Left,Right,2024-07-31,119,LAD,2024-11-10
680736,Justin Wrobleski,P,Left,Left,2024-07-07,119,LAD,2024-11-10
693308,Nick Frasso,P,Right,Right,,119,LAD,2024-11-10
689981,River Ryan,P,Right,Right,2024-07-22,119,LAD,2024-11-10
664062,Tony Gonsolin,P,Right,Right,2019-06-26,119,LAD,2024-11-10
686294,Amos Willingham,P,Right,Right,2023-06-28,120,WSH,2024-11-10
665953,Andrés Chaparro,1B,Right,Right,2024-08-13,120,WSH,2024-11-10
676917,Cade Cavalli,P,Right,Right,2022-08-26,120,WSH,2024-11-10
669371,Cole Henry,P,Right,Right,2025-04-13,120,WSH,2024-11-10
671131,Jackson Rutledge,P,Right,Right,2023-09-13,120,WSH,2024-11-10
672851,Joan Adon,P,Right,Right,2021-10-03,120,WSH,2024-11-10
666168,Mason Thompson,P,Right,Right,2021-06-22,120,WSH,2024-11-10
687377,Orlando Ribalta,P,Right,Right,2024-08-13,120,WSH,2024-11-10
694350,Zach Brzykcy,P,Right,Right,2024-09-01,120,WSH,2024-11-10
691267,Alex Ramírez,CF,Right,Right,,121,NYM,2024-11-10
592229,Dylan Covey,P,Right,Right,2017-04-14,121,NYM,2024-11-10
679358,Eric Orze,P,Right,Right,2024-07-08,121,NYM,2024-11-10
701643,Grant Hartwig,P,Right,Right,2023-06-19,121,NYM,2024-11-10
643361,Kevin Herget,P,Left,Right,2022-09-13,121,NYM,2024-11-10
673540,Kodai Senga,P,Left,Right,2023-04-02,121,NYM,2024-11-10
668820,Max Kranick,P,Right,Right,2021-06-27,121,NYM,2024-11-10
677595,Ronny Mauricio,3B,Switch,Right,2023-09-01,121,NYM,2024-11-10
676604,Tyler Zuber,P,Right,Right,2020-07-24,121,NYM,2024-11-10
672016,Denzel Clarke,CF,Right,Right,2025-05-23,133,ATH,2024-12-25
680684,Gunnar Hoglund,P,Left,Right,2025-05-02,133,ATH,2024-12-25
668716,Noah Murdock,P,Right,Right,2025-03-29,133,ATH,2024-12-25
680743,Ryan Cusick,P,Right,Right,,133,ATH,2024-12-25
692013,Henry Baez,P,Right,Right,,135,SD,2024-12-25
693725,Juan Nuñez,P,Right,Right,,135,SD,2024-12-25
678316,Omar Cruz,P,Left,Left,2025-04-01,135,SD,2024-12-25
686701,Ryan Bergert,P,Right,Right,2025-04-26,135,SD,2024-12-25
685068,Carson Ragsdale,P,Right,Right,,137,SF,2024-12-25
693313,Carson Seymour,P,Right,Right,2025-06-29,137,SF,2024-12-25
689288,Matt Koperniak,LF,Left,Right,,138,STL,2024-12-25
694335,Matt Svanson,P,Right,Right,2025-04-17,138,STL,2024-12-25
694358,Tekoah Roby,P,Right,Right,,138,STL,2024-12-25
693311,Tink Hence,P,Right,Right,,138,STL,2024-12-25
693855,Ian Seymour,P,Left,Left,2025-06-09,139,TB,2024-12-25
663968,Jake Mangum,LF,Switch,Left,2025-03-30,139,TB,2024-12-25
697812,Joe Rock,P,Left,Left,2025-06-28,139,TB,2024-12-25
678024,Mike Vasil,P,Left,Right,2025-03-31,139,TB,2024-12-25
681320,Nate Lavender,P,Left,Left,,139,TB,2024-12-25
693713,Emiliano Teodo,P,Right,Right,,140,TEX,2024-12-25
681168,Luis Curvelo,P,Right,Right,,140,TEX,2024-12-25
692437,Winston Santos,P,Right,Right,,140,TEX,2024-12-25
682785,Angel Bastardo,P,Right,Right,,141,TOR,2024-12-25
677020,Josh Walker,P,Left,Left,2023-05-16,141,TOR,2024-12-25
682769,Eiberson Castellano,P,Right,Right,,142,MIN,2024-12-25
694397,Marco Raya,P,Right,Right,,142,MIN,2024-12-25
701519,Travis Adams,P,Right,Right,,142,MIN,2024-12-25
691893,Jean Cabrera,P,Right,Right,,143,PHI,2024-12-25
690953,Mick Abel,P,Right,Right,2025-05-18,143,PHI,2024-12-25
691330,Moisés Chace,P,Right,Right,,143,PHI,2024-12-25
666768,Anderson Pilar,P,Right,Right,,144,ATL,2024-12-25
677578,Carlos Rodríguez,RF,Left,Left,,144,ATL,2024-12-25
691548,Rolddy Muñoz,P,Right,Right,,144,ATL,2024-12-25
695657,Colson Montgomery,SS,Left,Right,,145,CWS,2024-12-25
683636,Juan Carela,P,Right,Right,,145,CWS,2024-12-25
681343,Shane Smith,P,Right,Right,2025-04-01,145,CWS,2024-12-25
690978,Dax Fulton,P,Left,Left,,146,MIA,2024-12-25
691277,Deyvison De Los Santos,3B,Right,Right,,146,MIA,2024-12-25
691858,Jared Serna,SS,Right,Right,,146,MIA,2024-12-25
689414,Liam Hicks,C,Left,Right,2025-03-28,146,MIA,2024-12-25
691185,Maximo Acosta,SS,Right,Right,,146,MIA,2024-12-25
683679,Jesus Rodriguez,C,Right,Right,,147,NYY,2024-12-25
702332,Caleb Durbin,3B,Right,Right,2025-04-18,158,MIL,2024-12-25
694477,Chad Patrick,P,Right,Right,2025-03-29,158,MIL,2024-12-25
671162,Connor Thomas,P,Left,Left,2025-03-29,158,MIL,2024-12-25
664991,Grant Wolfram,P,Left,Left,2025-04-26,158,MIL,2024-12-25
701656,Logan Henderson,P,Right,Right,2025-04-20,158,MIL,2024-12-25
680729,Garrett McDaniels,P,Left,Left,2025-03-31,108,LAA,2024-12-25
669081,Jack Dashwood,P,Left,Left,,108,LAA,2024-12-25
683090,Matthew Lugo,CF,Right,Right,2025-05-09,108,LAA,2024-12-25
692544,Joe Elbis,P,Right,Right,,109,AZ,2024-12-25
694374,Tim Tawa,2B,Right,Right,2025-04-05,109,AZ,2024-12-25
687064,Brandon Young,P,Right,Right,2025-04-19,110,BAL,2024-12-25
669704,Kade Strowd,P,Right,Right,2025-05-18,110,BAL,2024-12-25
608372,Tomoyuki Sugano,P,Right,Right,2025-03-30,110,BAL,2024-12-25
690928,Hunter Dobbins,P,Right,Right,2025-04-06,111,BOS,2024-12-25
691373,Jhostynxon Garcia,CF,Right,Right,,111,BOS,2024-12-25
701496,Ben Cowles,3B,Right,Right,,112,CHC,2024-12-25
669398,Gage Workman,3B,Left,Right,2025-03-29,112,CHC,2024-12-25
683357,Owen Caissie,RF,Left,Right,,112,CHC,2024-12-25
688682,Cooper Bowman,2B,Right,Right,,113,CIN,2024-12-25
682825,Luis Mey,P,Right,Right,2025-05-01,113,CIN,2024-12-25
682997,Tyler Callihan,LF,Left,Right,2025-04-30,113,CIN,2024-12-25
680951,Doug Nikhazy,P,Left,Left,2025-04-26,114,CLE,2024-12-25
680916,Franco Aleman,P,Right,Right,,114,CLE,2024-12-25
663671,Nic Enright,P,Right,Right,2025-05-25,114,CLE,2024-12-25
690984,Petey Halpin,CF,Left,Right,,114,CLE,2024-12-25
691728,Zac Veen,RF,Left,Right,2025-04-08,115,COL,2024-12-25
695445,Chase Lee,P,Right,Right,2025-04-22,116,DET,2024-12-25
694331,Tyler Mattison,P,Right,Right,,116,DET,2024-12-25
687074,Tyler Owens,P,Right,Right,2025-05-01,116,DET,2024-12-25
676467,Colton Gordon,P,Left,Left,2025-05-14,117,HOU,2024-12-25
672021,Eric Cerantola,P,Right,Right,,118,KC,2024-12-25
679883,Luinder Avila,P,Right,Right,,118,KC,2024-12-25
702070,Noah Cameron,P,Left,Left,2025-04-30,118,KC,2024-12-25
676263,Jack Dreyer,P,Right,Left,2025-03-19,119,LAD,2024-12-25
691251,Andry Lara,P,Right,Right,2025-07-02,120,WSH,2024-12-25
682126,Evan Reifert,P,Right,Right,,120,WSH,2024-12-25
690987,Robert Hassell III,CF,Left,Left,2025-05-22,120,WSH,2024-12-25
676724,Jared Young,LF,Left,Right,2022-09-16,121,NYM,2024-12-25
663795,Justin Hagenman,P,Right,Right,2025-04-16,121,NYM,2024-12-25
665660,Elvis Alvarado,P,Right,Right,2025-05-09,133,ATH,2025-02-08
660730,Elvin Rodriguez,P,Right,Right,2022-04-10,158,MIL,2025-02-08
808975,Hyeseong Kim,2B,Left,Right,2025-05-03,119,LAD,2025-02-08
829272,Shinnosuke Ogasawara,P,Left,Left,,120,WSH,2025-02-08
606996,Kyle Hart,P,Left,Left,2020-08-13,135,SD,2025-03-25
642152,Lou Trivino,P,Right,Right,2018-04-17,137,SF,2025-03-25
686948,Drake Baldwin,C,Left,Right,2025-03-27,144,ATL,2025-03-25
696270,Ryan Johnson,P,Switch,Right,2025-03-27,108,LAA,2025-03-25
807713,Matt Shaw,3B,Right,Right,2025-03-18,112,CHC,2025-03-25
808963,Roki Sasaki,P,Right,Right,2025-03-19,119,LAD,2025-03-25
701762,Nick Kurtz,1B,Left,Left,2025-04-23,133,ATH,2025-05-09
685301,Matt Gorski,1B,Right,Right,2025-04-24,134,PIT,2025-05-09
810938,Ben Williamson,3B,Right,Right,2025-04-15,136,SEA,2025-05-09
688138,Logan Evans,P,Right,Right,2025-04-27,136,SEA,2025-05-09
683766,Christian Koss,2B,Right,Right,2025-04-01,137,SF,2025-05-09
676480,Jose Barrero,SS,Right,Right,2020-08-27,138,STL,2025-05-09
650968,Yohel Pozo,C,Right,Right,2021-08-13,138,STL,2025-05-09
802415,Chandler Simpson,CF,Left,Right,2025-04-19,139,TB,2025-05-09
657756,Connor Seabold,P,Right,Right,2021-09-11,139,TB,2025-05-09
688760,Blaine Crim,1B,Right,Right,2025-05-02,140,TEX,2025-05-09
676961,Caleb Boushley,P,Right,Right,2023-09-29,140,TEX,2025-05-09
680755,Braydon Fisher,P,Right,Right,2025-05-11,141,TOR,2025-05-09
641778,Eric Lauer,P,Right,Left,2018-04-24,141,TOR,2025-05-09
689254,Mason Fluharty,P,Right,Left,2025-04-01,141,TOR,2025-05-09
664702,Myles Straw,CF,Right,Right,2018-09-15,141,TOR,2025-05-09
673965,Caleb Freeman,P,Right,Right,2025-05-05,145,CWS,2025-05-09
805367,Chase Meidroth,SS,Right,Right,2025-04-11,145,CWS,2025-05-09
700337,Edgar Quero,C,Switch,Right,2025-04-17,145,CWS,2025-05-09
665155,Nick Maton,1B,Left,Right,2021-04-19,145,CWS,2025-05-09
806188,Cade Gibson,P,Left,Left,2025-04-20,146,MIA,2025-05-09
682927,Ronny Simon,2B,Switch,Right,2025-04-21,146,MIA,2025-05-09
820862,José Fermin,P,Right,Right,2025-04-26,108,LAA,2025-05-09
620454,José Castillo,P,Left,Left,2018-06-02,109,AZ,2025-05-09
666661,Juan Morillo,P,Right,Right,2025-04-19,109,AZ,2025-05-09
668974,Maverick Handley,C,Right,Right,2025-04-29,110,BAL,2025-05-09
692225,Kristian Campbell,2B,Right,Right,2025-03-27,111,BOS,2025-05-09
519141,Drew Pomeranz,P,Right,Left,2011-09-11,112,CHC,2025-05-09
695534,Chase Petty,P,Right,Right,2025-04-30,113,CIN,2025-05-09
680574,Matt McLain,2B,Right,Right,2023-05-15,113,CIN,2025-05-09
669717,Will Wilson,3B,Right,Right,2025-04-23,114,CLE,2025-05-09
801403,Chase Dollander,P,Right,Right,2025-04-06,115,COL,2025-05-09
688642,Zach Agnos,P,Right,Right,2025-04-20,115,COL,2025-05-09
701358,Cam Smith,RF,Right,Right,2025-03-27,117,HOU,2025-05-09
701121,Logan VanWey,P,Right,Right,2025-04-11,117,HOU,2025-05-09
664199,Taylor Clarke,P,Right,Right,2019-04-20,118,KC,2025-05-09
695418,Brad Lord,P,Right,Right,2025-03-30,120,WSH,2025-05-09
678022,Jack Perkins,P,Right,Right,2025-06-22,133,ATH,2025-06-23
691777,Max Muncy,3B,Right,Right,2025-03-27,133,ATH,2025-06-23
680862,Willie MacIver,C,Right,Right,2025-05-25,133,ATH,2025-06-23
688158,David Morgan,P,Right,Right,2025-05-26,135,SD,2025-06-23
670092,Trenton Brooks,LF,Left,Left,2024-05-28,135,SD,2025-06-23
702284,Cole Young,2B,Left,Right,2025-05-31,136,SEA,2025-06-23
669288,Daniel Johnson,CF,Left,Left,2020-07-25,137,SF,2025-06-23
664192,Joey Lucchesi,P,Left,Left,2018-03-30,137,SF,2025-06-23
801434,Paul Gervase,P,Right,Right,2025-06-21,139,TB,2025-06-23
696030,Alejandro Osuna,LF,Left,Left,2025-05-25,140,TEX,2025-06-23
702176,Alan Roden,LF,Left,Right,2025-03-27,141,TOR,2025-06-23
687606,Paxton Schultz,P,Left,Right,2025-04-20,141,TOR,2025-06-23
805249,Otto Kemp,1B,Right,Right,2025-06-07,143,PHI,2025-06-23
680735,Austin Cox,P,Left,Left,2023-05-04,144,ATL,2025-06-23
800311,Didier Fuentes,P,Right,Right,2025-06-20,144,ATL,2025-06-23
656186,Dan Altavilla,P,Right,Right,2016-08-27,145,CWS,2025-06-23
691799,Grant Taylor,P,Right,Right,2025-06-10,145,CWS,2025-06-23
691019,Kyle Teel,C,Left,Right,2025-06-06,145,CWS,2025-06-23
681715,Heriberto Hernandez,LF,Right,Right,2025-05-30,146,MIA,2025-06-23
676466,Jack Winkler,2B,Right,Right,2025-05-31,146,MIA,2025-06-23
676083,Janson Junk,P,Right,Right,2021-09-05,146,MIA,2025-06-23
681006,Josh Simpson,P,Left,Left,2025-06-21,146,MIA,2025-06-23
694819,Jacob Misiorowski,P,Right,Right,2025-06-12,158,MIL,2025-06-23
695681,Christian Moore,2B,Right,Right,2025-06-13,108,LAA,2025-06-23
543101,Anthony DeSclafani,P,Right,Right,2014-05-14,109,AZ,2025-06-23
679775,Kyle Backhus,P,Left,Left,2025-06-08,109,AZ,2025-06-23
682274,Yaramil Hiraldo,P,Right,Right,2025-05-27,110,BAL,2025-06-23
691785,Marcelo Mayer,3B,Left,Right,2025-05-24,111,BOS,2025-06-23
681987,Nate Eaton,3B,Right,Right,2022-07-14,111,BOS,2025-06-23
701350,Roman Anthony,RF,Left,Right,2025-06-09,111,BOS,2025-06-23
690990,Cade Horton,P,Right,Right,2025-05-10,112,CHC,2025-06-23
605242,Michael Fulmer,P,Right,Right,2016-04-29,112,CHC,2025-06-23
690924,Braxton Fulford,C,Right,Right,2025-04-16,115,COL,2025-06-23
690022,Ryan Ritter,SS,Right,Right,2025-06-06,115,COL,2025-06-23
669020,Ryan Rolison,P,Right,Left,2025-05-13,115,COL,2025-06-23
681916,Dylan Smith,P,Right,Right,2025-06-02,116,DET,2025-06-23
657424,Matt Gage,P,Left,Left,2022-06-06,116,DET,2025-06-23
687888,Brandon Walter,P,Left,Left,2023-06-22,117,HOU,2025-06-23
695506,Jac Caglianone,RF,Left,Left,2025-06-03,118,KC,2025-06-23
670231,John Rave,RF,Left,Left,2025-05-26,118,KC,2025-06-23
686475,Tyler Tolbert,2B,Right,Right,2025-03-31,118,KC,2025-06-23
687221,Dalton Rushing,C,Left,Right,2025-05-15,119,LAD,2025-06-23
691781,Brady House,3B,Right,Right,2025-06-16,120,WSH,2025-06-23
695734,Daylen Lile,RF,Left,Right,2025-05-23,120,WSH,2025-06-23
663584,Hayden Senger,C,Right,Right,2025-03-27,121,NYM,2025-06-23
687515,Colby Thomas,RF,Right,Right,2025-06-30,133,ATH,2025-07-03
674384,Eduarniel Núñez,P,Right,Right,2025-07-02,135,SD,2025-07-03
686228,Juan Burgos,P,Right,Right,2025-07-01,136,SEA,2025-07-03
642727,Sergio Alcántara,SS,Switch,Right,2020-09-06,137,SF,2025-07-03
641856,Billy McKinney,LF,Left,Left,2018-03-30,140,TEX,2025-07-03
677865,Justin Bruihl,P,Left,Left,2021-08-08,141,TOR,2025-07-03
678011,Anthony Seigler,2B,Switch,Switch,2025-07-02,158,MIL,2025-07-03
668834,Easton McGee,P,Right,Right,2022-10-02,158,MIL,2025-07-03
677060,Chad Stevens,SS,Right,Right,2025-07-03,108,LAA,2025-07-03
595928,John Curtiss,P,Right,Right,2017-08-25,109,AZ,2025-07-03
656686,Corbin Martin,P,Right,Right,2019-05-12,110,BAL,2025-07-03
695505,Chase Burns,P,Right,Right,2025-06-24,113,CIN,2025-07-03
680397,Sam Benschoter,P,Right,Right,,113,CIN,2025-07-03
543592,Austin Nola,C,Right,Right,2019-06-16,115,COL,2025-07-03
608650,Dietrich Enns,P,Left,Left,2017-08-10,116,DET,2025-07-03
663399,Brandon Waddell,P,Left,Left,2020-08-14,121,NYM,2025-07-03
670329,Rico Garcia,P,Right,Right,2019-08-27,121,NYM,2025-07-03
681751,Lazaro Estrada,P,Right,Right,,141,TOR,2025-07-04
682144,Jayvien Sandridge,P,Left,Left,,147,NYY,2025-07-04
669920,Jason Alexander,P,Right,Right,2022-06-01,117,HOU,2025-07-04
673820,Robinson Piña,P,Right,Right,2025-06-20,141,TOR,2025-07-05
664129,Geoff Hartlieb,P,Right,Right,2019-05-18,147,NYY,2025-07-06
663536,Tristin English,OF,Right,Right,,109,AZ,2025-07-06
642759,Julian Fernández,P,Right,Right,2021-09-05,119,LAD,2025-07-07
687478,Cam Devanney,SS,Right,Right,,118,KC,2025-07-08
692024,Alex Carrillo,P,Right,Right,2025-07-08,121,NYM,2025-07-08
836016,Michael Nieto,IF,Right,Right,,143,PHI,2025-07-08
664948,Anthony Misiewicz,P,Right,Left,2020-07-24,142,MIN,2025-07-09
686249,Nathan Wiles,P,Right,Right,2025-04-22,144,ATL,2025-07-09
671284,Tim Elko,1B,Right,Right,2025-05-10,145,CWS,2025-07-09
693645,Cam Schlittler,P,Right,Right,2025-07-09,147,NYY,2025-07-09
685314,Andrew Saalfrank,P,Left,Left,2023-09-05,109,AZ,2025-07-09
675915,David Bañuelos,C,Right,Right,2024-04-16,110,BAL,2025-07-10
683770,Will Robertson,LF,Left,Left,2025-06-15,145,CWS,2025-07-11
608665,Kendall Graveman,P,Right,Right,2014-09-05,109,AZ,2025-07-11
694728,Brice Matthews,SS,Right,Right,2025-07-11,117,HOU,2025-07-11
805373,Nacho Alvarez Jr.,SS,Right,Right,2024-07-22,144,ATL,2025-07-12
621139,Brooks Kriske,P,Right,Right,2020-07-29,112,CHC,2025-07-12
593833,Wander Suero,P,Right,Right,2018-05-01,144,ATL,2025-07-15
683227,Cody Freeman,3B,Right,Right,2025-07-18,140,TEX,2025-07-18
694851,Andrew Hoffmann,P,Right,Right,2025-05-30,118,KC,2025-07-18
805299,Brandyn Garcia,P,Left,Left,2025-07-21,136,SEA,2025-07-21
506702,Sandy León,C,Switch,Right,2012-05-14,144,ATL,2025-07-21
666126,Carlos Cortes,LF,Left,Switch,,133,ATH,2025-07-22
448179,Rich Hill,P,Left,Left,2005-06-15,118,KC,2025-07-22
663455,Konnor Pilkington,P,Left,Left,2022-04-15,120,WSH,2025-07-22
621057,Justin Garza,P,Right,Right,2021-06-27,121,NYM,2025-07-22
641386,Ben Bowden,P,Left,Left,2021-04-02,133,ATH,2025-07-23
701552,Andre Granillo,P,Right,Right,2025-06-12,138,STL,2025-07-23
663796,Coco Montes,2B,Right,Right,2023-06-11,139,TB,2025-07-23
675512,Troy Melton,P,Right,Right,2025-07-23,116,DET,2025-07-23
676206,Freddy Tarnok,P,Right,Right,2022-08-17,146,MIA,2025-07-25
669236,Jeremiah Jackson,2B,Right,Right,,110,BAL,2025-07-25
687849,Zak Kent,P,Right,Right,2025-04-23,114,CLE,2025-07-26
682653,Warming Bernabel,SS,Right,Right,2025-07-26,115,COL,2025-07-26
687931,Carson Whisenhunt,P,Left,Left,2025-07-28,137,SF,2025-07-28
684974,Craig Yoho,P,Right,Right,2025-04-21,158,MIL,2025-07-28
689200,Jacob Melton,LF,Left,Left,2025-06-01,117,HOU,2025-07-28
701487,Pierson Ohl,P,Right,Right,2025-07-29,142,MIN,2025-07-29
687859,Troy Johnston,OF,Left,Left,2025-07-29,146,MIA,2025-07-29
674175,Houston Roth,P,Right,Right,,110,BAL,2025-07-29
641672,Thomas Hatch,P,Right,Right,2020-07-26,118,KC,2025-07-29
690976,Alex Freeland,SS,Switch,Right,,119,LAD,2025-07-29
694208,Moisés Ballesteros,C,Left,Right,2025-05-13,112,CHC,2025-07-30
806960,Luis Morales,P,Right,Right,2025-08-01,133,ATH,2025-08-01
802419,Thomas Harrington,P,Right,Right,2025-04-01,134,PIT,2025-08-01
680837,Ryan Fitzgerald,3B,Left,Right,2025-05-16,142,MIN,2025-08-01
805300,Jakob Marsee,CF,Left,Left,2025-08-01,146,MIA,2025-08-01
663731,Connor Kaiser,SS,Right,Right,2023-06-19,109,AZ,2025-08-01
679631,Terrin Vavra,2B,Left,Right,2022-07-29,110,BAL,2025-08-01
687223,Carson Palmquist,P,Left,Left,2025-05-16,115,COL,2025-08-01
699911,Dugan Darnell,P,Left,Right,2025-08-01,115,COL,2025-08-01
692216,C.J. Kayfus,1B,Left,Left,2025-08-02,114,CLE,2025-08-02
680701,John Rooney,P,Right,Left,,117,HOU,2025-08-03
687589,Dom Hamel,P,Right,Right,,121,NYM,2025-08-04
676742,Cam Sanders,P,Right,Right,2025-08-05,134,PIT,2025-08-05
807712,Luke Keaschall,2B,Right,Right,2025-04-18,142,MIN,2025-08-05
805123,AJ Blubaugh,P,Right,Right,2025-04-30,117,HOU,2025-08-05
676571,PJ Poulin,P,Right,Left,2025-08-05,120,WSH,2025-08-05
543391,Casey Kelly,P,Right,Right,2012-08-27,109,AZ,2025-08-06
687551,Drew Gilbert,CF,Left,Left,2025-08-08,137,SF,2025-08-08
671976,Tristan Peters,LF,Left,Right,2025-08-08,139,TB,2025-08-08
656185,Greg Allen,CF,Switch,Right,2017-09-01,110,BAL,2025-08-08
691720,Kyle Karros,3B,Right,Right,2025-08-08,115,COL,2025-08-08
676051,Codi Heuer,P,Right,Right,2020-07-24,116,DET,2025-08-08
681909,Justin Dean,CF,Right,Right,2025-08-08,119,LAD,2025-08-08
676812,Carson McCusker,LF,Right,Right,2025-05-18,142,MIN,2025-08-09
663558,Jovani Morán,P,Left,Left,2021-09-12,111,BOS,2025-08-11
676044,Bob Seymour,1B,Left,Right,2025-08-15,139,TB,2025-08-15
687637,Dylan Beavers,RF,Left,Right,2025-08-16,110,BAL,2025-08-16
690997,Nolan McLean,P,Right,Right,2025-08-16,121,NYM,2025-08-16
701675,Nathan Church,LF,Left,Left,2025-08-17,138,STL,2025-08-17
694212,Samuel Basallo,C,Left,Right,2025-08-17,110,BAL,2025-08-17
676510,Nolan Hoffman,P,Right,Right,2025-08-18,143,PHI,2025-08-18
666659,Sauryn Lao,P,Right,Right,2025-04-22,136,SEA,2025-08-19
677943,Will Banfield,C,Right,Right,,113,CIN,2025-08-20
800048,Parker Messick,P,Left,Left,2025-08-20,114,CLE,2025-08-20
666711,Joel Peguero,P,Right,Right,2025-08-21,137,SF,2025-08-21
700246,Carson Williams,SS,Right,Right,,139,TB,2025-08-21
696149,Bubba Chandler,P,Switch,Right,2025-08-22,134,PIT,2025-08-22
687003,Brian Van Belle,P,Right,Right,,139,TB,2025-08-22
605353,Vimael Machín,SS,Left,Right,2020-07-26,110,BAL,2025-08-22
687209,Zach Maxwell,P,Right,Right,,113,CIN,2025-08-22
805427,Drew Sommers,P,Left,Left,2025-08-22,116,DET,2025-08-22
685326,McCade Brown,P,Right,Right,2025-08-24,115,COL,2025-08-24
686930,Mason Barnett,P,Right,Right,,133,ATH,2025-08-26
688497,Taylor Rashi,P,Right,Right,,109,AZ,2025-08-27
693409,César Prieto,2B,Left,Right,2025-08-29,138,STL,2025-08-29
699625,Jimmy Crooks,C,Left,Right,2025-08-29,138,STL,2025-08-29
801139,Payton Tolle,P,Left,Left,2025-08-29,111,BOS,2025-08-29
667690,C.J. Stubbs,C,Right,Right,,120,WSH,2025-08-29
804636,Jonah Tong,P,Right,Right,2025-08-29,121,NYM,2025-08-29
695670,Harry Ford,C,Right,Right,,136,SEA,2025-09-01
640459,Brian Navarreto,C,Right,Right,2020-08-23,146,MIA,2025-09-01
815083,Mitch Farris,P,Left,Left,,108,LAA,2025-09-01
701398,Sal Stewart,3B,Right,Right,2025-09-01,113,CIN,2025-09-01
695600,Carter Jensen,C,Left,Right,,118,KC,2025-09-01
674841,Andrew Alvarez,P,Left,Left,2025-09-01,120,WSH,2025-09-01
802686,Hayden Harris,P,Left,Left,2025-09-02,144,ATL,2025-09-02
665665,Reiver Sanmartin,P,Left,Left,2021-09-27,113,CIN,2025-09-02
595751,Jorge Alfaro,C,Right,Right,2016-09-12,120,WSH,2025-09-02
681151,Jayden Murray,P,Right,Right,,117,HOU,2025-09-03
669722,Logan Davidson,1B,Switch,Right,2025-05-24,108,LAA,2025-09-04
605218,Carl Edwards Jr.,P,Right,Right,2015-09-07,140,TEX,2025-09-07
687075,Brandon Sproat,P,Right,Right,2025-09-07,121,NYM,2025-09-07
675919,Nick Raquet,P,Right,Left,2025-09-08,138,STL,2025-09-08
665861,Sebastián  Rivero,C,Right,Right,2021-05-08,108,LAA,2025-09-08
813349,Connelly Early,P,Left,Left,2025-09-09,111,BOS,2025-09-09
680702,Joey Gerber,P,Right,Right,2020-08-04,139,TB,2025-09-11
689520,Cody Laweryson,P,Left,Right,,142,MIN,2025-09-12
595453,Chad Wallach,C,Right,Right,2017-08-27,108,LAA,2025-09-12
664353,José Urquidy,P,Right,Right,2019-07-02,116,DET,2025-09-12
805904,Zach Cole,CF,Left,Right,2025-09-12,117,HOU,2025-09-12
699134,Bradgley Rodriguez,P,Right,Right,2025-05-31,135,SD,2025-09-13
670183,Garrett Acton,P,Left,Right,2023-05-14,139,TB,2025-09-13
694203,Denzer Guzman,SS,Right,Right,2025-09-13,108,LAA,2025-09-13
805811,Bryce Eldridge,1B,Left,Right,2025-09-15,137,SF,2025-09-15
702056,Trey Yesavage,P,Right,Right,2025-09-15,141,TOR,2025-09-15
804668,Rafael Flores,C,Right,Right,,134,PIT,2025-09-16
672463,Rafael Lantigua,2B,Right,Right,,143,PHI,2025-09-16
666198,Carter Kieboom,3B,Right,Right,2019-04-26,108,LAA,2025-09-16
677961,Cole Wilcox,P,Right,Right,,139,TB,2025-09-17
691769,Philip Abner,P,Left,Left,,109,AZ,2025-09-18
702910,Jhancarlos Lara,P,Right,Right,,144,ATL,2025-09-19
664744,Jose Espada,P,Right,Right,2023-09-24,110,BAL,2025-09-19
669145,Bruce Zimmermann,P,Left,Left,2020-09-17,158,MIL,2025-09-20
687166,Austin Pope,P,Right,Right,,109,AZ,2025-09-21
682995,Hunter Barco,P,Left,Left,2025-09-23,134,PIT,2025-09-23
697811,Dylan Ross,P,Right,Right,,121,NYM,2025-09-27
592254,José De León,P,Right,Right,2016-09-04,111,BOS,2025-09-28
669193,Jack Little,P,Left,Right,2025-06-19,134,PIT,2025-09-29
690382,Michael Darrell-Hicks,P,Right,Right,2025-04-11,134,PIT,2025-09-29
689041,Rhylan Thomas,LF,Left,Left,2025-05-02,136,SEA,2025-09-29
694918,Blade Tidwell,P,Right,Right,2025-05-04,137,SF,2025-09-29
624513,Dom Nuñez,C,Left,Right,2019-08-13,114,CLE,2025-09-29
702752,Jonathan Pintaro,P,Right,Right,2025-06-25,121,NYM,2025-09-29
800050,Chase DeLauter,RF,Left,Left,,114,CLE,2025-09-30
691740,Daniel Susac,C,Right,Right,,137,SF,2026-03-27
666931,Jared Oliva,OF,Right,Right,2020-09-21,137,SF,2026-03-27
802139,JJ Wetherholt,SS,Left,Right,2026-03-26,138,STL,2026-03-27
690155,Matt Pushard,P,Right,Right,,138,STL,2026-03-27
691945,Carter Baumler,P,Right,Right,2026-03-26,140,TEX,2026-03-27
664074,Cody Ponce,P,Right,Right,2020-08-02,141,TOR,2026-03-27
672960,Kazuma Okamoto,3B,Right,Right,2026-03-27,141,TOR,2026-03-27
693686,Spencer Miles,P,Left,Right,,141,TOR,2026-03-27
691725,Andrew Painter,P,Right,Right,,143,PHI,2026-03-27
702222,Justin Crawford,CF,Left,Right,2026-03-26,143,PHI,2026-03-27
641743,Anthony Kay,P,Left,Left,2019-09-07,145,CWS,2026-03-27
699151,Jedixson Paez,P,Right,Right,2026-03-26,145,CWS,2026-03-27
808959,Munetaka Murakami,3B,Left,Right,2026-03-26,145,CWS,2026-03-27
685464,Cade Winquest,P,Right,Right,,147,NYY,2026-03-27
700712,Walbert Urena,P,Right,Right,2026-03-26,108,LAA,2026-03-27
689296,Anthony Nunez,P,Switch,Right,,110,BAL,2026-03-27
670245,Ryan Watson,P,Right,Right,,111,BOS,2026-03-27
683742,Jose Franco,P,Right,Right,,113,CIN,2026-03-27
688883,Peyton Pallette,P,Right,Right,2026-03-27,114,CLE,2026-03-27
681198,TJ Rumfield,1B,Left,Right,2026-03-27,115,COL,2026-03-27
623454,Drew Anderson,P,Right,Right,2017-08-01,116,DET,2026-03-27
646241,Enmanuel De Jesus,P,Left,Left,2023-09-09,116,DET,2026-03-27
805808,Kevin McGonigle,SS,Left,Right,2026-03-26,116,DET,2026-03-27
680802,Ryan Weiss,P,Right,Right,2026-03-27,117,HOU,2026-03-27
837227,Tatsuya Imai,P,Right,Right,,117,HOU,2026-03-27
656492,Foster Griffin,P,Right,Left,2020-07-27,120,WSH,2026-03-27
701807,Carson Benge,OF,Left,Right,2026-03-26,121,NYM,2026-03-27
804556,Braden Nett,P,Right,Right,,133,ATH,2025-12-18
800018,Chen Zhong-Ao Zhuang,P,Right,Right,,133,ATH,2025-12-18
678577,Junior Perez,CF,Right,Right,,133,ATH,2025-12-18
699008,Antwone Kelly,P,Right,Right,,134,PIT,2025-12-18
684049,Brandan Bidois,P,Right,Right,,134,PIT,2025-12-18
699013,Esmerlyn Valdez,OF,Right,Right,,134,PIT,2025-12-18
687394,Jack Brannigan,SS,Right,Right,,134,PIT,2025-12-18
689877,Ryan Harbin,P,Right,Right,,134,PIT,2025-12-18
696062,Wilber Dotel,P,Right,Right,,134,PIT,2025-12-18
670897,Daison Acosta,P,Right,Right,,135,SD,2025-12-18
678184,Garrett Hawkins,P,Right,Right,,135,SD,2025-12-18
700280,Miguel Mendez,P,Right,Right,,135,SD,2025-12-18
695380,Alex Hoppe,P,Right,Right,,136,SEA,2025-12-18
673662,Robinson Ortiz,P,Left,Left,,136,SEA,2025-12-18
663494,Bryan Torres,OF,Left,Right,,138,STL,2025-12-18
802408,Brycen Mautz,P,Left,Left,,138,STL,2025-12-18
687309,Cooper Hjerpe,P,Left,Left,,138,STL,2025-12-18
695491,Joshua Báez,RF,Right,Right,,138,STL,2025-12-18
699024,Leo Bernal,C,Switch,Right,,138,STL,2025-12-18
702047,Alex Cook,P,Right,Right,,139,TB,2025-12-18
681371,Dom Keegan,C,Right,Right,,139,TB,2025-12-18
699130,Jadher Areinamo,2B,Right,Right,,139,TB,2025-12-18
694673,Abimelec Ortiz,1B,Left,Left,,140,TEX,2025-12-18
699314,David Davalillo,P,Right,Right,,140,TEX,2025-12-18
699214,Leandro Lopez,P,Right,Right,,140,TEX,2025-12-18
678218,Brandon Valenzuela,C,Switch,Right,,141,TOR,2025-12-18
694357,Ricky Tiedemann,P,Left,Left,,141,TOR,2025-12-18
702193,Andrew Morris,P,Right,Right,,142,MIN,2025-12-18
687570,Connor Prielipp,P,Left,Left,,142,MIN,2025-12-18
694224,Gabriel Gonzalez,RF,Right,Right,,142,MIN,2025-12-18
694230,Hendry Mendez,OF,Left,Left,,142,MIN,2025-12-18
804619,John Klein,P,Right,Right,,142,MIN,2025-12-18
696070,Kendry Rojas,P,Left,Left,,142,MIN,2025-12-18
686934,Alex McFarlane,P,Right,Right,,143,PHI,2025-12-18
687282,Gabriel Rincones Jr.,RF,Left,Right,,143,PHI,2025-12-18
685112,Zach McCambley,P,Left,Right,,143,PHI,2025-12-18
693739,Alexander Alberto,P,Right,Right,,145,CWS,2025-12-18
701474,Duncan Davitt,P,Right,Right,,145,CWS,2025-12-18
701780,Tanner McDougal,P,Right,Right,,145,CWS,2025-12-18
695020,Tanner Murray,2B,Right,Right,,145,CWS,2025-12-18
691788,Joe Mack,C,Left,Right,,146,MIA,2025-12-18
687985,Josh White,P,Right,Right,,146,MIA,2025-12-18
687531,William Kempner,P,Right,Right,,146,MIA,2025-12-18
694633,Chase Hampton,P,Right,Right,,147,NYY,2025-12-18
695684,Elmer Rodríguez,P,Left,Right,,147,NYY,2025-12-18
665645,Kervin Castro,P,Right,Right,2021-09-07,147,NYY,2025-12-18
682987,Spencer Jones,CF,Left,Left,,147,NYY,2025-12-18
689441,Coleman Crow,P,Right,Right,,158,MIL,2025-12-18
691009,Dylan Ray,P,Right,Right,,109,AZ,2025-12-18
699912,Jose Fernandez,SS,Right,Right,,109,AZ,2025-12-18
684442,Kohl Drake,P,Left,Left,,109,AZ,2025-12-18
683352,Mitch Bratt,P,Left,Left,,109,AZ,2025-12-18
671382,Cameron Foster,P,Right,Right,,110,BAL,2025-12-18
701655,Reed Trimble,LF,Switch,Right,,110,BAL,2025-12-18
689818,David Sandlin,P,Right,Right,,111,BOS,2025-12-18
687562,Jake Bennett,P,Left,Left,,111,BOS,2025-12-18
675660,Shane Drohan,P,Left,Left,,111,BOS,2025-12-18
701719,Tyler Samaniego,P,Right,Left,,111,BOS,2025-12-18
700413,Tyler Uberstine,P,Right,Right,,111,BOS,2025-12-18
701649,James Triantos,2B,Right,Right,,112,CHC,2025-12-18
699393,Pedro Ramírez,2B,Switch,Right,,112,CHC,2025-12-18
702303,Riley Martin,P,Left,Left,,112,CHC,2025-12-18
592122,Tyler Austin,1B,Right,Right,2016-08-13,112,CHC,2025-12-18
695490,Edwin Arroyo,SS,Switch,Right,,113,CIN,2025-12-18
699302,Héctor Rodríguez,LF,Left,Right,,113,CIN,2025-12-18
699114,Leo Balcazar,SS,Right,Right,,113,CIN,2025-12-18
694197,Angel Genao,3B,Switch,Right,,114,CLE,2025-12-18
804926,Austin Peterson,P,Right,Right,,114,CLE,2025-12-18
696135,Kahlil Watson,LF,Left,Right,,114,CLE,2025-12-18
691414,Yorman Gómez,P,Right,Right,,114,CLE,2025-12-18
687312,Gabriel Hughes,P,Right,Right,,115,COL,2025-12-18
696275,RJ Petit,P,Right,Right,,115,COL,2025-12-18
694514,Sterlin Thompson,OF,Left,Right,,115,COL,2025-12-18
700327,Welinton Herrera,P,Left,Left,,115,COL,2025-12-18
680664,Eduardo Valencia,C,Right,Right,,116,DET,2025-12-18
701678,Hao-Yu  Lee,2B,Right,Right,,116,DET,2025-12-18
805725,Jake Miller,P,Left,Left,,116,DET,2025-12-18
699073,Thayron Liranzo,C,Switch,Right,,116,DET,2025-12-18
669360,Trei Cruz,CF,Switch,Right,,116,DET,2025-12-18
699044,Miguel Ullola,P,Right,Right,,117,HOU,2025-12-18
695667,Ben Kudrna,P,Right,Right,,118,KC,2025-12-18
686632,Steven Zobac,P,Left,Right,,118,KC,2025-12-18
691947,Ronan Kopp,P,Left,Left,,119,LAD,2025-12-18
669899,Ryan Ward,LF,Left,Right,,119,LAD,2025-12-18
681047,Christian Franklin,LF,Right,Right,,120,WSH,2025-12-18
676046,Griff McGarry,P,Right,Right,,120,WSH,2025-12-18
683000,Riley Cornelio,P,Right,Right,,120,WSH,2025-12-18
703492,Nick Morabito,CF,Right,Right,,121,NYM,2025-12-18
823550,Sung-Mun Song,3B,Left,Right,,135,SD,2025-12-22
592858,Rowan Wick,P,Left,Right,2018-08-31,137,SF,2026-02-13
804606,Konnor Griffin,SS,Right,Right,2026-04-03,134,PIT,2026-04-03
691946,George Klassen,P,Right,Right,2026-04-05,108,LAA,2026-04-05
669270,Joel Kuhnel,P,Right,Right,2019-08-16,133,ATH,2026-04-07
664731,P.J. Higgins,C,Right,Right,2021-05-19,113,CIN,2026-04-08
656212,Charlie Barnes,P,Left,Left,2021-07-17,112,CHC,2026-04-12
