game_id,game_date,runner_id,runner_name,pitcher_id,pitcher_name,stolen_base,caught_stealing,base,inning,half_inning,batting_team
822729,2026-05-31,701538,Jackson Merrill,641793,Zack Littell,0,1,2B,4,top,top
822730,2026-06-01,695578,James Wood,645261,Sandy Alcantara,0,1,2B,5,bottom,bottom
822733,2026-05-21,678554,Curtis Mead,656849,David Peterson,0,1,2B,2,bottom,bottom
822736,2026-05-19,695734,Daylen Lile,650960,Daniel Duarte,0,1,2B,6,bottom,bottom
822745,2026-04-23,660688,Keibert Ruiz,702275,JR Ritchie,0,1,H,2,bottom,bottom
822802,2026-06-13,691176,Jasson Domínguez,592332,Kevin Gausman,0,1,2B,3,top,top
822809,2026-05-27,666624,Christopher Morel,656546,Jeff Hoffman,0,1,3B,6,top,top
822810,2026-06-05,678218,Brandon Valenzuela,687064,Brandon Young,0,1,2B,2,bottom,bottom
822814,2026-05-23,682818,Yohendrick Piñango,681895,Evan Sisk,0,1,2B,7,bottom,bottom
822815,2026-05-13,676439,Hunter Feduccia,656302,Dylan Cease,0,1,2B,5,top,top
822824,2026-04-26,656555,Rhys Hoskins,571578,Patrick Corbin,0,1,2B,1,top,top
822829,2026-04-10,662139,Daulton Varsho,680573,Simeon Woods Richardson,0,1,3B,4,bottom,bottom
822830,2026-04-11,807712,Luke Keaschall,641778,Eric Lauer,0,1,2B,4,top,top
822834,2026-03-30,678662,Ezequiel Tovar,693686,Spencer Miles,0,1,2B,5,top,top
822915,2026-04-08,669701,Josh Smith,678606,José A. Ferrer,0,1,2B,6,bottom,bottom
822918,2026-04-06,702284,Cole Young,594798,Jacob deGrom,0,1,2B,2,top,top
822972,2026-06-08,677800,Wilyer Abreu,592155,Cam Booser,0,1,2B,6,top,top
822974,2026-06-01,805808,Kevin McGonigle,643377,Griffin Jax,0,1,2B,2,top,top
822979,2026-05-19,691406,Junior Caminero,666974,Yennier Cano,0,1,2B,7,bottom,bottom
822982,2026-05-17,656775,Cedric Mullins,663969,Tyler Phillips,0,1,2B,7,bottom,bottom
822983,2026-05-15,691406,Junior Caminero,656848,Michael Petersen,0,1,2B,6,bottom,bottom
822988,2026-05-02,666018,Jonathan Aranda,694738,Landen Roupp,0,1,2B,1,bottom,bottom
822989,2026-04-25,802415,Chandler Simpson,641927,Bailey Ober,0,1,2B,5,bottom,bottom
823000,2026-04-08,683737,Michael Busch,671212,Joe Boyle,0,1,2B,3,top,top
823065,2026-05-03,686780,Pedro Pagés,680736,Justin Wrobleski,0,1,2B,2,bottom,bottom
823070,2026-04-25,677594,Julio Rodríguez,669461,Matthew Liberatore,0,1,2B,2,top,top
823070,2026-04-25,669357,Nolan Gorman,666374,Matt Brash,0,1,2B,8,bottom,bottom
823071,2026-04-15,677587,Brayan Rocchio,669160,Dustin May,0,1,2B,2,top,top
823129,2026-06-02,702284,Cole Young,621345,A.J. Minter,0,1,3B,8,bottom,bottom
823144,2026-05-02,702284,Cole Young,607625,Seth Lugo,0,1,2B,5,bottom,bottom
823147,2026-04-22,691777,Max Muncy,669302,Logan Gilbert,0,1,2B,1,top,top
823148,2026-04-21,671732,Lawrence Butler,622491,Luis Castillo,0,1,2B,4,top,top
823152,2026-04-17,702284,Cole Young,594798,Jacob deGrom,0,1,2B,4,bottom,bottom
823157,2026-04-01,700250,Ben Rice,681867,Cooper Criswell,0,1,2B,8,top,top
823158,2026-03-31,700250,Ben Rice,669302,Logan Gilbert,0,1,2B,3,top,top
823224,2026-05-09,542303,Marcell Ozuna,676254,Ryan Walker,0,1,2B,5,top,top
823237,2026-04-06,664761,Alec Bohm,657424,Matt Gage,0,1,2B,8,top,top
823291,2026-06-07,664034,Ty France,640455,Sean Manaea,0,1,3B,5,bottom,bottom
823292,2026-06-06,664034,Ty France,690997,Nolan McLean,0,1,H,5,bottom,bottom
823297,2026-05-24,666126,Carlos Cortes,650633,Michael King,0,1,2B,2,top,top
823298,2026-05-22,680869,Zack Gelof,621111,Walker Buehler,0,1,2B,1,top,top
823301,2026-05-18,657757,Gavin Sheets,669165,Kyle Hurt,0,1,2B,8,bottom,bottom
823303,2026-05-08,701675,Nathan Church,673513,Yuki Matsui,0,1,3B,5,top,top
823309,2026-05-01,695657,Colson Montgomery,608566,Germán Márquez,0,1,2B,1,top,top
823316,2026-04-11,630105,Jake Cronenworth,663372,Ryan Feltner,0,1,2B,2,bottom,bottom
823324,2026-03-27,805808,Kevin McGonigle,670970,Adrian Morejon,0,1,2B,6,top,top
823380,2026-05-25,624424,Michael Conforto,669387,Carmen Mlodzinski,0,1,2B,5,top,top
823385,2026-05-12,650489,Willi Castro,694973,Paul Skenes,0,1,2B,5,top,top
823394,2026-04-18,810938,Ben Williamson,681895,Evan Sisk,0,1,2B,5,top,top
823395,2026-04-27,804606,Konnor Griffin,669160,Dustin May,0,1,2B,6,bottom,bottom
823458,2026-05-23,664761,Alec Bohm,542888,Shawn Armstrong,0,1,2B,7,bottom,bottom
823466,2026-05-08,650489,Willi Castro,680742,Jonathan Bowlan,0,1,2B,5,top,top
823468,2026-05-09,694025,Felix Reyes,607536,Kyle Freeland,0,1,2B,4,bottom,bottom
823480,2026-04-11,677950,Alek Thomas,592836,Taijuan Walker,0,1,2B,4,top,top
823482,2026-04-10,656941,Kyle Schwarber,647336,Michael Soroka,0,1,2B,2,bottom,bottom
823483,2026-04-01,686894,Joey Wiemer,621237,José Alvarado,0,1,2B,9,top,top
823484,2026-03-30,686894,Joey Wiemer,680742,Jonathan Bowlan,0,1,2B,6,top,top
823548,2026-05-19,669224,Austin Wells,656302,Dylan Cease,0,1,2B,4,bottom,bottom
823625,2026-05-25,543760,Marcus Semien,666157,Nick Lodolo,0,1,2B,1,bottom,bottom
823631,2026-05-13,670097,Zack Short,623211,Huascar Brazobán,0,1,2B,6,top,top
823631,2026-05-13,669004,MJ Melendez,640448,Kyle Finnegan,0,1,H,7,bottom,bottom
823634,2026-04-30,695578,James Wood,642207,Devin Williams,0,1,2B,9,top,top
823705,2026-05-18,668885,Austin Martin,681151,Jayden Murray,0,1,2B,5,bottom,bottom
823707,2026-05-15,668930,Brice Turang,657746,Joe Ryan,0,1,2B,5,top,top
823707,2026-05-15,681546,James Outman,689441,Coleman Crow,0,1,2B,5,bottom,bottom
823710,2026-05-13,677870,Leo Jiménez,680573,Simeon Woods Richardson,0,1,2B,1,top,top
823713,2026-05-01,605137,Josh Bell,571578,Patrick Corbin,0,1,2B,3,bottom,bottom
823716,2026-04-28,668227,Randy Arozarena,657746,Joe Ryan,0,1,2B,6,top,top
823718,2026-04-19,663616,Trevor Larnach,663903,Brady Singer,0,1,H,4,bottom,bottom
823729,2026-04-05,663616,Trevor Larnach,643377,Griffin Jax,0,1,2B,7,bottom,bottom
823730,2026-04-04,650490,Yandy Díaz,573124,Taylor Rogers,0,1,2B,5,top,top
823779,2026-06-04,592885,Christian Yelich,664141,JT Brubaker,0,1,2B,6,bottom,bottom
823784,2026-05-25,663368,Blake Perkins,669461,Matthew Liberatore,0,1,2B,1,bottom,bottom
823784,2026-05-25,694192,Jackson Chourio,669461,Matthew Liberatore,0,1,2B,2,bottom,bottom
823788,2026-05-22,663656,Kyle Tucker,701656,Logan Henderson,0,1,2B,1,top,top
823788,2026-05-22,683734,Andrew Vaughn,801434,Paul Gervase,0,1,2B,7,bottom,bottom
823798,2026-04-28,669003,Garrett Mitchell,518876,Merrill Kelly,0,1,2B,4,bottom,bottom
823801,2026-04-16,668930,Brice Turang,571578,Patrick Corbin,0,1,2B,3,bottom,bottom
823805,2026-04-11,696285,Jacob Young,690986,Kyle Harrison,0,1,2B,4,top,top
823857,2026-06-07,668723,Ryan Vilade,645261,Sandy Alcantara,0,1,2B,2,top,top
823857,2026-06-07,691788,Joe Mack,643377,Griffin Jax,0,1,2B,2,bottom,bottom
823858,2026-06-09,694371,Tommy Troy,676974,Max Meyer,0,1,2B,2,top,top
823863,2026-05-22,703492,Nick Morabito,656848,Michael Petersen,0,1,2B,8,top,top
823867,2026-05-18,663586,Austin Riley,676974,Max Meyer,0,1,2B,1,top,top
823869,2026-05-09,677870,Leo Jiménez,641793,Zack Littell,0,1,2B,6,bottom,bottom
823874,2026-05-04,672640,Otto Lopez,605400,Aaron Nola,0,1,2B,3,bottom,bottom
823883,2026-04-17,805300,Jakob Marsee,681982,Grant Anderson,0,1,2B,7,bottom,bottom
823885,2026-04-08,689414,Liam Hicks,594580,Sam Moll,0,1,2B,4,bottom,bottom
823886,2026-04-06,663886,Tyler Stephenson,676083,Janson Junk,0,1,2B,7,top,top
823962,2026-04-24,690976,Alex Freeland,592791,Jameson Taillon,0,1,2B,4,bottom,bottom
823966,2026-04-12,681624,Andy Pages,594798,Jacob deGrom,0,1,3B,3,bottom,bottom
823974,2026-03-26,672515,Gabriel Moreno,808967,Yoshinobu Yamamoto,0,1,2B,1,top,top
824025,2026-06-08,805672,Collin Price,691951,Sam Aldegheri,0,1,2B,10,top,top
824030,2026-05-23,624585,Jorge Soler,543135,Nathan Eovaldi,0,1,2B,3,bottom,bottom
824041,2026-05-01,543760,Marcus Semien,680704,Nick Sandlin,0,1,2B,8,top,top
824047,2026-04-19,545361,Mike Trout,650633,Michael King,0,1,2B,3,bottom,bottom
824053,2026-04-05,647304,Josh Naylor,696147,Sam Bachman,0,1,2B,9,top,top
824112,2026-05-19,680776,Jarren Duran,679883,Luinder Avila,0,1,2B,4,top,top
824118,2026-05-06,686469,Vinnie Pasquantino,676282,Joey Cantillo,0,1,2B,3,bottom,bottom
824126,2026-04-12,686469,Vinnie Pasquantino,663855,Jordan Hicks,0,1,2B,4,bottom,bottom
824131,2026-04-05,686555,Isaac Collins,672582,Angel Zerpa,0,1,2B,8,bottom,bottom
824132,2026-04-04,668930,Brice Turang,679883,Luinder Avila,0,1,2B,2,top,top
824132,2026-04-04,679845,Nick Loftin,694477,Chad Patrick,0,1,H,2,bottom,bottom
824132,2026-04-04,663604,Brandon Lockridge,679883,Luinder Avila,0,1,3B,3,top,top
824133,2026-04-02,656484,Tristan Gray,666142,Cole Ragans,0,1,2B,5,top,top
824185,2026-06-04,687462,Spencer Horwitz,595345,Steven Okert,0,1,2B,6,top,top
824204,2026-04-24,641355,Cody Bellinger,621121,Lance McCullers Jr.,0,1,2B,2,top,top
824210,2026-04-14,681198,TJ Rumfield,676467,Colton Gordon,0,1,2B,3,top,top
824214,2026-03-30,514888,Jose Altuve,670912,Johan Oviedo,0,1,2B,6,bottom,bottom
824272,2026-05-28,545361,Mike Trout,669724,Brenan Hanifee,0,1,2B,7,top,top
824278,2026-05-16,656716,Zach McKinstry,693686,Spencer Miles,0,1,2B,2,bottom,bottom
824278,2026-05-16,668670,Jake Rogers,667297,Tommy Nance,0,1,2B,7,bottom,bottom
824280,2026-05-15,682985,Riley Greene,573009,Joe Mantiply,0,1,2B,8,bottom,bottom
824286,2026-04-22,668930,Brice Turang,663554,Casey Mize,0,1,2B,5,top,top
824295,2026-04-04,656716,Zach McKinstry,669160,Dustin May,0,1,2B,1,bottom,bottom
824296,2026-04-05,802139,JJ Wetherholt,657756,Connor Seabold,0,1,2B,9,top,top
824354,2026-05-31,671289,Tyler Freeman,592662,Robbie Ray,0,1,2B,4,bottom,bottom
824365,2026-05-02,671739,Michael Harris II,801403,Chase Dollander,0,1,2B,6,top,top
824371,2026-04-19,650489,Willi Castro,676263,Jack Dreyer,0,1,2B,7,bottom,bottom
824374,2026-04-08,671289,Tyler Freeman,685005,Christian Roa,0,1,2B,5,bottom,bottom
824378,2026-04-04,678662,Ezequiel Tovar,666200,Jesús Luzardo,0,1,2B,1,bottom,bottom
824427,2026-06-08,665862,Jazz Chisholm Jr.,668909,Gavin Williams,0,1,2B,3,top,top
824434,2026-05-26,682928,CJ Abrams,676282,Joey Cantillo,0,1,2B,2,top,top
824440,2026-05-10,605137,Josh Bell,680916,Franco Aleman,0,1,2B,7,top,top
824512,2026-05-31,671739,Michael Harris II,666157,Nick Lodolo,0,1,2B,5,top,top
824517,2026-05-14,696285,Jacob Young,695505,Chase Burns,0,1,2B,4,top,top
824519,2026-05-13,696285,Jacob Young,668933,Graham Ashcraft,0,1,2B,9,top,top
824523,2026-05-09,663993,Nathaniel Lowe,681293,Spencer Arrighetti,0,1,2B,4,bottom,bottom
824529,2026-04-24,650402,Gleyber Torres,671096,Andrew Abbott,0,1,2B,4,top,top
824531,2026-04-14,701398,Sal Stewart,592662,Robbie Ray,0,1,2B,1,bottom,bottom
824535,2026-04-11,670770,TJ Friedl,608718,Brent Suter,0,1,2B,3,bottom,bottom
824540,2026-03-28,682829,Elly De La Cruz,543243,Sonny Gray,0,1,2B,4,bottom,bottom
824591,2026-06-09,671739,Michael Harris II,607200,Erick Fedde,0,1,2B,2,top,top
824592,2026-05-31,545341,Randal Grichuk,663947,Tyler Holton,0,1,2B,7,bottom,bottom
824595,2026-05-28,805367,Chase Meidroth,607455,Anthony Banda,0,1,2B,7,bottom,bottom
824602,2026-05-14,682668,Luisangel Acuña,668674,Lucas Erceg,0,1,2B,8,bottom,bottom
824606,2026-05-09,647304,Josh Naylor,641743,Anthony Kay,0,1,2B,1,top,top
824610,2026-04-28,643217,Andrew Benintendi,667755,José Soriano,0,1,2B,4,bottom,bottom
824611,2026-04-24,682668,Luisangel Acuña,571945,Miles Mikolas,0,1,2B,2,bottom,bottom
824612,2026-04-26,678554,Curtis Mead,680732,Sean Burke,0,1,2B,3,top,top
824615,2026-04-15,803011,Sam Antonacci,669438,Mason Englert,0,1,2B,8,bottom,bottom
824619,2026-04-06,624413,Pete Alonso,608371,Lucas Sims,0,1,2B,8,top,top
824674,2026-05-23,608324,Alex Bregman,678906,Kai-Wei Teng,0,1,2B,3,bottom,bottom
824674,2026-05-23,663967,César Salazar,669020,Ryan Rolison,0,1,2B,9,top,top
824675,2026-06-02,621020,Dansby Swanson,695611,Gage Jump,0,1,2B,2,bottom,bottom
824691,2026-04-19,621020,Dansby Swanson,656849,David Peterson,0,1,2B,5,bottom,bottom
824757,2026-05-28,643396,Isiah Kiner-Falefa,519242,Chris Sale,0,1,2B,5,bottom,bottom
824761,2026-05-22,686765,Nick Sogard,687570,Connor Prielipp,0,1,2B,3,bottom,bottom
824783,2026-04-06,701350,Roman Anthony,605540,Brandon Woodruff,0,1,2B,2,bottom,bottom
824828,2026-06-13,621493,Taylor Ward,681190,Randy Vásquez,0,1,2B,4,bottom,bottom
824829,2026-06-08,686527,Dominic Canzone,694346,Trey Gibson,0,1,2B,4,top,top
824834,2026-05-28,665926,Andrés Giménez,605135,Chris Bassitt,0,1,2B,2,top,top
824838,2026-05-25,691406,Junior Caminero,670329,Rico Garcia,0,1,2B,9,top,top
824844,2026-05-11,680474,Max Schuemann,689296,Anthony Nunez,0,1,2B,9,top,top
824848,2026-04-30,694728,Brice Matthews,605135,Chris Bassitt,0,1,2B,2,top,top
824851,2026-04-25,677800,Wilyer Abreu,544150,Albert Suárez,0,1,2B,4,top,top
824852,2026-04-26,680776,Jarren Duran,666974,Yennier Cano,0,1,2B,6,top,top
824864,2026-03-29,624413,Pete Alonso,607455,Anthony Banda,0,1,2B,8,bottom,bottom
824926,2026-05-14,664023,Ian Happ,519242,Chris Sale,0,1,2B,5,top,top
824995,2026-06-13,691720,Kyle Karros,643410,Mark Leiter Jr.,0,1,3B,8,top,top
825002,2026-05-29,669127,Shea Langeliers,607074,Carlos Rodón,0,1,2B,3,bottom,bottom
825009,2026-05-15,671732,Lawrence Butler,641816,Tyler Mahle,0,1,2B,4,bottom,bottom
825010,2026-05-13,686780,Pedro Pagés,669372,J.T. Ginn,0,1,2B,6,top,top
825015,2026-04-29,687231,Darell Hernaiz,608379,Michael Wacha,0,1,2B,2,bottom,bottom
825016,2026-04-30,686555,Isaac Collins,665622,Luis Medina,0,1,2B,5,top,top
825017,2026-04-28,679845,Nick Loftin,605130,Scott Barlow,0,1,3B,6,top,top
825107,2026-03-31,672515,Gabriel Moreno,663554,Casey Mize,0,1,2B,1,bottom,bottom
822725,2026-06-13,695578,James Wood,622491,Luis Castillo,1,0,2B,2,bottom,bottom
822725,2026-06-13,677588,José Tena,622491,Luis Castillo,1,0,2B,6,bottom,bottom
822725,2026-06-13,670156,Miles Mastrobuoni,695418,Brad Lord,1,0,2B,8,top,top
822726,2026-06-12,668227,Randy Arozarena,641793,Zack Littell,1,0,2B,2,top,top
822727,2026-06-03,669364,Xavier Edwards,674841,Andrew Alvarez,0,1,2B,2,top,top
822727,2026-06-03,805300,Jakob Marsee,687606,Paxton Schultz,1,0,2B,9,top,top
822728,2026-06-02,669364,Xavier Edwards,663992,Richard Lovelady,1,0,2B,2,top,top
822731,2026-05-30,657656,Ramón Laureano,695418,Brad Lord,0,1,2B,7,top,top
822732,2026-05-29,682928,CJ Abrams,608337,Lucas Giolito,1,0,2B,1,bottom,bottom
822732,2026-05-29,657656,Ramón Laureano,674841,Andrew Alvarez,1,0,2B,2,top,top
822732,2026-05-29,657656,Ramón Laureano,674841,Andrew Alvarez,1,0,2B,4,top,top
822734,2026-05-18,683083,Nasim Nuñez,668964,Tobias Myers,1,0,2B,7,bottom,bottom
822737,2026-05-16,665750,Leody Taveras,676917,Cade Cavalli,1,0,2B,2,top,top
822737,2026-05-16,683083,Nasim Nuñez,552640,Andrew Kittredge,1,0,3B,7,bottom,bottom
822737,2026-05-16,660688,Keibert Ruiz,552640,Andrew Kittredge,1,0,2B,7,bottom,bottom
822738,2026-05-17,683002,Gunnar Henderson,571945,Miles Mikolas,1,0,2B,3,top,top
822738,2026-05-17,683002,Gunnar Henderson,687606,Paxton Schultz,0,1,2B,9,top,top
822740,2026-05-06,695578,James Wood,641927,Bailey Ober,1,0,2B,4,bottom,bottom
822740,2026-05-06,695578,James Wood,641927,Bailey Ober,1,0,2B,5,bottom,bottom
822740,2026-05-06,695734,Daylen Lile,681892,Kody Funderburk,1,0,2B,7,bottom,bottom
822741,2026-05-07,678554,Curtis Mead,607455,Anthony Banda,1,0,2B,5,bottom,bottom
822742,2026-05-03,682928,CJ Abrams,701656,Logan Henderson,1,0,2B,5,bottom,bottom
822743,2026-05-05,682928,CJ Abrams,671737,Taj Bradley,1,0,2B,1,bottom,bottom
822743,2026-05-05,807712,Luke Keaschall,687606,Paxton Schultz,1,0,2B,5,top,top
822744,2026-05-01,666152,David Hamilton,663623,Jake Irvin,1,0,2B,3,top,top
822744,2026-05-01,666152,David Hamilton,687606,Paxton Schultz,1,0,2B,9,top,top
822747,2026-04-21,671277,Luis García Jr.,625643,Reynaldo López,1,0,2B,1,bottom,bottom
822747,2026-04-21,691781,Brady House,689266,Dylan Dodd,1,0,2B,5,bottom,bottom
822747,2026-04-21,683083,Nasim Nuñez,606303,Joel Payamps,1,0,2B,8,bottom,bottom
822747,2026-04-21,683083,Nasim Nuñez,606303,Joel Payamps,1,0,3B,8,bottom,bottom
822748,2026-04-22,686894,Joey Wiemer,641755,Tyler Kinley,1,0,2B,8,bottom,bottom
822749,2026-04-20,660670,Ronald Acuña Jr.,663623,Jake Irvin,0,1,2B,4,top,top
822749,2026-04-20,682928,CJ Abrams,693821,Bryce Elder,1,0,2B,6,bottom,bottom
822750,2026-04-19,683083,Nasim Nuñez,592662,Robbie Ray,1,0,2B,5,bottom,bottom
822752,2026-04-17,691740,Daniel Susac,641793,Zack Littell,0,1,2B,2,top,top
822754,2026-04-07,802139,JJ Wetherholt,676917,Cade Cavalli,1,0,2B,1,top,top
822754,2026-04-07,695336,Thomas Saggese,676917,Cade Cavalli,0,1,2B,2,top,top
822754,2026-04-07,683083,Nasim Nuñez,669461,Matthew Liberatore,1,0,2B,2,bottom,bottom
822754,2026-04-07,678554,Curtis Mead,669461,Matthew Liberatore,1,0,2B,3,bottom,bottom
822754,2026-04-07,691026,Masyn Winn,676917,Cade Cavalli,1,0,3B,4,top,top
822754,2026-04-07,682928,CJ Abrams,669461,Matthew Liberatore,1,0,2B,5,bottom,bottom
822754,2026-04-07,695578,James Wood,700669,Gordon Graceffo,1,0,2B,6,bottom,bottom
822754,2026-04-07,682928,CJ Abrams,700669,Gordon Graceffo,1,0,2B,7,bottom,bottom
822755,2026-04-06,683083,Nasim Nuñez,669467,Andre Pallante,1,0,2B,1,bottom,bottom
822756,2026-04-05,683083,Nasim Nuñez,808963,Roki Sasaki,1,0,2B,1,bottom,bottom
822756,2026-04-05,682928,CJ Abrams,808963,Roki Sasaki,1,0,2B,4,bottom,bottom
822756,2026-04-05,683083,Nasim Nuñez,676263,Jack Dreyer,1,0,2B,7,bottom,bottom
822757,2026-04-04,681624,Andy Pages,663623,Jake Irvin,1,0,2B,3,top,top
822757,2026-04-04,682928,CJ Abrams,607192,Tyler Glasnow,1,0,2B,4,bottom,bottom
822803,2026-06-12,665862,Jazz Chisholm Jr.,702056,Trey Yesavage,1,0,2B,2,top,top
822804,2026-06-10,681082,Bryson Stott,453286,Max Scherzer,1,0,2B,3,top,top
822805,2026-06-09,662139,Daulton Varsho,661395,Jhoan Duran,1,0,2B,9,bottom,bottom
822806,2026-06-08,607208,Trea Turner,571578,Patrick Corbin,1,0,2B,3,top,top
822806,2026-06-08,607208,Trea Turner,671936,Adam Macko,0,1,2B,4,top,top
822808,2026-06-06,543807,George Springer,680694,Kyle Bradish,0,1,2B,4,bottom,bottom
822811,2026-05-26,805300,Jakob Marsee,693686,Spencer Miles,1,0,2B,5,top,top
822811,2026-05-26,543807,George Springer,645261,Sandy Alcantara,1,0,2B,6,bottom,bottom
822813,2026-05-24,668804,Bryan Reynolds,656302,Dylan Cease,1,0,2B,3,top,top
822813,2026-05-24,663968,Jake Mangum,684320,Yariel Rodríguez,1,0,2B,9,top,top
822816,2026-05-22,676391,Ernie Clement,696149,Bubba Chandler,1,0,2B,2,bottom,bottom
822816,2026-05-22,664702,Myles Straw,642701,Dennis Santana,1,0,3B,8,bottom,bottom
822816,2026-05-22,678218,Brandon Valenzuela,642701,Dennis Santana,1,0,2B,8,bottom,bottom
822817,2026-05-12,656775,Cedric Mullins,571578,Patrick Corbin,1,0,2B,3,top,top
822817,2026-05-12,662139,Daulton Varsho,663556,Shane McClanahan,1,0,2B,5,bottom,bottom
822817,2026-05-12,670764,Taylor Walls,667297,Tommy Nance,1,0,2B,6,top,top
822817,2026-05-12,665489,Vladimir Guerrero Jr.,687330,Kevin Kelly,1,0,2B,7,bottom,bottom
822817,2026-05-12,670764,Taylor Walls,643511,Tyler Rogers,0,1,2B,8,top,top
822817,2026-05-12,676356,Jonny DeLuca,686973,Louis Varland,1,0,2B,9,top,top
822818,2026-05-11,802415,Chandler Simpson,592332,Kevin Gausman,1,0,2B,2,top,top
822818,2026-05-11,802415,Chandler Simpson,592332,Kevin Gausman,1,0,3B,4,top,top
822818,2026-05-11,810938,Ben Williamson,684320,Yariel Rodríguez,0,1,2B,9,top,top
822821,2026-04-29,677800,Wilyer Abreu,641778,Eric Lauer,1,0,2B,4,top,top
822822,2026-05-08,676914,Davis Schneider,672282,Reid Detmers,1,0,2B,2,bottom,bottom
822826,2026-04-25,682657,Angel Martínez,592332,Kevin Gausman,1,0,2B,3,top,top
822826,2026-04-25,664702,Myles Straw,676282,Joey Cantillo,1,0,2B,3,bottom,bottom
822826,2026-04-25,665489,Vladimir Guerrero Jr.,676282,Joey Cantillo,1,0,2B,6,bottom,bottom
822826,2026-04-25,662139,Daulton Varsho,670036,Matt Festa,1,0,2B,6,bottom,bottom
822828,2026-04-12,807712,Luke Keaschall,573009,Joe Mantiply,1,0,2B,4,top,top
822832,2026-04-06,663656,Kyle Tucker,667297,Tommy Nance,1,0,3B,6,top,top
822832,2026-04-06,606192,Teoscar Hernández,667297,Tommy Nance,1,0,2B,6,top,top
822833,2026-04-08,662139,Daulton Varsho,595014,Blake Treinen,1,0,2B,7,bottom,bottom
822833,2026-04-08,665926,Andrés Giménez,676508,Ben Casparius,1,0,2B,8,bottom,bottom
822835,2026-04-01,664983,Jake McCarthy,667297,Tommy Nance,1,0,2B,8,top,top
822835,2026-04-01,687859,Troy Johnston,667297,Tommy Nance,0,1,2B,8,top,top
822836,2026-03-31,665926,Andrés Giménez,663372,Ryan Feltner,1,0,2B,3,bottom,bottom
822838,2026-03-28,701762,Nick Kurtz,656302,Dylan Cease,1,0,2B,6,top,top
822838,2026-03-28,643446,Jeff McNeil,663893,Brendon Little,1,0,3B,7,top,top
822838,2026-03-28,691777,Max Muncy,663893,Brendon Little,1,0,2B,7,top,top
822838,2026-03-28,665926,Andrés Giménez,605130,Scott Barlow,1,0,2B,10,bottom,bottom
822891,2026-06-06,608070,José Ramírez,683004,Jack Leiter,1,0,2B,5,top,top
822891,2026-06-06,682177,Daniel Schneemann,615698,Cal Quantrill,1,0,2B,5,top,top
822892,2026-06-05,680757,Steven Kwan,677958,Kumar Rocker,1,0,2B,2,top,top
822892,2026-06-05,683953,Travis Bazzana,677958,Kumar Rocker,1,0,2B,3,top,top
822893,2026-05-30,664059,Sam Haggerty,607625,Seth Lugo,1,0,2B,6,bottom,bottom
822894,2026-05-29,696030,Alejandro Osuna,663568,Stephen Kolek,1,0,2B,1,bottom,bottom
822894,2026-05-29,696030,Alejandro Osuna,663568,Stephen Kolek,1,0,2B,1,bottom,bottom
822895,2026-05-31,677951,Bobby Witt Jr.,683004,Jack Leiter,1,0,2B,6,top,top
822896,2026-05-28,677649,Ezequiel Duran,663878,Nate Pearson,1,0,2B,7,bottom,bottom
822897,2026-05-27,694497,Evan Carter,681347,Mike Burrows,1,0,2B,4,bottom,bottom
822897,2026-05-27,694728,Brice Matthews,686560,Gavin Collyer,0,1,2B,9,top,top
822899,2026-05-25,665161,Jeremy Peña,677958,Kumar Rocker,1,0,2B,1,top,top
822899,2026-05-25,701358,Cam Smith,682608,Peyton Gray,1,0,2B,6,top,top
822900,2026-05-13,814439,Ryan Waldschmidt,677958,Kumar Rocker,0,1,2B,3,top,top
822900,2026-05-13,682998,Corbin Carroll,677958,Kumar Rocker,1,0,2B,3,top,top
822900,2026-05-13,699912,Jose Fernandez,641302,Tyler Alexander,1,0,2B,8,top,top
822900,2026-05-13,672515,Gabriel Moreno,615698,Cal Quantrill,1,0,2B,9,top,top
822901,2026-05-11,696030,Alejandro Osuna,647336,Michael Soroka,0,1,2B,2,bottom,bottom
822902,2026-05-10,663538,Nico Hoerner,594798,Jacob deGrom,1,0,2B,6,top,top
822903,2026-05-12,696030,Alejandro Osuna,657044,Ryan Thompson,1,0,3B,5,bottom,bottom
822904,2026-05-08,621020,Dansby Swanson,615698,Cal Quantrill,1,0,2B,4,top,top
822904,2026-05-08,683737,Michael Busch,615698,Cal Quantrill,1,0,2B,6,top,top
822904,2026-05-08,691718,Pete Crow-Armstrong,615698,Cal Quantrill,1,0,3B,6,top,top
822905,2026-05-09,694497,Evan Carter,665795,Edward Cabrera,1,0,2B,2,bottom,bottom
822906,2026-04-27,676609,José Caballero,683004,Jack Leiter,0,1,2B,3,top,top
822906,2026-04-27,673962,Josh Jung,608331,Max Fried,0,1,2B,4,bottom,bottom
822906,2026-04-27,676609,José Caballero,686560,Gavin Collyer,0,1,2B,9,top,top
822907,2026-04-29,607043,Brandon Nimmo,695684,Elmer Rodríguez,0,1,2B,1,bottom,bottom
822908,2026-04-28,676609,José Caballero,594798,Jacob deGrom,1,0,2B,5,top,top
822909,2026-04-24,673962,Josh Jung,622663,Luis Severino,1,0,3B,4,bottom,bottom
822911,2026-04-26,694497,Evan Carter,669270,Joel Kuhnel,1,0,2B,4,bottom,bottom
822911,2026-04-26,680869,Zack Gelof,686560,Gavin Collyer,1,0,2B,8,top,top
822912,2026-04-23,669701,Josh Smith,696149,Bubba Chandler,1,0,2B,4,bottom,bottom
822912,2026-04-23,696030,Alejandro Osuna,681895,Evan Sisk,0,1,2B,6,bottom,bottom
822913,2026-04-22,694497,Evan Carter,677952,Braxton Ashcraft,1,0,2B,2,bottom,bottom
822913,2026-04-22,693304,Nick Gonzales,641302,Tyler Alexander,1,0,2B,6,top,top
822913,2026-04-22,665833,Oneil Cruz,641302,Tyler Alexander,0,1,2B,7,top,top
822914,2026-04-21,665833,Oneil Cruz,677958,Kumar Rocker,1,0,2B,1,top,top
822914,2026-04-21,694671,Wyatt Langford,669387,Carmen Mlodzinski,1,0,2B,1,bottom,bottom
822916,2026-04-07,668227,Randy Arozarena,543135,Nathan Eovaldi,1,0,2B,4,top,top
822917,2026-04-05,670770,TJ Friedl,683004,Jack Leiter,1,0,2B,1,top,top
822917,2026-04-05,701398,Sal Stewart,656641,Jacob Latz,1,0,2B,6,top,top
822917,2026-04-05,694671,Wyatt Langford,695505,Chase Burns,1,0,2B,6,bottom,bottom
822917,2026-04-05,694497,Evan Carter,572955,Pierce Johnson,1,0,2B,7,bottom,bottom
822917,2026-04-05,680574,Matt McLain,676395,Robert Garcia,1,0,2B,8,top,top
822917,2026-04-05,682829,Elly De La Cruz,676395,Robert Garcia,1,0,2B,8,top,top
822970,2026-06-10,643396,Isiah Kiner-Falefa,656876,Drew Rasmussen,1,0,2B,3,top,top
822970,2026-06-10,643396,Isiah Kiner-Falefa,656876,Drew Rasmussen,0,1,3B,3,top,top
822970,2026-06-10,670764,Taylor Walls,670245,Ryan Watson,1,0,3B,6,bottom,bottom
822975,2026-05-30,685133,Wade Meckler,656876,Drew Rasmussen,1,0,2B,4,top,top
822975,2026-05-30,687263,Zach Neto,693855,Ian Seymour,1,0,3B,7,top,top
822975,2026-05-30,672724,Oswald Peraza,681806,Andrew Wantz,1,0,2B,8,top,top
822976,2026-05-31,666176,Jo Adell,663556,Shane McClanahan,1,0,2B,4,top,top
822976,2026-05-31,810938,Ben Williamson,519141,Drew Pomeranz,1,0,2B,7,bottom,bottom
822978,2026-05-29,663611,Nick Madrigal,607259,Nick Martinez,0,1,2B,7,top,top
822980,2026-05-18,677942,Blaze Alexander,663556,Shane McClanahan,1,0,2B,5,top,top
822981,2026-05-16,680700,Richie Palacios,645261,Sandy Alcantara,1,0,2B,2,bottom,bottom
822981,2026-05-16,669364,Xavier Edwards,687330,Kevin Kelly,0,1,2B,8,top,top
822981,2026-05-16,656775,Cedric Mullins,664126,Pete Fairbanks,1,0,2B,9,bottom,bottom
822984,2026-05-04,656775,Cedric Mullins,667297,Tommy Nance,0,1,2B,7,bottom,bottom
822986,2026-05-05,802415,Chandler Simpson,592332,Kevin Gausman,1,0,2B,3,bottom,bottom
822986,2026-05-05,665926,Andrés Giménez,656876,Drew Rasmussen,1,0,2B,5,top,top
822986,2026-05-05,676356,Jonny DeLuca,656546,Jeff Hoffman,1,0,2B,7,bottom,bottom
822987,2026-05-03,669477,Casey Schmitt,571927,Steven Matz,1,0,2B,6,top,top
822987,2026-05-03,680700,Richie Palacios,676775,Keaton Winn,0,1,2B,7,bottom,bottom
822990,2026-05-01,802415,Chandler Simpson,592662,Robbie Ray,0,1,2B,1,bottom,bottom
822990,2026-05-01,670764,Taylor Walls,592662,Robbie Ray,1,0,3B,6,bottom,bottom
822991,2026-04-26,802415,Chandler Simpson,680573,Simeon Woods Richardson,1,0,2B,3,bottom,bottom
822991,2026-04-26,670764,Taylor Walls,681892,Kody Funderburk,0,1,2B,6,bottom,bottom
822992,2026-04-24,656775,Cedric Mullins,671737,Taj Bradley,1,0,2B,4,bottom,bottom
822994,2026-04-20,701398,Sal Stewart,694680,Trevor Martin,1,0,3B,7,top,top
822995,2026-04-21,701398,Sal Stewart,571927,Steven Matz,1,0,2B,1,top,top
822995,2026-04-21,656775,Cedric Mullins,695505,Chase Burns,1,0,2B,2,bottom,bottom
822995,2026-04-21,680574,Matt McLain,685801,Hunter Bigge,1,0,3B,6,top,top
822995,2026-04-21,682829,Elly De La Cruz,685801,Hunter Bigge,1,0,2B,6,top,top
822996,2026-04-11,641355,Cody Bellinger,607259,Nick Martinez,1,0,2B,1,top,top
822996,2026-04-11,592450,Aaron Judge,685801,Hunter Bigge,1,0,2B,9,top,top
822996,2026-04-11,802415,Chandler Simpson,670280,David Bednar,1,0,2B,10,bottom,bottom
822997,2026-04-10,592450,Aaron Judge,571927,Steven Matz,1,0,2B,1,top,top
822997,2026-04-10,810938,Ben Williamson,642232,Ryan Yarbrough,1,0,2B,7,bottom,bottom
822997,2026-04-10,802415,Chandler Simpson,642232,Ryan Yarbrough,0,1,2B,8,bottom,bottom
822997,2026-04-10,665862,Jazz Chisholm Jr.,641329,Bryan Baker,1,0,2B,9,top,top
822998,2026-04-12,670764,Taylor Walls,693645,Cam Schlittler,1,0,2B,2,bottom,bottom
822998,2026-04-12,802415,Chandler Simpson,693645,Cam Schlittler,1,0,2B,2,bottom,bottom
822999,2026-04-07,691718,Pete Crow-Armstrong,669438,Mason Englert,1,0,2B,3,top,top
822999,2026-04-07,691718,Pete Crow-Armstrong,669438,Mason Englert,1,0,2B,3,top,top
822999,2026-04-07,663538,Nico Hoerner,642121,Cole Sulser,1,0,2B,4,top,top
822999,2026-04-07,691718,Pete Crow-Armstrong,642121,Cole Sulser,0,1,2B,5,top,top
822999,2026-04-07,621020,Dansby Swanson,672782,Yoendrys Gómez,1,0,2B,8,top,top
823002,2026-04-06,650490,Yandy Díaz,592791,Jameson Taillon,1,0,2B,1,bottom,bottom
823002,2026-04-06,802415,Chandler Simpson,592791,Jameson Taillon,1,0,2B,2,bottom,bottom
823002,2026-04-06,802415,Chandler Simpson,592791,Jameson Taillon,1,0,3B,2,bottom,bottom
823047,2026-06-07,687363,Victor Scott II,695076,Rhett Lowder,1,0,2B,2,bottom,bottom
823048,2026-06-06,691023,Jordan Walker,666157,Nick Lodolo,1,0,2B,3,bottom,bottom
823048,2026-06-06,694362,Blake Dunn,669461,Matthew Liberatore,1,0,2B,4,top,top
823048,2026-06-06,667472,Dane Myers,669461,Matthew Liberatore,1,0,2B,5,top,top
823048,2026-06-06,665877,José Fermín,622088,Tejay Antone,1,0,3B,6,bottom,bottom
823048,2026-06-06,663494,Bryan Torres,622088,Tejay Antone,1,0,2B,6,bottom,bottom
823048,2026-06-06,668709,JJ Bleday,676617,Riley O'Brien,1,0,2B,9,top,top
823049,2026-06-05,687363,Victor Scott II,663903,Brady Singer,1,0,2B,2,bottom,bottom
823049,2026-06-05,691023,Jordan Walker,663903,Brady Singer,1,0,2B,3,bottom,bottom
823050,2026-06-01,643376,Danny Jansen,700241,Michael McGreevy,1,0,2B,5,top,top
823050,2026-06-01,607043,Brandon Nimmo,592773,Ryne Stanek,1,0,2B,8,top,top
823050,2026-06-01,696030,Alejandro Osuna,666277,George Soriano,1,0,2B,9,top,top
823051,2026-06-03,695336,Thomas Saggese,669022,MacKenzie Gore,1,0,2B,2,bottom,bottom
823051,2026-06-03,665877,José Fermín,669022,MacKenzie Gore,1,0,2B,3,bottom,bottom
823051,2026-06-03,696030,Alejandro Osuna,669467,Andre Pallante,1,0,2B,4,top,top
823051,2026-06-03,691023,Jordan Walker,681168,Luis Curvelo,1,0,2B,6,bottom,bottom
823053,2026-05-31,802139,JJ Wetherholt,669020,Ryan Rolison,1,0,2B,7,bottom,bottom
823054,2026-05-30,663538,Nico Hoerner,700669,Gordon Graceffo,1,0,2B,6,top,top
823055,2026-05-29,621020,Dansby Swanson,669467,Andre Pallante,1,0,2B,2,top,top
823056,2026-05-21,804606,Konnor Griffin,669160,Dustin May,1,0,2B,4,top,top
823058,2026-05-17,686555,Isaac Collins,677865,Justin Bruihl,1,0,2B,9,top,top
823059,2026-05-19,695336,Thomas Saggese,681895,Evan Sisk,0,1,H,7,bottom,bottom
823059,2026-05-19,669357,Nolan Gorman,684049,Brandan Bidois,0,1,2B,8,bottom,bottom
823060,2026-05-16,677951,Bobby Witt Jr.,681517,Kyle Leahy,0,1,2B,3,top,top
823060,2026-05-16,687363,Victor Scott II,702070,Noah Cameron,0,1,2B,3,bottom,bottom
823061,2026-05-15,701675,Nathan Church,621381,Matt Strahm,1,0,2B,9,bottom,bottom
823063,2026-05-06,691023,Jordan Walker,687075,Brandon Sproat,1,0,2B,4,bottom,bottom
823063,2026-05-06,687363,Victor Scott II,656730,Trevor Megill,1,0,2B,8,bottom,bottom
823066,2026-05-01,691023,Jordan Walker,686218,Emmet Sheehan,1,0,2B,3,bottom,bottom
823069,2026-04-24,647304,Josh Naylor,669467,Andre Pallante,1,0,2B,4,top,top
823072,2026-04-14,602104,Ramón Urías,676282,Joey Cantillo,0,1,2B,2,bottom,bottom
823072,2026-04-14,608070,José Ramírez,666277,George Soriano,1,0,2B,6,top,top
823072,2026-04-14,691023,Jordan Walker,542888,Shawn Armstrong,1,0,2B,7,bottom,bottom
823073,2026-04-13,677587,Brayan Rocchio,669461,Matthew Liberatore,0,1,2B,3,top,top
823073,2026-04-13,608070,José Ramírez,669461,Matthew Liberatore,1,0,2B,4,top,top
823073,2026-04-13,608070,José Ramírez,669461,Matthew Liberatore,1,0,2B,5,top,top
823076,2026-04-10,596115,Trevor Story,669160,Dustin May,1,0,H,4,top,top
823076,2026-04-10,691785,Marcelo Mayer,669160,Dustin May,1,0,2B,4,top,top
823078,2026-04-01,691026,Masyn Winn,642207,Devin Williams,1,0,2B,9,bottom,bottom
823080,2026-03-30,701807,Carson Benge,681517,Kyle Leahy,1,0,2B,2,top,top
823081,2026-03-26,687363,Victor Scott II,656876,Drew Rasmussen,1,0,2B,5,bottom,bottom
823081,2026-03-26,687363,Victor Scott II,643377,Griffin Jax,1,0,2B,6,bottom,bottom
823082,2026-03-28,802139,JJ Wetherholt,671212,Joe Boyle,1,0,2B,1,bottom,bottom
823082,2026-03-28,676475,Alec Burleson,671212,Joe Boyle,1,0,2B,1,bottom,bottom
823082,2026-03-28,676356,Jonny DeLuca,592773,Ryne Stanek,0,1,2B,10,top,top
823130,2026-06-03,665742,Juan Soto,669923,George Kirby,1,0,2B,4,top,top
823130,2026-06-03,701807,Carson Benge,669923,George Kirby,1,0,H,4,top,top
823130,2026-06-03,805999,A.J. Ewing,681867,Cooper Criswell,1,0,2B,7,top,top
823131,2026-06-01,668227,Randy Arozarena,640455,Sean Manaea,1,0,2B,2,bottom,bottom
823131,2026-06-01,668227,Randy Arozarena,621345,A.J. Minter,1,0,3B,10,bottom,bottom
823135,2026-05-29,668227,Randy Arozarena,668678,Zac Gallen,1,0,2B,4,bottom,bottom
823136,2026-05-19,656537,Derek Hill,662253,Andrés Muñoz,1,0,3B,9,top,top
823136,2026-05-19,678246,Miguel Vargas,662253,Andrés Muñoz,1,0,2B,9,top,top
823136,2026-05-19,643217,Andrew Benintendi,662253,Andrés Muñoz,1,0,2B,9,top,top
823137,2026-05-18,803011,Sam Antonacci,693433,Bryan Woo,0,1,3B,1,top,top
823137,2026-05-18,647304,Josh Naylor,702273,Noah Schultz,1,0,2B,6,bottom,bottom
823137,2026-05-18,647304,Josh Naylor,685126,Brandon Eisert,1,0,3B,6,bottom,bottom
823137,2026-05-18,656582,Connor Joe,685126,Brandon Eisert,1,0,2B,6,bottom,bottom
823137,2026-05-18,691011,Drew Romo,660825,Eduard Bazardo,1,0,2B,7,top,top
823138,2026-05-17,593428,Xander Bogaerts,669923,George Kirby,1,0,2B,5,top,top
823138,2026-05-17,593428,Xander Bogaerts,669923,George Kirby,1,0,3B,5,top,top
823138,2026-05-17,647304,Josh Naylor,673513,Yuki Matsui,1,0,2B,6,bottom,bottom
823138,2026-05-17,665487,Fernando Tatis Jr.,695380,Alex Hoppe,1,0,2B,7,top,top
823139,2026-05-16,670042,Luke Raley,621111,Walker Buehler,1,0,2B,2,bottom,bottom
823139,2026-05-16,665487,Fernando Tatis Jr.,689546,Nick Davila,0,1,2B,8,top,top
823139,2026-05-16,677594,Julio Rodríguez,689690,Alek Jacob,1,0,2B,8,bottom,bottom
823139,2026-05-16,677594,Julio Rodríguez,689690,Alek Jacob,1,0,3B,8,bottom,bottom
823139,2026-05-16,647304,Josh Naylor,689690,Alek Jacob,1,0,2B,8,bottom,bottom
823139,2026-05-16,609280,Miguel Andujar,682445,Domingo Gonzalez,0,1,2B,9,top,top
823140,2026-05-15,657757,Gavin Sheets,676106,Emerson Hancock,1,0,2B,4,top,top
823140,2026-05-15,668227,Randy Arozarena,681190,Randy Vásquez,1,0,2B,4,bottom,bottom
823141,2026-05-06,647304,Josh Naylor,800311,Didier Fuentes,1,0,2B,8,bottom,bottom
823142,2026-05-05,647304,Josh Naylor,693821,Bryce Elder,1,0,2B,4,bottom,bottom
823142,2026-05-05,647304,Josh Naylor,628452,Raisel Iglesias,1,0,2B,9,bottom,bottom
823143,2026-05-04,668227,Randy Arozarena,702275,JR Ritchie,1,0,2B,2,bottom,bottom
823143,2026-05-04,622761,Jorge Mateo,669302,Logan Gilbert,1,0,2B,3,top,top
823143,2026-05-04,640492,José Azócar,662253,Andrés Muñoz,1,0,2B,9,top,top
823145,2026-05-03,686555,Isaac Collins,622491,Luis Castillo,0,1,2B,3,top,top
823145,2026-05-03,672580,Maikel Garcia,622491,Luis Castillo,1,0,2B,5,top,top
823146,2026-05-01,660844,Leo Rivas,666142,Cole Ragans,1,0,2B,3,bottom,bottom
823149,2026-04-20,677594,Julio Rodríguez,669372,J.T. Ginn,1,0,2B,1,bottom,bottom
823149,2026-04-20,671732,Lawrence Butler,676106,Emerson Hancock,1,0,2B,5,top,top
823149,2026-04-20,671732,Lawrence Butler,668984,Casey Legumina,0,1,2B,8,top,top
823149,2026-04-20,647304,Josh Naylor,643410,Mark Leiter Jr.,1,0,2B,8,bottom,bottom
823150,2026-04-19,656582,Connor Joe,596001,Jakob Junis,1,0,2B,8,bottom,bottom
823151,2026-04-18,702284,Cole Young,615698,Cal Quantrill,1,0,2B,8,bottom,bottom
823154,2026-04-12,677594,Julio Rodríguez,650556,Bryan Abreu,1,0,2B,8,bottom,bottom
823154,2026-04-12,668227,Randy Arozarena,650556,Bryan Abreu,1,0,2B,8,bottom,bottom
823156,2026-04-10,694388,Joey Loperfido,676106,Emerson Hancock,0,1,2B,5,top,top
823156,2026-04-10,702284,Cole Young,641585,J.P. France,0,1,2B,5,bottom,bottom
823161,2026-03-28,663728,Cal Raleigh,676282,Joey Cantillo,1,0,2B,3,bottom,bottom
823161,2026-03-28,680977,Brendan Donovan,682120,Tim Herrin,1,0,3B,6,bottom,bottom
823161,2026-03-28,645302,Victor Robles,682120,Tim Herrin,1,0,2B,6,bottom,bottom
823162,2026-03-27,680977,Brendan Donovan,668909,Gavin Williams,0,1,2B,1,bottom,bottom
823162,2026-03-27,668227,Randy Arozarena,668909,Gavin Williams,1,0,2B,4,bottom,bottom
823163,2026-03-26,608070,José Ramírez,642100,Gabe Speier,1,0,3B,7,top,top
823213,2026-06-13,664023,Ian Happ,686790,Trevor McDonald,1,0,2B,3,top,top
823213,2026-06-13,683737,Michael Busch,686790,Trevor McDonald,1,0,H,3,top,top
823214,2026-06-09,683083,Nasim Nuñez,605288,Adrian Houser,1,0,3B,2,top,top
823214,2026-06-09,695578,James Wood,656529,Sam Hentges,1,0,2B,5,top,top
823215,2026-06-10,695734,Daylen Lile,592662,Robbie Ray,1,0,2B,2,top,top
823215,2026-06-10,686611,Dylan Crews,592662,Robbie Ray,1,0,2B,6,top,top
823215,2026-06-10,696285,Jacob Young,693313,Carson Seymour,1,0,2B,6,top,top
823215,2026-06-10,683083,Nasim Nuñez,693313,Carson Seymour,1,0,2B,6,top,top
823215,2026-06-10,808982,Jung Hoo Lee,687606,Paxton Schultz,1,0,2B,8,bottom,bottom
823215,2026-06-10,695734,Daylen Lile,665665,Reiver Sanmartin,1,0,2B,9,top,top
823216,2026-05-26,682998,Corbin Carroll,621366,Ryan Borucki,1,0,2B,9,top,top
823217,2026-05-27,650333,Luis Arraez,647336,Michael Soroka,1,0,2B,1,bottom,bottom
823217,2026-05-27,669477,Casey Schmitt,647336,Michael Soroka,1,0,2B,3,bottom,bottom
823218,2026-06-08,695578,James Wood,657277,Logan Webb,1,0,2B,6,top,top
823218,2026-06-08,682928,CJ Abrams,676775,Keaton Winn,1,0,2B,9,top,top
823220,2026-05-24,683679,Jesus Rodriguez,702273,Noah Schultz,0,1,2B,4,bottom,bottom
823221,2026-05-10,665833,Oneil Cruz,641816,Tyler Mahle,1,0,2B,1,top,top
823223,2026-05-22,678246,Miguel Vargas,669062,Erik Miller,1,0,2B,6,top,top
823223,2026-05-22,803011,Sam Antonacci,664141,JT Brubaker,1,0,2B,8,top,top
823225,2026-05-08,804606,Konnor Griffin,592662,Robbie Ray,1,0,2B,2,top,top
823225,2026-05-08,693304,Nick Gonzales,592662,Robbie Ray,1,0,2B,3,top,top
823226,2026-05-06,592206,Nick Castellanos,676254,Ryan Walker,1,0,2B,8,top,top
823227,2026-05-05,657757,Gavin Sheets,664141,JT Brubaker,1,0,2B,5,top,top
823227,2026-05-05,701538,Jackson Merrill,621366,Ryan Borucki,1,0,2B,6,top,top
823227,2026-05-05,823550,Sung-Mun Song,666619,Gregory Santos,1,0,2B,8,top,top
823228,2026-05-04,642715,Willy Adames,606996,Kyle Hart,1,0,2B,6,bottom,bottom
823229,2026-04-25,682663,Agustín Ramírez,592662,Robbie Ray,1,0,2B,3,top,top
823229,2026-04-25,669364,Xavier Edwards,592662,Robbie Ray,1,0,2B,3,top,top
823229,2026-04-25,672275,Patrick Bailey,663969,Tyler Phillips,1,0,2B,8,bottom,bottom
823232,2026-04-24,805300,Jakob Marsee,605288,Adrian Houser,1,0,3B,1,top,top
823232,2026-04-24,650333,Luis Arraez,645261,Sandy Alcantara,1,0,2B,5,bottom,bottom
823232,2026-04-24,669364,Xavier Edwards,664141,JT Brubaker,1,0,2B,6,top,top
823233,2026-04-23,650333,Luis Arraez,607192,Tyler Glasnow,1,0,2B,1,bottom,bottom
823233,2026-04-23,808975,Hyeseong Kim,694918,Blade Tidwell,1,0,2B,9,top,top
823238,2026-04-05,673357,Luis Robert Jr.,657277,Logan Webb,1,0,2B,4,top,top
823238,2026-04-05,672275,Patrick Bailey,673540,Kodai Senga,1,0,2B,6,bottom,bottom
823238,2026-04-05,701807,Carson Benge,657277,Logan Webb,1,0,2B,7,top,top
823238,2026-04-05,673357,Luis Robert Jr.,669062,Erik Miller,1,0,2B,8,top,top
823238,2026-04-05,656305,Matt Chapman,642207,Devin Williams,0,1,2B,9,bottom,bottom
823240,2026-04-03,701807,Carson Benge,657424,Matt Gage,1,0,2B,8,top,top
823240,2026-04-03,596019,Francisco Lindor,657424,Matt Gage,1,0,2B,8,top,top
823241,2026-03-28,650333,Luis Arraez,701542,Will Warren,1,0,3B,1,bottom,bottom
823241,2026-03-28,663757,Trent Grisham,669062,Erik Miller,1,0,2B,8,top,top
823243,2026-03-27,676609,José Caballero,669062,Erik Miller,1,0,2B,7,top,top
823244,2026-03-25,665862,Jazz Chisholm Jr.,657277,Logan Webb,1,0,2B,5,top,top
823287,2026-06-10,682622,Noelvi Marte,650633,Michael King,1,0,3B,5,top,top
823287,2026-06-10,823550,Sung-Mun Song,687209,Zach Maxwell,1,0,2B,7,bottom,bottom
823289,2026-06-08,687749,Jase Bowen,671096,Andrew Abbott,1,0,2B,2,bottom,bottom
823289,2026-06-08,682622,Noelvi Marte,699134,Bradgley Rodriguez,1,0,2B,6,top,top
823289,2026-06-08,687749,Jase Bowen,685112,Zach McCambley,1,0,2B,8,bottom,bottom
823289,2026-06-08,669392,Samad Taylor,685112,Zach McCambley,1,0,2B,8,bottom,bottom
823290,2026-06-09,680574,Matt McLain,608337,Lucas Giolito,1,0,2B,2,top,top
823290,2026-06-09,669369,Bryce Johnson,695505,Chase Burns,1,0,2B,2,bottom,bottom
823290,2026-06-09,694362,Blake Dunn,608337,Lucas Giolito,1,0,2B,4,top,top
823290,2026-06-09,694362,Blake Dunn,670970,Adrian Morejon,1,0,2B,6,top,top
823290,2026-06-09,667472,Dane Myers,670970,Adrian Morejon,1,0,2B,7,top,top
823290,2026-06-09,665487,Fernando Tatis Jr.,656271,Brock Burke,0,1,2B,7,bottom,bottom
823290,2026-06-09,680574,Matt McLain,592094,Jason Adam,1,0,2B,8,top,top
823290,2026-06-09,680574,Matt McLain,592094,Jason Adam,1,0,3B,8,top,top
823290,2026-06-09,682622,Noelvi Marte,699134,Bradgley Rodriguez,1,0,2B,10,top,top
823290,2026-06-09,669392,Samad Taylor,622088,Tejay Antone,1,0,2B,10,bottom,bottom
823293,2026-06-05,805999,A.J. Ewing,695243,Mason Miller,1,0,2B,9,top,top
823293,2026-06-05,805999,A.J. Ewing,695243,Mason Miller,1,0,3B,9,top,top
823294,2026-05-26,607208,Trea Turner,681190,Randy Vásquez,1,0,2B,5,top,top
823294,2026-05-26,593428,Xander Bogaerts,605400,Aaron Nola,1,0,2B,6,bottom,bottom
823295,2026-05-27,665487,Fernando Tatis Jr.,650911,Cristopher Sánchez,1,0,2B,1,bottom,bottom
823295,2026-05-27,607208,Trea Turner,670970,Adrian Morejon,1,0,2B,6,top,top
823296,2026-05-25,657656,Ramón Laureano,666200,Jesús Luzardo,0,1,2B,2,bottom,bottom
823296,2026-05-25,665487,Fernando Tatis Jr.,641745,Brad Keller,1,0,3B,8,bottom,bottom
823300,2026-05-23,701538,Jackson Merrill,669372,J.T. Ginn,1,0,2B,2,bottom,bottom
823302,2026-05-19,665487,Fernando Tatis Jr.,595014,Blake Treinen,1,0,2B,7,bottom,bottom
823304,2026-05-09,593428,Xander Bogaerts,669160,Dustin May,1,0,2B,2,bottom,bottom
823304,2026-05-09,802139,JJ Wetherholt,681190,Randy Vásquez,1,0,2B,3,top,top
823304,2026-05-09,664034,Ty France,677865,Justin Bruihl,0,1,2B,7,bottom,bottom
823305,2026-05-10,701538,Jackson Merrill,681517,Kyle Leahy,1,0,2B,1,bottom,bottom
823305,2026-05-10,676475,Alec Burleson,621111,Walker Buehler,1,0,2B,4,top,top
823305,2026-05-10,823550,Sung-Mun Song,681517,Kyle Leahy,1,0,2B,5,bottom,bottom
823305,2026-05-10,665487,Fernando Tatis Jr.,666277,George Soriano,1,0,2B,8,bottom,bottom
823306,2026-05-07,665487,Fernando Tatis Jr.,666277,George Soriano,0,1,2B,7,bottom,bottom
823306,2026-05-07,687363,Victor Scott II,593974,Wandy Peralta,0,1,2B,8,top,top
823307,2026-05-03,657656,Ramón Laureano,663542,Bryan Hudson,1,0,2B,8,bottom,bottom
823307,2026-05-03,701538,Jackson Merrill,663542,Bryan Hudson,1,0,2B,8,bottom,bottom
823307,2026-05-03,593428,Xander Bogaerts,663542,Bryan Hudson,1,0,2B,8,bottom,bottom
823307,2026-05-03,671976,Tristan Peters,695243,Mason Miller,1,0,2B,9,top,top
823308,2026-05-02,695657,Colson Montgomery,650633,Michael King,0,1,2B,2,top,top
823310,2026-04-28,621020,Dansby Swanson,621111,Walker Buehler,1,0,3B,2,top,top
823310,2026-04-28,593428,Xander Bogaerts,665795,Edward Cabrera,1,0,2B,4,bottom,bottom
823310,2026-04-28,669369,Bryce Johnson,665795,Edward Cabrera,1,0,2B,5,bottom,bottom
823311,2026-04-27,664034,Ty France,676962,Ben Brown,1,0,2B,5,bottom,bottom
823311,2026-04-27,665487,Fernando Tatis Jr.,676962,Ben Brown,1,0,2B,6,bottom,bottom
823311,2026-04-27,691718,Pete Crow-Armstrong,670970,Adrian Morejon,1,0,2B,7,top,top
823312,2026-04-29,665487,Fernando Tatis Jr.,592791,Jameson Taillon,1,0,2B,6,bottom,bottom
823313,2026-04-16,592518,Manny Machado,622491,Luis Castillo,0,1,2B,3,bottom,bottom
823314,2026-04-15,668227,Randy Arozarena,676760,Ron Marinaccio,1,0,2B,5,top,top
823315,2026-04-14,701538,Jackson Merrill,693433,Bryan Woo,1,0,2B,3,bottom,bottom
823317,2026-04-12,701538,Jackson Merrill,678368,Valente Bellozo,1,0,2B,5,bottom,bottom
823318,2026-04-10,650489,Willi Castro,621111,Walker Buehler,1,0,2B,5,top,top
823318,2026-04-10,687597,Jordan Beck,592094,Jason Adam,1,0,2B,8,top,top
823318,2026-04-10,669369,Bryce Johnson,622608,Antonio Senzatela,0,1,2B,8,bottom,bottom
823319,2026-04-09,666397,Edouard Julien,681190,Randy Vásquez,0,1,2B,1,top,top
823319,2026-04-09,593428,Xander Bogaerts,801403,Chase Dollander,1,0,2B,4,bottom,bottom
823319,2026-04-09,592518,Manny Machado,677955,Jaden Hill,1,0,3B,6,bottom,bottom
823319,2026-04-09,593428,Xander Bogaerts,677955,Jaden Hill,1,0,2B,6,bottom,bottom
823320,2026-03-30,669477,Casey Schmitt,621111,Walker Buehler,1,0,2B,3,top,top
823321,2026-04-01,650333,Luis Arraez,601713,Nick Pivetta,1,0,2B,2,top,top
823322,2026-03-31,665487,Fernando Tatis Jr.,657277,Logan Webb,1,0,2B,3,bottom,bottom
823322,2026-03-31,666931,Jared Oliva,688158,David Morgan,1,0,2B,9,top,top
823323,2026-03-28,665487,Fernando Tatis Jr.,656427,Jack Flaherty,1,0,2B,3,bottom,bottom
823323,2026-03-28,657656,Ramón Laureano,657756,Connor Seabold,1,0,3B,6,bottom,bottom
823369,2026-06-13,663968,Jake Mangum,669622,Anthony Bender,1,0,2B,8,bottom,bottom
823369,2026-06-13,665923,Esteury Ruiz,642397,Gregory Soto,1,0,2B,9,top,top
823370,2026-06-12,663968,Jake Mangum,645261,Sandy Alcantara,1,0,2B,5,bottom,bottom
823371,2026-06-11,663656,Kyle Tucker,656605,Mitch Keller,1,0,2B,3,top,top
823372,2026-06-10,663968,Jake Mangum,669165,Kyle Hurt,0,1,3B,8,bottom,bottom
823373,2026-05-31,663968,Jake Mangum,805673,Zebby Matthews,1,0,2B,2,bottom,bottom
823373,2026-05-31,807712,Luke Keaschall,677952,Braxton Ashcraft,0,1,2B,3,top,top
823375,2026-05-30,665833,Oneil Cruz,681892,Kody Funderburk,1,0,2B,6,bottom,bottom
823375,2026-05-30,682848,Endy Rodríguez,681892,Kody Funderburk,1,0,2B,7,bottom,bottom
823375,2026-05-30,663968,Jake Mangum,804619,John Klein,1,0,2B,7,bottom,bottom
823375,2026-05-30,669707,Jared Triolo,804619,John Klein,1,0,2B,7,bottom,bottom
823375,2026-05-30,665833,Oneil Cruz,804619,John Klein,1,0,2B,8,bottom,bottom
823376,2026-05-27,621020,Dansby Swanson,664875,Justin Lawrence,1,0,2B,7,top,top
823377,2026-05-29,804606,Konnor Griffin,671737,Taj Bradley,1,0,2B,3,bottom,bottom
823377,2026-05-29,804606,Konnor Griffin,689520,Cody Laweryson,1,0,2B,8,bottom,bottom
823378,2026-05-28,663968,Jake Mangum,607067,Colin Rea,0,1,2B,4,bottom,bottom
823379,2026-05-26,665833,Oneil Cruz,696136,Jordan Wicks,1,0,2B,1,bottom,bottom
823381,2026-05-17,804606,Konnor Griffin,554430,Zack Wheeler,0,1,2B,5,bottom,bottom
823382,2026-05-16,702222,Justin Crawford,681895,Evan Sisk,1,0,2B,4,top,top
823383,2026-05-14,804606,Konnor Griffin,657514,Brennan Bernardino,1,0,2B,3,bottom,bottom
823384,2026-05-15,665833,Oneil Cruz,605400,Aaron Nola,0,1,2B,1,bottom,bottom
823384,2026-05-15,607208,Trea Turner,677952,Braxton Ashcraft,1,0,2B,3,top,top
823384,2026-05-15,687462,Spencer Horwitz,680742,Jonathan Bowlan,1,0,2B,6,bottom,bottom
823384,2026-05-15,665833,Oneil Cruz,680742,Jonathan Bowlan,1,0,2B,6,bottom,bottom
823384,2026-05-15,695257,Billy Cook,663767,Chase Shugart,1,0,2B,8,bottom,bottom
823384,2026-05-15,668804,Bryan Reynolds,621237,José Alvarado,1,0,2B,9,bottom,bottom
823384,2026-05-15,681082,Bryson Stott,642701,Dennis Santana,1,0,2B,10,top,top
823384,2026-05-15,702222,Justin Crawford,684049,Brandan Bidois,1,0,2B,10,top,top
823386,2026-05-13,669707,Jared Triolo,500779,Jose Quintana,1,0,2B,4,bottom,bottom
823387,2026-05-03,665833,Oneil Cruz,695505,Chase Burns,1,0,2B,1,bottom,bottom
823390,2026-04-28,671056,Iván Herrera,677952,Braxton Ashcraft,1,0,2B,1,top,top
823390,2026-04-28,691023,Jordan Walker,677952,Braxton Ashcraft,1,0,2B,3,top,top
823390,2026-04-28,663968,Jake Mangum,681517,Kyle Leahy,1,0,2B,3,bottom,bottom
823392,2026-04-29,804606,Konnor Griffin,669467,Andre Pallante,1,0,2B,5,bottom,bottom
823392,2026-04-29,691026,Masyn Winn,681895,Evan Sisk,1,0,2B,6,top,top
823392,2026-04-29,687363,Victor Scott II,681895,Evan Sisk,1,0,2B,7,top,top
823392,2026-04-29,687363,Victor Scott II,606965,Chris Devenski,1,0,3B,7,top,top
823393,2026-04-19,802415,Chandler Simpson,656605,Mitch Keller,0,1,2B,1,top,top
823393,2026-04-19,663968,Jake Mangum,663556,Shane McClanahan,1,0,3B,3,bottom,bottom
823393,2026-04-19,676356,Jonny DeLuca,656605,Mitch Keller,1,0,2B,5,top,top
823393,2026-04-19,695257,Billy Cook,663556,Shane McClanahan,1,0,2B,5,bottom,bottom
823393,2026-04-19,804606,Konnor Griffin,693855,Ian Seymour,1,0,2B,8,bottom,bottom
823396,2026-04-16,665833,Oneil Cruz,656492,Foster Griffin,1,0,3B,4,bottom,bottom
823396,2026-04-16,671277,Luis García Jr.,677952,Braxton Ashcraft,1,0,3B,5,top,top
823396,2026-04-16,663968,Jake Mangum,690925,Clayton Beeter,1,0,2B,9,bottom,bottom
823396,2026-04-16,665833,Oneil Cruz,690925,Clayton Beeter,1,0,2B,9,bottom,bottom
823396,2026-04-16,695578,James Wood,642701,Dennis Santana,1,0,2B,10,top,top
823397,2026-04-17,804606,Konnor Griffin,643377,Griffin Jax,1,0,2B,6,bottom,bottom
823397,2026-04-17,641584,Jake Fraley,682254,Mason Montgomery,1,0,2B,7,top,top
823397,2026-04-17,695257,Billy Cook,672782,Yoendrys Gómez,1,0,2B,8,bottom,bottom
823398,2026-04-14,695578,James Wood,656605,Mitch Keller,1,0,3B,1,top,top
823398,2026-04-14,682928,CJ Abrams,656605,Mitch Keller,0,1,2B,1,top,top
823399,2026-04-15,656811,Ryan O'Hearn,663623,Jake Irvin,1,0,2B,5,bottom,bottom
823400,2026-04-13,665833,Oneil Cruz,687606,Paxton Schultz,1,0,2B,4,bottom,bottom
823400,2026-04-13,680779,Henry Davis,671131,Jackson Rutledge,1,0,2B,6,bottom,bottom
823401,2026-04-06,665833,Oneil Cruz,608566,Germán Márquez,1,0,2B,5,bottom,bottom
823401,2026-04-06,701538,Jackson Merrill,642397,Gregory Soto,1,0,2B,9,top,top
823402,2026-04-07,663968,Jake Mangum,670970,Adrian Morejon,1,0,2B,8,bottom,bottom
823403,2026-04-08,609280,Miguel Andujar,656605,Mitch Keller,1,0,2B,5,top,top
823403,2026-04-08,657656,Ramón Laureano,656605,Mitch Keller,1,0,2B,6,top,top
823403,2026-04-08,657656,Ramón Laureano,656605,Mitch Keller,1,0,3B,6,top,top
823403,2026-04-08,669369,Bryce Johnson,664353,José Urquidy,1,0,2B,9,top,top
823403,2026-04-08,701538,Jackson Merrill,664353,José Urquidy,1,0,2B,9,top,top
823403,2026-04-08,665487,Fernando Tatis Jr.,664353,José Urquidy,1,0,H,9,top,top
823404,2026-04-04,677942,Blaze Alexander,682995,Hunter Barco,1,0,2B,7,top,top
823405,2026-04-05,621493,Taylor Ward,677952,Braxton Ashcraft,0,1,2B,1,top,top
823406,2026-04-03,665833,Oneil Cruz,680694,Kyle Bradish,0,1,2B,2,bottom,bottom
823453,2026-06-07,681082,Bryson Stott,689818,David Sandlin,1,0,2B,3,bottom,bottom
823453,2026-06-07,664761,Alec Bohm,670950,Trevor Richards,1,0,2B,6,bottom,bottom
823454,2026-06-06,592663,J.T. Realmuto,680732,Sean Burke,1,0,2B,6,bottom,bottom
823454,2026-06-06,671976,Tristan Peters,641835,Tim Mayza,0,1,3B,8,top,top
823455,2026-06-05,678246,Miguel Vargas,666200,Jesús Luzardo,0,1,2B,3,top,top
823455,2026-06-05,607208,Trea Turner,622554,Seranthony Domínguez,1,0,3B,7,bottom,bottom
823455,2026-06-05,547180,Bryce Harper,622554,Seranthony Domínguez,1,0,2B,7,bottom,bottom
823457,2026-06-04,702222,Justin Crawford,670970,Adrian Morejon,1,0,2B,7,bottom,bottom
823457,2026-06-04,607208,Trea Turner,670970,Adrian Morejon,1,0,2B,7,bottom,bottom
823459,2026-05-24,683953,Travis Bazzana,691725,Andrew Painter,0,1,2B,1,top,top
823460,2026-06-02,669016,Brandon Marsh,681190,Randy Vásquez,1,0,2B,2,bottom,bottom
823460,2026-06-02,609280,Miguel Andujar,605400,Aaron Nola,1,0,2B,4,top,top
823460,2026-06-02,666969,Adolis García,681190,Randy Vásquez,1,0,2B,5,bottom,bottom
823461,2026-05-22,677587,Brayan Rocchio,650911,Cristopher Sánchez,0,1,2B,5,top,top
823461,2026-05-22,681082,Bryson Stott,668909,Gavin Williams,1,0,2B,5,bottom,bottom
823461,2026-05-22,669016,Brandon Marsh,668909,Gavin Williams,0,1,2B,7,bottom,bottom
823463,2026-05-10,681082,Bryson Stott,608372,Tomoyuki Sugano,1,0,3B,2,bottom,bottom
823464,2026-05-19,663886,Tyler Stephenson,663767,Chase Shugart,0,1,2B,9,top,top
823465,2026-05-18,607208,Trea Turner,666157,Nick Lodolo,1,0,3B,1,bottom,bottom
823465,2026-05-18,547180,Bryce Harper,666157,Nick Lodolo,1,0,2B,1,bottom,bottom
823465,2026-05-18,668715,Spencer Steer,691725,Andrew Painter,1,0,2B,3,top,top
823465,2026-05-18,702222,Justin Crawford,666157,Nick Lodolo,1,0,2B,5,bottom,bottom
823465,2026-05-18,680574,Matt McLain,621237,José Alvarado,1,0,2B,8,top,top
823470,2026-05-06,805779,Jacob Wilson,554430,Zack Wheeler,1,0,2B,3,top,top
823470,2026-05-06,701762,Nick Kurtz,621237,José Alvarado,1,0,2B,8,top,top
823472,2026-04-30,702222,Justin Crawford,657277,Logan Webb,0,1,2B,7,bottom,bottom
823473,2026-04-28,669016,Brandon Marsh,694918,Blade Tidwell,1,0,2B,8,bottom,bottom
823474,2026-04-18,607208,Trea Turner,519242,Chris Sale,1,0,2B,1,bottom,bottom
823474,2026-04-18,645277,Ozzie Albies,641745,Brad Keller,0,1,2B,9,top,top
823477,2026-04-15,663538,Nico Hoerner,666200,Jesús Luzardo,1,0,3B,3,top,top
823477,2026-04-15,608324,Alex Bregman,666200,Jesús Luzardo,1,0,2B,3,top,top
823477,2026-04-15,608324,Alex Bregman,666200,Jesús Luzardo,1,0,2B,3,top,top
823477,2026-04-15,691718,Pete Crow-Armstrong,666200,Jesús Luzardo,0,1,2B,5,top,top
823479,2026-04-12,681082,Bryson Stott,668678,Zac Gallen,1,0,2B,2,bottom,bottom
823479,2026-04-12,672695,Geraldo Perdomo,621237,José Alvarado,1,0,2B,8,top,top
823481,2026-04-13,669016,Brandon Marsh,665871,Javier Assad,1,0,2B,2,bottom,bottom
823485,2026-03-31,669016,Brandon Marsh,641793,Zack Littell,1,0,2B,6,bottom,bottom
823485,2026-03-31,683083,Nasim Nuñez,661395,Jhoan Duran,1,0,2B,9,top,top
823486,2026-03-26,681082,Bryson Stott,656222,Jalen Beeks,1,0,2B,5,bottom,bottom
823488,2026-03-28,607043,Brandon Nimmo,605400,Aaron Nola,1,0,2B,3,top,top
823537,2026-06-07,642708,Amed Rosario,686580,Justin Slaten,1,0,2B,8,bottom,bottom
823537,2026-06-07,663757,Trent Grisham,686580,Justin Slaten,1,0,2B,8,bottom,bottom
823538,2026-06-05,680776,Jarren Duran,677960,Ryan Weathers,1,0,2B,3,top,top
823538,2026-06-05,665862,Jazz Chisholm Jr.,543243,Sonny Gray,1,0,2B,4,bottom,bottom
823540,2026-06-03,608070,José Ramírez,543037,Gerrit Cole,1,0,2B,4,top,top
823541,2026-06-02,641355,Cody Bellinger,676282,Joey Cantillo,1,0,2B,3,bottom,bottom
823541,2026-06-02,676609,José Caballero,676282,Joey Cantillo,1,0,2B,4,bottom,bottom
823541,2026-06-02,683011,Anthony Volpe,670059,Colin Holderman,1,0,2B,5,bottom,bottom
823541,2026-06-02,677587,Brayan Rocchio,657612,Tim Hill,1,0,2B,7,top,top
823541,2026-06-02,677587,Brayan Rocchio,657612,Tim Hill,1,0,3B,7,top,top
823541,2026-06-02,682657,Angel Martínez,666808,Camilo Doval,1,0,2B,8,top,top
823542,2026-06-04,608070,José Ramírez,607074,Carlos Rodón,1,0,2B,4,top,top
823542,2026-06-04,502671,Paul Goldschmidt,677944,Slade Cecconi,1,0,3B,4,bottom,bottom
823542,2026-06-04,641355,Cody Bellinger,677944,Slade Cecconi,1,0,2B,4,bottom,bottom
823542,2026-06-04,665862,Jazz Chisholm Jr.,676051,Codi Heuer,1,0,2B,7,bottom,bottom
823544,2026-05-24,665862,Jazz Chisholm Jr.,656876,Drew Rasmussen,1,0,2B,2,bottom,bottom
823544,2026-05-24,641355,Cody Bellinger,656876,Drew Rasmussen,0,1,2B,4,bottom,bottom
823545,2026-05-21,665489,Vladimir Guerrero Jr.,607074,Carlos Rodón,1,0,2B,1,top,top
823545,2026-05-21,682987,Spencer Jones,693686,Spencer Miles,1,0,2B,5,bottom,bottom
823546,2026-05-22,802415,Chandler Simpson,543037,Gerrit Cole,0,1,3B,1,top,top
823546,2026-05-22,691406,Junior Caminero,543037,Gerrit Cole,0,1,3B,1,top,top
823546,2026-05-22,676609,José Caballero,607259,Nick Martinez,0,1,2B,6,bottom,bottom
823549,2026-05-18,683011,Anthony Volpe,571578,Patrick Corbin,1,0,2B,2,bottom,bottom
823549,2026-05-18,683011,Anthony Volpe,571578,Patrick Corbin,1,0,3B,4,bottom,bottom
823549,2026-05-18,680474,Max Schuemann,571578,Patrick Corbin,1,0,2B,4,bottom,bottom
823549,2026-05-18,663757,Trent Grisham,684320,Yariel Rodríguez,1,0,2B,7,bottom,bottom
823549,2026-05-18,680474,Max Schuemann,656546,Jeff Hoffman,1,0,2B,8,bottom,bottom
823550,2026-05-06,677649,Ezequiel Duran,642232,Ryan Yarbrough,1,0,2B,9,top,top
823551,2026-05-07,677649,Ezequiel Duran,621112,Paul Blackburn,0,1,2B,1,top,top
823551,2026-05-07,665862,Jazz Chisholm Jr.,641302,Tyler Alexander,0,1,2B,7,bottom,bottom
823551,2026-05-07,663757,Trent Grisham,641302,Tyler Alexander,1,0,2B,7,bottom,bottom
823552,2026-05-04,665862,Jazz Chisholm Jr.,669358,Shane Baz,1,0,2B,6,bottom,bottom
823552,2026-05-04,665862,Jazz Chisholm Jr.,642152,Lou Trivino,1,0,3B,8,bottom,bottom
823554,2026-05-02,687637,Dylan Beavers,666808,Camilo Doval,1,0,2B,7,top,top
823554,2026-05-02,687637,Dylan Beavers,666808,Camilo Doval,1,0,3B,7,top,top
823554,2026-05-02,700250,Ben Rice,689296,Anthony Nunez,1,0,2B,7,bottom,bottom
823554,2026-05-02,641355,Cody Bellinger,689296,Anthony Nunez,1,0,2B,7,bottom,bottom
823554,2026-05-02,665862,Jazz Chisholm Jr.,608650,Dietrich Enns,0,1,3B,7,bottom,bottom
823555,2026-05-03,642215,Weston Wilson,608331,Max Fried,1,0,2B,3,top,top
823555,2026-05-03,641857,Ryan McMahon,552640,Andrew Kittredge,1,0,3B,8,bottom,bottom
823555,2026-05-03,676609,José Caballero,552640,Andrew Kittredge,1,0,2B,8,bottom,bottom
823559,2026-04-17,676609,José Caballero,608379,Michael Wacha,1,0,3B,5,bottom,bottom
823559,2026-04-17,592450,Aaron Judge,608379,Michael Wacha,1,0,2B,5,bottom,bottom
823560,2026-04-16,665862,Jazz Chisholm Jr.,608718,Brent Suter,1,0,3B,2,bottom,bottom
823560,2026-04-16,676609,José Caballero,608718,Brent Suter,1,0,2B,2,bottom,bottom
823560,2026-04-16,663757,Trent Grisham,680704,Nick Sandlin,0,1,2B,3,bottom,bottom
823560,2026-04-16,676609,José Caballero,696147,Sam Bachman,1,0,2B,6,bottom,bottom
823560,2026-04-16,672724,Oswald Peraza,683409,Angel Chivilli,1,0,2B,7,top,top
823561,2026-04-15,672724,Oswald Peraza,661563,Luis Gil,1,0,2B,4,top,top
823561,2026-04-15,665862,Jazz Chisholm Jr.,605447,Jordan Romano,1,0,2B,9,bottom,bottom
823563,2026-04-13,676609,José Caballero,605447,Jordan Romano,1,0,3B,9,bottom,bottom
823564,2026-04-08,667670,Brent Rooker,666808,Camilo Doval,1,0,2B,7,top,top
823565,2026-04-09,676609,José Caballero,605488,Jeffrey Springs,1,0,2B,3,bottom,bottom
823565,2026-04-09,665862,Jazz Chisholm Jr.,605488,Jeffrey Springs,1,0,3B,7,bottom,bottom
823565,2026-04-09,700250,Ben Rice,605488,Jeffrey Springs,1,0,2B,7,bottom,bottom
823566,2026-04-05,596103,Austin Slater,608331,Max Fried,1,0,2B,1,top,top
823566,2026-04-05,672640,Otto Lopez,608331,Max Fried,1,0,2B,6,top,top
823566,2026-04-05,669364,Xavier Edwards,642232,Ryan Yarbrough,1,0,2B,8,top,top
823567,2026-04-07,691016,Tyler Soderstrom,687396,Brent Headrick,1,0,2B,6,top,top
823567,2026-04-07,671732,Lawrence Butler,687396,Brent Headrick,1,0,2B,6,top,top
823567,2026-04-07,667670,Brent Rooker,518585,Fernando Cruz,1,0,2B,8,top,top
823567,2026-04-07,676609,José Caballero,669270,Joel Kuhnel,1,0,2B,8,bottom,bottom
823568,2026-04-03,665862,Jazz Chisholm Jr.,691587,Eury Pérez,1,0,2B,2,bottom,bottom
823568,2026-04-03,665862,Jazz Chisholm Jr.,691587,Eury Pérez,1,0,3B,2,bottom,bottom
823568,2026-04-03,676609,José Caballero,691587,Eury Pérez,1,0,2B,2,bottom,bottom
823568,2026-04-03,676609,José Caballero,663969,Tyler Phillips,1,0,2B,6,bottom,bottom
823568,2026-04-03,592450,Aaron Judge,669199,Lake Bachar,1,0,2B,8,bottom,bottom
823569,2026-04-04,691594,Javier Sanoja,677960,Ryan Weathers,0,1,2B,2,top,top
823569,2026-04-04,519317,Giancarlo Stanton,676534,Calvin Faucher,1,0,2B,7,bottom,bottom
823617,2026-06-12,543760,Marcus Semien,675911,Spencer Strider,1,0,2B,3,bottom,bottom
823618,2026-06-10,691026,Masyn Winn,681810,Austin Warren,1,0,2B,1,top,top
823618,2026-06-10,683146,Brett Baty,669467,Andre Pallante,1,0,2B,3,bottom,bottom
823622,2026-05-30,805300,Jakob Marsee,681035,Christian Scott,0,1,3B,2,top,top
823622,2026-05-30,660644,Vidal Bruján,663969,Tyler Phillips,0,1,3B,3,bottom,bottom
823623,2026-05-29,805999,A.J. Ewing,676974,Max Meyer,1,0,2B,1,bottom,bottom
823623,2026-05-29,681393,Connor Norby,642547,Freddy Peralta,0,1,2B,4,top,top
823624,2026-05-26,694362,Blake Dunn,656849,David Peterson,0,1,2B,1,top,top
823626,2026-05-27,665742,Juan Soto,671096,Andrew Abbott,0,1,2B,6,bottom,bottom
823627,2026-05-16,665742,Juan Soto,666808,Camilo Doval,1,0,2B,7,bottom,bottom
823627,2026-05-16,665742,Juan Soto,666808,Camilo Doval,1,0,3B,7,bottom,bottom
823627,2026-05-16,805999,A.J. Ewing,621112,Paul Blackburn,0,1,2B,8,bottom,bottom
823628,2026-05-17,805999,A.J. Ewing,695684,Elmer Rodríguez,1,0,2B,3,bottom,bottom
823628,2026-05-17,665742,Juan Soto,670280,David Bednar,1,0,2B,9,bottom,bottom
823628,2026-05-17,641857,Ryan McMahon,642207,Devin Williams,1,0,3B,10,top,top
823629,2026-05-15,665862,Jazz Chisholm Jr.,605280,Clay Holmes,1,0,3B,3,top,top
823630,2026-05-14,701807,Carson Benge,672456,Keider Montero,1,0,2B,5,bottom,bottom
823632,2026-05-12,805808,Kevin McGonigle,642547,Freddy Peralta,1,0,2B,1,top,top
823632,2026-05-12,805999,A.J. Ewing,572143,Burch Smith,1,0,2B,6,bottom,bottom
823635,2026-04-26,664983,Jake McCarthy,623211,Huascar Brazobán,0,1,2B,7,top,top
823637,2026-04-26,543760,Marcus Semien,801403,Chase Dollander,0,1,2B,2,bottom,bottom
823638,2026-04-24,686668,Brenton Doyle,640455,Sean Manaea,1,0,2B,8,top,top
823639,2026-04-23,666182,Bo Bichette,657746,Joe Ryan,1,0,2B,2,bottom,bottom
823639,2026-04-23,543760,Marcus Semien,607455,Anthony Banda,1,0,2B,8,bottom,bottom
823640,2026-04-21,701807,Carson Benge,680573,Simeon Woods Richardson,1,0,2B,3,bottom,bottom
823640,2026-04-21,807712,Luke Keaschall,690997,Nolan McLean,1,0,2B,7,top,top
823640,2026-04-21,681546,James Outman,642207,Devin Williams,1,0,2B,9,top,top
823641,2026-04-22,543760,Marcus Semien,687570,Connor Prielipp,1,0,2B,4,bottom,bottom
823641,2026-04-22,665742,Juan Soto,573124,Taylor Rogers,0,1,2B,8,bottom,bottom
823642,2026-04-12,596019,Francisco Lindor,650644,Aaron Civale,0,1,2B,1,bottom,bottom
823642,2026-04-12,687231,Darell Hernaiz,642547,Freddy Peralta,1,0,2B,2,top,top
823644,2026-04-11,701807,Carson Benge,682052,Jacob Lopez,1,0,2B,4,bottom,bottom
823645,2026-04-09,683146,Brett Baty,593958,Eduardo Rodriguez,1,0,2B,2,bottom,bottom
823646,2026-04-08,672695,Geraldo Perdomo,656849,David Peterson,1,0,2B,5,top,top
823647,2026-03-29,673357,Luis Robert Jr.,670990,Yohan Ramírez,0,1,2B,6,bottom,bottom
823649,2026-03-26,701807,Carson Benge,642701,Dennis Santana,1,0,2B,8,bottom,bottom
823651,2026-03-28,683146,Brett Baty,656605,Mitch Keller,1,0,2B,2,bottom,bottom
823695,2026-06-12,671056,Iván Herrera,657746,Joe Ryan,1,0,2B,5,top,top
823696,2026-06-07,665019,Kody Clemens,702070,Noah Cameron,1,0,2B,2,bottom,bottom
823697,2026-06-06,677951,Bobby Witt Jr.,657746,Joe Ryan,1,0,2B,3,top,top
823697,2026-06-06,686475,Tyler Tolbert,679358,Eric Orze,1,0,2B,9,top,top
823698,2026-06-04,677951,Bobby Witt Jr.,702193,Andrew Morris,1,0,2B,1,top,top
823699,2026-06-05,677951,Bobby Witt Jr.,805673,Zebby Matthews,1,0,2B,1,top,top
823700,2026-06-02,682668,Luisangel Acuña,687570,Connor Prielipp,1,0,2B,3,top,top
823700,2026-06-02,682668,Luisangel Acuña,687570,Connor Prielipp,1,0,3B,3,top,top
823700,2026-06-02,656484,Tristan Gray,663436,Davis Martin,1,0,3B,4,bottom,bottom
823700,2026-06-02,682668,Luisangel Acuña,607455,Anthony Banda,1,0,2B,8,top,top
823702,2026-06-01,668885,Austin Martin,689818,David Sandlin,1,0,2B,4,bottom,bottom
823702,2026-06-01,621439,Byron Buxton,689818,David Sandlin,1,0,2B,4,bottom,bottom
823706,2026-05-16,663368,Blake Perkins,679358,Eric Orze,1,0,2B,7,top,top
823708,2026-05-17,694192,Jackson Chourio,641927,Bailey Ober,1,0,2B,1,top,top
823708,2026-05-17,686217,Sal Frelick,641927,Bailey Ober,1,0,3B,2,top,top
823708,2026-05-17,807712,Luke Keaschall,681982,Grant Anderson,0,1,2B,5,bottom,bottom
823708,2026-05-17,686217,Sal Frelick,607455,Anthony Banda,1,0,2B,6,top,top
823709,2026-05-14,668885,Austin Martin,666129,Braxton Garrett,1,0,2B,1,bottom,bottom
823709,2026-05-14,681546,James Outman,676534,Calvin Faucher,0,1,3B,3,bottom,bottom
823709,2026-05-14,807712,Luke Keaschall,667463,John King,1,0,2B,8,bottom,bottom
823711,2026-05-03,621439,Byron Buxton,702056,Trey Yesavage,1,0,2B,4,bottom,bottom
823712,2026-05-12,807712,Luke Keaschall,691587,Eury Pérez,1,0,2B,2,bottom,bottom
823712,2026-05-12,668904,Royce Lewis,691587,Eury Pérez,1,0,2B,3,bottom,bottom
823712,2026-05-12,663616,Trevor Larnach,691587,Eury Pérez,1,0,2B,5,bottom,bottom
823712,2026-05-12,621439,Byron Buxton,691587,Eury Pérez,1,0,H,5,bottom,bottom
823714,2026-04-30,660821,Jesús Sánchez,641927,Bailey Ober,1,0,2B,1,top,top
823714,2026-04-30,668885,Austin Martin,667297,Tommy Nance,1,0,2B,6,bottom,bottom
823717,2026-04-29,681546,James Outman,642100,Gabe Speier,1,0,2B,8,bottom,bottom
823717,2026-04-29,686797,Brooks Lee,642100,Gabe Speier,1,0,2B,8,bottom,bottom
823717,2026-04-29,660844,Leo Rivas,679358,Eric Orze,1,0,2B,9,top,top
823717,2026-04-29,702284,Cole Young,679358,Eric Orze,1,0,2B,9,top,top
823719,2026-04-27,663616,Trevor Larnach,677961,Cole Wilcox,1,0,2B,6,bottom,bottom
823719,2026-04-27,680777,Ryan Jeffers,695380,Alex Hoppe,1,0,2B,8,bottom,bottom
823720,2026-04-17,701398,Sal Stewart,657746,Joe Ryan,1,0,2B,4,top,top
823721,2026-04-18,807712,Luke Keaschall,671096,Andrew Abbott,1,0,2B,3,bottom,bottom
823721,2026-04-18,666181,Will Benson,671737,Taj Bradley,1,0,2B,5,top,top
823722,2026-04-15,657136,Connor Wong,680573,Simeon Woods Richardson,1,0,2B,4,top,top
823723,2026-04-14,665019,Kody Clemens,543243,Sonny Gray,1,0,2B,2,bottom,bottom
823724,2026-04-09,665019,Kody Clemens,656427,Jack Flaherty,0,1,2B,2,bottom,bottom
823724,2026-04-09,665019,Kody Clemens,656427,Jack Flaherty,1,0,2B,4,bottom,bottom
823726,2026-04-08,668904,Royce Lewis,664285,Framber Valdez,1,0,2B,1,bottom,bottom
823726,2026-04-08,807712,Luke Keaschall,664285,Framber Valdez,1,0,2B,4,bottom,bottom
823726,2026-04-08,621439,Byron Buxton,646241,Enmanuel De Jesus,0,1,2B,6,bottom,bottom
823726,2026-04-08,668885,Austin Martin,646241,Enmanuel De Jesus,0,1,2B,6,bottom,bottom
823728,2026-04-06,805808,Kevin McGonigle,657746,Joe Ryan,1,0,2B,4,top,top
823732,2026-04-03,807712,Luke Keaschall,671212,Joe Boyle,1,0,2B,4,bottom,bottom
823732,2026-04-03,681546,James Outman,687330,Kevin Kelly,1,0,2B,7,bottom,bottom
823776,2026-06-13,669016,Brandon Marsh,675660,Shane Drohan,1,0,2B,4,top,top
823776,2026-06-13,592663,J.T. Realmuto,656730,Trevor Megill,1,0,2B,9,top,top
823778,2026-06-12,668930,Brice Turang,691725,Andrew Painter,1,0,3B,5,bottom,bottom
823778,2026-06-12,687401,Joey Ortiz,691725,Andrew Painter,1,0,2B,6,bottom,bottom
823780,2026-06-03,682674,Victor Bericoto,694477,Chad Patrick,0,1,2B,7,top,top
823782,2026-06-02,592885,Christian Yelich,686790,Trevor McDonald,1,0,2B,1,bottom,bottom
823782,2026-06-02,650859,Luis Rengifo,686790,Trevor McDonald,0,1,2B,2,bottom,bottom
823782,2026-06-02,668930,Brice Turang,668873,Caleb Kilian,1,0,2B,7,bottom,bottom
823783,2026-05-27,691026,Masyn Winn,656730,Trevor Megill,1,0,2B,9,top,top
823785,2026-05-26,650859,Luis Rengifo,681676,Ryan Fernandez,1,0,2B,5,bottom,bottom
823787,2026-05-23,518692,Freddie Freeman,681982,Grant Anderson,1,0,2B,5,top,top
823789,2026-05-14,686217,Sal Frelick,676760,Ron Marinaccio,0,1,2B,3,bottom,bottom
823789,2026-05-14,666152,David Hamilton,676760,Ron Marinaccio,1,0,2B,3,bottom,bottom
823789,2026-05-14,669003,Garrett Mitchell,676760,Ron Marinaccio,1,0,2B,4,bottom,bottom
823790,2026-05-12,665487,Fernando Tatis Jr.,687075,Brandon Sproat,0,1,2B,1,top,top
823791,2026-05-13,694192,Jackson Chourio,650633,Michael King,1,0,2B,3,bottom,bottom
823792,2026-05-09,641355,Cody Bellinger,694477,Chad Patrick,0,1,2B,5,top,top
823792,2026-05-09,668930,Brice Turang,666808,Camilo Doval,1,0,2B,8,bottom,bottom
823793,2026-05-10,641355,Cody Bellinger,701656,Logan Henderson,1,0,2B,1,top,top
823793,2026-05-10,592450,Aaron Judge,669084,DL Hall,0,1,2B,6,top,top
823793,2026-05-10,650859,Luis Rengifo,621112,Paul Blackburn,1,0,2B,6,bottom,bottom
823796,2026-04-29,699912,Jose Fernandez,687075,Brandon Sproat,0,1,2B,3,top,top
823797,2026-04-26,663604,Brandon Lockridge,681895,Evan Sisk,1,0,2B,4,bottom,bottom
823799,2026-04-25,804606,Konnor Griffin,694819,Jacob Misiorowski,1,0,2B,4,top,top
823800,2026-04-24,804606,Konnor Griffin,605540,Brandon Woodruff,1,0,2B,5,top,top
823802,2026-04-14,686217,Sal Frelick,656546,Jeff Hoffman,1,0,2B,9,bottom,bottom
823802,2026-04-14,668930,Brice Turang,656546,Jeff Hoffman,1,0,2B,9,bottom,bottom
823802,2026-04-14,664702,Myles Straw,681982,Grant Anderson,0,1,3B,10,top,top
823803,2026-04-15,687401,Joey Ortiz,656302,Dylan Cease,1,0,2B,5,bottom,bottom
823803,2026-04-15,668930,Brice Turang,656302,Dylan Cease,0,1,2B,6,bottom,bottom
823804,2026-04-12,669003,Garrett Mitchell,686610,Ken Waldichuk,0,1,2B,6,bottom,bottom
823804,2026-04-12,678554,Curtis Mead,672582,Angel Zerpa,1,0,2B,7,top,top
823804,2026-04-12,695578,James Wood,672582,Angel Zerpa,1,0,H,7,top,top
823806,2026-04-01,669003,Garrett Mitchell,656876,Drew Rasmussen,1,0,2B,2,bottom,bottom
823806,2026-04-01,666152,David Hamilton,656876,Drew Rasmussen,1,0,2B,3,bottom,bottom
823807,2026-03-31,802415,Chandler Simpson,605540,Brandon Woodruff,1,0,2B,3,top,top
823807,2026-03-31,641343,Jake Bauers,642121,Cole Sulser,1,0,2B,6,bottom,bottom
823807,2026-03-31,668930,Brice Turang,672782,Yoendrys Gómez,1,0,2B,7,bottom,bottom
823808,2026-04-10,668930,Brice Turang,663623,Jake Irvin,1,0,2B,1,bottom,bottom
823808,2026-04-10,695734,Daylen Lile,694477,Chad Patrick,1,0,2B,6,top,top
823809,2026-03-30,802415,Chandler Simpson,690986,Kyle Harrison,1,0,2B,2,top,top
823809,2026-03-30,641343,Jake Bauers,607259,Nick Martinez,1,0,2B,6,bottom,bottom
823809,2026-03-30,668930,Brice Turang,664076,Garrett Cleavinger,1,0,2B,8,bottom,bottom
823810,2026-03-29,678246,Miguel Vargas,687075,Brandon Sproat,1,0,2B,2,top,top
823810,2026-03-29,663604,Brandon Lockridge,673929,Jordan Leasure,1,0,2B,6,bottom,bottom
823811,2026-03-28,669003,Garrett Mitchell,680732,Sean Burke,1,0,2B,1,bottom,bottom
823811,2026-03-28,592885,Christian Yelich,680732,Sean Burke,1,0,2B,2,bottom,bottom
823811,2026-03-28,687401,Joey Ortiz,680732,Sean Burke,1,0,2B,3,bottom,bottom
823811,2026-03-28,666152,David Hamilton,691799,Grant Taylor,1,0,2B,6,bottom,bottom
823811,2026-03-28,669003,Garrett Mitchell,663542,Bryan Hudson,1,0,2B,7,bottom,bottom
823811,2026-03-28,687401,Joey Ortiz,663542,Bryan Hudson,1,0,3B,7,bottom,bottom
823811,2026-03-28,666152,David Hamilton,663542,Bryan Hudson,1,0,2B,7,bottom,bottom
823812,2026-03-26,666152,David Hamilton,656794,Sean Newcomb,1,0,3B,4,bottom,bottom
823812,2026-03-26,668930,Brice Turang,663855,Jordan Hicks,0,1,2B,6,bottom,bottom
823855,2026-06-11,672640,Otto Lopez,518876,Merrill Kelly,1,0,3B,1,bottom,bottom
823855,2026-06-11,805300,Jakob Marsee,518876,Merrill Kelly,1,0,2B,4,bottom,bottom
823855,2026-06-11,672640,Otto Lopez,623149,Paul Sewald,1,0,2B,8,bottom,bottom
823859,2026-06-06,665923,Esteury Ruiz,663556,Shane McClanahan,1,0,2B,5,bottom,bottom
823861,2026-05-24,805999,A.J. Ewing,663969,Tyler Phillips,1,0,2B,1,top,top
823861,2026-05-24,701807,Carson Benge,669622,Anthony Bender,1,0,2B,7,top,top
823861,2026-05-24,703492,Nick Morabito,664126,Pete Fairbanks,0,1,2B,9,top,top
823864,2026-05-21,673490,Ha-Seong Kim,806188,Cade Gibson,1,0,2B,8,top,top
823865,2026-05-19,671739,Michael Harris II,666129,Braxton Garrett,1,0,2B,1,top,top
823865,2026-05-19,672640,Otto Lopez,527048,Martín Pérez,1,0,3B,5,bottom,bottom
823865,2026-05-19,681715,Heriberto Hernández,527048,Martín Pérez,1,0,2B,5,bottom,bottom
823868,2026-05-10,683083,Nasim Nuñez,645261,Sandy Alcantara,1,0,2B,3,top,top
823868,2026-05-10,665923,Esteury Ruiz,681402,Gus Varland,1,0,3B,8,bottom,bottom
823868,2026-05-10,805300,Jakob Marsee,681402,Gus Varland,1,0,2B,8,bottom,bottom
823868,2026-05-10,805300,Jakob Marsee,681402,Gus Varland,1,0,3B,8,bottom,bottom
823868,2026-05-10,666624,Christopher Morel,681402,Gus Varland,1,0,2B,8,bottom,bottom
823871,2026-05-08,665923,Esteury Ruiz,656492,Foster Griffin,1,0,2B,2,bottom,bottom
823871,2026-05-08,665923,Esteury Ruiz,656492,Foster Griffin,1,0,3B,2,bottom,bottom
823871,2026-05-08,683083,Nasim Nuñez,667463,John King,1,0,2B,7,top,top
823871,2026-05-08,683083,Nasim Nuñez,667463,John King,1,0,3B,7,top,top
823871,2026-05-08,672640,Otto Lopez,695418,Brad Lord,0,1,2B,8,bottom,bottom
823873,2026-05-05,681393,Connor Norby,605135,Chris Bassitt,0,1,2B,2,bottom,bottom
823873,2026-05-05,665923,Esteury Ruiz,552640,Andrew Kittredge,1,0,2B,8,bottom,bottom
823873,2026-05-05,665923,Esteury Ruiz,552640,Andrew Kittredge,1,0,3B,8,bottom,bottom
823873,2026-05-05,683357,Owen Caissie,552640,Andrew Kittredge,1,0,2B,8,bottom,bottom
823875,2026-05-03,702222,Justin Crawford,667463,John King,1,0,2B,3,top,top
823877,2026-05-01,681082,Bryson Stott,691587,Eury Pérez,1,0,2B,2,top,top
823877,2026-05-01,547180,Bryce Harper,691587,Eury Pérez,1,0,2B,5,top,top
823877,2026-05-01,624641,Edmundo Sosa,806188,Cade Gibson,1,0,2B,7,top,top
823878,2026-04-22,805300,Jakob Marsee,681517,Kyle Leahy,1,0,2B,4,bottom,bottom
823878,2026-04-22,682663,Agustín Ramírez,681517,Kyle Leahy,0,1,3B,5,bottom,bottom
823879,2026-04-20,691023,Jordan Walker,676974,Max Meyer,1,0,2B,4,top,top
823879,2026-04-20,691026,Masyn Winn,676534,Calvin Faucher,1,0,2B,6,top,top
823879,2026-04-20,672640,Otto Lopez,681676,Ryan Fernandez,1,0,2B,8,bottom,bottom
823880,2026-04-21,681393,Connor Norby,669160,Dustin May,0,1,2B,3,bottom,bottom
823880,2026-04-21,669065,Kyle Stowers,669160,Dustin May,0,1,2B,3,bottom,bottom
823880,2026-04-21,701675,Nathan Church,663969,Tyler Phillips,1,0,2B,8,top,top
823880,2026-04-21,687363,Victor Scott II,663969,Tyler Phillips,0,1,2B,9,top,top
823881,2026-04-19,666152,David Hamilton,691587,Eury Pérez,1,0,2B,6,top,top
823882,2026-04-18,663604,Brandon Lockridge,645261,Sandy Alcantara,1,0,2B,4,top,top
823882,2026-04-18,669003,Garrett Mitchell,669622,Anthony Bender,1,0,2B,6,top,top
823884,2026-04-09,688363,Graham Pauley,683742,Jose Franco,1,0,3B,8,bottom,bottom
823884,2026-04-09,805300,Jakob Marsee,683742,Jose Franco,1,0,2B,8,bottom,bottom
823887,2026-04-07,805300,Jakob Marsee,671096,Andrew Abbott,1,0,2B,4,bottom,bottom
823887,2026-04-07,682622,Noelvi Marte,645261,Sandy Alcantara,1,0,2B,6,top,top
823887,2026-04-07,805300,Jakob Marsee,671096,Andrew Abbott,1,0,2B,6,bottom,bottom
823887,2026-04-07,805300,Jakob Marsee,671096,Andrew Abbott,1,0,3B,6,bottom,bottom
823887,2026-04-07,681715,Heriberto Hernández,671096,Andrew Abbott,1,0,2B,6,bottom,bottom
823887,2026-04-07,805300,Jakob Marsee,683742,Jose Franco,1,0,3B,8,bottom,bottom
823887,2026-04-07,680574,Matt McLain,669622,Anthony Bender,1,0,3B,9,top,top
823887,2026-04-07,682829,Elly De La Cruz,669622,Anthony Bender,1,0,2B,9,top,top
823887,2026-04-07,691594,Javier Sanoja,641941,Emilio Pagán,1,0,3B,9,bottom,bottom
823887,2026-04-07,665052,Griffin Conine,641941,Emilio Pagán,1,0,2B,9,bottom,bottom
823888,2026-03-31,671976,Tristan Peters,669622,Anthony Bender,1,0,2B,7,top,top
823890,2026-03-30,672640,Otto Lopez,663436,Davis Martin,0,1,2B,2,bottom,bottom
823890,2026-03-30,682668,Luisangel Acuña,669199,Lake Bachar,1,0,2B,6,top,top
823890,2026-03-30,682668,Luisangel Acuña,669199,Lake Bachar,1,0,3B,6,top,top
823891,2026-03-29,669364,Xavier Edwards,500779,Jose Quintana,1,0,2B,2,bottom,bottom
823891,2026-03-29,691720,Kyle Karros,663969,Tyler Phillips,1,0,3B,7,top,top
823891,2026-03-29,664983,Jake McCarthy,663969,Tyler Phillips,1,0,2B,7,top,top
823892,2026-03-28,686668,Brenton Doyle,691587,Eury Pérez,1,0,2B,2,top,top
823892,2026-03-28,682663,Agustín Ramírez,547179,Michael Lorenzen,1,0,2B,3,bottom,bottom
823892,2026-03-28,683357,Owen Caissie,657514,Brennan Bernardino,1,0,2B,5,bottom,bottom
823892,2026-03-28,691720,Kyle Karros,691587,Eury Pérez,1,0,2B,7,top,top
823892,2026-03-28,672640,Otto Lopez,677955,Jaden Hill,1,0,2B,8,bottom,bottom
823892,2026-03-28,665052,Griffin Conine,677955,Jaden Hill,1,0,2B,8,bottom,bottom
823893,2026-03-27,805300,Jakob Marsee,607536,Kyle Freeland,1,0,3B,3,bottom,bottom
823893,2026-03-27,664983,Jake McCarthy,645261,Sandy Alcantara,1,0,2B,4,top,top
823893,2026-03-27,687597,Jordan Beck,645261,Sandy Alcantara,0,1,2B,7,top,top
823943,2026-06-05,687263,Zach Neto,808963,Roki Sasaki,1,0,2B,6,top,top
823943,2026-06-05,681624,Andy Pages,672282,Reid Detmers,0,1,2B,6,bottom,bottom
823943,2026-06-05,687263,Zach Neto,683618,Edgardo Henriquez,1,0,2B,8,top,top
823944,2026-05-31,669016,Brandon Marsh,808967,Yoshinobu Yamamoto,0,1,2B,2,top,top
823947,2026-05-27,681624,Andy Pages,608372,Tomoyuki Sugano,0,1,2B,3,bottom,bottom
823948,2026-05-25,650489,Willi Castro,686218,Emmet Sheehan,0,1,2B,4,top,top
823948,2026-05-25,606192,Teoscar Hernández,685299,Tanner Gordon,1,0,2B,4,bottom,bottom
823949,2026-05-26,681624,Andy Pages,607536,Kyle Freeland,1,0,3B,4,bottom,bottom
823952,2026-05-13,518692,Freddie Freeman,592662,Robbie Ray,1,0,2B,5,bottom,bottom
823953,2026-05-11,683679,Jesus Rodriguez,808963,Roki Sasaki,1,0,2B,3,top,top
823953,2026-05-11,669477,Casey Schmitt,670090,Wyatt Mills,1,0,2B,9,top,top
823955,2026-05-09,621566,Matt Olson,605483,Blake Snell,1,0,2B,2,top,top
823955,2026-05-09,642201,Eli White,605483,Blake Snell,1,0,2B,3,top,top
823956,2026-04-28,682663,Agustín Ramírez,660271,Shohei Ohtani,1,0,2B,2,top,top
823956,2026-04-28,681393,Connor Norby,595014,Blake Treinen,1,0,2B,8,top,top
823956,2026-04-28,681393,Connor Norby,595014,Blake Treinen,1,0,3B,8,top,top
823958,2026-04-29,681393,Connor Norby,607192,Tyler Glasnow,0,1,2B,2,top,top
823958,2026-04-29,660271,Shohei Ohtani,645261,Sandy Alcantara,1,0,2B,3,bottom,bottom
823958,2026-04-29,688363,Graham Pauley,607192,Tyler Glasnow,0,1,2B,5,top,top
823958,2026-04-29,672640,Otto Lopez,607192,Tyler Glasnow,1,0,2B,6,top,top
823958,2026-04-29,665923,Esteury Ruiz,694361,Will Klein,1,0,2B,7,top,top
823959,2026-04-26,660271,Shohei Ohtani,684007,Shota Imanaga,1,0,2B,1,bottom,bottom
823960,2026-04-25,660271,Shohei Ohtani,607067,Colin Rea,1,0,2B,1,bottom,bottom
823963,2026-04-15,681624,Andy Pages,668964,Tobias Myers,1,0,2B,6,bottom,bottom
823964,2026-04-13,500743,Miguel Rojas,518886,Craig Kimbrel,0,1,2B,6,bottom,bottom
823965,2026-04-14,596019,Francisco Lindor,595014,Blake Treinen,1,0,2B,8,top,top
823967,2026-04-11,808975,Hyeseong Kim,683004,Jack Leiter,1,0,2B,4,bottom,bottom
823967,2026-04-11,681624,Andy Pages,641302,Tyler Alexander,1,0,2B,6,bottom,bottom
823967,2026-04-11,681624,Andy Pages,455119,Chris Martin,0,1,2B,8,bottom,bottom
823968,2026-04-10,694497,Evan Carter,607192,Tyler Glasnow,1,0,2B,2,top,top
823968,2026-04-10,664059,Sam Haggerty,621242,Edwin Díaz,1,0,2B,9,top,top
823970,2026-04-01,682177,Daniel Schneemann,808967,Yoshinobu Yamamoto,1,0,3B,3,top,top
823970,2026-04-01,680757,Steven Kwan,694361,Will Klein,0,1,2B,8,top,top
823971,2026-03-27,663656,Kyle Tucker,656464,Kevin Ginkel,1,0,2B,8,bottom,bottom
823971,2026-03-27,677950,Alek Thomas,621242,Edwin Díaz,1,0,2B,9,top,top
823972,2026-03-30,608070,José Ramírez,808963,Roki Sasaki,1,0,2B,1,top,top
823972,2026-03-30,682657,Angel Martínez,656945,Tanner Scott,1,0,2B,5,top,top
823972,2026-03-30,680757,Steven Kwan,656945,Tanner Scott,1,0,2B,5,top,top
823973,2026-03-28,672695,Geraldo Perdomo,607192,Tyler Glasnow,1,0,2B,3,top,top
823973,2026-03-28,663656,Kyle Tucker,642528,Jonathan Loáisiga,1,0,2B,6,bottom,bottom
824019,2026-06-13,545361,Mike Trout,643377,Griffin Jax,1,0,2B,1,bottom,bottom
824019,2026-06-13,694203,Denzer Guzman,518886,Craig Kimbrel,1,0,2B,6,bottom,bottom
824019,2026-06-13,687263,Zach Neto,642121,Cole Sulser,1,0,2B,7,bottom,bottom
824020,2026-06-12,663611,Nick Madrigal,663556,Shane McClanahan,1,0,2B,3,bottom,bottom
824020,2026-06-12,670764,Taylor Walls,815083,Mitch Farris,1,0,2B,7,top,top
824022,2026-06-10,672724,Oswald Peraza,663567,Peter Lambert,1,0,2B,7,bottom,bottom
824022,2026-06-10,672724,Oswald Peraza,663567,Peter Lambert,1,0,3B,7,bottom,bottom
824022,2026-06-10,545361,Mike Trout,687911,Bryan King,1,0,2B,8,bottom,bottom
824024,2026-06-03,696100,Hunter Goodman,700712,Walbert Ureña,1,0,2B,2,top,top
824027,2026-06-01,666397,Edouard Julien,667755,José Soriano,0,1,2B,2,top,top
824027,2026-06-01,672724,Oswald Peraza,607536,Kyle Freeland,1,0,2B,5,bottom,bottom
824027,2026-06-01,672724,Oswald Peraza,607536,Kyle Freeland,1,0,2B,5,bottom,bottom
824031,2026-05-21,680869,Zack Gelof,667755,José Soriano,1,0,2B,7,top,top
824031,2026-05-21,687231,Darell Hernaiz,681217,Chase Silseth,1,0,2B,7,top,top
824031,2026-05-21,703607,Henry Bolte,489446,Kirby Yates,1,0,2B,9,top,top
824031,2026-05-21,680869,Zack Gelof,666171,Ryan Zeferjahn,1,0,2B,10,top,top
824033,2026-05-19,701762,Nick Kurtz,820862,José Fermin,1,0,2B,6,top,top
824035,2026-05-18,660162,Yoán Moncada,669372,J.T. Ginn,1,0,2B,5,bottom,bottom
824035,2026-05-18,680869,Zack Gelof,666171,Ryan Zeferjahn,1,0,2B,9,top,top
824036,2026-05-06,687263,Zach Neto,702273,Noah Schultz,0,1,2B,1,bottom,bottom
824036,2026-05-06,669326,Bryce Teodosio,702273,Noah Schultz,1,0,2B,4,bottom,bottom
824036,2026-05-06,669326,Bryce Teodosio,691799,Grant Taylor,1,0,2B,8,bottom,bottom
824038,2026-05-16,660271,Shohei Ohtani,667755,José Soriano,1,0,2B,3,top,top
824040,2026-05-05,803011,Sam Antonacci,666171,Ryan Zeferjahn,1,0,2B,9,top,top
824040,2026-05-05,678246,Miguel Vargas,666171,Ryan Zeferjahn,1,0,2B,9,top,top
824042,2026-05-02,543760,Marcus Semien,672282,Reid Detmers,1,0,2B,7,top,top
824042,2026-05-02,665742,Juan Soto,666171,Ryan Zeferjahn,1,0,2B,10,top,top
824044,2026-04-22,664770,Nathan Lukes,667755,José Soriano,0,1,2B,3,top,top
824044,2026-04-22,545361,Mike Trout,667297,Tommy Nance,1,0,2B,7,bottom,bottom
824045,2026-04-21,672724,Oswald Peraza,689254,Mason Fluharty,0,1,2B,7,bottom,bottom
824046,2026-04-20,687263,Zach Neto,656302,Dylan Cease,1,0,3B,3,bottom,bottom
824046,2026-04-20,545361,Mike Trout,656302,Dylan Cease,1,0,2B,3,bottom,bottom
824046,2026-04-20,687263,Zach Neto,656302,Dylan Cease,1,0,2B,5,bottom,bottom
824049,2026-04-18,665487,Fernando Tatis Jr.,579328,Yusei Kikuchi,0,1,2B,1,top,top
824049,2026-04-18,687263,Zach Neto,608566,Germán Márquez,0,1,2B,1,bottom,bottom
824049,2026-04-18,665487,Fernando Tatis Jr.,680704,Nick Sandlin,1,0,2B,8,top,top
824049,2026-04-18,669369,Bryce Johnson,680704,Nick Sandlin,1,0,2B,9,top,top
824050,2026-04-08,663586,Austin Riley,672282,Reid Detmers,1,0,2B,2,top,top
824050,2026-04-08,671739,Michael Harris II,666171,Ryan Zeferjahn,1,0,2B,6,top,top
824051,2026-04-07,666176,Jo Adell,625643,Reynaldo López,1,0,2B,2,bottom,bottom
824056,2026-04-03,641487,J.P. Crawford,672282,Reid Detmers,0,1,2B,7,top,top
824103,2026-06-10,677951,Bobby Witt Jr.,669022,MacKenzie Gore,1,0,3B,3,bottom,bottom
824103,2026-06-10,686469,Vinnie Pasquantino,669022,MacKenzie Gore,1,0,2B,3,bottom,bottom
824103,2026-06-10,686475,Tyler Tolbert,596001,Jakob Junis,0,1,2B,8,bottom,bottom
824105,2026-06-09,677951,Bobby Witt Jr.,543135,Nathan Eovaldi,0,1,2B,1,bottom,bottom
824105,2026-06-09,694497,Evan Carter,663568,Stephen Kolek,1,0,3B,4,top,top
824105,2026-06-09,686475,Tyler Tolbert,668390,Cole Winn,1,0,2B,7,bottom,bottom
824105,2026-06-09,695506,Jac Caglianone,695239,Robby Ahlstrom,1,0,2B,8,bottom,bottom
824107,2026-05-25,686475,Tyler Tolbert,656234,Jake Bird,1,0,2B,8,bottom,bottom
824108,2026-05-24,686475,Tyler Tolbert,695380,Alex Hoppe,1,0,2B,8,bottom,bottom
824109,2026-05-23,677951,Bobby Witt Jr.,669923,George Kirby,1,0,3B,1,bottom,bottom
824109,2026-05-23,686469,Vinnie Pasquantino,669923,George Kirby,1,0,2B,1,bottom,bottom
824109,2026-05-23,695506,Jac Caglianone,669923,George Kirby,1,0,2B,1,bottom,bottom
824113,2026-05-10,672761,Wenceel Pérez,656638,Alex Lange,0,1,3B,7,top,top
824114,2026-05-18,677951,Bobby Witt Jr.,676477,Garrett Whitlock,1,0,2B,8,bottom,bottom
824115,2026-05-09,656716,Zach McKinstry,608379,Michael Wacha,1,0,2B,3,top,top
824115,2026-05-09,672580,Maikel Garcia,680744,Ty Madden,0,1,2B,5,bottom,bottom
824116,2026-05-08,805808,Kevin McGonigle,663460,Kris Bubic,1,0,2B,1,top,top
824117,2026-05-07,608070,José Ramírez,607625,Seth Lugo,0,1,2B,4,top,top
824117,2026-05-07,690984,Petey Halpin,656638,Alex Lange,1,0,2B,6,top,top
824117,2026-05-07,683953,Travis Bazzana,672021,Eric Cerantola,1,0,2B,7,top,top
824117,2026-05-07,683953,Travis Bazzana,672021,Eric Cerantola,1,0,3B,7,top,top
824117,2026-05-07,677587,Brayan Rocchio,672021,Eric Cerantola,1,0,2B,7,top,top
824117,2026-05-07,677587,Brayan Rocchio,683232,Nick Mears,0,1,2B,9,top,top
824119,2026-05-05,686555,Isaac Collins,668909,Gavin Williams,1,0,2B,2,bottom,bottom
824120,2026-05-04,677951,Bobby Witt Jr.,641401,Connor Brogdon,1,0,3B,7,bottom,bottom
824120,2026-05-04,686469,Vinnie Pasquantino,641401,Connor Brogdon,1,0,2B,7,bottom,bottom
824121,2026-04-25,677951,Bobby Witt Jr.,700712,Walbert Ureña,0,1,2B,1,bottom,bottom
824121,2026-04-25,672724,Oswald Peraza,666142,Cole Ragans,1,0,3B,2,top,top
824121,2026-04-25,686555,Isaac Collins,680704,Nick Sandlin,0,1,2B,5,bottom,bottom
824122,2026-04-26,672724,Oswald Peraza,656638,Alex Lange,1,0,2B,9,top,top
824122,2026-04-26,666176,Jo Adell,656638,Alex Lange,1,0,2B,9,top,top
824122,2026-04-26,669326,Bryce Teodosio,656638,Alex Lange,1,0,2B,9,top,top
824123,2026-04-22,677951,Bobby Witt Jr.,605135,Chris Bassitt,1,0,2B,5,bottom,bottom
824124,2026-04-24,664728,Kyle Isbel,519141,Drew Pomeranz,1,0,2B,8,bottom,bottom
824125,2026-04-20,672580,Maikel Garcia,680694,Kyle Bradish,0,1,2B,4,bottom,bottom
824127,2026-04-21,642215,Weston Wilson,663460,Kris Bubic,0,1,2B,4,top,top
824127,2026-04-21,672580,Maikel Garcia,669358,Shane Baz,1,0,3B,5,bottom,bottom
824128,2026-04-10,656537,Derek Hill,663460,Kris Bubic,1,0,2B,6,top,top
824130,2026-04-09,677951,Bobby Witt Jr.,641743,Anthony Kay,1,0,2B,1,bottom,bottom
824134,2026-04-04,672580,Maikel Garcia,701656,Logan Henderson,0,1,2B,1,bottom,bottom
824134,2026-04-04,663604,Brandon Lockridge,607625,Seth Lugo,1,0,2B,4,top,top
824134,2026-04-04,687401,Joey Ortiz,669212,Eli Morgan,1,0,2B,7,top,top
824135,2026-03-30,668885,Austin Martin,663460,Kris Bubic,0,1,2B,1,top,top
824135,2026-03-30,664728,Kyle Isbel,623437,Justin Topa,1,0,2B,7,bottom,bottom
824136,2026-04-01,677951,Bobby Witt Jr.,657746,Joe Ryan,1,0,2B,1,bottom,bottom
824136,2026-04-01,664728,Kyle Isbel,657746,Joe Ryan,1,0,2B,2,bottom,bottom
824183,2026-06-07,669127,Shea Langeliers,681347,Mike Burrows,1,0,2B,3,top,top
824183,2026-06-07,701762,Nick Kurtz,681347,Mike Burrows,1,0,2B,4,top,top
824186,2026-06-05,665161,Jeremy Peña,686930,Mason Barnett,0,1,2B,5,bottom,bottom
824187,2026-05-31,666152,David Hamilton,837227,Tatsuya Imai,1,0,2B,3,top,top
824187,2026-05-31,666152,David Hamilton,837227,Tatsuya Imai,1,0,3B,3,top,top
824187,2026-05-31,666152,David Hamilton,837227,Tatsuya Imai,1,0,2B,5,top,top
824187,2026-05-31,663368,Blake Perkins,663878,Nate Pearson,0,1,3B,9,top,top
824188,2026-06-03,665833,Oneil Cruz,681293,Spencer Arrighetti,1,0,2B,2,top,top
824188,2026-06-03,665833,Oneil Cruz,681293,Spencer Arrighetti,0,1,2B,4,top,top
824189,2026-06-02,663968,Jake Mangum,681347,Mike Burrows,1,0,2B,2,top,top
824189,2026-06-02,701358,Cam Smith,696149,Bubba Chandler,1,0,2B,2,bottom,bottom
824189,2026-06-02,682848,Endy Rodríguez,660853,Enyel De Los Santos,1,0,2B,6,top,top
824189,2026-06-02,668804,Bryan Reynolds,595345,Steven Okert,1,0,2B,7,top,top
824189,2026-06-02,663968,Jake Mangum,650556,Bryan Abreu,1,0,2B,8,top,top
824190,2026-05-30,665161,Jeremy Peña,687075,Brandon Sproat,1,0,2B,5,bottom,bottom
824191,2026-05-29,669003,Garrett Mitchell,595345,Steven Okert,0,1,2B,6,top,top
824192,2026-05-17,694728,Brice Matthews,543135,Nathan Eovaldi,0,1,2B,1,bottom,bottom
824194,2026-05-15,669394,Jake Burger,681293,Spencer Arrighetti,1,0,2B,5,top,top
824195,2026-05-13,668227,Randy Arozarena,621121,Lance McCullers Jr.,1,0,2B,4,top,top
824195,2026-05-13,701358,Cam Smith,662253,Andrés Muñoz,1,0,2B,9,bottom,bottom
824197,2026-05-12,647304,Josh Naylor,837227,Tatsuya Imai,1,0,2B,3,top,top
824197,2026-05-12,668227,Randy Arozarena,837227,Tatsuya Imai,1,0,2B,4,top,top
824198,2026-05-06,660271,Shohei Ohtani,669920,Jason Alexander,1,0,2B,4,top,top
824199,2026-05-11,701358,Cam Smith,669923,George Kirby,1,0,2B,2,bottom,bottom
824200,2026-05-05,681624,Andy Pages,663567,Peter Lambert,1,0,2B,2,top,top
824202,2026-04-26,665862,Jazz Chisholm Jr.,681293,Spencer Arrighetti,1,0,2B,2,top,top
824202,2026-04-26,676609,José Caballero,681293,Spencer Arrighetti,1,0,2B,3,top,top
824203,2026-04-25,676609,José Caballero,681347,Mike Burrows,1,0,2B,3,top,top
824203,2026-04-25,676609,José Caballero,681347,Mike Burrows,0,1,3B,3,top,top
824203,2026-04-25,673237,Yainer Diaz,677960,Ryan Weathers,0,1,2B,5,bottom,bottom
824203,2026-04-25,676609,José Caballero,656986,Bennett Sousa,0,1,3B,7,top,top
824206,2026-04-18,666211,Taylor Trammell,669467,Andre Pallante,1,0,2B,2,bottom,bottom
824206,2026-04-18,691023,Jordan Walker,621121,Lance McCullers Jr.,1,0,2B,5,top,top
824207,2026-04-17,701675,Nathan Church,595345,Steven Okert,1,0,2B,6,top,top
824208,2026-04-16,686668,Brenton Doyle,685005,Christian Roa,1,0,2B,5,top,top
824208,2026-04-16,686668,Brenton Doyle,805123,AJ Blubaugh,1,0,2B,7,top,top
824209,2026-04-15,664983,Jake McCarthy,681293,Spencer Arrighetti,1,0,2B,6,top,top
824209,2026-04-15,686668,Brenton Doyle,650556,Bryan Abreu,1,0,2B,7,top,top
824211,2026-04-01,701358,Cam Smith,676477,Garrett Whitlock,1,0,2B,8,bottom,bottom
824212,2026-03-31,694388,Joey Loperfido,678394,Brayan Bello,1,0,2B,5,bottom,bottom
824213,2026-03-28,676694,Jake Meyers,672282,Reid Detmers,1,0,3B,5,bottom,bottom
824213,2026-03-28,514888,Jose Altuve,608718,Brent Suter,0,1,H,7,bottom,bottom
824213,2026-03-28,670541,Yordan Alvarez,608718,Brent Suter,0,1,H,7,bottom,bottom
824213,2026-03-28,687263,Zach Neto,650556,Bryan Abreu,1,0,2B,9,top,top
824215,2026-03-29,670541,Yordan Alvarez,519141,Drew Pomeranz,1,0,2B,8,bottom,bottom
824216,2026-03-27,665161,Jeremy Peña,579328,Yusei Kikuchi,1,0,2B,1,bottom,bottom
824216,2026-03-27,514888,Jose Altuve,681217,Chase Silseth,1,0,2B,5,bottom,bottom
824218,2026-03-26,545361,Mike Trout,686613,Hunter Brown,1,0,2B,1,top,top
824218,2026-03-26,701358,Cam Smith,667755,José Soriano,1,0,2B,4,bottom,bottom
824265,2026-06-11,690993,Colt Keith,805673,Zebby Matthews,1,0,2B,4,bottom,bottom
824266,2026-06-10,621439,Byron Buxton,664285,Framber Valdez,1,0,2B,3,top,top
824267,2026-06-09,686797,Brooks Lee,675512,Troy Melton,0,1,2B,3,top,top
824268,2026-06-07,677594,Julio Rodríguez,640448,Kyle Finnegan,1,0,2B,7,top,top
824268,2026-06-07,677594,Julio Rodríguez,640448,Kyle Finnegan,1,0,3B,7,top,top
824268,2026-06-07,647304,Josh Naylor,676684,Will Vest,0,1,2B,9,top,top
824270,2026-05-27,685133,Wade Meckler,663554,Casey Mize,1,0,2B,2,top,top
824271,2026-06-05,677594,Julio Rodríguez,664285,Framber Valdez,1,0,2B,5,top,top
824271,2026-06-05,677594,Julio Rodríguez,664285,Framber Valdez,1,0,3B,5,top,top
824271,2026-06-05,668227,Randy Arozarena,664285,Framber Valdez,1,0,2B,5,top,top
824274,2026-05-21,677587,Brayan Rocchio,646241,Enmanuel De Jesus,1,0,3B,8,top,top
824281,2026-05-05,677800,Wilyer Abreu,664285,Framber Valdez,1,0,2B,1,top,top
824281,2026-05-05,596115,Trevor Story,664285,Framber Valdez,1,0,2B,1,top,top
824281,2026-05-05,805808,Kevin McGonigle,678394,Brayan Bello,1,0,2B,7,bottom,bottom
824282,2026-05-06,702332,Caleb Durbin,623454,Drew Anderson,1,0,2B,7,top,top
824282,2026-05-06,680776,Jarren Duran,623454,Drew Anderson,1,0,2B,7,top,top
824282,2026-05-06,678882,Ceddanne Rafaela,640448,Kyle Finnegan,1,0,2B,8,top,top
824283,2026-05-04,680776,Jarren Duran,680744,Ty Madden,1,0,2B,3,top,top
824284,2026-05-02,672761,Wenceel Pérez,677958,Kumar Rocker,1,0,2B,2,bottom,bottom
824284,2026-05-02,805808,Kevin McGonigle,677958,Kumar Rocker,1,0,2B,2,bottom,bottom
824284,2026-05-02,690993,Colt Keith,615698,Cal Quantrill,1,0,2B,5,bottom,bottom
824284,2026-05-02,672761,Wenceel Pérez,686560,Gavin Collyer,1,0,2B,8,bottom,bottom
824287,2026-05-01,672761,Wenceel Pérez,656222,Jalen Beeks,1,0,2B,6,bottom,bottom
824289,2026-04-16,663837,Matt Vierling,656638,Alex Lange,1,0,2B,6,bottom,bottom
824290,2026-04-21,666152,David Hamilton,646241,Enmanuel De Jesus,0,1,3B,7,top,top
824292,2026-04-14,657041,Lane Thomas,445276,Kenley Jansen,1,0,2B,9,top,top
824294,2026-04-11,681715,Heriberto Hernández,663554,Casey Mize,1,0,2B,3,top,top
824294,2026-04-11,682985,Riley Greene,669622,Anthony Bender,1,0,2B,8,bottom,bottom
824299,2026-04-03,595879,Javier Báez,700241,Michael McGreevy,1,0,2B,3,bottom,bottom
824299,2026-04-03,678009,Parker Meadows,666277,George Soriano,1,0,2B,6,bottom,bottom
824346,2026-06-11,650489,Willi Castro,665795,Edward Cabrera,1,0,2B,1,bottom,bottom
824346,2026-06-11,691718,Pete Crow-Armstrong,663372,Ryan Feltner,1,0,2B,4,top,top
824346,2026-06-11,694208,Moisés Ballesteros,663372,Ryan Feltner,1,0,2B,4,top,top
824346,2026-06-11,687859,Troy Johnston,665795,Edward Cabrera,0,1,2B,4,bottom,bottom
824346,2026-06-11,621020,Dansby Swanson,663372,Ryan Feltner,1,0,2B,5,top,top
824346,2026-06-11,664023,Ian Happ,680604,Blas Castaño,1,0,2B,7,top,top
824349,2026-06-07,687859,Troy Johnston,675660,Shane Drohan,1,0,3B,3,bottom,bottom
824350,2026-06-05,664983,Jake McCarthy,687075,Brandon Sproat,1,0,3B,1,bottom,bottom
824350,2026-06-05,696100,Hunter Goodman,687075,Brandon Sproat,1,0,2B,1,bottom,bottom
824350,2026-06-05,686217,Sal Frelick,663372,Ryan Feltner,1,0,2B,2,top,top
824350,2026-06-05,666152,David Hamilton,663372,Ryan Feltner,1,0,2B,2,top,top
824351,2026-06-06,641343,Jake Bauers,657514,Brennan Bernardino,1,0,3B,7,top,top
824351,2026-06-06,663368,Blake Perkins,657514,Brennan Bernardino,1,0,2B,7,top,top
824352,2026-05-30,664983,Jake McCarthy,621366,Ryan Borucki,1,0,2B,7,bottom,bottom
824353,2026-05-29,666397,Edouard Julien,657277,Logan Webb,1,0,2B,2,bottom,bottom
824353,2026-05-29,678662,Ezequiel Tovar,657277,Logan Webb,1,0,H,2,bottom,bottom
824353,2026-05-29,671289,Tyler Freeman,657277,Logan Webb,0,1,2B,3,bottom,bottom
824357,2026-05-18,690924,Braxton Fulford,682608,Peyton Gray,1,0,2B,4,bottom,bottom
824357,2026-05-18,686668,Brenton Doyle,656222,Jalen Beeks,1,0,2B,4,bottom,bottom
824357,2026-05-18,690924,Braxton Fulford,686560,Gavin Collyer,1,0,2B,6,bottom,bottom
824358,2026-05-17,672515,Gabriel Moreno,547179,Michael Lorenzen,1,0,2B,5,top,top
824358,2026-05-17,699912,Jose Fernandez,680604,Blas Castaño,1,0,2B,5,top,top
824358,2026-05-17,571448,Nolan Arenado,680604,Blas Castaño,1,0,2B,6,top,top
824359,2026-05-16,672695,Geraldo Perdomo,608372,Tomoyuki Sugano,1,0,2B,1,top,top
824359,2026-05-16,699912,Jose Fernandez,608372,Tomoyuki Sugano,1,0,2B,2,top,top
824359,2026-05-16,666971,Lourdes Gurriel Jr.,608372,Tomoyuki Sugano,1,0,H,2,top,top
824359,2026-05-16,682998,Corbin Carroll,608372,Tomoyuki Sugano,0,1,2B,3,top,top
824359,2026-05-16,664983,Jake McCarthy,642528,Jonathan Loáisiga,1,0,2B,7,bottom,bottom
824360,2026-05-15,682998,Corbin Carroll,607536,Kyle Freeland,1,0,3B,1,top,top
824360,2026-05-15,814439,Ryan Waldschmidt,607536,Kyle Freeland,1,0,2B,1,top,top
824361,2026-05-06,621438,Tyrone Taylor,547179,Michael Lorenzen,0,1,2B,5,top,top
824363,2026-05-04,671289,Tyler Freeman,623211,Huascar Brazobán,1,0,2B,1,bottom,bottom
824364,2026-05-03,666397,Edouard Julien,675911,Spencer Strider,1,0,2B,1,bottom,bottom
824364,2026-05-03,643289,Mauricio Dubón,680767,Victor Vodnik,0,1,2B,8,top,top
824364,2026-05-03,622761,Jorge Mateo,623474,Jimmy Herget,1,0,2B,9,top,top
824366,2026-05-01,660670,Ronald Acuña Jr.,675848,Juan Mejia,1,0,2B,9,top,top
824367,2026-04-22,701538,Jackson Merrill,608372,Tomoyuki Sugano,1,0,2B,1,top,top
824367,2026-04-22,650489,Willi Castro,593974,Wandy Peralta,0,1,3B,7,bottom,bottom
824367,2026-04-22,664983,Jake McCarthy,593974,Wandy Peralta,0,1,3B,7,bottom,bottom
824368,2026-04-23,630105,Jake Cronenworth,678020,Seth Halvorsen,1,0,2B,6,top,top
824369,2026-04-21,678662,Ezequiel Tovar,681190,Randy Vásquez,1,0,2B,2,bottom,bottom
824370,2026-04-20,660271,Shohei Ohtani,500779,Jose Quintana,1,0,2B,1,top,top
824370,2026-04-20,681624,Andy Pages,685299,Tanner Gordon,1,0,2B,7,top,top
824372,2026-04-18,687859,Troy Johnston,686218,Emmet Sheehan,1,0,2B,2,bottom,bottom
824373,2026-04-17,666160,Mickey Moniak,607192,Tyler Glasnow,1,0,2B,1,bottom,bottom
824373,2026-04-17,808975,Hyeseong Kim,608372,Tomoyuki Sugano,1,0,2B,3,top,top
824373,2026-04-17,808975,Hyeseong Kim,688642,Zach Agnos,1,0,2B,5,top,top
824376,2026-04-06,676694,Jake Meyers,663372,Ryan Feltner,0,1,2B,5,top,top
824379,2026-04-05,650489,Willi Castro,592836,Taijuan Walker,0,1,2B,4,bottom,bottom
824426,2026-06-13,683953,Travis Bazzana,669373,Tarik Skubal,1,0,3B,2,bottom,bottom
824426,2026-06-13,656413,Stuart Fairchild,669373,Tarik Skubal,1,0,2B,2,bottom,bottom
824426,2026-06-13,656413,Stuart Fairchild,669373,Tarik Skubal,1,0,2B,2,bottom,bottom
824426,2026-06-13,677587,Brayan Rocchio,669373,Tarik Skubal,1,0,2B,4,bottom,bottom
824428,2026-06-10,683953,Travis Bazzana,607074,Carlos Rodón,1,0,2B,4,bottom,bottom
824428,2026-06-10,641355,Cody Bellinger,676051,Codi Heuer,1,0,3B,7,top,top
824428,2026-06-10,663757,Trent Grisham,676051,Codi Heuer,1,0,2B,7,top,top
824428,2026-06-10,665862,Jazz Chisholm Jr.,676051,Codi Heuer,1,0,3B,7,top,top
824429,2026-06-09,608070,José Ramírez,543037,Gerrit Cole,1,0,2B,3,bottom,bottom
824431,2026-05-30,678882,Ceddanne Rafaela,676051,Codi Heuer,1,0,2B,7,top,top
824431,2026-05-30,678882,Ceddanne Rafaela,676051,Codi Heuer,1,0,3B,7,top,top
824432,2026-05-27,695578,James Wood,668909,Gavin Williams,1,0,2B,1,top,top
824432,2026-05-27,800050,Chase DeLauter,690925,Clayton Beeter,0,1,3B,7,bottom,bottom
824432,2026-05-27,682928,CJ Abrams,671922,Cade Smith,1,0,2B,9,top,top
824433,2026-05-29,683953,Travis Bazzana,678394,Brayan Bello,1,0,2B,2,bottom,bottom
824435,2026-05-16,701398,Sal Stewart,676282,Joey Cantillo,1,0,2B,1,top,top
824435,2026-05-16,694362,Blake Dunn,676282,Joey Cantillo,1,0,3B,5,top,top
824435,2026-05-16,663647,Ke'Bryan Hayes,676282,Joey Cantillo,1,0,2B,5,top,top
824435,2026-05-16,677587,Brayan Rocchio,594580,Sam Moll,1,0,2B,6,bottom,bottom
824435,2026-05-16,608070,José Ramírez,683175,Connor Phillips,1,0,2B,8,bottom,bottom
824435,2026-05-16,608070,José Ramírez,683175,Connor Phillips,1,0,3B,8,bottom,bottom
824436,2026-05-17,701398,Sal Stewart,668909,Gavin Williams,0,1,3B,4,top,top
824436,2026-05-17,683953,Travis Bazzana,683175,Connor Phillips,0,1,2B,7,bottom,bottom
824438,2026-05-13,608070,José Ramírez,672282,Reid Detmers,1,0,2B,1,bottom,bottom
824438,2026-05-13,682657,Angel Martínez,672282,Reid Detmers,1,0,2B,3,bottom,bottom
824438,2026-05-13,682657,Angel Martínez,672282,Reid Detmers,1,0,3B,3,bottom,bottom
824438,2026-05-13,608070,José Ramírez,672282,Reid Detmers,1,0,2B,3,bottom,bottom
824439,2026-05-15,680574,Matt McLain,676440,Tanner Bibee,1,0,2B,7,top,top
824441,2026-05-11,677587,Brayan Rocchio,820862,José Fermin,1,0,2B,2,bottom,bottom
824441,2026-05-11,682177,Daniel Schneemann,489446,Kirby Yates,1,0,2B,3,bottom,bottom
824442,2026-05-12,682657,Angel Martínez,519141,Drew Pomeranz,1,0,2B,7,bottom,bottom
824443,2026-05-08,668885,Austin Martin,670059,Colin Holderman,1,0,2B,7,top,top
824443,2026-05-08,683953,Travis Bazzana,607455,Anthony Banda,1,0,2B,8,bottom,bottom
824443,2026-05-08,683953,Travis Bazzana,607455,Anthony Banda,1,0,3B,8,bottom,bottom
824443,2026-05-08,677587,Brayan Rocchio,607455,Anthony Banda,1,0,2B,8,bottom,bottom
824444,2026-05-09,608070,José Ramírez,657746,Joe Ryan,1,0,2B,4,bottom,bottom
824444,2026-05-09,677587,Brayan Rocchio,657746,Joe Ryan,1,0,2B,5,bottom,bottom
824444,2026-05-09,683953,Travis Bazzana,472610,Luis García,1,0,3B,11,bottom,bottom
824445,2026-04-29,677587,Brayan Rocchio,656876,Drew Rasmussen,1,0,2B,3,bottom,bottom
824445,2026-04-29,682177,Daniel Schneemann,656876,Drew Rasmussen,1,0,2B,5,bottom,bottom
824445,2026-04-29,608070,José Ramírez,672782,Yoendrys Gómez,1,0,3B,7,bottom,bottom
824445,2026-04-29,802415,Chandler Simpson,681870,Erik Sabrowski,1,0,3B,8,top,top
824445,2026-04-29,810938,Ben Williamson,681870,Erik Sabrowski,1,0,2B,8,top,top
824446,2026-04-27,680700,Richie Palacios,683769,Hunter Gaddis,1,0,2B,8,top,top
824447,2026-04-28,802415,Chandler Simpson,676440,Tanner Bibee,1,0,2B,3,top,top
824447,2026-04-28,670764,Taylor Walls,688883,Peyton Pallette,1,0,2B,9,top,top
824448,2026-04-21,608070,José Ramírez,687911,Bryan King,1,0,2B,8,bottom,bottom
824449,2026-04-22,682177,Daniel Schneemann,663567,Peter Lambert,0,1,2B,2,bottom,bottom
824450,2026-04-20,677587,Brayan Rocchio,681293,Spencer Arrighetti,1,0,2B,4,bottom,bottom
824450,2026-04-20,701358,Cam Smith,677944,Slade Cecconi,1,0,2B,5,top,top
824450,2026-04-20,694728,Brice Matthews,682120,Tim Herrin,1,0,2B,8,top,top
824451,2026-04-18,608070,José Ramírez,665152,Dean Kremer,1,0,2B,1,bottom,bottom
824452,2026-04-19,642215,Weston Wilson,676282,Joey Cantillo,1,0,2B,2,top,top
824452,2026-04-19,669236,Jeremiah Jackson,676282,Joey Cantillo,1,0,2B,4,top,top
824454,2026-04-17,665750,Leody Taveras,676440,Tanner Bibee,1,0,2B,2,top,top
824454,2026-04-17,682657,Angel Martínez,605135,Chris Bassitt,0,1,2B,2,bottom,bottom
824454,2026-04-17,608070,José Ramírez,605135,Chris Bassitt,1,0,2B,5,bottom,bottom
824455,2026-04-08,682657,Angel Martínez,656638,Alex Lange,1,0,2B,4,bottom,bottom
824456,2026-04-06,677951,Bobby Witt Jr.,682120,Tim Herrin,1,0,2B,5,top,top
824457,2026-04-07,664728,Kyle Isbel,668909,Gavin Williams,1,0,2B,5,top,top
824457,2026-04-07,677951,Bobby Witt Jr.,542888,Shawn Armstrong,1,0,2B,8,top,top
824457,2026-04-07,677951,Bobby Witt Jr.,542888,Shawn Armstrong,1,0,3B,8,top,top
824457,2026-04-07,657041,Lane Thomas,542888,Shawn Armstrong,1,0,2B,8,top,top
824458,2026-04-03,691718,Pete Crow-Armstrong,676282,Joey Cantillo,1,0,3B,3,top,top
824459,2026-04-05,677587,Brayan Rocchio,665795,Edward Cabrera,0,1,2B,3,bottom,bottom
824460,2026-04-05,664068,Scott Kingery,671922,Cade Smith,1,0,2B,9,top,top
824507,2026-06-12,682998,Corbin Carroll,666157,Nick Lodolo,1,0,2B,1,top,top
824507,2026-06-12,667472,Dane Myers,593958,Eduardo Rodriguez,1,0,2B,1,bottom,bottom
824507,2026-06-12,672695,Geraldo Perdomo,666157,Nick Lodolo,1,0,2B,2,top,top
824507,2026-06-12,691783,Jordan Lawlar,666157,Nick Lodolo,1,0,2B,6,top,top
824507,2026-06-12,691783,Jordan Lawlar,687209,Zach Maxwell,1,0,2B,8,top,top
824507,2026-06-12,672515,Gabriel Moreno,656271,Brock Burke,1,0,2B,9,top,top
824508,2026-06-13,571448,Nolan Arenado,695076,Rhett Lowder,1,0,2B,1,top,top
824508,2026-06-13,672695,Geraldo Perdomo,695076,Rhett Lowder,1,0,2B,6,top,top
824509,2026-06-03,677951,Bobby Witt Jr.,685112,Zach McCambley,1,0,2B,9,top,top
824511,2026-06-02,677951,Bobby Witt Jr.,671096,Andrew Abbott,1,0,2B,1,top,top
824511,2026-06-02,695506,Jac Caglianone,594580,Sam Moll,1,0,2B,8,top,top
824511,2026-06-02,677951,Bobby Witt Jr.,687209,Zach Maxwell,1,0,2B,9,top,top
824513,2026-05-30,660670,Ronald Acuña Jr.,663903,Brady Singer,1,0,2B,5,top,top
824513,2026-05-30,660670,Ronald Acuña Jr.,663903,Brady Singer,1,0,3B,5,top,top
824515,2026-05-29,622761,Jorge Mateo,663978,Chris Paddack,1,0,2B,2,top,top
824515,2026-05-29,701398,Sal Stewart,656550,Grant Holmes,0,1,3B,4,bottom,bottom
824515,2026-05-29,671739,Michael Harris II,663978,Chris Paddack,0,1,2B,5,top,top
824516,2026-05-23,682829,Elly De La Cruz,668941,JoJo Romero,0,1,2B,9,bottom,bottom
824518,2026-05-23,687363,Victor Scott II,594580,Sam Moll,1,0,2B,6,top,top
824518,2026-05-23,671056,Iván Herrera,683175,Connor Phillips,1,0,2B,7,top,top
824520,2026-05-10,701358,Cam Smith,671096,Andrew Abbott,0,1,2B,2,top,top
824520,2026-05-10,682829,Elly De La Cruz,675989,Cody Bolton,1,0,3B,5,bottom,bottom
824520,2026-05-10,668709,JJ Bleday,675989,Cody Bolton,1,0,2B,5,bottom,bottom
824521,2026-05-12,670770,TJ Friedl,571945,Miles Mikolas,1,0,2B,3,bottom,bottom
824521,2026-05-12,696285,Jacob Young,683175,Connor Phillips,1,0,2B,7,top,top
824524,2026-04-30,686668,Brenton Doyle,671096,Andrew Abbott,1,0,2B,1,top,top
824525,2026-04-29,680574,Matt McLain,608372,Tomoyuki Sugano,1,0,2B,1,bottom,bottom
824525,2026-04-29,682829,Elly De La Cruz,657514,Brennan Bernardino,0,1,2B,6,bottom,bottom
824526,2026-04-28,682829,Elly De La Cruz,607536,Kyle Freeland,1,0,2B,1,bottom,bottom
824526,2026-04-28,667472,Dane Myers,607536,Kyle Freeland,1,0,2B,3,bottom,bottom
824526,2026-04-28,682829,Elly De La Cruz,607536,Kyle Freeland,1,0,2B,3,bottom,bottom
824526,2026-04-28,664983,Jake McCarthy,695505,Chase Burns,1,0,2B,5,top,top
824530,2026-04-16,642715,Willy Adames,695505,Chase Burns,0,1,2B,1,top,top
824533,2026-04-12,669326,Bryce Teodosio,693312,Kyle Nicolas,1,0,2B,4,top,top
824539,2026-03-30,682829,Elly De La Cruz,677952,Braxton Ashcraft,0,1,2B,4,bottom,bottom
824539,2026-03-30,693304,Nick Gonzales,695505,Chase Burns,1,0,2B,5,top,top
824541,2026-03-26,680776,Jarren Duran,671096,Andrew Abbott,1,0,2B,1,top,top
824587,2026-06-13,663656,Kyle Tucker,680732,Sean Burke,1,0,2B,3,top,top
824588,2026-06-12,678246,Miguel Vargas,683618,Edgardo Henriquez,0,1,2B,6,bottom,bottom
824588,2026-06-12,803011,Sam Antonacci,642546,Jonathan Hernández,1,0,2B,8,bottom,bottom
824590,2026-06-10,656537,Derek Hill,519242,Chris Sale,1,0,2B,4,bottom,bottom
824590,2026-06-10,682668,Luisangel Acuña,800311,Didier Fuentes,1,0,3B,7,bottom,bottom
824594,2026-05-29,803011,Sam Antonacci,675512,Troy Melton,1,0,2B,1,bottom,bottom
824596,2026-05-27,805367,Chase Meidroth,687570,Connor Prielipp,1,0,2B,2,bottom,bottom
824596,2026-05-27,808959,Munetaka Murakami,679358,Eric Orze,1,0,2B,6,bottom,bottom
824597,2026-05-26,803011,Sam Antonacci,657746,Joe Ryan,1,0,2B,1,bottom,bottom
824597,2026-05-26,668885,Austin Martin,680732,Sean Burke,0,1,2B,4,top,top
824598,2026-05-25,803011,Sam Antonacci,805673,Zebby Matthews,1,0,2B,2,bottom,bottom
824599,2026-05-17,663538,Nico Hoerner,607200,Erick Fedde,1,0,2B,2,top,top
824599,2026-05-17,682668,Luisangel Acuña,571948,Hoby Milner,1,0,2B,7,bottom,bottom
824599,2026-05-17,691718,Pete Crow-Armstrong,699823,Tyler Davis,1,0,3B,10,top,top
824603,2026-05-13,803011,Sam Antonacci,656638,Alex Lange,0,1,2B,8,bottom,bottom
824604,2026-05-12,803011,Sam Antonacci,663568,Stephen Kolek,1,0,2B,1,bottom,bottom
824605,2026-05-10,668227,Randy Arozarena,663436,Davis Martin,0,1,2B,4,top,top
824607,2026-05-08,641487,J.P. Crawford,656794,Sean Newcomb,0,1,2B,5,top,top
824607,2026-05-08,668227,Randy Arozarena,699823,Tyler Davis,1,0,2B,7,top,top
824608,2026-04-29,671976,Tristan Peters,666171,Ryan Zeferjahn,1,0,2B,9,bottom,bottom
824609,2026-04-27,669326,Bryce Teodosio,641743,Anthony Kay,0,1,H,2,top,top
824609,2026-04-27,687263,Zach Neto,641743,Anthony Kay,0,1,H,2,top,top
824613,2026-04-25,683083,Nasim Nuñez,674370,Osvaldo Bido,1,0,2B,10,top,top
824614,2026-04-16,668723,Ryan Vilade,641743,Anthony Kay,1,0,2B,2,top,top
824616,2026-04-14,656537,Derek Hill,663556,Shane McClanahan,1,0,2B,2,bottom,bottom
824616,2026-04-14,691406,Junior Caminero,702273,Noah Schultz,0,1,3B,3,top,top
824616,2026-04-14,668723,Ryan Vilade,702273,Noah Schultz,0,1,3B,3,top,top
824616,2026-04-14,805367,Chase Meidroth,663556,Shane McClanahan,1,0,2B,3,bottom,bottom
824616,2026-04-14,700337,Edgar Quero,663556,Shane McClanahan,1,0,2B,3,bottom,bottom
824616,2026-04-14,670764,Taylor Walls,702273,Noah Schultz,1,0,2B,4,top,top
824617,2026-04-08,687957,Dustin Harris,680694,Kyle Bradish,1,0,2B,2,bottom,bottom
824617,2026-04-08,687957,Dustin Harris,669330,Tyler Wells,1,0,2B,6,bottom,bottom
824618,2026-04-07,677942,Blaze Alexander,673929,Jordan Leasure,1,0,2B,6,top,top
824620,2026-04-05,682668,Luisangel Acuña,641778,Eric Lauer,1,0,2B,2,bottom,bottom
824621,2026-04-03,682668,Luisangel Acuña,656302,Dylan Cease,1,0,2B,2,bottom,bottom
824621,2026-04-03,543807,George Springer,680732,Sean Burke,1,0,2B,3,top,top
824621,2026-04-03,678246,Miguel Vargas,656302,Dylan Cease,1,0,3B,3,bottom,bottom
824621,2026-04-03,695657,Colson Montgomery,656302,Dylan Cease,1,0,2B,3,bottom,bottom
824621,2026-04-03,656537,Derek Hill,686973,Louis Varland,0,1,2B,8,bottom,bottom
824622,2026-04-04,676391,Ernie Clement,641743,Anthony Kay,1,0,2B,2,top,top
824622,2026-04-04,678246,Miguel Vargas,681751,Lazaro Estrada,1,0,2B,3,bottom,bottom
824669,2026-06-06,624424,Michael Conforto,694738,Landen Roupp,1,0,2B,6,bottom,bottom
824669,2026-06-06,808982,Jung Hoo Lee,657097,Jacob Webb,1,0,2B,7,top,top
824669,2026-06-06,813841,Jonah Cox,694037,Daniel Palencia,1,0,2B,9,top,top
824670,2026-06-07,808982,Jung Hoo Lee,592791,Jameson Taillon,1,0,2B,1,top,top
824670,2026-06-07,691718,Pete Crow-Armstrong,681916,Dylan Smith,1,0,3B,10,bottom,bottom
824671,2026-06-03,680869,Zack Gelof,607067,Colin Rea,0,1,2B,4,top,top
824672,2026-06-04,691718,Pete Crow-Armstrong,669372,J.T. Ginn,1,0,2B,1,bottom,bottom
824672,2026-06-04,663538,Nico Hoerner,669270,Joel Kuhnel,0,1,2B,9,bottom,bottom
824676,2026-05-24,669397,Nick Allen,573204,Caleb Thielbar,1,0,2B,9,top,top
824677,2026-05-19,666152,David Hamilton,676962,Ben Brown,1,0,2B,4,top,top
824677,2026-05-19,666152,David Hamilton,663423,Trent Thornton,1,0,2B,8,top,top
824679,2026-05-22,663538,Nico Hoerner,681293,Spencer Arrighetti,1,0,2B,3,bottom,bottom
824680,2026-05-18,694192,Jackson Chourio,684007,Shota Imanaga,1,0,2B,4,top,top
824680,2026-05-18,687401,Joey Ortiz,681799,Ethan Roberts,0,1,2B,6,top,top
824681,2026-05-07,691718,Pete Crow-Armstrong,683175,Connor Phillips,1,0,2B,4,bottom,bottom
824682,2026-05-05,691718,Pete Crow-Armstrong,683175,Connor Phillips,1,0,2B,7,bottom,bottom
824683,2026-05-06,668709,JJ Bleday,607067,Colin Rea,0,1,2B,1,top,top
824683,2026-05-06,664023,Ian Happ,663903,Brady Singer,1,0,2B,6,bottom,bottom
824684,2026-05-04,694362,Blake Dunn,676962,Ben Brown,1,0,2B,8,top,top
824688,2026-04-22,691718,Pete Crow-Armstrong,660604,Alan Rangel,1,0,2B,8,bottom,bottom
824689,2026-04-23,807713,Matt Shaw,650911,Cristopher Sánchez,1,0,2B,5,bottom,bottom
824689,2026-04-23,664238,Dylan Moore,571948,Hoby Milner,1,0,2B,8,top,top
824689,2026-04-23,624641,Edmundo Sosa,657097,Jacob Webb,1,0,2B,8,top,top
824690,2026-04-21,607208,Trea Turner,684007,Shota Imanaga,1,0,2B,1,top,top
824690,2026-04-21,664023,Ian Happ,621383,Tanner Banks,1,0,2B,6,bottom,bottom
824692,2026-04-20,681082,Bryson Stott,607067,Colin Rea,1,0,2B,2,top,top
824693,2026-04-17,669004,MJ Melendez,665795,Edward Cabrera,0,1,2B,4,top,top
824694,2026-04-18,673357,Luis Robert Jr.,592791,Jameson Taillon,0,1,2B,3,top,top
824695,2026-04-10,665833,Oneil Cruz,681799,Ethan Roberts,1,0,2B,7,top,top
824696,2026-04-12,668804,Bryan Reynolds,592791,Jameson Taillon,1,0,2B,5,top,top
824696,2026-04-12,665833,Oneil Cruz,694037,Daniel Palencia,1,0,2B,9,top,top
824697,2026-04-11,665833,Oneil Cruz,665795,Edward Cabrera,1,0,2B,1,top,top
824697,2026-04-11,804606,Konnor Griffin,665795,Edward Cabrera,1,0,2B,2,top,top
824697,2026-04-11,665833,Oneil Cruz,665795,Edward Cabrera,1,0,2B,3,top,top
824697,2026-04-11,665833,Oneil Cruz,665795,Edward Cabrera,1,0,2B,4,top,top
824697,2026-04-11,695257,Billy Cook,657097,Jacob Webb,0,1,2B,8,top,top
824698,2026-04-01,687263,Zach Neto,571510,Matthew Boyd,0,1,2B,1,top,top
824698,2026-04-01,663538,Nico Hoerner,666171,Ryan Zeferjahn,1,0,2B,6,bottom,bottom
824699,2026-03-31,545361,Mike Trout,592791,Jameson Taillon,1,0,2B,1,top,top
824699,2026-03-31,672724,Oswald Peraza,676962,Ben Brown,1,0,2B,9,top,top
824700,2026-03-29,663538,Nico Hoerner,663623,Jake Irvin,1,0,2B,4,bottom,bottom
824700,2026-03-29,683083,Nasim Nuñez,571948,Hoby Milner,1,0,2B,8,top,top
824701,2026-03-28,663538,Nico Hoerner,571945,Miles Mikolas,1,0,2B,2,bottom,bottom
824701,2026-03-28,691718,Pete Crow-Armstrong,571945,Miles Mikolas,1,0,2B,3,bottom,bottom
824701,2026-03-28,691718,Pete Crow-Armstrong,571945,Miles Mikolas,1,0,2B,5,bottom,bottom
824702,2026-03-30,807713,Matt Shaw,664192,Joey Lucchesi,1,0,2B,5,bottom,bottom
824702,2026-03-30,663538,Nico Hoerner,641312,Shaun Anderson,1,0,2B,7,bottom,bottom
824704,2026-03-26,683083,Nasim Nuñez,676962,Ben Brown,1,0,2B,6,top,top
824749,2026-06-13,678882,Ceddanne Rafaela,594798,Jacob deGrom,0,1,2B,1,bottom,bottom
824749,2026-06-13,670032,Nicky Lopez,624133,Ranger Suarez,1,0,2B,5,top,top
824752,2026-06-12,678882,Ceddanne Rafaela,683004,Jack Leiter,1,0,2B,1,bottom,bottom
824753,2026-06-04,665750,Leody Taveras,678394,Brayan Bello,1,0,2B,1,top,top
824754,2026-06-02,641933,Tyler O'Neill,813349,Connelly Early,1,0,2B,4,top,top
824754,2026-06-02,677942,Blaze Alexander,701719,Tyler Samaniego,1,0,2B,9,top,top
824755,2026-06-03,683002,Gunnar Henderson,801139,Payton Tolle,0,1,2B,1,top,top
824755,2026-06-03,668939,Adley Rutschman,801139,Payton Tolle,0,1,2B,1,top,top
824755,2026-06-03,702332,Caleb Durbin,605135,Chris Bassitt,1,0,2B,3,bottom,bottom
824756,2026-05-27,660670,Ronald Acuña Jr.,813349,Connelly Early,1,0,2B,1,top,top
824756,2026-05-27,678882,Ceddanne Rafaela,693821,Bryce Elder,1,0,2B,1,bottom,bottom
824756,2026-05-27,677800,Wilyer Abreu,689266,Dylan Dodd,1,0,2B,4,bottom,bottom
824758,2026-05-26,643396,Isiah Kiner-Falefa,675911,Spencer Strider,1,0,2B,5,bottom,bottom
824759,2026-05-24,668952,Ryan Kreidler,543243,Sonny Gray,0,1,2B,4,top,top
824760,2026-05-23,606115,Orlando Arcia,678394,Brayan Bello,0,1,2B,2,top,top
824763,2026-05-13,656941,Kyle Schwarber,547973,Aroldis Chapman,1,0,3B,9,top,top
824763,2026-05-13,607208,Trea Turner,547973,Aroldis Chapman,1,0,2B,9,top,top
824764,2026-05-12,681082,Bryson Stott,678394,Brayan Bello,1,0,3B,2,top,top
824764,2026-05-12,702222,Justin Crawford,678394,Brayan Bello,1,0,2B,2,top,top
824764,2026-05-12,680776,Jarren Duran,621237,José Alvarado,1,0,2B,8,bottom,bottom
824764,2026-05-12,643396,Isiah Kiner-Falefa,661395,Jhoan Duran,1,0,2B,9,bottom,bottom
824765,2026-05-10,702332,Caleb Durbin,607259,Nick Martinez,0,1,2B,3,bottom,bottom
824765,2026-05-10,656775,Cedric Mullins,801139,Payton Tolle,0,1,2B,4,top,top
824767,2026-05-07,676356,Jonny DeLuca,687562,Jake Bennett,1,0,2B,2,top,top
824767,2026-05-07,656775,Cedric Mullins,687562,Jake Bennett,1,0,2B,2,top,top
824767,2026-05-07,596115,Trevor Story,643377,Griffin Jax,1,0,2B,2,bottom,bottom
824767,2026-05-07,677800,Wilyer Abreu,643377,Griffin Jax,1,0,2B,3,bottom,bottom
824768,2026-05-08,680776,Jarren Duran,669438,Mason Englert,1,0,2B,7,bottom,bottom
824769,2026-05-03,575929,Willson Contreras,805123,AJ Blubaugh,1,0,2B,5,bottom,bottom
824769,2026-05-03,655316,Andruw Monasterio,805123,AJ Blubaugh,0,1,2B,6,bottom,bottom
824770,2026-04-23,677800,Wilyer Abreu,693645,Cam Schlittler,0,1,2B,2,bottom,bottom
824771,2026-05-02,678882,Ceddanne Rafaela,681293,Spencer Arrighetti,1,0,2B,3,bottom,bottom
824771,2026-05-02,687957,Dustin Harris,670245,Ryan Watson,1,0,2B,6,top,top
824772,2026-05-01,694728,Brice Matthews,687562,Jake Bennett,1,0,2B,2,top,top
824774,2026-04-22,592450,Aaron Judge,624133,Ranger Suarez,1,0,2B,5,top,top
824775,2026-04-18,655316,Andruw Monasterio,669373,Tarik Skubal,1,0,2B,6,bottom,bottom
824776,2026-04-20,668670,Jake Rogers,543243,Sonny Gray,1,0,2B,3,top,top
824776,2026-04-20,665966,Carlos Narváez,676428,Brant Hurter,1,0,3B,6,bottom,bottom
824776,2026-04-20,701350,Roman Anthony,676428,Brant Hurter,1,0,2B,6,bottom,bottom
824776,2026-04-20,643396,Isiah Kiner-Falefa,623454,Drew Anderson,1,0,2B,8,bottom,bottom
824777,2026-04-19,596115,Trevor Story,664285,Framber Valdez,1,0,2B,1,bottom,bottom
824778,2026-04-17,678882,Ceddanne Rafaela,663554,Casey Mize,0,1,2B,5,bottom,bottom
824778,2026-04-17,680776,Jarren Duran,640448,Kyle Finnegan,1,0,2B,7,bottom,bottom
824778,2026-04-17,595879,Javier Báez,547973,Aroldis Chapman,0,1,2B,9,top,top
824779,2026-04-08,592885,Christian Yelich,543243,Sonny Gray,1,0,2B,3,top,top
824779,2026-04-08,701350,Roman Anthony,681982,Grant Anderson,1,0,2B,4,bottom,bottom
824780,2026-04-07,592885,Christian Yelich,677161,Zack Kelly,1,0,2B,7,top,top
824781,2026-04-05,807799,Masataka Yoshida,621111,Walker Buehler,1,0,2B,2,bottom,bottom
824782,2026-04-04,678882,Ceddanne Rafaela,681190,Randy Vásquez,0,1,2B,3,bottom,bottom
824786,2026-04-03,657757,Gavin Sheets,543243,Sonny Gray,1,0,2B,3,top,top
824826,2026-06-12,665487,Fernando Tatis Jr.,669358,Shane Baz,1,0,2B,1,top,top
824826,2026-06-12,683002,Gunnar Henderson,656288,Griffin Canning,0,1,2B,1,bottom,bottom
824826,2026-06-12,681297,Colton Cowser,688158,David Morgan,0,1,3B,8,bottom,bottom
824826,2026-06-12,641933,Tyler O'Neill,688158,David Morgan,0,1,3B,8,bottom,bottom
824830,2026-06-09,645302,Victor Robles,669432,Trevor Rogers,1,0,2B,3,top,top
824831,2026-06-10,665750,Leody Taveras,669923,George Kirby,0,1,2B,2,bottom,bottom
824831,2026-06-10,681297,Colton Cowser,669923,George Kirby,1,0,2B,6,bottom,bottom
824831,2026-06-10,665750,Leody Taveras,669923,George Kirby,1,0,3B,6,bottom,bottom
824831,2026-06-10,647304,Josh Naylor,666974,Yennier Cano,1,0,2B,8,top,top
824836,2026-05-27,665750,Leody Taveras,669169,Jonathan Heasley,1,0,2B,5,bottom,bottom
824839,2026-05-24,702616,Jackson Holliday,445276,Kenley Jansen,1,0,2B,9,bottom,bottom
824839,2026-05-24,702616,Jackson Holliday,445276,Kenley Jansen,1,0,3B,9,bottom,bottom
824839,2026-05-24,665750,Leody Taveras,445276,Kenley Jansen,1,0,2B,9,bottom,bottom
824840,2026-05-24,805808,Kevin McGonigle,552640,Andrew Kittredge,1,0,2B,5,top,top
824841,2026-05-13,677942,Blaze Alexander,621112,Paul Blackburn,1,0,2B,5,bottom,bottom
824843,2026-05-12,680474,Max Schuemann,677020,Josh Walker,0,1,2B,6,top,top
824843,2026-05-12,680474,Max Schuemann,669330,Tyler Wells,0,1,2B,9,top,top
824845,2026-05-10,621493,Taylor Ward,622663,Luis Severino,0,1,2B,1,bottom,bottom
824845,2026-05-10,665750,Leody Taveras,622663,Luis Severino,1,0,2B,6,bottom,bottom
824845,2026-05-10,666126,Carlos Cortes,605135,Chris Bassitt,1,0,2B,7,top,top
824847,2026-05-09,701762,Nick Kurtz,669358,Shane Baz,1,0,3B,5,top,top
824849,2026-04-28,683002,Gunnar Henderson,680802,Ryan Weiss,1,0,2B,7,bottom,bottom
824853,2026-04-14,621493,Taylor Ward,518876,Merrill Kelly,1,0,2B,3,bottom,bottom
824853,2026-04-14,672695,Geraldo Perdomo,669432,Trevor Rogers,1,0,2B,4,top,top
824853,2026-04-14,672695,Geraldo Perdomo,669432,Trevor Rogers,1,0,2B,5,top,top
824853,2026-04-14,687637,Dylan Beavers,664199,Taylor Clarke,0,1,2B,6,bottom,bottom
824854,2026-04-24,680776,Jarren Duran,687064,Brandon Young,1,0,2B,3,top,top
824854,2026-04-24,665750,Leody Taveras,678394,Brayan Bello,0,1,2B,3,bottom,bottom
824855,2026-04-15,677942,Blaze Alexander,593958,Eduardo Rodriguez,1,0,2B,4,bottom,bottom
824855,2026-04-15,683002,Gunnar Henderson,656464,Kevin Ginkel,1,0,2B,7,bottom,bottom
824856,2026-04-13,672695,Geraldo Perdomo,544150,Albert Suárez,0,1,2B,7,top,top
824857,2026-04-11,624413,Pete Alonso,657277,Logan Webb,1,0,2B,3,bottom,bottom
824857,2026-04-11,683002,Gunnar Henderson,668873,Caleb Kilian,1,0,2B,7,bottom,bottom
824857,2026-04-11,687637,Dylan Beavers,621366,Ryan Borucki,1,0,2B,8,bottom,bottom
824859,2026-04-12,681297,Colton Cowser,605288,Adrian Houser,0,1,2B,2,bottom,bottom
824859,2026-04-12,683002,Gunnar Henderson,605288,Adrian Houser,1,0,2B,3,bottom,bottom
824862,2026-03-28,683002,Gunnar Henderson,607455,Anthony Banda,1,0,2B,5,bottom,bottom
824862,2026-03-28,668904,Royce Lewis,608650,Dietrich Enns,1,0,2B,7,top,top
824863,2026-03-30,669701,Josh Smith,608650,Dietrich Enns,1,0,2B,5,top,top
824865,2026-03-26,668885,Austin Martin,669432,Trevor Rogers,1,0,2B,3,top,top
824865,2026-03-26,691723,Coby Mayo,657746,Joe Ryan,1,0,2B,5,bottom,bottom
824914,2026-06-05,660670,Ronald Acuña Jr.,681895,Evan Sisk,0,1,2B,6,bottom,bottom
824915,2026-06-06,665833,Oneil Cruz,675911,Spencer Strider,1,0,2B,2,top,top
824915,2026-06-06,645277,Ozzie Albies,677952,Braxton Ashcraft,1,0,2B,3,bottom,bottom
824915,2026-06-06,643289,Mauricio Dubón,677952,Braxton Ashcraft,1,0,H,3,bottom,bottom
824915,2026-06-06,660670,Ronald Acuña Jr.,677952,Braxton Ashcraft,1,0,3B,5,bottom,bottom
824915,2026-06-06,621566,Matt Olson,677952,Braxton Ashcraft,1,0,2B,5,bottom,bottom
824915,2026-06-06,682997,Tyler Callihan,669276,Dylan Lee,1,0,2B,7,top,top
824916,2026-06-07,663968,Jake Mangum,800311,Didier Fuentes,1,0,2B,9,top,top
824917,2026-06-03,642201,Eli White,571578,Patrick Corbin,1,0,2B,2,bottom,bottom
824917,2026-06-03,663586,Austin Riley,571578,Patrick Corbin,1,0,2B,3,bottom,bottom
824917,2026-06-03,660670,Ronald Acuña Jr.,571578,Patrick Corbin,1,0,3B,4,bottom,bottom
824918,2026-06-02,665926,Andrés Giménez,663158,Robert Suarez,1,0,2B,7,top,top
824919,2026-06-04,660670,Ronald Acuña Jr.,689149,Chad Dallas,1,0,2B,3,bottom,bottom
824921,2026-05-24,695578,James Wood,625643,Reynaldo López,1,0,2B,8,top,top
824921,2026-05-24,696285,Jacob Young,471911,Carlos Carrasco,1,0,2B,9,top,top
824922,2026-05-22,683083,Nasim Nuñez,693821,Bryce Elder,1,0,2B,3,top,top
824922,2026-05-22,686611,Dylan Crews,693821,Bryce Elder,1,0,2B,4,top,top
824922,2026-05-22,695734,Daylen Lile,663158,Robert Suarez,1,0,2B,8,top,top
824922,2026-05-22,622761,Jorge Mateo,681402,Gus Varland,1,0,2B,9,bottom,bottom
824924,2026-05-16,622761,Jorge Mateo,547973,Aroldis Chapman,1,0,2B,9,bottom,bottom
824925,2026-05-15,678882,Ceddanne Rafaela,675911,Spencer Strider,1,0,2B,2,top,top
824925,2026-05-15,681508,Mickey Gasper,675911,Spencer Strider,0,1,2B,4,top,top
824925,2026-05-15,678882,Ceddanne Rafaela,675911,Spencer Strider,0,1,3B,5,top,top
824928,2026-05-13,691718,Pete Crow-Armstrong,702275,JR Ritchie,1,0,2B,3,top,top
824928,2026-05-13,608324,Alex Bregman,663158,Robert Suarez,1,0,2B,8,top,top
824932,2026-04-24,622761,Jorge Mateo,691725,Andrew Painter,1,0,3B,6,bottom,bottom
824933,2026-04-25,660670,Ronald Acuña Jr.,621237,José Alvarado,1,0,2B,7,bottom,bottom
824933,2026-04-25,660670,Ronald Acuña Jr.,621237,José Alvarado,0,1,3B,7,bottom,bottom
824933,2026-04-25,702222,Justin Crawford,641755,Tyler Kinley,1,0,2B,9,top,top
824934,2026-04-26,660670,Ronald Acuña Jr.,605400,Aaron Nola,1,0,2B,2,bottom,bottom
824934,2026-04-26,622761,Jorge Mateo,663767,Chase Shugart,0,1,2B,6,bottom,bottom
824935,2026-04-14,669364,Xavier Edwards,625643,Reynaldo López,0,1,2B,1,top,top
824935,2026-04-14,672640,Otto Lopez,625643,Reynaldo López,1,0,2B,2,top,top
824935,2026-04-14,691594,Javier Sanoja,625643,Reynaldo López,1,0,2B,2,top,top
824935,2026-04-14,805300,Jakob Marsee,625643,Reynaldo López,1,0,2B,2,top,top
824935,2026-04-14,660670,Ronald Acuña Jr.,676974,Max Meyer,1,0,2B,5,bottom,bottom
824936,2026-04-15,671739,Michael Harris II,663978,Chris Paddack,1,0,2B,2,bottom,bottom
824937,2026-04-13,663586,Austin Riley,691587,Eury Pérez,1,0,2B,4,bottom,bottom
824937,2026-04-13,573262,Mike Yastrzemski,691587,Eury Pérez,1,0,2B,4,bottom,bottom
824937,2026-04-13,689414,Liam Hicks,607481,Aaron Bummer,1,0,2B,5,top,top
824937,2026-04-13,681715,Heriberto Hernández,691548,Rolddy Muñoz,1,0,2B,6,top,top
824937,2026-04-13,805300,Jakob Marsee,691548,Rolddy Muñoz,1,0,2B,6,top,top
824938,2026-04-12,608070,José Ramírez,519242,Chris Sale,1,0,2B,1,top,top
824938,2026-04-12,660670,Ronald Acuña Jr.,676440,Tanner Bibee,1,0,2B,1,bottom,bottom
824939,2026-04-11,608070,José Ramírez,606303,Joel Payamps,1,0,2B,6,top,top
824939,2026-04-11,680757,Steven Kwan,674370,Osvaldo Bido,1,0,2B,9,top,top
824939,2026-04-11,682657,Angel Martínez,641755,Tyler Kinley,1,0,3B,9,top,top
824939,2026-04-11,608070,José Ramírez,641755,Tyler Kinley,1,0,2B,9,top,top
824941,2026-04-10,682657,Angel Martínez,693821,Bryce Elder,1,0,2B,5,top,top
824943,2026-03-30,660670,Ronald Acuña Jr.,682052,Jacob Lopez,1,0,2B,2,bottom,bottom
824943,2026-03-30,660670,Ronald Acuña Jr.,682052,Jacob Lopez,0,1,2B,4,bottom,bottom
824943,2026-03-30,643289,Mauricio Dubón,547184,Michael Kelly,0,1,2B,8,bottom,bottom
824945,2026-03-28,664728,Kyle Isbel,625643,Reynaldo López,1,0,2B,3,top,top
824945,2026-03-28,686555,Isaac Collins,625643,Reynaldo López,0,1,2B,5,top,top
824945,2026-03-28,677951,Bobby Witt Jr.,607481,Aaron Bummer,1,0,2B,8,top,top
824946,2026-03-27,672580,Maikel Garcia,519242,Chris Sale,1,0,2B,3,top,top
824946,2026-03-27,645277,Ozzie Albies,666142,Cole Ragans,0,1,2B,3,bottom,bottom
824996,2026-06-10,703607,Henry Bolte,687075,Brandon Sproat,1,0,2B,3,bottom,bottom
824997,2026-06-12,690924,Braxton Fulford,695611,Gage Jump,1,0,2B,2,top,top
824997,2026-06-12,666126,Carlos Cortes,688642,Zach Agnos,0,1,H,7,bottom,bottom
824997,2026-06-12,666126,Carlos Cortes,688642,Zach Agnos,0,1,H,7,bottom,bottom
824997,2026-06-12,671732,Lawrence Butler,688642,Zach Agnos,0,1,H,7,bottom,bottom
824998,2026-06-08,592885,Christian Yelich,660761,José Suarez,1,0,3B,12,top,top
825000,2026-05-30,665862,Jazz Chisholm Jr.,669372,J.T. Ginn,1,0,2B,4,top,top
825000,2026-05-30,665862,Jazz Chisholm Jr.,669372,J.T. Ginn,1,0,2B,4,top,top
825001,2026-05-31,683011,Anthony Volpe,682052,Jacob Lopez,1,0,2B,3,top,top
825001,2026-05-31,676609,José Caballero,547184,Michael Kelly,1,0,3B,3,top,top
825001,2026-05-31,663757,Trent Grisham,547184,Michael Kelly,1,0,2B,3,top,top
825001,2026-05-31,683011,Anthony Volpe,547184,Michael Kelly,1,0,2B,3,top,top
825004,2026-05-26,645302,Victor Robles,660761,José Suarez,0,1,2B,6,top,top
825004,2026-05-26,703607,Henry Bolte,642100,Gabe Speier,1,0,2B,8,bottom,bottom
825006,2026-05-17,680869,Zack Gelof,605288,Adrian Houser,1,0,2B,6,bottom,bottom
825008,2026-05-14,703607,Henry Bolte,694335,Matt Svanson,1,0,2B,8,bottom,bottom
825011,2026-05-12,691023,Jordan Walker,605488,Jeffrey Springs,0,1,3B,5,top,top
825011,2026-05-12,676475,Alec Burleson,605488,Jeffrey Springs,0,1,3B,5,top,top
825013,2026-05-03,683953,Travis Bazzana,650644,Aaron Civale,1,0,2B,2,top,top
825013,2026-05-03,608070,José Ramírez,650644,Aaron Civale,0,1,2B,5,top,top
825014,2026-05-02,608070,José Ramírez,682052,Jacob Lopez,1,0,3B,5,top,top
825014,2026-05-02,683953,Travis Bazzana,663687,Hogan Harris,1,0,2B,7,top,top
825014,2026-05-02,677587,Brayan Rocchio,806960,Luis Morales,1,0,2B,8,top,top
825019,2026-04-17,682668,Luisangel Acuña,650644,Aaron Civale,1,0,3B,4,top,top
825019,2026-04-17,803011,Sam Antonacci,665660,Elvis Alvarado,0,1,2B,7,top,top
825020,2026-04-18,671732,Lawrence Butler,607200,Erick Fedde,1,0,2B,3,bottom,bottom
825020,2026-04-18,671732,Lawrence Butler,656794,Sean Newcomb,1,0,2B,6,bottom,bottom
825020,2026-04-18,682668,Luisangel Acuña,643410,Mark Leiter Jr.,1,0,2B,9,top,top
825020,2026-04-18,672016,Denzel Clarke,622554,Seranthony Domínguez,1,0,2B,9,bottom,bottom
825021,2026-04-15,694497,Evan Carter,669372,J.T. Ginn,1,0,2B,2,top,top
825021,2026-04-15,691777,Max Muncy,677958,Kumar Rocker,1,0,2B,2,bottom,bottom
825021,2026-04-15,672016,Denzel Clarke,677958,Kumar Rocker,1,0,2B,2,bottom,bottom
825022,2026-04-14,677649,Ezequiel Duran,605488,Jeffrey Springs,1,0,2B,2,top,top
825023,2026-04-16,677649,Ezequiel Duran,682052,Jacob Lopez,1,0,2B,5,top,top
825023,2026-04-16,805779,Jacob Wilson,683004,Jack Leiter,1,0,2B,5,bottom,bottom
825023,2026-04-16,687231,Darell Hernaiz,676395,Robert Garcia,1,0,2B,6,bottom,bottom
825023,2026-04-16,694671,Wyatt Langford,605130,Scott Barlow,1,0,2B,7,top,top
825024,2026-04-13,677649,Ezequiel Duran,622663,Luis Severino,1,0,2B,2,top,top
825025,2026-04-05,701762,Nick Kurtz,621121,Lance McCullers Jr.,1,0,2B,3,bottom,bottom
825025,2026-04-05,701358,Cam Smith,682052,Jacob Lopez,1,0,2B,4,top,top
825025,2026-04-05,621043,Carlos Correa,686993,Justin Sterner,1,0,2B,5,top,top
825027,2026-04-04,701762,Nick Kurtz,837227,Tatsuya Imai,0,1,2B,1,bottom,bottom
825073,2026-06-05,695734,Daylen Lile,518876,Merrill Kelly,1,0,2B,3,top,top
825074,2026-06-07,696285,Jacob Young,647336,Michael Soroka,1,0,2B,3,top,top
825075,2026-06-06,683083,Nasim Nuñez,686753,Drey Jameson,1,0,2B,9,top,top
825076,2026-06-04,699912,Jose Fernandez,669165,Kyle Hurt,1,0,2B,7,bottom,bottom
825077,2026-06-03,690976,Alex Freeland,668678,Zac Gallen,1,0,2B,4,top,top
825080,2026-05-23,687859,Troy Johnston,668678,Zac Gallen,1,0,2B,6,top,top
825081,2026-05-24,814439,Ryan Waldschmidt,500779,Jose Quintana,1,0,2B,2,bottom,bottom
825082,2026-05-22,696100,Hunter Goodman,647336,Michael Soroka,1,0,2B,4,top,top
825082,2026-05-22,814439,Ryan Waldschmidt,608372,Tomoyuki Sugano,1,0,2B,5,bottom,bottom
825082,2026-05-22,696100,Hunter Goodman,657044,Ryan Thompson,1,0,2B,9,top,top
825083,2026-05-21,672515,Gabriel Moreno,680604,Blas Castaño,1,0,2B,7,bottom,bottom
825083,2026-05-21,672695,Geraldo Perdomo,678020,Seth Halvorsen,1,0,2B,8,bottom,bottom
825085,2026-05-10,545121,Ildemaro Vargas,623211,Huascar Brazobán,1,0,2B,2,bottom,bottom
825086,2026-05-19,672515,Gabriel Moreno,694738,Landen Roupp,0,1,2B,2,bottom,bottom
825087,2026-05-18,814439,Ryan Waldschmidt,592662,Robbie Ray,1,0,2B,2,bottom,bottom
825087,2026-05-18,694374,Tim Tawa,592662,Robbie Ray,0,1,2B,3,bottom,bottom
825087,2026-05-18,814439,Ryan Waldschmidt,592662,Robbie Ray,1,0,2B,3,bottom,bottom
825087,2026-05-18,699912,Jose Fernandez,592662,Robbie Ray,1,0,2B,5,bottom,bottom
825088,2026-05-08,543760,Marcus Semien,642528,Jonathan Loáisiga,1,0,2B,10,top,top
825090,2026-05-07,699912,Jose Fernandez,656605,Mitch Keller,1,0,2B,2,bottom,bottom
825090,2026-05-07,665833,Oneil Cruz,623149,Paul Sewald,1,0,2B,9,top,top
825091,2026-05-06,668804,Bryan Reynolds,647336,Michael Soroka,1,0,2B,3,top,top
825091,2026-05-06,804606,Konnor Griffin,647336,Michael Soroka,1,0,2B,7,top,top
825091,2026-05-06,665833,Oneil Cruz,656464,Kevin Ginkel,1,0,2B,7,top,top
825093,2026-04-25,666023,Freddy Fermin,694851,Andrew Hoffmann,0,1,2B,9,top,top
825094,2026-04-26,665487,Fernando Tatis Jr.,657044,Ryan Thompson,0,1,3B,7,top,top
825094,2026-04-26,701538,Jackson Merrill,657044,Ryan Thompson,0,1,3B,7,top,top
825096,2026-04-23,678246,Miguel Vargas,647336,Michael Soroka,1,0,2B,5,top,top
825096,2026-04-23,677950,Alek Thomas,663436,Davis Martin,1,0,2B,5,bottom,bottom
825096,2026-04-23,656537,Derek Hill,666661,Juan Morillo,1,0,2B,8,top,top
825097,2026-04-22,678246,Miguel Vargas,593958,Eduardo Rodriguez,1,0,2B,1,top,top
825097,2026-04-22,682998,Corbin Carroll,641743,Anthony Kay,1,0,2B,4,bottom,bottom
825097,2026-04-22,682998,Corbin Carroll,641743,Anthony Kay,1,0,3B,4,bottom,bottom
825098,2026-04-18,682998,Corbin Carroll,453286,Max Scherzer,1,0,2B,1,bottom,bottom
825101,2026-04-17,665926,Andrés Giménez,647336,Michael Soroka,1,0,3B,7,top,top
825102,2026-04-05,682998,Corbin Carroll,641755,Tyler Kinley,1,0,2B,6,bottom,bottom
825102,2026-04-05,699912,Jose Fernandez,641755,Tyler Kinley,1,0,2B,6,bottom,bottom
825102,2026-04-05,622761,Jorge Mateo,657044,Ryan Thompson,1,0,3B,7,top,top
825103,2026-04-03,660670,Ronald Acuña Jr.,593958,Eduardo Rodriguez,1,0,2B,6,top,top
825104,2026-04-04,660670,Ronald Acuña Jr.,647336,Michael Soroka,0,1,2B,3,top,top
825108,2026-03-30,691783,Jordan Lawlar,640448,Kyle Finnegan,1,0,2B,7,bottom,bottom
822801,2026-06-14,665862,Jazz Chisholm Jr.,693686,Spencer Miles,1,0,2B,6,top,top
822801,2026-06-14,665862,Jazz Chisholm Jr.,656546,Jeff Hoffman,1,0,2B,8,top,top
823212,2026-06-14,691718,Pete Crow-Armstrong,657277,Logan Webb,1,0,2B,3,top,top
823212,2026-06-14,669477,Casey Schmitt,681799,Ethan Roberts,1,0,2B,8,bottom,bottom
823212,2026-06-14,691740,Daniel Susac,681799,Ethan Roberts,1,0,2B,8,bottom,bottom
823368,2026-06-14,680779,Henry Davis,676974,Max Meyer,0,1,2B,6,bottom,bottom
823368,2026-06-14,665923,Esteury Ruiz,681895,Evan Sisk,0,1,3B,7,top,top
823368,2026-06-14,693304,Nick Gonzales,676534,Calvin Faucher,1,0,2B,7,bottom,bottom
823615,2026-06-14,665742,Juan Soto,675916,James Karinchak,0,1,2B,6,bottom,bottom
823693,2026-06-14,668904,Royce Lewis,700241,Michael McGreevy,1,0,2B,1,bottom,bottom
823693,2026-06-14,671056,Iván Herrera,671737,Taj Bradley,1,0,2B,6,top,top
823777,2026-06-14,666152,David Hamilton,650911,Cristopher Sánchez,0,1,2B,3,bottom,bottom
824021,2026-06-14,656775,Cedric Mullins,519141,Drew Pomeranz,1,0,2B,5,top,top
824021,2026-06-14,656775,Cedric Mullins,696147,Sam Bachman,1,0,2B,8,top,top
824099,2026-06-14,677951,Bobby Witt Jr.,681293,Spencer Arrighetti,1,0,2B,1,bottom,bottom
824099,2026-06-14,672580,Maikel Garcia,681293,Spencer Arrighetti,1,0,2B,1,bottom,bottom
824099,2026-06-14,670224,Kameron Misner,681293,Spencer Arrighetti,1,0,2B,4,bottom,bottom
824099,2026-06-14,677951,Bobby Witt Jr.,681293,Spencer Arrighetti,1,0,2B,5,bottom,bottom
824099,2026-06-14,686555,Isaac Collins,695001,Alimber Santa,0,1,2B,7,bottom,bottom
824506,2026-06-14,672695,Geraldo Perdomo,671096,Andrew Abbott,0,1,2B,2,top,top
824506,2026-06-14,691783,Jordan Lawlar,671096,Andrew Abbott,1,0,2B,2,top,top
824506,2026-06-14,672695,Geraldo Perdomo,687209,Zach Maxwell,1,0,2B,8,top,top
824586,2026-06-14,605141,Mookie Betts,607200,Erick Fedde,1,0,2B,4,top,top
824586,2026-06-14,678246,Miguel Vargas,686218,Emmet Sheehan,1,0,2B,6,bottom,bottom
824823,2026-06-14,701538,Jackson Merrill,669432,Trevor Rogers,1,0,2B,1,top,top
824823,2026-06-14,665487,Fernando Tatis Jr.,669432,Trevor Rogers,1,0,2B,2,top,top
822724,2026-06-15,695734,Daylen Lile,694360,Beck Way,0,1,2B,8,bottom,bottom
822887,2026-06-15,694671,Wyatt Langford,702474,Mike Paredes,1,0,2B,1,bottom,bottom
822887,2026-06-15,670032,Nicky Lopez,573124,Taylor Rogers,1,0,2B,5,bottom,bottom
823046,2026-06-15,663457,Lars Nootbaar,608337,Lucas Giolito,0,1,3B,6,bottom,bottom
823452,2026-06-15,702222,Justin Crawford,687531,William Kempner,1,0,2B,5,bottom,bottom
824181,2026-06-15,701678,Hao-Yu  Lee,681151,Jayden Murray,1,0,2B,8,top,top
824505,2026-06-15,701398,Sal Stewart,668964,Tobias Myers,1,0,2B,1,bottom,bottom
824505,2026-06-15,694362,Blake Dunn,668964,Tobias Myers,1,0,3B,1,bottom,bottom
824505,2026-06-15,680574,Matt McLain,702752,Jonathan Pintaro,1,0,2B,3,bottom,bottom
824993,2026-06-15,669127,Shea Langeliers,683003,Jared Jones,0,1,2B,4,bottom,bottom
825071,2026-06-15,682998,Corbin Carroll,700712,Walbert Ureña,1,0,2B,4,bottom,bottom
825071,2026-06-15,571448,Nolan Arenado,820862,José Fermin,1,0,2B,8,bottom,bottom
822723,2026-06-16,677951,Bobby Witt Jr.,656492,Foster Griffin,1,0,2B,1,top,top
822723,2026-06-16,696285,Jacob Young,608379,Michael Wacha,1,0,2B,4,bottom,bottom
822723,2026-06-16,683083,Nasim Nuñez,663738,Daniel Lynch IV,1,0,3B,7,bottom,bottom
822723,2026-06-16,682928,CJ Abrams,663738,Daniel Lynch IV,1,0,2B,7,bottom,bottom
822888,2026-06-16,621439,Byron Buxton,677958,Kumar Rocker,1,0,2B,1,top,top
823045,2026-06-16,669392,Samad Taylor,669467,Andre Pallante,1,0,2B,5,top,top
823045,2026-06-16,802139,JJ Wetherholt,676760,Ron Marinaccio,1,0,2B,6,bottom,bottom
823451,2026-06-16,669016,Brandon Marsh,663969,Tyler Phillips,1,0,2B,1,bottom,bottom
823939,2026-06-16,596103,Austin Slater,680736,Justin Wrobleski,1,0,2B,4,top,top
824182,2026-06-16,701678,Hao-Yu  Lee,686613,Hunter Brown,0,1,2B,2,top,top
824504,2026-06-16,701398,Sal Stewart,673540,Kodai Senga,0,1,2B,3,bottom,bottom
824504,2026-06-16,668709,JJ Bleday,623211,Huascar Brazobán,0,1,2B,7,bottom,bottom
824667,2026-06-16,687859,Troy Johnston,663423,Trent Thornton,0,1,2B,8,top,top
824667,2026-06-16,694249,Cole Carrigg,663423,Trent Thornton,1,0,2B,8,top,top
824667,2026-06-16,671289,Tyler Freeman,668970,Gavin Hollowell,0,1,2B,9,top,top
824750,2026-06-16,657136,Connor Wong,656302,Dylan Cease,1,0,2B,2,bottom,bottom
824750,2026-06-16,543807,George Springer,801139,Payton Tolle,1,0,2B,5,top,top
824750,2026-06-16,677800,Wilyer Abreu,656302,Dylan Cease,1,0,2B,5,bottom,bottom
824991,2026-06-16,703607,Henry Bolte,656605,Mitch Keller,1,0,2B,4,bottom,bottom
824991,2026-06-16,669707,Jared Triolo,678022,Jack Perkins,1,0,2B,5,top,top
824991,2026-06-16,680869,Zack Gelof,682254,Mason Montgomery,1,0,2B,8,bottom,bottom
822721,2026-06-17,695600,Carter Jensen,676571,PJ Poulin,1,0,3B,8,top,top
822721,2026-06-17,677951,Bobby Witt Jr.,676571,PJ Poulin,1,0,2B,8,top,top
822721,2026-06-17,670224,Kameron Misner,687606,Paxton Schultz,0,1,2B,9,top,top
823044,2026-06-17,701538,Jackson Merrill,681517,Kyle Leahy,1,0,2B,1,top,top
823044,2026-06-17,671056,Iván Herrera,699134,Bradgley Rodriguez,1,0,2B,1,bottom,bottom
823044,2026-06-17,665487,Fernando Tatis Jr.,681517,Kyle Leahy,1,0,2B,3,top,top
823044,2026-06-17,691026,Masyn Winn,606996,Kyle Hart,0,1,2B,6,bottom,bottom
823044,2026-06-17,669392,Samad Taylor,688297,Chris Roycroft,1,0,2B,9,top,top
823127,2026-06-17,677942,Blaze Alexander,621074,Michael Rucker,1,0,2B,9,top,top
823450,2026-06-17,607208,Trea Turner,645261,Sandy Alcantara,1,0,2B,1,bottom,bottom
823450,2026-06-17,681082,Bryson Stott,645261,Sandy Alcantara,1,0,2B,3,bottom,bottom
823450,2026-06-17,683357,Owen Caissie,680742,Jonathan Bowlan,0,1,2B,5,top,top
823774,2026-06-17,666152,David Hamilton,668909,Gavin Williams,1,0,2B,4,bottom,bottom
823774,2026-06-17,806198,Cooper Pratt,702021,Will Dion,1,0,2B,8,bottom,bottom
823940,2026-06-17,669743,Alex Call,663556,Shane McClanahan,1,0,2B,4,bottom,bottom
823940,2026-06-17,596103,Austin Slater,681911,Alex Vesia,1,0,2B,9,top,top
824668,2026-06-17,621020,Dansby Swanson,623474,Jimmy Herget,1,0,2B,8,bottom,bottom
824746,2026-06-17,643396,Isiah Kiner-Falefa,680573,Simeon Woods Richardson,1,0,2B,2,bottom,bottom
824746,2026-06-17,665926,Andrés Giménez,687562,Jake Bennett,1,0,2B,3,top,top
824746,2026-06-17,665926,Andrés Giménez,687562,Jake Bennett,1,0,3B,3,top,top
824746,2026-06-17,543807,George Springer,687562,Jake Bennett,1,0,2B,3,top,top
824746,2026-06-17,543807,George Springer,687562,Jake Bennett,1,0,3B,3,top,top
824746,2026-06-17,643396,Isiah Kiner-Falefa,693686,Spencer Miles,1,0,2B,6,bottom,bottom
824746,2026-06-17,665926,Andrés Giménez,669711,Greg Weissert,1,0,2B,8,top,top
824913,2026-06-17,650333,Luis Arraez,702275,JR Ritchie,1,0,2B,1,top,top
824913,2026-06-17,687551,Drew Gilbert,702275,JR Ritchie,0,1,2B,2,top,top
824913,2026-06-17,813841,Jonah Cox,471911,Carlos Carrasco,1,0,2B,9,top,top
822889,2026-06-18,807712,Luke Keaschall,683004,Jack Leiter,1,0,2B,4,top,top
823125,2026-06-18,806068,Colt Emerson,669358,Shane Baz,1,0,2B,1,bottom,bottom
823125,2026-06-18,665750,Leody Taveras,693433,Bryan Woo,1,0,2B,8,top,top
823448,2026-06-18,547180,Bryce Harper,640455,Sean Manaea,0,1,3B,1,bottom,bottom
823448,2026-06-18,681082,Bryson Stott,640455,Sean Manaea,1,0,2B,4,bottom,bottom
823448,2026-06-18,701807,Carson Benge,621237,José Alvarado,1,0,2B,7,top,top
823533,2026-06-18,683011,Anthony Volpe,680732,Sean Burke,0,1,2B,4,bottom,bottom
823533,2026-06-18,682668,Luisangel Acuña,677960,Ryan Weathers,0,1,2B,5,top,top
823772,2026-06-18,683953,Travis Bazzana,675660,Shane Drohan,0,1,2B,5,top,top
824098,2026-06-18,686555,Isaac Collins,677865,Justin Bruihl,1,0,2B,7,bottom,bottom
824748,2026-06-18,676391,Ernie Clement,543243,Sonny Gray,0,1,2B,6,top,top
824748,2026-06-18,681987,Nate Eaton,667297,Tommy Nance,1,0,2B,8,bottom,bottom
822886,2026-06-19,657757,Gavin Sheets,594798,Jacob deGrom,1,0,2B,1,top,top
822966,2026-06-19,683083,Nasim Nuñez,643377,Griffin Jax,1,0,2B,2,top,top
822966,2026-06-19,696285,Jacob Young,664076,Garrett Cleavinger,0,1,2B,8,top,top
823124,2026-06-19,677800,Wilyer Abreu,682243,Bryce Miller,0,1,2B,4,top,top
823534,2026-06-19,694362,Blake Dunn,693645,Cam Schlittler,0,1,2B,1,top,top
823534,2026-06-19,665862,Jazz Chisholm Jr.,687209,Zach Maxwell,1,0,2B,8,bottom,bottom
823853,2026-06-19,805300,Jakob Marsee,694738,Landen Roupp,1,0,2B,2,bottom,bottom
823853,2026-06-19,808982,Jung Hoo Lee,669622,Anthony Bender,1,0,2B,3,top,top
823853,2026-06-19,672640,Otto Lopez,694738,Landen Roupp,1,0,2B,4,bottom,bottom
823853,2026-06-19,665923,Esteury Ruiz,669062,Erik Miller,1,0,2B,8,bottom,bottom
824264,2026-06-19,678577,Junior Perez,669373,Tarik Skubal,0,1,2B,4,top,top
824345,2026-06-19,669707,Jared Triolo,607536,Kyle Freeland,1,0,2B,3,top,top
824345,2026-06-19,663968,Jake Mangum,677955,Jaden Hill,0,1,2B,8,top,top
824663,2026-06-19,691718,Pete Crow-Armstrong,592332,Kevin Gausman,1,0,2B,1,bottom,bottom
824663,2026-06-19,621020,Dansby Swanson,592332,Kevin Gausman,1,0,2B,1,bottom,bottom
824663,2026-06-19,621020,Dansby Swanson,663893,Brendon Little,1,0,2B,5,bottom,bottom
824663,2026-06-19,691718,Pete Crow-Armstrong,663893,Brendon Little,1,0,2B,5,bottom,bottom
824910,2026-06-19,806198,Cooper Pratt,669276,Dylan Lee,1,0,2B,7,top,top
824990,2026-06-19,687263,Zach Neto,605488,Jeffrey Springs,0,1,2B,1,top,top
824990,2026-06-19,703607,Henry Bolte,667755,José Soriano,0,1,2B,2,bottom,bottom
824990,2026-06-19,672724,Oswald Peraza,665660,Elvis Alvarado,0,1,2B,9,top,top
824990,2026-06-19,671732,Lawrence Butler,489446,Kirby Yates,1,0,3B,10,bottom,bottom
824990,2026-06-19,703607,Henry Bolte,489446,Kirby Yates,1,0,2B,10,bottom,bottom
825069,2026-06-19,693459,Kyler Fedko,656464,Kevin Ginkel,0,1,2B,8,top,top
822885,2026-06-20,701538,Jackson Merrill,669022,MacKenzie Gore,1,0,2B,4,top,top
822885,2026-06-20,701538,Jackson Merrill,641302,Tyler Alexander,1,0,2B,8,top,top
822967,2026-06-20,802415,Chandler Simpson,676917,Cade Cavalli,1,0,2B,3,bottom,bottom
822967,2026-06-20,670764,Taylor Walls,690925,Clayton Beeter,1,0,2B,9,bottom,bottom
822967,2026-06-20,670764,Taylor Walls,690925,Clayton Beeter,1,0,3B,9,bottom,bottom
822967,2026-06-20,676356,Jonny DeLuca,690925,Clayton Beeter,1,0,2B,9,bottom,bottom
823126,2026-06-20,677594,Julio Rodríguez,813349,Connelly Early,0,1,3B,1,bottom,bottom
823126,2026-06-20,647304,Josh Naylor,813349,Connelly Early,0,1,3B,1,bottom,bottom
823126,2026-06-20,807799,Masataka Yoshida,676106,Emerson Hancock,1,0,2B,6,top,top
823126,2026-06-20,702332,Caleb Durbin,678606,José A. Ferrer,1,0,3B,6,top,top
823126,2026-06-20,702332,Caleb Durbin,678606,José A. Ferrer,0,1,H,6,top,top
823126,2026-06-20,677594,Julio Rodríguez,813349,Connelly Early,1,0,2B,6,bottom,bottom
823126,2026-06-20,702332,Caleb Durbin,621074,Michael Rucker,1,0,2B,8,top,top
823532,2026-06-20,676609,José Caballero,671096,Andrew Abbott,1,0,2B,2,bottom,bottom
823532,2026-06-20,683011,Anthony Volpe,671096,Andrew Abbott,1,0,2B,3,bottom,bottom
823532,2026-06-20,691176,Jasson Domínguez,671096,Andrew Abbott,1,0,2B,4,bottom,bottom
823854,2026-06-20,672640,Otto Lopez,686790,Trevor McDonald,1,0,2B,1,bottom,bottom
823854,2026-06-20,687551,Drew Gilbert,676974,Max Meyer,0,1,2B,2,top,top
823854,2026-06-20,665923,Esteury Ruiz,686790,Trevor McDonald,1,0,2B,4,bottom,bottom
823854,2026-06-20,683357,Owen Caissie,664141,JT Brubaker,1,0,2B,6,bottom,bottom
823937,2026-06-20,681624,Andy Pages,669432,Trevor Rogers,0,1,2B,1,bottom,bottom
824263,2026-06-20,681546,James Outman,669684,Chris Murphy,1,0,2B,8,bottom,bottom
824342,2026-06-20,669707,Jared Triolo,608372,Tomoyuki Sugano,1,0,2B,2,top,top
824342,2026-06-20,694249,Cole Carrigg,694973,Paul Skenes,0,1,3B,2,bottom,bottom
824909,2026-06-20,806198,Cooper Pratt,669276,Dylan Lee,1,0,2B,9,top,top
822883,2026-06-21,701538,Jackson Merrill,543135,Nathan Eovaldi,1,0,2B,1,top,top
822883,2026-06-21,672284,Jarred Kelenic,673513,Yuki Matsui,0,1,2B,8,bottom,bottom
822968,2026-06-21,677588,José Tena,607259,Nick Martinez,1,0,2B,3,top,top
822968,2026-06-21,683083,Nasim Nuñez,607259,Nick Martinez,1,0,2B,3,top,top
822968,2026-06-21,802415,Chandler Simpson,681402,Gus Varland,1,0,2B,6,bottom,bottom
822968,2026-06-21,695734,Daylen Lile,687330,Kevin Kelly,0,1,2B,9,top,top
823123,2026-06-21,678882,Ceddanne Rafaela,669302,Logan Gilbert,1,0,2B,1,top,top
823123,2026-06-21,642215,Weston Wilson,801139,Payton Tolle,1,0,2B,5,bottom,bottom
823531,2026-06-21,691176,Jasson Domínguez,695505,Chase Burns,1,0,2B,1,bottom,bottom
823531,2026-06-21,691176,Jasson Domínguez,695505,Chase Burns,1,0,3B,1,bottom,bottom
823531,2026-06-21,641355,Cody Bellinger,695505,Chase Burns,1,0,2B,1,bottom,bottom
823531,2026-06-21,676609,José Caballero,695505,Chase Burns,0,1,2B,2,bottom,bottom
823531,2026-06-21,641355,Cody Bellinger,695505,Chase Burns,1,0,2B,3,bottom,bottom
823531,2026-06-21,665862,Jazz Chisholm Jr.,695505,Chase Burns,1,0,2B,4,bottom,bottom
823531,2026-06-21,665862,Jazz Chisholm Jr.,695505,Chase Burns,1,0,3B,4,bottom,bottom
823531,2026-06-21,694362,Blake Dunn,657612,Tim Hill,0,1,2B,5,top,top
823852,2026-06-21,665923,Esteury Ruiz,657277,Logan Webb,0,1,2B,5,bottom,bottom
824095,2026-06-21,686681,Michael Massey,691008,Max Rajcic,1,0,2B,3,bottom,bottom
824177,2026-06-21,656413,Stuart Fairchild,595345,Steven Okert,1,0,2B,7,top,top
824260,2026-06-21,690993,Colt Keith,663436,Davis Martin,1,0,2B,5,bottom,bottom
824908,2026-06-21,666152,David Hamilton,693821,Bryce Elder,1,0,3B,2,top,top
824908,2026-06-21,671739,Michael Harris II,688107,Robert Gasser,1,0,3B,4,bottom,bottom
824987,2026-06-21,642350,Jose Siri,678022,Jack Perkins,1,0,2B,5,top,top
824987,2026-06-21,694203,Denzer Guzman,640454,Matt Krook,0,1,2B,6,top,top
824987,2026-06-21,695681,Christian Moore,665660,Elvis Alvarado,0,1,2B,8,top,top
824987,2026-06-21,703607,Henry Bolte,681217,Chase Silseth,1,0,2B,8,bottom,bottom
825067,2026-06-21,668952,Ryan Kreidler,703615,Jose Cabrera,0,1,2B,3,top,top
825067,2026-06-21,672695,Geraldo Perdomo,702193,Andrew Morris,0,1,2B,7,bottom,bottom
825067,2026-06-21,668904,Royce Lewis,656464,Kevin Ginkel,1,0,2B,8,top,top
822720,2026-06-22,683083,Nasim Nuñez,663767,Chase Shugart,1,0,2B,8,bottom,bottom
822800,2026-06-22,665161,Jeremy Peña,656302,Dylan Cease,1,0,2B,1,top,top
822800,2026-06-22,665161,Jeremy Peña,656302,Dylan Cease,1,0,3B,1,top,top
822800,2026-06-22,662139,Daulton Varsho,686613,Hunter Brown,1,0,2B,3,bottom,bottom
822964,2026-06-22,679845,Nick Loftin,656876,Drew Rasmussen,1,0,2B,5,top,top
822964,2026-06-22,683748,Victor Mesa Jr.,670167,John Schreiber,0,1,2B,8,bottom,bottom
823040,2026-06-22,701675,Nathan Church,518876,Merrill Kelly,1,0,2B,3,bottom,bottom
823040,2026-06-22,606466,Ketel Marte,668941,JoJo Romero,1,0,2B,7,top,top
823288,2026-06-22,823550,Sung-Mun Song,675916,James Karinchak,1,0,2B,6,bottom,bottom
823288,2026-06-22,642201,Eli White,695243,Mason Miller,1,0,2B,9,top,top
823851,2026-06-22,672640,Otto Lopez,677958,Kumar Rocker,1,0,2B,4,bottom,bottom
823851,2026-06-22,607043,Brandon Nimmo,663969,Tyler Phillips,1,0,2B,6,top,top
824016,2026-06-22,669236,Jeremiah Jackson,820862,José Fermin,1,0,2B,6,top,top
824261,2026-06-22,676609,José Caballero,664285,Framber Valdez,1,0,2B,2,top,top
824344,2026-06-22,690924,Braxton Fulford,687562,Jake Bennett,1,0,2B,5,bottom,bottom
824585,2026-06-22,682668,Luisangel Acuña,668909,Gavin Williams,1,0,2B,3,bottom,bottom
824585,2026-06-22,696135,Kahlil Watson,691799,Grant Taylor,1,0,2B,7,top,top
824585,2026-06-22,803011,Sam Antonacci,542888,Shawn Armstrong,1,0,2B,7,bottom,bottom
824585,2026-06-22,803011,Sam Antonacci,542888,Shawn Armstrong,1,0,3B,7,bottom,bottom
824585,2026-06-22,683953,Travis Bazzana,622554,Seranthony Domínguez,1,0,2B,9,top,top
822718,2026-06-23,683083,Nasim Nuñez,666200,Jesús Luzardo,1,0,2B,4,bottom,bottom
822718,2026-06-23,681082,Bryson Stott,641793,Zack Littell,1,0,2B,5,top,top
822718,2026-06-23,683083,Nasim Nuñez,666200,Jesús Luzardo,1,0,3B,7,bottom,bottom
822718,2026-06-23,660688,Keibert Ruiz,666200,Jesús Luzardo,1,0,2B,7,bottom,bottom
822799,2026-06-23,665489,Vladimir Guerrero Jr.,663878,Nate Pearson,1,0,2B,8,bottom,bottom
822963,2026-06-23,680700,Richie Palacios,679883,Luinder Avila,0,1,2B,1,bottom,bottom
822963,2026-06-23,802415,Chandler Simpson,679883,Luinder Avila,1,0,2B,2,bottom,bottom
823043,2026-06-23,672695,Geraldo Perdomo,681517,Kyle Leahy,0,1,2B,6,top,top
823210,2026-06-23,691777,Max Muncy,592662,Robbie Ray,0,1,2B,3,top,top
823210,2026-06-23,808982,Jung Hoo Lee,640454,Matt Krook,1,0,2B,6,bottom,bottom
823210,2026-06-23,687551,Drew Gilbert,660761,José Suarez,0,1,2B,8,bottom,bottom
823286,2026-06-23,669392,Samad Taylor,702275,JR Ritchie,1,0,2B,1,bottom,bottom
823286,2026-06-23,823550,Sung-Mun Song,702275,JR Ritchie,1,0,2B,4,bottom,bottom
823365,2026-06-23,663968,Jake Mangum,669923,George Kirby,0,1,2B,2,bottom,bottom
823365,2026-06-23,647304,Josh Naylor,656605,Mitch Keller,1,0,2B,6,top,top
823365,2026-06-23,645302,Victor Robles,682254,Mason Montgomery,1,0,2B,7,top,top
823365,2026-06-23,695257,Billy Cook,660825,Eduard Bazardo,1,0,2B,8,bottom,bottom
824262,2026-06-23,691176,Jasson Domínguez,663554,Casey Mize,1,0,3B,1,top,top
824262,2026-06-23,683011,Anthony Volpe,663554,Casey Mize,1,0,2B,3,top,top
824262,2026-06-23,683011,Anthony Volpe,663554,Casey Mize,0,1,2B,5,top,top
824340,2026-06-23,681987,Nate Eaton,807743,Sean Sullivan,1,0,2B,1,top,top
824340,2026-06-23,664983,Jake McCarthy,543243,Sonny Gray,1,0,2B,1,bottom,bottom
824340,2026-06-23,677800,Wilyer Abreu,807743,Sean Sullivan,1,0,2B,3,top,top
824340,2026-06-23,678882,Ceddanne Rafaela,688642,Zach Agnos,1,0,2B,6,top,top
824340,2026-06-23,657136,Connor Wong,688642,Zach Agnos,0,1,2B,8,top,top
824501,2026-06-23,668930,Brice Turang,666157,Nick Lodolo,1,0,2B,4,top,top
824501,2026-06-23,806198,Cooper Pratt,670062,Julian Garcia,1,0,2B,5,top,top
824501,2026-06-23,695490,Edwin Arroyo,687075,Brandon Sproat,0,1,2B,6,bottom,bottom
824584,2026-06-23,682668,Luisangel Acuña,800048,Parker Messick,1,0,2B,5,bottom,bottom
824584,2026-06-23,696135,Kahlil Watson,680732,Sean Burke,0,1,2B,6,top,top
822719,2026-06-24,669016,Brandon Marsh,687223,Carson Palmquist,0,1,2B,1,top,top
822719,2026-06-24,682928,CJ Abrams,621237,José Alvarado,1,0,2B,7,bottom,bottom
822798,2026-06-24,701358,Cam Smith,667297,Tommy Nance,1,0,2B,6,top,top
822798,2026-06-24,662139,Daulton Varsho,595345,Steven Okert,1,0,2B,7,bottom,bottom
822965,2026-06-24,670224,Kameron Misner,643377,Griffin Jax,1,0,2B,2,top,top
822965,2026-06-24,802415,Chandler Simpson,702070,Noah Cameron,1,0,2B,5,bottom,bottom
822965,2026-06-24,802415,Chandler Simpson,694360,Beck Way,1,0,2B,8,bottom,bottom
823041,2026-06-24,665877,José Fermín,683352,Mitch Bratt,1,0,2B,2,bottom,bottom
823208,2026-06-24,703607,Henry Bolte,669062,Erik Miller,1,0,2B,9,top,top
823284,2026-06-24,665487,Fernando Tatis Jr.,675916,James Karinchak,1,0,3B,5,bottom,bottom
823284,2026-06-24,669392,Samad Taylor,675916,James Karinchak,1,0,2B,5,bottom,bottom
823284,2026-06-24,593428,Xander Bogaerts,675916,James Karinchak,1,0,2B,5,bottom,bottom
823284,2026-06-24,687749,Jase Bowen,641755,Tyler Kinley,1,0,2B,6,bottom,bottom
823284,2026-06-24,669392,Samad Taylor,641755,Tyler Kinley,0,1,2B,6,bottom,bottom
823367,2026-06-24,663968,Jake Mangum,693433,Bryan Woo,1,0,2B,4,bottom,bottom
823611,2026-06-24,807713,Matt Shaw,640455,Sean Manaea,1,0,2B,1,top,top
823611,2026-06-24,699393,Pedro Ramírez,621345,A.J. Minter,1,0,2B,8,top,top
823611,2026-06-24,699393,Pedro Ramírez,642207,Devin Williams,1,0,2B,9,top,top
823611,2026-06-24,621020,Dansby Swanson,642207,Devin Williams,1,0,2B,9,top,top
823691,2026-06-24,571970,Max Muncy,657746,Joe Ryan,1,0,2B,2,top,top
823691,2026-06-24,681624,Andy Pages,607455,Anthony Banda,1,0,2B,7,top,top
823691,2026-06-24,686797,Brooks Lee,669165,Kyle Hurt,1,0,2B,7,bottom,bottom
823850,2026-06-24,670032,Nicky Lopez,691587,Eury Pérez,0,1,2B,3,top,top
823850,2026-06-24,694671,Wyatt Langford,669622,Anthony Bender,1,0,2B,6,top,top
824341,2026-06-24,650489,Willi Castro,624133,Ranger Suarez,1,0,2B,1,bottom,bottom
824500,2026-06-24,661388,William Contreras,656271,Brock Burke,0,1,2B,9,top,top
824583,2026-06-24,805367,Chase Meidroth,676440,Tanner Bibee,0,1,2B,2,bottom,bottom
822717,2026-06-25,686611,Dylan Crews,650911,Cristopher Sánchez,1,0,2B,3,bottom,bottom
822717,2026-06-25,696285,Jacob Young,650911,Cristopher Sánchez,1,0,2B,3,bottom,bottom
822717,2026-06-25,702222,Justin Crawford,681402,Gus Varland,0,1,2B,8,top,top
822717,2026-06-25,669016,Brandon Marsh,681402,Gus Varland,1,0,2B,9,top,top
822961,2026-06-25,656775,Cedric Mullins,607625,Seth Lugo,1,0,2B,4,bottom,bottom
823209,2026-06-25,671732,Lawrence Butler,668873,Caleb Kilian,1,0,2B,9,top,top
823209,2026-06-25,691777,Max Muncy,657424,Matt Gage,1,0,2B,9,top,top
823366,2026-06-25,677594,Julio Rodríguez,696149,Bubba Chandler,1,0,3B,4,top,top
823366,2026-06-25,680779,Henry Davis,695380,Alex Hoppe,1,0,3B,8,bottom,bottom
823612,2026-06-25,805999,A.J. Ewing,664208,Phil Maton,1,0,2B,7,bottom,bottom
824258,2026-06-25,665161,Jeremy Peña,445276,Kenley Jansen,1,0,2B,9,top,top
824747,2026-06-25,678882,Ceddanne Rafaela,693645,Cam Schlittler,1,0,2B,1,bottom,bottom
824747,2026-06-25,676609,José Caballero,813349,Connelly Early,1,0,2B,2,top,top
824747,2026-06-25,665862,Jazz Chisholm Jr.,669711,Greg Weissert,1,0,3B,7,top,top
822796,2026-06-26,694671,Wyatt Langford,571578,Patrick Corbin,1,0,2B,1,top,top
822796,2026-06-26,677649,Ezequiel Duran,693686,Spencer Miles,1,0,2B,6,top,top
823039,2026-06-26,691023,Jordan Walker,676974,Max Meyer,0,1,2B,2,bottom,bottom
823039,2026-06-26,665923,Esteury Ruiz,666277,George Soriano,1,0,2B,8,top,top
823039,2026-06-26,665923,Esteury Ruiz,691008,Max Rajcic,1,0,2B,9,top,top
823206,2026-06-26,643289,Mauricio Dubón,686790,Trevor McDonald,1,0,2B,1,top,top
823285,2026-06-26,681624,Andy Pages,621111,Walker Buehler,0,1,2B,1,top,top
823285,2026-06-26,701538,Jackson Merrill,676263,Jack Dreyer,1,0,2B,5,bottom,bottom
823363,2026-06-26,663968,Jake Mangum,622088,Tejay Antone,0,1,2B,6,bottom,bottom
823610,2026-06-26,805999,A.J. Ewing,554430,Zack Wheeler,0,1,2B,2,bottom,bottom
823610,2026-06-26,805999,A.J. Ewing,554430,Zack Wheeler,0,1,2B,4,bottom,bottom
823610,2026-06-26,681082,Bryson Stott,672335,Cionel Pérez,1,0,2B,9,top,top
823773,2026-06-26,666152,David Hamilton,607067,Colin Rea,1,0,2B,5,bottom,bottom
823773,2026-06-26,686217,Sal Frelick,681151,Jayden Murray,1,0,2B,7,bottom,bottom
823773,2026-06-26,806198,Cooper Pratt,681151,Jayden Murray,1,0,2B,8,bottom,bottom
824014,2026-06-26,669127,Shea Langeliers,608718,Brent Suter,1,0,2B,5,top,top
824014,2026-06-26,703607,Henry Bolte,608718,Brent Suter,1,0,2B,7,top,top
824255,2026-06-26,805808,Kevin McGonigle,681293,Spencer Arrighetti,1,0,2B,3,bottom,bottom
824255,2026-06-26,805808,Kevin McGonigle,681293,Spencer Arrighetti,1,0,2B,3,bottom,bottom
824255,2026-06-26,805808,Kevin McGonigle,663878,Nate Pearson,1,0,2B,4,bottom,bottom
824423,2026-06-26,806068,Colt Emerson,676282,Joey Cantillo,0,1,2B,6,top,top
824743,2026-06-26,691907,Tsung-Che Cheng,642232,Ryan Yarbrough,0,1,2B,6,bottom,bottom
824743,2026-06-26,680776,Jarren Duran,660787,Yerry De los Santos,1,0,2B,8,bottom,bottom
824824,2026-06-26,665750,Leody Taveras,674841,Andrew Alvarez,0,1,2B,2,bottom,bottom
822794,2026-06-27,669394,Jake Burger,656302,Dylan Cease,1,0,2B,1,top,top
822794,2026-06-27,670032,Nicky Lopez,656302,Dylan Cease,1,0,2B,2,top,top
822960,2026-06-27,682998,Corbin Carroll,642121,Cole Sulser,0,1,2B,1,top,top
823038,2026-06-27,691594,Javier Sanoja,669467,Andre Pallante,1,0,2B,4,top,top
823038,2026-06-27,691594,Javier Sanoja,677865,Justin Bruihl,1,0,2B,9,top,top
823207,2026-06-27,671739,Michael Harris II,657277,Logan Webb,1,0,2B,1,top,top
823207,2026-06-27,656305,Matt Chapman,693821,Bryce Elder,0,1,2B,2,bottom,bottom
823283,2026-06-27,681624,Andy Pages,681190,Randy Vásquez,0,1,2B,3,top,top
823364,2026-06-27,668709,JJ Bleday,642397,Gregory Soto,1,0,2B,9,top,top
823689,2026-06-27,664983,Jake McCarthy,681892,Kody Funderburk,1,0,3B,7,top,top
823689,2026-06-27,678662,Ezequiel Tovar,681892,Kody Funderburk,1,0,2B,7,top,top
823770,2026-06-27,694192,Jackson Chourio,656849,David Peterson,1,0,2B,3,bottom,bottom
823770,2026-06-27,694192,Jackson Chourio,656849,David Peterson,0,1,3B,3,bottom,bottom
824015,2026-06-27,687515,Colby Thomas,672282,Reid Detmers,1,0,2B,4,top,top
824015,2026-06-27,666139,Josh Lowe,664129,Geoff Hartlieb,1,0,2B,7,bottom,bottom
824421,2026-06-27,672356,Gabriel Arias,669302,Logan Gilbert,1,0,2B,3,bottom,bottom
824581,2026-06-27,695731,Braden Montgomery,608379,Michael Wacha,0,1,2B,5,bottom,bottom
824581,2026-06-27,686475,Tyler Tolbert,656794,Sean Newcomb,1,0,2B,7,top,top
824581,2026-06-27,686475,Tyler Tolbert,656794,Sean Newcomb,1,0,3B,7,top,top
824825,2026-06-27,683083,Nasim Nuñez,687064,Brandon Young,1,0,2B,4,top,top
822795,2026-06-28,670032,Nicky Lopez,656546,Jeff Hoffman,0,1,2B,8,top,top
822959,2026-06-28,683748,Victor Mesa Jr.,518876,Merrill Kelly,1,0,2B,5,bottom,bottom
822959,2026-06-28,802415,Chandler Simpson,686753,Drey Jameson,0,1,3B,8,bottom,bottom
823037,2026-06-28,802139,JJ Wetherholt,663969,Tyler Phillips,1,0,2B,1,bottom,bottom
823037,2026-06-28,669364,Xavier Edwards,668941,JoJo Romero,1,0,2B,6,top,top
823204,2026-06-28,642201,Eli White,592662,Robbie Ray,1,0,2B,6,top,top
823204,2026-06-28,622761,Jorge Mateo,668873,Caleb Kilian,1,0,2B,9,top,top
823281,2026-06-28,701538,Jackson Merrill,681911,Alex Vesia,1,0,2B,6,bottom,bottom
823362,2026-06-28,668709,JJ Bleday,656605,Mitch Keller,0,1,2B,4,top,top
823608,2026-06-28,607208,Trea Turner,668964,Tobias Myers,1,0,3B,3,top,top
823608,2026-06-28,656941,Kyle Schwarber,668964,Tobias Myers,1,0,2B,3,top,top
823686,2026-06-28,694249,Cole Carrigg,687570,Connor Prielipp,1,0,2B,1,top,top
823686,2026-06-28,686797,Brooks Lee,663372,Ryan Feltner,1,0,2B,2,bottom,bottom
823769,2026-06-28,691718,Pete Crow-Armstrong,605540,Brandon Woodruff,1,0,2B,6,top,top
823769,2026-06-28,691718,Pete Crow-Armstrong,669270,Joel Kuhnel,1,0,2B,10,top,top
824256,2026-06-28,663837,Matt Vierling,686613,Hunter Brown,1,0,2B,2,bottom,bottom
824256,2026-06-28,701678,Hao-Yu Lee,686613,Hunter Brown,0,1,2B,6,bottom,bottom
824422,2026-06-28,696135,Kahlil Watson,676106,Emerson Hancock,1,0,3B,2,bottom,bottom
824422,2026-06-28,677587,Brayan Rocchio,676106,Emerson Hancock,1,0,2B,2,bottom,bottom
824422,2026-06-28,645302,Victor Robles,668909,Gavin Williams,1,0,3B,4,top,top
824422,2026-06-28,645302,Victor Robles,542888,Shawn Armstrong,1,0,2B,6,top,top
824422,2026-06-28,645302,Victor Robles,542888,Shawn Armstrong,1,0,3B,6,top,top
824422,2026-06-28,677594,Julio Rodríguez,682120,Tim Herrin,1,0,2B,6,top,top
824580,2026-06-28,657041,Lane Thomas,641743,Anthony Kay,1,0,2B,1,top,top
824580,2026-06-28,516782,Starling Marte,641743,Anthony Kay,1,0,2B,3,top,top
824580,2026-06-28,670224,Kameron Misner,622554,Seranthony Domínguez,1,0,2B,6,top,top
824580,2026-06-28,671976,Tristan Peters,694360,Beck Way,1,0,2B,6,bottom,bottom
824744,2026-06-28,702332,Caleb Durbin,607074,Carlos Rodón,1,0,2B,4,bottom,bottom
824744,2026-06-28,702332,Caleb Durbin,607074,Carlos Rodón,1,0,3B,4,bottom,bottom
824744,2026-06-28,676609,José Caballero,547973,Aroldis Chapman,1,0,2B,9,top,top
824744,2026-06-28,669224,Austin Wells,686580,Justin Slaten,1,0,2B,10,top,top
824821,2026-06-28,681297,Colton Cowser,641793,Zack Littell,1,0,2B,5,bottom,bottom
824821,2026-06-28,695578,James Wood,664991,Grant Wolfram,0,1,2B,9,top,top
822792,2026-06-29,805999,A.J. Ewing,689254,Mason Fluharty,0,1,2B,7,top,top
823121,2026-06-29,647304,Josh Naylor,815083,Mitch Farris,1,0,2B,6,bottom,bottom
823444,2026-06-29,804606,Konnor Griffin,605400,Aaron Nola,1,0,2B,5,top,top
823444,2026-06-29,702222,Justin Crawford,681895,Evan Sisk,1,0,2B,7,bottom,bottom
824176,2026-06-29,807712,Luke Keaschall,699044,Miguel Ullola,1,0,3B,9,top,top
824339,2026-06-29,694249,Cole Carrigg,645261,Sandy Alcantara,0,1,H,3,bottom,bottom
824339,2026-06-29,696100,Hunter Goodman,645261,Sandy Alcantara,0,1,H,3,bottom,bottom
824339,2026-06-29,669364,Xavier Edwards,807743,Sean Sullivan,1,0,2B,5,top,top
824420,2026-06-29,677587,Brayan Rocchio,596001,Jakob Junis,1,0,2B,7,bottom,bottom
824662,2026-06-29,701538,Jackson Merrill,573204,Caleb Thielbar,1,0,2B,8,top,top
824662,2026-06-29,665487,Fernando Tatis Jr.,663423,Trent Thornton,0,1,2B,9,top,top
824741,2026-06-29,678011,Anthony Seigler,571945,Miles Mikolas,1,0,3B,3,bottom,bottom
824822,2026-06-29,678246,Miguel Vargas,669358,Shane Baz,1,0,2B,3,top,top
824822,2026-06-29,681297,Colton Cowser,680732,Sean Burke,1,0,2B,4,bottom,bottom
824986,2026-06-29,703607,Henry Bolte,641778,Eric Lauer,1,0,2B,2,bottom,bottom
825065,2026-06-29,682674,Victor Bericoto,593958,Eduardo Rodriguez,0,1,2B,2,top,top
825065,2026-06-29,813841,Jonah Cox,593958,Eduardo Rodriguez,1,0,2B,5,top,top
825065,2026-06-29,672695,Geraldo Perdomo,656529,Sam Hentges,0,1,3B,5,bottom,bottom
825065,2026-06-29,682998,Corbin Carroll,656529,Sam Hentges,0,1,3B,5,bottom,bottom
823122,2026-06-30,806068,Colt Emerson,667755,José Soriano,1,0,2B,2,bottom,bottom
823122,2026-06-30,642215,Weston Wilson,681217,Chase Silseth,1,0,2B,6,bottom,bottom
823768,2026-06-30,553993,Eugenio Suárez,687075,Brandon Sproat,0,1,2B,1,top,top
824096,2026-06-30,802415,Chandler Simpson,702070,Noah Cameron,0,1,2B,3,top,top
824096,2026-06-30,650490,Yandy Díaz,702070,Noah Cameron,0,1,2B,4,top,top
824175,2026-06-30,686797,Brooks Lee,681347,Mike Burrows,0,1,2B,2,top,top
824338,2026-06-30,694249,Cole Carrigg,691587,Eury Pérez,0,1,2B,2,bottom,bottom
824418,2026-06-30,682177,Daniel Schneemann,594798,Jacob deGrom,1,0,2B,7,bottom,bottom
824661,2026-06-30,608348,Carson Kelly,593974,Wandy Peralta,0,1,2B,8,bottom,bottom
824742,2026-06-30,678554,Curtis Mead,813349,Connelly Early,1,0,2B,1,top,top
824742,2026-06-30,575929,Willson Contreras,676917,Cade Cavalli,1,0,2B,1,bottom,bottom
824742,2026-06-30,686611,Dylan Crews,813349,Connelly Early,1,0,2B,2,top,top
824907,2026-06-30,622761,Jorge Mateo,669461,Matthew Liberatore,1,0,2B,3,bottom,bottom
824907,2026-06-30,691026,Masyn Winn,675916,James Karinchak,1,0,2B,6,top,top
825066,2026-06-30,672695,Geraldo Perdomo,694738,Landen Roupp,1,0,2B,1,bottom,bottom
825066,2026-06-30,656976,Pavin Smith,694738,Landen Roupp,1,0,2B,2,bottom,bottom
823446,2026-07-01,804606,Konnor Griffin,554430,Zack Wheeler,1,0,2B,3,top,top
823530,2026-07-01,665862,Jazz Chisholm Jr.,623454,Drew Anderson,1,0,2B,9,bottom,bottom
823530,2026-07-01,665862,Jazz Chisholm Jr.,623454,Drew Anderson,1,0,3B,9,bottom,bottom
823530,2026-07-01,683011,Anthony Volpe,623454,Drew Anderson,0,1,2B,9,bottom,bottom
823530,2026-07-01,682985,Riley Greene,666808,Camilo Doval,1,0,2B,11,top,top
824094,2026-07-01,670764,Taylor Walls,607625,Seth Lugo,0,1,2B,2,top,top
824094,2026-07-01,802415,Chandler Simpson,607625,Seth Lugo,0,1,2B,4,top,top
824174,2026-07-01,668904,Royce Lewis,837227,Tatsuya Imai,1,0,3B,1,top,top
824174,2026-07-01,663616,Trevor Larnach,663878,Nate Pearson,0,1,2B,5,top,top
824337,2026-07-01,691594,Javier Sanoja,607536,Kyle Freeland,0,1,2B,2,top,top
824419,2026-07-01,800050,Chase DeLauter,692437,Winston Santos,1,0,2B,7,bottom,bottom
824660,2026-07-01,691718,Pete Crow-Armstrong,621111,Walker Buehler,1,0,2B,1,bottom,bottom
824740,2026-07-01,686611,Dylan Crews,663558,Jovani Morán,1,0,2B,6,top,top
824818,2026-07-01,682668,Luisangel Acuña,665152,Dean Kremer,0,1,2B,5,top,top
824818,2026-07-01,665750,Leody Taveras,670950,Trevor Richards,1,0,2B,6,bottom,bottom
824905,2026-07-01,691023,Jordan Walker,625643,Reynaldo López,1,0,2B,1,top,top
824985,2026-07-01,518692,Freddie Freeman,669372,J.T. Ginn,1,0,2B,1,top,top
825064,2026-07-01,606466,Ketel Marte,686790,Trevor McDonald,1,0,2B,4,bottom,bottom
825064,2026-07-01,606466,Ketel Marte,686790,Trevor McDonald,1,0,3B,4,bottom,bottom
825064,2026-07-01,808982,Jung Hoo Lee,657044,Ryan Thompson,1,0,2B,6,top,top
822884,2026-07-02,670032,Nicky Lopez,805427,Drew Sommers,1,0,2B,7,bottom,bottom
823119,2026-07-02,687263,Zach Neto,662253,Andrés Muñoz,0,1,2B,9,top,top
823442,2026-07-02,664040,Brandon Lowe,621237,José Alvarado,1,0,2B,7,top,top
823765,2026-07-02,592885,Christian Yelich,695505,Chase Burns,1,0,2B,1,bottom,bottom
823765,2026-07-02,666152,David Hamilton,695505,Chase Burns,1,0,2B,3,bottom,bottom
823765,2026-07-02,668930,Brice Turang,695505,Chase Burns,0,1,2B,4,bottom,bottom
823935,2026-07-02,665487,Fernando Tatis Jr.,808963,Roki Sasaki,1,0,2B,2,top,top
823935,2026-07-02,669242,Tommy Edman,673513,Yuki Matsui,1,0,3B,5,bottom,bottom
824093,2026-07-02,677951,Bobby Witt Jr.,693855,Ian Seymour,1,0,2B,3,bottom,bottom
824093,2026-07-02,802415,Chandler Simpson,677976,Randy Dobnak,1,0,2B,5,top,top
824335,2026-07-02,664954,Brett Sullivan,667463,John King,0,1,2B,4,bottom,bottom
824416,2026-07-02,803011,Sam Antonacci,677944,Slade Cecconi,0,1,2B,1,top,top
824416,2026-07-02,800050,Chase DeLauter,663436,Davis Martin,0,1,2B,1,bottom,bottom
822714,2026-07-03,663968,Jake Mangum,656492,Foster Griffin,1,0,2B,2,top,top
822714,2026-07-03,682928,CJ Abrams,656605,Mitch Keller,1,0,2B,3,bottom,bottom
822714,2026-07-03,669707,Jared Triolo,664875,Justin Lawrence,1,0,3B,7,top,top
822714,2026-07-03,804606,Konnor Griffin,664875,Justin Lawrence,1,0,2B,7,top,top
822714,2026-07-03,663968,Jake Mangum,687849,Zak Kent,1,0,2B,8,top,top
823527,2026-07-03,691176,Jasson Domínguez,702474,Mike Paredes,1,0,2B,3,bottom,bottom
823527,2026-07-03,676609,José Caballero,679358,Eric Orze,1,0,2B,7,bottom,bottom
823933,2026-07-03,823550,Sung-Mun Song,660271,Shohei Ohtani,1,0,2B,6,top,top
823933,2026-07-03,669242,Tommy Edman,670970,Adrian Morejon,0,1,2B,7,bottom,bottom
824013,2026-07-03,678882,Ceddanne Rafaela,672282,Reid Detmers,1,0,2B,1,top,top
824173,2026-07-03,676356,Jonny DeLuca,681293,Spencer Arrighetti,0,1,2B,2,top,top
824173,2026-07-03,670764,Taylor Walls,660853,Enyel De Los Santos,1,0,3B,8,top,top
824336,2026-07-03,691720,Kyle Karros,657277,Logan Webb,1,0,2B,2,bottom,bottom
824336,2026-07-03,664983,Jake McCarthy,657277,Logan Webb,1,0,2B,3,bottom,bottom
824498,2026-07-03,683002,Gunnar Henderson,663903,Brady Singer,1,0,3B,1,top,top
824498,2026-07-03,621493,Taylor Ward,663903,Brady Singer,1,0,2B,1,top,top
824498,2026-07-03,621493,Taylor Ward,663903,Brady Singer,1,0,2B,1,top,top
824498,2026-07-03,682829,Elly De La Cruz,669432,Trevor Rogers,1,0,2B,3,bottom,bottom
824498,2026-07-03,682829,Elly De La Cruz,669432,Trevor Rogers,1,0,2B,5,bottom,bottom
824982,2026-07-03,672640,Otto Lopez,678022,Jack Perkins,1,0,2B,2,top,top
824982,2026-07-03,805300,Jakob Marsee,643410,Mark Leiter Jr.,0,1,2B,7,top,top
824982,2026-07-03,665923,Esteury Ruiz,686930,Mason Barnett,1,0,2B,9,top,top
825062,2026-07-03,806198,Cooper Pratt,703615,Jose Cabrera,1,0,2B,4,top,top
825062,2026-07-03,694371,Tommy Troy,676879,Aaron Ashby,1,0,2B,7,bottom,bottom
825062,2026-07-03,606466,Ketel Marte,656730,Trevor Megill,1,0,2B,9,bottom,bottom
822716,2026-07-04,804606,Konnor Griffin,687223,Carson Palmquist,1,0,2B,1,top,top
822716,2026-07-04,804606,Konnor Griffin,687223,Carson Palmquist,1,0,H,1,top,top
822716,2026-07-04,668804,Bryan Reynolds,687223,Carson Palmquist,1,0,2B,1,top,top
822716,2026-07-04,699013,Esmerlyn Valdez,641793,Zack Littell,0,1,2B,2,top,top
822716,2026-07-04,695734,Daylen Lile,677952,Braxton Ashcraft,1,0,2B,4,bottom,bottom
822716,2026-07-04,663968,Jake Mangum,683000,Riley Cornelio,1,0,2B,8,top,top
823526,2026-07-04,663757,Trent Grisham,805673,Zebby Matthews,1,0,2B,5,bottom,bottom
823526,2026-07-04,668885,Austin Martin,666808,Camilo Doval,1,0,2B,8,top,top
824012,2026-07-04,680776,Jarren Duran,691951,Sam Aldegheri,1,0,2B,2,top,top
824012,2026-07-04,680776,Jarren Duran,666171,Ryan Zeferjahn,1,0,2B,5,top,top
824092,2026-07-04,686475,Tyler Tolbert,666200,Jesús Luzardo,1,0,2B,3,bottom,bottom
824092,2026-07-04,686475,Tyler Tolbert,666200,Jesús Luzardo,1,0,2B,5,bottom,bottom
824171,2026-07-04,683748,Victor Mesa Jr.,686613,Hunter Brown,1,0,2B,2,top,top
824171,2026-07-04,676356,Jonny DeLuca,686613,Hunter Brown,1,0,2B,3,top,top
824171,2026-07-04,656775,Cedric Mullins,686613,Hunter Brown,1,0,H,3,top,top
824171,2026-07-04,691406,Junior Caminero,686613,Hunter Brown,1,0,2B,4,top,top
824171,2026-07-04,676356,Jonny DeLuca,663878,Nate Pearson,1,0,2B,5,top,top
824171,2026-07-04,680700,Richie Palacios,664299,Cristian Javier,1,0,2B,7,top,top
824334,2026-07-04,687859,Troy Johnston,592662,Robbie Ray,0,1,2B,2,bottom,bottom
824334,2026-07-04,642715,Willy Adames,605447,Jordan Romano,1,0,2B,9,top,top
824415,2026-07-04,677587,Brayan Rocchio,680732,Sean Burke,1,0,2B,2,bottom,bottom
824415,2026-07-04,677587,Brayan Rocchio,680732,Sean Burke,0,1,3B,2,bottom,bottom
824415,2026-07-04,696135,Kahlil Watson,680732,Sean Burke,1,0,2B,6,bottom,bottom
824415,2026-07-04,696135,Kahlil Watson,680732,Sean Burke,1,0,3B,6,bottom,bottom
824499,2026-07-04,702616,Jackson Holliday,668881,Hunter Greene,1,0,2B,2,top,top
824499,2026-07-04,682829,Elly De La Cruz,687064,Brandon Young,1,0,2B,2,bottom,bottom
824499,2026-07-04,677942,Blaze Alexander,668881,Hunter Greene,1,0,2B,4,top,top
824658,2026-07-04,691718,Pete Crow-Armstrong,681517,Kyle Leahy,0,1,2B,1,bottom,bottom
824658,2026-07-04,676475,Alec Burleson,663423,Trent Thornton,1,0,2B,8,top,top
822715,2026-07-05,677588,José Tena,696149,Bubba Chandler,1,0,2B,2,bottom,bottom
822715,2026-07-05,804606,Konnor Griffin,678868,Eddy Yean,1,0,2B,4,top,top
822715,2026-07-05,671277,Luis García Jr.,682254,Mason Montgomery,1,0,3B,5,bottom,bottom
822715,2026-07-05,678554,Curtis Mead,682254,Mason Montgomery,1,0,2B,5,bottom,bottom
822715,2026-07-05,677588,José Tena,676755,Isaac Mattson,0,1,2B,6,bottom,bottom
823525,2026-07-05,621439,Byron Buxton,677960,Ryan Weathers,0,1,2B,1,top,top
823525,2026-07-05,665862,Jazz Chisholm Jr.,657746,Joe Ryan,0,1,2B,2,bottom,bottom
823931,2026-07-05,823550,Sung-Mun Song,669165,Kyle Hurt,1,0,2B,7,top,top
823931,2026-07-05,823550,Sung-Mun Song,801434,Paul Gervase,1,0,2B,8,top,top
823931,2026-07-05,665487,Fernando Tatis Jr.,801434,Paul Gervase,1,0,2B,9,top,top
823931,2026-07-05,592518,Manny Machado,801434,Paul Gervase,1,0,2B,9,top,top
824010,2026-07-05,666139,Josh Lowe,624133,Ranger Suarez,1,0,2B,2,bottom,bottom
824010,2026-07-05,678011,Anthony Seigler,681217,Chase Silseth,1,0,3B,7,top,top
824010,2026-07-05,678882,Ceddanne Rafaela,681217,Chase Silseth,1,0,2B,7,top,top
824091,2026-07-05,686555,Isaac Collins,605400,Aaron Nola,1,0,2B,2,bottom,bottom
824091,2026-07-05,677951,Bobby Witt Jr.,686751,Seth Johnson,1,0,2B,8,bottom,bottom
824172,2026-07-05,514888,Jose Altuve,669438,Mason Englert,1,0,2B,1,bottom,bottom
824172,2026-07-05,802415,Chandler Simpson,663567,Peter Lambert,1,0,2B,2,top,top
824172,2026-07-05,810938,Ben Williamson,663567,Peter Lambert,1,0,2B,5,top,top
824333,2026-07-05,813841,Jonah Cox,605447,Jordan Romano,1,0,2B,9,top,top
824413,2026-07-05,696135,Kahlil Watson,607200,Erick Fedde,1,0,2B,2,bottom,bottom
824413,2026-07-05,696135,Kahlil Watson,607200,Erick Fedde,1,0,3B,2,bottom,bottom
824413,2026-07-05,680757,Steven Kwan,607200,Erick Fedde,1,0,2B,6,bottom,bottom
824656,2026-07-05,691718,Pete Crow-Armstrong,669461,Matthew Liberatore,1,0,2B,1,bottom,bottom
824656,2026-07-05,691023,Jordan Walker,665871,Javier Assad,0,1,2B,2,top,top
824656,2026-07-05,691718,Pete Crow-Armstrong,669461,Matthew Liberatore,1,0,2B,2,bottom,bottom
824980,2026-07-05,665923,Esteury Ruiz,695611,Gage Jump,1,0,2B,3,top,top
824980,2026-07-05,703607,Henry Bolte,656848,Michael Petersen,0,1,2B,8,bottom,bottom
825061,2026-07-05,694374,Tim Tawa,687075,Brandon Sproat,1,0,2B,2,bottom,bottom
825061,2026-07-05,672695,Geraldo Perdomo,687075,Brandon Sproat,1,0,2B,3,bottom,bottom
825061,2026-07-05,687401,Joey Ortiz,656464,Kevin Ginkel,0,1,2B,7,top,top
822712,2026-07-06,683083,Nasim Nuñez,681347,Mike Burrows,1,0,2B,3,bottom,bottom
822712,2026-07-06,682928,CJ Abrams,805123,AJ Blubaugh,1,0,2B,6,bottom,bottom
822712,2026-07-06,686452,Drew Millas,663878,Nate Pearson,0,1,2B,7,bottom,bottom
822712,2026-07-06,695578,James Wood,660853,Enyel De Los Santos,1,0,2B,8,bottom,bottom
823036,2026-07-06,701675,Nathan Church,675660,Shane Drohan,0,1,2B,4,bottom,bottom
823205,2026-07-06,682674,Victor Bericoto,592332,Kevin Gausman,1,0,H,5,bottom,bottom
823205,2026-07-06,650333,Luis Arraez,592332,Kevin Gausman,1,0,2B,5,bottom,bottom
823282,2026-07-06,672695,Geraldo Perdomo,621111,Walker Buehler,1,0,2B,1,top,top
823930,2026-07-06,671289,Tyler Freeman,641778,Eric Lauer,1,0,2B,4,top,top
824089,2026-07-06,686475,Tyler Tolbert,650911,Cristopher Sánchez,0,1,3B,3,bottom,bottom
824900,2026-07-06,665742,Juan Soto,625643,Reynaldo López,1,0,2B,1,top,top
824900,2026-07-06,663586,Austin Riley,642547,Freddy Peralta,1,0,2B,4,bottom,bottom
822713,2026-07-07,694728,Brice Matthews,674841,Andrew Alvarez,1,0,3B,4,top,top
822713,2026-07-07,669397,Nick Allen,674841,Andrew Alvarez,1,0,2B,4,top,top
822713,2026-07-07,701305,Zach Dezenzo,674841,Andrew Alvarez,1,0,2B,6,top,top
822713,2026-07-07,543877,Christian Vázquez,664875,Justin Lawrence,1,0,2B,6,top,top
822713,2026-07-07,683083,Nasim Nuñez,650556,Bryan Abreu,0,1,2B,8,bottom,bottom
822881,2026-07-07,672724,Oswald Peraza,455119,Chris Martin,1,0,2B,7,top,top
823062,2026-07-07,668930,Brice Turang,677865,Justin Bruihl,1,0,2B,9,top,top
823280,2026-07-07,701538,Jackson Merrill,668678,Zac Gallen,1,0,2B,1,bottom,bottom
823280,2026-07-07,593428,Xander Bogaerts,668678,Zac Gallen,1,0,2B,5,bottom,bottom
823607,2026-07-07,701807,Carson Benge,607625,Seth Lugo,1,0,2B,3,bottom,bottom
823607,2026-07-07,686475,Tyler Tolbert,681810,Austin Warren,1,0,2B,5,top,top
823607,2026-07-07,677951,Bobby Witt Jr.,623211,Huascar Brazobán,0,1,2B,5,top,top
823607,2026-07-07,805999,A.J. Ewing,670167,John Schreiber,1,0,2B,6,bottom,bottom
823687,2026-07-07,668885,Austin Martin,676282,Joey Cantillo,0,1,2B,4,bottom,bottom
823847,2026-07-07,668227,Randy Arozarena,676974,Max Meyer,0,1,2B,4,top,top
823847,2026-07-07,665923,Esteury Ruiz,642100,Gabe Speier,1,0,3B,8,bottom,bottom
823929,2026-07-07,664983,Jake McCarthy,680736,Justin Wrobleski,0,1,2B,2,top,top
823929,2026-07-07,669242,Tommy Edman,547179,Michael Lorenzen,1,0,2B,6,bottom,bottom
823929,2026-07-07,690976,Alex Freeland,605447,Jordan Romano,1,0,2B,9,bottom,bottom
824254,2026-07-07,811965,Joshua Kuroda-Grauer,640448,Kyle Finnegan,0,1,2B,6,top,top
824495,2026-07-07,624641,Edmundo Sosa,671096,Andrew Abbott,1,0,2B,4,top,top
824495,2026-07-07,702222,Justin Crawford,671096,Andrew Abbott,1,0,2B,5,top,top
824579,2026-07-07,803011,Sam Antonacci,801139,Payton Tolle,1,0,2B,2,bottom,bottom
824579,2026-07-07,575929,Willson Contreras,702273,Noah Schultz,0,1,2B,3,top,top
824579,2026-07-07,677800,Wilyer Abreu,702273,Noah Schultz,0,1,2B,5,top,top
824579,2026-07-07,655316,Andruw Monasterio,622554,Seranthony Domínguez,1,0,2B,6,top,top
824820,2026-07-07,663538,Nico Hoerner,689296,Anthony Nunez,1,0,2B,8,top,top
822710,2026-07-08,695578,James Wood,681293,Spencer Arrighetti,1,0,2B,3,bottom,bottom
822710,2026-07-08,671277,Luis García Jr.,681293,Spencer Arrighetti,1,0,2B,3,bottom,bottom
822710,2026-07-08,694728,Brice Matthews,656492,Foster Griffin,1,0,2B,5,top,top
822880,2026-07-08,592626,Joc Pederson,700712,Walbert Ureña,1,0,2B,1,bottom,bottom
822880,2026-07-08,694497,Evan Carter,700712,Walbert Ureña,1,0,2B,2,bottom,bottom
822957,2026-07-08,802415,Chandler Simpson,543037,Gerrit Cole,1,0,2B,2,bottom,bottom
822957,2026-07-08,676609,José Caballero,663556,Shane McClanahan,0,1,2B,6,top,top
823032,2026-07-08,806198,Cooper Pratt,700241,Michael McGreevy,0,1,2B,2,top,top
823032,2026-07-08,691023,Jordan Walker,657649,Jared Koenig,1,0,2B,6,bottom,bottom
823202,2026-07-08,662139,Daulton Varsho,657277,Logan Webb,1,0,2B,6,top,top
823279,2026-07-08,545121,Ildemaro Vargas,650633,Michael King,1,0,2B,1,top,top
823279,2026-07-08,823550,Sung-Mun Song,703615,Jose Cabrera,1,0,3B,3,bottom,bottom
823279,2026-07-08,665487,Fernando Tatis Jr.,703615,Jose Cabrera,1,0,2B,3,bottom,bottom
823279,2026-07-08,665487,Fernando Tatis Jr.,703615,Jose Cabrera,1,0,2B,5,bottom,bottom
823360,2026-07-08,668804,Bryan Reynolds,656550,Grant Holmes,1,0,2B,3,bottom,bottom
823684,2026-07-08,696135,Kahlil Watson,679358,Eric Orze,1,0,2B,7,top,top
823848,2026-07-08,647304,Josh Naylor,663969,Tyler Phillips,1,0,3B,4,top,top
824496,2026-07-08,702222,Justin Crawford,695505,Chase Burns,1,0,2B,4,top,top
824578,2026-07-08,691907,Tsung-Che Cheng,622554,Seranthony Domínguez,0,1,2B,6,top,top
824578,2026-07-08,702332,Caleb Durbin,670950,Trevor Richards,1,0,3B,8,top,top
824815,2026-07-08,663538,Nico Hoerner,665152,Dean Kremer,1,0,2B,2,top,top
824815,2026-07-08,687637,Dylan Beavers,607067,Colin Rea,0,1,2B,2,bottom,bottom
824815,2026-07-08,664023,Ian Happ,665152,Dean Kremer,0,1,2B,4,top,top
822877,2026-07-09,607043,Brandon Nimmo,672282,Reid Detmers,1,0,2B,3,bottom,bottom
822877,2026-07-09,672724,Oswald Peraza,656641,Jacob Latz,1,0,3B,9,top,top
822954,2026-07-09,810938,Ben Williamson,621112,Paul Blackburn,1,0,2B,2,bottom,bottom
822954,2026-07-09,691176,Jasson Domínguez,656876,Drew Rasmussen,1,0,2B,3,top,top
822954,2026-07-09,676609,José Caballero,592155,Cam Booser,1,0,2B,3,top,top
822954,2026-07-09,680474,Max Schuemann,518886,Craig Kimbrel,1,0,2B,7,top,top
823034,2026-07-09,668930,Brice Turang,669467,Andre Pallante,1,0,2B,3,top,top
823359,2026-07-09,663968,Jake Mangum,693821,Bryce Elder,1,0,2B,1,bottom,bottom
823359,2026-07-09,671739,Michael Harris II,656605,Mitch Keller,1,0,2B,3,top,top
823606,2026-07-09,516782,Starling Marte,640455,Sean Manaea,0,1,2B,1,top,top
823606,2026-07-09,701807,Carson Benge,608379,Michael Wacha,1,0,2B,2,bottom,bottom
823606,2026-07-09,683146,Brett Baty,608379,Michael Wacha,1,0,2B,5,bottom,bottom
823846,2026-07-09,647304,Josh Naylor,676083,Janson Junk,1,0,2B,2,top,top
823846,2026-07-09,647304,Josh Naylor,676083,Janson Junk,1,0,3B,2,top,top
823846,2026-07-09,806068,Colt Emerson,676083,Janson Junk,1,0,2B,2,top,top
824494,2026-07-09,668709,JJ Bleday,661395,Jhoan Duran,1,0,2B,9,bottom,bottom
824577,2026-07-09,682668,Luisangel Acuña,663776,Patrick Sandoval,1,0,3B,5,bottom,bottom
824577,2026-07-09,680776,Jarren Duran,699823,Tyler Davis,0,1,2B,9,top,top
824816,2026-07-09,673548,Seiya Suzuki,669432,Trevor Rogers,1,0,2B,1,top,top
824816,2026-07-09,621020,Dansby Swanson,669432,Trevor Rogers,1,0,2B,5,top,top
824816,2026-07-09,663538,Nico Hoerner,552640,Andrew Kittredge,0,1,2B,9,top,top
824816,2026-07-09,621020,Dansby Swanson,552640,Andrew Kittredge,1,0,2B,9,top,top
822709,2026-07-10,641355,Cody Bellinger,641793,Zack Littell,0,1,2B,4,top,top
822709,2026-07-10,676609,José Caballero,641793,Zack Littell,1,0,2B,5,top,top
822709,2026-07-10,696285,Jacob Young,518585,Fernando Cruz,1,0,2B,6,bottom,bottom
822709,2026-07-10,695734,Daylen Lile,670280,David Bednar,1,0,2B,8,bottom,bottom
822878,2026-07-10,694497,Evan Carter,686613,Hunter Brown,0,1,2B,2,bottom,bottom
822878,2026-07-10,677649,Ezequiel Duran,686613,Hunter Brown,1,0,2B,4,bottom,bottom
822955,2026-07-10,683748,Victor Mesa Jr.,622491,Luis Castillo,1,0,2B,3,bottom,bottom
822955,2026-07-10,647304,Josh Naylor,664076,Garrett Cleavinger,1,0,2B,7,top,top
823033,2026-07-10,663586,Austin Riley,677865,Justin Bruihl,1,0,2B,5,top,top
823200,2026-07-10,696100,Hunter Goodman,592662,Robbie Ray,0,1,2B,4,top,top
823200,2026-07-10,650333,Luis Arraez,623474,Jimmy Herget,1,0,2B,7,bottom,bottom
823200,2026-07-10,666397,Edouard Julien,669062,Erik Miller,1,0,2B,9,top,top
823200,2026-07-10,687529,Grant McCray,605447,Jordan Romano,1,0,2B,9,bottom,bottom
823604,2026-07-10,683146,Brett Baty,543243,Sonny Gray,1,0,2B,3,bottom,bottom
823604,2026-07-10,657136,Connor Wong,690997,Nolan McLean,1,0,2B,4,top,top
823604,2026-07-10,701807,Carson Benge,543243,Sonny Gray,1,0,2B,4,bottom,bottom
823845,2026-07-10,665923,Esteury Ruiz,800048,Parker Messick,1,0,2B,5,bottom,bottom
823845,2026-07-10,805300,Jakob Marsee,670059,Colin Holderman,1,0,2B,7,bottom,bottom
823927,2026-07-10,682998,Corbin Carroll,694361,Will Klein,1,0,2B,3,top,top
823927,2026-07-10,694374,Tim Tawa,683618,Edgardo Henriquez,1,0,2B,6,top,top
824575,2026-07-10,803011,Sam Antonacci,665660,Elvis Alvarado,1,0,2B,5,bottom,bottom
824817,2026-07-10,621493,Taylor Ward,679883,Luinder Avila,0,1,2B,3,bottom,bottom
822711,2026-07-11,641857,Ryan McMahon,640454,Matt Krook,1,0,2B,9,top,top
822953,2026-07-11,691406,Junior Caminero,669302,Logan Gilbert,1,0,2B,3,bottom,bottom
822953,2026-07-11,810938,Ben Williamson,669302,Logan Gilbert,1,0,2B,4,bottom,bottom
823030,2026-07-11,663457,Lars Nootbaar,625643,Reynaldo López,1,0,2B,4,bottom,bottom
823276,2026-07-11,676391,Ernie Clement,621111,Walker Buehler,1,0,2B,2,top,top
823276,2026-07-11,665489,Vladimir Guerrero Jr.,621111,Walker Buehler,1,0,2B,2,top,top
823276,2026-07-11,592518,Manny Machado,671936,Adam Macko,0,1,2B,2,bottom,bottom
823276,2026-07-11,630105,Jake Cronenworth,671936,Adam Macko,1,0,2B,3,bottom,bottom
823276,2026-07-11,823550,Sung-Mun Song,671936,Adam Macko,1,0,2B,3,bottom,bottom
823276,2026-07-11,630105,Jake Cronenworth,680755,Braydon Fisher,1,0,2B,4,bottom,bottom
823276,2026-07-11,701538,Jackson Merrill,693686,Spencer Miles,0,1,2B,8,bottom,bottom
823276,2026-07-11,664702,Myles Straw,695243,Mason Miller,1,0,2B,9,top,top
823356,2026-07-11,694192,Jackson Chourio,696149,Bubba Chandler,1,0,2B,1,top,top
823356,2026-07-11,694192,Jackson Chourio,696149,Bubba Chandler,1,0,3B,1,top,top
823356,2026-07-11,641343,Jake Bauers,696149,Bubba Chandler,1,0,2B,1,top,top
823357,2026-07-11,663968,Jake Mangum,687075,Brandon Sproat,0,1,2B,2,bottom,bottom
823603,2026-07-11,701807,Carson Benge,700842,Eduardo Rivera,1,0,2B,2,bottom,bottom
823682,2026-07-11,685133,Wade Meckler,657746,Joe Ryan,1,0,2B,2,top,top
823682,2026-07-11,687263,Zach Neto,667297,Tommy Nance,1,0,2B,7,top,top
823682,2026-07-11,807712,Luke Keaschall,815083,Mitch Farris,0,1,H,7,bottom,bottom
823844,2026-07-11,672356,Gabriel Arias,691587,Eury Pérez,1,0,2B,2,top,top
823844,2026-07-11,672356,Gabriel Arias,691587,Eury Pérez,1,0,3B,4,top,top
823844,2026-07-11,690984,Petey Halpin,691587,Eury Pérez,1,0,2B,4,top,top
823844,2026-07-11,689414,Liam Hicks,676440,Tanner Bibee,1,0,2B,5,bottom,bottom
823844,2026-07-11,680757,Steven Kwan,806188,Cade Gibson,1,0,2B,7,top,top
823926,2026-07-11,694374,Tim Tawa,808967,Yoshinobu Yamamoto,0,1,2B,2,top,top
823926,2026-07-11,672695,Geraldo Perdomo,689017,Landon Knack,1,0,2B,7,top,top
824249,2026-07-11,656537,Derek Hill,663554,Casey Mize,1,0,2B,3,top,top
824249,2026-07-11,656537,Derek Hill,663554,Casey Mize,1,0,3B,3,top,top
824249,2026-07-11,656537,Derek Hill,663554,Casey Mize,1,0,2B,4,top,top
824249,2026-07-11,547180,Bryce Harper,663554,Casey Mize,0,1,2B,5,top,top
824249,2026-07-11,681082,Bryson Stott,445276,Kenley Jansen,1,0,2B,9,top,top
824492,2026-07-11,683737,Michael Busch,656271,Brock Burke,0,1,2B,7,top,top
824492,2026-07-11,682829,Elly De La Cruz,663423,Trent Thornton,1,0,2B,9,bottom,bottom
822708,2026-07-12,683083,Nasim Nuñez,683409,Angel Chivilli,1,0,2B,7,bottom,bottom
822951,2026-07-12,702284,Cole Young,693855,Ian Seymour,1,0,2B,2,top,top
823029,2026-07-12,691023,Jordan Walker,664849,Danny Young,1,0,2B,1,bottom,bottom
823029,2026-07-12,643289,Mauricio Dubón,668941,JoJo Romero,1,0,2B,9,top,top
823199,2026-07-12,664983,Jake McCarthy,669062,Erik Miller,1,0,2B,8,top,top
823199,2026-07-12,687529,Grant McCray,622608,Antonio Senzatela,1,0,2B,8,bottom,bottom
823199,2026-07-12,687529,Grant McCray,622608,Antonio Senzatela,1,0,2B,8,bottom,bottom
823274,2026-07-12,662139,Daulton Varsho,676760,Ron Marinaccio,1,0,2B,5,top,top
823274,2026-07-12,593428,Xander Bogaerts,656546,Jeff Hoffman,1,0,2B,8,bottom,bottom
823274,2026-07-12,687749,Jase Bowen,656546,Jeff Hoffman,1,0,3B,8,bottom,bottom
823681,2026-07-12,686797,Brooks Lee,681217,Chase Silseth,1,0,2B,7,bottom,bottom
823842,2026-07-12,683953,Travis Bazzana,663969,Tyler Phillips,1,0,2B,1,top,top
823842,2026-07-12,680757,Steven Kwan,656848,Michael Petersen,1,0,2B,4,top,top
823842,2026-07-12,696135,Kahlil Watson,806188,Cade Gibson,1,0,2B,5,top,top
823842,2026-07-12,690984,Petey Halpin,669199,Lake Bachar,1,0,2B,8,top,top
823925,2026-07-12,814439,Ryan Waldschmidt,592779,Brock Stewart,1,0,2B,7,top,top
824491,2026-07-12,691718,Pete Crow-Armstrong,671096,Andrew Abbott,1,0,2B,1,top,top
823440,2026-07-16,701807,Carson Benge,605400,Aaron Nola,1,0,2B,2,top,top
823440,2026-07-16,656941,Kyle Schwarber,548384,Brooks Raley,0,1,3B,6,bottom,bottom
822789,2026-07-17,695731,Braden Montgomery,693686,Spencer Miles,1,0,2B,2,top,top
823115,2026-07-17,669477,Casey Schmitt,682243,Bryce Miller,1,0,2B,5,top,top
823115,2026-07-17,645302,Victor Robles,694738,Landen Roupp,0,1,2B,5,bottom,bottom
823766,2026-07-17,681715,Heriberto Hernández,676879,Aaron Ashby,1,0,2B,7,top,top
823766,2026-07-17,669364,Xavier Edwards,656730,Trevor Megill,1,0,2B,9,top,top
823766,2026-07-17,687401,Joey Ortiz,664126,Pete Fairbanks,1,0,2B,9,bottom,bottom
824009,2026-07-17,687263,Zach Neto,675512,Troy Melton,0,1,2B,5,bottom,bottom
824009,2026-07-17,663837,Matt Vierling,696147,Sam Bachman,1,0,2B,8,top,top
824009,2026-07-17,681546,James Outman,489446,Kirby Yates,1,0,2B,9,top,top
824090,2026-07-17,686475,Tyler Tolbert,670970,Adrian Morejon,1,0,2B,8,bottom,bottom
824090,2026-07-17,686469,Vinnie Pasquantino,670970,Adrian Morejon,1,0,2B,8,bottom,bottom
824170,2026-07-17,691723,Coby Mayo,663567,Peter Lambert,1,0,2B,3,top,top
824332,2026-07-17,664983,Jake McCarthy,663903,Brady Singer,1,0,2B,6,bottom,bottom
824655,2026-07-17,691718,Pete Crow-Armstrong,641927,Bailey Ober,1,0,2B,1,bottom,bottom
824655,2026-07-17,668885,Austin Martin,519141,Drew Pomeranz,1,0,2B,7,top,top
824655,2026-07-17,686797,Brooks Lee,669020,Ryan Rolison,0,1,2B,8,top,top
824737,2026-07-17,702332,Caleb Durbin,669438,Mason Englert,0,1,2B,3,bottom,bottom
824766,2026-07-17,678882,Ceddanne Rafaela,643377,Griffin Jax,1,0,2B,3,bottom,bottom
824981,2026-07-17,686611,Dylan Crews,686993,Justin Sterner,1,0,2B,5,top,top
824981,2026-07-17,683083,Nasim Nuñez,686993,Justin Sterner,1,0,2B,6,top,top
822790,2026-07-18,665926,Andrés Giménez,663436,Davis Martin,1,0,2B,5,bottom,bottom
822790,2026-07-18,682668,Luisangel Acuña,643511,Tyler Rogers,0,1,2B,8,top,top
823116,2026-07-18,670042,Luke Raley,656529,Sam Hentges,0,1,2B,7,bottom,bottom
823441,2026-07-18,805999,A.J. Ewing,666200,Jesús Luzardo,1,0,2B,2,top,top
823441,2026-07-18,607208,Trea Turner,673540,Kodai Senga,1,0,2B,6,bottom,bottom
823763,2026-07-18,672640,Otto Lopez,675660,Shane Drohan,1,0,2B,1,top,top
823763,2026-07-18,694192,Jackson Chourio,676974,Max Meyer,1,0,2B,3,bottom,bottom
823763,2026-07-18,669003,Garrett Mitchell,676974,Max Meyer,1,0,2B,3,bottom,bottom
823763,2026-07-18,800325,Luis Lara,676604,Tyler Zuber,1,0,2B,5,bottom,bottom
823763,2026-07-18,669699,Braden Shewmake,676534,Calvin Faucher,1,0,3B,6,bottom,bottom
823763,2026-07-18,687401,Joey Ortiz,676534,Calvin Faucher,1,0,2B,6,bottom,bottom
823763,2026-07-18,592885,Christian Yelich,687473,Ryan Gusto,1,0,3B,7,bottom,bottom
823763,2026-07-18,694192,Jackson Chourio,687473,Ryan Gusto,1,0,2B,7,bottom,bottom
824008,2026-07-18,656716,Zach McKinstry,680570,Grayson Rodriguez,0,1,2B,3,top,top
824088,2026-07-18,665487,Fernando Tatis Jr.,677976,Randy Dobnak,1,0,2B,1,top,top
824088,2026-07-18,686555,Isaac Collins,663362,Matt Waldron,0,1,2B,4,bottom,bottom
824169,2026-07-18,624413,Pete Alonso,681293,Spencer Arrighetti,1,0,2B,4,top,top
824331,2026-07-18,664983,Jake McCarthy,695076,Rhett Lowder,1,0,2B,2,bottom,bottom
824331,2026-07-18,682622,Noelvi Marte,675848,Juan Mejia,1,0,3B,7,top,top
824412,2026-07-18,800050,Chase DeLauter,642397,Gregory Soto,1,0,2B,8,bottom,bottom
824412,2026-07-18,800050,Chase DeLauter,642397,Gregory Soto,1,0,2B,8,bottom,bottom
824412,2026-07-18,696135,Kahlil Watson,642397,Gregory Soto,1,0,2B,8,bottom,bottom
824414,2026-07-18,656555,Rhys Hoskins,669387,Carmen Mlodzinski,1,0,2B,7,bottom,bottom
824657,2026-07-18,621020,Dansby Swanson,671737,Taj Bradley,1,0,2B,2,bottom,bottom
824738,2026-07-18,802415,Chandler Simpson,663776,Patrick Sandoval,1,0,3B,4,top,top
824738,2026-07-18,663853,Romy Gonzalez,687330,Kevin Kelly,1,0,2B,4,bottom,bottom
824738,2026-07-18,663853,Romy Gonzalez,687330,Kevin Kelly,0,1,3B,4,bottom,bottom
824738,2026-07-18,670764,Taylor Walls,547973,Aroldis Chapman,1,0,2B,9,top,top
824738,2026-07-18,670764,Taylor Walls,547973,Aroldis Chapman,1,0,3B,9,top,top
824738,2026-07-18,656775,Cedric Mullins,547973,Aroldis Chapman,1,0,2B,9,top,top
825059,2026-07-18,691026,Masyn Winn,657044,Ryan Thompson,1,0,2B,6,top,top
823113,2026-07-19,669477,Casey Schmitt,669302,Logan Gilbert,1,0,2B,1,top,top
823113,2026-07-19,647304,Josh Naylor,592662,Robbie Ray,1,0,2B,4,bottom,bottom
823113,2026-07-19,805811,Bryce Eldridge,642100,Gabe Speier,1,0,2B,8,top,top
823439,2026-07-19,621438,Tyrone Taylor,641835,Tim Mayza,0,1,3B,5,top,top
823521,2026-07-19,676609,José Caballero,623465,Evan Phillips,1,0,2B,8,bottom,bottom
823764,2026-07-19,592885,Christian Yelich,691587,Eury Pérez,1,0,2B,6,bottom,bottom
823764,2026-07-19,806198,Cooper Pratt,656848,Michael Petersen,0,1,2B,7,bottom,bottom
824007,2026-07-19,545361,Mike Trout,663554,Casey Mize,1,0,3B,3,bottom,bottom
824007,2026-07-19,672724,Oswald Peraza,669724,Brenan Hanifee,1,0,2B,6,bottom,bottom
824007,2026-07-19,687263,Zach Neto,669724,Brenan Hanifee,1,0,2B,6,bottom,bottom
824007,2026-07-19,623168,Tyler Heineman,445276,Kenley Jansen,1,0,2B,8,bottom,bottom
824086,2026-07-19,657041,Lane Thomas,608566,Germán Márquez,1,0,2B,1,bottom,bottom
824086,2026-07-19,665487,Fernando Tatis Jr.,702070,Noah Cameron,1,0,2B,2,top,top
824086,2026-07-19,701538,Jackson Merrill,702070,Noah Cameron,1,0,2B,2,top,top
824168,2026-07-19,687637,Dylan Beavers,686613,Hunter Brown,1,0,2B,1,top,top
824168,2026-07-19,687637,Dylan Beavers,686613,Hunter Brown,0,1,2B,3,top,top
824168,2026-07-19,624413,Pete Alonso,686613,Hunter Brown,1,0,2B,3,top,top
824168,2026-07-19,683002,Gunnar Henderson,686613,Hunter Brown,1,0,H,3,top,top
824168,2026-07-19,681297,Colton Cowser,686613,Hunter Brown,1,0,2B,4,top,top
824330,2026-07-19,668709,JJ Bleday,663372,Ryan Feltner,1,0,2B,2,top,top
824411,2026-07-19,680757,Steven Kwan,694973,Paul Skenes,0,1,2B,3,bottom,bottom
824411,2026-07-19,695257,Billy Cook,680916,Franco Aleman,1,0,2B,6,top,top
824739,2026-07-19,680700,Richie Palacios,543243,Sonny Gray,1,0,2B,2,top,top
824739,2026-07-19,702332,Caleb Durbin,663556,Shane McClanahan,1,0,2B,2,bottom,bottom
824739,2026-07-19,655316,Andruw Monasterio,663556,Shane McClanahan,0,1,2B,2,bottom,bottom
824739,2026-07-19,680776,Jarren Duran,663556,Shane McClanahan,0,1,2B,2,bottom,bottom
824897,2026-07-19,686948,Drake Baldwin,543135,Nathan Eovaldi,1,0,2B,1,bottom,bottom
824978,2026-07-19,678554,Curtis Mead,682052,Jacob Lopez,1,0,2B,1,top,top
824978,2026-07-19,683083,Nasim Nuñez,682052,Jacob Lopez,1,0,2B,3,top,top
824978,2026-07-19,683083,Nasim Nuñez,682052,Jacob Lopez,1,0,3B,3,top,top
824978,2026-07-19,695670,Harry Ford,665660,Elvis Alvarado,1,0,2B,5,top,top
824978,2026-07-19,696285,Jacob Young,669620,Brady Basso,1,0,2B,6,top,top
824978,2026-07-19,696285,Jacob Young,669620,Brady Basso,1,0,3B,6,top,top
822788,2026-07-20,543807,George Springer,607259,Nick Martinez,1,0,2B,4,bottom,bottom
822788,2026-07-20,650490,Yandy Díaz,656302,Dylan Cease,1,0,2B,5,top,top
822788,2026-07-20,802415,Chandler Simpson,656302,Dylan Cease,1,0,2B,6,top,top
822874,2026-07-20,694671,Wyatt Langford,607200,Erick Fedde,1,0,2B,1,bottom,bottom
822874,2026-07-20,694671,Wyatt Langford,607200,Erick Fedde,0,1,3B,1,bottom,bottom
822874,2026-07-20,695731,Braden Montgomery,695239,Robby Ahlstrom,0,1,2B,8,top,top
823112,2026-07-20,682829,Elly De La Cruz,669923,George Kirby,1,0,2B,1,top,top
823112,2026-07-20,667472,Dane Myers,669923,George Kirby,1,0,2B,5,top,top
823112,2026-07-20,645302,Victor Robles,671096,Andrew Abbott,1,0,2B,5,bottom,bottom
823436,2026-07-20,702222,Justin Crawford,686218,Emmet Sheehan,1,0,2B,5,bottom,bottom
823762,2026-07-20,806198,Cooper Pratt,642547,Freddy Peralta,1,0,2B,4,bottom,bottom
824006,2026-07-20,802139,JJ Wetherholt,667755,José Soriano,1,0,2B,3,top,top
824006,2026-07-20,691023,Jordan Walker,820862,José Fermin,1,0,2B,9,top,top
824087,2026-07-20,691740,Daniel Susac,608379,Michael Wacha,1,0,2B,5,top,top
824167,2026-07-20,701358,Cam Smith,690978,Dax Fulton,1,0,2B,8,bottom,bottom
824328,2026-07-20,671289,Tyler Freeman,674841,Andrew Alvarez,0,1,2B,2,bottom,bottom
824328,2026-07-20,696285,Jacob Young,675848,Juan Mejia,0,1,2B,8,top,top
824410,2026-07-20,682177,Daniel Schneemann,681892,Kody Funderburk,1,0,2B,5,bottom,bottom
824736,2026-07-20,624413,Pete Alonso,801139,Payton Tolle,0,1,2B,5,top,top
824898,2026-07-20,665487,Fernando Tatis Jr.,693821,Bryce Elder,0,1,3B,1,top,top
824898,2026-07-20,592518,Manny Machado,693821,Bryce Elder,0,1,3B,1,top,top
825058,2026-07-20,672695,Geraldo Perdomo,605488,Jeffrey Springs,0,1,2B,1,bottom,bottom
825058,2026-07-20,695720,Tommy White,683352,Mitch Bratt,0,1,2B,4,top,top
825058,2026-07-20,672695,Geraldo Perdomo,665622,Luis Medina,1,0,2B,6,bottom,bottom
825058,2026-07-20,643446,Jeff McNeil,656464,Kevin Ginkel,1,0,2B,7,top,top
825058,2026-07-20,643446,Jeff McNeil,656464,Kevin Ginkel,1,0,2B,7,top,top
822787,2026-07-21,676356,Jonny DeLuca,592332,Kevin Gausman,1,0,2B,1,top,top
822787,2026-07-21,656775,Cedric Mullins,689254,Mason Fluharty,1,0,2B,4,top,top
822787,2026-07-21,656775,Cedric Mullins,689254,Mason Fluharty,1,0,2B,4,top,top
822787,2026-07-21,676356,Jonny DeLuca,689254,Mason Fluharty,0,1,2B,4,top,top
823114,2026-07-21,647304,Josh Naylor,695505,Chase Burns,1,0,2B,2,bottom,bottom
823437,2026-07-21,656537,Derek Hill,680736,Justin Wrobleski,1,0,2B,2,bottom,bottom
823760,2026-07-21,805999,A.J. Ewing,687075,Brandon Sproat,1,0,2B,3,top,top
823760,2026-07-21,596019,Francisco Lindor,669060,Bryse Wilson,0,1,2B,7,top,top
824085,2026-07-21,686555,Isaac Collins,681916,Dylan Smith,1,0,2B,7,bottom,bottom
824165,2026-07-21,666211,Taylor Trammell,663969,Tyler Phillips,0,1,2B,4,bottom,bottom
824329,2026-07-21,694249,Cole Carrigg,571945,Miles Mikolas,1,0,2B,2,bottom,bottom
824409,2026-07-21,683953,Travis Bazzana,573124,Taylor Rogers,1,0,3B,6,bottom,bottom
824409,2026-07-21,672356,Gabriel Arias,573124,Taylor Rogers,1,0,2B,6,bottom,bottom
824652,2026-07-21,621020,Dansby Swanson,680744,Ty Madden,1,0,2B,3,bottom,bottom
824895,2026-07-21,630105,Jake Cronenworth,625643,Reynaldo López,0,1,2B,3,top,top
825056,2026-07-21,682998,Corbin Carroll,678022,Jack Perkins,1,0,2B,3,bottom,bottom
822784,2026-07-22,656775,Cedric Mullins,680755,Braydon Fisher,0,1,2B,2,top,top
822784,2026-07-22,802415,Chandler Simpson,693686,Spencer Miles,1,0,2B,2,top,top
822784,2026-07-22,683748,Victor Mesa Jr.,693686,Spencer Miles,1,0,2B,2,top,top
822784,2026-07-22,802415,Chandler Simpson,693686,Spencer Miles,1,0,2B,4,top,top
822784,2026-07-22,683748,Victor Mesa Jr.,663893,Brendon Little,0,1,2B,8,top,top
823110,2026-07-22,682829,Elly De La Cruz,676106,Emerson Hancock,1,0,2B,1,top,top
823110,2026-07-22,647304,Josh Naylor,663903,Brady Singer,1,0,2B,2,bottom,bottom
823110,2026-07-22,668227,Randy Arozarena,663903,Brady Singer,0,1,2B,6,bottom,bottom
823438,2026-07-22,681624,Andy Pages,641835,Tim Mayza,1,0,2B,8,top,top
823438,2026-07-22,681624,Andy Pages,641835,Tim Mayza,1,0,3B,8,top,top
823438,2026-07-22,518692,Freddie Freeman,641835,Tim Mayza,1,0,2B,8,top,top
823518,2026-07-22,663968,Jake Mangum,518585,Fernando Cruz,1,0,2B,10,top,top
823519,2026-07-22,665862,Jazz Chisholm Jr.,696149,Bubba Chandler,1,0,2B,2,bottom,bottom
823519,2026-07-22,669707,Jared Triolo,621112,Paul Blackburn,1,0,2B,7,top,top
823761,2026-07-22,687401,Joey Ortiz,650960,Daniel Duarte,1,0,2B,8,bottom,bottom
824004,2026-07-22,642350,Jose Siri,676617,Riley O'Brien,1,0,2B,9,bottom,bottom
824083,2026-07-22,623205,Andrew Velazquez,694738,Landen Roupp,1,0,2B,6,bottom,bottom
824083,2026-07-22,516782,Starling Marte,676775,Keaton Winn,1,0,3B,7,bottom,bottom
824083,2026-07-22,657041,Lane Thomas,676775,Keaton Winn,1,0,2B,7,bottom,bottom
824166,2026-07-22,681715,Heriberto Hernández,663567,Peter Lambert,1,0,2B,1,top,top
824166,2026-07-22,828599,Lucas Spence,645261,Sandy Alcantara,0,1,H,2,bottom,bottom
824166,2026-07-22,665923,Esteury Ruiz,660853,Enyel De Los Santos,1,0,2B,7,top,top
824166,2026-07-22,665923,Esteury Ruiz,660853,Enyel De Los Santos,1,0,3B,7,top,top
824327,2026-07-22,695734,Daylen Lile,687312,Gabriel Hughes,1,0,2B,2,top,top
824327,2026-07-22,682928,CJ Abrams,687312,Gabriel Hughes,1,0,2B,4,top,top
824408,2026-07-22,683953,Travis Bazzana,641927,Bailey Ober,1,0,2B,3,bottom,bottom
824408,2026-07-22,690984,Petey Halpin,641927,Bailey Ober,1,0,2B,4,bottom,bottom
824650,2026-07-22,805808,Kevin McGonigle,607067,Colin Rea,0,1,2B,3,top,top
824732,2026-07-22,621493,Taylor Ward,678394,Brayan Bello,1,0,2B,4,top,top
824896,2026-07-22,593428,Xander Bogaerts,800311,Didier Fuentes,1,0,3B,7,top,top
824896,2026-07-22,630105,Jake Cronenworth,800311,Didier Fuentes,1,0,2B,7,top,top
825055,2026-07-22,805779,Jacob Wilson,518876,Merrill Kelly,1,0,3B,3,top,top
825055,2026-07-22,622268,Donovan Walton,518876,Merrill Kelly,0,1,2B,4,top,top
822785,2026-07-23,664702,Myles Straw,693855,Ian Seymour,1,0,2B,7,bottom,bottom
822785,2026-07-23,665489,Vladimir Guerrero Jr.,693855,Ian Seymour,0,1,2B,7,bottom,bottom
823042,2026-07-23,680728,Adrian Del Castillo,694335,Matt Svanson,1,0,2B,8,top,top
824247,2026-07-23,681546,James Outman,677976,Randy Dobnak,0,1,2B,5,bottom,bottom
824247,2026-07-23,686475,Tyler Tolbert,623454,Drew Anderson,1,0,2B,8,top,top
824406,2026-07-23,680757,Steven Kwan,671737,Taj Bradley,1,0,2B,1,bottom,bottom
824406,2026-07-23,800050,Chase DeLauter,671737,Taj Bradley,1,0,2B,4,bottom,bottom
824406,2026-07-23,665019,Kody Clemens,668909,Gavin Williams,1,0,2B,5,top,top
824406,2026-07-23,668904,Royce Lewis,683769,Hunter Gaddis,1,0,2B,8,top,top
824406,2026-07-23,686797,Brooks Lee,671922,Cade Smith,1,0,2B,8,top,top
824893,2026-07-23,645277,Ozzie Albies,673513,Yuki Matsui,0,1,2B,5,bottom,bottom
822707,2026-07-24,682998,Corbin Carroll,687223,Carson Palmquist,1,0,2B,1,top,top
822707,2026-07-24,682988,Tyler Locklear,641793,Zack Littell,1,0,2B,6,top,top
822707,2026-07-24,682998,Corbin Carroll,687377,Orlando Ribalta,1,0,3B,7,top,top
822707,2026-07-24,672695,Geraldo Perdomo,687377,Orlando Ribalta,1,0,2B,7,top,top
823031,2026-07-24,682829,Elly De La Cruz,669160,Dustin May,1,0,2B,5,top,top
823031,2026-07-24,671056,Iván Herrera,695076,Rhett Lowder,1,0,2B,5,bottom,bottom
823031,2026-07-24,682829,Elly De La Cruz,703725,Luis Gastelum,1,0,2B,9,top,top
823196,2026-07-24,694384,Nolan Schanuel,657277,Logan Webb,1,0,2B,1,top,top
823196,2026-07-24,687263,Zach Neto,657277,Logan Webb,0,1,2B,5,top,top
823196,2026-07-24,687529,Grant McCray,489446,Kirby Yates,1,0,2B,7,bottom,bottom
823434,2026-07-24,641355,Cody Bellinger,666200,Jesús Luzardo,0,1,2B,4,top,top
823601,2026-07-24,676724,Jared Young,808963,Roki Sasaki,1,0,2B,5,bottom,bottom
823601,2026-07-24,518692,Freddie Freeman,621345,A.J. Minter,1,0,2B,8,top,top
823680,2026-07-24,668904,Royce Lewis,682052,Jacob Lopez,1,0,2B,4,bottom,bottom
823680,2026-07-24,668904,Royce Lewis,682052,Jacob Lopez,1,0,3B,4,bottom,bottom
823680,2026-07-24,807712,Luke Keaschall,682052,Jacob Lopez,1,0,2B,4,bottom,bottom
823759,2026-07-24,650489,Willi Castro,675660,Shane Drohan,1,0,2B,4,top,top
823759,2026-07-24,678662,Ezequiel Tovar,684974,Craig Yoho,0,1,2B,9,top,top
823843,2026-07-24,672640,Otto Lopez,608566,Germán Márquez,1,0,2B,1,bottom,bottom
823843,2026-07-24,669364,Xavier Edwards,608566,Germán Márquez,1,0,2B,1,bottom,bottom
823843,2026-07-24,805300,Jakob Marsee,593974,Wandy Peralta,0,1,2B,6,bottom,bottom
823843,2026-07-24,593428,Xander Bogaerts,667463,John King,1,0,2B,8,top,top
824573,2026-07-24,803011,Sam Antonacci,681293,Spencer Arrighetti,1,0,2B,1,bottom,bottom
824573,2026-07-24,666211,Taylor Trammell,669684,Chris Murphy,1,0,2B,9,top,top
824573,2026-07-24,666211,Taylor Trammell,669684,Chris Murphy,1,0,3B,9,top,top
824733,2026-07-24,575929,Willson Contreras,702056,Trey Yesavage,1,0,2B,1,bottom,bottom
824812,2026-07-24,687637,Dylan Beavers,656550,Grant Holmes,0,1,2B,1,bottom,bottom
824812,2026-07-24,681297,Colton Cowser,664849,Danny Young,1,0,2B,6,bottom,bottom
824812,2026-07-24,681297,Colton Cowser,622694,Elieser Hernández,1,0,2B,8,bottom,bottom
822704,2026-07-25,682928,CJ Abrams,683352,Mitch Bratt,0,1,3B,3,bottom,bottom
822704,2026-07-25,696285,Jacob Young,683352,Mitch Bratt,1,0,2B,5,bottom,bottom
822704,2026-07-25,696285,Jacob Young,683352,Mitch Bratt,1,0,3B,5,bottom,bottom
822704,2026-07-25,682928,CJ Abrams,672629,Gerardo Carrillo,1,0,2B,7,bottom,bottom
822869,2026-07-25,647304,Josh Naylor,543135,Nathan Eovaldi,0,1,2B,2,top,top
822869,2026-07-25,592626,Joc Pederson,693433,Bryan Woo,1,0,2B,2,bottom,bottom
823027,2026-07-25,668709,JJ Bleday,669467,Andre Pallante,1,0,2B,4,top,top
823355,2026-07-25,691718,Pete Crow-Armstrong,694973,Paul Skenes,1,0,2B,1,top,top
823355,2026-07-25,699393,Pedro Ramírez,676760,Ron Marinaccio,1,0,2B,7,top,top
823600,2026-07-25,669242,Tommy Edman,690997,Nolan McLean,1,0,2B,6,top,top
823600,2026-07-25,669242,Tommy Edman,650960,Daniel Duarte,0,1,2B,8,top,top
823679,2026-07-25,668952,Ryan Kreidler,686930,Mason Barnett,1,0,3B,3,bottom,bottom
823758,2026-07-25,641343,Jake Bauers,663372,Ryan Feltner,1,0,2B,2,bottom,bottom
823758,2026-07-25,592885,Christian Yelich,663372,Ryan Feltner,0,1,3B,5,bottom,bottom
823758,2026-07-25,666152,David Hamilton,675848,Juan Mejia,1,0,2B,6,bottom,bottom
823758,2026-07-25,666152,David Hamilton,675848,Juan Mejia,1,0,2B,6,bottom,bottom
823758,2026-07-25,806198,Cooper Pratt,685299,Tanner Gordon,1,0,2B,8,bottom,bottom
823841,2026-07-25,672640,Otto Lopez,681190,Randy Vásquez,1,0,2B,1,bottom,bottom
823841,2026-07-25,650859,Luis Rengifo,691587,Eury Pérez,1,0,2B,2,top,top
823841,2026-07-25,665923,Esteury Ruiz,676664,JP Sears,1,0,2B,5,bottom,bottom
823841,2026-07-25,630105,Jake Cronenworth,690978,Dax Fulton,1,0,2B,8,top,top
823841,2026-07-25,665923,Esteury Ruiz,663362,Matt Waldron,1,0,2B,8,bottom,bottom
824734,2026-07-25,676391,Ernie Clement,687941,Alec Gamboa,1,0,2B,6,top,top
824734,2026-07-25,575929,Willson Contreras,656302,Dylan Cease,0,1,2B,7,bottom,bottom
824811,2026-07-25,624413,Pete Alonso,682989,Victor Mederos,1,0,2B,7,bottom,bottom
822870,2026-07-26,694497,Evan Carter,642100,Gabe Speier,1,0,2B,6,bottom,bottom
822950,2026-07-26,690984,Petey Halpin,656876,Drew Rasmussen,1,0,2B,3,top,top
823028,2026-07-26,682622,Noelvi Marte,681517,Kyle Leahy,0,1,2B,2,top,top
823194,2026-07-26,694203,Denzer Guzman,605288,Adrian Houser,1,0,2B,7,top,top
823433,2026-07-26,547180,Bryce Harper,666808,Camilo Doval,1,0,3B,5,bottom,bottom
823433,2026-07-26,669016,Brandon Marsh,666808,Camilo Doval,1,0,2B,5,bottom,bottom
823678,2026-07-26,668904,Royce Lewis,605488,Jeffrey Springs,1,0,2B,1,bottom,bottom
823678,2026-07-26,668952,Ryan Kreidler,806960,Luis Morales,1,0,3B,4,bottom,bottom
823678,2026-07-26,668952,Ryan Kreidler,806960,Luis Morales,1,0,3B,6,bottom,bottom
823755,2026-07-26,641343,Jake Bauers,623474,Jimmy Herget,1,0,2B,6,bottom,bottom
823840,2026-07-26,689414,Liam Hicks,621111,Walker Buehler,1,0,3B,2,bottom,bottom
823840,2026-07-26,669364,Xavier Edwards,673513,Yuki Matsui,1,0,2B,6,bottom,bottom
824572,2026-07-26,682668,Luisangel Acuña,660853,Enyel De Los Santos,0,1,2B,7,bottom,bottom
824730,2026-07-26,680776,Jarren Duran,680755,Braydon Fisher,1,0,2B,7,bottom,bottom
824730,2026-07-26,663330,Jahmai Jones,663893,Brendon Little,1,0,3B,7,bottom,bottom
824730,2026-07-26,665926,Andrés Giménez,670245,Ryan Watson,1,0,2B,9,top,top
824977,2026-07-27,703607,Henry Bolte,801139,Payton Tolle,0,1,3B,2,bottom,bottom
824977,2026-07-27,675961,Alika Williams,801139,Payton Tolle,0,1,3B,2,bottom,bottom
824977,2026-07-27,655316,Andruw Monasterio,665660,Elvis Alvarado,0,1,3B,7,top,top
824976,2026-07-28,702332,Caleb Durbin,695611,Gage Jump,1,0,2B,2,top,top
824976,2026-07-28,680776,Jarren Duran,695611,Gage Jump,0,1,2B,5,top,top
824976,2026-07-28,703607,Henry Bolte,687562,Jake Bennett,1,0,2B,5,bottom,bottom
824976,2026-07-28,805779,Jacob Wilson,663558,Jovani Morán,1,0,3B,7,bottom,bottom
824973,2026-07-29,703607,Henry Bolte,663776,Patrick Sandoval,0,1,2B,2,bottom,bottom
824973,2026-07-29,643446,Jeff McNeil,686580,Justin Slaten,1,0,2B,7,bottom,bottom
824974,2026-07-30,678882,Ceddanne Rafaela,686930,Mason Barnett,1,0,2B,4,top,top
822702,2026-07-29,672960,Kazuma Okamoto,641793,Zack Littell,0,1,2B,1,top,top
822702,2026-07-29,664702,Myles Straw,687606,Paxton Schultz,1,0,2B,8,top,top
822703,2026-07-28,683083,Nasim Nuñez,663893,Brendon Little,0,1,2B,3,bottom,bottom
822705,2026-07-27,695578,James Wood,453286,Max Scherzer,1,0,2B,1,bottom,bottom
822705,2026-07-27,683083,Nasim Nuñez,453286,Max Scherzer,1,0,2B,2,bottom,bottom
822705,2026-07-27,682928,CJ Abrams,453286,Max Scherzer,1,0,2B,3,bottom,bottom
822705,2026-07-27,682928,CJ Abrams,453286,Max Scherzer,1,0,3B,3,bottom,bottom
822705,2026-07-27,672960,Kazuma Okamoto,674841,Andrew Alvarez,1,0,2B,4,top,top
822705,2026-07-27,664702,Myles Straw,674841,Andrew Alvarez,1,0,2B,4,top,top
822705,2026-07-27,665489,Vladimir Guerrero Jr.,674841,Andrew Alvarez,0,1,H,5,top,top
822868,2026-07-27,694497,Evan Carter,669923,George Kirby,1,0,3B,3,bottom,bottom
822868,2026-07-27,669701,Josh Smith,621074,Michael Rucker,1,0,2B,6,bottom,bottom
822868,2026-07-27,677649,Ezequiel Duran,677961,Cole Wilcox,0,1,2B,7,bottom,bottom
822868,2026-07-27,641598,Mitch Garver,656641,Jacob Latz,1,0,2B,9,top,top
822946,2026-07-30,607043,Brandon Nimmo,518886,Craig Kimbrel,1,0,2B,5,top,top
822946,2026-07-30,696030,Alejandro Osuna,571927,Steven Matz,1,0,2B,7,top,top
822946,2026-07-30,676356,Jonny DeLuca,687239,Ben Peoples,1,0,2B,8,bottom,bottom
822949,2026-07-28,677649,Ezequiel Duran,518886,Craig Kimbrel,1,0,2B,8,top,top
822949,2026-07-28,694497,Evan Carter,518886,Craig Kimbrel,1,0,2B,8,top,top
823023,2026-07-30,802139,JJ Wetherholt,665871,Javier Assad,1,0,2B,5,bottom,bottom
823023,2026-07-30,663538,Nico Hoerner,669467,Andre Pallante,1,0,2B,6,top,top
823023,2026-07-30,621020,Dansby Swanson,666277,George Soriano,1,0,2B,7,top,top
823025,2026-07-27,691718,Pete Crow-Armstrong,669461,Matthew Liberatore,0,1,2B,1,top,top
823025,2026-07-27,802139,JJ Wetherholt,656849,David Peterson,1,0,2B,1,bottom,bottom
823026,2026-07-28,663538,Nico Hoerner,677865,Justin Bruihl,1,0,2B,5,top,top
823026,2026-07-28,699393,Pedro Ramírez,677865,Justin Bruihl,1,0,2B,5,top,top
823192,2026-07-29,671218,Heliot Ramos,623381,Thomas Pannone,1,0,2B,1,bottom,bottom
823192,2026-07-29,666152,David Hamilton,657277,Logan Webb,1,0,2B,3,top,top
823192,2026-07-29,671218,Heliot Ramos,623381,Thomas Pannone,0,1,2B,3,bottom,bottom
823192,2026-07-29,650333,Luis Arraez,694477,Chad Patrick,1,0,3B,5,bottom,bottom
823192,2026-07-29,642715,Willy Adames,694477,Chad Patrick,1,0,2B,6,bottom,bottom
823193,2026-07-28,800325,Luis Lara,694738,Landen Roupp,1,0,2B,4,top,top
823193,2026-07-28,806198,Cooper Pratt,694738,Landen Roupp,1,0,2B,4,top,top
823193,2026-07-28,800325,Luis Lara,664141,JT Brubaker,0,1,2B,5,top,top
823195,2026-07-27,671218,Heliot Ramos,687075,Brandon Sproat,1,0,3B,1,bottom,bottom
823195,2026-07-27,683766,Christian Koss,687075,Brandon Sproat,1,0,2B,2,bottom,bottom
823195,2026-07-27,650333,Luis Arraez,687075,Brandon Sproat,1,0,2B,3,bottom,bottom
823271,2026-07-30,665487,Fernando Tatis Jr.,592662,Robbie Ray,0,1,2B,1,bottom,bottom
823271,2026-07-30,642715,Willy Adames,681190,Randy Vásquez,1,0,2B,7,top,top
823271,2026-07-30,671218,Heliot Ramos,681190,Randy Vásquez,1,0,2B,9,top,top
823275,2026-07-28,694249,Cole Carrigg,650633,Michael King,0,1,2B,2,top,top
823275,2026-07-28,592518,Manny Machado,680767,Victor Vodnik,0,1,3B,8,bottom,bottom
823275,2026-07-28,701538,Jackson Merrill,623474,Jimmy Herget,1,0,2B,9,bottom,bottom
823350,2026-07-28,682848,Endy Rodríguez,657044,Ryan Thompson,1,0,2B,8,bottom,bottom
823350,2026-07-28,682998,Corbin Carroll,696062,Wilber Dotel,1,0,2B,12,top,top
823351,2026-07-29,682998,Corbin Carroll,683003,Jared Jones,1,0,3B,4,top,top
823351,2026-07-29,669707,Jared Triolo,593958,Eduardo Rodriguez,1,0,2B,5,bottom,bottom
823353,2026-07-27,694378,Jacob Gonzalez,518876,Merrill Kelly,1,0,2B,5,bottom,bottom
823595,2026-07-30,543760,Marcus Semien,691587,Eury Pérez,1,0,2B,5,bottom,bottom
823595,2026-07-30,701807,Carson Benge,656848,Michael Petersen,1,0,2B,8,bottom,bottom
823596,2026-07-29,805999,A.J. Ewing,700363,AJ Smith-Shawver,1,0,2B,1,bottom,bottom
823596,2026-07-29,805999,A.J. Ewing,700363,AJ Smith-Shawver,1,0,2B,3,bottom,bottom
823596,2026-07-29,701807,Carson Benge,700363,AJ Smith-Shawver,0,1,2B,4,bottom,bottom
823596,2026-07-29,622761,Jorge Mateo,642207,Devin Williams,1,0,2B,9,top,top
823597,2026-07-27,805999,A.J. Ewing,527048,Martín Pérez,1,0,2B,3,bottom,bottom
823598,2026-07-29,663586,Austin Riley,621345,A.J. Minter,1,0,2B,7,top,top
823674,2026-07-30,670231,John Rave,641927,Bailey Ober,1,0,2B,1,top,top
823674,2026-07-30,668885,Austin Martin,702070,Noah Cameron,0,1,2B,1,bottom,bottom
823674,2026-07-30,686475,Tyler Tolbert,672782,Yoendrys Gómez,1,0,2B,9,top,top
823676,2026-07-28,668942,Josh Rojas,671737,Taj Bradley,1,0,H,6,top,top
823676,2026-07-28,657041,Lane Thomas,671737,Taj Bradley,1,0,2B,6,top,top
823677,2026-07-29,686475,Tyler Tolbert,696070,Kendry Rojas,1,0,2B,7,top,top
823837,2026-07-29,669364,Xavier Edwards,666200,Jesús Luzardo,1,0,2B,2,bottom,bottom
823837,2026-07-29,691594,Javier Sanoja,666200,Jesús Luzardo,0,1,3B,6,bottom,bottom
823837,2026-07-29,665923,Esteury Ruiz,666200,Jesús Luzardo,1,0,2B,7,bottom,bottom
823838,2026-07-28,672640,Otto Lopez,605400,Aaron Nola,0,1,2B,3,bottom,bottom
823838,2026-07-28,669364,Xavier Edwards,689147,Orion Kerkering,1,0,2B,8,bottom,bottom
823839,2026-07-27,672640,Otto Lopez,554430,Zack Wheeler,1,0,2B,1,bottom,bottom
823839,2026-07-27,691594,Javier Sanoja,554430,Zack Wheeler,1,0,2B,2,bottom,bottom
823839,2026-07-27,672640,Otto Lopez,661395,Jhoan Duran,1,0,2B,9,bottom,bottom
823921,2026-07-30,663656,Kyle Tucker,693433,Bryan Woo,1,0,2B,4,bottom,bottom
823923,2026-07-28,677594,Julio Rodríguez,681911,Alex Vesia,1,0,2B,8,top,top
823923,2026-07-28,571970,Max Muncy,662253,Andrés Muñoz,1,0,2B,9,bottom,bottom
823924,2026-07-29,668227,Randy Arozarena,641778,Eric Lauer,1,0,2B,1,top,top
823924,2026-07-29,702284,Cole Young,641778,Eric Lauer,0,1,2B,3,top,top
824001,2026-07-27,666139,Josh Lowe,805123,AJ Blubaugh,1,0,2B,3,bottom,bottom
824003,2026-07-28,687263,Zach Neto,663567,Peter Lambert,1,0,2B,3,bottom,bottom
824242,2026-07-29,702616,Jackson Holliday,640448,Kyle Finnegan,1,0,2B,7,top,top
824245,2026-07-27,702616,Jackson Holliday,623454,Drew Anderson,0,1,2B,7,top,top
824245,2026-07-27,681297,Colton Cowser,621097,Jacob Waguespack,1,0,2B,8,top,top
824487,2026-07-29,695490,Edwin Arroyo,676282,Joey Cantillo,1,0,2B,2,bottom,bottom
824487,2026-07-29,800050,Chase DeLauter,695534,Chase Petty,1,0,2B,6,top,top
824487,2026-07-29,690984,Petey Halpin,670062,Julian Garcia,1,0,2B,7,top,top
824488,2026-07-30,682829,Elly De La Cruz,670990,Yohan Ramírez,1,0,2B,1,bottom,bottom
824488,2026-07-30,701398,Sal Stewart,682995,Hunter Barco,0,1,2B,3,bottom,bottom
824488,2026-07-30,682848,Endy Rodríguez,695076,Rhett Lowder,1,0,2B,5,top,top
824488,2026-07-30,682829,Elly De La Cruz,682995,Hunter Barco,1,0,3B,5,bottom,bottom
824488,2026-07-30,668709,JJ Bleday,682995,Hunter Barco,0,1,2B,5,bottom,bottom
824488,2026-07-30,682848,Endy Rodríguez,656271,Brock Burke,1,0,3B,7,top,top
824488,2026-07-30,669707,Jared Triolo,656271,Brock Burke,1,0,2B,7,top,top
824489,2026-07-28,667472,Dane Myers,668909,Gavin Williams,1,0,2B,5,bottom,bottom
824489,2026-07-28,671155,Ivan Johnson,682982,Daniel Espino,1,0,2B,8,bottom,bottom
824489,2026-07-28,671155,Ivan Johnson,682982,Daniel Espino,1,0,3B,8,bottom,bottom
824490,2026-07-28,680757,Steven Kwan,695505,Chase Burns,1,0,2B,2,top,top
824490,2026-07-28,683953,Travis Bazzana,695505,Chase Burns,0,1,2B,3,top,top
824490,2026-07-28,701398,Sal Stewart,682120,Tim Herrin,1,0,2B,4,bottom,bottom
824490,2026-07-28,608070,José Ramírez,695505,Chase Burns,1,0,2B,5,top,top
824490,2026-07-28,608070,José Ramírez,695505,Chase Burns,1,0,3B,5,top,top
824567,2026-07-29,682987,Spencer Jones,663436,Davis Martin,1,0,2B,6,top,top
824567,2026-07-29,665862,Jazz Chisholm Jr.,663542,Bryan Hudson,1,0,2B,11,top,top
824567,2026-07-29,676609,José Caballero,663855,Jordan Hicks,1,0,2B,12,top,top
824568,2026-07-30,682987,Spencer Jones,680732,Sean Burke,1,0,2B,4,top,top
824568,2026-07-30,665862,Jazz Chisholm Jr.,656794,Sean Newcomb,0,1,2B,7,top,top
824568,2026-07-30,676609,José Caballero,622554,Seranthony Domínguez,1,0,2B,11,top,top
824569,2026-07-28,691176,Jasson Domínguez,663855,Jordan Hicks,1,0,2B,6,top,top
824570,2026-07-27,665862,Jazz Chisholm Jr.,669684,Chris Murphy,1,0,3B,4,top,top
824570,2026-07-27,665862,Jazz Chisholm Jr.,656794,Sean Newcomb,1,0,2B,8,top,top
824894,2026-07-30,683083,Nasim Nuñez,656550,Grant Holmes,1,0,3B,5,top,top
824894,2026-07-30,695578,James Wood,656550,Grant Holmes,1,0,2B,5,top,top
824975,2026-07-31,703607,Henry Bolte,663947,Tyler Holton,0,1,2B,2,bottom,bottom
824975,2026-07-31,682985,Riley Greene,696522,Hayden Juenger,1,0,2B,5,top,top
822781,2026-08-01,802139,JJ Wetherholt,592332,Kevin Gausman,0,1,2B,5,top,top
822782,2026-07-31,701675,Nathan Church,656302,Dylan Cease,1,0,2B,5,top,top
822783,2026-08-02,665926,Andrés Giménez,666277,George Soriano,1,0,2B,8,bottom,bottom
822867,2026-08-03,694671,Wyatt Langford,657277,Logan Webb,1,0,2B,1,bottom,bottom
822867,2026-08-03,808982,Jung Hoo Lee,615698,Cal Quantrill,1,0,2B,5,top,top
822867,2026-08-03,687529,Grant McCray,687239,Ben Peoples,1,0,2B,7,top,top
822867,2026-08-03,691740,Daniel Susac,682608,Peyton Gray,0,1,2B,8,top,top
822867,2026-08-03,691740,Daniel Susac,682608,Peyton Gray,0,1,2B,8,top,top
822943,2026-08-02,671976,Tristan Peters,518886,Craig Kimbrel,1,0,2B,6,top,top
822944,2026-08-01,803011,Sam Antonacci,656876,Drew Rasmussen,0,1,2B,1,top,top
822944,2026-08-01,676356,Jonny DeLuca,702273,Noah Schultz,1,0,2B,5,bottom,bottom
822945,2026-07-31,802415,Chandler Simpson,607200,Erick Fedde,1,0,2B,4,bottom,bottom
823109,2026-08-01,647304,Josh Naylor,573124,Taylor Rogers,1,0,2B,8,bottom,bottom
823109,2026-08-01,807712,Luke Keaschall,662253,Andrés Muñoz,0,1,2B,9,top,top
823111,2026-07-31,677594,Julio Rodríguez,681892,Kody Funderburk,1,0,2B,6,bottom,bottom
823269,2026-08-01,808982,Jung Hoo Lee,621111,Walker Buehler,0,1,2B,1,top,top
823269,2026-08-01,823550,Sung-Mun Song,668873,Caleb Kilian,0,1,2B,8,bottom,bottom
823270,2026-08-02,650859,Luis Rengifo,694738,Landen Roupp,0,1,2B,1,bottom,bottom
823270,2026-08-02,808982,Jung Hoo Lee,606996,Kyle Hart,1,0,2B,2,top,top
823270,2026-08-02,701538,Jackson Merrill,694738,Landen Roupp,1,0,2B,3,bottom,bottom
823270,2026-08-02,593428,Xander Bogaerts,669062,Erik Miller,1,0,2B,8,bottom,bottom
823272,2026-07-31,665487,Fernando Tatis Jr.,605288,Adrian Houser,1,0,3B,4,bottom,bottom
823272,2026-07-31,650859,Luis Rengifo,605288,Adrian Houser,1,0,2B,4,bottom,bottom
823431,2026-08-03,682928,CJ Abrams,605400,Aaron Nola,1,0,2B,3,top,top
823520,2026-08-03,671056,Iván Herrera,693645,Cam Schlittler,1,0,2B,3,top,top
823520,2026-08-03,701675,Nathan Church,665645,Kervin Castro,0,1,2B,5,top,top
823520,2026-08-03,691176,Jasson Domínguez,677865,Justin Bruihl,0,1,2B,6,bottom,bottom
823592,2026-08-02,665923,Esteury Ruiz,623211,Huascar Brazobán,1,0,2B,8,top,top
823592,2026-08-02,672640,Otto Lopez,642207,Devin Williams,1,0,2B,9,top,top
823592,2026-08-02,669364,Xavier Edwards,642207,Devin Williams,0,1,2B,9,top,top
823593,2026-07-31,669364,Xavier Edwards,675540,Xzavion Curry,0,1,2B,5,top,top
823594,2026-08-01,665923,Esteury Ruiz,804267,Zac Thornton,1,0,3B,2,top,top
823594,2026-08-01,681715,Heriberto Hernández,804267,Zac Thornton,1,0,2B,2,top,top
823594,2026-08-01,691594,Javier Sanoja,804267,Zac Thornton,0,1,2B,3,top,top
823757,2026-08-03,682848,Endy Rodríguez,668831,Garrett Stallings,1,0,2B,6,top,top
823757,2026-08-03,682848,Endy Rodríguez,676879,Aaron Ashby,0,1,2B,8,top,top
823922,2026-07-31,678882,Ceddanne Rafaela,683618,Edgardo Henriquez,1,0,2B,1,top,top
823996,2026-08-02,666152,David Hamilton,700712,Walbert Ureña,0,1,2B,3,top,top
823996,2026-08-02,641343,Jake Bauers,684665,Luke Murphy,0,1,2B,7,top,top
823999,2026-07-31,592885,Christian Yelich,820862,José Fermin,1,0,2B,7,top,top
823999,2026-07-31,806198,Cooper Pratt,684665,Luke Murphy,1,0,2B,8,top,top
823999,2026-07-31,669003,Garrett Mitchell,696147,Sam Bachman,1,0,2B,9,top,top
824000,2026-08-01,669003,Garrett Mitchell,489446,Kirby Yates,1,0,2B,9,top,top
824160,2026-08-03,664702,Myles Straw,664299,Cristian Javier,1,0,2B,5,top,top
824162,2026-08-01,607043,Brandon Nimmo,595345,Steven Okert,1,0,2B,7,top,top
824163,2026-08-02,514888,Jose Altuve,677958,Kumar Rocker,0,1,H,3,bottom,bottom
824163,2026-08-02,666211,Taylor Trammell,677958,Kumar Rocker,0,1,H,3,bottom,bottom
824164,2026-07-31,694497,Evan Carter,686613,Hunter Brown,0,1,2B,2,top,top
824323,2026-08-02,664954,Brett Sullivan,607625,Seth Lugo,1,0,2B,2,bottom,bottom
824323,2026-08-02,694249,Cole Carrigg,607481,Aaron Bummer,1,0,2B,6,bottom,bottom
824323,2026-08-02,694249,Cole Carrigg,607481,Aaron Bummer,1,0,3B,6,bottom,bottom
824324,2026-08-03,670764,Taylor Walls,547179,Michael Lorenzen,1,0,2B,2,top,top
824324,2026-08-03,656775,Cedric Mullins,547179,Michael Lorenzen,1,0,2B,3,top,top
824324,2026-08-03,802415,Chandler Simpson,547179,Michael Lorenzen,1,0,2B,3,top,top
824326,2026-08-01,686475,Tyler Tolbert,663372,Ryan Feltner,1,0,3B,3,top,top
824404,2026-08-02,690984,Petey Halpin,518876,Merrill Kelly,1,0,2B,3,bottom,bottom
824404,2026-08-02,800050,Chase DeLauter,518876,Merrill Kelly,1,0,3B,5,bottom,bottom
824404,2026-08-02,683953,Travis Bazzana,518876,Merrill Kelly,1,0,2B,5,bottom,bottom
824407,2026-07-31,608070,José Ramírez,683352,Mitch Bratt,1,0,2B,1,bottom,bottom
824483,2026-08-02,663968,Jake Mangum,695505,Chase Burns,0,1,2B,1,top,top
824485,2026-08-01,693304,Nick Gonzales,671096,Andrew Abbott,1,0,2B,3,top,top
824485,2026-08-01,680574,Matt McLain,677952,Braxton Ashcraft,1,0,2B,3,bottom,bottom
824486,2026-07-31,663968,Jake Mangum,594580,Sam Moll,1,0,2B,7,top,top
824486,2026-07-31,664040,Brandon Lowe,572955,Pierce Johnson,1,0,2B,8,top,top
824647,2026-08-03,621020,Dansby Swanson,683618,Edgardo Henriquez,0,1,2B,6,bottom,bottom
824647,2026-08-03,621020,Dansby Swanson,642546,Jonathan Hernández,1,0,2B,7,bottom,bottom
824648,2026-08-02,663538,Nico Hoerner,543037,Gerrit Cole,1,0,2B,5,bottom,bottom
824648,2026-08-02,681909,Justin Dean,670280,David Bednar,1,0,2B,8,bottom,bottom
824648,2026-08-02,699393,Pedro Ramírez,670280,David Bednar,1,0,2B,9,bottom,bottom
824649,2026-08-01,676609,José Caballero,656849,David Peterson,1,0,2B,5,top,top
824649,2026-08-01,645305,Ali Sánchez,663423,Trent Thornton,0,1,2B,7,top,top
824649,2026-08-01,676609,José Caballero,663423,Trent Thornton,1,0,2B,7,top,top
824807,2026-08-02,607208,Trea Turner,680694,Kyle Bradish,0,1,2B,3,top,top
824808,2026-08-01,681082,Bryson Stott,670329,Rico Garcia,1,0,2B,7,top,top
824808,2026-08-01,687637,Dylan Beavers,680742,Jonathan Bowlan,1,0,2B,7,bottom,bottom
824808,2026-08-01,664761,Alec Bohm,552640,Andrew Kittredge,1,0,3B,8,top,top
824808,2026-08-01,669016,Brandon Marsh,552640,Andrew Kittredge,1,0,2B,8,top,top
824809,2026-07-31,681082,Bryson Stott,687064,Brandon Young,1,0,2B,4,top,top
824809,2026-07-31,702222,Justin Crawford,689296,Anthony Nunez,1,0,2B,7,top,top
824890,2026-08-01,645277,Ozzie Albies,571945,Miles Mikolas,1,0,2B,1,bottom,bottom
824890,2026-08-01,805347,Jim Jarvis,571945,Miles Mikolas,0,1,2B,4,bottom,bottom
824891,2026-08-02,683083,Nasim Nuñez,702275,JR Ritchie,1,0,2B,2,top,top
824891,2026-08-02,695734,Daylen Lile,702275,JR Ritchie,1,0,2B,3,top,top
824891,2026-08-02,643289,Mauricio Dubón,687377,Orlando Ribalta,1,0,2B,7,bottom,bottom
824892,2026-07-31,686611,Dylan Crews,693821,Bryce Elder,1,0,2B,1,top,top
822865,2026-08-04,677649,Ezequiel Duran,694918,Blade Tidwell,1,0,2B,1,bottom,bottom
822865,2026-08-04,687551,Drew Gilbert,681217,Chase Silseth,1,0,2B,7,top,top
823108,2026-08-04,690993,Colt Keith,676106,Emerson Hancock,1,0,2B,2,top,top
823108,2026-08-04,656716,Zach McKinstry,676106,Emerson Hancock,0,1,2B,6,top,top
823432,2026-08-04,683083,Nasim Nuñez,666200,Jesús Luzardo,0,1,3B,3,top,top
823432,2026-08-04,702222,Justin Crawford,641793,Zack Littell,1,0,2B,7,bottom,bottom
824084,2026-08-04,668952,Ryan Kreidler,677976,Randy Dobnak,1,0,2B,3,top,top
824084,2026-08-04,665019,Kody Clemens,677976,Randy Dobnak,1,0,2B,4,top,top
824084,2026-08-04,695506,Jac Caglianone,657746,Joe Ryan,1,0,2B,5,bottom,bottom
824321,2026-08-04,802415,Chandler Simpson,657514,Brennan Bernardino,1,0,2B,6,top,top
824321,2026-08-04,670764,Taylor Walls,605447,Jordan Romano,1,0,2B,9,top,top
824321,2026-08-04,650490,Yandy Díaz,605447,Jordan Romano,1,0,2B,9,top,top
824403,2026-08-04,543760,Marcus Semien,676282,Joey Cantillo,1,0,2B,2,top,top
824484,2026-08-04,671732,Lawrence Butler,663903,Brady Singer,1,0,2B,5,top,top
824484,2026-08-04,703607,Henry Bolte,594580,Sam Moll,1,0,2B,7,top,top
824645,2026-08-04,691718,Pete Crow-Armstrong,669373,Tarik Skubal,1,0,2B,3,bottom,bottom
824645,2026-08-04,691718,Pete Crow-Armstrong,623465,Evan Phillips,1,0,2B,7,bottom,bottom
824731,2026-08-04,702332,Caleb Durbin,663436,Davis Martin,1,0,2B,6,bottom,bottom
824731,2026-08-04,680776,Jarren Duran,607200,Erick Fedde,1,0,2B,6,bottom,bottom
824805,2026-08-04,681047,Christian Franklin,680570,Grayson Rodriguez,1,0,2B,7,bottom,bottom
824888,2026-08-04,805300,Jakob Marsee,628452,Raisel Iglesias,0,1,3B,9,top,top
825054,2026-08-04,593428,Xander Bogaerts,593958,Eduardo Rodriguez,1,0,2B,1,top,top
825054,2026-08-04,650859,Luis Rengifo,657044,Ryan Thompson,1,0,2B,6,top,top
822866,2026-08-05,670032,Nicky Lopez,693313,Carson Seymour,0,1,2B,6,bottom,bottom
823429,2026-08-05,682928,CJ Abrams,691725,Andrew Painter,1,0,2B,1,top,top
823429,2026-08-05,681082,Bryson Stott,663623,Jake Irvin,1,0,2B,2,bottom,bottom
823429,2026-08-05,656537,Derek Hill,690925,Clayton Beeter,1,0,3B,10,bottom,bottom
823429,2026-08-05,547180,Bryce Harper,690925,Clayton Beeter,0,1,2B,10,bottom,bottom
823753,2026-08-05,669003,Garrett Mitchell,694973,Paul Skenes,1,0,2B,4,bottom,bottom
823753,2026-08-05,592885,Christian Yelich,669199,Lake Bachar,1,0,2B,6,bottom,bottom
823753,2026-08-05,669003,Garrett Mitchell,681895,Evan Sisk,1,0,2B,8,bottom,bottom
824082,2026-08-05,695506,Jac Caglianone,667297,Tommy Nance,0,1,2B,6,bottom,bottom
824158,2026-08-05,662139,Daulton Varsho,592791,Jameson Taillon,1,0,2B,3,bottom,bottom
824158,2026-08-05,701358,Cam Smith,643511,Tyler Rogers,0,1,2B,8,bottom,bottom
824322,2026-08-05,664983,Jake McCarthy,607259,Nick Martinez,1,0,2B,3,bottom,bottom
824322,2026-08-05,802415,Chandler Simpson,656786,Parker Mushinski,1,0,2B,6,top,top
824322,2026-08-05,670764,Taylor Walls,675848,Juan Mejia,1,0,2B,7,top,top
824482,2026-08-05,682622,Noelvi Marte,682052,Jacob Lopez,1,0,2B,2,bottom,bottom
824482,2026-08-05,682829,Elly De La Cruz,682052,Jacob Lopez,1,0,2B,3,bottom,bottom
824728,2026-08-05,655316,Andruw Monasterio,680732,Sean Burke,1,0,2B,2,bottom,bottom
824728,2026-08-05,680776,Jarren Duran,623211,Huascar Brazobán,1,0,2B,7,bottom,bottom
824728,2026-08-05,677800,Wilyer Abreu,669684,Chris Murphy,1,0,2B,8,bottom,bottom
824728,2026-08-05,702332,Caleb Durbin,669684,Chris Murphy,0,1,2B,8,bottom,bottom
824806,2026-08-05,685133,Wade Meckler,670329,Rico Garcia,1,0,2B,7,top,top
824806,2026-08-05,702616,Jackson Holliday,690829,Ben Joyce,0,1,2B,7,bottom,bottom
824889,2026-08-05,643289,Mauricio Dubón,691587,Eury Pérez,1,0,2B,3,bottom,bottom
825052,2026-08-05,630105,Jake Cronenworth,683352,Mitch Bratt,1,0,2B,3,top,top
825052,2026-08-05,682998,Corbin Carroll,663554,Casey Mize,1,0,2B,3,bottom,bottom
823754,2026-08-06,666152,David Hamilton,677952,Braxton Ashcraft,1,0,2B,3,bottom,bottom
823754,2026-08-06,694192,Jackson Chourio,666808,Camilo Doval,0,1,2B,7,bottom,bottom
824080,2026-08-06,677951,Bobby Witt Jr.,641927,Bailey Ober,1,0,2B,3,bottom,bottom
824401,2026-08-06,683953,Travis Bazzana,690997,Nolan McLean,1,0,2B,2,bottom,bottom
824401,2026-08-06,676724,Jared Young,670036,Matt Festa,1,0,2B,5,top,top
824401,2026-08-06,676724,Jared Young,684974,Craig Yoho,1,0,2B,7,top,top
824481,2026-08-06,668709,JJ Bleday,686930,Mason Barnett,0,1,2B,1,bottom,bottom
824481,2026-08-06,680574,Matt McLain,686930,Mason Barnett,1,0,2B,5,bottom,bottom
824664,2026-08-06,608324,Alex Bregman,656302,Dylan Cease,1,0,2B,4,bottom,bottom
824664,2026-08-06,665926,Andrés Giménez,650644,Aaron Civale,1,0,3B,9,top,top
824664,2026-08-06,665926,Andrés Giménez,663423,Trent Thornton,1,0,2B,11,top,top
824664,2026-08-06,691718,Pete Crow-Armstrong,663893,Brendon Little,1,0,3B,11,bottom,bottom
824664,2026-08-06,673548,Seiya Suzuki,663893,Brendon Little,1,0,2B,11,bottom,bottom
824729,2026-08-06,686668,Brenton Doyle,669711,Greg Weissert,1,0,2B,4,top,top
824729,2026-08-06,678882,Ceddanne Rafaela,663542,Bryan Hudson,0,1,2B,5,bottom,bottom
824729,2026-08-06,677800,Wilyer Abreu,623211,Huascar Brazobán,0,1,2B,9,bottom,bottom
824729,2026-08-06,678882,Ceddanne Rafaela,670950,Trevor Richards,1,0,2B,11,bottom,bottom
824729,2026-08-06,678246,Miguel Vargas,678394,Brayan Bello,1,0,3B,13,top,top
824804,2026-08-06,687637,Dylan Beavers,696270,Ryan Johnson,0,1,2B,3,bottom,bottom
824885,2026-08-06,643289,Mauricio Dubón,676604,Tyler Zuber,1,0,2B,4,bottom,bottom
822699,2026-08-07,677588,José Tena,670062,Julian Garcia,0,1,2B,2,bottom,bottom
822699,2026-08-07,682622,Noelvi Marte,676917,Cade Cavalli,1,0,2B,7,top,top
823024,2026-08-07,691026,Masyn Winn,657514,Brennan Bernardino,1,0,2B,6,bottom,bottom
823024,2026-08-07,691026,Masyn Winn,657514,Brennan Bernardino,1,0,3B,6,bottom,bottom
823024,2026-08-07,701675,Nathan Church,657514,Brennan Bernardino,1,0,2B,6,bottom,bottom
823103,2026-08-07,702284,Cole Young,656876,Drew Rasmussen,0,1,2B,1,bottom,bottom
823103,2026-08-07,677594,Julio Rodríguez,656876,Drew Rasmussen,1,0,2B,2,bottom,bottom
823103,2026-08-07,683748,Victor Mesa Jr.,622554,Seranthony Domínguez,1,0,2B,9,top,top
823266,2026-08-07,823550,Sung-Mun Song,669854,Ronel Blanco,0,1,3B,3,bottom,bottom
823349,2026-08-07,701807,Carson Benge,669387,Carmen Mlodzinski,1,0,2B,1,top,top
823349,2026-08-07,596019,Francisco Lindor,669387,Carmen Mlodzinski,1,0,2B,3,top,top
823349,2026-08-07,805999,A.J. Ewing,681895,Evan Sisk,1,0,2B,4,top,top
823349,2026-08-07,620443,Luis Torrens,670990,Yohan Ramírez,1,0,2B,6,top,top
823428,2026-08-07,669701,Josh Smith,554430,Zack Wheeler,1,0,2B,6,top,top
823428,2026-08-07,664770,Nathan Lukes,641835,Tim Mayza,1,0,2B,6,top,top
823428,2026-08-07,702222,Justin Crawford,663893,Brendon Little,1,0,2B,7,bottom,bottom
823428,2026-08-07,543807,George Springer,663767,Chase Shugart,1,0,2B,9,top,top
823750,2026-08-07,668885,Austin Martin,675660,Shane Drohan,1,0,2B,1,top,top
824081,2026-08-07,691718,Pete Crow-Armstrong,621016,Jose Cuas,1,0,2B,2,top,top
824566,2026-08-07,608070,José Ramírez,702273,Noah Schultz,1,0,2B,1,top,top
825051,2026-08-07,660271,Shohei Ohtani,518876,Merrill Kelly,0,1,2B,3,top,top
825051,2026-08-07,694374,Tim Tawa,808963,Roki Sasaki,1,0,2B,5,bottom,bottom
825051,2026-08-07,678489,Jorge Barrosa,621242,Edwin Díaz,1,0,2B,9,bottom,bottom
822701,2026-08-08,678391,Jorbit Vivas,676760,Ron Marinaccio,1,0,2B,8,bottom,bottom
823021,2026-08-08,691720,Kyle Karros,669461,Matthew Liberatore,1,0,2B,1,top,top
823021,2026-08-08,664983,Jake McCarthy,669461,Matthew Liberatore,1,0,3B,3,top,top
823021,2026-08-08,691720,Kyle Karros,669461,Matthew Liberatore,1,0,2B,3,top,top
823021,2026-08-08,694249,Cole Carrigg,669461,Matthew Liberatore,1,0,3B,3,top,top
823021,2026-08-08,664983,Jake McCarthy,657265,Peter Strzelecki,1,0,2B,9,top,top
823021,2026-08-08,665877,José Fermín,605447,Jordan Romano,1,0,2B,9,bottom,bottom
823102,2026-08-08,656775,Cedric Mullins,669923,George Kirby,0,1,2B,2,top,top
823102,2026-08-08,680700,Richie Palacios,669923,George Kirby,1,0,2B,3,top,top
823102,2026-08-08,802415,Chandler Simpson,669923,George Kirby,1,0,3B,4,top,top
823102,2026-08-08,656775,Cedric Mullins,669923,George Kirby,1,0,2B,4,top,top
823102,2026-08-08,647304,Josh Naylor,669330,Tyler Wells,1,0,3B,4,bottom,bottom
823267,2026-08-08,630105,Jake Cronenworth,663567,Peter Lambert,1,0,2B,1,bottom,bottom
823267,2026-08-08,701538,Jackson Merrill,663567,Peter Lambert,1,0,2B,1,bottom,bottom
823267,2026-08-08,665487,Fernando Tatis Jr.,663567,Peter Lambert,0,1,2B,4,bottom,bottom
823348,2026-08-08,673357,Luis Robert Jr.,696149,Bubba Chandler,0,1,2B,2,top,top
823348,2026-08-08,682927,Ronny Simon,476594,Robert Stock,1,0,2B,3,bottom,bottom
823348,2026-08-08,694378,Jacob Gonzalez,476594,Robert Stock,0,1,2B,3,bottom,bottom
823348,2026-08-08,663968,Jake Mangum,675540,Xzavion Curry,1,0,2B,5,bottom,bottom
823426,2026-08-08,665926,Andrés Giménez,605400,Aaron Nola,0,1,2B,4,top,top
823426,2026-08-08,660821,Jesús Sánchez,548384,Brooks Raley,0,1,2B,6,top,top
823426,2026-08-08,681082,Bryson Stott,686973,Louis Varland,1,0,2B,10,bottom,bottom
823514,2026-08-08,682987,Spencer Jones,519242,Chris Sale,1,0,2B,2,bottom,bottom
823514,2026-08-08,676609,José Caballero,682989,Victor Mederos,1,0,3B,7,bottom,bottom
823514,2026-08-08,669224,Austin Wells,682989,Victor Mederos,1,0,2B,7,bottom,bottom
823752,2026-08-08,807712,Luke Keaschall,688107,Robert Gasser,0,1,3B,3,top,top
823752,2026-08-08,668904,Royce Lewis,688107,Robert Gasser,1,0,2B,5,top,top
823752,2026-08-08,668930,Brice Turang,681892,Kody Funderburk,1,0,2B,7,bottom,bottom
823752,2026-08-08,663604,Brandon Lockridge,656546,Jeff Hoffman,1,0,2B,8,bottom,bottom
823834,2026-08-08,681715,Heriberto Hernández,700712,Walbert Ureña,0,1,2B,2,bottom,bottom
824079,2026-08-08,670231,John Rave,607067,Colin Rea,1,0,2B,8,bottom,bottom
824565,2026-08-08,682657,Angel Martínez,641743,Anthony Kay,0,1,2B,3,top,top
824565,2026-08-08,682668,Luisangel Acuña,670036,Matt Festa,1,0,2B,8,bottom,bottom
824726,2026-08-08,663330,Jahmai Jones,695611,Gage Jump,1,0,2B,1,bottom,bottom
824726,2026-08-08,663330,Jahmai Jones,695611,Gage Jump,1,0,3B,1,bottom,bottom
824726,2026-08-08,702332,Caleb Durbin,695611,Gage Jump,1,0,2B,1,bottom,bottom
824726,2026-08-08,671732,Lawrence Butler,686580,Justin Slaten,1,0,2B,6,top,top
824726,2026-08-08,671732,Lawrence Butler,686580,Justin Slaten,1,0,3B,6,top,top
824726,2026-08-08,643446,Jeff McNeil,686580,Justin Slaten,1,0,2B,6,top,top
825049,2026-08-08,681624,Andy Pages,694297,Brandon Pfaadt,1,0,2B,7,top,top
822700,2026-08-09,682928,CJ Abrams,656271,Brock Burke,1,0,2B,7,bottom,bottom
822700,2026-08-09,687605,Andrew Pinckney,622088,Tejay Antone,1,0,2B,8,bottom,bottom
822862,2026-08-09,683002,Gunnar Henderson,656756,Jordan Montgomery,1,0,2B,4,top,top
822862,2026-08-09,702616,Jackson Holliday,656756,Jordan Montgomery,1,0,2B,4,top,top
823190,2026-08-09,678545,Osleivis Basabe,640448,Kyle Finnegan,1,0,2B,7,bottom,bottom
823425,2026-08-09,681082,Bryson Stott,669456,Shane Bieber,1,0,2B,6,bottom,bottom
823425,2026-08-09,656941,Kyle Schwarber,663893,Brendon Little,1,0,3B,7,bottom,bottom
823425,2026-08-09,547180,Bryce Harper,663893,Brendon Little,1,0,2B,7,bottom,bottom
823513,2026-08-09,671739,Michael Harris II,621112,Paul Blackburn,0,1,2B,10,top,top
823751,2026-08-09,641343,Jake Bauers,687570,Connor Prielipp,0,1,3B,2,bottom,bottom
823751,2026-08-09,668930,Brice Turang,687570,Connor Prielipp,0,1,2B,4,bottom,bottom
823751,2026-08-09,807712,Luke Keaschall,682842,Abner Uribe,1,0,2B,8,top,top
824078,2026-08-09,663538,Nico Hoerner,677976,Randy Dobnak,1,0,2B,5,top,top
824078,2026-08-09,677951,Bobby Witt Jr.,571510,Matthew Boyd,0,1,2B,6,bottom,bottom
824564,2026-08-09,608070,José Ramírez,663436,Davis Martin,1,0,2B,1,top,top
824564,2026-08-09,686668,Brenton Doyle,676282,Joey Cantillo,1,0,2B,1,bottom,bottom
824564,2026-08-09,803011,Sam Antonacci,682120,Tim Herrin,0,1,2B,2,bottom,bottom
824724,2026-08-09,643446,Jeff McNeil,676477,Garrett Whitlock,1,0,2B,8,top,top
824724,2026-08-09,622268,Donovan Walton,547973,Aroldis Chapman,1,0,2B,9,top,top
822780,2026-08-10,543807,George Springer,543243,Sonny Gray,1,0,2B,6,bottom,bottom
822780,2026-08-10,665926,Andrés Giménez,543243,Sonny Gray,1,0,3B,6,bottom,bottom
822780,2026-08-10,642201,Eli White,643511,Tyler Rogers,1,0,2B,8,top,top
823018,2026-08-10,665877,José Fermín,660604,Alan Rangel,1,0,2B,7,bottom,bottom
823018,2026-08-10,665877,José Fermín,660604,Alan Rangel,1,0,2B,8,bottom,bottom
823265,2026-08-10,694192,Jackson Chourio,663554,Casey Mize,1,0,2B,1,top,top
823265,2026-08-10,694192,Jackson Chourio,663554,Casey Mize,0,1,2B,5,top,top
823265,2026-08-10,663604,Brandon Lockridge,695243,Mason Miller,0,1,2B,9,top,top
823675,2026-08-10,702616,Jackson Holliday,665152,Dean Kremer,0,1,2B,4,top,top
823675,2026-08-10,668885,Austin Martin,664991,Grant Wolfram,1,0,2B,8,bottom,bottom
823918,2026-08-10,677951,Bobby Witt Jr.,669373,Tarik Skubal,1,0,2B,1,top,top
823918,2026-08-10,679845,Nick Loftin,676263,Jack Dreyer,1,0,2B,7,top,top
823918,2026-08-10,660271,Shohei Ohtani,656638,Alex Lange,1,0,2B,7,bottom,bottom
824969,2026-08-10,691016,Tyler Soderstrom,642547,Freddy Peralta,1,0,H,1,bottom,bottom
824969,2026-08-10,666126,Carlos Cortes,642547,Freddy Peralta,1,0,2B,1,bottom,bottom
824969,2026-08-10,643446,Jeff McNeil,642547,Freddy Peralta,1,0,2B,3,bottom,bottom
824969,2026-08-10,802415,Chandler Simpson,682052,Jacob Lopez,1,0,2B,7,top,top
824969,2026-08-10,676356,Jonny DeLuca,660761,José Suarez,1,0,3B,8,top,top
824969,2026-08-10,802415,Chandler Simpson,660761,José Suarez,1,0,2B,8,top,top
825048,2026-08-10,694374,Tim Tawa,687312,Gabriel Hughes,1,0,2B,3,bottom,bottom
825048,2026-08-10,571448,Nolan Arenado,688642,Zach Agnos,1,0,2B,5,bottom,bottom
822697,2026-08-11,663538,Nico Hoerner,571945,Miles Mikolas,1,0,2B,9,top,top
822778,2026-08-11,677800,Wilyer Abreu,656302,Dylan Cease,1,0,2B,2,top,top
822778,2026-08-11,655316,Andruw Monasterio,656302,Dylan Cease,1,0,2B,4,top,top
822778,2026-08-11,680776,Jarren Duran,680755,Braydon Fisher,0,1,2B,8,top,top
823019,2026-08-11,681082,Bryson Stott,669467,Andre Pallante,1,0,2B,4,top,top
823019,2026-08-11,691023,Jordan Walker,686934,Alex McFarlane,1,0,2B,7,bottom,bottom
823019,2026-08-11,656537,Derek Hill,657571,Caleb Ferguson,1,0,2B,8,top,top
823186,2026-08-11,701852,Drew Cavanaugh,686613,Hunter Brown,1,0,2B,2,bottom,bottom
823186,2026-08-11,642715,Willy Adames,656986,Bennett Sousa,1,0,2B,7,bottom,bottom
823512,2026-08-11,806146,George Lombard Jr.,693433,Bryan Woo,0,1,2B,2,bottom,bottom
823512,2026-08-11,665862,Jazz Chisholm Jr.,621074,Michael Rucker,1,0,2B,7,bottom,bottom
823512,2026-08-11,665862,Jazz Chisholm Jr.,622554,Seranthony Domínguez,0,1,2B,8,bottom,bottom
823673,2026-08-11,687952,Christian Encarnacion-Strand,667297,Tommy Nance,1,0,2B,8,top,top
823832,2026-08-11,665923,Esteury Ruiz,694973,Paul Skenes,1,0,2B,5,bottom,bottom
823832,2026-08-11,681715,Heriberto Hernández,670990,Yohan Ramírez,0,1,2B,6,bottom,bottom
823917,2026-08-11,695506,Jac Caglianone,605483,Blake Snell,1,0,2B,4,top,top
823917,2026-08-11,686475,Tyler Tolbert,605483,Blake Snell,1,0,3B,5,top,top
823997,2026-08-11,687263,Zach Neto,674003,Cody Bradford,1,0,3B,3,bottom,bottom
823997,2026-08-11,545361,Mike Trout,674003,Cody Bradford,1,0,2B,3,bottom,bottom
824240,2026-08-11,683953,Travis Bazzana,623454,Drew Anderson,0,1,2B,4,top,top
824240,2026-08-11,595879,Javier Báez,670036,Matt Festa,0,1,3B,7,bottom,bottom
824240,2026-08-11,694197,Angel Genao,445276,Kenley Jansen,1,0,2B,9,top,top
824886,2026-08-11,671739,Michael Harris II,690997,Nolan McLean,0,1,2B,2,bottom,bottom
825046,2026-08-11,694374,Tim Tawa,608372,Tomoyuki Sugano,1,0,2B,2,bottom,bottom
825046,2026-08-11,694374,Tim Tawa,623474,Jimmy Herget,1,0,2B,7,bottom,bottom
825046,2026-08-11,694249,Cole Carrigg,666661,Juan Morillo,1,0,2B,9,top,top
825046,2026-08-11,678489,Jorge Barrosa,605447,Jordan Romano,1,0,2B,9,bottom,bottom
822698,2026-08-12,699393,Pedro Ramírez,800600,Jackson Kent,1,0,2B,2,top,top
822698,2026-08-12,699393,Pedro Ramírez,800600,Jackson Kent,1,0,2B,5,top,top
822698,2026-08-12,691781,Brady House,656849,David Peterson,1,0,2B,5,bottom,bottom
822698,2026-08-12,695734,Daylen Lile,656849,David Peterson,1,0,2B,5,bottom,bottom
822698,2026-08-12,682928,CJ Abrams,665871,Javier Assad,1,0,2B,6,bottom,bottom
822779,2026-08-12,676391,Ernie Clement,624133,Ranger Suarez,1,0,2B,2,bottom,bottom
823017,2026-08-12,691023,Jordan Walker,554430,Zack Wheeler,1,0,2B,2,bottom,bottom
823017,2026-08-12,802139,JJ Wetherholt,621237,José Alvarado,1,0,2B,7,bottom,bottom
823187,2026-08-12,683766,Christian Koss,595345,Steven Okert,1,0,2B,6,bottom,bottom
823263,2026-08-12,665487,Fernando Tatis Jr.,694477,Chad Patrick,1,0,2B,8,bottom,bottom
823263,2026-08-12,666152,David Hamilton,695243,Mason Miller,1,0,2B,9,top,top
823263,2026-08-12,668930,Brice Turang,670970,Adrian Morejon,0,1,3B,10,top,top
823263,2026-08-12,687749,Jase Bowen,656730,Trevor Megill,1,0,3B,10,bottom,bottom
823263,2026-08-12,665487,Fernando Tatis Jr.,656730,Trevor Megill,1,0,2B,10,bottom,bottom
823263,2026-08-12,669003,Garrett Mitchell,670970,Adrian Morejon,1,0,2B,11,top,top
823263,2026-08-12,823550,Sung-Mun Song,622608,Antonio Senzatela,1,0,2B,11,bottom,bottom
823511,2026-08-12,647304,Josh Naylor,621112,Paul Blackburn,0,1,2B,7,top,top
823511,2026-08-12,700250,Ben Rice,642100,Gabe Speier,1,0,3B,7,bottom,bottom
823511,2026-08-12,682987,Spencer Jones,642100,Gabe Speier,1,0,2B,7,bottom,bottom
823916,2026-08-12,686475,Tyler Tolbert,641778,Eric Lauer,1,0,2B,2,top,top
823916,2026-08-12,681624,Andy Pages,621016,Jose Cuas,0,1,2B,3,bottom,bottom
823994,2026-08-12,545361,Mike Trout,615698,Cal Quantrill,1,0,2B,3,bottom,bottom
823994,2026-08-12,642350,Jose Siri,695239,Robby Ahlstrom,1,0,3B,6,bottom,bottom
823994,2026-08-12,687263,Zach Neto,687239,Ben Peoples,1,0,2B,7,bottom,bottom
824562,2026-08-12,680574,Matt McLain,622491,Luis Castillo,0,1,2B,6,top,top
824562,2026-08-12,803011,Sam Antonacci,594580,Sam Moll,1,0,2B,7,bottom,bottom
824967,2026-08-12,703607,Henry Bolte,656876,Drew Rasmussen,1,0,2B,2,bottom,bottom
824967,2026-08-12,676356,Jonny DeLuca,656240,Scott Blewett,1,0,2B,7,top,top
824967,2026-08-12,683748,Victor Mesa Jr.,686751,Seth Johnson,1,0,2B,9,top,top
825047,2026-08-12,650489,Willi Castro,672629,Gerardo Carrillo,1,0,3B,6,top,top
822696,2026-08-13,686611,Dylan Crews,592332,Kevin Gausman,1,0,2B,5,bottom,bottom
823508,2026-08-13,642215,Weston Wilson,660787,Yerry De los Santos,1,0,2B,7,top,top
823508,2026-08-13,676609,José Caballero,660825,Eduard Bazardo,0,1,2B,7,bottom,bottom
823508,2026-08-13,676609,José Caballero,660825,Eduard Bazardo,1,0,3B,7,bottom,bottom
823669,2026-08-13,669016,Brandon Marsh,671737,Taj Bradley,1,0,2B,4,top,top
823829,2026-08-13,665923,Esteury Ruiz,677952,Braxton Ashcraft,0,1,2B,3,bottom,bottom
823829,2026-08-13,668804,Bryan Reynolds,663969,Tyler Phillips,1,0,2B,4,top,top
823915,2026-08-13,694192,Jackson Chourio,808963,Roki Sasaki,0,1,2B,3,top,top
823915,2026-08-13,669242,Tommy Edman,675660,Shane Drohan,1,0,2B,6,bottom,bottom
823915,2026-08-13,641343,Jake Bauers,681911,Alex Vesia,1,0,2B,9,top,top
823995,2026-08-13,687093,Vaughn Grissom,682608,Peyton Gray,1,0,2B,3,bottom,bottom
823995,2026-08-13,670032,Nicky Lopez,700712,Walbert Ureña,1,0,2B,4,top,top
823995,2026-08-13,624428,Adam Frazier,656756,Jordan Montgomery,1,0,2B,5,bottom,bottom
824238,2026-08-13,800050,Chase DeLauter,672456,Keider Montero,1,0,2B,1,top,top
824238,2026-08-13,805808,Kevin McGonigle,680916,Franco Aleman,1,0,2B,8,bottom,bottom
824561,2026-08-13,667472,Dane Myers,607200,Erick Fedde,1,0,2B,5,top,top
