Game ID,date,home_team,away_team,venue,n_bip,actual_hr,xhr,diff,z,verdict
776135,2025-09-28,LAA,HOU,Angel Stadium,53,5,3.95,1.05,1.09,NORMAL
776136,2025-09-28,SD,AZ,Petco Park,54,2,2.43,-0.43,-0.52,NORMAL
776137,2025-09-28,SF,COL,Oracle Park,41,2,2.19,-0.19,-0.2,NORMAL
776138,2025-09-28,ATH,KC,Sutter Health Park,54,3,3.28,-0.28,-0.38,NORMAL
776139,2025-09-28,SEA,LAD,T-Mobile Park,43,3,2.62,0.38,0.41,NORMAL
776140,2025-09-28,NYY,BAL,Yankee Stadium,42,4,2.54,1.46,1.58,NORMAL
776141,2025-09-28,PHI,MIN,Citizens Bank Park,38,0,0.22,-0.22,-0.49,NORMAL
776142,2025-09-28,CHC,STL,Wrigley Field,42,1,1.03,-0.03,-0.04,NORMAL
776143,2025-09-28,WSH,CWS,Nationals Park,44,3,2.87,0.13,0.14,NORMAL
776144,2025-09-28,MIL,CIN,American Family Field,39,3,3.36,-0.36,-0.35,NORMAL
776145,2025-09-28,TOR,TB,Rogers Centre,48,4,2.72,1.28,1.36,NORMAL
776146,2025-09-27,SF,COL,Oracle Park,46,4,2.94,1.06,1.06,NORMAL
776147,2025-09-28,CLE,TEX,Progressive Field,60,3,3.79,-0.79,-0.6,NORMAL
776148,2025-09-28,MIA,NYM,loanDepot park,46,0,1.42,-1.42,-1.68,NORMAL
776149,2025-09-28,ATL,PIT,Truist Park,41,1,2.18,-1.18,-1.55,NORMAL
776150,2025-09-27,SEA,LAD,T-Mobile Park,47,2,1.94,0.06,0.07,NORMAL
776151,2025-09-28,BOS,DET,Fenway Park,46,3,2.06,0.94,0.99,NORMAL
776152,2025-09-27,SD,AZ,Petco Park,42,4,2.99,1.01,1.64,NORMAL
776153,2025-09-27,MIL,CIN,American Family Field,52,2,0.85,1.15,1.37,NORMAL
776154,2025-09-27,ATH,KC,Sutter Health Park,49,0,0.16,-0.16,-0.42,NORMAL
776155,2025-09-27,LAA,HOU,Angel Stadium,44,4,3.46,0.54,0.54,NORMAL
776156,2025-09-27,ATL,PIT,Truist Park,48,1,1.86,-0.86,-1.04,NORMAL
776157,2025-09-27,BOS,DET,Fenway Park,43,0,0.56,-0.56,-0.84,NORMAL
776158,2025-09-27,CLE,TEX,Progressive Field,41,2,1.85,0.15,0.29,NORMAL
776159,2025-09-27,TOR,TB,Rogers Centre,42,2,1.32,0.68,1.0,NORMAL
776160,2025-09-27,WSH,CWS,Nationals Park,45,5,3.35,1.65,1.63,NORMAL
776161,2025-09-27,MIA,NYM,loanDepot park,42,1,2.1,-1.1,-1.22,NORMAL
776162,2025-09-27,NYY,BAL,Yankee Stadium,41,4,3.54,0.46,0.47,NORMAL
776163,2025-09-27,PHI,MIN,Citizens Bank Park,45,3,2.63,0.37,0.53,NORMAL
776164,2025-09-27,CHC,STL,Wrigley Field,45,6,2.91,3.09,3.05,JUICED
776165,2025-09-26,WSH,CWS,Nationals Park,56,8,5.24,2.76,2.42,JUICED
776166,2025-09-26,SF,COL,Oracle Park,47,3,3.48,-0.48,-0.59,NORMAL
776167,2025-09-26,CHC,STL,Wrigley Field,47,4,2.79,1.21,1.18,NORMAL
776168,2025-09-26,SEA,LAD,T-Mobile Park,41,1,1.69,-0.69,-0.71,NORMAL
776169,2025-09-26,LAA,HOU,Angel Stadium,47,3,2.24,0.76,0.81,NORMAL
776170,2025-09-26,SD,AZ,Petco Park,49,3,4.24,-1.24,-1.2,NORMAL
776171,2025-09-26,MIL,CIN,American Family Field,48,0,0.29,-0.29,-0.55,NORMAL
776172,2025-09-26,ATH,KC,Sutter Health Park,48,1,1.86,-0.86,-0.96,NORMAL
776173,2025-09-26,MIA,NYM,loanDepot park,54,2,2.48,-0.48,-0.76,NORMAL
776174,2025-09-26,NYY,BAL,Yankee Stadium,47,5,3.19,1.81,1.53,NORMAL
776175,2025-09-26,CLE,TEX,Progressive Field,51,2,1.78,0.22,0.24,NORMAL
776176,2025-09-26,PHI,MIN,Citizens Bank Park,40,2,0.39,1.61,2.84,JUICED
776177,2025-09-26,TOR,TB,Rogers Centre,48,3,1.73,1.27,1.79,NORMAL
776178,2025-09-25,LAA,KC,Angel Stadium,49,4,3.27,0.73,0.69,NORMAL
776179,2025-09-25,SEA,COL,T-Mobile Park,51,1,2.42,-1.42,-2.17,DEAD
776180,2025-09-26,ATL,PIT,Truist Park,58,5,4.45,0.55,0.52,NORMAL
776181,2025-09-26,BOS,DET,Fenway Park,48,0,0.72,-0.72,-0.92,NORMAL
776182,2025-09-25,ATH,HOU,Sutter Health Park,56,3,1.64,1.36,1.56,NORMAL
776183,2025-09-25,TEX,MIN,Globe Life Field,45,2,1.81,0.19,0.19,NORMAL
776184,2025-09-25,NYY,CWS,Yankee Stadium,48,1,1.93,-0.93,-1.5,NORMAL
776185,2025-09-25,AZ,LAD,Chase Field,50,4,3.47,0.53,0.48,NORMAL
776186,2025-09-25,TOR,BOS,Rogers Centre,47,2,1.57,0.43,0.52,NORMAL
776187,2025-09-25,CHC,NYM,Wrigley Field,48,5,4.91,0.09,0.08,NORMAL
776188,2025-09-25,PHI,MIA,Citizens Bank Park,45,0,0.03,-0.03,-0.18,NORMAL
776189,2025-09-25,CLE,DET,Progressive Field,49,3,2.96,0.04,0.09,NORMAL
776190,2025-09-25,CIN,PIT,Great American Ball Park,39,0,0.48,-0.48,-0.74,NORMAL
776191,2025-09-25,BAL,TB,Oriole Park at Camden Yards,50,3,2.36,0.64,0.77,NORMAL
776192,2025-09-24,TEX,MIN,Globe Life Field,37,2,2.32,-0.32,-0.26,NORMAL
776193,2025-09-24,AZ,LAD,Chase Field,60,1,2.29,-1.29,-1.39,NORMAL
776194,2025-09-24,SEA,COL,T-Mobile Park,47,6,4.33,1.67,1.66,NORMAL
776195,2025-09-24,ATH,HOU,Sutter Health Park,47,2,2.72,-0.72,-0.75,NORMAL
776196,2025-09-24,SF,STL,Oracle Park,50,1,2.29,-1.29,-1.12,NORMAL
776197,2025-09-24,LAA,KC,Angel Stadium,45,2,1.46,0.54,0.6,NORMAL
776198,2025-09-24,SD,MIL,Petco Park,45,2,1.13,0.87,1.17,NORMAL
776199,2025-09-24,NYY,CWS,Yankee Stadium,49,3,3.36,-0.36,-0.35,NORMAL
776200,2025-09-24,ATL,WSH,Truist Park,47,6,5.43,0.57,0.51,NORMAL
776201,2025-09-24,PHI,MIA,Citizens Bank Park,46,8,5.37,2.63,2.15,JUICED
776202,2025-09-24,CIN,PIT,Great American Ball Park,54,2,2.33,-0.33,-0.35,NORMAL
776203,2025-09-24,BAL,TB,Oriole Park at Camden Yards,49,2,1.73,0.27,0.34,NORMAL
776204,2025-09-24,CLE,DET,Progressive Field,47,1,0.17,0.83,2.08,JUICED
776205,2025-09-24,CHC,NYM,Wrigley Field,53,4,2.72,1.28,1.4,NORMAL
776206,2025-09-24,TOR,BOS,Rogers Centre,53,3,1.96,1.04,1.47,NORMAL
776207,2025-09-23,LAA,KC,Angel Stadium,51,2,2.62,-0.62,-0.58,NORMAL
776208,2025-09-23,ATH,HOU,Sutter Health Park,49,0,0.7,-0.7,-1.01,NORMAL
776209,2025-09-23,CHC,NYM,Wrigley Field,58,3,1.43,1.57,1.57,NORMAL
776210,2025-09-23,TEX,MIN,Globe Life Field,53,1,1.47,-0.47,-0.73,NORMAL
776211,2025-09-23,SF,STL,Oracle Park,58,3,3.01,-0.01,-0.02,NORMAL
776212,2025-09-23,SEA,COL,T-Mobile Park,33,1,1.37,-0.37,-0.59,NORMAL
776213,2025-09-23,AZ,LAD,Chase Field,49,3,2.13,0.87,0.99,NORMAL
776214,2025-09-23,SD,MIL,Petco Park,57,2,2.14,-0.14,-0.14,NORMAL
776215,2025-09-23,PHI,MIA,Citizens Bank Park,63,4,2.93,1.07,1.37,NORMAL
776216,2025-09-23,NYY,CWS,Yankee Stadium,50,1,1.54,-0.54,-0.78,NORMAL
776217,2025-09-23,TOR,BOS,Rogers Centre,52,0,0.42,-0.42,-0.68,NORMAL
776218,2025-09-23,CLE,DET,Progressive Field,33,1,0.99,0.01,0.03,NORMAL
776219,2025-09-23,ATL,WSH,Truist Park,44,4,3.63,0.37,0.68,NORMAL
776220,2025-09-22,SF,STL,Oracle Park,57,3,3.09,-0.09,-0.08,NORMAL
776221,2025-09-22,ATL,WSH,Truist Park,54,3,2.47,0.53,0.75,NORMAL
776222,2025-09-22,SD,MIL,Petco Park,58,1,1.73,-0.73,-0.92,NORMAL
776223,2025-09-23,BAL,TB,Oriole Park at Camden Yards,48,1,1.29,-0.29,-0.4,NORMAL
776224,2025-09-23,CIN,PIT,Great American Ball Park,46,2,1.5,0.5,0.87,NORMAL
776225,2025-09-21,MIN,CLE,Target Field,49,3,2.71,0.29,0.34,NORMAL
776226,2025-09-21,TEX,MIA,Globe Life Field,48,1,2.37,-1.37,-1.43,NORMAL
776227,2025-09-21,LAD,SF,Dodger Stadium,47,0,0.36,-0.36,-0.64,NORMAL
776228,2025-09-21,HOU,SEA,Daikin Park,56,4,3.27,0.73,0.82,NORMAL
776229,2025-09-21,KC,TOR,Kauffman Stadium,65,0,1.14,-1.14,-1.21,NORMAL
776230,2025-09-21,AZ,PHI,Chase Field,63,3,3.3,-0.3,-0.3,NORMAL
776231,2025-09-21,STL,MIL,Busch Stadium,46,1,2.01,-1.01,-1.16,NORMAL
776232,2025-09-21,COL,LAA,Coors Field,37,1,0.81,0.19,0.26,NORMAL
776233,2025-09-20,LAD,SF,Dodger Stadium,45,5,2.94,2.06,1.99,NORMAL
776234,2025-09-21,PIT,ATH,PNC Park,54,2,3.96,-1.96,-2.09,DEAD
776235,2025-09-21,CWS,SD,Rate Field,44,1,1.02,-0.02,-0.08,NORMAL
776236,2025-09-21,TB,BOS,George M. Steinbrenner Field,45,1,1.39,-0.39,-0.64,NORMAL
776237,2025-09-21,NYM,WSH,Citi Field,44,2,1.83,0.17,0.2,NORMAL
776238,2025-09-21,DET,ATL,Comerica Park,58,1,1.03,-0.03,-0.04,NORMAL
776239,2025-09-21,CIN,CHC,Great American Ball Park,51,0,0.74,-0.74,-1.11,NORMAL
776240,2025-09-21,BAL,NYY,Oriole Park at Camden Yards,44,3,3.13,-0.13,-0.2,NORMAL
776241,2025-09-20,COL,LAA,Coors Field,48,3,3.37,-0.37,-0.39,NORMAL
776242,2025-09-20,TEX,MIA,Globe Life Field,55,3,2.27,0.73,0.87,NORMAL
776243,2025-09-20,MIN,CLE,Target Field,48,0,0.63,-0.63,-0.93,NORMAL
776244,2025-09-20,STL,MIL,Busch Stadium,63,0,1.98,-1.98,-1.85,NORMAL
776245,2025-09-20,KC,TOR,Kauffman Stadium,49,3,1.77,1.23,1.12,NORMAL
776246,2025-09-20,AZ,PHI,Chase Field,53,1,1.61,-0.61,-0.82,NORMAL
776247,2025-09-20,TB,BOS,George M. Steinbrenner Field,58,0,0.58,-0.58,-0.91,NORMAL
776248,2025-09-20,HOU,SEA,Daikin Park,50,2,1.13,0.87,0.99,NORMAL
776249,2025-09-20,PIT,ATH,PNC Park,37,2,2.61,-0.61,-0.77,NORMAL
776250,2025-09-20,CWS,SD,Rate Field,53,2,3.02,-1.02,-0.98,NORMAL
776251,2025-09-19,TEX,MIA,Globe Life Field,71,2,2.87,-0.87,-0.8,NORMAL
776252,2025-09-20,NYM,WSH,Citi Field,59,1,0.31,0.69,1.36,NORMAL
776253,2025-09-19,COL,LAA,Coors Field,49,2,2.48,-0.48,-0.6,NORMAL
776254,2025-09-20,CIN,CHC,Great American Ball Park,52,5,2.57,2.43,2.77,JUICED
776255,2025-09-19,AZ,PHI,Chase Field,60,3,2.5,0.5,0.47,NORMAL
776256,2025-09-19,LAD,SF,Dodger Stadium,45,4,2.32,1.68,1.83,NORMAL
776257,2025-09-20,BAL,NYY,Oriole Park at Camden Yards,44,2,1.5,0.5,0.83,NORMAL
776258,2025-09-20,DET,ATL,Comerica Park,52,5,2.69,2.31,2.63,JUICED
776259,2025-09-19,NYM,WSH,Citi Field,51,2,1.71,0.29,0.52,NORMAL
776260,2025-09-19,KC,TOR,Kauffman Stadium,70,4,4.95,-0.95,-0.73,NORMAL
776261,2025-09-19,TB,BOS,George M. Steinbrenner Field,56,5,2.65,2.35,2.77,JUICED
776262,2025-09-19,HOU,SEA,Daikin Park,44,4,3.21,0.79,0.91,NORMAL
776263,2025-09-19,MIN,CLE,Target Field,43,0,1.13,-1.13,-1.69,NORMAL
776264,2025-09-19,CWS,SD,Rate Field,44,1,1.37,-0.37,-0.39,NORMAL
776265,2025-09-19,STL,MIL,Busch Stadium,56,1,1.17,-0.17,-0.28,NORMAL
776266,2025-09-19,PIT,ATH,PNC Park,53,2,3.86,-1.86,-2.23,DEAD
776267,2025-09-19,CIN,CHC,Great American Ball Park,48,7,5.26,1.74,1.35,NORMAL
776268,2025-09-19,DET,ATL,Comerica Park,54,4,3.65,0.35,0.3,NORMAL
776269,2025-09-18,TB,TOR,George M. Steinbrenner Field,50,1,1.76,-0.76,-1.45,NORMAL
776270,2025-09-18,COL,MIA,Coors Field,61,7,6.33,0.67,0.56,NORMAL
776271,2025-09-18,LAD,SF,Dodger Stadium,37,0,0.87,-0.87,-2.04,DEAD
776272,2025-09-18,KC,SEA,Kauffman Stadium,47,0,0.33,-0.33,-0.6,NORMAL
776273,2025-09-19,BAL,NYY,Oriole Park at Camden Yards,45,2,2.44,-0.44,-0.46,NORMAL
776274,2025-09-18,MIL,LAA,American Family Field,49,1,0.72,0.28,0.38,NORMAL
776275,2025-09-18,DET,CLE,Comerica Park,46,2,1.49,0.51,0.59,NORMAL
776276,2025-09-18,NYM,SD,Citi Field,44,2,2.31,-0.31,-0.32,NORMAL
776277,2025-09-17,COL,MIA,Coors Field,67,2,4.18,-2.18,-2.07,DEAD
776278,2025-09-18,BAL,NYY,Oriole Park at Camden Yards,36,0,0.84,-0.84,-1.12,NORMAL
776279,2025-09-17,AZ,SF,Chase Field,57,0,0.94,-0.94,-1.16,NORMAL
776280,2025-09-17,LAD,PHI,Dodger Stadium,41,2,2.48,-0.48,-0.53,NORMAL
776281,2025-09-18,BOS,ATH,Fenway Park,50,3,2.27,0.73,0.94,NORMAL
776282,2025-09-18,CIN,CHC,Great American Ball Park,36,0,0.72,-0.72,-1.01,NORMAL
776283,2025-09-17,STL,CIN,Busch Stadium,49,2,1.71,0.29,0.31,NORMAL
776284,2025-09-17,MIN,NYY,Target Field,57,3,2.94,0.06,0.05,NORMAL
776285,2025-09-17,CWS,BAL,Rate Field,47,2,2.76,-0.76,-0.87,NORMAL
776286,2025-09-17,WSH,ATL,Nationals Park,58,1,2.05,-1.05,-1.35,NORMAL
776287,2025-09-17,PIT,CHC,PNC Park,57,3,6.15,-3.15,-2.9,DEAD
776288,2025-09-17,NYM,SD,Citi Field,59,6,5.36,0.64,0.55,NORMAL
776289,2025-09-17,KC,SEA,Kauffman Stadium,57,4,2.51,1.49,1.85,NORMAL
776290,2025-09-17,TB,TOR,George M. Steinbrenner Field,49,0,1.0,-1.0,-1.2,NORMAL
776291,2025-09-17,MIL,LAA,American Family Field,39,3,2.45,0.55,0.68,NORMAL
776292,2025-09-17,HOU,TEX,Daikin Park,48,2,2.76,-0.76,-0.87,NORMAL
776293,2025-09-16,COL,MIA,Coors Field,59,1,2.9,-1.9,-1.76,NORMAL
776294,2025-09-16,AZ,SF,Chase Field,65,2,3.04,-1.04,-1.16,NORMAL
776295,2025-09-16,MIL,LAA,American Family Field,45,3,1.81,1.19,1.29,NORMAL
776296,2025-09-17,DET,CLE,Comerica Park,43,0,0.46,-0.46,-0.72,NORMAL
776297,2025-09-16,LAD,PHI,Dodger Stadium,57,6,5.16,0.84,0.75,NORMAL
776298,2025-09-16,MIN,NYY,Target Field,63,4,4.85,-0.85,-0.69,NORMAL
776299,2025-09-17,BOS,ATH,Fenway Park,59,1,1.56,-0.56,-0.56,NORMAL
776300,2025-09-16,STL,CIN,Busch Stadium,42,1,1.56,-0.56,-0.61,NORMAL
776301,2025-09-16,HOU,TEX,Daikin Park,51,2,1.59,0.41,0.46,NORMAL
776302,2025-09-16,KC,SEA,Kauffman Stadium,67,7,7.84,-0.84,-0.57,NORMAL
776303,2025-09-16,DET,CLE,Comerica Park,57,4,4.76,-0.76,-0.84,NORMAL
776304,2025-09-16,NYM,SD,Citi Field,49,7,5.84,1.16,1.03,NORMAL
776305,2025-09-16,TB,TOR,George M. Steinbrenner Field,53,2,1.52,0.48,0.57,NORMAL
776306,2025-09-16,CWS,BAL,Rate Field,52,4,4.03,-0.03,-0.03,NORMAL
776307,2025-09-16,WSH,ATL,Nationals Park,52,0,3.31,-3.31,-2.81,DEAD
776308,2025-09-16,PIT,CHC,PNC Park,45,1,2.06,-1.06,-1.31,NORMAL
776309,2025-09-15,AZ,SF,Chase Field,46,2,3.32,-1.32,-1.35,NORMAL
776310,2025-09-16,BOS,ATH,Fenway Park,52,0,1.33,-1.33,-1.77,NORMAL
776311,2025-09-15,LAD,PHI,Dodger Stadium,50,6,3.79,2.21,1.9,NORMAL
776312,2025-09-15,STL,CIN,Busch Stadium,60,1,2.95,-1.95,-2.14,DEAD
776313,2025-09-15,MIN,NYY,Target Field,40,1,0.32,0.68,1.31,NORMAL
776314,2025-09-15,CWS,BAL,Rate Field,38,1,1.56,-0.56,-0.8,NORMAL
776315,2025-09-15,WSH,ATL,Nationals Park,55,4,4.31,-0.31,-0.37,NORMAL
776316,2025-09-15,TB,TOR,George M. Steinbrenner Field,47,0,0.58,-0.58,-0.92,NORMAL
776317,2025-09-14,SEA,LAA,T-Mobile Park,43,3,0.98,2.02,2.55,JUICED
776318,2025-09-15,PIT,CHC,PNC Park,53,2,2.46,-0.46,-0.49,NORMAL
776319,2025-09-15,HOU,TEX,Daikin Park,53,2,1.85,0.15,0.21,NORMAL
776320,2025-09-14,WSH,PIT,Nationals Park,42,0,1.43,-1.43,-1.97,NORMAL
776321,2025-09-14,CHC,TB,Wrigley Field,50,3,2.07,0.93,1.85,NORMAL
776322,2025-09-14,TOR,BAL,Rogers Centre,53,3,2.57,0.43,0.42,NORMAL
776323,2025-09-14,SD,COL,Petco Park,57,3,3.63,-0.63,-0.51,NORMAL
776324,2025-09-14,MIN,AZ,Target Field,52,3,2.28,0.72,1.05,NORMAL
776325,2025-09-14,SF,LAD,Oracle Park,63,0,0.72,-0.72,-0.97,NORMAL
776326,2025-09-14,MIL,STL,American Family Field,46,2,1.59,0.41,0.48,NORMAL
776327,2025-09-14,ATH,CIN,Sutter Health Park,57,7,3.11,3.89,3.65,JUICED
776328,2025-09-13,SF,LAD,Oracle Park,58,1,1.26,-0.26,-0.47,NORMAL
776329,2025-09-14,ATL,HOU,Truist Park,53,3,2.67,0.33,0.32,NORMAL
776330,2025-09-14,BOS,NYY,Fenway Park,47,4,3.4,0.6,0.63,NORMAL
776331,2025-09-14,CLE,CWS,Progressive Field,44,2,2.33,-0.33,-0.32,NORMAL
776332,2025-09-14,MIA,DET,loanDepot park,50,0,0.68,-0.68,-0.98,NORMAL
776333,2025-09-13,SEA,LAA,T-Mobile Park,35,3,2.12,0.88,1.21,NORMAL
776334,2025-09-14,PHI,KC,Citizens Bank Park,56,6,4.37,1.63,1.2,NORMAL
776335,2025-09-14,NYM,TEX,Citi Field,51,2,1.32,0.68,1.04,NORMAL
776336,2025-09-13,WSH,PIT,Nationals Park,47,1,1.18,-0.18,-0.32,NORMAL
776337,2025-09-13,MIN,AZ,Target Field,55,1,1.98,-0.98,-1.19,NORMAL
776338,2025-09-13,CHC,TB,Wrigley Field,55,4,2.29,1.71,1.48,NORMAL
776339,2025-09-13,MIL,STL,American Family Field,60,2,1.85,0.15,0.17,NORMAL
776340,2025-09-13,ATH,CIN,Sutter Health Park,56,5,3.9,1.1,1.26,NORMAL
776341,2025-09-13,SD,COL,Petco Park,52,4,3.12,0.88,0.82,NORMAL
776342,2025-09-13,PHI,KC,Citizens Bank Park,58,4,2.7,1.3,1.27,NORMAL
776343,2025-09-13,TOR,BAL,Rogers Centre,55,2,2.86,-0.86,-0.89,NORMAL
776344,2025-09-13,BOS,NYY,Fenway Park,53,2,0.83,1.17,1.72,NORMAL
776345,2025-09-12,SEA,LAA,T-Mobile Park,42,1,1.79,-0.79,-1.13,NORMAL
776346,2025-09-13,ATL,HOU,Truist Park,51,2,1.84,0.16,0.34,NORMAL
776347,2025-09-13,MIA,DET,loanDepot park,61,3,2.88,0.12,0.13,NORMAL
776348,2025-09-13,CLE,CWS,Progressive Field,48,2,2.5,-0.5,-0.56,NORMAL
776349,2025-09-13,NYM,TEX,Citi Field,55,1,1.88,-0.88,-0.94,NORMAL
776350,2025-09-12,SF,LAD,Oracle Park,46,2,2.7,-0.7,-0.91,NORMAL
776351,2025-09-12,WSH,PIT,Nationals Park,51,3,2.23,0.77,0.69,NORMAL
776352,2025-09-12,CHC,TB,Wrigley Field,46,2,2.9,-0.9,-0.95,NORMAL
776353,2025-09-12,TOR,BAL,Rogers Centre,45,0,0.58,-0.58,-0.84,NORMAL
776354,2025-09-12,PHI,KC,Citizens Bank Park,54,2,3.24,-1.24,-1.15,NORMAL
776355,2025-09-12,MIN,AZ,Target Field,61,5,2.98,2.02,1.78,NORMAL
776356,2025-09-12,MIL,STL,American Family Field,57,1,2.18,-1.18,-2.32,DEAD
776357,2025-09-12,SD,COL,Petco Park,43,3,3.22,-0.22,-0.24,NORMAL
776358,2025-09-12,ATH,CIN,Sutter Health Park,43,3,2.82,0.18,0.16,NORMAL
776359,2025-09-12,NYM,TEX,Citi Field,61,2,1.33,0.67,0.89,NORMAL
776360,2025-09-12,ATL,HOU,Truist Park,57,4,4.29,-0.29,-0.4,NORMAL
776361,2025-09-12,CLE,CWS,Progressive Field,44,2,1.72,0.28,0.34,NORMAL
776362,2025-09-11,SEA,LAA,T-Mobile Park,64,2,1.99,0.01,0.02,NORMAL
776363,2025-09-12,BOS,NYY,Fenway Park,47,2,2.78,-0.78,-1.1,NORMAL
776364,2025-09-11,CWS,TB,Rate Field,49,0,1.15,-1.15,-1.23,NORMAL
776365,2025-09-11,SD,COL,Petco Park,38,1,0.5,0.5,0.84,NORMAL
776366,2025-09-12,MIA,DET,loanDepot park,48,4,3.0,1.0,1.54,NORMAL
776367,2025-09-11,MIA,WSH,loanDepot park,48,0,0.17,-0.17,-0.42,NORMAL
776368,2025-09-11,NYY,DET,Yankee Stadium,52,4,5.13,-1.13,-1.35,NORMAL
776369,2025-09-11,TOR,HOU,Rogers Centre,46,1,1.75,-0.75,-0.73,NORMAL
776370,2025-09-11,CLE,KC,Progressive Field,45,2,1.9,0.1,0.1,NORMAL
776371,2025-09-11,PHI,NYM,Citizens Bank Park,42,1,1.86,-0.86,-0.92,NORMAL
776372,2025-09-11,BAL,PIT,Oriole Park at Camden Yards,45,1,1.3,-0.3,-0.57,NORMAL
776373,2025-09-10,SEA,STL,T-Mobile Park,66,2,1.64,0.36,0.4,NORMAL
776374,2025-09-10,SF,AZ,Oracle Park,52,1,2.36,-1.36,-1.77,NORMAL
776375,2025-09-10,TEX,MIL,Globe Life Field,48,4,2.72,1.28,1.38,NORMAL
776376,2025-09-10,LAA,MIN,Angel Stadium,44,3,3.46,-0.46,-0.42,NORMAL
776377,2025-09-10,SD,CIN,Petco Park,49,1,0.83,0.17,0.22,NORMAL
776378,2025-09-10,CWS,TB,Rate Field,40,4,2.66,1.34,1.63,NORMAL
776379,2025-09-10,ATH,BOS,Sutter Health Park,56,2,2.15,-0.15,-0.13,NORMAL
776380,2025-09-10,LAD,COL,Dodger Stadium,47,2,2.46,-0.46,-0.5,NORMAL
776381,2025-09-10,ATL,CHC,Truist Park,49,1,0.46,0.54,0.86,NORMAL
776382,2025-09-10,CLE,KC,Progressive Field,55,1,1.17,-0.17,-0.42,NORMAL
776383,2025-09-10,NYY,DET,Yankee Stadium,54,4,3.97,0.03,0.04,NORMAL
776384,2025-09-10,PHI,NYM,Citizens Bank Park,52,3,4.03,-1.03,-1.0,NORMAL
776385,2025-09-10,TOR,HOU,Rogers Centre,51,2,2.61,-0.61,-0.68,NORMAL
776386,2025-09-10,MIA,WSH,loanDepot park,53,1,2.01,-1.01,-1.0,NORMAL
776387,2025-09-10,BAL,PIT,Oriole Park at Camden Yards,42,1,2.31,-1.31,-1.37,NORMAL
776388,2025-09-09,CWS,TB,Rate Field,46,4,3.79,0.21,0.26,NORMAL
776389,2025-09-09,LAD,COL,Dodger Stadium,48,5,5.03,-0.03,-0.02,NORMAL
776390,2025-09-09,LAA,MIN,Angel Stadium,58,3,0.91,2.09,2.89,JUICED
776391,2025-09-09,SEA,STL,T-Mobile Park,53,2,2.35,-0.35,-0.52,NORMAL
776392,2025-09-09,SD,CIN,Petco Park,45,3,3.98,-0.98,-0.88,NORMAL
776393,2025-09-09,TOR,HOU,Rogers Centre,60,2,3.18,-1.18,-1.13,NORMAL
776394,2025-09-09,SF,AZ,Oracle Park,50,2,2.55,-0.55,-0.7,NORMAL
776395,2025-09-09,TEX,MIL,Globe Life Field,49,2,3.23,-1.23,-1.37,NORMAL
776396,2025-09-09,ATH,BOS,Sutter Health Park,49,2,2.53,-0.53,-0.58,NORMAL
776397,2025-09-09,MIA,WSH,loanDepot park,65,3,3.31,-0.31,-0.36,NORMAL
776398,2025-09-09,NYY,DET,Yankee Stadium,48,3,4.72,-1.72,-1.51,NORMAL
776399,2025-09-08,SF,AZ,Oracle Park,55,6,4.58,1.42,1.23,NORMAL
776400,2025-09-08,SEA,STL,T-Mobile Park,40,1,0.82,0.18,0.29,NORMAL
776401,2025-09-09,BAL,PIT,Oriole Park at Camden Yards,50,2,1.74,0.26,0.26,NORMAL
776402,2025-09-09,ATL,CHC,Truist Park,47,0,1.36,-1.36,-1.35,NORMAL
776403,2025-09-09,CLE,KC,Progressive Field,44,1,1.02,-0.02,-0.04,NORMAL
776404,2025-09-09,PHI,NYM,Citizens Bank Park,48,4,3.27,0.73,0.63,NORMAL
776405,2025-09-08,PHI,NYM,Citizens Bank Park,41,0,0.63,-0.63,-0.95,NORMAL
776406,2025-09-08,TEX,MIL,Globe Life Field,49,1,2.73,-1.73,-1.44,NORMAL
776407,2025-09-08,SD,CIN,Petco Park,51,2,0.97,1.03,1.29,NORMAL
776408,2025-09-08,LAD,COL,Dodger Stadium,36,0,0.81,-0.81,-1.12,NORMAL
776409,2025-09-08,MIA,WSH,loanDepot park,72,6,5.84,0.16,0.15,NORMAL
776410,2025-09-08,ATH,BOS,Sutter Health Park,49,2,1.87,0.13,0.24,NORMAL
776411,2025-09-08,LAA,MIN,Angel Stadium,48,3,2.95,0.05,0.05,NORMAL
776412,2025-09-08,ATL,CHC,Truist Park,50,2,2.39,-0.39,-0.4,NORMAL
776413,2025-09-08,CLE,KC,Progressive Field,53,0,0.71,-0.71,-1.37,NORMAL
776414,2025-09-07,LAA,ATH,Angel Stadium,47,3,2.01,0.99,0.89,NORMAL
776415,2025-09-07,AZ,BOS,Chase Field,54,0,0.79,-0.79,-1.17,NORMAL
776416,2025-09-07,STL,SF,Busch Stadium,36,0,0.04,-0.04,-0.21,NORMAL
776417,2025-09-07,COL,SD,Coors Field,54,4,3.54,0.46,0.53,NORMAL
776418,2025-09-07,TEX,HOU,Globe Life Field,46,1,1.3,-0.3,-0.36,NORMAL
776419,2025-09-07,PIT,MIL,PNC Park,47,0,0.32,-0.32,-0.58,NORMAL
776420,2025-09-07,CHC,WSH,Wrigley Field,47,4,2.54,1.46,1.98,NORMAL
776421,2025-09-07,TB,CLE,George M. Steinbrenner Field,48,1,1.04,-0.04,-0.09,NORMAL
776422,2025-09-07,KC,MIN,Kauffman Stadium,45,2,2.78,-0.78,-0.86,NORMAL
776423,2025-09-07,NYY,TOR,Yankee Stadium,43,1,1.35,-0.35,-0.49,NORMAL
776424,2025-09-06,AZ,BOS,Chase Field,49,0,1.8,-1.8,-2.03,DEAD
776425,2025-09-07,DET,CWS,Comerica Park,51,1,1.63,-0.63,-0.71,NORMAL
776426,2025-09-07,MIA,PHI,loanDepot park,57,3,3.07,-0.07,-0.08,NORMAL
776427,2025-09-07,BAL,LAD,Oriole Park at Camden Yards,50,3,3.23,-0.23,-0.25,NORMAL
776428,2025-09-07,ATL,SEA,Truist Park,64,6,4.56,1.44,1.21,NORMAL
776429,2025-09-07,CIN,NYM,Great American Ball Park,36,2,2.4,-0.4,-0.51,NORMAL
776430,2025-09-06,LAA,ATH,Angel Stadium,70,6,4.86,1.14,1.13,NORMAL
776431,2025-09-06,COL,SD,Coors Field,64,4,4.18,-0.18,-0.16,NORMAL
776432,2025-09-06,TEX,HOU,Globe Life Field,52,2,1.73,0.27,0.3,NORMAL
776433,2025-09-06,MIA,PHI,loanDepot park,47,1,2.63,-1.63,-1.36,NORMAL
776434,2025-09-06,KC,MIN,Kauffman Stadium,58,1,2.36,-1.36,-1.4,NORMAL
776435,2025-09-06,DET,CWS,Comerica Park,43,2,3.02,-1.02,-0.85,NORMAL
776436,2025-09-06,NYY,TOR,Yankee Stadium,47,0,1.29,-1.29,-1.38,NORMAL
776437,2025-09-06,STL,SF,Busch Stadium,51,0,0.21,-0.21,-0.49,NORMAL
776438,2025-09-06,TB,CLE,George M. Steinbrenner Field,42,1,2.13,-1.13,-1.21,NORMAL
776439,2025-09-06,CIN,NYM,Great American Ball Park,44,4,3.48,0.52,0.42,NORMAL
776440,2025-09-06,CHC,WSH,Wrigley Field,41,1,1.0,0.0,0.0,NORMAL
776441,2025-09-06,PIT,MIL,PNC Park,46,2,1.56,0.44,0.49,NORMAL
776442,2025-09-05,COL,SD,Coors Field,42,1,1.48,-0.48,-0.69,NORMAL
776443,2025-09-06,BAL,LAD,Oriole Park at Camden Yards,47,1,1.45,-0.45,-0.47,NORMAL
776444,2025-09-05,LAA,ATH,Angel Stadium,31,1,0.36,0.64,1.15,NORMAL
776445,2025-09-05,STL,SF,Busch Stadium,59,3,3.87,-0.87,-1.03,NORMAL
776446,2025-09-05,KC,MIN,Kauffman Stadium,51,1,1.96,-0.96,-1.11,NORMAL
776447,2025-09-06,ATL,SEA,Truist Park,55,6,5.74,0.26,0.21,NORMAL
776448,2025-09-05,AZ,BOS,Chase Field,41,2,3.31,-1.31,-1.31,NORMAL
776449,2025-09-05,TEX,HOU,Globe Life Field,63,2,1.79,0.21,0.29,NORMAL
776450,2025-09-05,CIN,NYM,Great American Ball Park,53,1,1.06,-0.06,-0.08,NORMAL
776451,2025-09-05,TB,CLE,George M. Steinbrenner Field,57,2,2.85,-0.85,-0.82,NORMAL
776452,2025-09-05,DET,CWS,Comerica Park,53,3,2.11,0.89,0.87,NORMAL
776453,2025-09-05,PIT,MIL,PNC Park,52,0,0.58,-0.58,-0.84,NORMAL
776454,2025-09-05,BAL,LAD,Oriole Park at Camden Yards,44,2,2.62,-0.62,-0.75,NORMAL
776455,2025-09-05,CHC,WSH,Wrigley Field,51,5,3.95,1.05,1.1,NORMAL
776456,2025-09-05,MIA,PHI,loanDepot park,62,5,4.16,0.84,0.89,NORMAL
776457,2025-09-05,NYY,TOR,Yankee Stadium,55,2,1.63,0.37,0.5,NORMAL
776458,2025-09-04,TB,CLE,George M. Steinbrenner Field,42,2,1.44,0.56,0.6,NORMAL
776459,2025-09-04,MIL,PHI,American Family Field,45,0,0.48,-0.48,-0.78,NORMAL
776460,2025-09-05,ATL,SEA,Truist Park,45,0,0.73,-0.73,-0.92,NORMAL
776461,2025-09-04,PIT,LAD,PNC Park,44,1,1.97,-0.97,-1.75,NORMAL
776462,2025-09-04,MIN,CWS,Target Field,63,4,4.15,-0.15,-0.2,NORMAL
776463,2025-09-04,KC,LAA,Kauffman Stadium,42,5,4.0,1.0,1.1,NORMAL
776464,2025-09-04,HOU,NYY,Daikin Park,55,4,2.8,1.2,1.12,NORMAL
776465,2025-09-03,SD,BAL,Petco Park,47,6,4.43,1.57,1.92,NORMAL
776466,2025-09-03,KC,LAA,Kauffman Stadium,45,1,1.15,-0.15,-0.19,NORMAL
776467,2025-09-03,COL,SF,Coors Field,57,3,1.75,1.25,1.41,NORMAL
776468,2025-09-03,AZ,TEX,Chase Field,42,0,0.13,-0.13,-0.37,NORMAL
776469,2025-09-03,MIN,CWS,Target Field,50,0,0.7,-0.7,-0.95,NORMAL
776470,2025-09-03,STL,ATH,Busch Stadium,49,2,2.33,-0.33,-0.38,NORMAL
776471,2025-09-03,MIL,PHI,American Family Field,44,2,1.41,0.59,0.98,NORMAL
776472,2025-09-03,HOU,NYY,Daikin Park,54,4,2.26,1.74,2.02,JUICED
776473,2025-09-03,CHC,ATL,Wrigley Field,42,2,2.51,-0.51,-0.62,NORMAL
776474,2025-09-03,BOS,CLE,Fenway Park,56,1,1.53,-0.53,-0.73,NORMAL
776475,2025-09-03,CIN,TOR,Great American Ball Park,60,5,2.52,2.48,2.1,JUICED
776476,2025-09-03,TB,SEA,George M. Steinbrenner Field,54,1,0.26,0.74,1.53,NORMAL
776477,2025-09-03,WSH,MIA,Nationals Park,55,4,2.8,1.2,1.21,NORMAL
776478,2025-09-03,DET,NYM,Comerica Park,52,1,1.71,-0.71,-0.71,NORMAL
776479,2025-09-03,PIT,LAD,PNC Park,44,2,2.19,-0.19,-0.22,NORMAL
776480,2025-09-02,SD,BAL,Petco Park,50,2,1.51,0.49,0.5,NORMAL
776481,2025-09-02,AZ,TEX,Chase Field,56,1,2.27,-1.27,-1.46,NORMAL
776482,2025-09-02,WSH,MIA,Nationals Park,47,1,1.46,-0.46,-0.63,NORMAL
776483,2025-09-02,STL,ATH,Busch Stadium,49,1,3.04,-2.04,-1.89,NORMAL
776484,2025-09-02,MIN,CWS,Target Field,53,4,4.66,-0.66,-0.53,NORMAL
776485,2025-09-02,TB,SEA,George M. Steinbrenner Field,50,4,3.8,0.2,0.21,NORMAL
776486,2025-09-02,COL,SF,Coors Field,56,5,2.79,2.21,2.07,JUICED
776487,2025-09-02,CHC,ATL,Wrigley Field,49,3,2.09,0.91,1.06,NORMAL
776488,2025-09-02,KC,LAA,Kauffman Stadium,51,1,1.7,-0.7,-0.91,NORMAL
776489,2025-09-02,HOU,NYY,Daikin Park,43,3,2.18,0.82,0.83,NORMAL
776490,2025-09-02,DET,NYM,Comerica Park,63,4,4.15,-0.15,-0.13,NORMAL
776491,2025-09-02,CIN,TOR,Great American Ball Park,58,6,3.9,2.1,2.37,JUICED
776492,2025-09-01,COL,SF,Coors Field,56,3,1.75,1.25,1.57,NORMAL
776493,2025-09-02,BOS,CLE,Fenway Park,61,6,4.4,1.6,1.31,NORMAL
776494,2025-09-01,SD,BAL,Petco Park,49,1,1.22,-0.22,-0.35,NORMAL
776495,2025-09-01,AZ,TEX,Chase Field,54,5,4.2,0.8,0.79,NORMAL
776496,2025-09-02,PIT,LAD,PNC Park,55,2,3.85,-1.85,-2.33,DEAD
776497,2025-09-01,STL,ATH,Busch Stadium,58,4,3.69,0.31,0.3,NORMAL
776498,2025-09-01,WSH,MIA,Nationals Park,40,0,0.9,-0.9,-1.16,NORMAL
776499,2025-09-01,HOU,LAA,Daikin Park,50,4,3.12,0.88,0.96,NORMAL
776500,2025-09-01,MIL,PHI,American Family Field,61,3,3.05,-0.05,-0.05,NORMAL
776501,2025-09-01,DET,NYM,Comerica Park,56,3,3.77,-0.77,-0.98,NORMAL
776502,2025-09-01,MIN,CWS,Target Field,59,3,2.68,0.32,0.3,NORMAL
776503,2025-09-01,CIN,TOR,Great American Ball Park,54,2,2.29,-0.29,-0.28,NORMAL
776504,2025-09-01,TB,SEA,George M. Steinbrenner Field,52,3,3.62,-0.62,-0.63,NORMAL
776505,2025-09-01,BOS,CLE,Fenway Park,58,2,1.3,0.7,1.11,NORMAL
776506,2025-09-01,CHC,ATL,Wrigley Field,57,1,2.39,-1.39,-1.33,NORMAL
776507,2025-08-31,SF,BAL,Oracle Park,56,0,0.96,-0.96,-1.19,NORMAL
776508,2025-08-31,ATH,TEX,Sutter Health Park,51,2,1.74,0.26,0.5,NORMAL
776509,2025-08-31,LAD,AZ,Dodger Stadium,46,2,1.41,0.59,1.1,NORMAL
776510,2025-08-31,HOU,LAA,Daikin Park,42,1,1.24,-0.24,-0.28,NORMAL
776511,2025-08-31,COL,CHC,Coors Field,48,1,2.37,-1.37,-1.59,NORMAL
776512,2025-08-31,KC,DET,Kauffman Stadium,50,0,0.5,-0.5,-0.8,NORMAL
776513,2025-08-31,MIN,SD,Target Field,48,1,1.67,-0.67,-0.98,NORMAL
776514,2025-08-31,CWS,NYY,Rate Field,43,3,2.69,0.31,0.29,NORMAL
776515,2025-08-31,TOR,MIL,Rogers Centre,66,2,2.57,-0.57,-0.51,NORMAL
776516,2025-08-30,SF,BAL,Oracle Park,55,4,4.03,-0.03,-0.02,NORMAL
776517,2025-08-31,BOS,PIT,Fenway Park,43,2,1.27,0.73,1.48,NORMAL
776518,2025-08-31,CIN,STL,Great American Ball Park,40,3,2.2,0.8,0.82,NORMAL
776519,2025-08-31,NYM,MIA,Citi Field,48,1,0.6,0.4,0.58,NORMAL
776520,2025-08-31,WSH,TB,Nationals Park,39,1,0.99,0.01,0.02,NORMAL
776521,2025-08-31,CLE,SEA,Progressive Field,49,2,2.06,-0.06,-0.09,NORMAL
776522,2025-08-31,PHI,ATL,Citizens Bank Park,42,2,0.71,1.29,1.7,NORMAL
776523,2025-08-30,LAD,AZ,Dodger Stadium,52,2,2.13,-0.13,-0.16,NORMAL
776524,2025-08-30,ATH,TEX,Sutter Health Park,70,4,4.04,-0.04,-0.03,NORMAL
776525,2025-08-30,WSH,TB,Nationals Park,43,2,1.23,0.77,1.18,NORMAL
776526,2025-08-30,COL,CHC,Coors Field,56,0,1.57,-1.57,-2.02,DEAD
776527,2025-08-30,TOR,MIL,Rogers Centre,49,2,0.78,1.22,1.63,NORMAL
776528,2025-08-30,KC,DET,Kauffman Stadium,50,2,1.37,0.63,0.88,NORMAL
776529,2025-08-30,CWS,NYY,Rate Field,56,2,2.04,-0.04,-0.04,NORMAL
776530,2025-08-30,MIN,SD,Target Field,59,4,3.5,0.5,0.45,NORMAL
776531,2025-08-30,HOU,LAA,Daikin Park,46,1,1.47,-0.47,-0.72,NORMAL
776532,2025-08-30,PHI,ATL,Citizens Bank Park,46,1,1.07,-0.07,-0.16,NORMAL
776533,2025-08-29,SF,BAL,Oracle Park,63,3,3.42,-0.42,-0.43,NORMAL
776534,2025-08-29,LAD,AZ,Dodger Stadium,36,1,1.34,-0.34,-0.56,NORMAL
776535,2025-08-30,NYM,MIA,Citi Field,60,4,2.47,1.53,1.34,NORMAL
776536,2025-08-30,CIN,STL,Great American Ball Park,55,3,3.89,-0.89,-0.99,NORMAL
776537,2025-08-30,CLE,SEA,Progressive Field,41,3,2.89,0.11,0.24,NORMAL
776538,2025-08-29,ATH,TEX,Sutter Health Park,49,2,1.55,0.45,0.58,NORMAL
776539,2025-08-30,BOS,PIT,Fenway Park,54,2,2.28,-0.28,-0.32,NORMAL
776540,2025-08-29,KC,DET,Kauffman Stadium,55,3,2.97,0.03,0.02,NORMAL
776541,2025-08-29,MIN,SD,Target Field,59,1,2.25,-1.25,-1.49,NORMAL
776542,2025-08-29,COL,CHC,Coors Field,70,6,6.18,-0.18,-0.12,NORMAL
776543,2025-08-29,HOU,LAA,Daikin Park,48,0,1.18,-1.18,-1.23,NORMAL
776544,2025-08-29,CWS,NYY,Rate Field,49,2,2.14,-0.14,-0.16,NORMAL
776545,2025-08-29,WSH,TB,Nationals Park,51,2,2.37,-0.37,-0.37,NORMAL
776546,2025-08-29,TOR,MIL,Rogers Centre,45,1,0.35,0.65,1.2,NORMAL
776547,2025-08-29,CLE,SEA,Progressive Field,51,3,2.97,0.03,0.03,NORMAL
776548,2025-08-29,NYM,MIA,Citi Field,70,8,6.78,1.22,0.85,NORMAL
776549,2025-08-29,BOS,PIT,Fenway Park,51,1,1.11,-0.11,-0.31,NORMAL
776550,2025-08-28,SF,CHC,Oracle Park,48,4,3.68,0.32,0.46,NORMAL
776551,2025-08-29,CIN,STL,Great American Ball Park,64,5,3.54,1.46,1.32,NORMAL
776552,2025-08-29,PHI,ATL,Citizens Bank Park,58,0,0.84,-0.84,-1.05,NORMAL
776553,2025-08-28,MIL,AZ,American Family Field,64,1,2.95,-1.95,-1.72,NORMAL
776554,2025-08-28,STL,PIT,Busch Stadium,45,2,1.77,0.23,0.29,NORMAL
776555,2025-08-28,HOU,COL,Daikin Park,44,5,1.32,3.68,6.49,JUICED
776556,2025-08-28,CWS,NYY,Rate Field,53,4,4.58,-0.58,-0.55,NORMAL
776557,2025-08-27,SF,CHC,Oracle Park,55,5,3.93,1.07,0.81,NORMAL
776558,2025-08-28,NYM,MIA,Citi Field,57,1,1.24,-0.24,-0.44,NORMAL
776559,2025-08-27,ATH,DET,Sutter Health Park,42,1,0.96,0.04,0.05,NORMAL
776560,2025-08-28,PHI,ATL,Citizens Bank Park,66,8,6.51,1.49,1.34,NORMAL
776561,2025-08-27,SEA,SD,T-Mobile Park,53,1,0.88,0.12,0.14,NORMAL
776562,2025-08-27,LAD,CIN,Dodger Stadium,34,2,1.97,0.03,0.04,NORMAL
776563,2025-08-27,TEX,LAA,Globe Life Field,63,5,4.13,0.87,0.77,NORMAL
776564,2025-08-28,BAL,BOS,Oriole Park at Camden Yards,52,3,2.48,0.52,0.53,NORMAL
776565,2025-08-27,MIA,ATL,loanDepot park,54,5,3.2,1.8,2.21,JUICED
776566,2025-08-27,NYM,PHI,Citi Field,50,1,2.23,-1.23,-1.22,NORMAL
776567,2025-08-27,TOR,MIN,Rogers Centre,55,8,6.51,1.49,1.26,NORMAL
776568,2025-08-27,STL,PIT,Busch Stadium,41,0,0.55,-0.55,-0.86,NORMAL
776569,2025-08-27,CWS,KC,Rate Field,65,3,2.43,0.57,0.5,NORMAL
776570,2025-08-27,NYY,WSH,Yankee Stadium,51,7,5.13,1.87,1.63,NORMAL
776571,2025-08-27,HOU,COL,Daikin Park,39,2,0.82,1.18,1.58,NORMAL
776572,2025-08-27,MIL,AZ,American Family Field,56,3,1.76,1.24,1.48,NORMAL
776573,2025-08-26,ATH,DET,Sutter Health Park,54,3,2.15,0.85,1.14,NORMAL
776574,2025-08-26,LAD,CIN,Dodger Stadium,48,2,0.62,1.38,2.08,JUICED
776575,2025-08-26,TEX,LAA,Globe Life Field,46,5,4.84,0.16,0.15,NORMAL
776576,2025-08-26,SF,CHC,Oracle Park,45,2,2.11,-0.11,-0.1,NORMAL
776577,2025-08-26,SEA,SD,T-Mobile Park,53,3,3.18,-0.18,-0.19,NORMAL
776578,2025-08-26,STL,PIT,Busch Stadium,43,2,2.88,-0.88,-1.08,NORMAL
776579,2025-08-27,BAL,BOS,Oriole Park at Camden Yards,49,2,3.35,-1.35,-1.11,NORMAL
776580,2025-08-27,CLE,TB,Progressive Field,50,2,2.81,-0.81,-1.02,NORMAL
776581,2025-08-26,MIA,ATL,loanDepot park,64,2,2.87,-0.87,-0.95,NORMAL
776582,2025-08-26,TOR,MIN,Rogers Centre,56,5,4.3,0.7,0.9,NORMAL
776583,2025-08-26,CWS,KC,Rate Field,50,1,0.57,0.43,0.67,NORMAL
776584,2025-08-26,CLE,TB,Progressive Field,40,0,0.48,-0.48,-0.84,NORMAL
776585,2025-08-26,NYM,PHI,Citi Field,47,1,1.09,-0.09,-0.21,NORMAL
776586,2025-08-26,MIL,AZ,American Family Field,56,3,3.48,-0.48,-0.43,NORMAL
776587,2025-08-26,HOU,COL,Daikin Park,47,2,1.66,0.34,0.44,NORMAL
776588,2025-08-26,NYY,WSH,Yankee Stadium,44,1,3.07,-2.07,-2.4,DEAD
776589,2025-08-25,STL,PIT,Busch Stadium,51,3,2.48,0.52,0.8,NORMAL
776590,2025-08-25,ATH,DET,Sutter Health Park,46,4,3.06,0.94,1.28,NORMAL
776591,2025-08-26,BAL,BOS,Oriole Park at Camden Yards,47,2,2.01,-0.01,-0.01,NORMAL
776592,2025-08-25,TEX,LAA,Globe Life Field,41,2,1.7,0.3,0.39,NORMAL
776593,2025-08-25,MIL,AZ,American Family Field,46,3,2.49,0.51,0.58,NORMAL
776594,2025-08-25,LAD,CIN,Dodger Stadium,44,3,2.36,0.64,0.59,NORMAL
776595,2025-08-25,SEA,SD,T-Mobile Park,52,6,3.36,2.64,2.84,JUICED
776596,2025-08-25,TOR,MIN,Rogers Centre,51,4,3.92,0.08,0.1,NORMAL
776597,2025-08-25,NYY,WSH,Yankee Stadium,46,4,2.35,1.65,1.7,NORMAL
776598,2025-08-25,NYM,PHI,Citi Field,56,1,1.28,-0.28,-0.32,NORMAL
776599,2025-08-25,CWS,KC,Rate Field,59,2,2.0,0.0,0.0,NORMAL
776600,2025-08-25,MIA,ATL,loanDepot park,39,2,1.44,0.56,0.66,NORMAL
776601,2025-08-25,CLE,TB,Progressive Field,52,3,2.93,0.07,0.06,NORMAL
776602,2025-08-24,SEA,ATH,T-Mobile Park,46,3,2.52,0.48,0.67,NORMAL
776603,2025-08-24,SD,LAD,Petco Park,50,5,5.18,-0.18,-0.18,NORMAL
776604,2025-08-25,BAL,BOS,Oriole Park at Camden Yards,42,3,1.65,1.35,1.89,NORMAL
776605,2025-08-24,LAA,CHC,Angel Stadium,56,1,0.44,0.56,1.06,NORMAL
776606,2025-08-24,TB,STL,George M. Steinbrenner Field,46,2,1.78,0.22,0.29,NORMAL
776607,2025-08-24,CWS,MIN,Rate Field,54,1,1.2,-0.2,-0.45,NORMAL
776608,2025-08-24,MIL,SF,American Family Field,53,2,1.25,0.75,0.8,NORMAL
776609,2025-08-24,AZ,CIN,Chase Field,48,1,1.11,-0.11,-0.16,NORMAL
776610,2025-08-24,PIT,COL,PNC Park,47,1,1.93,-0.93,-1.0,NORMAL
776611,2025-08-24,TEX,CLE,Globe Life Field,43,2,2.36,-0.36,-0.56,NORMAL
776612,2025-08-24,BAL,HOU,Oriole Park at Camden Yards,46,2,2.51,-0.51,-0.75,NORMAL
776613,2025-08-24,PHI,WSH,Citizens Bank Park,42,1,1.06,-0.06,-0.18,NORMAL
776614,2025-08-24,MIA,TOR,loanDepot park,50,2,1.95,0.05,0.11,NORMAL
776615,2025-08-24,DET,KC,Comerica Park,59,5,3.66,1.34,1.24,NORMAL
776616,2025-08-24,NYY,BOS,Yankee Stadium,43,4,4.04,-0.04,-0.04,NORMAL
776617,2025-08-23,SD,LAD,Petco Park,44,1,1.55,-0.55,-0.61,NORMAL
776618,2025-08-23,LAA,CHC,Angel Stadium,54,4,3.37,0.63,0.59,NORMAL
776619,2025-08-23,CWS,MIN,Rate Field,49,5,3.33,1.67,1.85,NORMAL
776620,2025-08-23,SEA,ATH,T-Mobile Park,54,1,2.31,-1.31,-1.24,NORMAL
776621,2025-08-23,MIL,SF,American Family Field,53,1,0.23,0.77,1.7,NORMAL
776622,2025-08-23,AZ,CIN,Chase Field,51,3,2.89,0.11,0.1,NORMAL
776623,2025-08-23,TEX,CLE,Globe Life Field,50,3,2.76,0.24,0.22,NORMAL
776624,2025-08-24,ATL,NYM,Truist Park,49,1,1.28,-0.28,-0.4,NORMAL
776625,2025-08-23,DET,KC,Comerica Park,51,3,1.81,1.19,1.6,NORMAL
776626,2025-08-23,ATL,NYM,Truist Park,57,6,4.36,1.64,1.4,NORMAL
776627,2025-08-23,NYY,BOS,Yankee Stadium,55,3,2.47,0.53,0.46,NORMAL
776628,2025-08-23,PHI,WSH,Citizens Bank Park,50,4,1.96,2.04,2.11,JUICED
776629,2025-08-23,BAL,HOU,Oriole Park at Camden Yards,58,6,5.59,0.41,0.48,NORMAL
776630,2025-08-23,MIA,TOR,loanDepot park,73,1,2.73,-1.73,-1.48,NORMAL
776631,2025-08-21,TB,STL,George M. Steinbrenner Field,53,2,1.8,0.2,0.23,NORMAL
776632,2025-08-23,PIT,COL,PNC Park,42,3,1.31,1.69,2.73,JUICED
776633,2025-08-22,TB,STL,George M. Steinbrenner Field,62,6,4.77,1.23,1.06,NORMAL
776634,2025-08-22,MIL,SF,American Family Field,47,4,2.54,1.46,1.45,NORMAL
776635,2025-08-22,AZ,CIN,Chase Field,55,1,2.09,-1.09,-1.25,NORMAL
776636,2025-08-22,SD,LAD,Petco Park,43,1,3.12,-2.12,-3.19,DEAD
776637,2025-08-22,PIT,COL,PNC Park,50,3,4.17,-1.17,-0.97,NORMAL
776638,2025-08-22,SEA,ATH,T-Mobile Park,40,4,3.39,0.61,0.56,NORMAL
776639,2025-08-22,CWS,MIN,Rate Field,59,2,1.64,0.36,0.42,NORMAL
776640,2025-08-22,LAA,CHC,Angel Stadium,42,4,4.35,-0.35,-0.33,NORMAL
776641,2025-08-22,TEX,CLE,Globe Life Field,47,2,1.87,0.13,0.14,NORMAL
776642,2025-08-21,SD,SF,Petco Park,49,2,1.87,0.13,0.28,NORMAL
776643,2025-08-22,BAL,HOU,Oriole Park at Camden Yards,56,4,2.87,1.13,1.03,NORMAL
776644,2025-08-21,COL,LAD,Coors Field,55,3,2.79,0.21,0.17,NORMAL
776645,2025-08-22,ATL,NYM,Truist Park,70,2,1.35,0.65,0.67,NORMAL
776646,2025-08-22,MIA,TOR,loanDepot park,50,3,2.36,0.64,0.71,NORMAL
776647,2025-08-22,NYY,BOS,Yankee Stadium,43,0,0.97,-0.97,-1.28,NORMAL
776648,2025-08-22,PHI,WSH,Citizens Bank Park,48,3,2.67,0.33,0.46,NORMAL
776649,2025-08-22,DET,KC,Comerica Park,62,3,4.23,-1.23,-1.09,NORMAL
776650,2025-08-21,WSH,NYM,Nationals Park,42,3,3.73,-0.73,-0.65,NORMAL
776651,2025-08-21,CHC,MIL,Wrigley Field,47,1,1.86,-0.86,-0.94,NORMAL
776652,2025-08-20,LAA,CIN,Angel Stadium,44,1,0.32,0.68,1.28,NORMAL
776653,2025-08-21,MIN,ATH,Target Field,57,1,3.9,-2.9,-2.18,DEAD
776654,2025-08-21,NYY,BOS,Yankee Stadium,62,2,2.85,-0.85,-1.34,NORMAL
776655,2025-08-21,BAL,HOU,Oriole Park at Camden Yards,66,3,3.05,-0.05,-0.05,NORMAL
776656,2025-08-20,SD,SF,Petco Park,51,5,3.09,1.91,1.79,NORMAL
776657,2025-08-21,KC,TEX,Kauffman Stadium,51,2,3.39,-1.39,-1.4,NORMAL
776658,2025-08-20,AZ,CLE,Chase Field,53,1,1.3,-0.3,-0.47,NORMAL
776659,2025-08-20,WSH,NYM,Nationals Park,54,2,1.9,0.1,0.2,NORMAL
776660,2025-08-20,COL,LAD,Coors Field,60,1,0.7,0.3,0.41,NORMAL
776661,2025-08-20,PIT,TOR,PNC Park,39,1,0.16,0.84,2.21,JUICED
776662,2025-08-20,PHI,SEA,Citizens Bank Park,52,4,3.07,0.93,0.92,NORMAL
776663,2025-08-20,CHC,MIL,Wrigley Field,42,1,2.31,-1.31,-1.46,NORMAL
776664,2025-08-20,TB,NYY,George M. Steinbrenner Field,44,6,2.56,3.44,4.22,JUICED
776665,2025-08-20,MIN,ATH,Target Field,55,2,1.19,0.81,0.88,NORMAL
776666,2025-08-20,KC,TEX,Kauffman Stadium,56,2,2.24,-0.24,-0.35,NORMAL
776667,2025-08-19,SD,SF,Petco Park,45,1,1.17,-0.17,-0.21,NORMAL
776668,2025-08-19,LAA,CIN,Angel Stadium,47,3,1.82,1.18,1.6,NORMAL
776669,2025-08-20,ATL,CWS,Truist Park,41,0,0.81,-0.81,-1.44,NORMAL
776670,2025-08-20,MIA,STL,loanDepot park,44,2,1.72,0.28,0.37,NORMAL
776671,2025-08-19,COL,LAD,Coors Field,66,4,3.45,0.55,0.62,NORMAL
776672,2025-08-19,AZ,CLE,Chase Field,56,2,2.57,-0.57,-0.52,NORMAL
776673,2025-08-20,DET,HOU,Comerica Park,47,1,1.39,-0.39,-0.42,NORMAL
776674,2025-08-19,MIN,ATH,Target Field,51,3,1.56,1.44,1.95,NORMAL
776675,2025-08-19,KC,TEX,Kauffman Stadium,47,5,3.79,1.21,1.1,NORMAL
776676,2025-08-19,CHC,MIL,Wrigley Field,53,0,0.74,-0.74,-1.01,NORMAL
776677,2025-08-19,TB,NYY,George M. Steinbrenner Field,60,9,5.02,3.98,3.17,JUICED
776678,2025-08-19,WSH,NYM,Nationals Park,51,4,4.5,-0.5,-0.47,NORMAL
776679,2025-08-19,PIT,TOR,PNC Park,52,2,1.65,0.35,0.43,NORMAL
776680,2025-08-19,PHI,SEA,Citizens Bank Park,44,3,4.22,-1.22,-1.07,NORMAL
776681,2025-08-18,LAA,CIN,Angel Stadium,53,1,1.75,-0.75,-0.87,NORMAL
776682,2025-08-18,AZ,CLE,Chase Field,52,2,2.1,-0.1,-0.11,NORMAL
776683,2025-08-18,SD,SF,Petco Park,50,4,3.25,0.75,0.72,NORMAL
776684,2025-08-19,BOS,BAL,Fenway Park,58,1,1.36,-0.36,-0.38,NORMAL
776685,2025-08-19,DET,HOU,Comerica Park,42,0,0.79,-0.79,-1.11,NORMAL
776686,2025-08-19,MIA,STL,loanDepot park,53,0,1.01,-1.01,-1.07,NORMAL
776687,2025-08-19,ATL,CWS,Truist Park,63,3,1.96,1.04,1.19,NORMAL
776688,2025-08-18,MIA,STL,loanDepot park,54,2,1.22,0.78,0.84,NORMAL
776689,2025-08-18,PHI,SEA,Citizens Bank Park,64,6,5.6,0.4,0.5,NORMAL
776690,2025-08-18,KC,TEX,Kauffman Stadium,51,3,1.11,1.89,2.96,JUICED
776691,2025-08-19,CHC,MIL,Wrigley Field,46,3,3.43,-0.43,-0.36,NORMAL
776692,2025-08-18,DET,HOU,Comerica Park,45,4,2.43,1.57,1.55,NORMAL
776693,2025-08-18,COL,LAD,Coors Field,47,1,0.41,0.59,1.01,NORMAL
776694,2025-08-18,PIT,TOR,PNC Park,42,0,0.77,-0.77,-1.39,NORMAL
776695,2025-08-18,BOS,BAL,Fenway Park,52,1,1.81,-0.81,-0.75,NORMAL
776696,2025-08-18,ATL,CWS,Truist Park,71,7,4.2,2.8,2.33,JUICED
776697,2025-08-17,LAD,SD,Dodger Stadium,42,4,2.98,1.02,1.09,NORMAL
776698,2025-08-17,STL,NYY,Busch Stadium,59,1,1.96,-0.96,-1.01,NORMAL
776699,2025-08-17,ATH,LAA,Sutter Health Park,58,4,3.79,0.21,0.33,NORMAL
776700,2025-08-17,MIN,DET,Target Field,42,3,1.68,1.32,1.25,NORMAL
776701,2025-08-17,COL,AZ,Coors Field,60,2,1.41,0.59,0.92,NORMAL
776702,2025-08-17,KC,CWS,Kauffman Stadium,51,3,3.14,-0.14,-0.14,NORMAL
776703,2025-08-17,SF,TB,Oracle Park,46,2,2.3,-0.3,-0.36,NORMAL
776704,2025-08-17,CHC,PIT,Wrigley Field,53,0,2.29,-2.29,-2.26,DEAD
776705,2025-08-17,HOU,BAL,Daikin Park,56,1,0.92,0.08,0.1,NORMAL
776706,2025-08-17,CLE,ATL,Progressive Field,53,1,0.36,0.64,1.09,NORMAL
776707,2025-08-17,NYM,SEA,Journey Bank Ballpark,55,2,1.61,0.39,0.43,NORMAL
776708,2025-08-17,WSH,PHI,Nationals Park,63,3,2.67,0.33,0.35,NORMAL
776709,2025-08-17,CIN,MIL,Great American Ball Park,55,1,1.23,-0.23,-0.29,NORMAL
776710,2025-08-17,TOR,TEX,Rogers Centre,61,7,5.49,1.51,1.4,NORMAL
776711,2025-08-16,SF,TB,Oracle Park,44,0,0.81,-0.81,-1.25,NORMAL
776712,2025-08-16,KC,CWS,Kauffman Stadium,48,2,1.87,0.13,0.15,NORMAL
776713,2025-08-16,STL,NYY,Busch Stadium,54,6,4.5,1.5,1.21,NORMAL
776714,2025-08-17,BOS,MIA,Fenway Park,53,4,1.77,2.23,2.21,JUICED
776715,2025-08-16,COL,AZ,Coors Field,55,3,2.81,0.19,0.16,NORMAL
776716,2025-08-16,MIN,DET,Target Field,50,1,1.83,-0.83,-0.89,NORMAL
776717,2025-08-16,LAD,SD,Dodger Stadium,49,1,0.46,0.54,0.85,NORMAL
776718,2025-08-16,ATH,LAA,Sutter Health Park,47,2,2.21,-0.21,-0.23,NORMAL
776719,2025-08-16,CHC,PIT,Wrigley Field,46,1,1.53,-0.53,-0.79,NORMAL
776720,2025-08-16,CLE,ATL,Progressive Field,59,2,2.94,-0.94,-0.96,NORMAL
776721,2025-08-16,CIN,MIL,Great American Ball Park,61,4,3.07,0.93,1.01,NORMAL
776722,2025-08-16,HOU,BAL,Daikin Park,53,3,3.16,-0.16,-0.15,NORMAL
776723,2025-08-16,TOR,TEX,Rogers Centre,61,4,3.15,0.85,0.75,NORMAL
776724,2025-08-16,BOS,MIA,Fenway Park,60,3,3.23,-0.23,-0.2,NORMAL
776725,2025-08-16,WSH,PHI,Nationals Park,50,0,0.99,-0.99,-1.28,NORMAL
776726,2025-08-16,NYM,SEA,Citi Field,41,1,1.11,-0.11,-0.24,NORMAL
776727,2025-08-15,LAD,SD,Dodger Stadium,40,2,1.05,0.95,1.46,NORMAL
776728,2025-08-15,KC,CWS,Kauffman Stadium,48,2,2.51,-0.51,-0.55,NORMAL
776729,2025-08-15,SF,TB,Oracle Park,53,2,1.23,0.77,0.87,NORMAL
776730,2025-08-15,COL,AZ,Coors Field,45,1,1.5,-0.5,-0.86,NORMAL
776731,2025-08-15,STL,NYY,Busch Stadium,40,1,1.02,-0.02,-0.04,NORMAL
776732,2025-08-15,MIN,DET,Target Field,51,0,1.15,-1.15,-1.33,NORMAL
776733,2025-08-15,HOU,BAL,Daikin Park,54,2,0.92,1.08,1.29,NORMAL
776734,2025-08-15,ATH,LAA,Sutter Health Park,51,4,4.0,-0.0,-0.0,NORMAL
776735,2025-08-15,TOR,TEX,Rogers Centre,44,3,2.46,0.54,0.53,NORMAL
776736,2025-08-15,NYM,SEA,Citi Field,61,6,4.72,1.28,0.98,NORMAL
776737,2025-08-15,CHC,PIT,Wrigley Field,49,1,0.85,0.15,0.19,NORMAL
776738,2025-08-15,CLE,ATL,Progressive Field,42,0,0.8,-0.8,-1.3,NORMAL
776739,2025-08-15,WSH,PHI,Nationals Park,46,3,2.1,0.9,1.05,NORMAL
776740,2025-08-15,CIN,MIL,Great American Ball Park,57,3,1.26,1.74,2.55,JUICED
776741,2025-08-15,BOS,MIA,Fenway Park,47,0,0.75,-0.75,-1.13,NORMAL
776742,2025-08-14,COL,AZ,Coors Field,58,4,2.71,1.29,1.21,NORMAL
776743,2025-08-14,WSH,PHI,Nationals Park,48,1,0.87,0.13,0.17,NORMAL
776744,2025-08-14,MIN,DET,Target Field,63,2,2.54,-0.54,-0.78,NORMAL
776745,2025-08-14,CLE,MIA,Progressive Field,55,0,1.34,-1.34,-1.54,NORMAL
776746,2025-08-13,TEX,AZ,Globe Life Field,59,4,3.38,0.62,0.71,NORMAL
776747,2025-08-14,TOR,CHC,Rogers Centre,44,2,4.1,-2.1,-1.98,NORMAL
776748,2025-08-14,NYM,ATL,Citi Field,51,2,1.32,0.68,0.93,NORMAL
776749,2025-08-13,SF,SD,Oracle Park,60,1,1.82,-0.82,-1.12,NORMAL
776750,2025-08-14,BAL,SEA,Oriole Park at Camden Yards,52,1,1.27,-0.27,-0.3,NORMAL
776751,2025-08-13,ATH,TB,Sutter Health Park,46,3,1.29,1.71,2.59,JUICED
776752,2025-08-13,LAA,LAD,Angel Stadium,45,2,2.07,-0.07,-0.08,NORMAL
776753,2025-08-13,HOU,BOS,Daikin Park,49,2,1.65,0.35,0.49,NORMAL
776754,2025-08-13,CWS,DET,Rate Field,42,0,0.88,-0.88,-1.06,NORMAL
776755,2025-08-13,MIL,PIT,American Family Field,57,2,1.78,0.22,0.25,NORMAL
776756,2025-08-13,NYM,ATL,Citi Field,51,3,1.78,1.22,1.37,NORMAL
776757,2025-08-13,TOR,CHC,Rogers Centre,46,2,1.83,0.17,0.19,NORMAL
776758,2025-08-13,STL,COL,Busch Stadium,61,4,4.54,-0.54,-0.46,NORMAL
776759,2025-08-13,KC,WSH,Kauffman Stadium,61,3,3.01,-0.01,-0.01,NORMAL
776760,2025-08-13,NYY,MIN,Yankee Stadium,47,1,2.24,-1.24,-1.5,NORMAL
776761,2025-08-13,BAL,SEA,Oriole Park at Camden Yards,51,1,0.78,0.22,0.29,NORMAL
776762,2025-08-12,ATH,TB,Sutter Health Park,43,0,0.32,-0.32,-0.61,NORMAL
776763,2025-08-12,LAA,LAD,Angel Stadium,55,3,2.6,0.4,0.51,NORMAL
776764,2025-08-12,TEX,AZ,Globe Life Field,50,2,4.03,-2.03,-1.71,NORMAL
776765,2025-08-13,CIN,PHI,Great American Ball Park,43,1,0.42,0.58,0.95,NORMAL
776766,2025-08-13,CLE,MIA,Progressive Field,56,6,4.98,1.02,0.93,NORMAL
776767,2025-08-12,SF,SD,Oracle Park,57,2,1.64,0.36,0.37,NORMAL
776768,2025-08-12,TOR,CHC,Rogers Centre,54,2,2.47,-0.47,-0.42,NORMAL
776769,2025-08-12,HOU,BOS,Daikin Park,61,3,2.82,0.18,0.18,NORMAL
776770,2025-08-12,KC,WSH,Kauffman Stadium,56,2,3.98,-1.98,-1.81,NORMAL
776771,2025-08-12,MIL,PIT,American Family Field,56,5,3.63,1.37,1.18,NORMAL
776772,2025-08-12,NYM,ATL,Citi Field,60,6,5.3,0.7,0.5,NORMAL
776773,2025-08-12,CWS,DET,Rate Field,53,3,4.22,-1.22,-0.98,NORMAL
776774,2025-08-12,NYY,MIN,Yankee Stadium,49,3,3.14,-0.14,-0.17,NORMAL
776775,2025-08-12,STL,COL,Busch Stadium,45,1,1.65,-0.65,-0.92,NORMAL
776776,2025-08-12,BAL,SEA,Oriole Park at Camden Yards,46,0,0.7,-0.7,-0.96,NORMAL
776777,2025-08-12,CIN,PHI,Great American Ball Park,50,2,2.2,-0.2,-0.29,NORMAL
776778,2025-08-12,CLE,MIA,Progressive Field,50,3,1.66,1.34,1.36,NORMAL
776779,2025-08-11,LAA,LAD,Angel Stadium,45,4,2.53,1.47,1.33,NORMAL
776780,2025-08-11,SF,SD,Oracle Park,53,2,0.83,1.17,1.64,NORMAL
776781,2025-08-11,CWS,DET,Rate Field,43,2,2.15,-0.15,-0.29,NORMAL
776782,2025-08-11,HOU,BOS,Daikin Park,53,5,4.97,0.03,0.03,NORMAL
776783,2025-08-11,STL,COL,Busch Stadium,53,0,0.35,-0.35,-0.65,NORMAL
776784,2025-08-11,KC,WSH,Kauffman Stadium,53,4,2.46,1.54,1.59,NORMAL
776785,2025-08-11,TEX,AZ,Globe Life Field,62,6,6.08,-0.08,-0.07,NORMAL
776786,2025-08-11,MIL,PIT,American Family Field,49,3,2.21,0.79,0.97,NORMAL
776787,2025-08-11,ATH,TB,Sutter Health Park,59,5,3.55,1.45,1.16,NORMAL
776788,2025-08-10,LAD,TOR,Dodger Stadium,44,5,3.32,1.68,1.55,NORMAL
776789,2025-08-10,SD,BOS,Petco Park,39,0,0.13,-0.13,-0.37,NORMAL
776790,2025-08-11,NYY,MIN,Yankee Stadium,41,6,4.75,1.25,1.21,NORMAL
776791,2025-08-10,SEA,TB,T-Mobile Park,44,3,1.8,1.2,1.46,NORMAL
776792,2025-08-11,CIN,PHI,Great American Ball Park,57,1,1.31,-0.31,-0.5,NORMAL
776793,2025-08-10,SF,WSH,Oracle Park,50,1,1.36,-0.36,-0.57,NORMAL
776794,2025-08-10,AZ,COL,Chase Field,64,2,2.5,-0.5,-0.52,NORMAL
776795,2025-08-10,STL,CHC,Busch Stadium,42,2,1.42,0.58,0.93,NORMAL
776796,2025-08-10,MIN,KC,Target Field,58,3,1.66,1.34,1.25,NORMAL
776797,2025-08-10,NYY,HOU,Yankee Stadium,50,2,5.0,-3.0,-2.36,DEAD
776798,2025-08-10,CWS,CLE,Rate Field,59,4,3.78,0.22,0.25,NORMAL
776799,2025-08-10,MIL,NYM,American Family Field,56,5,1.74,3.26,3.28,JUICED
776800,2025-08-10,TEX,PHI,Globe Life Field,53,2,2.34,-0.34,-0.41,NORMAL
776801,2025-08-10,PIT,CIN,PNC Park,65,3,3.62,-0.62,-0.59,NORMAL
776802,2025-08-09,SF,WSH,Oracle Park,54,4,3.28,0.72,0.59,NORMAL
776803,2025-08-10,ATL,MIA,Truist Park,55,3,5.13,-2.13,-1.96,NORMAL
776804,2025-08-10,BAL,ATH,Oriole Park at Camden Yards,39,1,1.42,-0.42,-0.64,NORMAL
776805,2025-08-09,SEA,TB,T-Mobile Park,43,5,3.6,1.4,1.14,NORMAL
776806,2025-08-10,DET,LAA,Comerica Park,54,4,4.68,-0.68,-0.64,NORMAL
776807,2025-08-09,SD,BOS,Petco Park,53,1,0.44,0.56,0.91,NORMAL
776808,2025-08-09,LAD,TOR,Dodger Stadium,45,3,2.86,0.14,0.12,NORMAL
776809,2025-08-09,AZ,COL,Chase Field,57,2,3.18,-1.18,-1.2,NORMAL
776810,2025-08-09,TEX,PHI,Globe Life Field,48,1,0.98,0.02,0.03,NORMAL
776811,2025-08-09,BAL,ATH,Oriole Park at Camden Yards,55,3,2.95,0.05,0.05,NORMAL
776812,2025-08-09,PIT,CIN,PNC Park,48,0,0.22,-0.22,-0.49,NORMAL
776813,2025-08-09,DET,LAA,Comerica Park,44,3,2.37,0.63,0.69,NORMAL
776814,2025-08-09,CWS,CLE,Rate Field,46,2,1.89,0.11,0.14,NORMAL
776815,2025-08-09,NYY,HOU,Yankee Stadium,51,2,2.27,-0.27,-0.46,NORMAL
776816,2025-08-09,MIN,KC,Target Field,54,0,0.22,-0.22,-0.51,NORMAL
776817,2025-08-09,MIL,NYM,American Family Field,48,5,2.49,2.51,3.03,JUICED
776818,2025-08-09,STL,CHC,Busch Stadium,57,2,1.9,0.1,0.14,NORMAL
776819,2025-08-09,ATL,MIA,Truist Park,53,2,2.87,-0.87,-1.07,NORMAL
776820,2025-08-08,SD,BOS,Petco Park,59,2,2.18,-0.18,-0.22,NORMAL
776821,2025-08-08,TEX,PHI,Globe Life Field,54,3,3.06,-0.06,-0.08,NORMAL
776822,2025-08-08,SF,WSH,Oracle Park,53,2,2.11,-0.11,-0.11,NORMAL
776823,2025-08-08,LAD,TOR,Dodger Stadium,51,1,1.3,-0.3,-0.33,NORMAL
776824,2025-08-08,SEA,TB,T-Mobile Park,48,3,2.91,0.09,0.08,NORMAL
776825,2025-08-08,AZ,COL,Chase Field,47,2,1.23,0.77,1.17,NORMAL
776826,2025-08-08,STL,CHC,Busch Stadium,57,1,1.36,-0.36,-0.48,NORMAL
776827,2025-08-08,MIN,KC,Target Field,60,4,3.55,0.45,0.52,NORMAL
776828,2025-08-08,MIL,NYM,American Family Field,43,3,2.08,0.92,2.22,JUICED
776829,2025-08-08,PIT,CIN,PNC Park,40,0,0.3,-0.3,-0.6,NORMAL
776830,2025-08-07,SEA,CWS,T-Mobile Park,51,3,2.68,0.32,0.27,NORMAL
776831,2025-08-08,BAL,ATH,Oriole Park at Camden Yards,44,2,3.06,-1.06,-0.97,NORMAL
776832,2025-08-08,DET,LAA,Comerica Park,45,5,4.36,0.64,0.62,NORMAL
776833,2025-08-08,CWS,CLE,Rate Field,51,1,2.05,-1.05,-1.21,NORMAL
776834,2025-08-08,ATL,MIA,Truist Park,47,2,2.07,-0.07,-0.11,NORMAL
776835,2025-08-08,NYY,HOU,Yankee Stadium,58,2,2.35,-0.35,-0.43,NORMAL
776836,2025-08-06,COL,TOR,Coors Field,65,5,4.95,0.05,0.04,NORMAL
776837,2025-08-07,WSH,ATH,Nationals Park,45,2,2.58,-0.58,-0.67,NORMAL
776838,2025-08-06,AZ,SD,Chase Field,48,3,2.36,0.64,0.71,NORMAL
776839,2025-08-06,LAD,STL,Dodger Stadium,53,1,1.62,-0.62,-0.82,NORMAL
776840,2025-08-07,PIT,CIN,PNC Park,53,2,1.71,0.29,0.28,NORMAL
776841,2025-08-06,SEA,CWS,T-Mobile Park,44,5,3.84,1.16,1.22,NORMAL
776842,2025-08-07,ATL,MIA,Truist Park,60,4,2.94,1.06,1.03,NORMAL
776843,2025-08-06,LAA,TB,Angel Stadium,41,5,4.47,0.53,0.58,NORMAL
776844,2025-08-06,PIT,SF,PNC Park,53,1,1.58,-0.58,-0.84,NORMAL
776845,2025-08-06,TEX,NYY,Globe Life Field,48,1,1.62,-0.62,-0.85,NORMAL
776846,2025-08-06,NYM,CLE,Citi Field,47,3,2.28,0.72,0.78,NORMAL
776847,2025-08-06,CHC,CIN,Wrigley Field,51,3,2.52,0.48,0.51,NORMAL
776848,2025-08-05,LAA,TB,Angel Stadium,44,2,1.48,0.52,0.92,NORMAL
776849,2025-08-06,MIA,HOU,loanDepot park,58,3,2.55,0.45,0.44,NORMAL
776850,2025-08-06,WSH,ATH,Nationals Park,40,2,0.75,1.25,1.62,NORMAL
776851,2025-08-06,PHI,BAL,Citizens Bank Park,54,1,1.12,-0.12,-0.26,NORMAL
776852,2025-08-05,AZ,SD,Chase Field,62,3,3.59,-0.59,-0.73,NORMAL
776853,2025-08-06,ATL,MIL,Truist Park,55,4,2.99,1.01,1.08,NORMAL
776854,2025-08-05,COL,TOR,Coors Field,62,6,3.46,2.54,2.04,JUICED
776855,2025-08-05,TEX,NYY,Globe Life Field,45,0,0.97,-0.97,-1.23,NORMAL
776856,2025-08-06,BOS,KC,Fenway Park,54,1,2.07,-1.07,-1.22,NORMAL
776857,2025-08-05,SEA,CWS,T-Mobile Park,48,6,5.54,0.46,0.35,NORMAL
776858,2025-08-05,LAD,STL,Dodger Stadium,62,6,5.75,0.25,0.25,NORMAL
776859,2025-08-06,DET,MIN,Comerica Park,60,6,4.54,1.46,1.3,NORMAL
776860,2025-08-05,CHC,CIN,Wrigley Field,48,2,2.43,-0.43,-0.42,NORMAL
776861,2025-08-05,DET,MIN,Comerica Park,58,2,2.31,-0.31,-0.31,NORMAL
776862,2025-08-05,MIA,HOU,loanDepot park,57,4,5.07,-1.07,-0.85,NORMAL
776863,2025-08-05,NYM,CLE,Citi Field,46,0,0.03,-0.03,-0.18,NORMAL
776864,2025-08-05,BOS,KC,Fenway Park,55,0,1.58,-1.58,-1.77,NORMAL
776865,2025-08-05,WSH,ATH,Nationals Park,68,5,3.07,1.93,1.72,NORMAL
776866,2025-08-05,PIT,SF,PNC Park,50,3,2.97,0.03,0.03,NORMAL
776867,2025-08-04,LAA,TB,Angel Stadium,47,1,1.99,-0.99,-1.23,NORMAL
776868,2025-08-05,PHI,BAL,Citizens Bank Park,45,2,2.7,-0.7,-0.73,NORMAL
776869,2025-08-05,ATL,MIL,Truist Park,52,1,1.02,-0.02,-0.05,NORMAL
776870,2025-08-04,LAD,STL,Dodger Stadium,46,3,1.59,1.41,1.79,NORMAL
776871,2025-08-04,TEX,NYY,Globe Life Field,57,4,2.89,1.11,1.39,NORMAL
776872,2025-08-04,COL,TOR,Coors Field,70,3,2.8,0.2,0.22,NORMAL
776873,2025-08-04,AZ,SD,Chase Field,55,2,2.04,-0.04,-0.05,NORMAL
776874,2025-08-04,DET,MIN,Comerica Park,44,6,4.61,1.39,1.4,NORMAL
776875,2025-08-04,MIA,HOU,loanDepot park,55,2,1.9,0.1,0.1,NORMAL
776876,2025-08-04,NYM,CLE,Citi Field,64,2,3.5,-1.5,-1.21,NORMAL
776877,2025-08-04,PHI,BAL,Citizens Bank Park,47,8,5.79,2.21,2.19,JUICED
776878,2025-08-04,CHC,CIN,Wrigley Field,44,2,1.72,0.28,0.43,NORMAL
776879,2025-08-04,PIT,SF,PNC Park,47,1,0.97,0.03,0.04,NORMAL
776880,2025-08-04,BOS,KC,Fenway Park,56,3,3.13,-0.13,-0.11,NORMAL
776881,2025-08-03,ATH,AZ,Sutter Health Park,54,2,1.76,0.24,0.44,NORMAL
776882,2025-08-04,ATL,MIL,Truist Park,50,2,2.13,-0.13,-0.12,NORMAL
776883,2025-08-03,SEA,TEX,T-Mobile Park,45,5,4.27,0.73,0.6,NORMAL
776884,2025-08-03,SD,STL,Petco Park,43,2,2.09,-0.09,-0.12,NORMAL
776885,2025-08-03,LAA,CWS,Angel Stadium,57,3,3.24,-0.24,-0.28,NORMAL
776886,2025-08-03,COL,PIT,Coors Field,58,6,3.89,2.11,1.87,NORMAL
776887,2025-08-03,NYM,SF,Citi Field,56,3,2.8,0.2,0.18,NORMAL
776888,2025-08-03,CHC,BAL,Wrigley Field,50,1,2.91,-1.91,-2.09,DEAD
776889,2025-08-03,TB,LAD,George M. Steinbrenner Field,56,0,0.94,-0.94,-1.11,NORMAL
776890,2025-08-03,PHI,DET,Citizens Bank Park,45,1,0.97,0.03,0.08,NORMAL
776891,2025-08-03,MIA,NYY,loanDepot park,43,3,2.84,0.16,0.18,NORMAL
776892,2025-08-03,CLE,MIN,Progressive Field,50,1,2.04,-1.04,-1.11,NORMAL
776893,2025-08-03,TOR,KC,Rogers Centre,57,0,0.06,-0.06,-0.25,NORMAL
776894,2025-08-03,WSH,MIL,Nationals Park,55,2,2.25,-0.25,-0.26,NORMAL
776895,2025-08-03,BOS,HOU,Fenway Park,51,1,1.52,-0.52,-0.84,NORMAL
776896,2025-08-02,SD,STL,Petco Park,57,2,2.03,-0.03,-0.03,NORMAL
776897,2025-08-02,SEA,TEX,T-Mobile Park,61,2,2.19,-0.19,-0.2,NORMAL
776898,2025-08-02,LAA,CWS,Angel Stadium,42,0,0.16,-0.16,-0.41,NORMAL
776899,2025-08-02,ATH,AZ,Sutter Health Park,57,3,2.01,0.99,1.35,NORMAL
776900,2025-08-02,TOR,KC,Rogers Centre,55,1,2.05,-1.05,-1.14,NORMAL
776901,2025-08-02,TB,LAD,George M. Steinbrenner Field,39,3,0.77,2.23,3.77,JUICED
776902,2025-08-02,CHC,BAL,Wrigley Field,49,1,1.86,-0.86,-1.04,NORMAL
776903,2025-08-02,WSH,MIL,Nationals Park,55,2,2.46,-0.46,-0.49,NORMAL
776904,2025-08-02,COL,PIT,Coors Field,51,5,2.79,2.21,1.89,NORMAL
776905,2025-08-02,CLE,MIN,Progressive Field,49,3,3.59,-0.59,-0.66,NORMAL
776906,2025-08-01,SD,STL,Petco Park,51,1,2.04,-1.04,-1.13,NORMAL
776907,2025-08-02,CIN,ATL,Bristol Motor Speedway,44,2,3.36,-1.36,-1.66,NORMAL
776908,2025-08-01,SEA,TEX,T-Mobile Park,43,1,1.72,-0.72,-0.77,NORMAL
776909,2025-08-02,BOS,HOU,Fenway Park,54,4,2.99,1.01,1.11,NORMAL
776910,2025-08-02,MIA,NYY,loanDepot park,36,2,2.25,-0.25,-0.26,NORMAL
776911,2025-08-02,NYM,SF,Citi Field,58,3,3.19,-0.19,-0.2,NORMAL
776912,2025-08-02,PHI,DET,Citizens Bank Park,48,6,3.59,2.41,2.09,JUICED
776913,2025-08-01,PHI,DET,Citizens Bank Park,48,2,1.77,0.23,0.3,NORMAL
776914,2025-08-01,ATH,AZ,Sutter Health Park,58,1,0.27,0.73,1.46,NORMAL
776915,2025-08-01,CHC,BAL,Wrigley Field,40,0,2.64,-2.64,-2.32,DEAD
776916,2025-08-01,LAA,CWS,Angel Stadium,48,5,3.82,1.18,1.18,NORMAL
776917,2025-08-01,WSH,MIL,Nationals Park,81,5,4.39,0.61,0.4,NORMAL
776918,2025-08-01,TB,LAD,George M. Steinbrenner Field,47,1,1.98,-0.98,-1.86,NORMAL
776919,2025-08-01,COL,PIT,Coors Field,74,6,6.32,-0.32,-0.21,NORMAL
776920,2025-08-01,TOR,KC,Rogers Centre,58,6,5.38,0.62,0.53,NORMAL
776921,2025-08-01,CIN,ATL,Great American Ball Park,40,1,1.07,-0.07,-0.09,NORMAL
776922,2025-08-01,BOS,HOU,Fenway Park,56,1,1.35,-0.35,-0.4,NORMAL
776923,2025-07-31,SEA,TEX,T-Mobile Park,47,2,1.27,0.73,1.42,NORMAL
776924,2025-08-01,CLE,MIN,Progressive Field,51,0,0.68,-0.68,-0.97,NORMAL
776925,2025-08-01,MIA,NYY,loanDepot park,58,6,4.54,1.46,1.22,NORMAL
776926,2025-08-01,NYM,SF,Citi Field,57,1,1.13,-0.13,-0.21,NORMAL
776927,2025-07-31,NYY,TB,Yankee Stadium,47,2,3.77,-1.77,-2.04,DEAD
776928,2025-07-31,CIN,ATL,Great American Ball Park,77,3,0.96,2.04,2.34,JUICED
776929,2025-07-30,MIL,CHC,American Family Field,53,4,3.23,0.77,0.79,NORMAL
776930,2025-07-30,ATH,SEA,Sutter Health Park,47,7,4.25,2.75,2.23,JUICED
776931,2025-07-30,SD,NYM,Petco Park,46,1,1.15,-0.15,-0.28,NORMAL
776932,2025-07-30,LAA,TEX,Angel Stadium,54,2,1.65,0.35,0.37,NORMAL
776933,2025-07-30,SF,PIT,Oracle Park,48,0,0.19,-0.19,-0.47,NORMAL
776934,2025-07-30,STL,MIA,Busch Stadium,48,1,1.58,-0.58,-0.84,NORMAL
776935,2025-07-30,MIN,BOS,Target Field,58,5,4.16,0.84,0.82,NORMAL
776936,2025-07-30,KC,ATL,Kauffman Stadium,44,0,0.14,-0.14,-0.39,NORMAL
776937,2025-07-30,HOU,WSH,Daikin Park,48,3,2.17,0.83,1.31,NORMAL
776938,2025-07-30,NYY,TB,Yankee Stadium,61,3,3.28,-0.28,-0.26,NORMAL
776939,2025-07-30,CWS,PHI,Rate Field,64,5,4.95,0.05,0.03,NORMAL
776940,2025-07-30,DET,AZ,Comerica Park,51,3,2.35,0.65,0.68,NORMAL
776941,2025-07-30,CIN,LAD,Great American Ball Park,45,1,1.03,-0.03,-0.05,NORMAL
776942,2025-07-30,CLE,COL,Progressive Field,45,1,0.78,0.22,0.3,NORMAL
776943,2025-07-29,SF,PIT,Oracle Park,51,2,2.01,-0.01,-0.02,NORMAL
776944,2025-07-29,ATH,SEA,Sutter Health Park,45,2,1.42,0.58,0.98,NORMAL
776945,2025-07-29,LAA,TEX,Angel Stadium,51,2,1.36,0.64,0.74,NORMAL
776946,2025-07-29,STL,MIA,Busch Stadium,50,1,1.1,-0.1,-0.12,NORMAL
776947,2025-07-29,SD,NYM,Petco Park,49,1,1.66,-0.66,-0.79,NORMAL
776948,2025-07-30,BAL,TOR,Oriole Park at Camden Yards,57,4,3.68,0.32,0.29,NORMAL
776949,2025-07-29,NYY,TB,Yankee Stadium,44,3,2.61,0.39,0.4,NORMAL
776950,2025-07-29,HOU,WSH,Daikin Park,52,2,1.24,0.76,1.26,NORMAL
776951,2025-07-29,CLE,COL,Progressive Field,61,5,4.37,0.63,0.61,NORMAL
776952,2025-07-29,CWS,PHI,Rate Field,59,3,3.62,-0.62,-0.5,NORMAL
776953,2025-07-29,DET,AZ,Comerica Park,61,3,2.2,0.8,0.83,NORMAL
776954,2025-07-29,MIN,BOS,Target Field,60,4,3.11,0.89,0.87,NORMAL
776955,2025-07-29,KC,ATL,Kauffman Stadium,62,3,4.02,-1.02,-1.0,NORMAL
776956,2025-07-29,MIL,CHC,American Family Field,57,2,1.87,0.13,0.16,NORMAL
776957,2025-07-28,ATH,SEA,Sutter Health Park,49,1,0.92,0.08,0.17,NORMAL
776958,2025-07-28,LAA,TEX,Angel Stadium,44,4,3.39,0.61,0.53,NORMAL
776959,2025-07-28,SD,NYM,Petco Park,49,3,3.16,-0.16,-0.14,NORMAL
776960,2025-07-28,STL,MIA,Busch Stadium,50,1,1.99,-0.99,-0.96,NORMAL
776961,2025-07-28,MIN,BOS,Target Field,50,2,1.11,0.89,1.23,NORMAL
776962,2025-07-29,BAL,TOR,Oriole Park at Camden Yards,46,0,0.79,-0.79,-1.1,NORMAL
776963,2025-07-29,CIN,LAD,Great American Ball Park,49,3,1.38,1.62,2.26,JUICED
776964,2025-07-28,SF,PIT,Oracle Park,56,2,2.68,-0.68,-0.61,NORMAL
776965,2025-07-28,MIL,CHC,American Family Field,48,3,2.23,0.77,0.85,NORMAL
776966,2025-07-28,BAL,TOR,Oriole Park at Camden Yards,60,6,4.94,1.06,1.06,NORMAL
776967,2025-07-28,CIN,LAD,Great American Ball Park,45,0,0.17,-0.17,-0.44,NORMAL
776968,2025-07-28,CLE,COL,Progressive Field,58,3,2.96,0.04,0.04,NORMAL
776969,2025-07-28,HOU,WSH,Daikin Park,35,1,0.38,0.62,1.19,NORMAL
776970,2025-07-28,NYY,TB,Yankee Stadium,51,1,1.37,-0.37,-0.6,NORMAL
776971,2025-07-28,KC,ATL,Kauffman Stadium,65,4,3.5,0.5,0.48,NORMAL
776972,2025-07-28,CWS,PHI,Rate Field,49,2,2.5,-0.5,-0.6,NORMAL
776973,2025-07-28,DET,AZ,Comerica Park,48,3,1.37,1.63,1.73,NORMAL
776974,2025-07-27,SF,NYM,Oracle Park,53,4,3.8,0.2,0.17,NORMAL
776975,2025-07-27,KC,CLE,Kauffman Stadium,44,2,1.45,0.55,0.79,NORMAL
776976,2025-07-27,HOU,ATH,Daikin Park,58,2,2.0,-0.0,-0.0,NORMAL
776977,2025-07-27,LAA,SEA,Angel Stadium,39,2,1.83,0.17,0.2,NORMAL
776978,2025-07-27,MIL,MIA,American Family Field,48,1,0.87,0.13,0.16,NORMAL
776979,2025-07-27,MIN,WSH,Target Field,61,2,2.18,-0.18,-0.28,NORMAL
776980,2025-07-27,STL,SD,Busch Stadium,63,2,0.94,1.06,1.35,NORMAL
776981,2025-07-27,TEX,ATL,Globe Life Field,43,1,1.49,-0.49,-0.57,NORMAL
776982,2025-07-27,CIN,TB,Great American Ball Park,39,1,0.75,0.25,0.56,NORMAL
776983,2025-07-27,BOS,LAD,Fenway Park,50,2,3.4,-1.4,-1.27,NORMAL
776984,2025-07-27,PIT,AZ,PNC Park,46,0,0.58,-0.58,-0.94,NORMAL
776985,2025-07-26,SF,NYM,Oracle Park,52,0,0.98,-0.98,-1.25,NORMAL
776986,2025-07-27,BAL,COL,Oriole Park at Camden Yards,43,2,1.8,0.2,0.26,NORMAL
776987,2025-07-27,DET,TOR,Comerica Park,49,1,0.93,0.07,0.1,NORMAL
776988,2025-07-27,NYY,PHI,Yankee Stadium,40,3,1.15,1.85,2.06,JUICED
776989,2025-07-27,CWS,CHC,Rate Field,46,2,2.49,-0.49,-0.49,NORMAL
776990,2025-07-26,KC,CLE,Kauffman Stadium,54,3,2.72,0.28,0.47,NORMAL
776991,2025-07-26,HOU,ATH,Daikin Park,42,2,2.37,-0.37,-0.37,NORMAL
776992,2025-07-26,STL,SD,Busch Stadium,53,0,0.56,-0.56,-0.8,NORMAL
776993,2025-07-26,TEX,ATL,Globe Life Field,51,1,2.33,-1.33,-1.51,NORMAL
776994,2025-07-26,CWS,CHC,Rate Field,53,3,2.58,0.42,0.4,NORMAL
776995,2025-07-26,LAA,SEA,Angel Stadium,53,4,2.53,1.47,1.64,NORMAL
776996,2025-07-26,MIL,MIA,American Family Field,57,4,2.87,1.13,1.21,NORMAL
776997,2025-07-26,MIN,WSH,Target Field,58,2,3.67,-1.67,-1.46,NORMAL
776998,2025-07-26,BOS,LAD,Fenway Park,45,2,1.76,0.24,0.3,NORMAL
776999,2025-07-26,BAL,COL,Oriole Park at Camden Yards,57,3,3.67,-0.67,-0.61,NORMAL
777000,2025-07-26,CIN,TB,Great American Ball Park,43,1,0.84,0.16,0.22,NORMAL
777001,2025-07-26,NYY,PHI,Yankee Stadium,57,3,1.35,1.65,2.89,JUICED
777002,2025-07-26,PIT,AZ,PNC Park,48,1,0.92,0.08,0.16,NORMAL
777003,2025-07-26,DET,TOR,Comerica Park,44,3,2.31,0.69,0.68,NORMAL
777004,2025-07-25,SF,NYM,Oracle Park,53,1,1.83,-0.83,-1.08,NORMAL
777005,2025-07-25,STL,SD,Busch Stadium,56,0,0.94,-0.94,-1.13,NORMAL
777006,2025-07-25,LAA,SEA,Angel Stadium,50,2,2.19,-0.19,-0.23,NORMAL
777007,2025-07-25,HOU,ATH,Daikin Park,53,7,4.64,2.36,1.81,NORMAL
777008,2025-07-25,MIL,MIA,American Family Field,45,2,2.24,-0.24,-0.21,NORMAL
777009,2025-07-25,TEX,ATL,Globe Life Field,45,2,2.02,-0.02,-0.02,NORMAL
777010,2025-07-26,KC,CLE,Kauffman Stadium,54,2,2.89,-0.89,-0.77,NORMAL
777011,2025-07-25,MIN,WSH,Target Field,38,0,1.63,-1.63,-2.28,DEAD
777012,2025-07-25,BOS,LAD,Fenway Park,49,1,2.1,-1.1,-1.18,NORMAL
777013,2025-07-25,CIN,TB,Great American Ball Park,53,2,1.0,1.0,1.55,NORMAL
777014,2025-07-25,PIT,AZ,PNC Park,54,0,0.34,-0.34,-0.63,NORMAL
777015,2025-07-25,NYY,PHI,Yankee Stadium,63,7,5.29,1.71,1.45,NORMAL
777016,2025-07-25,DET,TOR,Comerica Park,55,1,1.88,-0.88,-1.25,NORMAL
777017,2025-07-25,CWS,CHC,Rate Field,65,5,5.08,-0.08,-0.05,NORMAL
777018,2025-07-24,LAA,SEA,Angel Stadium,52,3,2.31,0.69,0.68,NORMAL
777019,2025-07-24,CLE,BAL,Progressive Field,51,3,1.71,1.29,1.27,NORMAL
777020,2025-07-25,BAL,COL,Oriole Park at Camden Yards,53,7,4.87,2.13,1.61,NORMAL
777021,2025-07-24,DET,TOR,Comerica Park,66,5,3.74,1.26,1.15,NORMAL
777022,2025-07-23,LAD,MIN,Dodger Stadium,42,2,1.67,0.33,0.45,NORMAL
777023,2025-07-24,STL,SD,Busch Stadium,57,5,3.14,1.86,2.0,JUICED
777024,2025-07-23,SEA,MIL,T-Mobile Park,55,0,0.79,-0.79,-1.04,NORMAL
777025,2025-07-24,HOU,ATH,Daikin Park,54,1,1.6,-0.6,-0.62,NORMAL
777026,2025-07-23,WSH,CIN,Nationals Park,48,0,0.74,-0.74,-0.96,NORMAL
777027,2025-07-23,TOR,NYY,Rogers Centre,55,4,2.4,1.6,1.55,NORMAL
777028,2025-07-23,COL,STL,Coors Field,52,1,0.3,0.7,1.37,NORMAL
777029,2025-07-23,PIT,DET,PNC Park,42,2,1.79,0.21,0.19,NORMAL
777030,2025-07-23,TB,CWS,George M. Steinbrenner Field,59,4,3.4,0.6,0.54,NORMAL
777031,2025-07-23,CHC,KC,Wrigley Field,55,5,2.38,2.62,2.51,JUICED
777032,2025-07-23,AZ,HOU,Chase Field,59,1,1.75,-0.75,-0.9,NORMAL
777033,2025-07-23,TEX,ATH,Globe Life Field,40,1,1.33,-0.33,-0.44,NORMAL
777034,2025-07-23,NYM,LAA,Citi Field,48,3,3.18,-0.18,-0.2,NORMAL
777035,2025-07-22,SEA,MIL,T-Mobile Park,33,1,0.97,0.03,0.08,NORMAL
777036,2025-07-23,CLE,BAL,Progressive Field,45,1,1.91,-0.91,-0.93,NORMAL
777037,2025-07-23,MIA,SD,loanDepot park,50,1,1.62,-0.62,-0.77,NORMAL
777038,2025-07-23,PHI,BOS,Citizens Bank Park,58,7,5.39,1.61,1.74,NORMAL
777039,2025-07-22,LAD,MIN,Dodger Stadium,48,2,1.8,0.2,0.26,NORMAL
777040,2025-07-22,AZ,HOU,Chase Field,59,1,1.75,-0.75,-1.04,NORMAL
777041,2025-07-23,ATL,SF,Truist Park,51,3,1.73,1.27,1.4,NORMAL
777042,2025-07-22,WSH,CIN,Nationals Park,49,1,1.53,-0.53,-0.83,NORMAL
777043,2025-07-22,TEX,ATH,Globe Life Field,51,4,3.37,0.63,0.61,NORMAL
777044,2025-07-22,PIT,DET,PNC Park,55,2,2.36,-0.36,-0.41,NORMAL
777045,2025-07-22,PHI,BOS,Citizens Bank Park,41,3,2.1,0.9,1.43,NORMAL
777046,2025-07-22,TOR,NYY,Rogers Centre,59,3,2.88,0.12,0.18,NORMAL
777047,2025-07-22,CHC,KC,Wrigley Field,51,0,0.18,-0.18,-0.44,NORMAL
777048,2025-07-22,TB,CWS,George M. Steinbrenner Field,40,1,0.88,0.12,0.22,NORMAL
777049,2025-07-22,COL,STL,Coors Field,55,2,1.86,0.14,0.15,NORMAL
777050,2025-07-21,SEA,MIL,T-Mobile Park,50,0,0.17,-0.17,-0.42,NORMAL
777051,2025-07-21,LAD,MIN,Dodger Stadium,51,5,4.81,0.19,0.21,NORMAL
777052,2025-07-22,MIA,SD,loanDepot park,50,0,1.75,-1.75,-1.92,NORMAL
777053,2025-07-21,COL,STL,Coors Field,58,1,1.4,-0.4,-0.66,NORMAL
777054,2025-07-22,NYM,LAA,Citi Field,49,2,1.74,0.26,0.3,NORMAL
777055,2025-07-21,AZ,HOU,Chase Field,55,3,4.16,-1.16,-1.01,NORMAL
777056,2025-07-22,CLE,BAL,Progressive Field,47,2,1.98,0.02,0.03,NORMAL
777057,2025-07-21,TEX,ATH,Globe Life Field,44,3,4.31,-1.31,-1.28,NORMAL
777058,2025-07-22,ATL,SF,Truist Park,51,2,2.41,-0.41,-0.41,NORMAL
777059,2025-07-21,TB,CWS,George M. Steinbrenner Field,47,3,1.98,1.02,0.96,NORMAL
777060,2025-07-21,PIT,DET,PNC Park,41,0,0.18,-0.18,-0.45,NORMAL
777061,2025-07-21,NYM,LAA,Citi Field,51,2,3.29,-1.29,-1.19,NORMAL
777062,2025-07-21,MIA,SD,loanDepot park,52,1,2.11,-1.11,-1.13,NORMAL
777063,2025-07-21,PHI,BOS,Citizens Bank Park,44,1,0.81,0.19,0.25,NORMAL
777064,2025-07-21,WSH,CIN,Nationals Park,63,1,1.66,-0.66,-0.87,NORMAL
777065,2025-07-21,CHC,KC,Wrigley Field,63,6,3.86,2.14,2.17,JUICED
777066,2025-07-21,TOR,NYY,Rogers Centre,47,1,2.05,-1.05,-1.04,NORMAL
777067,2025-07-20,SEA,HOU,T-Mobile Park,56,2,2.13,-0.13,-0.12,NORMAL
777068,2025-07-21,CLE,BAL,Progressive Field,57,4,4.0,-0.0,-0.0,NORMAL
777069,2025-07-21,ATL,SF,Truist Park,53,1,2.28,-1.28,-1.43,NORMAL
777070,2025-07-20,LAD,MIL,Dodger Stadium,60,2,1.38,0.62,0.77,NORMAL
777071,2025-07-20,AZ,STL,Chase Field,45,2,1.96,0.04,0.06,NORMAL
777072,2025-07-20,COL,MIN,Coors Field,47,5,4.83,0.17,0.16,NORMAL
777073,2025-07-20,TEX,DET,Globe Life Field,42,0,0.24,-0.24,-0.51,NORMAL
777074,2025-07-20,PIT,CWS,PNC Park,48,2,2.55,-0.55,-0.62,NORMAL
777075,2025-07-20,CHC,BOS,Wrigley Field,49,3,4.23,-1.23,-1.48,NORMAL
777076,2025-07-20,TB,BAL,George M. Steinbrenner Field,52,4,2.72,1.28,1.1,NORMAL
777077,2025-07-20,WSH,SD,Nationals Park,62,3,2.99,0.01,0.01,NORMAL
777078,2025-07-20,PHI,LAA,Citizens Bank Park,61,2,2.26,-0.26,-0.27,NORMAL
777079,2025-07-20,TOR,SF,Rogers Centre,52,4,2.42,1.58,1.58,NORMAL
777080,2025-07-19,COL,MIN,Coors Field,56,3,3.43,-0.43,-0.33,NORMAL
777081,2025-07-19,AZ,STL,Chase Field,56,3,3.46,-0.46,-0.45,NORMAL
777082,2025-07-20,MIA,KC,loanDepot park,62,1,1.79,-0.79,-0.96,NORMAL
777083,2025-07-20,ATL,NYY,Truist Park,58,3,3.14,-0.14,-0.19,NORMAL
777084,2025-07-20,CLE,ATH,Progressive Field,51,1,1.0,-0.0,-0.0,NORMAL
777085,2025-07-19,LAD,MIL,Dodger Stadium,58,5,3.58,1.42,1.47,NORMAL
777086,2025-07-19,SEA,HOU,T-Mobile Park,58,0,1.29,-1.29,-2.23,DEAD
777087,2025-07-20,NYM,CIN,Citi Field,50,0,0.56,-0.56,-0.81,NORMAL
777088,2025-07-19,TEX,DET,Globe Life Field,42,2,1.82,0.18,0.36,NORMAL
777089,2025-07-19,PHI,LAA,Citizens Bank Park,46,5,4.48,0.52,0.5,NORMAL
777090,2025-07-19,PIT,CWS,PNC Park,60,0,1.19,-1.19,-2.31,DEAD
777091,2025-07-19,WSH,SD,Nationals Park,51,1,1.36,-0.36,-0.36,NORMAL
777092,2025-07-19,NYM,CIN,Citi Field,50,1,1.11,-0.11,-0.23,NORMAL
777093,2025-07-19,MIA,KC,loanDepot park,47,1,1.14,-0.14,-0.16,NORMAL
777094,2025-07-19,TOR,SF,Rogers Centre,54,3,2.23,0.77,1.31,NORMAL
777095,2025-07-19,TB,BAL,George M. Steinbrenner Field,52,0,0.49,-0.49,-0.88,NORMAL
777096,2025-07-19,CHC,BOS,Wrigley Field,53,5,3.04,1.96,1.74,NORMAL
777097,2025-07-19,ATL,NYY,Truist Park,59,6,4.91,1.09,0.8,NORMAL
777098,2025-07-18,TEX,DET,Globe Life Field,38,0,0.27,-0.27,-0.54,NORMAL
777099,2025-07-18,SEA,HOU,T-Mobile Park,43,2,1.71,0.29,0.54,NORMAL
777100,2025-07-18,AZ,STL,Chase Field,57,1,3.25,-2.25,-2.23,DEAD
777101,2025-07-18,CHC,BOS,Wrigley Field,47,1,3.52,-2.52,-2.17,DEAD
777102,2025-07-18,COL,MIN,Coors Field,55,4,3.83,0.17,0.18,NORMAL
777103,2025-07-18,LAD,MIL,Dodger Stadium,45,1,0.59,0.41,0.57,NORMAL
777104,2025-07-19,CLE,ATH,Progressive Field,53,4,1.99,2.01,1.94,NORMAL
777105,2025-07-18,CLE,ATH,Progressive Field,53,4,3.44,0.56,0.58,NORMAL
777106,2025-07-18,PHI,LAA,Citizens Bank Park,50,6,4.36,1.64,1.32,NORMAL
777107,2025-07-18,PIT,CWS,PNC Park,57,2,2.04,-0.04,-0.05,NORMAL
777108,2025-07-18,TOR,SF,Rogers Centre,53,0,0.53,-0.53,-0.91,NORMAL
777109,2025-07-18,MIA,KC,loanDepot park,61,5,4.66,0.34,0.26,NORMAL
777110,2025-07-18,TB,BAL,George M. Steinbrenner Field,54,4,2.34,1.66,1.6,NORMAL
777111,2025-07-18,NYM,CIN,Citi Field,51,5,4.88,0.12,0.11,NORMAL
777112,2025-07-18,WSH,SD,Nationals Park,50,2,1.84,0.16,0.19,NORMAL
777113,2025-07-13,MIN,PIT,Target Field,56,1,1.13,-0.13,-0.15,NORMAL
777114,2025-07-18,ATL,NYY,Truist Park,47,1,1.99,-0.99,-1.13,NORMAL
777115,2025-07-13,LAA,AZ,Angel Stadium,48,0,0.97,-0.97,-1.2,NORMAL
777116,2025-07-13,ATH,TOR,Sutter Health Park,47,5,3.18,1.82,1.78,NORMAL
777117,2025-07-13,SD,PHI,Petco Park,50,0,1.39,-1.39,-1.34,NORMAL
777118,2025-07-13,STL,ATL,Busch Stadium,47,1,2.0,-1.0,-1.19,NORMAL
777119,2025-07-13,SF,LAD,Oracle Park,54,2,2.27,-0.27,-0.32,NORMAL
777120,2025-07-13,CWS,CLE,Rate Field,55,3,2.59,0.41,0.43,NORMAL
777121,2025-07-13,DET,SEA,Comerica Park,47,6,4.72,1.28,1.43,NORMAL
777122,2025-07-13,NYY,CHC,Yankee Stadium,48,3,3.22,-0.22,-0.19,NORMAL
777123,2025-07-13,MIL,WSH,American Family Field,46,2,1.35,0.65,0.76,NORMAL
777124,2025-07-13,KC,NYM,Kauffman Stadium,48,0,0.85,-0.85,-1.27,NORMAL
777125,2025-07-13,HOU,TEX,Daikin Park,46,3,2.08,0.92,1.02,NORMAL
777126,2025-07-12,SD,PHI,Petco Park,52,2,1.97,0.03,0.03,NORMAL
777127,2025-07-12,SF,LAD,Oracle Park,45,0,1.25,-1.25,-1.66,NORMAL
777128,2025-07-13,CIN,COL,Great American Ball Park,55,1,1.07,-0.07,-0.09,NORMAL
777129,2025-07-13,BAL,MIA,Oriole Park at Camden Yards,55,5,4.04,0.96,0.81,NORMAL
777130,2025-07-13,BOS,TB,Fenway Park,51,1,0.94,0.06,0.07,NORMAL
777131,2025-07-12,LAA,AZ,Angel Stadium,59,3,2.58,0.42,0.39,NORMAL
777132,2025-07-12,ATH,TOR,Sutter Health Park,45,2,1.1,0.9,1.09,NORMAL
777133,2025-07-12,STL,ATL,Busch Stadium,52,5,4.05,0.95,0.84,NORMAL
777134,2025-07-12,MIN,PIT,Target Field,59,5,4.85,0.15,0.13,NORMAL
777135,2025-07-12,MIL,WSH,American Family Field,52,3,2.02,0.98,1.66,NORMAL
777136,2025-07-12,KC,NYM,Kauffman Stadium,46,1,2.85,-1.85,-1.9,NORMAL
777137,2025-07-12,HOU,TEX,Daikin Park,49,5,3.25,1.75,2.4,JUICED
777138,2025-07-12,CWS,CLE,Rate Field,44,1,1.04,-0.04,-0.06,NORMAL
777139,2025-07-11,SD,PHI,Petco Park,45,3,2.64,0.36,0.39,NORMAL
777140,2025-07-12,CIN,COL,Great American Ball Park,53,2,1.54,0.46,0.59,NORMAL
777141,2025-07-12,BAL,MIA,Oriole Park at Camden Yards,56,1,0.58,0.42,0.67,NORMAL
777142,2025-07-12,NYY,CHC,Yankee Stadium,54,2,3.65,-1.65,-1.7,NORMAL
777143,2025-07-11,SF,LAD,Oracle Park,56,4,3.74,0.26,0.2,NORMAL
777144,2025-07-12,BOS,TB,Fenway Park,40,0,0.01,-0.01,-0.12,NORMAL
777145,2025-07-12,DET,SEA,Comerica Park,61,5,4.09,0.91,0.93,NORMAL
777146,2025-07-11,CWS,CLE,Rate Field,56,3,3.04,-0.04,-0.1,NORMAL
777147,2025-07-11,STL,ATL,Busch Stadium,62,2,2.68,-0.68,-0.79,NORMAL
777148,2025-07-11,MIN,PIT,Target Field,45,1,1.03,-0.03,-0.03,NORMAL
777149,2025-07-11,MIL,WSH,American Family Field,56,3,3.06,-0.06,-0.07,NORMAL
777150,2025-07-11,LAA,AZ,Angel Stadium,63,4,3.24,0.76,0.99,NORMAL
777151,2025-07-11,KC,NYM,Kauffman Stadium,52,3,2.6,0.4,0.51,NORMAL
777152,2025-07-11,ATH,TOR,Sutter Health Park,48,3,1.35,1.65,1.89,NORMAL
777153,2025-07-11,NYY,CHC,Yankee Stadium,55,3,2.4,0.6,0.61,NORMAL
777154,2025-07-11,HOU,TEX,Daikin Park,49,3,1.8,1.2,1.38,NORMAL
777155,2025-07-11,BOS,TB,Fenway Park,53,1,0.92,0.08,0.17,NORMAL
777156,2025-07-10,ATH,ATL,Sutter Health Park,46,4,2.05,1.95,2.12,JUICED
777157,2025-07-11,BAL,MIA,Oriole Park at Camden Yards,50,1,0.97,0.03,0.03,NORMAL
777158,2025-07-10,SD,AZ,Petco Park,59,2,2.27,-0.27,-0.3,NORMAL
777159,2025-07-10,LAA,TEX,Angel Stadium,53,3,2.86,0.14,0.15,NORMAL
777160,2025-07-11,CIN,COL,Great American Ball Park,38,2,1.78,0.22,0.33,NORMAL
777161,2025-07-11,DET,SEA,Comerica Park,52,3,3.17,-0.17,-0.17,NORMAL
777162,2025-07-09,SD,AZ,Petco Park,48,5,3.62,1.38,1.67,NORMAL
777163,2025-07-09,SF,PHI,Oracle Park,57,2,2.02,-0.02,-0.02,NORMAL
777164,2025-07-11,CWS,CLE,Rate Field,44,4,2.57,1.43,1.65,NORMAL
777165,2025-07-10,BAL,NYM,Oriole Park at Camden Yards,47,1,1.64,-0.64,-0.84,NORMAL
777166,2025-07-10,MIN,CHC,Target Field,55,3,1.98,1.02,1.0,NORMAL
777167,2025-07-10,STL,WSH,Busch Stadium,48,1,2.19,-1.19,-1.31,NORMAL
777168,2025-07-10,CIN,MIA,Great American Ball Park,45,1,0.82,0.18,0.45,NORMAL
777169,2025-07-10,NYY,SEA,Yankee Stadium,58,2,2.24,-0.24,-0.22,NORMAL
777170,2025-07-10,BOS,TB,Fenway Park,49,2,1.53,0.47,0.58,NORMAL
777171,2025-07-09,LAA,TEX,Angel Stadium,67,6,4.44,1.56,1.24,NORMAL
777172,2025-07-09,CWS,TOR,Rate Field,45,0,0.18,-0.18,-0.44,NORMAL
777173,2025-07-09,MIN,CHC,Target Field,47,1,1.96,-0.96,-1.09,NORMAL
777174,2025-07-09,HOU,CLE,Daikin Park,46,2,1.1,0.9,1.4,NORMAL
777175,2025-07-09,MIL,LAD,American Family Field,49,0,0.29,-0.29,-0.57,NORMAL
777176,2025-07-09,ATH,ATL,Sutter Health Park,59,5,3.83,1.17,1.24,NORMAL
777177,2025-07-09,KC,PIT,Kauffman Stadium,51,3,4.23,-1.23,-1.16,NORMAL
777178,2025-07-09,STL,WSH,Busch Stadium,54,3,2.99,0.01,0.01,NORMAL
777179,2025-07-09,BOS,COL,Fenway Park,56,5,4.91,0.09,0.08,NORMAL
777180,2025-07-08,LAA,TEX,Angel Stadium,55,3,3.25,-0.25,-0.28,NORMAL
777181,2025-07-10,BAL,NYM,Oriole Park at Camden Yards,56,1,1.44,-0.44,-0.68,NORMAL
777182,2025-07-09,DET,TB,Comerica Park,63,1,2.33,-1.33,-1.48,NORMAL
777183,2025-07-09,CIN,MIA,Great American Ball Park,56,3,2.59,0.41,0.5,NORMAL
777184,2025-07-09,NYY,SEA,Yankee Stadium,50,6,3.61,2.39,2.62,JUICED
777185,2025-07-08,SD,AZ,Petco Park,38,1,2.07,-1.07,-1.0,NORMAL
777186,2025-07-08,SF,PHI,Oracle Park,54,2,2.87,-0.87,-0.99,NORMAL
777187,2025-07-08,NYY,SEA,Yankee Stadium,53,4,4.73,-0.73,-0.75,NORMAL
777188,2025-07-08,CWS,TOR,Rate Field,48,2,1.95,0.05,0.06,NORMAL
777189,2025-07-08,ATH,ATL,Sutter Health Park,54,6,3.48,2.52,2.98,JUICED
777190,2025-07-08,MIN,CHC,Target Field,54,4,4.38,-0.38,-0.28,NORMAL
777191,2025-07-08,STL,WSH,Busch Stadium,48,2,2.48,-0.48,-0.46,NORMAL
777192,2025-07-08,HOU,CLE,Daikin Park,57,3,3.35,-0.35,-0.31,NORMAL
777193,2025-07-08,MIL,LAD,American Family Field,39,2,1.06,0.94,1.33,NORMAL
777194,2025-07-08,KC,PIT,Kauffman Stadium,51,4,4.35,-0.35,-0.28,NORMAL
777195,2025-07-08,DET,TB,Comerica Park,39,3,1.53,1.47,1.73,NORMAL
777196,2025-07-08,BOS,COL,Fenway Park,48,3,2.86,0.14,0.18,NORMAL
777197,2025-07-08,CIN,MIA,Great American Ball Park,57,1,0.96,0.04,0.05,NORMAL
777198,2025-07-08,BAL,NYM,Oriole Park at Camden Yards,55,4,3.25,0.75,0.62,NORMAL
777199,2025-07-07,SF,PHI,Oracle Park,51,0,0.13,-0.13,-0.36,NORMAL
777200,2025-07-07,LAA,TEX,Angel Stadium,53,2,2.08,-0.08,-0.08,NORMAL
777201,2025-07-07,MIL,LAD,American Family Field,50,2,1.1,0.9,1.43,NORMAL
777202,2025-07-07,HOU,CLE,Daikin Park,60,5,3.38,1.62,1.72,NORMAL
777203,2025-07-07,SD,AZ,Petco Park,49,2,2.71,-0.71,-1.13,NORMAL
777204,2025-07-07,KC,PIT,Kauffman Stadium,53,5,4.26,0.74,0.69,NORMAL
777205,2025-07-06,SEA,PIT,T-Mobile Park,37,1,1.15,-0.15,-0.25,NORMAL
777206,2025-07-06,LAD,HOU,Dodger Stadium,54,3,2.47,0.53,0.55,NORMAL
777207,2025-07-06,SD,TEX,Petco Park,49,0,0.84,-0.84,-1.03,NORMAL
777208,2025-07-07,CIN,MIA,Great American Ball Park,52,1,1.19,-0.19,-0.42,NORMAL
777209,2025-07-07,BOS,COL,Fenway Park,51,3,3.02,-0.02,-0.03,NORMAL
777210,2025-07-06,ATH,SF,Sutter Health Park,47,3,2.12,0.88,1.1,NORMAL
777211,2025-07-07,DET,TB,Comerica Park,47,3,2.88,0.12,0.13,NORMAL
777212,2025-07-07,CWS,TOR,Rate Field,61,3,3.36,-0.36,-0.47,NORMAL
777213,2025-07-06,WSH,BOS,Nationals Park,59,2,2.25,-0.25,-0.44,NORMAL
777214,2025-07-06,TOR,LAA,Rogers Centre,47,2,1.43,0.57,0.99,NORMAL
777215,2025-07-06,COL,CWS,Coors Field,53,2,0.78,1.22,1.64,NORMAL
777216,2025-07-06,NYM,NYY,Citi Field,58,2,2.85,-0.85,-0.99,NORMAL
777217,2025-07-06,PHI,CIN,Citizens Bank Park,33,2,1.34,0.66,0.99,NORMAL
777218,2025-07-06,AZ,KC,Chase Field,46,2,2.54,-0.54,-0.69,NORMAL
777219,2025-07-06,CHC,STL,Wrigley Field,53,1,0.92,0.08,0.13,NORMAL
777220,2025-07-06,MIN,TB,Target Field,58,3,2.66,0.34,0.41,NORMAL
777221,2025-07-05,LAD,HOU,Dodger Stadium,50,3,1.58,1.42,1.55,NORMAL
777222,2025-07-06,ATL,BAL,Truist Park,43,2,1.17,0.83,0.89,NORMAL
777223,2025-07-05,SD,TEX,Petco Park,62,3,2.7,0.3,0.34,NORMAL
777224,2025-07-06,MIA,MIL,loanDepot park,46,2,2.48,-0.48,-0.45,NORMAL
777225,2025-07-05,SEA,PIT,T-Mobile Park,38,0,1.06,-1.06,-1.46,NORMAL
777226,2025-07-06,CLE,DET,Progressive Field,49,2,0.43,1.57,2.53,JUICED
777227,2025-07-05,ATH,SF,Sutter Health Park,54,1,1.07,-0.07,-0.08,NORMAL
777228,2025-07-05,WSH,BOS,Nationals Park,66,1,1.5,-0.5,-0.65,NORMAL
777229,2025-07-05,CHC,STL,Wrigley Field,56,5,3.61,1.39,1.54,NORMAL
777230,2025-07-05,MIN,TB,Target Field,57,1,2.16,-1.16,-1.09,NORMAL
777231,2025-07-05,TOR,LAA,Rogers Centre,66,1,1.05,-0.05,-0.11,NORMAL
777232,2025-07-05,COL,CWS,Coors Field,69,3,3.37,-0.37,-0.31,NORMAL
777233,2025-07-05,PHI,CIN,Citizens Bank Park,47,4,2.98,1.02,1.19,NORMAL
777234,2025-07-05,AZ,KC,Chase Field,49,1,0.9,0.1,0.21,NORMAL
777235,2025-07-04,LAD,HOU,Dodger Stadium,64,6,5.09,0.91,0.68,NORMAL
777236,2025-07-04,SEA,PIT,T-Mobile Park,45,4,2.87,1.13,1.3,NORMAL
777237,2025-07-05,ATL,BAL,Truist Park,50,5,4.41,0.59,0.7,NORMAL
777238,2025-07-05,MIA,MIL,loanDepot park,49,1,3.0,-2.0,-2.43,DEAD
777239,2025-07-04,SD,TEX,Petco Park,58,1,2.95,-1.95,-1.71,NORMAL
777240,2025-07-05,CLE,DET,Progressive Field,42,1,0.9,0.1,0.11,NORMAL
777241,2025-07-05,NYM,NYY,Citi Field,55,6,5.3,0.7,0.54,NORMAL
777242,2025-07-04,TOR,LAA,Rogers Centre,48,1,1.2,-0.2,-0.46,NORMAL
777243,2025-07-04,COL,CWS,Coors Field,49,1,0.82,0.18,0.22,NORMAL
777244,2025-07-04,ATH,SF,Sutter Health Park,49,3,2.34,0.66,0.85,NORMAL
777245,2025-07-04,WSH,BOS,Nationals Park,58,1,2.02,-1.02,-1.23,NORMAL
777246,2025-07-04,CHC,STL,Wrigley Field,56,9,7.38,1.62,1.25,NORMAL
777247,2025-07-04,MIN,TB,Target Field,47,2,1.52,0.48,0.67,NORMAL
777248,2025-07-04,AZ,KC,Chase Field,57,4,4.74,-0.74,-0.72,NORMAL
777249,2025-07-04,CLE,DET,Progressive Field,52,3,1.77,1.23,1.23,NORMAL
777250,2025-07-04,NYM,NYY,Citi Field,51,7,5.41,1.59,1.28,NORMAL
777251,2025-07-03,SEA,KC,T-Mobile Park,53,2,0.61,1.39,1.92,NORMAL
777252,2025-07-04,ATL,BAL,Truist Park,50,3,2.5,0.5,0.54,NORMAL
777253,2025-07-03,LAD,CWS,Dodger Stadium,44,3,2.77,0.23,0.28,NORMAL
777254,2025-07-04,MIA,MIL,loanDepot park,52,2,2.06,-0.06,-0.06,NORMAL
777255,2025-07-04,PHI,CIN,Citizens Bank Park,60,1,1.97,-0.97,-0.89,NORMAL
777256,2025-07-03,AZ,SF,Chase Field,50,2,3.44,-1.44,-1.6,NORMAL
777257,2025-07-03,NYM,MIL,Citi Field,45,2,2.3,-0.3,-0.38,NORMAL
777258,2025-07-03,WSH,DET,Nationals Park,62,3,0.96,2.04,2.57,JUICED
777259,2025-07-03,CHC,CLE,Wrigley Field,46,0,0.28,-0.28,-0.54,NORMAL
777260,2025-07-03,TOR,NYY,Rogers Centre,55,4,3.83,0.17,0.15,NORMAL
777261,2025-07-03,ATL,LAA,Truist Park,47,3,3.12,-0.12,-0.11,NORMAL
777262,2025-07-02,SEA,KC,T-Mobile Park,45,1,0.99,0.01,0.01,NORMAL
777263,2025-07-03,MIA,MIN,loanDepot park,43,2,2.59,-0.59,-0.73,NORMAL
777264,2025-07-03,COL,HOU,Coors Field,65,1,1.32,-0.32,-0.34,NORMAL
777265,2025-07-02,WSH,DET,Nationals Park,50,0,0.78,-0.78,-0.95,NORMAL
777266,2025-07-02,CHC,CLE,Wrigley Field,55,3,2.37,0.63,0.62,NORMAL
777267,2025-07-02,LAD,CWS,Dodger Stadium,55,3,3.23,-0.23,-0.25,NORMAL
777268,2025-07-02,TEX,BAL,Globe Life Field,50,2,4.42,-2.42,-1.96,NORMAL
777269,2025-07-02,COL,HOU,Coors Field,60,2,2.07,-0.07,-0.12,NORMAL
777270,2025-07-02,AZ,SF,Chase Field,60,3,2.3,0.7,0.62,NORMAL
777271,2025-07-02,TB,ATH,George M. Steinbrenner Field,46,6,5.33,0.67,0.45,NORMAL
777272,2025-07-02,PIT,STL,PNC Park,48,0,0.99,-0.99,-1.11,NORMAL
777273,2025-07-02,PHI,SD,Citizens Bank Park,53,1,1.23,-0.23,-0.35,NORMAL
777274,2025-07-02,TOR,NYY,Rogers Centre,59,5,5.42,-0.42,-0.39,NORMAL
777275,2025-07-02,MIA,MIN,loanDepot park,51,1,1.49,-0.49,-0.53,NORMAL
777276,2025-07-02,NYM,MIL,Citi Field,48,4,2.01,1.99,2.01,JUICED
777277,2025-07-02,BOS,CIN,Fenway Park,65,2,2.33,-0.33,-0.34,NORMAL
777278,2025-07-01,AZ,SF,Chase Field,41,5,4.67,0.33,0.29,NORMAL
777279,2025-07-02,ATL,LAA,Truist Park,46,4,3.94,0.06,0.06,NORMAL
777280,2025-07-01,LAD,CWS,Dodger Stadium,39,1,1.38,-0.38,-0.65,NORMAL
777281,2025-07-01,SEA,KC,T-Mobile Park,58,1,2.07,-1.07,-1.0,NORMAL
777282,2025-07-01,TEX,BAL,Globe Life Field,54,2,3.21,-1.21,-1.38,NORMAL
777283,2025-07-01,TOR,NYY,Rogers Centre,57,3,2.28,0.72,0.82,NORMAL
777284,2025-07-02,WSH,DET,Nationals Park,59,4,3.31,0.69,0.75,NORMAL
777285,2025-07-01,COL,HOU,Coors Field,55,3,2.79,0.21,0.29,NORMAL
777286,2025-07-01,TB,ATH,George M. Steinbrenner Field,47,4,2.6,1.4,1.27,NORMAL
777287,2025-07-01,CHC,CLE,Wrigley Field,50,1,1.2,-0.2,-0.27,NORMAL
777288,2025-07-01,PIT,STL,PNC Park,46,0,0.12,-0.12,-0.35,NORMAL
777289,2025-07-02,NYM,MIL,Citi Field,55,3,3.9,-0.9,-0.73,NORMAL
777290,2025-07-02,PHI,SD,Citizens Bank Park,51,2,1.23,0.77,1.06,NORMAL
777291,2025-06-30,AZ,SF,Chase Field,48,2,1.83,0.17,0.17,NORMAL
777292,2025-06-30,TEX,BAL,Globe Life Field,62,4,4.46,-0.46,-0.67,NORMAL
777293,2025-07-01,MIA,MIN,loanDepot park,46,1,2.15,-1.15,-1.4,NORMAL
777294,2025-07-01,BOS,CIN,Fenway Park,44,1,0.33,0.67,1.36,NORMAL
777295,2025-06-30,TOR,NYY,Rogers Centre,48,2,1.1,0.9,1.23,NORMAL
777296,2025-06-30,TB,ATH,George M. Steinbrenner Field,49,2,1.53,0.47,0.66,NORMAL
777297,2025-06-30,SEA,KC,T-Mobile Park,54,3,1.6,1.4,1.6,NORMAL
777298,2025-07-01,ATL,LAA,Truist Park,48,0,1.26,-1.26,-1.62,NORMAL
777299,2025-06-30,PIT,STL,PNC Park,49,1,1.09,-0.09,-0.2,NORMAL
777300,2025-06-30,BOS,CIN,Fenway Park,57,5,4.3,0.7,0.51,NORMAL
777301,2025-06-29,MIL,COL,American Family Field,56,3,2.57,0.43,0.38,NORMAL
777302,2025-06-29,TEX,SEA,Globe Life Field,72,2,2.7,-0.7,-0.83,NORMAL
777303,2025-06-29,AZ,MIA,Chase Field,46,1,1.48,-0.48,-0.64,NORMAL
777304,2025-06-29,KC,LAD,Kauffman Stadium,46,2,2.37,-0.37,-0.32,NORMAL
777305,2025-06-29,LAA,WSH,Angel Stadium,65,0,0.61,-0.61,-0.91,NORMAL
777306,2025-06-30,PHI,SD,Citizens Bank Park,46,1,1.52,-0.52,-0.6,NORMAL
777307,2025-06-29,NYY,ATH,Yankee Stadium,51,5,4.33,0.67,0.66,NORMAL
777308,2025-06-29,HOU,CHC,Daikin Park,47,1,0.28,0.72,1.43,NORMAL
777309,2025-06-29,CLE,STL,Progressive Field,44,2,2.02,-0.02,-0.04,NORMAL
777310,2025-06-29,BOS,TOR,Fenway Park,51,3,1.99,1.01,1.62,NORMAL
777311,2025-06-29,CWS,SF,Rate Field,51,0,0.66,-0.66,-0.88,NORMAL
777312,2025-06-29,CIN,SD,Great American Ball Park,54,1,0.86,0.14,0.19,NORMAL
777313,2025-06-29,PIT,NYM,PNC Park,53,5,2.89,2.11,1.81,NORMAL
777314,2025-06-29,DET,MIN,Comerica Park,40,2,1.87,0.13,0.18,NORMAL
777315,2025-06-28,LAA,WSH,Angel Stadium,53,4,3.19,0.81,0.86,NORMAL
777316,2025-06-29,ATL,PHI,Truist Park,49,1,1.68,-0.68,-0.78,NORMAL
777317,2025-06-29,BAL,TB,Oriole Park at Camden Yards,28,1,1.6,-0.6,-0.62,NORMAL
777318,2025-06-28,AZ,MIA,Chase Field,61,2,1.65,0.35,0.31,NORMAL
777319,2025-06-28,KC,LAD,Kauffman Stadium,55,2,3.68,-1.68,-1.56,NORMAL
777320,2025-06-28,HOU,CHC,Daikin Park,63,6,3.84,2.16,2.09,JUICED
777321,2025-06-28,MIL,COL,American Family Field,47,1,0.5,0.5,0.78,NORMAL
777322,2025-06-28,TEX,SEA,Globe Life Field,45,2,2.19,-0.19,-0.43,NORMAL
777323,2025-06-28,BOS,TOR,Fenway Park,62,3,2.46,0.54,0.7,NORMAL
777324,2025-06-28,DET,MIN,Comerica Park,59,6,6.94,-0.94,-0.71,NORMAL
777325,2025-06-28,PIT,NYM,PNC Park,54,0,0.31,-0.31,-0.63,NORMAL
777326,2025-06-28,NYY,ATH,Yankee Stadium,47,2,2.95,-0.95,-0.93,NORMAL
777327,2025-06-28,CWS,SF,Rate Field,42,1,1.67,-0.67,-0.88,NORMAL
777328,2025-06-28,CIN,SD,Great American Ball Park,63,3,2.58,0.42,0.63,NORMAL
777329,2025-06-28,CLE,STL,Progressive Field,59,4,4.32,-0.32,-0.22,NORMAL
777330,2025-06-28,BAL,TB,Oriole Park at Camden Yards,58,4,3.18,0.82,0.9,NORMAL
777331,2025-06-27,LAA,WSH,Angel Stadium,66,4,2.57,1.43,1.28,NORMAL
777332,2025-06-27,AZ,MIA,Chase Field,54,6,5.2,0.8,0.92,NORMAL
777333,2025-06-28,ATL,PHI,Truist Park,40,1,1.23,-0.23,-0.51,NORMAL
777334,2025-06-27,DET,MIN,Comerica Park,45,1,1.24,-0.24,-0.56,NORMAL
777335,2025-06-27,KC,LAD,Kauffman Stadium,51,3,2.37,0.63,0.75,NORMAL
777336,2025-06-27,HOU,CHC,Daikin Park,56,3,2.51,0.49,0.48,NORMAL
777337,2025-06-27,NYY,ATH,Yankee Stadium,40,1,1.97,-0.97,-1.38,NORMAL
777338,2025-06-27,CWS,SF,Rate Field,50,0,0.44,-0.44,-0.71,NORMAL
777339,2025-06-27,MIL,COL,American Family Field,59,1,1.47,-0.47,-0.49,NORMAL
777340,2025-06-27,TEX,SEA,Globe Life Field,72,1,3.14,-2.14,-1.77,NORMAL
777341,2025-06-27,PIT,NYM,PNC Park,56,2,2.82,-0.82,-0.72,NORMAL
777342,2025-06-27,ATL,PHI,Truist Park,63,5,4.91,0.09,0.06,NORMAL
777343,2025-06-27,BAL,TB,Oriole Park at Camden Yards,73,7,7.26,-0.26,-0.2,NORMAL
777344,2025-06-26,COL,LAD,Coors Field,45,2,2.15,-0.15,-0.18,NORMAL
777345,2025-06-27,BOS,TOR,Fenway Park,59,0,0.73,-0.73,-0.93,NORMAL
777346,2025-06-27,CIN,SD,Great American Ball Park,37,3,2.66,0.34,0.31,NORMAL
777347,2025-06-26,SF,MIA,Oracle Park,62,3,3.66,-0.66,-0.79,NORMAL
777348,2025-06-26,STL,CHC,Busch Stadium,50,1,1.48,-0.48,-0.71,NORMAL
777349,2025-06-27,CLE,STL,Progressive Field,42,2,2.04,-0.04,-0.05,NORMAL
777350,2025-06-26,HOU,PHI,Daikin Park,35,0,0.04,-0.04,-0.19,NORMAL
777351,2025-06-26,DET,ATH,Comerica Park,52,2,0.92,1.08,1.32,NORMAL
777352,2025-06-26,NYM,ATL,Citi Field,44,0,1.44,-1.44,-1.85,NORMAL
777353,2025-06-26,KC,TB,Kauffman Stadium,49,2,2.04,-0.04,-0.04,NORMAL
777354,2025-06-26,CLE,TOR,Progressive Field,45,0,1.51,-1.51,-1.68,NORMAL
777355,2025-06-25,SF,MIA,Oracle Park,56,1,1.94,-0.94,-0.84,NORMAL
777356,2025-06-26,MIN,SEA,Target Field,57,3,3.14,-0.14,-0.13,NORMAL
777357,2025-06-25,STL,CHC,Busch Stadium,59,3,2.22,0.78,0.72,NORMAL
777358,2025-06-25,COL,LAD,Coors Field,52,2,2.02,-0.02,-0.04,NORMAL
777359,2025-06-25,KC,TB,Kauffman Stadium,44,0,0.3,-0.3,-0.58,NORMAL
777360,2025-06-25,SD,WSH,Petco Park,38,0,0.75,-0.75,-1.07,NORMAL
777361,2025-06-25,MIL,PIT,American Family Field,44,0,0.66,-0.66,-0.98,NORMAL
777362,2025-06-25,LAA,BOS,Angel Stadium,38,2,1.33,0.67,1.05,NORMAL
777363,2025-06-25,MIN,SEA,Target Field,41,1,0.92,0.08,0.11,NORMAL
777364,2025-06-24,SF,MIA,Oracle Park,50,1,2.22,-1.22,-1.16,NORMAL
777365,2025-06-25,BAL,TEX,Oriole Park at Camden Yards,50,2,1.3,0.7,0.84,NORMAL
777366,2025-06-25,HOU,PHI,Daikin Park,42,1,1.66,-0.66,-1.25,NORMAL
777367,2025-06-25,CIN,NYY,Great American Ball Park,47,1,1.15,-0.15,-0.36,NORMAL
777368,2025-06-25,CLE,TOR,Progressive Field,56,0,0.37,-0.37,-0.63,NORMAL
777369,2025-06-25,NYM,ATL,Citi Field,55,4,3.71,0.29,0.27,NORMAL
777370,2025-06-25,CWS,AZ,Rate Field,54,4,5.17,-1.17,-1.03,NORMAL
777371,2025-06-25,DET,ATH,Comerica Park,44,1,1.07,-0.07,-0.11,NORMAL
777372,2025-06-24,SD,WSH,Petco Park,52,1,1.21,-0.21,-0.29,NORMAL
777373,2025-06-24,STL,CHC,Busch Stadium,62,5,3.13,1.87,1.92,NORMAL
777374,2025-06-24,MIL,PIT,American Family Field,52,4,2.23,1.77,1.82,NORMAL
777375,2025-06-24,MIN,SEA,Target Field,53,1,0.8,0.2,0.24,NORMAL
777376,2025-06-24,LAA,BOS,Angel Stadium,43,2,2.02,-0.02,-0.02,NORMAL
777377,2025-06-24,HOU,PHI,Daikin Park,44,1,0.95,0.05,0.06,NORMAL
777378,2025-06-24,KC,TB,Kauffman Stadium,54,1,1.07,-0.07,-0.08,NORMAL
777379,2025-06-24,COL,LAD,Coors Field,62,2,3.07,-1.07,-1.01,NORMAL
777380,2025-06-24,BAL,TEX,Oriole Park at Camden Yards,56,3,1.96,1.04,1.11,NORMAL
777381,2025-06-23,LAA,BOS,Angel Stadium,44,2,1.23,0.77,1.03,NORMAL
777382,2025-06-23,SD,WSH,Petco Park,61,5,4.27,0.73,0.74,NORMAL
777383,2025-06-24,CWS,AZ,Rate Field,51,2,2.42,-0.42,-0.39,NORMAL
777384,2025-06-24,CLE,TOR,Progressive Field,58,4,3.22,0.78,0.89,NORMAL
777385,2025-06-24,CIN,NYY,Great American Ball Park,58,1,1.15,-0.15,-0.37,NORMAL
777386,2025-06-24,DET,ATH,Comerica Park,58,4,2.93,1.07,1.16,NORMAL
777387,2025-06-24,NYM,ATL,Citi Field,42,0,1.74,-1.74,-2.03,DEAD
777388,2025-06-23,MIN,SEA,Target Field,53,6,4.79,1.21,1.23,NORMAL
777389,2025-06-23,NYM,ATL,Citi Field,49,2,2.53,-0.53,-0.5,NORMAL
777390,2025-06-23,CIN,NYY,Great American Ball Park,48,3,2.04,0.96,0.97,NORMAL
777391,2025-06-23,MIL,PIT,American Family Field,50,2,1.79,0.21,0.26,NORMAL
777392,2025-06-23,STL,CHC,Busch Stadium,57,4,3.78,0.22,0.19,NORMAL
777393,2025-06-23,CWS,AZ,Rate Field,50,3,2.78,0.22,0.25,NORMAL
777394,2025-06-23,BAL,TEX,Oriole Park at Camden Yards,52,1,1.22,-0.22,-0.24,NORMAL
777395,2025-06-22,SF,BOS,Oracle Park,56,6,4.66,1.34,1.17,NORMAL
777396,2025-06-22,SD,KC,Petco Park,51,1,2.51,-1.51,-2.01,DEAD
777397,2025-06-22,LAA,HOU,Angel Stadium,58,6,4.97,1.03,0.89,NORMAL
777398,2025-06-22,LAD,WSH,Dodger Stadium,58,4,2.07,1.93,2.16,JUICED
777399,2025-06-22,COL,AZ,Coors Field,42,1,0.71,0.29,0.49,NORMAL
777400,2025-06-22,ATH,CLE,Sutter Health Park,53,0,0.14,-0.14,-0.38,NORMAL
777401,2025-06-22,MIN,MIL,Target Field,72,6,3.76,2.24,1.78,NORMAL
777402,2025-06-22,MIA,ATL,loanDepot park,53,1,1.32,-0.32,-0.43,NORMAL
777403,2025-06-22,CHC,SEA,Wrigley Field,67,9,4.7,4.3,3.34,JUICED
777404,2025-06-22,PIT,TEX,PNC Park,59,0,0.69,-0.69,-0.92,NORMAL
777405,2025-06-22,PHI,NYM,Citizens Bank Park,46,3,2.66,0.34,0.42,NORMAL
777406,2025-06-22,NYY,BAL,Yankee Stadium,48,0,1.32,-1.32,-1.5,NORMAL
777407,2025-06-22,STL,CIN,Busch Stadium,50,1,0.86,0.14,0.18,NORMAL
777408,2025-06-22,TOR,CWS,Rogers Centre,47,0,0.12,-0.12,-0.35,NORMAL
777409,2025-06-22,TB,DET,George M. Steinbrenner Field,53,3,1.37,1.63,1.86,NORMAL
777410,2025-06-21,COL,AZ,Coors Field,46,3,2.28,0.72,0.73,NORMAL
777411,2025-06-21,ATH,CLE,Sutter Health Park,48,0,1.21,-1.21,-1.37,NORMAL
777412,2025-06-21,MIN,MIL,Target Field,60,0,0.76,-0.76,-0.98,NORMAL
777413,2025-06-21,SD,KC,Petco Park,49,1,1.31,-0.31,-0.5,NORMAL
777414,2025-06-21,LAA,HOU,Angel Stadium,43,3,2.88,0.12,0.15,NORMAL
777415,2025-06-21,STL,CIN,Busch Stadium,56,3,1.49,1.51,1.72,NORMAL
777416,2025-06-21,LAD,WSH,Dodger Stadium,51,8,5.22,2.78,2.03,JUICED
777417,2025-06-21,SF,BOS,Oracle Park,46,2,1.72,0.28,0.33,NORMAL
777418,2025-06-21,TOR,CWS,Rogers Centre,56,2,2.35,-0.35,-0.54,NORMAL
777419,2025-06-21,CHC,SEA,Wrigley Field,54,6,2.98,3.02,3.38,JUICED
777420,2025-06-21,TB,DET,George M. Steinbrenner Field,51,3,3.52,-0.52,-0.47,NORMAL
777421,2025-06-21,PIT,TEX,PNC Park,45,0,0.59,-0.59,-0.87,NORMAL
777422,2025-06-21,NYY,BAL,Yankee Stadium,51,4,1.9,2.1,2.17,JUICED
777423,2025-06-21,PHI,NYM,Citizens Bank Park,64,7,5.76,1.24,1.14,NORMAL
777424,2025-06-21,MIA,ATL,loanDepot park,51,1,1.13,-0.13,-0.17,NORMAL
777425,2025-06-20,SF,BOS,Oracle Park,53,2,2.44,-0.44,-0.46,NORMAL
777426,2025-06-20,SD,KC,Petco Park,63,3,2.46,0.54,0.67,NORMAL
777427,2025-06-20,LAD,WSH,Dodger Stadium,54,4,2.98,1.02,1.54,NORMAL
777428,2025-06-20,LAA,HOU,Angel Stadium,50,4,2.66,1.34,1.19,NORMAL
777429,2025-06-20,ATH,CLE,Sutter Health Park,48,2,0.66,1.34,1.81,NORMAL
777430,2025-06-20,COL,AZ,Coors Field,73,6,5.83,0.17,0.11,NORMAL
777431,2025-06-20,TB,DET,George M. Steinbrenner Field,58,5,2.99,2.01,2.03,JUICED
777432,2025-06-20,PIT,TEX,PNC Park,58,2,2.47,-0.47,-0.51,NORMAL
777433,2025-06-20,STL,CIN,Busch Stadium,43,0,0.76,-0.76,-1.11,NORMAL
777434,2025-06-20,MIN,MIL,Target Field,58,1,1.03,-0.03,-0.04,NORMAL
777435,2025-06-20,TOR,CWS,Rogers Centre,48,2,3.15,-1.15,-1.2,NORMAL
777436,2025-06-20,CHC,SEA,Wrigley Field,58,6,3.43,2.57,2.24,JUICED
777437,2025-06-20,PHI,NYM,Citizens Bank Park,51,3,2.45,0.55,0.57,NORMAL
777438,2025-06-20,NYY,BAL,Yankee Stadium,52,2,1.98,0.02,0.02,NORMAL
777439,2025-06-20,MIA,ATL,loanDepot park,54,2,2.5,-0.5,-0.56,NORMAL
777440,2025-06-19,SF,CLE,Oracle Park,42,0,0.08,-0.08,-0.28,NORMAL
777441,2025-06-19,ATH,HOU,Sutter Health Park,54,5,3.1,1.9,1.61,NORMAL
777442,2025-06-19,LAD,SD,Dodger Stadium,56,1,2.34,-1.34,-1.25,NORMAL
777443,2025-06-19,TEX,KC,Globe Life Field,54,3,3.91,-0.91,-0.92,NORMAL
777444,2025-06-19,MIA,PHI,loanDepot park,53,1,1.9,-0.9,-1.16,NORMAL
777445,2025-06-19,WSH,COL,Nationals Park,61,2,1.39,0.61,0.91,NORMAL
777446,2025-06-19,TB,BAL,George M. Steinbrenner Field,41,1,0.76,0.24,0.33,NORMAL
777447,2025-06-19,CWS,STL,Rate Field,49,2,5.23,-3.23,-3.61,DEAD
777448,2025-06-19,TOR,AZ,Rogers Centre,51,5,2.82,2.18,2.38,JUICED
777449,2025-06-19,NYY,LAA,Yankee Stadium,48,5,4.28,0.72,0.69,NORMAL
777450,2025-06-19,CHC,MIL,Wrigley Field,53,6,4.27,1.73,1.54,NORMAL
777451,2025-06-19,DET,PIT,Comerica Park,56,1,1.26,-0.26,-0.36,NORMAL
777452,2025-06-19,CIN,MIN,Great American Ball Park,61,5,4.78,0.22,0.23,NORMAL
777453,2025-06-18,SEA,BOS,T-Mobile Park,45,2,1.56,0.44,0.49,NORMAL
777454,2025-06-18,SF,CLE,Oracle Park,47,2,1.7,0.3,0.46,NORMAL
777455,2025-06-19,ATL,NYM,Truist Park,46,0,0.66,-0.66,-0.89,NORMAL
777456,2025-06-18,ATH,HOU,Sutter Health Park,63,4,2.68,1.32,1.72,NORMAL
777457,2025-06-18,LAD,SD,Dodger Stadium,50,1,1.96,-0.96,-0.93,NORMAL
777458,2025-06-19,CWS,STL,Rate Field,56,5,2.34,2.66,2.48,JUICED
777459,2025-08-18,CHC,MIL,Wrigley Field,46,2,1.4,0.6,0.81,NORMAL
777460,2025-06-18,TEX,KC,Globe Life Field,56,1,1.28,-0.28,-0.31,NORMAL
777461,2025-06-18,WSH,COL,Nationals Park,54,2,1.54,0.46,0.51,NORMAL
777462,2025-06-18,TOR,AZ,Rogers Centre,51,1,1.21,-0.21,-0.3,NORMAL
777463,2025-06-18,TB,BAL,George M. Steinbrenner Field,61,4,3.15,0.85,0.71,NORMAL
777464,2025-06-19,DET,PIT,Comerica Park,49,4,2.82,1.18,1.31,NORMAL
777465,2025-06-18,MIA,PHI,loanDepot park,48,2,3.86,-1.86,-1.63,NORMAL
777466,2025-06-18,NYY,LAA,Yankee Stadium,46,4,3.67,0.33,0.36,NORMAL
777467,2025-06-17,CWS,STL,Rate Field,60,2,1.36,0.64,0.63,NORMAL
777468,2025-06-17,TEX,KC,Globe Life Field,46,3,3.01,-0.01,-0.01,NORMAL
777469,2025-06-17,ATH,HOU,Sutter Health Park,61,5,2.89,2.11,1.83,NORMAL
777470,2025-06-18,ATL,NYM,Truist Park,51,2,1.6,0.4,0.54,NORMAL
777471,2025-06-17,LAD,SD,Dodger Stadium,54,4,3.98,0.02,0.02,NORMAL
777472,2025-06-17,SF,CLE,Oracle Park,53,1,2.18,-1.18,-1.38,NORMAL
777473,2025-06-17,SEA,BOS,T-Mobile Park,44,1,1.76,-0.76,-0.78,NORMAL
777474,2025-06-18,CIN,MIN,Great American Ball Park,37,2,1.05,0.95,1.41,NORMAL
777475,2025-06-17,DET,PIT,Comerica Park,50,4,4.38,-0.38,-0.34,NORMAL
777476,2025-06-17,NYY,LAA,Yankee Stadium,41,0,0.57,-0.57,-1.08,NORMAL
777477,2025-06-17,TB,BAL,George M. Steinbrenner Field,55,1,1.13,-0.13,-0.23,NORMAL
777478,2025-06-17,CIN,MIN,Great American Ball Park,45,2,1.26,0.74,0.91,NORMAL
777479,2025-06-17,TOR,AZ,Rogers Centre,53,3,3.32,-0.32,-0.35,NORMAL
777480,2025-06-17,WSH,COL,Nationals Park,58,9,7.24,1.76,1.3,NORMAL
777481,2025-06-17,MIA,PHI,loanDepot park,57,3,3.25,-0.25,-0.25,NORMAL
777482,2025-06-17,CHC,MIL,Wrigley Field,48,3,4.18,-1.18,-1.08,NORMAL
777483,2025-06-16,MIA,PHI,loanDepot park,56,2,0.97,1.03,1.5,NORMAL
777484,2025-06-16,TB,BAL,George M. Steinbrenner Field,43,3,1.26,1.74,3.13,JUICED
777485,2025-06-16,ATH,HOU,Sutter Health Park,40,3,2.66,0.34,0.52,NORMAL
777486,2025-06-16,SEA,BOS,T-Mobile Park,33,1,1.21,-0.21,-0.32,NORMAL
777487,2025-06-16,NYY,LAA,Yankee Stadium,63,0,1.79,-1.79,-1.7,NORMAL
777488,2025-06-16,WSH,COL,Nationals Park,52,5,4.83,0.17,0.14,NORMAL
777489,2025-06-17,ATL,NYM,Truist Park,52,2,1.6,0.4,0.47,NORMAL
777490,2025-06-16,LAD,SD,Dodger Stadium,49,1,0.24,0.76,1.65,NORMAL
777491,2025-06-15,AZ,SD,Chase Field,47,3,2.97,0.03,0.04,NORMAL
777492,2025-06-15,MIL,STL,American Family Field,48,2,1.72,0.28,0.39,NORMAL
777493,2025-06-15,TEX,CWS,Globe Life Field,49,1,0.89,0.11,0.16,NORMAL
777494,2025-06-15,HOU,MIN,Daikin Park,49,1,1.07,-0.07,-0.1,NORMAL
777495,2025-06-15,SEA,CLE,T-Mobile Park,46,1,0.88,0.12,0.16,NORMAL
777496,2025-06-15,KC,ATH,Kauffman Stadium,51,2,2.68,-0.68,-0.77,NORMAL
777497,2025-06-15,CHC,PIT,Wrigley Field,57,0,2.13,-2.13,-2.14,DEAD
777498,2025-06-15,LAD,SF,Dodger Stadium,47,3,2.5,0.5,0.64,NORMAL
777499,2025-06-15,PHI,TOR,Citizens Bank Park,57,2,2.38,-0.38,-0.51,NORMAL
777500,2025-06-15,BOS,NYY,Fenway Park,36,1,0.57,0.43,0.74,NORMAL
777501,2025-06-15,BAL,LAA,Oriole Park at Camden Yards,44,4,5.54,-1.54,-1.13,NORMAL
777502,2025-06-15,NYM,TB,Citi Field,47,1,1.66,-0.66,-0.6,NORMAL
777503,2025-06-15,WSH,MIA,Nationals Park,57,1,2.56,-1.56,-1.69,NORMAL
777504,2025-06-15,ATL,COL,Truist Park,42,1,0.47,0.53,0.88,NORMAL
777505,2025-06-15,DET,CIN,Comerica Park,60,3,3.63,-0.63,-0.54,NORMAL
777506,2025-06-14,LAD,SF,Dodger Stadium,58,5,4.9,0.1,0.1,NORMAL
777507,2025-06-14,SEA,CLE,T-Mobile Park,49,1,1.28,-0.28,-0.42,NORMAL
777508,2025-06-14,TEX,CWS,Globe Life Field,56,0,1.87,-1.87,-1.79,NORMAL
777509,2025-06-14,PHI,TOR,Citizens Bank Park,46,1,1.42,-0.42,-0.48,NORMAL
777510,2025-06-14,HOU,MIN,Daikin Park,33,2,1.44,0.56,0.65,NORMAL
777511,2025-06-14,KC,ATH,Kauffman Stadium,48,2,2.31,-0.31,-0.33,NORMAL
777512,2025-06-14,MIL,STL,American Family Field,50,3,3.0,0.0,0.0,NORMAL
777513,2025-06-14,CHC,PIT,Wrigley Field,44,2,3.19,-1.19,-1.1,NORMAL
777514,2025-06-14,WSH,MIA,Nationals Park,59,1,1.45,-0.45,-0.65,NORMAL
777515,2025-06-14,AZ,SD,Chase Field,51,2,2.46,-0.46,-0.64,NORMAL
777516,2025-06-14,BOS,NYY,Fenway Park,48,0,2.14,-2.14,-1.94,NORMAL
777517,2025-06-14,DET,CIN,Comerica Park,58,4,3.89,0.11,0.09,NORMAL
777518,2025-06-14,NYM,TB,Citi Field,56,3,4.25,-1.25,-1.23,NORMAL
777519,2025-06-14,BAL,LAA,Oriole Park at Camden Yards,52,5,3.75,1.25,1.46,NORMAL
777520,2025-06-13,SEA,CLE,T-Mobile Park,59,4,3.18,0.82,0.87,NORMAL
777521,2025-06-13,AZ,SD,Chase Field,49,2,0.75,1.25,1.56,NORMAL
777522,2025-06-13,LAD,SF,Dodger Stadium,50,4,2.88,1.12,1.34,NORMAL
777523,2025-06-14,ATL,COL,Truist Park,37,1,0.91,0.09,0.2,NORMAL
777524,2025-06-13,TEX,CWS,Globe Life Field,50,1,1.12,-0.12,-0.19,NORMAL
777525,2025-06-13,MIL,STL,American Family Field,44,0,0.12,-0.12,-0.35,NORMAL
777526,2025-06-13,CHC,PIT,Wrigley Field,56,0,0.75,-0.75,-0.96,NORMAL
777527,2025-06-13,HOU,MIN,Daikin Park,53,4,2.85,1.15,1.25,NORMAL
777528,2025-06-13,NYM,TB,Citi Field,57,2,3.27,-1.27,-1.7,NORMAL
777529,2025-06-13,KC,ATH,Kauffman Stadium,61,2,2.4,-0.4,-0.53,NORMAL
777530,2025-06-13,WSH,MIA,Nationals Park,67,3,3.48,-0.48,-0.57,NORMAL
777531,2025-06-13,PHI,TOR,Citizens Bank Park,48,1,1.6,-0.6,-0.81,NORMAL
777532,2025-06-12,MIL,STL,American Family Field,49,1,0.57,0.43,0.73,NORMAL
777533,2025-06-12,MIN,TEX,Target Field,64,6,4.92,1.08,0.85,NORMAL
777534,2025-06-12,COL,SF,Coors Field,56,2,1.86,0.14,0.21,NORMAL
777535,2025-06-13,ATL,COL,Truist Park,57,3,2.68,0.32,0.31,NORMAL
777536,2025-06-12,KC,NYY,Kauffman Stadium,49,0,0.37,-0.37,-0.64,NORMAL
777537,2025-06-13,BOS,NYY,Fenway Park,50,1,2.14,-1.14,-1.34,NORMAL
777538,2025-06-13,DET,CIN,Comerica Park,64,6,5.19,0.81,0.76,NORMAL
777539,2025-06-13,BAL,LAA,Oriole Park at Camden Yards,41,2,1.98,0.02,0.04,NORMAL
777540,2025-06-12,BAL,DET,Oriole Park at Camden Yards,45,3,2.89,0.11,0.17,NORMAL
777541,2025-06-12,CHC,PIT,Wrigley Field,39,2,1.93,0.07,0.12,NORMAL
777542,2025-06-11,LAA,ATH,Angel Stadium,49,3,2.28,0.72,1.06,NORMAL
777543,2025-06-11,SD,LAD,Petco Park,52,2,3.23,-1.23,-1.43,NORMAL
777544,2025-06-12,NYM,WSH,Citi Field,51,2,2.07,-0.07,-0.07,NORMAL
777545,2025-06-11,STL,TOR,Busch Stadium,53,2,1.89,0.11,0.12,NORMAL
777546,2025-06-12,HOU,CWS,Daikin Park,48,2,2.21,-0.21,-0.2,NORMAL
777547,2025-06-11,COL,SF,Coors Field,64,2,2.76,-0.76,-0.87,NORMAL
777548,2025-06-11,AZ,SEA,Chase Field,55,3,1.37,1.63,2.03,JUICED
777549,2025-06-11,CLE,CIN,Progressive Field,47,4,2.34,1.66,1.86,NORMAL
777550,2025-06-11,HOU,CWS,Daikin Park,50,1,2.46,-1.46,-1.47,NORMAL
777551,2025-06-11,KC,NYY,Kauffman Stadium,52,2,2.31,-0.31,-0.37,NORMAL
777552,2025-06-11,PIT,MIA,PNC Park,47,2,1.11,0.89,1.04,NORMAL
777553,2025-06-11,PHI,CHC,Citizens Bank Park,48,2,2.45,-0.45,-0.54,NORMAL
777554,2025-06-11,MIL,ATL,American Family Field,47,3,3.34,-0.34,-0.52,NORMAL
777555,2025-06-11,NYM,WSH,Citi Field,50,3,2.86,0.14,0.13,NORMAL
777556,2025-06-11,MIN,TEX,Target Field,53,2,2.99,-0.99,-1.06,NORMAL
777557,2025-06-10,MIN,TEX,Target Field,74,3,3.69,-0.69,-0.66,NORMAL
777558,2025-06-10,STL,TOR,Busch Stadium,71,5,3.83,1.17,1.25,NORMAL
777559,2025-06-10,AZ,SEA,Chase Field,56,5,5.54,-0.54,-0.43,NORMAL
777560,2025-06-10,SD,LAD,Petco Park,53,1,1.76,-0.76,-0.8,NORMAL
777561,2025-06-11,BOS,TB,Fenway Park,45,5,3.56,1.44,1.91,NORMAL
777562,2025-06-11,BAL,DET,Oriole Park at Camden Yards,52,2,1.83,0.17,0.19,NORMAL
777563,2025-06-10,COL,SF,Coors Field,47,4,3.07,0.93,0.89,NORMAL
777564,2025-06-10,LAA,ATH,Angel Stadium,48,1,1.94,-0.94,-1.04,NORMAL
777565,2025-06-10,BOS,TB,Fenway Park,40,1,3.05,-2.05,-2.25,DEAD
777566,2025-06-10,PIT,MIA,PNC Park,53,3,2.6,0.4,0.56,NORMAL
777567,2025-06-10,HOU,CWS,Daikin Park,44,1,0.99,0.01,0.01,NORMAL
777568,2025-06-10,MIL,ATL,American Family Field,41,2,1.47,0.53,0.57,NORMAL
777569,2025-06-10,CLE,CIN,Progressive Field,44,0,0.32,-0.32,-0.6,NORMAL
777570,2025-06-10,NYM,WSH,Citi Field,48,3,2.29,0.71,0.73,NORMAL
777571,2025-06-10,PHI,CHC,Citizens Bank Park,58,5,2.91,2.09,2.55,JUICED
777572,2025-06-10,KC,NYY,Kauffman Stadium,65,3,2.5,0.5,0.64,NORMAL
777573,2025-06-10,BAL,DET,Oriole Park at Camden Yards,51,2,2.32,-0.32,-0.3,NORMAL
777574,2025-06-09,PIT,MIA,PNC Park,59,1,2.67,-1.67,-1.96,NORMAL
777575,2025-06-09,MIL,ATL,American Family Field,46,3,2.98,0.02,0.02,NORMAL
777576,2025-06-09,LAA,ATH,Angel Stadium,51,3,2.75,0.25,0.21,NORMAL
777577,2025-06-09,AZ,SEA,Chase Field,59,3,1.51,1.49,2.33,JUICED
777578,2025-06-09,PHI,CHC,Citizens Bank Park,68,2,3.43,-1.43,-1.25,NORMAL
777579,2025-06-09,SD,LAD,Petco Park,66,1,1.71,-0.71,-0.72,NORMAL
777580,2025-06-09,CLE,CIN,Progressive Field,58,3,1.82,1.18,1.38,NORMAL
777581,2025-06-09,STL,TOR,Busch Stadium,62,3,2.72,0.28,0.27,NORMAL
777582,2025-06-08,STL,LAD,Busch Stadium,59,1,2.01,-1.01,-1.07,NORMAL
777583,2025-06-08,COL,NYM,Coors Field,59,6,4.86,1.14,0.93,NORMAL
777584,2025-06-09,BOS,TB,Fenway Park,67,0,0.42,-0.42,-0.71,NORMAL
777585,2025-06-08,MIN,TOR,Target Field,52,2,1.04,0.96,2.06,JUICED
777586,2025-06-08,MIL,SD,American Family Field,44,1,1.57,-0.57,-0.92,NORMAL
777587,2025-06-08,SF,ATL,Oracle Park,46,0,1.28,-1.28,-1.65,NORMAL
777588,2025-06-08,ATH,BAL,Sutter Health Park,54,1,1.33,-0.33,-0.53,NORMAL
777589,2025-06-08,LAA,SEA,Angel Stadium,37,1,1.54,-0.54,-0.76,NORMAL
777590,2025-06-08,CWS,KC,Rate Field,52,3,2.38,0.62,0.68,NORMAL
777591,2025-06-08,CLE,HOU,Progressive Field,52,1,1.49,-0.49,-0.71,NORMAL
777592,2025-06-08,TB,MIA,George M. Steinbrenner Field,49,1,0.48,0.52,0.81,NORMAL
777593,2025-06-08,NYY,BOS,Yankee Stadium,59,8,4.92,3.08,3.47,JUICED
777594,2025-06-08,DET,CHC,Comerica Park,44,0,1.23,-1.23,-1.36,NORMAL
777595,2025-06-08,PIT,PHI,PNC Park,38,0,1.07,-1.07,-1.37,NORMAL
777596,2025-06-08,WSH,TEX,Nationals Park,49,3,2.76,0.24,0.27,NORMAL
777597,2025-06-07,MIL,SD,American Family Field,52,1,1.33,-0.33,-0.44,NORMAL
777598,2025-06-07,SF,ATL,Oracle Park,42,3,1.97,1.03,1.41,NORMAL
777599,2025-06-07,ATH,BAL,Sutter Health Park,49,2,1.14,0.86,2.37,JUICED
777600,2025-06-07,MIN,TOR,Target Field,56,4,2.57,1.43,1.64,NORMAL
777601,2025-06-07,STL,LAD,Busch Stadium,51,0,1.05,-1.05,-1.89,NORMAL
777602,2025-06-08,CIN,AZ,Great American Ball Park,44,4,3.01,0.99,0.87,NORMAL
777603,2025-06-07,LAA,SEA,Angel Stadium,61,5,5.35,-0.35,-0.28,NORMAL
777604,2025-06-07,COL,NYM,Coors Field,61,4,3.5,0.5,0.45,NORMAL
777605,2025-06-07,NYY,BOS,Yankee Stadium,49,2,0.69,1.31,2.01,JUICED
777606,2025-06-07,CWS,KC,Rate Field,47,3,2.6,0.4,0.35,NORMAL
777607,2025-06-07,PIT,PHI,PNC Park,45,2,1.96,0.04,0.06,NORMAL
777608,2025-06-07,CLE,HOU,Progressive Field,49,2,1.02,0.98,1.24,NORMAL
777609,2025-06-07,DET,CHC,Comerica Park,50,5,4.32,0.68,0.69,NORMAL
777610,2025-06-07,WSH,TEX,Nationals Park,44,0,0.6,-0.6,-0.85,NORMAL
777611,2025-06-07,TB,MIA,George M. Steinbrenner Field,62,6,3.39,2.61,2.83,JUICED
777612,2025-06-07,CIN,AZ,Great American Ball Park,53,3,1.68,1.32,1.22,NORMAL
777613,2025-06-06,ATH,BAL,Sutter Health Park,53,2,1.02,0.98,1.16,NORMAL
777614,2025-06-06,LAA,SEA,Angel Stadium,53,1,3.17,-2.17,-2.05,DEAD
777615,2025-06-06,MIN,TOR,Target Field,53,3,3.64,-0.64,-0.61,NORMAL
777616,2025-06-06,COL,NYM,Coors Field,51,1,2.2,-1.2,-1.16,NORMAL
777617,2025-06-06,MIL,SD,American Family Field,44,1,1.3,-0.3,-0.43,NORMAL
777618,2025-06-06,CWS,KC,Rate Field,50,3,2.0,1.0,1.12,NORMAL
777619,2025-06-06,SF,ATL,Oracle Park,54,1,1.35,-0.35,-0.5,NORMAL
777620,2025-06-06,STL,LAD,Busch Stadium,50,2,2.33,-0.33,-0.39,NORMAL
777621,2025-06-06,PIT,PHI,PNC Park,49,2,2.73,-0.73,-0.79,NORMAL
777622,2025-06-06,CLE,HOU,Progressive Field,53,2,1.58,0.42,0.45,NORMAL
777623,2025-06-06,CIN,AZ,Great American Ball Park,49,4,2.91,1.09,1.21,NORMAL
777624,2025-06-06,WSH,TEX,Nationals Park,49,1,1.85,-0.85,-1.35,NORMAL
777625,2025-06-06,TB,MIA,George M. Steinbrenner Field,55,2,1.81,0.19,0.3,NORMAL
777626,2025-06-06,DET,CHC,Comerica Park,52,2,3.48,-1.48,-1.31,NORMAL
777627,2025-06-06,NYY,BOS,Yankee Stadium,49,5,2.45,2.55,2.61,JUICED
777628,2025-06-05,SEA,BAL,T-Mobile Park,47,3,2.35,0.65,0.63,NORMAL
777629,2025-06-05,TB,TEX,George M. Steinbrenner Field,41,4,1.64,2.36,2.75,JUICED
777630,2025-06-05,PIT,HOU,PNC Park,46,2,2.05,-0.05,-0.08,NORMAL
777631,2025-06-05,LAD,NYM,Dodger Stadium,55,3,2.81,0.19,0.17,NORMAL
777632,2025-06-05,WSH,CHC,Nationals Park,68,2,2.65,-0.65,-0.6,NORMAL
777633,2025-06-05,SF,SD,Oracle Park,40,1,2.25,-1.25,-1.23,NORMAL
777634,2025-06-05,CWS,DET,Rate Field,56,1,1.27,-0.27,-0.29,NORMAL
777635,2025-06-05,STL,KC,Busch Stadium,52,3,2.12,0.88,1.26,NORMAL
777636,2025-06-05,ATH,MIN,Sutter Health Park,55,5,4.22,0.78,0.73,NORMAL
777637,2025-06-05,TOR,PHI,Rogers Centre,57,1,0.72,0.28,0.41,NORMAL
777638,2025-06-04,LAD,NYM,Dodger Stadium,47,3,3.27,-0.27,-0.29,NORMAL
777639,2025-06-04,CWS,DET,Rate Field,56,0,1.55,-1.55,-1.46,NORMAL
777640,2025-06-05,ATL,AZ,Truist Park,57,6,4.62,1.38,1.16,NORMAL
777641,2025-06-04,SF,SD,Oracle Park,58,1,2.97,-1.97,-1.74,NORMAL
777642,2025-06-05,STL,KC,Busch Stadium,70,2,3.1,-1.1,-1.12,NORMAL
777643,2025-06-04,ATH,MIN,Sutter Health Park,43,2,2.25,-0.25,-0.29,NORMAL
777644,2025-06-05,NYY,CLE,Yankee Stadium,48,1,1.73,-0.73,-0.77,NORMAL
777645,2025-06-04,SEA,BAL,T-Mobile Park,39,1,1.73,-0.73,-1.1,NORMAL
777646,2025-06-04,TB,TEX,George M. Steinbrenner Field,45,2,1.91,0.09,0.1,NORMAL
777647,2025-06-04,CIN,MIL,Great American Ball Park,54,3,1.64,1.36,1.83,NORMAL
777648,2025-06-04,PIT,HOU,PNC Park,44,0,0.98,-0.98,-1.24,NORMAL
777649,2025-06-04,BOS,LAA,Fenway Park,60,2,1.75,0.25,0.29,NORMAL
777650,2025-06-04,WSH,CHC,Nationals Park,45,1,0.49,0.51,0.85,NORMAL
777651,2025-06-04,TOR,PHI,Rogers Centre,50,1,1.39,-0.39,-0.43,NORMAL
777652,2025-06-04,MIA,COL,loanDepot park,48,0,2.49,-2.49,-2.06,DEAD
777653,2025-06-04,NYY,CLE,Yankee Stadium,46,2,2.04,-0.04,-0.06,NORMAL
777654,2025-06-04,ATL,AZ,Truist Park,36,0,0.77,-0.77,-1.29,NORMAL
777655,2025-06-03,SEA,BAL,T-Mobile Park,57,2,2.0,-0.0,-0.0,NORMAL
777656,2025-06-03,SF,SD,Oracle Park,61,1,1.32,-0.32,-0.43,NORMAL
777657,2025-06-03,LAD,NYM,Dodger Stadium,55,3,3.83,-0.83,-1.24,NORMAL
777658,2025-06-03,ATH,MIN,Sutter Health Park,48,3,2.76,0.24,0.22,NORMAL
777659,2025-06-03,WSH,CHC,Nationals Park,57,1,2.03,-1.03,-1.15,NORMAL
777660,2025-06-03,STL,KC,Busch Stadium,66,4,2.2,1.8,1.71,NORMAL
777661,2025-06-03,CWS,DET,Rate Field,46,1,1.03,-0.03,-0.05,NORMAL
777662,2025-06-03,TB,TEX,George M. Steinbrenner Field,42,2,0.97,1.03,2.53,JUICED
777663,2025-06-03,PIT,HOU,PNC Park,43,2,3.29,-1.29,-1.21,NORMAL
777664,2025-06-03,NYY,CLE,Yankee Stadium,46,2,2.03,-0.03,-0.04,NORMAL
777665,2025-06-03,TOR,PHI,Rogers Centre,51,5,2.35,2.65,2.39,JUICED
777666,2025-06-03,MIA,COL,loanDepot park,59,1,1.4,-0.4,-0.47,NORMAL
777667,2025-06-03,BOS,LAA,Fenway Park,57,1,2.9,-1.9,-1.95,NORMAL
777668,2025-06-03,CIN,MIL,Great American Ball Park,45,3,1.91,1.09,0.94,NORMAL
777669,2025-06-02,ATH,MIN,Sutter Health Park,58,1,1.3,-0.3,-0.35,NORMAL
777670,2025-06-02,BOS,LAA,Fenway Park,58,5,6.13,-1.13,-0.98,NORMAL
777671,2025-06-02,CIN,MIL,Great American Ball Park,47,1,1.11,-0.11,-0.26,NORMAL
777672,2025-06-03,ATL,AZ,Truist Park,57,5,5.5,-0.5,-0.46,NORMAL
777673,2025-06-02,MIA,COL,loanDepot park,59,2,2.86,-0.86,-0.74,NORMAL
777674,2025-06-02,CWS,DET,Rate Field,60,5,4.66,0.34,0.3,NORMAL
777675,2025-06-02,LAD,NYM,Dodger Stadium,58,2,2.95,-0.95,-1.06,NORMAL
777676,2025-06-02,SF,SD,Oracle Park,47,0,0.23,-0.23,-0.52,NORMAL
777677,2025-06-01,KC,DET,Kauffman Stadium,51,0,0.86,-0.86,-1.2,NORMAL
777678,2025-06-01,TEX,STL,Globe Life Field,52,1,1.91,-0.91,-1.09,NORMAL
777679,2025-06-01,AZ,WSH,Chase Field,43,1,0.95,0.05,0.11,NORMAL
777680,2025-06-01,SEA,MIN,T-Mobile Park,43,1,1.81,-0.81,-1.12,NORMAL
777681,2025-06-01,SD,PIT,Petco Park,49,3,3.01,-0.01,-0.02,NORMAL
777682,2025-06-01,LAD,NYY,Dodger Stadium,48,4,2.38,1.62,1.76,NORMAL
777683,2025-06-01,CLE,LAA,Progressive Field,42,1,0.55,0.45,0.69,NORMAL
777684,2025-06-01,BAL,CWS,Oriole Park at Camden Yards,48,1,1.63,-0.63,-0.59,NORMAL
777685,2025-06-01,TOR,ATH,Rogers Centre,54,1,1.1,-0.1,-0.19,NORMAL
777686,2025-06-01,NYM,COL,Citi Field,41,5,3.38,1.62,1.51,NORMAL
777687,2025-06-01,CHC,CIN,Wrigley Field,53,2,3.08,-1.08,-1.41,NORMAL
777688,2025-06-01,PHI,MIL,Citizens Bank Park,58,0,0.13,-0.13,-0.37,NORMAL
777689,2025-06-01,MIA,SF,loanDepot park,50,1,0.96,0.04,0.07,NORMAL
777690,2025-06-01,HOU,TB,Daikin Park,35,0,0.23,-0.23,-0.52,NORMAL
777691,2025-05-31,SD,PIT,Petco Park,51,1,1.73,-0.73,-0.87,NORMAL
777692,2025-06-01,ATL,BOS,Truist Park,40,1,1.27,-0.27,-0.36,NORMAL
777693,2025-05-31,HOU,TB,Daikin Park,61,7,4.69,2.31,1.62,NORMAL
777694,2025-05-31,KC,DET,Kauffman Stadium,41,0,0.46,-0.46,-0.74,NORMAL
777695,2025-05-31,SEA,MIN,T-Mobile Park,62,3,3.45,-0.45,-0.41,NORMAL
777696,2025-05-31,AZ,WSH,Chase Field,63,2,2.13,-0.13,-0.11,NORMAL
777697,2025-05-31,TEX,STL,Globe Life Field,43,0,0.98,-0.98,-1.27,NORMAL
777698,2025-05-31,LAD,NYY,Dodger Stadium,61,7,5.64,1.36,1.37,NORMAL
777699,2025-05-31,BAL,CWS,Oriole Park at Camden Yards,48,2,2.86,-0.86,-0.88,NORMAL
777700,2025-05-31,NYM,COL,Citi Field,47,4,3.52,0.48,0.56,NORMAL
777701,2025-05-31,TOR,ATH,Rogers Centre,58,7,7.11,-0.11,-0.09,NORMAL
777702,2025-05-31,PHI,MIL,Citizens Bank Park,70,5,3.07,1.93,1.62,NORMAL
777703,2025-05-31,CLE,LAA,Progressive Field,55,6,3.51,2.49,1.97,NORMAL
777704,2025-05-31,CHC,CIN,Wrigley Field,37,0,0.74,-0.74,-1.09,NORMAL
777705,2025-05-31,MIA,SF,loanDepot park,40,0,1.28,-1.28,-1.68,NORMAL
777706,2025-05-31,ATL,BOS,Truist Park,43,2,1.63,0.37,0.36,NORMAL
777707,2025-05-30,SD,PIT,Petco Park,43,0,0.31,-0.31,-0.64,NORMAL
777708,2025-05-30,LAD,NYY,Dodger Stadium,59,6,4.33,1.67,1.45,NORMAL
777709,2025-05-30,TEX,STL,Globe Life Field,52,2,2.99,-0.99,-1.1,NORMAL
777710,2025-05-30,AZ,WSH,Chase Field,59,2,2.79,-0.79,-0.82,NORMAL
777711,2025-05-30,KC,DET,Kauffman Stadium,54,4,5.17,-1.17,-1.22,NORMAL
777712,2025-05-30,CHC,CIN,Wrigley Field,50,3,2.25,0.75,0.78,NORMAL
777713,2025-05-30,SEA,MIN,T-Mobile Park,67,7,4.46,2.54,2.05,JUICED
777714,2025-05-30,HOU,TB,Daikin Park,42,2,1.63,0.37,0.49,NORMAL
777715,2025-05-30,PHI,MIL,Citizens Bank Park,53,3,1.56,1.44,2.23,JUICED
777716,2025-05-30,TOR,ATH,Rogers Centre,59,4,4.91,-0.91,-0.8,NORMAL
777717,2025-05-30,MIA,SF,loanDepot park,43,1,1.92,-0.92,-1.13,NORMAL
777718,2025-05-30,NYM,COL,Citi Field,48,4,2.29,1.71,1.45,NORMAL
777719,2025-05-30,ATL,BOS,Truist Park,49,1,1.33,-0.33,-0.6,NORMAL
777720,2025-05-30,BAL,CWS,Oriole Park at Camden Yards,43,0,0.78,-0.78,-1.16,NORMAL
777721,2025-05-30,CLE,LAA,Progressive Field,53,1,1.57,-0.57,-0.78,NORMAL
777722,2025-05-29,SEA,WSH,T-Mobile Park,56,1,3.12,-2.12,-2.15,DEAD
777723,2025-05-29,PHI,ATL,Citizens Bank Park,50,2,1.85,0.15,0.18,NORMAL
777724,2025-05-28,TEX,TOR,Globe Life Field,40,1,1.98,-0.98,-1.78,NORMAL
777725,2025-05-29,HOU,TB,Daikin Park,58,3,2.97,0.03,0.03,NORMAL
777726,2025-05-28,SD,MIA,Petco Park,65,4,4.05,-0.05,-0.04,NORMAL
777727,2025-05-29,TOR,ATH,Rogers Centre,56,4,3.34,0.66,0.61,NORMAL
777728,2025-05-28,LAA,NYY,Angel Stadium,43,0,0.13,-0.13,-0.37,NORMAL
777729,2025-05-28,AZ,PIT,Chase Field,53,2,2.71,-0.71,-0.84,NORMAL
777730,2025-05-28,SEA,WSH,T-Mobile Park,59,4,2.8,1.2,1.32,NORMAL
777731,2025-05-28,CHC,COL,Wrigley Field,44,1,2.38,-1.38,-1.58,NORMAL
777732,2025-05-28,TB,MIN,George M. Steinbrenner Field,49,2,1.72,0.28,0.4,NORMAL
777733,2025-05-28,KC,CIN,Kauffman Stadium,55,0,0.88,-0.88,-1.06,NORMAL
777734,2025-05-28,HOU,ATH,Daikin Park,42,2,1.57,0.43,0.45,NORMAL
777735,2025-05-29,PHI,ATL,Citizens Bank Park,53,3,5.05,-2.05,-1.55,NORMAL
777736,2025-05-28,MIL,BOS,American Family Field,59,3,3.11,-0.11,-0.12,NORMAL
777737,2025-05-28,NYM,CWS,Citi Field,53,2,1.87,0.13,0.16,NORMAL
777738,2025-05-28,DET,SF,Comerica Park,42,1,1.04,-0.04,-0.13,NORMAL
777739,2025-05-28,CLE,LAD,Progressive Field,53,1,2.11,-1.11,-1.24,NORMAL
777740,2025-05-28,BAL,STL,Oriole Park at Camden Yards,52,1,2.48,-1.48,-1.44,NORMAL
777741,2025-05-27,TEX,TOR,Globe Life Field,44,0,0.89,-0.89,-1.37,NORMAL
777742,2025-05-27,SD,MIA,Petco Park,65,2,2.24,-0.24,-0.23,NORMAL
777743,2025-05-27,SEA,WSH,T-Mobile Park,52,4,5.54,-1.54,-1.16,NORMAL
777744,2025-05-27,AZ,PIT,Chase Field,57,3,4.17,-1.17,-1.17,NORMAL
777745,2025-05-27,LAA,NYY,Angel Stadium,50,3,3.05,-0.05,-0.06,NORMAL
777746,2025-05-27,TB,MIN,George M. Steinbrenner Field,46,1,1.1,-0.1,-0.12,NORMAL
777747,2025-05-27,MIL,BOS,American Family Field,52,1,1.41,-0.41,-0.7,NORMAL
777748,2025-05-27,PHI,ATL,Citizens Bank Park,39,0,0.02,-0.02,-0.14,NORMAL
777749,2025-05-27,NYM,CWS,Citi Field,54,3,1.86,1.14,0.99,NORMAL
777750,2025-05-27,KC,CIN,Kauffman Stadium,52,3,3.29,-0.29,-0.29,NORMAL
777751,2025-05-27,CHC,COL,Wrigley Field,61,1,2.78,-1.78,-1.38,NORMAL
777752,2025-05-27,HOU,ATH,Daikin Park,51,5,2.79,2.21,2.3,JUICED
777753,2025-05-27,CLE,LAD,Progressive Field,45,4,5.44,-1.44,-1.16,NORMAL
777754,2025-05-27,BAL,STL,Oriole Park at Camden Yards,54,3,3.31,-0.31,-0.35,NORMAL
777755,2025-05-27,DET,SF,Comerica Park,38,1,1.87,-0.87,-1.0,NORMAL
777756,2025-05-26,SD,MIA,Petco Park,58,2,3.16,-1.16,-1.1,NORMAL
777757,2025-05-26,CHC,COL,Wrigley Field,43,1,2.42,-1.42,-1.72,NORMAL
777758,2025-05-26,NYM,CWS,Citi Field,49,0,1.26,-1.26,-1.53,NORMAL
777759,2025-05-26,TEX,TOR,Globe Life Field,60,2,2.11,-0.11,-0.16,NORMAL
777760,2025-05-26,KC,CIN,Kauffman Stadium,63,2,1.89,0.11,0.13,NORMAL
777761,2025-05-26,AZ,PIT,Chase Field,58,2,1.87,0.13,0.16,NORMAL
777762,2025-05-26,TB,MIN,George M. Steinbrenner Field,54,3,3.08,-0.08,-0.08,NORMAL
777763,2025-05-26,LAA,NYY,Angel Stadium,48,1,1.16,-0.16,-0.21,NORMAL
777764,2025-05-26,MIL,BOS,American Family Field,43,1,1.23,-0.23,-0.41,NORMAL
777765,2025-05-25,ATH,PHI,Sutter Health Park,49,2,1.0,1.0,1.27,NORMAL
777766,2025-05-25,STL,AZ,Busch Stadium,55,1,3.18,-2.18,-2.14,DEAD
777767,2025-05-25,LAA,MIA,Angel Stadium,40,0,0.7,-0.7,-0.96,NORMAL
777768,2025-05-25,COL,NYY,Coors Field,47,1,1.31,-0.31,-0.47,NORMAL
777769,2025-05-26,CLE,LAD,Progressive Field,51,2,2.47,-0.47,-0.69,NORMAL
777770,2025-05-26,DET,SF,Comerica Park,49,0,1.0,-1.0,-1.23,NORMAL
777771,2025-05-26,BAL,STL,Oriole Park at Camden Yards,45,2,1.41,0.59,0.83,NORMAL
777772,2025-05-25,MIN,KC,Target Field,50,0,0.87,-0.87,-1.3,NORMAL
777773,2025-05-25,NYM,LAD,Citi Field,46,2,2.75,-0.75,-0.7,NORMAL
777774,2025-05-25,HOU,SEA,Daikin Park,56,1,0.51,0.49,0.76,NORMAL
777775,2025-05-25,TB,TOR,George M. Steinbrenner Field,57,2,1.09,0.91,1.53,NORMAL
777776,2025-05-25,PIT,MIL,PNC Park,59,1,2.26,-1.26,-1.78,NORMAL
777777,2025-05-25,CWS,TEX,Rate Field,49,3,4.11,-1.11,-1.08,NORMAL
777778,2025-05-25,WSH,SF,Nationals Park,50,1,1.15,-0.15,-0.18,NORMAL
777779,2025-05-25,CIN,CHC,Great American Ball Park,56,3,2.24,0.76,0.93,NORMAL
777780,2025-05-25,DET,CLE,Comerica Park,41,1,2.1,-1.1,-1.13,NORMAL
777781,2025-05-24,LAA,MIA,Angel Stadium,58,1,1.19,-0.19,-0.21,NORMAL
777782,2025-05-24,COL,NYY,Coors Field,58,1,1.37,-0.37,-0.41,NORMAL
777783,2025-05-25,ATL,SD,Truist Park,43,3,2.95,0.05,0.05,NORMAL
777784,2025-05-24,ATH,PHI,Sutter Health Park,64,4,3.07,0.93,0.87,NORMAL
777785,2025-05-25,BOS,BAL,Fenway Park,57,2,2.2,-0.2,-0.24,NORMAL
777786,2025-05-24,STL,AZ,Busch Stadium,55,1,2.08,-1.08,-1.19,NORMAL
777787,2025-05-24,HOU,SEA,Daikin Park,47,0,1.23,-1.23,-1.63,NORMAL
777788,2025-05-24,MIN,KC,Target Field,51,2,1.77,0.23,0.31,NORMAL
777789,2025-05-24,NYM,LAD,Citi Field,47,0,1.47,-1.47,-1.6,NORMAL
777790,2025-05-24,BOS,BAL,Fenway Park,48,1,1.3,-0.3,-0.42,NORMAL
777791,2025-05-24,CIN,CHC,Great American Ball Park,53,3,4.62,-1.62,-1.56,NORMAL
777792,2025-05-24,CWS,TEX,Rate Field,60,3,4.31,-1.31,-1.0,NORMAL
777793,2025-05-24,WSH,SF,Nationals Park,45,1,1.15,-0.15,-0.25,NORMAL
777794,2025-05-24,PIT,MIL,PNC Park,48,0,0.05,-0.05,-0.22,NORMAL
777795,2025-05-24,TB,TOR,George M. Steinbrenner Field,50,2,2.08,-0.08,-0.09,NORMAL
777796,2025-05-24,DET,CLE,Comerica Park,56,1,1.09,-0.09,-0.1,NORMAL
777797,2025-05-23,STL,AZ,Busch Stadium,51,2,4.09,-2.09,-1.74,NORMAL
777798,2025-05-23,LAA,MIA,Angel Stadium,51,3,3.71,-0.71,-0.8,NORMAL
777799,2025-05-23,MIN,KC,Target Field,47,2,2.52,-0.52,-0.59,NORMAL
777800,2025-05-23,HOU,SEA,Daikin Park,58,4,2.14,1.86,3.82,JUICED
777801,2025-05-23,WSH,SF,Nationals Park,43,0,0.49,-0.49,-0.84,NORMAL
777802,2025-05-23,COL,NYY,Coors Field,44,1,1.02,-0.02,-0.03,NORMAL
777803,2025-05-24,ATL,SD,Truist Park,54,2,2.44,-0.44,-0.74,NORMAL
777804,2025-05-23,ATH,PHI,Sutter Health Park,45,2,1.05,0.95,1.13,NORMAL
777805,2025-05-23,CWS,TEX,Rate Field,45,0,1.19,-1.19,-1.77,NORMAL
777806,2025-05-23,PIT,MIL,PNC Park,54,3,3.34,-0.34,-0.35,NORMAL
777807,2025-05-23,DET,CLE,Comerica Park,52,1,2.63,-1.63,-1.83,NORMAL
777808,2025-05-23,NYM,LAD,Citi Field,66,1,2.21,-1.21,-1.03,NORMAL
777809,2025-05-24,BOS,BAL,Fenway Park,54,3,2.65,0.35,0.5,NORMAL
777810,2025-05-23,TB,TOR,George M. Steinbrenner Field,47,2,2.23,-0.23,-0.32,NORMAL
777811,2025-05-23,CIN,CHC,Great American Ball Park,66,4,4.89,-0.89,-0.75,NORMAL
777812,2025-05-22,ATH,LAA,Sutter Health Park,58,3,1.83,1.17,1.59,NORMAL
777813,2025-05-23,ATL,SD,Truist Park,44,3,2.51,0.49,0.74,NORMAL
777814,2025-05-22,PIT,MIL,PNC Park,58,4,2.52,1.48,1.95,NORMAL
777815,2025-05-23,BOS,BAL,Fenway Park,67,3,4.41,-1.41,-0.96,NORMAL
777816,2025-05-22,TOR,SD,Rogers Centre,64,2,1.27,0.73,0.76,NORMAL
777817,2025-05-22,COL,PHI,Coors Field,48,0,0.45,-0.45,-0.76,NORMAL
777818,2025-05-22,NYY,TEX,Yankee Stadium,41,1,1.62,-0.62,-0.63,NORMAL
777819,2025-05-21,SF,KC,Oracle Park,66,4,3.63,0.37,0.42,NORMAL
777820,2025-05-22,WSH,ATL,Nationals Park,65,2,2.96,-0.96,-0.79,NORMAL
777821,2025-05-22,DET,CLE,Comerica Park,43,1,0.5,0.5,0.86,NORMAL
777822,2025-05-22,HOU,SEA,Daikin Park,52,3,2.44,0.56,0.63,NORMAL
777823,2025-05-21,COL,PHI,Coors Field,65,4,3.51,0.49,0.44,NORMAL
777824,2025-05-21,LAD,AZ,Dodger Stadium,42,2,2.24,-0.24,-0.34,NORMAL
777825,2025-09-16,WSH,ATL,Nationals Park,57,2,3.15,-1.15,-1.04,NORMAL
777826,2025-05-21,MIL,BAL,American Family Field,68,2,2.57,-0.57,-0.68,NORMAL
777827,2025-05-21,STL,DET,Busch Stadium,47,0,0.69,-0.69,-0.92,NORMAL
777828,2025-05-21,ATH,LAA,Sutter Health Park,62,7,5.73,1.27,1.22,NORMAL
777829,2025-05-21,MIN,CLE,Target Field,53,1,1.68,-0.68,-0.82,NORMAL
777830,2025-05-21,CWS,SEA,Rate Field,52,6,3.29,2.71,2.94,JUICED
777831,2025-05-21,BOS,NYM,Fenway Park,44,1,4.32,-3.32,-3.6,DEAD
777832,2025-05-21,TB,HOU,George M. Steinbrenner Field,46,7,3.62,3.38,2.97,JUICED
777833,2025-05-21,MIA,CHC,loanDepot park,53,1,2.24,-1.24,-1.53,NORMAL
777834,2025-05-21,PIT,CIN,PNC Park,45,0,0.69,-0.69,-0.94,NORMAL
777835,2025-05-21,NYY,TEX,Yankee Stadium,44,5,5.01,-0.01,-0.02,NORMAL
777836,2025-05-20,SF,KC,Oracle Park,45,0,0.74,-0.74,-1.06,NORMAL
777837,2025-05-21,TOR,SD,Rogers Centre,57,2,2.92,-0.92,-0.81,NORMAL
777838,2025-05-20,LAD,AZ,Dodger Stadium,51,2,1.05,0.95,1.09,NORMAL
777839,2025-09-20,MIN,CLE,Target Field,47,5,2.55,2.45,2.81,JUICED
777840,2025-05-20,STL,DET,Busch Stadium,54,3,4.82,-1.82,-1.49,NORMAL
777841,2025-05-20,WSH,ATL,Nationals Park,53,2,2.14,-0.14,-0.17,NORMAL
777842,2025-05-20,COL,PHI,Coors Field,61,1,0.85,0.15,0.21,NORMAL
777843,2025-05-20,ATH,LAA,Sutter Health Park,61,4,4.9,-0.9,-0.66,NORMAL
777844,2025-05-20,MIL,BAL,American Family Field,46,3,2.83,0.17,0.17,NORMAL
777845,2025-05-20,TOR,SD,Rogers Centre,42,2,1.63,0.37,0.42,NORMAL
777846,2025-05-20,CWS,SEA,Rate Field,45,0,0.76,-0.76,-1.06,NORMAL
777847,2025-05-20,PIT,CIN,PNC Park,48,0,0.19,-0.19,-0.45,NORMAL
777848,2025-05-20,TB,HOU,George M. Steinbrenner Field,47,1,0.86,0.14,0.25,NORMAL
777849,2025-05-20,NYY,TEX,Yankee Stadium,46,3,2.26,0.74,0.77,NORMAL
777850,2025-05-20,MIA,CHC,loanDepot park,68,3,3.25,-0.25,-0.27,NORMAL
777851,2025-05-20,BOS,NYM,Fenway Park,43,2,1.74,0.26,0.26,NORMAL
777852,2025-05-19,COL,PHI,Coors Field,61,4,3.68,0.32,0.3,NORMAL
777853,2025-05-19,ATH,LAA,Sutter Health Park,46,2,2.91,-0.91,-0.98,NORMAL
777854,2025-05-19,LAD,AZ,Dodger Stadium,64,6,5.78,0.22,0.18,NORMAL
777855,2025-05-19,SF,KC,Oracle Park,50,1,0.88,0.12,0.17,NORMAL
777856,2025-05-19,BOS,NYM,Fenway Park,51,0,1.75,-1.75,-2.22,DEAD
777857,2025-05-19,CWS,SEA,Rate Field,54,1,2.62,-1.62,-1.57,NORMAL
777858,2025-05-19,TB,HOU,George M. Steinbrenner Field,55,3,1.41,1.59,1.6,NORMAL
777859,2025-05-19,PIT,CIN,PNC Park,51,0,1.64,-1.64,-1.92,NORMAL
777860,2025-05-19,MIL,BAL,American Family Field,51,2,2.6,-0.6,-0.63,NORMAL
777861,2025-05-19,MIN,CLE,Target Field,54,1,2.86,-1.86,-1.67,NORMAL
777862,2025-05-19,STL,DET,Busch Stadium,58,1,1.63,-0.63,-0.71,NORMAL
777863,2025-05-19,MIA,CHC,loanDepot park,53,3,5.89,-2.89,-2.03,DEAD
777864,2025-05-18,KC,STL,Kauffman Stadium,57,1,1.38,-0.38,-0.46,NORMAL
777865,2025-05-18,MIL,MIN,American Family Field,47,1,2.29,-1.29,-1.69,NORMAL
777866,2025-05-18,LAD,LAA,Dodger Stadium,47,4,3.25,0.75,0.71,NORMAL
777867,2025-05-18,SF,ATH,Oracle Park,49,1,1.17,-0.17,-0.18,NORMAL
777868,2025-05-18,SD,SEA,Petco Park,51,2,2.49,-0.49,-0.42,NORMAL
777869,2025-05-18,TEX,HOU,Globe Life Field,48,2,2.44,-0.44,-0.36,NORMAL
777870,2025-05-18,AZ,COL,Chase Field,35,1,0.67,0.33,0.49,NORMAL
777871,2025-05-18,TOR,DET,Rogers Centre,54,0,1.37,-1.37,-1.45,NORMAL
777872,2025-05-18,CHC,CWS,Wrigley Field,55,1,1.83,-0.83,-0.89,NORMAL
777873,2025-05-18,BAL,WSH,Oriole Park at Camden Yards,55,8,5.04,2.96,2.43,JUICED
777874,2025-05-18,CIN,CLE,Great American Ball Park,50,2,1.84,0.16,0.32,NORMAL
777875,2025-05-17,SD,SEA,Petco Park,47,3,2.87,0.13,0.2,NORMAL
777876,2025-05-18,BOS,ATL,Fenway Park,62,2,2.77,-0.77,-0.85,NORMAL
777877,2025-05-18,MIA,TB,loanDepot park,47,2,1.1,0.9,1.19,NORMAL
777878,2025-05-18,NYY,NYM,Yankee Stadium,46,1,1.49,-0.49,-0.62,NORMAL
777879,2025-05-17,SF,ATH,Oracle Park,49,0,0.61,-0.61,-0.91,NORMAL
777880,2025-05-18,PHI,PIT,Citizens Bank Park,34,0,0.1,-0.1,-0.32,NORMAL
777881,2025-05-17,CHC,CWS,Wrigley Field,47,3,1.78,1.22,1.35,NORMAL
777882,2025-05-17,TEX,HOU,Globe Life Field,50,2,2.7,-0.7,-0.7,NORMAL
777883,2025-05-17,MIL,MIN,American Family Field,54,2,1.54,0.46,0.69,NORMAL
777884,2025-05-17,LAD,LAA,Dodger Stadium,68,5,4.67,0.33,0.28,NORMAL
777885,2025-05-17,KC,STL,Kauffman Stadium,51,1,1.87,-0.87,-1.18,NORMAL
777886,2025-05-17,TOR,DET,Rogers Centre,43,1,1.32,-0.32,-0.5,NORMAL
777887,2025-05-17,AZ,COL,Chase Field,73,7,5.71,1.29,0.99,NORMAL
777888,2025-05-17,NYY,NYM,Yankee Stadium,52,2,1.81,0.19,0.24,NORMAL
777889,2025-05-17,MIA,TB,loanDepot park,57,0,0.43,-0.43,-0.75,NORMAL
777890,2025-05-17,BAL,WSH,Oriole Park at Camden Yards,57,1,2.22,-1.22,-1.27,NORMAL
777891,2025-05-16,SF,ATH,Oracle Park,53,3,1.59,1.41,1.41,NORMAL
777892,2025-05-17,CIN,CLE,Great American Ball Park,43,3,2.0,1.0,1.17,NORMAL
777893,2025-05-17,BOS,ATL,Fenway Park,58,5,5.28,-0.28,-0.27,NORMAL
777894,2025-05-17,PHI,PIT,Citizens Bank Park,46,2,1.71,0.29,0.43,NORMAL
777895,2025-05-16,TEX,HOU,Globe Life Field,56,2,3.97,-1.97,-1.62,NORMAL
777896,2025-05-16,SD,SEA,Petco Park,51,3,2.15,0.85,1.02,NORMAL
777897,2025-05-16,AZ,COL,Chase Field,48,0,0.44,-0.44,-0.74,NORMAL
777898,2025-05-16,MIL,MIN,American Family Field,46,0,0.73,-0.73,-0.93,NORMAL
777899,2025-05-16,LAD,LAA,Dodger Stadium,43,2,1.97,0.03,0.06,NORMAL
777900,2025-05-16,CHC,CWS,Wrigley Field,65,3,1.98,1.02,1.31,NORMAL
777901,2025-05-16,KC,STL,Kauffman Stadium,61,1,1.45,-0.45,-0.63,NORMAL
777902,2025-05-16,CIN,CLE,Great American Ball Park,53,4,3.12,0.88,0.74,NORMAL
777903,2025-05-16,MIA,TB,loanDepot park,53,0,1.65,-1.65,-2.34,DEAD
777904,2025-05-16,NYY,NYM,Yankee Stadium,46,0,0.22,-0.22,-0.48,NORMAL
777905,2025-05-16,PHI,PIT,Citizens Bank Park,53,1,0.85,0.15,0.19,NORMAL
777906,2025-05-16,TOR,DET,Rogers Centre,52,5,3.76,1.24,1.13,NORMAL
777907,2025-05-16,BAL,WSH,Oriole Park at Camden Yards,43,2,3.18,-1.18,-1.03,NORMAL
777908,2025-05-16,BOS,ATL,Fenway Park,43,3,2.27,0.73,0.75,NORMAL
777909,2025-05-15,ATL,WSH,Truist Park,51,1,0.68,0.32,0.58,NORMAL
777910,2025-05-15,TEX,HOU,Globe Life Field,43,1,0.63,0.37,0.49,NORMAL
777911,2025-05-15,BAL,MIN,Oriole Park at Camden Yards,50,2,1.85,0.15,0.18,NORMAL
777912,2025-05-15,CIN,CWS,Great American Ball Park,54,3,2.57,0.43,0.43,NORMAL
777913,2025-05-15,TOR,TB,Rogers Centre,58,7,5.01,1.99,1.47,NORMAL
777914,2025-05-14,SD,LAA,Petco Park,47,2,0.99,1.01,1.26,NORMAL
777915,2025-05-14,SEA,NYY,T-Mobile Park,40,2,4.22,-2.22,-2.29,DEAD
777916,2025-05-14,SF,AZ,Oracle Park,57,4,3.43,0.57,0.7,NORMAL
777917,2025-05-14,LAD,ATH,Dodger Stadium,53,5,4.78,0.22,0.3,NORMAL
777918,2025-05-14,TEX,COL,Globe Life Field,48,4,2.28,1.72,1.8,NORMAL
777919,2025-05-14,NYM,PIT,Citi Field,50,2,3.13,-1.13,-1.0,NORMAL
777920,2025-05-14,HOU,KC,Daikin Park,48,2,2.11,-0.11,-0.19,NORMAL
777921,2025-05-14,CHC,MIA,Wrigley Field,44,4,3.53,0.47,0.37,NORMAL
777922,2025-05-14,PHI,STL,Citizens Bank Park,45,0,1.02,-1.02,-1.42,NORMAL
777923,2025-05-14,TOR,TB,Rogers Centre,48,1,1.83,-0.83,-1.0,NORMAL
777924,2025-05-14,BAL,MIN,Oriole Park at Camden Yards,52,3,1.69,1.31,1.73,NORMAL
777925,2025-05-14,CLE,MIL,Progressive Field,52,4,2.81,1.19,1.13,NORMAL
777926,2025-05-13,SEA,NYY,T-Mobile Park,48,0,1.34,-1.34,-1.4,NORMAL
777927,2025-05-14,DET,BOS,Comerica Park,50,2,3.67,-1.67,-1.91,NORMAL
777928,2025-05-14,CIN,CWS,Great American Ball Park,58,3,4.1,-1.1,-1.0,NORMAL
777929,2025-05-14,ATL,WSH,Truist Park,54,0,1.85,-1.85,-2.08,DEAD
777930,2025-05-13,SF,AZ,Oracle Park,59,5,4.19,0.81,0.66,NORMAL
777931,2025-05-13,HOU,KC,Daikin Park,41,2,2.34,-0.34,-0.35,NORMAL
777932,2025-05-13,SD,LAA,Petco Park,44,3,2.51,0.49,0.47,NORMAL
777933,2025-05-14,PHI,STL,Citizens Bank Park,66,6,4.13,1.87,1.55,NORMAL
777934,2025-05-13,TEX,COL,Globe Life Field,49,2,2.67,-0.67,-0.53,NORMAL
777935,2025-05-13,TOR,TB,Rogers Centre,53,7,5.68,1.32,1.33,NORMAL
777936,2025-05-13,CHC,MIA,Wrigley Field,55,3,3.79,-0.79,-1.09,NORMAL
777937,2025-05-13,LAD,ATH,Dodger Stadium,61,5,4.02,0.98,0.75,NORMAL
777938,2025-05-14,BAL,MIN,Oriole Park at Camden Yards,53,5,5.07,-0.07,-0.07,NORMAL
777939,2025-05-12,SF,AZ,Oracle Park,49,2,1.91,0.09,0.1,NORMAL
777940,2025-05-13,DET,BOS,Comerica Park,59,6,3.34,2.66,2.68,JUICED
777941,2025-05-12,SEA,NYY,T-Mobile Park,54,7,4.37,2.63,2.14,JUICED
777942,2025-05-13,ATL,WSH,Truist Park,48,2,2.05,-0.05,-0.05,NORMAL
777943,2025-05-13,NYM,PIT,Citi Field,45,1,1.59,-0.59,-0.69,NORMAL
777944,2025-05-13,CLE,MIL,Progressive Field,41,1,0.36,0.64,1.12,NORMAL
777945,2025-05-13,CIN,CWS,Great American Ball Park,50,2,2.28,-0.28,-0.35,NORMAL
777946,2025-05-15,LAD,ATH,Dodger Stadium,57,6,3.54,2.46,2.33,JUICED
777947,2025-05-12,SD,LAA,Petco Park,47,3,2.15,0.85,0.89,NORMAL
777948,2025-05-12,HOU,KC,Daikin Park,65,1,0.62,0.38,0.56,NORMAL
777949,2025-05-12,TEX,COL,Globe Life Field,42,1,1.23,-0.23,-0.35,NORMAL
777950,2025-05-12,NYM,PIT,Citi Field,52,1,1.58,-0.58,-0.6,NORMAL
777951,2025-05-12,DET,BOS,Comerica Park,61,4,3.73,0.27,0.23,NORMAL
777952,2025-05-12,CHC,MIA,Wrigley Field,50,3,2.94,0.06,0.06,NORMAL
777953,2025-05-12,PHI,STL,Citizens Bank Park,50,2,0.83,1.17,1.37,NORMAL
777954,2025-05-11,AZ,LAD,Chase Field,60,2,1.42,0.58,0.86,NORMAL
777955,2025-05-11,COL,SD,Coors Field,53,2,3.03,-1.03,-1.02,NORMAL
777956,2025-05-11,MIN,SF,Target Field,60,2,3.06,-1.06,-0.98,NORMAL
777957,2025-05-11,ATH,NYY,Sutter Health Park,60,2,2.15,-0.15,-0.26,NORMAL
777958,2025-05-11,SEA,TOR,T-Mobile Park,57,3,2.84,0.16,0.19,NORMAL
777959,2025-05-12,ATL,WSH,Truist Park,55,2,3.15,-1.15,-1.22,NORMAL
777960,2025-05-12,CLE,MIL,Progressive Field,45,0,0.56,-0.56,-0.85,NORMAL
777961,2025-05-11,LAA,BAL,Angel Stadium,49,2,2.18,-0.18,-0.23,NORMAL
777962,2025-05-11,WSH,STL,Nationals Park,46,4,2.55,1.45,1.8,NORMAL
777963,2025-05-11,HOU,CIN,Daikin Park,40,1,1.06,-0.06,-0.18,NORMAL
777964,2025-05-11,TB,MIL,George M. Steinbrenner Field,55,2,1.17,0.83,1.12,NORMAL
777965,2025-05-11,KC,BOS,Kauffman Stadium,50,2,2.29,-0.29,-0.46,NORMAL
777966,2025-05-11,CWS,MIA,Rate Field,46,1,1.03,-0.03,-0.05,NORMAL
777967,2025-05-11,PIT,ATL,PNC Park,55,0,0.68,-0.68,-0.89,NORMAL
777968,2025-05-11,NYM,CHC,Citi Field,46,4,3.77,0.23,0.24,NORMAL
777969,2025-05-11,DET,TEX,Comerica Park,52,3,3.64,-0.64,-0.55,NORMAL
777970,2025-05-10,SEA,TOR,T-Mobile Park,50,2,1.9,0.1,0.11,NORMAL
777971,2025-05-11,CLE,PHI,Progressive Field,36,2,3.03,-1.03,-1.12,NORMAL
777972,2025-05-10,ATH,NYY,Sutter Health Park,52,6,4.0,2.0,1.71,NORMAL
777973,2025-05-10,LAA,BAL,Angel Stadium,47,2,1.45,0.55,0.82,NORMAL
777974,2025-05-10,MIN,SF,Target Field,37,2,3.05,-1.05,-0.99,NORMAL
777975,2025-05-10,AZ,LAD,Chase Field,49,1,1.1,-0.1,-0.28,NORMAL
777976,2025-05-10,COL,SD,Coors Field,67,5,3.28,1.72,1.71,NORMAL
777977,2025-05-10,KC,BOS,Kauffman Stadium,53,2,2.31,-0.31,-0.33,NORMAL
777978,2025-05-10,CWS,MIA,Rate Field,47,2,2.18,-0.18,-0.29,NORMAL
777979,2025-05-10,HOU,CIN,Daikin Park,56,3,2.45,0.55,0.46,NORMAL
777980,2025-05-10,WSH,STL,Nationals Park,53,1,1.86,-0.86,-0.95,NORMAL
777981,2025-05-10,TB,MIL,George M. Steinbrenner Field,47,2,1.14,0.86,0.99,NORMAL
777982,2025-05-10,NYM,CHC,Citi Field,47,3,2.81,0.19,0.2,NORMAL
777983,2025-05-10,CLE,PHI,Progressive Field,56,1,1.75,-0.75,-0.87,NORMAL
777984,2025-05-09,SEA,TOR,T-Mobile Park,55,1,1.12,-0.12,-0.16,NORMAL
777985,2025-05-10,PIT,ATL,PNC Park,61,1,2.14,-1.14,-1.21,NORMAL
777986,2025-05-09,LAA,BAL,Angel Stadium,49,1,1.43,-0.43,-0.51,NORMAL
777987,2025-05-10,DET,TEX,Comerica Park,46,7,5.99,1.01,0.87,NORMAL
777988,2025-05-09,AZ,LAD,Chase Field,64,7,8.51,-1.51,-1.26,NORMAL
777989,2025-05-09,HOU,CIN,Daikin Park,44,0,0.26,-0.26,-0.56,NORMAL
777990,2025-05-09,KC,BOS,Kauffman Stadium,60,0,1.98,-1.98,-1.86,NORMAL
777991,2025-05-09,CWS,MIA,Rate Field,52,2,3.75,-1.75,-1.56,NORMAL
777992,2025-05-09,MIN,SF,Target Field,42,1,1.41,-0.41,-0.66,NORMAL
777993,2025-05-09,COL,SD,Coors Field,72,4,4.05,-0.05,-0.04,NORMAL
777994,2025-05-09,ATH,NYY,Sutter Health Park,58,4,3.88,0.12,0.09,NORMAL
777995,2025-05-09,WSH,STL,Nationals Park,52,0,0.35,-0.35,-0.62,NORMAL
777996,2025-05-09,DET,TEX,Comerica Park,38,0,1.74,-1.74,-1.74,NORMAL
777997,2025-05-09,CLE,PHI,Progressive Field,44,3,1.72,1.28,1.19,NORMAL
777998,2025-05-09,PIT,ATL,PNC Park,42,2,2.02,-0.02,-0.02,NORMAL
777999,2025-05-08,AZ,LAD,Chase Field,52,3,2.42,0.58,0.56,NORMAL
778000,2025-05-08,LAA,TOR,Angel Stadium,53,3,3.83,-0.83,-0.76,NORMAL
778001,2025-05-09,NYM,CHC,Citi Field,48,6,6.83,-0.83,-0.73,NORMAL
778002,2025-05-09,TB,MIL,George M. Steinbrenner Field,49,1,0.92,0.08,0.18,NORMAL
778003,2025-05-08,ATL,CIN,Truist Park,59,1,1.01,-0.01,-0.01,NORMAL
778004,2025-05-08,COL,DET,Coors Field,50,0,1.59,-1.59,-1.92,NORMAL
778005,2025-05-08,TB,PHI,George M. Steinbrenner Field,62,3,2.14,0.86,0.84,NORMAL
778006,2025-05-08,BOS,TEX,Fenway Park,50,1,1.4,-0.4,-0.55,NORMAL
778007,2025-05-08,MIN,BAL,Target Field,42,1,2.01,-1.01,-1.22,NORMAL
778008,2025-05-08,KC,CWS,Kauffman Stadium,57,0,1.42,-1.42,-1.59,NORMAL
778009,2025-05-07,LAA,TOR,Angel Stadium,46,2,1.47,0.53,0.62,NORMAL
778010,2025-05-07,ATH,SEA,Sutter Health Park,58,2,1.94,0.06,0.13,NORMAL
778011,2025-05-07,MIN,BAL,Target Field,51,3,2.28,0.72,0.89,NORMAL
778012,2025-05-07,KC,CWS,Kauffman Stadium,52,1,1.89,-0.89,-0.93,NORMAL
778013,2025-05-07,COL,DET,Coors Field,62,2,2.95,-0.95,-0.95,NORMAL
778014,2025-05-07,AZ,NYM,Chase Field,52,3,2.79,0.21,0.22,NORMAL
778015,2025-05-07,MIL,HOU,American Family Field,51,2,2.69,-0.69,-0.68,NORMAL
778016,2025-05-07,STL,PIT,Busch Stadium,44,0,0.29,-0.29,-0.57,NORMAL
778017,2025-05-07,MIA,LAD,loanDepot park,49,1,3.0,-2.0,-2.19,DEAD
778018,2025-05-07,BOS,TEX,Fenway Park,63,5,5.12,-0.12,-0.13,NORMAL
778019,2025-05-07,NYY,SD,Yankee Stadium,48,3,3.55,-0.55,-0.53,NORMAL
778020,2025-05-07,CHC,SF,Wrigley Field,46,0,0.58,-0.58,-0.87,NORMAL
778021,2025-05-07,TB,PHI,George M. Steinbrenner Field,48,1,0.77,0.23,0.46,NORMAL
778022,2025-05-07,WSH,CLE,Nationals Park,59,0,0.49,-0.49,-0.76,NORMAL
778023,2025-05-07,ATL,CIN,Truist Park,43,3,1.4,1.6,1.85,NORMAL
778024,2025-05-06,ATH,SEA,Sutter Health Park,54,1,0.94,0.06,0.1,NORMAL
778025,2025-05-06,LAA,TOR,Angel Stadium,52,5,5.14,-0.14,-0.12,NORMAL
778026,2025-05-06,WSH,CLE,Nationals Park,66,2,3.93,-1.93,-1.72,NORMAL
778027,2025-05-06,CHC,SF,Wrigley Field,68,2,3.58,-1.58,-1.31,NORMAL
778028,2025-05-06,MIN,BAL,Target Field,40,2,2.63,-0.63,-0.69,NORMAL
778029,2025-05-08,COL,DET,Coors Field,55,1,1.6,-0.6,-0.82,NORMAL
778030,2025-05-06,STL,PIT,Busch Stadium,41,0,0.09,-0.09,-0.3,NORMAL
778031,2025-05-06,MIL,HOU,American Family Field,43,2,1.94,0.06,0.06,NORMAL
778032,2025-05-06,AZ,NYM,Chase Field,46,1,0.95,0.05,0.08,NORMAL
778033,2025-05-06,KC,CWS,Kauffman Stadium,60,1,1.75,-0.75,-0.71,NORMAL
778034,2025-05-06,ATL,CIN,Truist Park,43,0,0.69,-0.69,-1.27,NORMAL
778035,2025-05-06,MIA,LAD,loanDepot park,45,3,3.65,-0.65,-0.67,NORMAL
778036,2025-05-05,STL,PIT,Busch Stadium,56,4,3.56,0.44,0.41,NORMAL
778037,2025-05-06,BOS,TEX,Fenway Park,52,0,0.8,-0.8,-1.57,NORMAL
778038,2025-05-05,ATH,SEA,Sutter Health Park,69,1,1.2,-0.2,-0.45,NORMAL
778039,2025-05-05,AZ,NYM,Chase Field,50,3,4.82,-1.82,-1.86,NORMAL
778040,2025-05-06,TB,PHI,George M. Steinbrenner Field,52,4,1.27,2.73,3.02,JUICED
778041,2025-05-06,NYY,SD,Yankee Stadium,60,2,2.89,-0.89,-0.83,NORMAL
778042,2025-05-05,MIL,HOU,American Family Field,54,1,2.11,-1.11,-1.43,NORMAL
778043,2025-05-05,KC,CWS,Kauffman Stadium,41,0,0.16,-0.16,-0.41,NORMAL
778044,2025-05-05,CHC,SF,Wrigley Field,54,3,2.75,0.25,0.26,NORMAL
778045,2025-05-05,NYY,SD,Yankee Stadium,45,1,1.63,-0.63,-0.74,NORMAL
778046,2025-05-06,WSH,CLE,Nationals Park,51,4,3.67,0.33,0.33,NORMAL
778047,2025-05-05,MIA,LAD,loanDepot park,59,3,2.34,0.66,1.07,NORMAL
778048,2025-05-04,SF,COL,Oracle Park,57,2,3.83,-1.83,-1.87,NORMAL
778049,2025-05-05,ATL,CIN,Truist Park,48,1,1.09,-0.09,-0.1,NORMAL
778050,2025-05-04,LAA,DET,Angel Stadium,53,3,2.94,0.06,0.06,NORMAL
778051,2025-05-04,PIT,SD,PNC Park,50,1,1.07,-0.07,-0.09,NORMAL
778052,2025-05-04,TEX,SEA,Globe Life Field,51,0,0.48,-0.48,-0.75,NORMAL
778053,2025-05-04,STL,NYM,Busch Stadium,58,1,2.64,-1.64,-1.39,NORMAL
778054,2025-05-04,MIL,CHC,American Family Field,41,0,0.42,-0.42,-0.7,NORMAL
778055,2025-05-04,CWS,HOU,Rate Field,45,1,1.0,-0.0,-0.01,NORMAL
778056,2025-05-04,TOR,CLE,Rogers Centre,58,0,0.56,-0.56,-0.87,NORMAL
778057,2025-05-04,NYY,TB,Yankee Stadium,60,2,1.84,0.16,0.18,NORMAL
778058,2025-05-04,CIN,WSH,Great American Ball Park,46,2,1.47,0.53,0.69,NORMAL
778059,2025-05-04,PHI,AZ,Citizens Bank Park,61,3,2.2,0.8,1.26,NORMAL
778060,2025-05-04,ATL,LAD,Truist Park,46,3,2.56,0.44,0.52,NORMAL
778061,2025-05-04,MIA,ATH,loanDepot park,53,0,0.25,-0.25,-0.52,NORMAL
778062,2025-05-04,BAL,KC,Oriole Park at Camden Yards,68,11,8.65,2.35,1.62,NORMAL
778063,2025-05-04,BOS,MIN,Fenway Park,54,2,2.97,-0.97,-0.87,NORMAL
778064,2025-05-03,TOR,CLE,Rogers Centre,37,3,4.04,-1.04,-1.09,NORMAL
778065,2025-05-03,PIT,SD,PNC Park,47,1,2.17,-1.17,-1.32,NORMAL
778066,2025-05-03,CWS,HOU,Rate Field,49,2,1.91,0.09,0.09,NORMAL
778067,2025-05-03,LAA,DET,Angel Stadium,52,1,3.77,-2.77,-2.48,DEAD
778068,2025-05-04,STL,NYM,Busch Stadium,54,1,2.18,-1.18,-1.44,NORMAL
778069,2025-05-03,SF,COL,Oracle Park,44,2,1.82,0.18,0.22,NORMAL
778070,2025-05-03,TEX,SEA,Globe Life Field,58,1,1.49,-0.49,-0.47,NORMAL
778071,2025-05-03,MIL,CHC,American Family Field,46,4,3.04,0.96,1.12,NORMAL
778072,2025-05-03,BAL,KC,Oriole Park at Camden Yards,53,3,2.51,0.49,0.52,NORMAL
778073,2025-05-03,BOS,MIN,Fenway Park,61,1,1.44,-0.44,-0.78,NORMAL
778074,2025-05-03,NYY,TB,Yankee Stadium,53,2,2.6,-0.6,-0.64,NORMAL
778075,2025-05-03,MIA,ATH,loanDepot park,51,5,3.96,1.04,0.8,NORMAL
778076,2025-05-03,ATL,LAD,Truist Park,55,3,2.7,0.3,0.32,NORMAL
778077,2025-05-03,CIN,WSH,Great American Ball Park,61,2,2.77,-0.77,-0.72,NORMAL
778078,2025-05-03,PHI,AZ,Citizens Bank Park,50,3,2.68,0.32,0.29,NORMAL
778079,2025-05-02,CWS,HOU,Rate Field,53,2,2.12,-0.12,-0.12,NORMAL
778080,2025-05-02,MIL,CHC,American Family Field,54,3,3.59,-0.59,-0.62,NORMAL
778081,2025-05-02,TOR,CLE,Rogers Centre,58,3,1.17,1.83,1.96,NORMAL
778082,2025-05-02,SF,COL,Oracle Park,44,1,1.24,-0.24,-0.34,NORMAL
778083,2025-05-02,TEX,SEA,Globe Life Field,61,4,3.91,0.09,0.09,NORMAL
778084,2025-05-02,STL,NYM,Busch Stadium,62,2,3.05,-1.05,-0.98,NORMAL
778085,2025-05-02,LAA,DET,Angel Stadium,49,6,5.0,1.0,1.04,NORMAL
778086,2025-05-02,PHI,AZ,Citizens Bank Park,52,2,2.05,-0.05,-0.05,NORMAL
778087,2025-05-02,CIN,WSH,Great American Ball Park,39,1,1.41,-0.41,-0.55,NORMAL
778088,2025-05-02,NYY,TB,Yankee Stadium,44,1,0.42,0.58,0.98,NORMAL
778089,2025-05-02,BOS,MIN,Fenway Park,49,2,1.83,0.17,0.29,NORMAL
778090,2025-05-02,PIT,SD,PNC Park,57,2,2.32,-0.32,-0.37,NORMAL
778091,2025-05-02,MIA,ATH,loanDepot park,53,2,0.54,1.46,2.25,JUICED
778092,2025-05-02,ATL,LAD,Truist Park,37,2,1.99,0.01,0.01,NORMAL
778093,2025-05-02,BAL,KC,Oriole Park at Camden Yards,53,1,1.02,-0.02,-0.02,NORMAL
778094,2025-05-01,CWS,MIL,Rate Field,48,1,1.67,-0.67,-0.69,NORMAL
778095,2025-05-01,TOR,BOS,Rogers Centre,47,2,1.47,0.53,0.51,NORMAL
778096,2025-05-01,TEX,ATH,Globe Life Field,52,0,0.4,-0.4,-0.72,NORMAL
778097,2025-05-01,TB,KC,George M. Steinbrenner Field,65,2,0.85,1.15,1.43,NORMAL
778098,2025-05-01,SF,COL,Oracle Park,57,2,3.05,-1.05,-0.88,NORMAL
778099,2025-05-01,PHI,WSH,Citizens Bank Park,57,0,0.21,-0.21,-0.48,NORMAL
778100,2025-05-01,PIT,CHC,PNC Park,65,5,5.36,-0.36,-0.28,NORMAL
778101,2025-05-01,LAA,DET,Angel Stadium,57,6,5.24,0.76,0.66,NORMAL
778102,2025-04-30,COL,ATL,Coors Field,38,1,1.63,-0.63,-0.82,NORMAL
778103,2025-05-01,NYM,AZ,Citi Field,43,4,5.31,-1.31,-1.18,NORMAL
778104,2025-04-30,SEA,LAA,T-Mobile Park,62,2,1.91,0.09,0.11,NORMAL
778105,2025-04-30,SD,SF,Petco Park,45,3,1.88,1.12,1.47,NORMAL
778106,2025-04-30,TEX,ATH,Globe Life Field,53,2,1.37,0.63,0.92,NORMAL
778107,2025-05-01,CIN,STL,Great American Ball Park,46,2,1.54,0.46,0.55,NORMAL
778108,2025-05-01,CLE,MIN,Progressive Field,59,1,2.17,-1.17,-1.3,NORMAL
778109,2025-04-30,LAD,MIA,Dodger Stadium,57,4,2.86,1.14,1.1,NORMAL
778110,2025-04-30,HOU,DET,Daikin Park,56,4,3.49,0.51,0.43,NORMAL
778111,2025-04-30,CWS,MIL,Rate Field,50,0,0.84,-0.84,-1.02,NORMAL
778112,2025-04-30,PIT,CHC,PNC Park,48,0,0.28,-0.28,-0.58,NORMAL
778113,2025-04-30,TB,KC,George M. Steinbrenner Field,56,1,1.09,-0.09,-0.15,NORMAL
778114,2025-04-30,TOR,BOS,Rogers Centre,54,5,4.78,0.22,0.19,NORMAL
778115,2025-04-30,BAL,NYY,Oriole Park at Camden Yards,47,4,3.67,0.33,0.44,NORMAL
778116,2025-04-30,CLE,MIN,Progressive Field,38,2,2.55,-0.55,-0.66,NORMAL
778117,2025-04-30,NYM,AZ,Citi Field,53,2,2.52,-0.52,-0.52,NORMAL
778118,2025-04-30,PHI,WSH,Citizens Bank Park,51,3,2.48,0.52,0.53,NORMAL
778119,2025-04-30,CIN,STL,Great American Ball Park,52,2,1.28,0.72,1.22,NORMAL
778120,2025-04-29,COL,ATL,Coors Field,64,1,1.64,-0.64,-0.77,NORMAL
778121,2025-04-29,SEA,LAA,T-Mobile Park,43,3,3.15,-0.15,-0.18,NORMAL
778122,2025-04-29,TEX,ATH,Globe Life Field,53,1,0.9,0.1,0.15,NORMAL
778123,2025-04-29,LAD,MIA,Dodger Stadium,64,2,2.19,-0.19,-0.24,NORMAL
778124,2025-04-29,HOU,DET,Daikin Park,46,2,3.69,-1.69,-1.42,NORMAL
778125,2025-04-29,CWS,MIL,Rate Field,45,3,3.47,-0.47,-0.48,NORMAL
778126,2025-04-29,SD,SF,Petco Park,47,2,1.74,0.26,0.28,NORMAL
778127,2025-04-29,TOR,BOS,Rogers Centre,57,6,5.15,0.85,0.71,NORMAL
778128,2025-04-29,TB,KC,George M. Steinbrenner Field,56,1,0.49,0.51,0.78,NORMAL
778129,2025-04-29,CLE,MIN,Progressive Field,46,3,2.85,0.15,0.16,NORMAL
778130,2025-04-29,NYM,AZ,Citi Field,55,3,2.96,0.04,0.05,NORMAL
778131,2025-04-29,PHI,WSH,Citizens Bank Park,51,4,1.74,2.26,2.39,JUICED
778132,2025-04-28,LAD,MIA,Dodger Stadium,61,2,1.59,0.41,0.51,NORMAL
778133,2025-04-29,BAL,NYY,Oriole Park at Camden Yards,58,7,4.18,2.82,2.7,JUICED
778134,2025-04-30,CIN,STL,Great American Ball Park,49,4,3.45,0.55,0.47,NORMAL
778135,2025-04-29,PIT,CHC,PNC Park,64,4,4.29,-0.29,-0.22,NORMAL
778136,2025-04-27,SEA,MIA,T-Mobile Park,51,5,3.97,1.03,1.32,NORMAL
778137,2025-04-28,COL,ATL,Coors Field,60,1,1.51,-0.51,-0.62,NORMAL
778138,2025-04-28,WSH,NYM,Nationals Park,67,6,4.56,1.44,1.39,NORMAL
778139,2025-04-28,CLE,MIN,Progressive Field,70,2,1.44,0.56,0.7,NORMAL
778140,2025-04-28,BAL,NYY,Oriole Park at Camden Yards,44,1,0.88,0.12,0.16,NORMAL
778141,2025-04-28,CIN,STL,Great American Ball Park,48,1,1.49,-0.49,-0.61,NORMAL
778142,2025-04-28,HOU,DET,Daikin Park,48,5,4.45,0.55,0.43,NORMAL
778143,2025-04-28,TEX,ATH,Globe Life Field,50,0,0.74,-0.74,-1.13,NORMAL
778144,2025-04-27,MIN,LAA,Target Field,44,0,1.6,-1.6,-1.98,NORMAL
778145,2025-04-27,LAD,PIT,Dodger Stadium,56,4,2.78,1.22,1.21,NORMAL
778146,2025-04-27,SD,TB,Petco Park,56,1,2.27,-1.27,-1.36,NORMAL
778147,2025-04-27,AZ,ATL,Chase Field,53,1,0.92,0.08,0.17,NORMAL
778148,2025-04-27,COL,CIN,Coors Field,52,0,0.29,-0.29,-0.58,NORMAL
778149,2025-04-27,ATH,CWS,Sutter Health Park,54,2,2.03,-0.03,-0.04,NORMAL
778150,2025-04-27,STL,MIL,Busch Stadium,52,0,0.59,-0.59,-0.84,NORMAL
778151,2025-04-27,SF,TEX,Oracle Park,49,0,1.21,-1.21,-2.38,DEAD
778152,2025-04-27,KC,HOU,Kauffman Stadium,55,2,2.59,-0.59,-0.56,NORMAL
778153,2025-04-27,WSH,NYM,Nationals Park,53,2,1.98,0.02,0.03,NORMAL
778154,2025-04-26,SEA,MIA,T-Mobile Park,56,4,3.42,0.58,0.45,NORMAL
778155,2025-04-27,DET,BAL,Comerica Park,42,0,0.34,-0.34,-0.6,NORMAL
778156,2025-04-27,NYY,TOR,Yankee Stadium,58,1,1.74,-0.74,-0.7,NORMAL
778157,2025-04-27,CLE,BOS,Progressive Field,60,4,4.73,-0.73,-0.72,NORMAL
778158,2025-04-27,CHC,PHI,Wrigley Field,55,0,3.27,-3.27,-2.4,DEAD
778159,2025-04-26,SF,TEX,Oracle Park,53,0,0.66,-0.66,-0.93,NORMAL
778160,2025-04-26,SD,TB,Petco Park,50,1,2.08,-1.08,-1.07,NORMAL
778161,2025-04-26,COL,CIN,Coors Field,54,5,3.4,1.6,1.55,NORMAL
778162,2025-04-26,AZ,ATL,Chase Field,59,7,5.72,1.28,1.34,NORMAL
778163,2025-04-26,LAD,PIT,Dodger Stadium,54,3,2.38,0.62,0.61,NORMAL
778164,2025-04-26,STL,MIL,Busch Stadium,60,2,2.01,-0.01,-0.01,NORMAL
778165,2025-04-26,ATH,CWS,Sutter Health Park,56,2,2.61,-0.61,-0.52,NORMAL
778166,2025-04-26,MIN,LAA,Target Field,48,1,3.16,-2.16,-2.35,DEAD
778167,2025-04-26,KC,HOU,Kauffman Stadium,47,1,1.45,-0.45,-0.71,NORMAL
778168,2025-04-26,DET,BAL,Comerica Park,48,3,1.96,1.04,0.95,NORMAL
778169,2025-04-26,CLE,BOS,Progressive Field,60,1,2.11,-1.11,-1.08,NORMAL
778170,2025-04-27,NYY,TOR,Yankee Stadium,44,4,3.52,0.48,0.7,NORMAL
778171,2025-04-25,SF,TEX,Oracle Park,40,0,2.58,-2.58,-2.52,DEAD
778172,2025-04-25,SD,TB,Petco Park,38,0,0.17,-0.17,-0.43,NORMAL
778173,2025-04-26,WSH,NYM,Nationals Park,46,1,0.36,0.64,1.18,NORMAL
778174,2025-04-26,CHC,PHI,Wrigley Field,57,1,1.25,-0.25,-0.33,NORMAL
778175,2025-04-25,SEA,MIA,T-Mobile Park,56,4,3.71,0.29,0.29,NORMAL
778176,2025-04-25,LAD,PIT,Dodger Stadium,46,0,0.21,-0.21,-0.48,NORMAL
778177,2025-04-25,AZ,ATL,Chase Field,56,0,0.67,-0.67,-1.13,NORMAL
778178,2025-04-25,ATH,CWS,Sutter Health Park,51,2,1.86,0.14,0.15,NORMAL
778179,2025-04-26,CLE,BOS,Progressive Field,46,2,2.58,-0.58,-0.74,NORMAL
778180,2025-04-26,DET,BAL,Comerica Park,48,1,1.28,-0.28,-0.47,NORMAL
778181,2025-04-25,COL,CIN,Coors Field,61,3,4.09,-1.09,-1.16,NORMAL
778182,2025-04-25,CHC,PHI,Wrigley Field,46,0,0.37,-0.37,-0.67,NORMAL
778183,2025-04-25,WSH,NYM,Nationals Park,58,0,0.4,-0.4,-0.66,NORMAL
778184,2025-04-25,STL,MIL,Busch Stadium,56,0,0.68,-0.68,-1.03,NORMAL
778185,2025-04-25,NYY,TOR,Yankee Stadium,59,1,0.5,0.5,0.75,NORMAL
778186,2025-04-25,MIN,LAA,Target Field,51,4,3.4,0.6,0.58,NORMAL
778187,2025-04-25,KC,HOU,Kauffman Stadium,48,0,1.08,-1.08,-1.66,NORMAL
778188,2025-04-24,AZ,TB,Chase Field,52,2,1.81,0.19,0.21,NORMAL
778189,2025-04-24,MIN,CWS,Target Field,37,2,2.09,-0.09,-0.16,NORMAL
778190,2025-04-24,KC,COL,Kauffman Stadium,53,2,1.35,0.65,1.1,NORMAL
778191,2025-04-24,LAA,PIT,Angel Stadium,55,4,4.61,-0.61,-0.52,NORMAL
778192,2025-04-24,ATH,TEX,Sutter Health Park,53,3,2.22,0.78,0.83,NORMAL
778193,2025-04-24,WSH,BAL,Nationals Park,44,0,1.33,-1.33,-2.14,DEAD
778194,2025-04-24,SF,MIL,Oracle Park,56,2,0.37,1.63,2.78,JUICED
778195,2025-04-24,KC,COL,Kauffman Stadium,50,2,2.4,-0.4,-0.47,NORMAL
778196,2025-04-24,BOS,SEA,Fenway Park,41,2,2.79,-0.79,-0.7,NORMAL
778197,2025-04-23,ATH,TEX,Sutter Health Park,48,2,1.82,0.18,0.24,NORMAL
778198,2025-04-23,SF,MIL,Oracle Park,52,0,0.38,-0.38,-0.66,NORMAL
778199,2025-04-23,AZ,TB,Chase Field,70,3,3.17,-0.17,-0.16,NORMAL
778200,2025-04-23,HOU,TOR,Daikin Park,53,1,0.69,0.31,0.42,NORMAL
778201,2025-04-23,MIN,CWS,Target Field,48,2,1.89,0.11,0.15,NORMAL
778202,2025-04-23,LAA,PIT,Angel Stadium,44,1,1.29,-0.29,-0.57,NORMAL
778203,2025-04-23,NYM,PHI,Citi Field,58,1,1.89,-0.89,-1.34,NORMAL
778204,2025-04-23,WSH,BAL,Nationals Park,58,2,2.45,-0.45,-0.69,NORMAL
778205,2025-04-23,CHC,LAD,Wrigley Field,51,3,1.67,1.33,1.36,NORMAL
778206,2025-04-23,CLE,NYY,Progressive Field,45,0,2.49,-2.49,-2.38,DEAD
778207,2025-04-23,BOS,SEA,Fenway Park,51,2,2.09,-0.09,-0.1,NORMAL
778208,2025-04-23,MIA,CIN,loanDepot park,50,2,1.98,0.02,0.03,NORMAL
778209,2025-04-23,DET,SD,Comerica Park,43,3,3.5,-0.5,-0.62,NORMAL
778210,2025-04-22,SF,MIL,Oracle Park,64,2,1.8,0.2,0.22,NORMAL
778211,2025-04-22,LAA,PIT,Angel Stadium,56,2,2.2,-0.2,-0.25,NORMAL
778212,2025-04-22,AZ,TB,Chase Field,50,2,2.4,-0.4,-0.5,NORMAL
778213,2025-04-22,ATH,TEX,Sutter Health Park,62,8,4.26,3.74,2.89,JUICED
778214,2025-04-23,ATL,STL,Truist Park,56,1,2.36,-1.36,-1.63,NORMAL
778215,2025-04-22,KC,COL,Kauffman Stadium,61,1,1.39,-0.39,-0.45,NORMAL
778216,2025-04-22,MIN,CWS,Target Field,48,1,1.75,-0.75,-0.95,NORMAL
778217,2025-04-22,HOU,TOR,Daikin Park,47,2,1.56,0.44,0.51,NORMAL
778218,2025-04-22,CLE,NYY,Progressive Field,48,1,0.84,0.16,0.29,NORMAL
778219,2025-04-22,MIA,CIN,loanDepot park,47,1,2.13,-1.13,-1.15,NORMAL
778220,2025-04-22,CHC,LAD,Wrigley Field,60,6,5.37,0.63,0.46,NORMAL
778221,2025-04-22,DET,SD,Comerica Park,44,1,0.75,0.25,0.33,NORMAL
778222,2025-04-22,WSH,BAL,Nationals Park,52,2,2.69,-0.69,-0.67,NORMAL
778223,2025-04-22,NYM,PHI,Citi Field,50,0,0.97,-0.97,-1.1,NORMAL
778224,2025-04-22,BOS,SEA,Fenway Park,52,2,2.16,-0.16,-0.19,NORMAL
778225,2025-04-21,NYM,PHI,Citi Field,42,4,3.65,0.35,0.48,NORMAL
778226,2025-04-21,SF,MIL,Oracle Park,46,2,1.72,0.28,0.35,NORMAL
778227,2025-04-21,CLE,NYY,Progressive Field,50,4,3.35,0.65,0.74,NORMAL
778228,2025-04-21,DET,SD,Comerica Park,51,1,1.3,-0.3,-0.38,NORMAL
778229,2025-04-22,ATL,STL,Truist Park,61,3,1.7,1.3,1.21,NORMAL
778230,2025-04-21,MIA,CIN,loanDepot park,49,3,0.66,2.34,3.08,JUICED
778231,2025-04-21,HOU,TOR,Daikin Park,41,0,0.75,-0.75,-1.04,NORMAL
778232,2025-04-20,LAA,SF,Angel Stadium,46,2,1.25,0.75,1.54,NORMAL
778233,2025-04-21,ATL,STL,Truist Park,55,3,3.71,-0.71,-0.83,NORMAL
778234,2025-04-20,TEX,LAD,Globe Life Field,45,0,2.22,-2.22,-2.42,DEAD
778235,2025-04-20,COL,WSH,Coors Field,45,2,1.94,0.06,0.14,NORMAL
778236,2025-04-20,CHC,AZ,Wrigley Field,56,0,1.04,-1.04,-1.18,NORMAL
778237,2025-04-20,HOU,SD,Daikin Park,54,1,1.61,-0.61,-0.83,NORMAL
778238,2025-04-21,BOS,CWS,Fenway Park,44,2,1.51,0.49,0.67,NORMAL
778239,2025-04-20,MIL,ATH,American Family Field,51,2,2.19,-0.19,-0.2,NORMAL
778240,2025-04-20,TB,NYY,George M. Steinbrenner Field,49,3,2.42,0.58,0.62,NORMAL
778241,2025-04-20,TOR,SEA,Rogers Centre,50,3,3.84,-0.84,-0.82,NORMAL
778242,2025-04-20,PIT,CLE,PNC Park,62,2,4.6,-2.6,-2.11,DEAD
778243,2025-04-19,LAA,SF,Angel Stadium,50,3,3.44,-0.44,-0.45,NORMAL
778244,2025-04-20,NYM,STL,Citi Field,49,1,1.2,-0.2,-0.32,NORMAL
778245,2025-04-20,BOS,CWS,Fenway Park,54,3,3.54,-0.54,-0.56,NORMAL
778246,2025-04-20,DET,KC,Comerica Park,58,0,0.32,-0.32,-0.62,NORMAL
778247,2025-04-19,COL,WSH,Coors Field,48,5,2.77,2.23,2.03,JUICED
778248,2025-04-20,PHI,MIA,Citizens Bank Park,67,1,1.25,-0.25,-0.31,NORMAL
778249,2025-04-20,ATL,MIN,Truist Park,49,4,3.29,0.71,0.69,NORMAL
778250,2025-04-20,BAL,CIN,Oriole Park at Camden Yards,72,4,5.05,-1.05,-0.96,NORMAL
778251,2025-04-19,TEX,LAD,Globe Life Field,42,3,4.15,-1.15,-1.09,NORMAL
778252,2025-04-19,PHI,MIA,Citizens Bank Park,74,2,2.39,-0.39,-0.36,NORMAL
778253,2025-04-19,MIL,ATH,American Family Field,51,2,1.63,0.37,0.5,NORMAL
778254,2025-04-19,PIT,CLE,PNC Park,49,1,1.52,-0.52,-0.79,NORMAL
778255,2025-04-19,TB,NYY,George M. Steinbrenner Field,58,2,2.29,-0.29,-0.31,NORMAL
778256,2025-04-19,NYM,STL,Citi Field,48,1,1.05,-0.05,-0.2,NORMAL
778257,2025-04-19,CHC,AZ,Wrigley Field,46,4,4.33,-0.33,-0.3,NORMAL
778258,2025-04-19,TOR,SEA,Rogers Centre,67,2,3.05,-1.05,-1.16,NORMAL
778259,2025-04-19,HOU,SD,Daikin Park,52,2,1.94,0.06,0.07,NORMAL
778260,2025-04-18,LAA,SF,Angel Stadium,39,0,0.19,-0.19,-0.45,NORMAL
778261,2025-04-18,MIL,ATH,American Family Field,55,0,0.16,-0.16,-0.41,NORMAL
778262,2025-04-19,BAL,CIN,Oriole Park at Camden Yards,56,7,4.92,2.08,1.88,NORMAL
778263,2025-04-18,TEX,LAD,Globe Life Field,43,1,1.29,-0.29,-0.49,NORMAL
778264,2025-04-19,BOS,CWS,Fenway Park,51,2,2.25,-0.25,-0.28,NORMAL
778265,2025-04-19,DET,KC,Comerica Park,55,2,2.2,-0.2,-0.22,NORMAL
778266,2025-04-20,COL,WSH,Coors Field,43,0,0.37,-0.37,-0.66,NORMAL
778267,2025-04-19,ATL,MIN,Truist Park,50,2,2.52,-0.52,-0.5,NORMAL
778268,2025-04-18,CHC,AZ,Wrigley Field,67,7,3.34,3.66,2.82,JUICED
778269,2025-04-18,HOU,SD,Daikin Park,61,3,1.49,1.51,1.97,NORMAL
778270,2025-04-18,NYM,STL,Citi Field,51,3,3.07,-0.07,-0.08,NORMAL
778271,2025-04-18,PIT,CLE,PNC Park,58,4,2.21,1.79,1.59,NORMAL
778272,2025-04-18,TB,NYY,George M. Steinbrenner Field,33,0,1.54,-1.54,-1.76,NORMAL
778273,2025-04-18,TOR,SEA,Rogers Centre,48,1,1.83,-0.83,-0.85,NORMAL
778274,2025-04-18,PHI,MIA,Citizens Bank Park,43,3,2.96,0.04,0.15,NORMAL
778275,2025-04-18,BOS,CWS,Fenway Park,56,5,6.22,-1.22,-0.9,NORMAL
778276,2025-04-18,BAL,CIN,Oriole Park at Camden Yards,42,5,3.41,1.59,1.38,NORMAL
778277,2025-04-18,DET,KC,Comerica Park,52,1,1.46,-0.46,-0.61,NORMAL
778278,2025-04-17,NYM,STL,Citi Field,47,1,0.81,0.19,0.25,NORMAL
778279,2025-04-17,PHI,SF,Citizens Bank Park,40,2,1.52,0.48,0.57,NORMAL
778280,2025-04-17,PIT,WSH,PNC Park,45,1,1.47,-0.47,-0.75,NORMAL
778281,2025-04-17,TEX,LAA,Globe Life Field,50,2,1.85,0.15,0.16,NORMAL
778282,2025-04-17,TB,NYY,George M. Steinbrenner Field,61,2,1.1,0.9,1.08,NORMAL
778283,2025-04-17,CWS,ATH,Rate Field,58,4,3.79,0.21,0.35,NORMAL
778284,2025-04-18,ATL,MIN,Truist Park,53,2,2.32,-0.32,-0.36,NORMAL
778285,2025-04-17,CIN,SEA,Great American Ball Park,66,5,5.02,-0.02,-0.01,NORMAL
778286,2025-04-17,DET,KC,Comerica Park,56,0,1.01,-1.01,-1.16,NORMAL
778287,2025-04-16,LAD,COL,Dodger Stadium,45,4,3.17,0.83,0.91,NORMAL
778288,2025-04-16,SD,CHC,Petco Park,49,1,1.22,-0.22,-0.3,NORMAL
778289,2025-04-16,TEX,LAA,Globe Life Field,51,0,2.1,-2.1,-2.08,DEAD
778290,2025-04-16,STL,HOU,Busch Stadium,53,1,1.84,-0.84,-0.85,NORMAL
778291,2025-04-17,MIA,AZ,loanDepot park,43,2,1.94,0.06,0.07,NORMAL
778292,2025-04-17,BAL,CLE,Oriole Park at Camden Yards,47,5,3.65,1.35,1.41,NORMAL
778293,2025-04-16,PIT,WSH,PNC Park,49,2,2.26,-0.26,-0.34,NORMAL
778294,2025-04-16,CWS,ATH,Rate Field,58,1,1.81,-0.81,-1.08,NORMAL
778295,2025-04-16,MIL,DET,American Family Field,46,4,2.67,1.33,1.41,NORMAL
778296,2025-04-16,PHI,SF,Citizens Bank Park,51,1,1.92,-0.92,-0.85,NORMAL
778297,2025-04-16,TOR,ATL,Rogers Centre,34,2,1.11,0.89,2.47,JUICED
778298,2025-04-16,TB,BOS,George M. Steinbrenner Field,41,1,2.41,-1.41,-1.29,NORMAL
778299,2025-04-16,MIN,NYM,Target Field,49,0,1.77,-1.77,-2.74,DEAD
778300,2025-04-16,NYY,KC,Yankee Stadium,46,1,1.89,-0.89,-0.99,NORMAL
778301,2025-04-16,BAL,CLE,Oriole Park at Camden Yards,52,4,4.46,-0.46,-0.44,NORMAL
778302,2025-04-15,LAD,COL,Dodger Stadium,48,1,1.1,-0.1,-0.11,NORMAL
778303,2025-04-16,MIA,AZ,loanDepot park,49,5,4.26,0.74,0.7,NORMAL
778304,2025-04-16,CIN,SEA,Great American Ball Park,49,2,2.12,-0.12,-0.14,NORMAL
778305,2025-04-15,SD,CHC,Petco Park,57,1,2.19,-1.19,-1.32,NORMAL
778306,2025-04-15,TEX,LAA,Globe Life Field,42,0,1.82,-1.82,-1.69,NORMAL
778307,2025-04-15,MIN,NYM,Target Field,58,3,2.99,0.01,0.01,NORMAL
778308,2025-04-15,STL,HOU,Busch Stadium,50,1,1.04,-0.04,-0.04,NORMAL
778309,2025-04-15,CWS,ATH,Rate Field,61,4,4.33,-0.33,-0.32,NORMAL
778310,2025-04-15,MIL,DET,American Family Field,47,1,2.53,-1.53,-1.7,NORMAL
778311,2025-04-15,TOR,ATL,Rogers Centre,51,5,4.29,0.71,0.69,NORMAL
778312,2025-04-15,NYY,KC,Yankee Stadium,44,1,1.61,-0.61,-0.61,NORMAL
778313,2025-04-15,PHI,SF,Citizens Bank Park,56,2,2.7,-0.7,-0.67,NORMAL
778314,2025-04-15,PIT,WSH,PNC Park,52,1,1.18,-0.18,-0.4,NORMAL
778315,2025-04-14,SD,CHC,Petco Park,59,4,2.7,1.3,1.37,NORMAL
778316,2025-04-15,CIN,SEA,Great American Ball Park,48,3,2.98,0.02,0.02,NORMAL
778317,2025-04-15,BAL,CLE,Oriole Park at Camden Yards,57,2,2.4,-0.4,-0.43,NORMAL
778318,2025-04-15,MIA,AZ,loanDepot park,54,3,4.23,-1.23,-0.96,NORMAL
778319,2025-04-15,TB,BOS,George M. Steinbrenner Field,51,4,1.9,2.1,1.98,NORMAL
778320,2025-04-14,PHI,SF,Citizens Bank Park,50,4,2.8,1.2,1.08,NORMAL
778321,2025-04-14,PIT,WSH,PNC Park,54,0,0.12,-0.12,-0.35,NORMAL
778322,2025-04-14,TOR,ATL,Rogers Centre,52,4,3.86,0.14,0.18,NORMAL
778323,2025-04-14,MIL,DET,American Family Field,50,1,1.51,-0.51,-0.53,NORMAL
778324,2025-04-14,MIN,NYM,Target Field,39,1,1.84,-0.84,-1.37,NORMAL
778325,2025-04-14,STL,HOU,Busch Stadium,56,2,2.23,-0.23,-0.26,NORMAL
778326,2025-04-14,LAD,COL,Dodger Stadium,55,3,3.81,-0.81,-0.78,NORMAL
778327,2025-04-14,NYY,KC,Yankee Stadium,46,5,3.85,1.15,1.14,NORMAL
778328,2025-04-14,TB,BOS,George M. Steinbrenner Field,49,5,4.76,0.24,0.26,NORMAL
778329,2025-04-13,HOU,LAA,Daikin Park,45,4,2.97,1.03,1.07,NORMAL
778330,2025-04-13,SD,COL,Petco Park,49,0,0.2,-0.2,-0.46,NORMAL
778331,2025-04-13,LAD,CHC,Dodger Stadium,44,3,1.82,1.18,1.74,NORMAL
778332,2025-04-13,AZ,MIL,Chase Field,46,1,0.25,0.75,1.57,NORMAL
778333,2025-04-13,ATH,NYM,Sutter Health Park,54,0,0.68,-0.68,-0.92,NORMAL
778334,2025-04-13,SEA,TEX,T-Mobile Park,43,2,1.7,0.3,0.37,NORMAL
778335,2025-04-13,MIN,DET,Target Field,50,3,2.93,0.07,0.08,NORMAL
778336,2025-04-13,STL,PHI,Busch Stadium,49,2,3.32,-1.32,-1.19,NORMAL
778337,2025-04-13,MIA,WSH,loanDepot park,54,1,0.6,0.4,0.58,NORMAL
778338,2025-04-13,CWS,BOS,Rate Field,45,1,0.92,0.08,0.11,NORMAL
778339,2025-04-13,NYY,SF,Yankee Stadium,41,3,1.72,1.28,1.44,NORMAL
778340,2025-04-13,TB,ATL,George M. Steinbrenner Field,38,2,2.64,-0.64,-0.58,NORMAL
778341,2025-04-12,SEA,TEX,T-Mobile Park,52,1,1.15,-0.15,-0.22,NORMAL
778342,2025-04-13,CLE,KC,Progressive Field,41,1,1.76,-0.76,-0.86,NORMAL
778343,2025-04-13,CIN,PIT,Great American Ball Park,43,0,0.61,-0.61,-1.01,NORMAL
778344,2025-04-13,BAL,TOR,Oriole Park at Camden Yards,67,3,3.3,-0.3,-0.26,NORMAL
778345,2025-04-12,LAD,CHC,Dodger Stadium,69,4,4.85,-0.85,-0.6,NORMAL
778346,2025-04-12,ATH,NYM,Sutter Health Park,47,1,1.5,-0.5,-0.84,NORMAL
778347,2025-04-12,STL,PHI,Busch Stadium,52,0,1.04,-1.04,-1.45,NORMAL
778348,2025-04-12,MIN,DET,Target Field,48,1,1.82,-0.82,-1.02,NORMAL
778349,2025-04-12,CWS,BOS,Rate Field,40,1,1.98,-0.98,-1.29,NORMAL
778350,2025-04-12,AZ,MIL,Chase Field,51,1,2.79,-1.79,-2.68,DEAD
778351,2025-04-12,HOU,LAA,Daikin Park,45,3,2.17,0.83,0.81,NORMAL
778352,2025-04-12,SD,COL,Petco Park,39,2,2.76,-0.76,-0.75,NORMAL
778353,2025-04-12,TB,ATL,George M. Steinbrenner Field,54,6,4.34,1.66,1.25,NORMAL
778354,2025-04-12,MIA,WSH,loanDepot park,59,1,2.26,-1.26,-1.12,NORMAL
778355,2025-04-12,NYY,SF,Yankee Stadium,49,2,1.86,0.14,0.16,NORMAL
778356,2025-04-11,LAD,CHC,Dodger Stadium,38,1,1.31,-0.31,-0.57,NORMAL
778357,2025-04-12,CIN,PIT,Great American Ball Park,42,2,1.88,0.12,0.15,NORMAL
778358,2025-04-11,ATH,NYM,Sutter Health Park,54,3,2.55,0.45,0.43,NORMAL
778359,2025-04-12,CLE,KC,Progressive Field,44,2,2.77,-0.77,-0.83,NORMAL
778360,2025-04-11,SEA,TEX,T-Mobile Park,46,4,3.16,0.84,0.77,NORMAL
778361,2025-04-11,SD,COL,Petco Park,41,2,1.95,0.05,0.11,NORMAL
778362,2025-04-12,BAL,TOR,Oriole Park at Camden Yards,51,3,2.73,0.27,0.31,NORMAL
778363,2025-04-11,MIN,DET,Target Field,61,1,1.1,-0.1,-0.21,NORMAL
778364,2025-04-11,AZ,MIL,Chase Field,57,0,0.3,-0.3,-0.56,NORMAL
778365,2025-04-11,STL,PHI,Busch Stadium,48,0,0.78,-0.78,-1.63,NORMAL
778366,2025-04-11,CWS,BOS,Rate Field,48,0,2.11,-2.11,-3.09,DEAD
778367,2025-04-11,TB,ATL,George M. Steinbrenner Field,54,4,2.98,1.02,1.39,NORMAL
778368,2025-04-11,HOU,LAA,Daikin Park,59,4,4.2,-0.2,-0.2,NORMAL
778369,2025-04-11,MIA,WSH,loanDepot park,57,2,2.67,-0.67,-0.58,NORMAL
778370,2025-04-11,NYY,SF,Yankee Stadium,23,1,1.34,-0.34,-0.64,NORMAL
778371,2025-04-10,COL,MIL,Coors Field,48,1,2.71,-1.71,-1.56,NORMAL
778372,2025-07-29,BAL,TOR,Oriole Park at Camden Yards,68,6,3.35,2.65,2.28,JUICED
778373,2025-04-10,KC,MIN,Kauffman Stadium,48,1,2.83,-1.83,-1.68,NORMAL
778374,2025-04-11,CIN,PIT,Great American Ball Park,40,2,1.74,0.26,0.29,NORMAL
778375,2025-04-11,CLE,KC,Progressive Field,51,1,1.12,-0.12,-0.18,NORMAL
778376,2025-04-09,SF,CIN,Oracle Park,54,2,2.98,-0.98,-1.0,NORMAL
778377,2025-04-10,BOS,TOR,Fenway Park,51,0,0.76,-0.76,-1.06,NORMAL
778378,2025-04-10,CLE,CWS,Progressive Field,47,2,1.82,0.18,0.23,NORMAL
778379,2025-04-09,COL,MIL,Coors Field,61,4,2.82,1.18,1.22,NORMAL
778380,2025-04-09,AZ,BAL,Chase Field,54,4,3.55,0.45,0.49,NORMAL
778381,2025-04-09,ATH,SD,Sutter Health Park,52,0,1.13,-1.13,-1.74,NORMAL
778382,2025-04-10,TB,LAA,George M. Steinbrenner Field,58,6,3.76,2.24,1.84,NORMAL
778383,2025-04-09,SEA,HOU,T-Mobile Park,61,1,3.15,-2.15,-2.08,DEAD
778384,2025-04-10,ATL,PHI,Truist Park,55,2,2.29,-0.29,-0.29,NORMAL
778385,2025-04-09,CHC,TEX,Wrigley Field,56,3,3.21,-0.21,-0.19,NORMAL
778386,2025-04-09,BOS,TOR,Fenway Park,54,0,0.51,-0.51,-0.81,NORMAL
778387,2025-04-09,DET,NYY,Comerica Park,42,1,1.83,-0.83,-1.2,NORMAL
778388,2025-04-09,KC,MIN,Kauffman Stadium,46,2,2.0,-0.0,-0.01,NORMAL
778389,2025-04-09,PIT,STL,PNC Park,63,0,2.79,-2.79,-3.26,DEAD
778390,2025-04-09,NYM,MIA,Citi Field,48,1,2.16,-1.16,-1.13,NORMAL
778391,2025-04-09,CLE,CWS,Progressive Field,40,1,2.43,-1.43,-1.53,NORMAL
778392,2025-04-09,WSH,LAD,Nationals Park,47,3,3.05,-0.05,-0.04,NORMAL
778393,2025-04-09,ATL,PHI,Truist Park,50,3,3.45,-0.45,-0.55,NORMAL
778394,2025-04-08,COL,MIL,Coors Field,47,4,2.28,1.72,1.94,NORMAL
778395,2025-04-08,ATH,SD,Sutter Health Park,59,2,1.86,0.14,0.15,NORMAL
778396,2025-04-08,AZ,BAL,Chase Field,44,1,1.83,-0.83,-0.83,NORMAL
778397,2025-04-08,SF,CIN,Oracle Park,53,0,0.77,-0.77,-1.07,NORMAL
778398,2025-04-08,SEA,HOU,T-Mobile Park,51,0,0.9,-0.9,-1.13,NORMAL
778399,2025-04-09,TB,LAA,George M. Steinbrenner Field,48,6,1.47,4.53,4.84,JUICED
778400,2025-04-08,KC,MIN,Kauffman Stadium,41,0,1.22,-1.22,-1.57,NORMAL
778401,2025-04-08,CHC,TEX,Wrigley Field,59,2,4.31,-2.31,-2.5,DEAD
778402,2025-04-08,CLE,CWS,Progressive Field,36,0,0.76,-0.76,-1.13,NORMAL
778403,2025-04-08,DET,NYY,Comerica Park,45,4,3.03,0.97,0.83,NORMAL
778404,2025-04-08,BOS,TOR,Fenway Park,51,1,1.21,-0.21,-0.27,NORMAL
778405,2025-04-07,SEA,HOU,T-Mobile Park,43,2,1.02,0.98,1.62,NORMAL
778406,2025-04-08,ATL,PHI,Truist Park,54,2,2.57,-0.57,-0.63,NORMAL
778407,2025-04-08,NYM,MIA,Citi Field,54,2,2.75,-0.75,-0.91,NORMAL
778408,2025-04-08,PIT,STL,PNC Park,48,1,3.63,-2.63,-3.02,DEAD
778409,2025-04-08,WSH,LAD,Nationals Park,50,4,3.93,0.07,0.13,NORMAL
778410,2025-04-07,SF,CIN,Oracle Park,42,0,1.34,-1.34,-2.07,DEAD
778411,2025-04-07,CHC,TEX,Wrigley Field,46,0,1.32,-1.32,-2.06,DEAD
778412,2025-04-07,KC,MIN,Kauffman Stadium,51,1,1.71,-0.71,-0.72,NORMAL
778413,2025-04-07,AZ,BAL,Chase Field,56,1,2.19,-1.19,-1.25,NORMAL
778414,2025-04-07,ATH,SD,Sutter Health Park,60,4,3.27,0.73,0.72,NORMAL
778415,2025-04-07,PIT,STL,PNC Park,51,3,2.66,0.34,0.27,NORMAL
778416,2025-04-07,NYM,MIA,Citi Field,46,0,1.72,-1.72,-1.72,NORMAL
778417,2025-04-08,TB,LAA,George M. Steinbrenner Field,49,2,2.7,-0.7,-0.77,NORMAL
778418,2025-04-07,WSH,LAD,Nationals Park,54,2,1.98,0.02,0.02,NORMAL
778419,2025-04-06,MIN,HOU,Target Field,62,1,2.99,-1.99,-2.05,DEAD
778420,2025-04-06,TEX,TB,Globe Life Field,49,1,1.32,-0.32,-0.52,NORMAL
778421,2025-04-06,MIL,CIN,American Family Field,47,3,2.0,1.0,1.18,NORMAL
778422,2025-04-06,KC,BAL,Kauffman Stadium,46,0,1.84,-1.84,-1.94,NORMAL
778423,2025-04-06,COL,ATH,Coors Field,48,3,4.08,-1.08,-0.92,NORMAL
778424,2025-04-07,DET,NYY,Comerica Park,44,1,0.8,0.2,0.33,NORMAL
778425,2025-04-06,LAA,CLE,Angel Stadium,49,4,3.12,0.88,0.8,NORMAL
778426,2025-04-07,BOS,TOR,Fenway Park,60,0,0.98,-0.98,-1.32,NORMAL
778427,2025-04-06,SF,SEA,Oracle Park,55,3,1.59,1.41,1.83,NORMAL
778428,2025-04-06,PIT,NYY,PNC Park,55,0,1.82,-1.82,-1.7,NORMAL
778429,2025-04-06,WSH,AZ,Nationals Park,49,1,0.53,0.47,0.76,NORMAL
778430,2025-04-06,CHC,SD,Wrigley Field,53,2,2.03,-0.03,-0.03,NORMAL
778431,2025-08-09,ATL,MIA,Truist Park,45,1,1.43,-0.43,-0.53,NORMAL
778432,2025-04-06,BOS,STL,Fenway Park,73,2,3.07,-1.07,-1.02,NORMAL
778433,2025-04-06,DET,CWS,Comerica Park,50,0,1.86,-1.86,-1.82,NORMAL
778434,2025-04-06,PHI,LAD,Citizens Bank Park,48,3,1.88,1.12,1.18,NORMAL
778435,2025-04-06,NYM,TOR,Citi Field,42,0,0.65,-0.65,-0.97,NORMAL
778436,2025-04-05,SF,SEA,Oracle Park,51,1,0.78,0.22,0.29,NORMAL
778437,2025-04-05,LAA,CLE,Angel Stadium,52,6,3.94,2.06,2.08,JUICED
778438,2025-04-05,TEX,TB,Globe Life Field,46,5,5.61,-0.61,-0.59,NORMAL
778439,2025-04-05,MIL,CIN,American Family Field,60,4,3.18,0.82,0.71,NORMAL
778440,2025-04-05,MIN,HOU,Target Field,43,2,1.95,0.05,0.05,NORMAL
778441,2025-04-05,KC,BAL,Kauffman Stadium,55,1,2.97,-1.97,-1.53,NORMAL
778442,2025-04-05,COL,ATH,Coors Field,58,4,2.22,1.78,1.54,NORMAL
778443,2025-04-06,BOS,STL,Fenway Park,48,1,0.78,0.22,0.3,NORMAL
778444,2025-04-04,SF,SEA,Oracle Park,78,3,3.66,-0.66,-0.62,NORMAL
778445,2025-04-05,DET,CWS,Comerica Park,50,2,3.02,-1.02,-1.16,NORMAL
778446,2025-04-05,NYM,TOR,Citi Field,48,0,1.28,-1.28,-1.33,NORMAL
778447,2025-04-04,LAA,CLE,Angel Stadium,50,5,3.69,1.31,1.08,NORMAL
778448,2025-04-05,PHI,LAD,Citizens Bank Park,50,2,3.17,-1.17,-1.13,NORMAL
778449,2025-04-05,PIT,NYY,PNC Park,50,2,1.87,0.13,0.13,NORMAL
778450,2025-04-05,CHC,SD,Wrigley Field,54,2,1.53,0.47,0.48,NORMAL
778451,2025-04-05,ATL,MIA,Truist Park,46,2,3.02,-1.02,-1.04,NORMAL
778452,2025-04-05,WSH,AZ,Nationals Park,40,0,0.63,-0.63,-0.95,NORMAL
778453,2025-04-04,MIL,CIN,American Family Field,49,1,1.84,-0.84,-1.04,NORMAL
778454,2025-04-04,TEX,TB,Globe Life Field,45,1,1.32,-0.32,-0.37,NORMAL
778455,2025-04-04,KC,BAL,Kauffman Stadium,58,0,1.2,-1.2,-1.36,NORMAL
778456,2025-04-04,COL,ATH,Coors Field,60,1,1.11,-0.11,-0.16,NORMAL
778457,2025-04-04,WSH,AZ,Nationals Park,59,5,5.51,-0.51,-0.47,NORMAL
778458,2025-04-04,DET,CWS,Comerica Park,48,3,3.3,-0.3,-0.31,NORMAL
778459,2025-04-04,PHI,LAD,Citizens Bank Park,38,1,1.9,-0.9,-1.6,NORMAL
778460,2025-04-04,CHC,SD,Wrigley Field,49,1,2.63,-1.63,-1.68,NORMAL
778461,2025-04-04,PIT,NYY,PNC Park,51,3,3.1,-0.1,-0.1,NORMAL
778462,2025-04-03,MIN,HOU,Target Field,44,2,2.42,-0.42,-0.45,NORMAL
778463,2025-04-04,BOS,STL,Fenway Park,66,4,4.52,-0.52,-0.41,NORMAL
778464,2025-04-04,ATL,MIA,Truist Park,50,2,2.49,-0.49,-0.6,NORMAL
778465,2025-04-04,NYM,TOR,Citi Field,47,1,0.69,0.31,0.44,NORMAL
778466,2025-04-03,NYY,AZ,Yankee Stadium,53,4,3.42,0.58,0.48,NORMAL
778467,2025-04-03,PHI,COL,Citizens Bank Park,50,1,1.36,-0.36,-0.64,NORMAL
778468,2025-04-03,MIL,CIN,American Family Field,46,0,0.4,-0.4,-0.66,NORMAL
778469,2025-04-02,SEA,DET,T-Mobile Park,45,2,2.08,-0.08,-0.09,NORMAL
778470,2025-04-03,BAL,BOS,Oriole Park at Camden Yards,49,4,2.91,1.09,1.15,NORMAL
778471,2025-04-02,ATH,CHC,Sutter Health Park,53,3,2.9,0.1,0.15,NORMAL
778472,2025-04-02,LAD,ATL,Dodger Stadium,51,3,1.14,1.86,2.01,JUICED
778473,2025-04-02,STL,LAA,Busch Stadium,48,5,3.89,1.11,1.32,NORMAL
778474,2025-04-02,CWS,MIN,Rate Field,58,3,3.11,-0.11,-0.12,NORMAL
778475,2025-04-02,HOU,SF,Daikin Park,37,3,2.04,0.96,1.04,NORMAL
778476,2025-04-02,SD,CLE,Petco Park,54,2,2.71,-0.71,-0.62,NORMAL
778477,2025-04-02,MIL,KC,American Family Field,44,1,1.08,-0.08,-0.13,NORMAL
778478,2025-04-02,TOR,WSH,Rogers Centre,52,2,2.23,-0.23,-0.28,NORMAL
778479,2025-04-02,TB,PIT,George M. Steinbrenner Field,50,1,1.16,-0.16,-0.25,NORMAL
778480,2025-04-02,CIN,TEX,Great American Ball Park,41,0,0.87,-0.87,-1.2,NORMAL
778481,2025-04-02,MIA,NYM,loanDepot park,67,1,2.84,-1.84,-1.49,NORMAL
778482,2025-04-02,PHI,COL,Citizens Bank Park,48,1,0.92,0.08,0.11,NORMAL
778483,2025-04-02,BAL,BOS,Oriole Park at Camden Yards,45,1,1.78,-0.78,-1.13,NORMAL
778484,2025-04-02,NYY,AZ,Yankee Stadium,40,2,2.46,-0.46,-0.52,NORMAL
778485,2025-04-01,SD,CLE,Petco Park,41,1,1.24,-0.24,-0.44,NORMAL
778486,2025-04-01,SEA,DET,T-Mobile Park,42,1,0.82,0.18,0.42,NORMAL
778487,2025-04-01,LAD,ATL,Dodger Stadium,41,1,0.61,0.39,0.55,NORMAL
778488,2025-04-01,MIL,KC,American Family Field,43,2,2.02,-0.02,-0.04,NORMAL
778489,2025-04-01,HOU,SF,Daikin Park,43,2,1.07,0.93,1.16,NORMAL
778490,2025-04-01,CWS,MIN,Rate Field,49,2,3.27,-1.27,-1.28,NORMAL
778491,2025-04-01,TOR,WSH,Rogers Centre,47,0,0.25,-0.25,-0.53,NORMAL
778492,2025-04-01,NYY,AZ,Yankee Stadium,39,5,4.52,0.48,0.63,NORMAL
778493,2025-04-01,TB,PIT,George M. Steinbrenner Field,47,1,2.11,-1.11,-1.86,NORMAL
778494,2025-04-01,ATH,CHC,Sutter Health Park,56,4,2.73,1.27,1.38,NORMAL
778495,2025-04-01,STL,LAA,Busch Stadium,69,1,1.64,-0.64,-0.74,NORMAL
778496,2025-03-31,SEA,DET,T-Mobile Park,63,4,4.5,-0.5,-0.35,NORMAL
778497,2025-04-01,MIA,NYM,loanDepot park,45,2,1.64,0.36,0.41,NORMAL
778498,2025-04-01,CIN,TEX,Great American Ball Park,47,1,1.97,-0.97,-1.25,NORMAL
778499,2025-03-31,SD,CLE,Petco Park,53,2,2.06,-0.06,-0.06,NORMAL
778500,2025-03-31,LAD,ATL,Dodger Stadium,42,3,3.38,-0.38,-0.4,NORMAL
778501,2025-03-31,ATH,CHC,Sutter Health Park,72,5,3.4,1.6,1.27,NORMAL
778502,2025-03-31,PHI,COL,Citizens Bank Park,48,4,2.27,1.73,1.85,NORMAL
778503,2025-03-31,STL,LAA,Busch Stadium,55,2,1.34,0.66,0.76,NORMAL
778504,2025-03-31,MIL,KC,American Family Field,55,2,1.07,0.93,1.28,NORMAL
778505,2025-03-31,HOU,SF,Daikin Park,46,1,0.32,0.68,1.27,NORMAL
778506,2025-03-31,CWS,MIN,Rate Field,44,3,1.92,1.08,1.23,NORMAL
778507,2025-03-31,TOR,WSH,Rogers Centre,52,3,2.99,0.01,0.01,NORMAL
778508,2025-03-31,TB,PIT,George M. Steinbrenner Field,44,0,0.23,-0.23,-0.49,NORMAL
778509,2025-03-31,MIA,NYM,loanDepot park,55,6,3.5,2.5,2.51,JUICED
778510,2025-03-30,KC,CLE,Kauffman Stadium,56,3,3.3,-0.3,-0.39,NORMAL
778511,2025-03-31,CIN,TEX,Great American Ball Park,53,4,3.62,0.38,0.35,NORMAL
778512,2025-03-31,BAL,BOS,Oriole Park at Camden Yards,50,0,0.51,-0.51,-0.75,NORMAL
778513,2025-03-30,SEA,ATH,T-Mobile Park,42,2,3.01,-1.01,-0.98,NORMAL
778514,2025-03-30,SD,ATL,Petco Park,38,0,1.46,-1.46,-1.55,NORMAL
778515,2025-03-30,AZ,CHC,Chase Field,55,4,4.0,0.0,0.0,NORMAL
778516,2025-03-30,TEX,BOS,Globe Life Field,47,2,1.57,0.43,0.6,NORMAL
778517,2025-03-30,STL,MIN,Busch Stadium,56,4,3.79,0.21,0.19,NORMAL
778518,2025-03-28,HOU,NYM,Daikin Park,39,1,2.0,-1.0,-1.42,NORMAL
778519,2025-03-30,MIA,PIT,loanDepot park,46,2,1.74,0.26,0.41,NORMAL
778520,2025-03-29,SD,ATL,Petco Park,44,0,0.98,-0.98,-3.57,DEAD
778521,2025-03-29,SEA,ATH,T-Mobile Park,47,1,1.37,-0.37,-0.38,NORMAL
778522,2025-03-30,CIN,SF,Great American Ball Park,52,4,3.28,0.72,0.68,NORMAL
778523,2025-03-30,NYY,MIL,Yankee Stadium,51,5,4.82,0.18,0.16,NORMAL
778524,2025-03-30,TB,COL,George M. Steinbrenner Field,51,2,1.94,0.06,0.07,NORMAL
778525,2025-03-30,TOR,BAL,Rogers Centre,50,1,2.16,-1.16,-1.11,NORMAL
778526,2025-03-30,WSH,PHI,Nationals Park,48,2,0.51,1.49,2.17,JUICED
778527,2025-03-30,CWS,LAA,Rate Field,50,2,2.23,-0.23,-0.28,NORMAL
778528,2025-03-29,STL,MIN,Busch Stadium,50,0,1.88,-1.88,-1.79,NORMAL
778529,2025-03-29,KC,CLE,Kauffman Stadium,52,2,1.87,0.13,0.16,NORMAL
778530,2025-03-29,HOU,NYM,Daikin Park,40,1,1.29,-0.29,-0.4,NORMAL
778531,2025-03-29,TEX,BOS,Globe Life Field,48,2,1.94,0.06,0.07,NORMAL
778532,2025-03-29,AZ,CHC,Chase Field,55,3,2.43,0.57,0.57,NORMAL
778533,2025-03-29,LAD,DET,Dodger Stadium,41,3,2.13,0.87,1.65,NORMAL
778534,2025-03-29,CWS,LAA,Rate Field,45,0,0.7,-0.7,-1.43,NORMAL
778535,2025-03-29,WSH,PHI,Nationals Park,58,6,4.5,1.5,1.18,NORMAL
778536,2025-03-29,TOR,BAL,Rogers Centre,50,4,3.66,0.34,0.29,NORMAL
778537,2025-03-29,TB,COL,George M. Steinbrenner Field,56,0,2.26,-2.26,-2.19,DEAD
778538,2025-03-29,NYY,MIL,Yankee Stadium,68,10,8.51,1.49,1.18,NORMAL
778539,2025-03-29,MIA,PIT,loanDepot park,70,0,1.53,-1.53,-1.55,NORMAL
778540,2025-03-29,CIN,SF,Great American Ball Park,54,3,1.53,1.47,1.61,NORMAL
778541,2025-03-28,SEA,ATH,T-Mobile Park,51,3,2.84,0.16,0.19,NORMAL
778542,2025-03-28,SD,ATL,Petco Park,49,3,2.85,0.15,0.19,NORMAL
778543,2025-03-28,AZ,CHC,Chase Field,57,2,2.83,-0.83,-0.92,NORMAL
778544,2025-03-28,LAD,DET,Dodger Stadium,47,5,1.76,3.24,3.15,JUICED
778548,2025-03-28,MIA,PIT,loanDepot park,53,2,2.69,-0.69,-1.18,NORMAL
778549,2025-03-28,TOR,BAL,Rogers Centre,48,1,2.38,-1.38,-1.21,NORMAL
778550,2025-03-28,TEX,BOS,Globe Life Field,53,2,3.34,-1.34,-1.38,NORMAL
778560,2025-03-28,TB,COL,George M. Steinbrenner Field,43,1,1.46,-0.46,-0.52,NORMAL
813022,2025-10-29,,,,41,3,2.59,0.41,0.48,NORMAL
813023,2025-10-28,,,,54,1,1.41,-0.41,-0.43,NORMAL
813024,2025-11-01,,,,70,4,5.08,-1.08,-0.79,NORMAL
813025,2025-10-31,,,,44,0,0.74,-0.74,-0.96,NORMAL
813026,2025-10-25,,,,49,2,3.35,-1.35,-1.3,NORMAL
813027,2025-10-24,,,,49,4,3.1,0.9,0.93,NORMAL
813031,2025-10-17,,,,42,3,4.66,-1.66,-1.85,NORMAL
813032,2025-10-27,,,,102,5,5.43,-0.43,-0.33,NORMAL
813033,2025-10-16,,,,33,0,0.11,-0.11,-0.35,NORMAL
813034,2025-10-14,,,,52,3,3.19,-0.19,-0.18,NORMAL
813035,2025-10-16,,,,52,3,1.93,1.07,1.16,NORMAL
813036,2025-10-13,,,,45,1,2.25,-1.25,-1.21,NORMAL
813037,2025-10-20,,,,50,3,2.25,0.75,0.96,NORMAL
813038,2025-10-19,,,,48,3,1.93,1.07,1.03,NORMAL
813039,2025-10-17,,,,49,3,4.13,-1.13,-1.07,NORMAL
813040,2025-10-12,,,,48,2,3.32,-1.32,-1.84,NORMAL
813041,2025-10-08,,,,59,4,4.0,0.0,0.0,NORMAL
813042,2025-10-09,,,,53,0,0.23,-0.23,-0.51,NORMAL
813043,2025-10-15,,,,61,8,5.64,2.36,2.2,JUICED
813044,2025-10-13,,,,50,3,2.74,0.26,0.26,NORMAL
813046,2025-10-11,,,,48,4,3.65,0.35,0.29,NORMAL
813047,2025-10-04,,,,50,3,2.43,0.57,0.61,NORMAL
813048,2025-10-06,,,,48,4,3.34,0.66,1.09,NORMAL
813049,2025-10-08,,,,48,2,1.67,0.33,0.46,NORMAL
813050,2025-10-09,,,,47,2,3.01,-1.01,-1.06,NORMAL
813051,2025-10-04,,,,40,1,0.51,0.49,0.84,NORMAL
813052,2025-10-06,,,,49,0,0.07,-0.07,-0.27,NORMAL
813054,2025-10-10,,,,63,1,1.6,-0.6,-0.84,NORMAL
813055,2025-10-08,,,,53,2,2.15,-0.15,-0.18,NORMAL
813056,2025-10-07,,,,49,3,3.43,-0.43,-0.5,NORMAL
813057,2025-10-05,,,,43,2,1.16,0.84,1.23,NORMAL
813058,2025-10-04,,,,54,2,4.19,-2.19,-2.27,DEAD
813059,2025-10-02,,,,47,2,2.53,-0.53,-0.7,NORMAL
813060,2025-10-08,,,,55,1,2.92,-1.92,-1.67,NORMAL
813061,2025-10-07,,,,56,3,4.55,-1.55,-1.42,NORMAL
813062,2025-10-05,,,,55,6,4.61,1.39,1.3,NORMAL
813063,2025-10-04,,,,62,3,2.03,0.97,1.07,NORMAL
813064,2025-10-01,,,,45,1,1.79,-0.79,-1.02,NORMAL
813065,2025-10-02,,,,41,0,0.75,-0.75,-1.18,NORMAL
813066,2025-09-30,,,,41,2,1.57,0.43,0.52,NORMAL
813068,2025-10-01,,,,55,0,0.2,-0.2,-0.46,NORMAL
813069,2025-09-30,,,,49,5,4.31,0.69,0.75,NORMAL
813070,2025-10-01,,,,49,2,1.58,0.42,0.5,NORMAL
813071,2025-10-01,,,,48,2,2.75,-0.75,-0.71,NORMAL
813072,2025-09-30,,,,34,0,0.35,-0.35,-0.64,NORMAL
813073,2025-10-02,,,,51,1,1.46,-0.46,-0.71,NORMAL
813074,2025-09-30,,,,46,1,0.95,0.05,0.07,NORMAL
