export_date,Time,Team,Batter,HR#,Type,RBI,Inn,Angle,EV,Dist,Pitch,Pitcher,Game,Game ID,Batter ID,Pitcher ID
2025-04-04,2:20 PM,SD,Martín Maldonado,1,,,3,30.0,104.2,365.0,FF,Shota Imanaga,CHC @ SD,778460,455117,684007
2025-05-09,8:40 PM,SD,Martín Maldonado,2,,,5,32.0,103.1,432.0,SL,Jimmy Herget,COL @ SD,777993,455117,623474
2025-06-10,9:40 PM,SD,Martín Maldonado,3,,,6,23.0,106.4,381.0,FC,Matt Sauer,LAD @ SD,777560,455117,669422
2025-06-24,9:40 PM,SD,Martín Maldonado,4,,,5,23.0,107.0,400.0,FF,Trevor Williams,WSH @ SD,777372,455117,592866
2025-06-11,3:40 PM,SEA,Donovan Solano,1,,,5,28.0,98.0,381.0,FF,Eduardo Rodriguez,AZ @ SEA,777548,456781,593958
2025-06-22,2:20 PM,SEA,Donovan Solano,2,,,4,22.0,102.9,391.0,ST,Colin Rea,CHC @ SEA,777403,456781,607067
2025-06-22,2:20 PM,SEA,Donovan Solano,3,,,7,36.0,99.1,416.0,CU,Chris Flexen,CHC @ SEA,777403,456781,623167
2025-03-30,1:40 PM,PIT,Andrew McCutchen,1,,,2,34.0,103.4,393.0,FF,Max Meyer,MIA @ PIT,778519,457705,676974
2025-04-22,9:38 PM,PIT,Andrew McCutchen,2,,,4,34.0,104.1,417.0,SI,José Soriano,LAA @ PIT,778211,457705,667755
2025-04-27,4:10 PM,PIT,Andrew McCutchen,3,,,1,28.0,102.5,407.0,FF,Tyler Glasnow,LAD @ PIT,778145,457705,607192
2025-05-31,9:40 PM,PIT,Andrew McCutchen,4,,,5,37.0,104.1,396.0,SL,Dylan Cease,SD @ PIT,777691,457705,656302
2025-06-01,5:10 PM,PIT,Andrew McCutchen,5,,,3,24.0,104.7,365.0,CU,Randy Vásquez,SD @ PIT,777681,457705,681190
2025-06-11,12:35 PM,PIT,Andrew McCutchen,6,,,5,23.0,103.5,405.0,FS,Cal Quantrill,MIA @ PIT,777552,457705,615698
2025-06-14,2:20 PM,PIT,Andrew McCutchen,7,,,1,35.0,103.9,372.0,CH,Matthew Boyd,CHC @ PIT,777513,457705,571510
2025-06-19,6:10 PM,PIT,Andrew McCutchen,8,,,3,24.0,103.8,382.0,SL,Keider Montero,DET @ PIT,777464,457705,672456
2025-07-23,12:35 PM,PIT,Andrew McCutchen,9,,,1,27.0,104.3,411.0,FF,Troy Melton,DET @ PIT,777029,457705,675512
2025-07-28,9:45 PM,PIT,Andrew McCutchen,10,,,7,27.0,103.6,383.0,SL,Carson Seymour,SF @ PIT,776964,457705,693313
2025-08-01,8:10 PM,PIT,Andrew McCutchen,11,,,1,25.0,97.1,382.0,FF,Carson Palmquist,COL @ PIT,776919,457705,687223
2025-08-23,6:40 PM,PIT,Andrew McCutchen,12,,,2,27.0,106.8,391.0,FF,Kyle Freeland,COL @ PIT,776632,457705,607536
2025-09-03,6:40 PM,PIT,Andrew McCutchen,13,,,2,30.0,105.8,408.0,FF,Emmet Sheehan,LAD @ PIT,776479,457705,686218
2025-05-24,4:10 PM,CHC,Justin Turner,1,,,3,34.0,104.1,406.0,FF,Andrew Abbott,CIN @ CHC,777791,457759,671096
2025-07-08,7:40 PM,CHC,Justin Turner,2,,,9,28.0,99.0,371.0,FC,Joey Wentz,MIN @ CHC,777190,457759,666214
2025-08-03,2:20 PM,CHC,Justin Turner,3,,,9,24.0,108.0,408.0,FF,Keegan Akin,BAL @ CHC,776888,457759,669211
2025-04-05,9:38 PM,CLE,Carlos Santana,1,,,1,29.0,102.1,415.0,SI,Jack Kochanowicz,LAA @ CLE,778437,467793,686799
2025-04-09,6:10 PM,CLE,Carlos Santana,2,,,3,22.0,108.3,410.0,SL,Sean Burke,CWS @ CLE,778391,467793,680732
2025-05-02,7:07 PM,CLE,Carlos Santana,3,,,2,42.0,101.5,345.0,FC,Chris Bassitt,TOR @ CLE,778081,467793,605135
2025-05-06,3:40 PM,CLE,Carlos Santana,4,,,6,21.0,106.2,368.0,FF,Brad Lord,WSH @ CLE,778046,467793,695418
2025-05-19,,CLE,Carlos Santana,5,,,4,26.0,101.1,360.0,FS,Joe Ryan,MIN @ CLE,777861,467793,657746
2025-05-21,3:55 PM,CLE,Carlos Santana,6,,,8,23.0,108.6,384.0,FF,Cole Sands,MIN @ CLE,777829,467793,663485
2025-05-31,4:10 PM,CLE,Carlos Santana,7,,,7,32.0,95.3,348.0,ST,Ryan Zeferjahn,LAA @ CLE,777703,467793,666171
2025-06-11,1:10 PM,CLE,Carlos Santana,8,,,3,27.0,103.6,397.0,CH,Nick Lodolo,CIN @ CLE,777549,467793,666157
2025-06-24,6:40 PM,CLE,Carlos Santana,9,,,6,21.0,109.6,398.0,FF,Eric Lauer,TOR @ CLE,777384,467793,641778
2025-07-02,8:05 PM,CLE,Carlos Santana,10,,,2,37.0,100.2,361.0,FF,Shota Imanaga,CHC @ CLE,777266,467793,684007
2025-07-11,3:10 PM,CLE,Carlos Santana,11,,,6,23.0,109.3,418.0,FC,Tyler Alexander,CWS @ CLE,777164,467793,641302
2025-05-04,7:10 PM,LAD,Miguel Rojas,1,,,7,28.0,96.2,365.0,SL,Dylan Lee,ATL @ LAD,778060,500743,669276
2025-06-14,10:10 PM,LAD,Miguel Rojas,2,,,8,30.0,99.8,383.0,SL,Player 682515,SF @ LAD,777506,500743,682515
2025-06-20,10:10 PM,LAD,Miguel Rojas,3,,,6,27.0,105.8,396.0,FF,MacKenzie Gore,WSH @ LAD,777427,500743,669022
2025-07-05,7:15 PM,LAD,Miguel Rojas,4,,,4,21.0,104.3,393.0,CU,Framber Valdez,HOU @ LAD,777221,500743,664285
2025-07-13,4:05 PM,LAD,Miguel Rojas,5,,,5,27.0,102.7,383.0,SL,Robbie Ray,SF @ LAD,777119,500743,592662
2025-07-19,9:10 PM,LAD,Miguel Rojas,6,,,8,23.0,105.4,381.0,SI,Jared Koenig,MIL @ LAD,777085,500743,657649
2025-09-19,10:10 PM,LAD,Miguel Rojas,7,,,2,26.0,101.7,402.0,FF,Robbie Ray,SF @ LAD,776256,500743,592662
2025-11-01,8:00 PM,LAD,Miguel Rojas,8,,,9,23.0,104.9,387.0,SL,Jeff Hoffman,TOR @ LAD,813024,500743,656546
2025-06-23,7:40 PM,PIT,Tommy Pham,1,,,4,29.0,105.0,416.0,FC,Chad Patrick,MIL @ PIT,777391,502054,694477
2025-06-29,1:35 PM,PIT,Tommy Pham,2,,,1,31.0,99.0,356.0,FF,Frankie Montas,NYM @ PIT,777313,502054,593423
2025-07-07,7:40 PM,PIT,Tommy Pham,3,,,3,26.0,105.9,428.0,FC,Noah Cameron,KC @ PIT,777204,502054,702070
2025-07-13,2:10 PM,PIT,Tommy Pham,4,,,2,28.0,105.4,421.0,SL,Simeon Woods Richardson,MIN @ PIT,777113,502054,680573
2025-08-03,3:10 PM,PIT,Tommy Pham,5,,,1,20.0,110.2,446.0,FF,Bradley Blalock,COL @ PIT,776886,502054,687134
2025-08-16,2:20 PM,PIT,Tommy Pham,6,,,4,27.0,109.8,428.0,FS,Shota Imanaga,CHC @ PIT,776719,502054,684007
2025-08-22,6:40 PM,PIT,Tommy Pham,7,,,6,23.0,110.6,435.0,FF,Anthony Molina,COL @ PIT,776637,502054,683627
2025-08-28,2:15 PM,PIT,Tommy Pham,8,,,1,28.0,110.4,440.0,FF,Miles Mikolas,STL @ PIT,776554,502054,571945
2025-09-09,6:35 PM,PIT,Tommy Pham,9,,,9,23.0,100.0,376.0,SI,Yennier Cano,BAL @ PIT,776401,502054,666974
2025-09-26,7:15 PM,PIT,Tommy Pham,10,,,2,28.0,107.8,433.0,SL,Joey Wentz,ATL @ PIT,776180,502054,666214
2025-03-29,1:05 PM,NYY,Paul Goldschmidt,1,,,1,36.0,109.2,413.0,FF,Nestor Cortes,MIL @ NYY,778538,502671,641482
2025-04-30,6:35 PM,NYY,Paul Goldschmidt,2,,,5,26.0,109.0,425.0,SI,Cade Povich,BAL @ NYY,778115,502671,700249
2025-05-02,7:05 PM,NYY,Paul Goldschmidt,3,,,5,39.0,96.7,350.0,FF,Mason Montgomery,TB @ NYY,778088,502671,682254
2025-05-09,10:05 PM,NYY,Paul Goldschmidt,4,,,3,24.0,107.0,417.0,SL,Osvaldo Bido,ATH @ NYY,777994,502671,674370
2025-05-14,4:10 PM,NYY,Paul Goldschmidt,5,,,7,26.0,107.0,377.0,FF,Gabe Speier,SEA @ NYY,777915,502671,642100
2025-05-30,10:10 PM,NYY,Paul Goldschmidt,6,,,3,29.0,102.7,371.0,CU,Tony Gonsolin,LAD @ NYY,777708,502671,664062
2025-06-06,7:05 PM,NYY,Paul Goldschmidt,7,,,6,38.0,100.9,346.0,SI,Cooper Criswell,BOS @ NYY,777627,502671,681867
2025-06-19,1:05 PM,NYY,Paul Goldschmidt,8,,,2,24.0,109.9,370.0,FF,Tyler Anderson,LAA @ NYY,777449,502671,542881
2025-08-04,8:05 PM,NYY,Paul Goldschmidt,9,,,1,28.0,111.0,419.0,SI,Patrick Corbin,TEX @ NYY,776871,502671,571578
2025-08-06,2:35 PM,NYY,Paul Goldschmidt,10,,,7,25.0,109.3,395.0,FF,Robert Garcia,TEX @ NYY,776845,502671,676395
2025-09-14,1:35 PM,ATL,Sandy León,1,,,7,33.0,99.3,369.0,KC,Craig Kimbrel,HOU @ ATL,776329,506702,518886
2025-04-01,8:10 PM,HOU,Jose Altuve,1,,,4,20.0,105.4,356.0,SI,Logan Webb,SF @ HOU,778489,514888,657277
2025-04-05,2:10 PM,HOU,Jose Altuve,2,,,1,36.0,95.7,359.0,SL,Bailey Ober,MIN @ HOU,778440,514888,641927
2025-04-07,9:40 PM,HOU,Jose Altuve,3,,,6,23.0,107.0,402.0,CU,Logan Gilbert,SEA @ HOU,778405,514888,669302
2025-04-28,8:10 PM,HOU,Jose Altuve,4,,,6,34.0,104.1,396.0,FF,Jack Flaherty,DET @ HOU,778142,514888,656427
2025-05-22,8:10 PM,HOU,Jose Altuve,5,,,5,25.0,106.8,403.0,SI,Eduard Bazardo,SEA @ HOU,777822,514888,660825
2025-05-22,8:10 PM,HOU,Jose Altuve,6,,,6,26.0,100.4,372.0,SI,Player 534910,SEA @ HOU,777822,514888,534910
2025-05-27,8:10 PM,HOU,Jose Altuve,7,,,3,29.0,94.8,348.0,ST,JP Sears,ATH @ HOU,777752,514888,676664
2025-05-27,8:10 PM,HOU,Jose Altuve,8,,,4,30.0,102.4,410.0,FF,JP Sears,ATH @ HOU,777752,514888,676664
2025-05-29,8:10 PM,HOU,Jose Altuve,9,,,6,28.0,105.9,399.0,FF,Shane Baz,TB @ HOU,777725,514888,669358
2025-06-13,8:10 PM,HOU,Jose Altuve,10,,,4,41.0,94.4,342.0,SL,Chris Paddack,MIN @ HOU,777527,514888,663978
2025-06-16,10:05 PM,HOU,Jose Altuve,11,,,1,23.0,109.2,439.0,SL,Mitch Spence,ATH @ HOU,777485,514888,687765
2025-06-18,10:05 PM,HOU,Jose Altuve,12,,,6,34.0,106.1,432.0,FF,Tyler Ferguson,ATH @ HOU,777456,514888,621053
2025-06-29,2:10 PM,HOU,Jose Altuve,13,,,5,44.0,103.1,347.0,FC,Jameson Taillon,CHC @ HOU,777308,514888,592791
2025-07-04,9:10 PM,HOU,Jose Altuve,14,,,3,32.0,100.9,394.0,CU,Ben Casparius,LAD @ HOU,777235,514888,676508
2025-07-04,9:10 PM,HOU,Jose Altuve,15,,,6,31.0,101.5,387.0,FF,Noah Davis,LAD @ HOU,777235,514888,663562
2025-07-06,4:10 PM,HOU,Jose Altuve,16,,,9,31.0,98.2,373.0,FF,Anthony Banda,LAD @ HOU,777206,514888,607455
2025-07-12,7:35 PM,HOU,Jose Altuve,17,,,1,31.0,107.2,407.0,FF,Jacob deGrom,TEX @ HOU,777137,514888,594798
2025-07-30,2:10 PM,HOU,Jose Altuve,18,,,2,39.0,99.2,362.0,CH,MacKenzie Gore,WSH @ HOU,776937,514888,669022
2025-08-05,6:40 PM,HOU,Jose Altuve,19,,,1,25.0,104.9,374.0,FC,Cal Quantrill,MIA @ HOU,776862,514888,615698
2025-08-08,7:05 PM,HOU,Jose Altuve,20,,,1,29.0,109.2,389.0,ST,Cam Schlittler,NYY @ HOU,776835,514888,693645
2025-08-10,1:35 PM,HOU,Jose Altuve,21,,,1,27.0,108.6,394.0,FF,Max Fried,NYY @ HOU,776797,514888,608331
2025-08-16,7:10 PM,HOU,Jose Altuve,22,,,7,39.0,104.3,394.0,FC,Kade Strowd,BAL @ HOU,776722,514888,669704
2025-08-28,2:10 PM,HOU,Jose Altuve,23,,,1,21.0,102.8,369.0,FF,Kyle Freeland,COL @ HOU,776555,514888,607536
2025-09-01,2:10 PM,HOU,Jose Altuve,24,,,8,33.0,100.4,374.0,CH,Brock Burke,LAA @ HOU,776499,514888,656271
2025-09-12,7:15 PM,HOU,Jose Altuve,25,,,6,26.0,108.1,414.0,SI,Dane Dunning,ATL @ HOU,776360,514888,641540
2025-09-17,8:10 PM,HOU,Jose Altuve,26,,,3,29.0,102.2,372.0,FF,Jacob deGrom,TEX @ HOU,776292,514888,594798
2025-03-31,6:40 PM,NYM,Starling Marte,1,,,3,38.0,103.3,385.0,CU,Cal Quantrill,MIA @ NYM,778509,516782,615698
2025-04-29,7:10 PM,NYM,Starling Marte,2,,,3,39.0,107.0,386.0,FC,Eduardo Rodriguez,AZ @ NYM,778130,516782,593958
2025-05-30,7:10 PM,NYM,Starling Marte,3,,,4,26.0,107.3,432.0,FC,Kyle Freeland,COL @ NYM,777718,516782,607536
2025-06-05,4:10 PM,NYM,Starling Marte,4,,,3,24.0,100.5,371.0,FF,Landon Knack,LAD @ NYM,777631,516782,689017
2025-08-08,8:10 PM,NYM,Starling Marte,5,,,2,37.0,109.4,418.0,SI,Brandon Woodruff,MIL @ NYM,776828,516782,605540
2025-08-09,7:10 PM,NYM,Starling Marte,6,,,3,31.0,99.2,358.0,FF,Tobias Myers,MIL @ NYM,776817,516782,668964
2025-08-21,4:05 PM,NYM,Starling Marte,7,,,3,27.0,106.3,413.0,CU,MacKenzie Gore,WSH @ NYM,776650,516782,669022
2025-08-23,7:15 PM,NYM,Starling Marte,8,,,7,22.0,108.0,396.0,FF,Dylan Lee,ATL @ NYM,776626,516782,669276
2025-09-17,7:10 PM,NYM,Starling Marte,9,,,4,23.0,109.7,418.0,FF,Nick Pivetta,SD @ NYM,776288,516782,601713
2025-05-18,4:10 PM,LAA,Travis d'Arnaud,1,,,8,31.0,104.5,401.0,SI,Anthony Banda,LAD @ LAA,777866,518595,607455
2025-06-06,9:38 PM,LAA,Travis d'Arnaud,2,,,4,28.0,105.7,413.0,FF,Bryce Miller,SEA @ LAA,777614,518595,682243
2025-06-10,9:38 PM,LAA,Travis d'Arnaud,3,,,8,32.0,102.9,398.0,ST,T.J. McFarland,ATH @ LAA,777564,518595,519008
2025-06-25,4:07 PM,LAA,Travis d'Arnaud,4,,,4,29.0,102.1,394.0,FF,Richard Fitts,BOS @ LAA,777362,518595,690916
2025-07-07,9:38 PM,LAA,Travis d'Arnaud,5,,,2,34.0,97.4,370.0,SL,Jacob deGrom,TEX @ LAA,777200,518595,594798
2025-07-09,9:38 PM,LAA,Travis d'Arnaud,6,,,4,37.0,101.9,397.0,CH,Kumar Rocker,TEX @ LAA,777171,518595,677958
2025-03-28,10:10 PM,LAD,Freddie Freeman,1,,,6,26.0,105.9,411.0,SL,Jack Flaherty,DET @ LAD,778544,518692,656427
2025-03-29,9:10 PM,LAD,Freddie Freeman,2,,,1,32.0,111.6,418.0,FF,Reese Olson,DET @ LAD,778533,518692,681857
2025-04-16,10:10 PM,LAD,Freddie Freeman,3,,,1,26.0,106.7,409.0,SI,Germán Márquez,COL @ LAD,778287,518692,608566
2025-04-19,4:05 PM,LAD,Freddie Freeman,4,,,4,35.0,108.1,404.0,FC,Nathan Eovaldi,TEX @ LAD,778251,518692,543135
2025-04-30,3:10 PM,LAD,Freddie Freeman,5,,,6,26.0,110.9,406.0,SL,Jesus Tinoco,MIA @ LAD,778109,518692,622786
2025-05-03,7:15 PM,LAD,Freddie Freeman,6,,,8,33.0,106.4,416.0,FF,Scott Blewett,ATL @ LAD,778076,518692,656240
2025-05-05,6:40 PM,LAD,Freddie Freeman,7,,,3,32.0,99.8,402.0,FF,Sandy Alcantara,MIA @ LAD,778047,518692,645261
2025-05-06,6:40 PM,LAD,Freddie Freeman,8,,,6,28.0,101.0,405.0,SL,Anthony Veneziano,MIA @ LAD,778035,518692,685107
2025-05-11,4:10 PM,LAD,Freddie Freeman,9,,,7,31.0,103.7,405.0,CU,Joe Mantiply,AZ @ LAD,777954,518692,573009
2025-06-28,4:10 PM,LAD,Freddie Freeman,10,,,7,31.0,102.4,421.0,SI,Daniel Lynch IV,KC @ LAD,777319,518692,663738
2025-07-30,7:10 PM,LAD,Freddie Freeman,11,,,4,32.0,100.5,407.0,FF,Nick Martinez,CIN @ LAD,776941,518692,607259
2025-08-01,7:35 PM,LAD,Freddie Freeman,12,,,5,26.0,111.2,376.0,FC,Shane Baz,TB @ LAD,776918,518692,669358
2025-08-04,10:10 PM,LAD,Freddie Freeman,13,,,4,41.0,108.0,387.0,FC,Sonny Gray,STL @ LAD,776870,518692,543243
2025-08-10,4:10 PM,LAD,Freddie Freeman,14,,,1,32.0,101.5,390.0,FF,Eric Lauer,TOR @ LAD,776788,518692,641778
2025-08-17,4:10 PM,LAD,Freddie Freeman,15,,,1,31.0,103.9,422.0,FF,Yu Darvish,SD @ LAD,776697,518692,506433
2025-08-21,3:10 PM,LAD,Freddie Freeman,16,,,1,25.0,107.1,451.0,FF,Chase Dollander,COL @ LAD,776644,518692,801403
2025-08-24,4:10 PM,LAD,Freddie Freeman,17,,,6,33.0,107.2,415.0,FF,Nick Pivetta,SD @ LAD,776603,518692,601713
2025-08-24,4:10 PM,LAD,Freddie Freeman,18,,,7,34.0,97.9,349.0,CH,Wandy Peralta,SD @ LAD,776603,518692,593974
2025-09-05,7:05 PM,LAD,Freddie Freeman,19,,,6,31.0,105.4,420.0,FF,Dietrich Enns,BAL @ LAD,776454,518692,608650
2025-09-09,10:10 PM,LAD,Freddie Freeman,20,,,8,33.0,101.2,409.0,CU,Roansy Contreras,COL @ LAD,776389,518692,672710
2025-09-17,10:10 PM,LAD,Freddie Freeman,21,,,2,26.0,108.8,419.0,SI,Jesús Luzardo,PHI @ LAD,776280,518692,666200
2025-09-25,3:40 PM,LAD,Freddie Freeman,22,,,2,21.0,108.6,411.0,FF,Jalen Beeks,AZ @ LAD,776185,518692,656222
2025-09-25,3:40 PM,LAD,Freddie Freeman,23,,,4,32.0,98.6,398.0,CH,Nabil Crismatt,AZ @ LAD,776185,518692,622503
2025-09-28,3:10 PM,LAD,Freddie Freeman,24,,,3,32.0,100.7,382.0,FS,Bryce Miller,SEA @ LAD,776139,518692,682243
2025-10-13,8:08 PM,LAD,Freddie Freeman,25,,,6,45.0,107.8,362.0,FF,Chad Patrick,MIL @ LAD,813036,518692,694477
2025-10-27,8:00 PM,LAD,Freddie Freeman,26,,,18,34.0,107.4,406.0,SI,Brendon Little,TOR @ LAD,813032,518692,663893
2025-04-12,8:40 PM,SD,Jason Heyward,1,,,5,25.0,108.9,410.0,FF,Chase Dollander,COL @ SD,778352,518792,801403
2025-05-10,8:10 PM,SD,Jason Heyward,2,,,4,22.0,101.9,377.0,CU,Bradley Blalock,COL @ SD,777976,518792,687134
2025-05-17,1:05 PM,NYY,DJ LeMahieu,1,,,3,30.0,98.4,333.0,FF,Griffin Canning,NYM @ NYY,777888,518934,656288
2025-06-08,7:10 PM,NYY,DJ LeMahieu,2,,,5,21.0,100.7,358.0,SL,Hunter Dobbins,BOS @ NYY,777593,518934,690928
2025-07-02,7:07 PM,NYY,Giancarlo Stanton,1,,,5,29.0,102.8,415.0,SV,José Berríos,TOR @ NYY,777274,519317,621244
2025-07-08,7:05 PM,NYY,Giancarlo Stanton,2,,,6,32.0,106.1,401.0,SL,Logan Gilbert,SEA @ NYY,777187,519317,669302
2025-07-10,7:05 PM,NYY,Giancarlo Stanton,3,,,8,22.0,110.7,415.0,SI,Matt Brash,SEA @ NYY,777169,519317,666374
2025-07-13,1:35 PM,NYY,Giancarlo Stanton,4,,,2,33.0,99.5,371.0,FS,Shota Imanaga,CHC @ NYY,777122,519317,684007
2025-07-21,7:07 PM,NYY,Giancarlo Stanton,5,,,4,33.0,102.4,370.0,FS,Kevin Gausman,TOR @ NYY,777066,519317,592332
2025-07-25,7:05 PM,NYY,Giancarlo Stanton,6,,,6,27.0,106.7,415.0,FF,Taijuan Walker,PHI @ NYY,777015,519317,592836
2025-07-26,1:05 PM,NYY,Giancarlo Stanton,7,,,7,20.0,103.4,358.0,FF,Daniel Robert,PHI @ NYY,777001,519317,642016
2025-07-31,1:05 PM,NYY,Giancarlo Stanton,8,,,1,28.0,111.6,432.0,SL,Ryan Pepiot,TB @ NYY,776927,519317,686752
2025-08-01,7:10 PM,NYY,Giancarlo Stanton,9,,,4,19.0,116.0,409.0,SL,Janson Junk,MIA @ NYY,776925,519317,676083
2025-08-04,8:05 PM,NYY,Giancarlo Stanton,10,,,4,17.0,115.0,427.0,FF,Jon Gray,TEX @ NYY,776871,519317,592351
2025-08-11,7:05 PM,NYY,Giancarlo Stanton,11,,,3,29.0,109.0,399.0,FF,Zebby Matthews,MIN @ NYY,776790,519317,805673
2025-08-12,7:05 PM,NYY,Giancarlo Stanton,12,,,5,30.0,113.9,447.0,SL,Thomas Hatch,MIN @ NYY,776774,519317,641672
2025-08-19,7:35 PM,NYY,Giancarlo Stanton,13,,,1,23.0,104.4,386.0,FF,Shane Baz,TB @ NYY,776677,519317,669358
2025-08-19,7:35 PM,NYY,Giancarlo Stanton,14,,,4,35.0,103.4,376.0,FF,Ian Seymour,TB @ NYY,776677,519317,693855
2025-08-20,7:35 PM,NYY,Giancarlo Stanton,15,,,10,19.0,108.1,384.0,FF,Pete Fairbanks,TB @ NYY,776664,519317,664126
2025-08-23,1:05 PM,NYY,Giancarlo Stanton,16,,,4,29.0,103.7,370.0,FF,Garrett Crochet,BOS @ NYY,776627,519317,676979
2025-08-26,7:05 PM,NYY,Giancarlo Stanton,17,,,6,28.0,112.7,451.0,SL,Orlando Ribalta,WSH @ NYY,776588,519317,687377
2025-09-03,8:10 PM,NYY,Giancarlo Stanton,18,,,2,33.0,108.2,403.0,CH,Jason Alexander,HOU @ NYY,776472,519317,669920
2025-09-05,7:05 PM,NYY,Giancarlo Stanton,19,,,2,24.0,112.7,418.0,FF,Kevin Gausman,TOR @ NYY,776457,519317,592332
2025-09-11,7:05 PM,NYY,Giancarlo Stanton,20,,,3,28.0,108.9,429.0,SL,Sawyer Gipson-Long,DET @ NYY,776368,519317,687830
2025-09-20,7:05 PM,NYY,Giancarlo Stanton,21,,,1,25.0,104.2,358.0,ST,Tomoyuki Sugano,BAL @ NYY,776257,519317,608372
2025-09-26,7:05 PM,NYY,Giancarlo Stanton,22,,,1,22.0,108.8,397.0,FF,Trevor Rogers,BAL @ NYY,776174,519317,669432
2025-09-26,7:05 PM,NYY,Giancarlo Stanton,23,,,3,30.0,112.2,451.0,CH,Trevor Rogers,BAL @ NYY,776174,519317,669432
2025-09-27,1:05 PM,NYY,Giancarlo Stanton,24,,,2,27.0,110.2,427.0,FF,Tomoyuki Sugano,BAL @ NYY,776162,519317,608372
2025-03-31,2:10 PM,KC,Salvador Perez,1,,,7,27.0,108.2,418.0,SL,Elvis Peguero,MIL @ KC,778504,521692,665625
2025-04-13,1:40 PM,KC,Salvador Perez,2,,,4,27.0,101.2,394.0,ST,Ben Lively,CLE @ KC,778342,521692,594902
2025-05-21,3:45 PM,KC,Salvador Perez,3,,,4,32.0,107.5,397.0,SI,Logan Webb,SF @ KC,777819,521692,657277
2025-05-26,4:10 PM,KC,Salvador Perez,4,,,7,42.0,102.5,397.0,FC,Nick Martinez,CIN @ KC,777760,521692,607259
2025-06-08,2:10 PM,KC,Salvador Perez,5,,,4,23.0,109.9,403.0,SI,Mike Vasil,CWS @ KC,777590,521692,678024
2025-06-11,7:40 PM,KC,Salvador Perez,6,,,9,38.0,107.2,404.0,SI,Mark Leiter Jr.,NYY @ KC,777551,521692,643410
2025-06-17,8:05 PM,KC,Salvador Perez,7,,,1,36.0,105.2,369.0,FF,Jack Leiter,TEX @ KC,777468,521692,683004
2025-06-17,8:05 PM,KC,Salvador Perez,8,,,6,39.0,105.3,386.0,SL,Jack Leiter,TEX @ KC,777468,521692,683004
2025-06-22,4:10 PM,KC,Salvador Perez,9,,,6,21.0,114.1,412.0,FC,Randy Vásquez,SD @ KC,777396,521692,681190
2025-07-06,4:10 PM,KC,Salvador Perez,10,,,4,25.0,106.7,415.0,SI,Anthony DeSclafani,AZ @ KC,777218,521692,543101
2025-07-07,7:40 PM,KC,Salvador Perez,11,,,5,36.0,109.8,411.0,FC,Chase Shugart,PIT @ KC,777204,521692,663767
2025-07-09,7:40 PM,KC,Salvador Perez,12,,,2,25.0,110.4,444.0,SI,Bailey Falter,PIT @ KC,777177,521692,663559
2025-07-09,7:40 PM,KC,Salvador Perez,13,,,8,29.0,107.8,426.0,SL,Isaac Mattson,PIT @ KC,777177,521692,676755
2025-07-19,4:10 PM,KC,Salvador Perez,14,,,8,26.0,107.3,413.0,FF,Ronny Henriquez,MIA @ KC,777093,521692,678692
2025-07-20,1:40 PM,KC,Salvador Perez,15,,,8,22.0,109.1,369.0,FF,Valente Bellozo,MIA @ KC,777082,521692,678368
2025-07-21,8:05 PM,KC,Salvador Perez,16,,,4,28.0,105.3,380.0,FF,Ben Brown,CHC @ KC,777065,521692,676962
2025-07-21,8:05 PM,KC,Salvador Perez,17,,,8,22.0,107.2,408.0,FC,Chris Flexen,CHC @ KC,777065,521692,623167
2025-07-23,2:20 PM,KC,Salvador Perez,18,,,3,37.0,95.1,384.0,FF,Colin Rea,CHC @ KC,777031,521692,607067
2025-08-01,7:07 PM,KC,Salvador Perez,19,,,9,23.0,107.2,362.0,ST,Mason Fluharty,TOR @ KC,776920,521692,689254
2025-08-02,3:07 PM,KC,Salvador Perez,20,,,6,33.0,99.9,387.0,CU,Max Scherzer,TOR @ KC,776900,521692,453286
2025-08-11,7:40 PM,KC,Salvador Perez,21,,,6,29.0,102.2,404.0,SI,Cade Cavalli,WSH @ KC,776784,521692,676917
2025-08-15,8:10 PM,KC,Salvador Perez,22,,,4,30.0,102.6,380.0,SI,Aaron Civale,CWS @ KC,776728,521692,650644
2025-08-27,7:40 PM,KC,Salvador Perez,23,,,5,29.0,101.6,396.0,SI,Aaron Civale,CWS @ KC,776569,521692,650644
2025-09-04,7:40 PM,KC,Salvador Perez,24,,,7,32.0,103.5,402.0,SL,José Fermin,LAA @ KC,776463,521692,820862
2025-09-06,7:15 PM,KC,Salvador Perez,25,,,1,28.0,108.5,415.0,FF,Joe Ryan,MIN @ KC,776434,521692,657746
2025-09-13,6:05 PM,KC,Salvador Perez,26,,,1,33.0,100.0,398.0,FC,Taijuan Walker,PHI @ KC,776342,521692,592836
2025-09-13,6:05 PM,KC,Salvador Perez,27,,,3,23.0,105.4,401.0,FS,Taijuan Walker,PHI @ KC,776342,521692,592836
2025-09-14,1:35 PM,KC,Salvador Perez,28,,,6,39.0,97.8,371.0,CH,Aaron Nola,PHI @ KC,776334,521692,605400
2025-09-17,7:40 PM,KC,Salvador Perez,29,,,1,30.0,106.3,435.0,FF,Bryce Miller,SEA @ KC,776289,521692,682243
2025-09-19,7:40 PM,KC,Salvador Perez,30,,,1,27.0,104.8,403.0,FF,Max Scherzer,TOR @ KC,776260,521692,453286
2025-03-29,4:10 PM,SF,Wilmer Flores,1,,,2,22.0,104.7,363.0,FF,Nick Lodolo,CIN @ SF,778540,527038,666157
2025-03-31,8:10 PM,SF,Wilmer Flores,2,,,6,35.0,94.7,350.0,SL,Luis Contreras,HOU @ SF,778505,527038,664351
2025-04-02,4:10 PM,SF,Wilmer Flores,3,,,1,25.0,102.8,386.0,CH,Framber Valdez,HOU @ SF,778475,527038,664285
2025-04-09,3:45 PM,SF,Wilmer Flores,4,,,8,31.0,101.6,378.0,FF,Tony Santillan,CIN @ SF,778376,527038,663574
2025-04-12,3:05 PM,SF,Wilmer Flores,5,,,2,29.0,101.8,394.0,SI,Will Warren,NYY @ SF,778355,527038,701542
2025-04-21,9:45 PM,SF,Wilmer Flores,6,,,6,32.0,103.1,399.0,SI,Grant Anderson,MIL @ SF,778226,527038,681982
2025-05-16,10:15 PM,SF,Wilmer Flores,7,,,3,20.0,106.8,379.0,FF,JP Sears,ATH @ SF,777891,527038,676664
2025-05-16,10:15 PM,SF,Wilmer Flores,8,,,6,27.0,99.6,373.0,FF,Michel Otañez,ATH @ SF,777891,527038,671305
2025-05-16,10:15 PM,SF,Wilmer Flores,9,,,8,27.0,99.4,381.0,FF,Anthony Maldonado,ATH @ SF,777891,527038,687424
2025-06-07,4:05 PM,SF,Wilmer Flores,10,,,4,32.0,98.7,361.0,SL,Bryce Elder,ATL @ SF,777598,527038,693821
2025-07-22,7:15 PM,SF,Wilmer Flores,11,,,7,46.0,99.4,364.0,FC,Wander Suero,ATL @ SF,777058,527038,593833
2025-08-18,9:40 PM,SF,Wilmer Flores,12,,,1,34.0,93.7,354.0,FF,Nestor Cortes,SD @ SF,776683,527038,641482
2025-08-26,9:45 PM,SF,Wilmer Flores,13,,,2,25.0,102.9,380.0,FF,Matthew Boyd,CHC @ SF,776576,527038,571510
2025-09-02,8:40 PM,SF,Wilmer Flores,14,,,5,30.0,97.6,385.0,SL,Angel Chivilli,COL @ SF,776486,527038,683409
2025-09-16,9:40 PM,SF,Wilmer Flores,15,,,3,26.0,104.0,413.0,FF,Eduardo Rodriguez,AZ @ SF,776294,527038,593958
2025-04-04,7:15 PM,ATL,Marcell Ozuna,1,,,7,38.0,105.0,395.0,SI,George Soriano,MIA @ ATL,778464,542303,666277
2025-04-10,7:15 PM,ATL,Marcell Ozuna,2,,,11,25.0,109.0,413.0,SL,Joe Ross,PHI @ ATL,778384,542303,605452
2025-04-11,7:05 PM,ATL,Marcell Ozuna,3,,,8,35.0,109.8,425.0,FF,Edwin Uceta,TB @ ATL,778367,542303,670955
2025-04-20,1:35 PM,ATL,Marcell Ozuna,4,,,5,25.0,105.2,394.0,SI,Joe Ryan,MIN @ ATL,778249,542303,657746
2025-04-26,8:10 PM,ATL,Marcell Ozuna,5,,,1,32.0,110.4,443.0,FC,Merrill Kelly,AZ @ ATL,778162,542303,518876
2025-05-12,7:15 PM,ATL,Marcell Ozuna,6,,,5,26.0,111.6,464.0,FF,Jake Irvin,WSH @ ATL,777959,542303,663623
2025-05-17,7:15 PM,ATL,Marcell Ozuna,7,,,1,35.0,107.7,417.0,SL,Lucas Giolito,BOS @ ATL,777893,542303,608337
2025-05-18,1:35 PM,ATL,Marcell Ozuna,8,,,8,26.0,112.1,430.0,FF,Sean Newcomb,BOS @ ATL,777876,542303,656794
2025-05-22,6:45 PM,ATL,Marcell Ozuna,9,,,1,32.0,95.9,364.0,FF,Trevor Williams,WSH @ ATL,777820,542303,592866
2025-06-01,1:35 PM,ATL,Marcell Ozuna,10,,,1,30.0,104.9,397.0,FC,Garrett Crochet,BOS @ ATL,777692,542303,676979
2025-06-13,7:15 PM,ATL,Marcell Ozuna,11,,,7,20.0,110.1,407.0,SL,Victor Vodnik,COL @ ATL,777535,542303,680767
2025-07-09,10:05 PM,ATL,Marcell Ozuna,12,,,6,27.0,102.2,412.0,FC,Mitch Spence,ATH @ ATL,777176,542303,687765
2025-07-12,2:15 PM,ATL,Marcell Ozuna,13,,,2,22.0,106.3,422.0,FC,Erick Fedde,STL @ ATL,777133,542303,607200
2025-07-28,7:40 PM,ATL,Marcell Ozuna,14,,,4,35.0,100.4,406.0,CU,Rich Hill,KC @ ATL,776971,542303,448179
2025-07-29,7:40 PM,ATL,Marcell Ozuna,15,,,6,26.0,105.4,399.0,CU,Seth Lugo,KC @ ATL,776955,542303,607625
2025-08-07,7:15 PM,ATL,Marcell Ozuna,16,,,1,30.0,99.0,404.0,ST,Eury Pérez,MIA @ ATL,776842,542303,691587
2025-08-09,7:15 PM,ATL,Marcell Ozuna,17,,,4,30.0,106.9,433.0,FF,Sandy Alcantara,MIA @ ATL,776819,542303,645261
2025-08-09,7:15 PM,ATL,Marcell Ozuna,18,,,5,29.0,107.4,416.0,CU,Sandy Alcantara,MIA @ ATL,776819,542303,645261
2025-08-10,1:35 PM,ATL,Marcell Ozuna,19,,,7,27.0,104.9,422.0,SL,Tyler Zuber,MIA @ ATL,776803,542303,676604
2025-08-13,7:10 PM,ATL,Marcell Ozuna,20,,,6,27.0,100.9,369.0,ST,Paul Blackburn,NYM @ ATL,776756,542303,621112
2025-09-24,12:15 PM,ATL,Marcell Ozuna,21,,,8,28.0,102.8,404.0,SI,Jackson Rutledge,WSH @ ATL,776200,542303,671131
2025-04-19,4:05 PM,TEX,Kyle Higashioka,1,,,3,25.0,100.7,381.0,FF,Roki Sasaki,LAD @ TEX,778251,543309,808963
2025-07-05,9:40 PM,TEX,Kyle Higashioka,2,,,3,31.0,97.3,370.0,SL,Stephen Kolek,SD @ TEX,777223,543309,663568
2025-07-09,9:38 PM,TEX,Kyle Higashioka,3,,,3,29.0,98.1,358.0,CH,Kyle Hendricks,LAA @ TEX,777171,543309,543294
2025-07-12,7:35 PM,TEX,Kyle Higashioka,4,,,9,40.0,98.2,347.0,SI,Josh Hader,HOU @ TEX,777137,543309,623352
2025-07-29,9:38 PM,TEX,Kyle Higashioka,5,,,4,28.0,96.0,383.0,SL,Yusei Kikuchi,LAA @ TEX,776945,543309,579328
2025-07-29,9:38 PM,TEX,Kyle Higashioka,6,,,8,22.0,107.3,411.0,FF,Connor Brogdon,LAA @ TEX,776945,543309,641401
2025-08-02,4:10 PM,TEX,Kyle Higashioka,7,,,3,34.0,99.5,381.0,FF,Luis Castillo,SEA @ TEX,776897,543309,622491
2025-08-15,7:07 PM,TEX,Kyle Higashioka,8,,,2,25.0,102.4,391.0,FC,Chris Bassitt,TOR @ TEX,776735,543309,605135
2025-08-26,8:05 PM,TEX,Kyle Higashioka,9,,,4,29.0,105.2,421.0,CU,Yusei Kikuchi,LAA @ TEX,776575,543309,579328
2025-08-27,8:05 PM,TEX,Kyle Higashioka,10,,,7,31.0,98.8,386.0,CU,Oswald Peraza,LAA @ TEX,776563,543309,672724
2025-09-20,7:05 PM,TEX,Kyle Higashioka,11,,,9,24.0,106.3,414.0,FC,Calvin Faucher,MIA @ TEX,776242,543309,676534
2025-07-01,9:40 PM,AZ,James McCann,1,,,6,32.0,99.8,396.0,SL,Carson Seymour,SF @ AZ,777278,543510,693313
2025-07-09,9:40 PM,AZ,James McCann,2,,,3,24.0,110.3,434.0,FF,Dylan Cease,SD @ AZ,777162,543510,656302
2025-08-13,2:35 PM,AZ,James McCann,3,,,9,38.0,98.7,361.0,ST,Phil Maton,TEX @ AZ,776746,543510,664208
2025-09-14,2:10 PM,AZ,James McCann,4,,,4,23.0,109.5,407.0,FF,Bailey Ober,MIN @ AZ,776324,543510,641927
2025-09-15,9:40 PM,AZ,James McCann,5,,,6,32.0,103.3,419.0,CU,Joey Lucchesi,SF @ AZ,776309,543510,664192
2025-04-05,7:05 PM,TEX,Marcus Semien,1,,,1,29.0,101.8,389.0,FF,Taj Bradley,TB @ TEX,778438,543760,671737
2025-04-22,10:05 PM,TEX,Marcus Semien,2,,,5,29.0,103.1,417.0,SI,Osvaldo Bido,ATH @ TEX,778213,543760,674370
2025-05-11,1:40 PM,TEX,Marcus Semien,3,,,2,27.0,101.3,396.0,SL,Reese Olson,DET @ TEX,777969,543760,681857
2025-05-30,8:05 PM,TEX,Marcus Semien,4,,,7,36.0,104.5,382.0,SI,Matt Svanson,STL @ TEX,777709,543760,694335
2025-06-05,7:35 PM,TEX,Marcus Semien,5,,,5,41.0,103.1,369.0,FF,Ryan Pepiot,TB @ TEX,777629,543760,686752
2025-06-05,7:35 PM,TEX,Marcus Semien,6,,,7,39.0,100.1,366.0,ST,Kevin Kelly,TB @ TEX,777629,543760,687330
2025-06-11,7:40 PM,TEX,Marcus Semien,7,,,2,31.0,104.5,424.0,CH,David Festa,MIN @ TEX,777556,543760,701581
2025-06-30,8:05 PM,TEX,Marcus Semien,8,,,6,30.0,108.4,422.0,FF,Trevor Rogers,BAL @ TEX,777292,543760,669432
2025-07-02,8:05 PM,TEX,Marcus Semien,9,,,3,26.0,104.0,399.0,ST,Tomoyuki Sugano,BAL @ TEX,777268,543760,608372
2025-07-09,9:38 PM,TEX,Marcus Semien,10,,,7,33.0,104.8,423.0,FF,Reid Detmers,LAA @ TEX,777171,543760,672282
2025-07-12,7:35 PM,TEX,Marcus Semien,11,,,8,35.0,105.1,401.0,FF,Bryan Abreu,HOU @ TEX,777137,543760,650556
2025-07-13,2:10 PM,TEX,Marcus Semien,12,,,8,29.0,93.0,357.0,FF,Kaleb Ort,HOU @ TEX,777125,543760,672391
2025-07-22,8:05 PM,TEX,Marcus Semien,13,,,6,35.0,100.9,364.0,FF,Sean Newcomb,ATH @ TEX,777043,543760,656794
2025-08-15,7:07 PM,TEX,Marcus Semien,14,,,8,31.0,102.0,393.0,SL,Louis Varland,TOR @ TEX,776735,543760,686973
2025-08-17,1:37 PM,TEX,Marcus Semien,15,,,2,25.0,101.1,367.0,SV,José Berríos,TOR @ TEX,776710,543760,621244
2025-04-02,3:07 PM,TOR,George Springer,1,,,4,25.0,105.0,368.0,CH,MacKenzie Gore,WSH @ TOR,778478,543807,669022
2025-04-08,6:45 PM,TOR,George Springer,2,,,6,29.0,102.5,422.0,FC,Garrett Crochet,BOS @ TOR,778404,543807,676979
2025-05-02,7:07 PM,TOR,George Springer,3,,,5,27.0,105.3,407.0,ST,Logan Allen,CLE @ TOR,778081,543807,671106
2025-05-06,9:38 PM,TOR,George Springer,4,,,1,32.0,109.1,426.0,FF,Tyler Anderson,LAA @ TOR,778025,543807,542881
2025-05-11,4:10 PM,TOR,George Springer,5,,,5,32.0,111.7,416.0,FF,Bryce Miller,SEA @ TOR,777958,543807,682243
2025-05-29,7:07 PM,TOR,George Springer,6,,,3,29.0,98.6,376.0,SL,Anthony Maldonado,ATH @ TOR,777727,543807,687424
2025-05-31,3:07 PM,TOR,George Springer,7,,,3,28.0,107.0,430.0,FF,Gunnar Hoglund,ATH @ TOR,777701,543807,680684
2025-05-31,3:07 PM,TOR,George Springer,8,,,5,25.0,108.7,420.0,SL,Gunnar Hoglund,ATH @ TOR,777701,543807,680684
2025-06-06,8:10 PM,TOR,George Springer,9,,,6,32.0,106.8,435.0,ST,Bailey Ober,MIN @ TOR,777615,543807,641927
2025-06-07,2:10 PM,TOR,George Springer,10,,,8,35.0,101.5,376.0,CH,Griffin Jax,MIN @ TOR,777600,543807,643377
2025-06-24,6:40 PM,TOR,George Springer,11,,,8,34.0,109.7,421.0,FF,Hunter Gaddis,CLE @ TOR,777384,543807,683769
2025-07-01,3:07 PM,TOR,George Springer,12,,,4,29.0,100.3,404.0,CU,Max Fried,NYY @ TOR,777283,543807,608331
2025-07-01,3:07 PM,TOR,George Springer,13,,,7,34.0,105.4,405.0,FF,Luke Weaver,NYY @ TOR,777283,543807,596133
2025-07-03,7:07 PM,TOR,George Springer,14,,,3,27.0,105.7,408.0,SI,Clarke Schmidt,NYY @ TOR,777260,543807,657376
2025-07-03,7:07 PM,TOR,George Springer,15,,,8,29.0,110.4,421.0,FF,Luke Weaver,NYY @ TOR,777260,543807,596133
2025-07-05,3:07 PM,TOR,George Springer,16,,,3,33.0,109.7,413.0,SI,Jack Kochanowicz,LAA @ TOR,777231,543807,686799
2025-07-20,12:05 PM,TOR,George Springer,17,,,5,43.0,99.7,375.0,SL,Robbie Ray,SF @ TOR,777079,543807,592662
2025-07-26,6:10 PM,TOR,George Springer,18,,,9,21.0,106.3,390.0,SI,Chase Lee,DET @ TOR,777003,543807,695445
2025-08-17,1:37 PM,TOR,George Springer,19,,,8,29.0,107.2,434.0,CH,Hoby Milner,TEX @ TOR,776710,543807,571948
2025-08-19,6:40 PM,TOR,George Springer,20,,,2,30.0,105.5,423.0,ST,Mitch Keller,PIT @ TOR,776679,543807,656605
2025-08-20,12:35 PM,TOR,George Springer,21,,,1,40.0,92.7,355.0,SL,Johan Oviedo,PIT @ TOR,776661,543807,670912
2025-08-23,4:10 PM,TOR,George Springer,22,,,7,22.0,110.0,424.0,SI,Tyler Phillips,MIA @ TOR,776630,543807,663969
2025-08-26,7:07 PM,TOR,George Springer,23,,,2,33.0,112.7,433.0,FF,Bailey Ober,MIN @ TOR,776582,543807,641927
2025-08-26,7:07 PM,TOR,George Springer,24,,,5,30.0,111.6,445.0,FF,Bailey Ober,MIN @ TOR,776582,543807,641927
2025-09-02,6:40 PM,TOR,George Springer,25,,,1,34.0,99.2,388.0,ST,Scott Barlow,CIN @ TOR,776491,543807,605130
2025-09-02,6:40 PM,TOR,George Springer,26,,,4,36.0,108.2,425.0,FF,Brent Suter,CIN @ TOR,776491,543807,608718
2025-09-03,6:40 PM,TOR,George Springer,27,,,3,23.0,108.7,417.0,FF,Zack Littell,CIN @ TOR,776475,543807,641793
2025-09-09,7:07 PM,TOR,George Springer,28,,,6,27.0,114.0,450.0,FF,Enyel De Los Santos,HOU @ TOR,776393,543807,660853
2025-09-14,1:37 PM,TOR,George Springer,29,,,5,31.0,106.4,404.0,FF,Carson Ragsdale,BAL @ TOR,776322,543807,685068
2025-09-19,7:40 PM,TOR,George Springer,30,,,1,27.0,106.8,418.0,FF,Michael Lorenzen,KC @ TOR,776260,543807,547179
2025-09-25,7:07 PM,TOR,George Springer,31,,,6,27.0,102.4,369.0,FF,Zack Kelly,BOS @ TOR,776186,543807,677161
2025-09-28,3:07 PM,TOR,George Springer,32,,,7,34.0,103.6,391.0,SL,Bryan Baker,TB @ TOR,776145,543807,641329
2025-10-05,4:08 PM,TOR,George Springer,33,,,5,23.0,108.1,403.0,SI,Will Warren,NYY @ TOR,813062,543807,701542
2025-10-12,8:03 PM,TOR,George Springer,34,,,1,28.0,109.4,385.0,FF,Bryce Miller,SEA @ TOR,813040,543807,682243
2025-10-15,8:08 PM,TOR,George Springer,35,,,4,25.0,112.5,431.0,SI,George Kirby,SEA @ TOR,813043,543807,669923
2025-10-20,8:10 PM,TOR,George Springer,36,,,7,30.0,99.1,381.0,SI,Eduard Bazardo,SEA @ TOR,813037,543807,660825
2025-05-14,12:05 PM,MIN,Christian Vázquez,1,,,4,21.0,103.2,406.0,CU,Dean Kremer,BAL @ MIN,777924,543877,665152
2025-06-08,2:10 PM,MIN,Christian Vázquez,2,,,4,30.0,103.7,395.0,FF,Bowden Francis,TOR @ MIN,777585,543877,670102
2025-09-26,6:45 PM,MIN,Christian Vázquez,3,,,6,24.0,98.5,358.0,SI,Aaron Nola,PHI @ MIN,776176,543877,605400
2025-06-20,8:40 PM,AZ,Ildemaro Vargas,1,,,5,25.0,106.7,449.0,FS,Austin Gomber,COL @ AZ,777430,545121,596295
2025-08-30,9:10 PM,AZ,Ildemaro Vargas,2,,,9,26.0,104.7,423.0,FF,Kirby Yates,LAD @ AZ,776523,545121,489446
2025-09-05,9:40 PM,AZ,Ildemaro Vargas,3,,,3,20.0,111.9,407.0,FF,Payton Tolle,BOS @ AZ,776448,545121,801139
2025-05-09,9:40 PM,AZ,Randal Grichuk,1,,,8,28.0,109.3,442.0,SL,Alex Vesia,LAD @ AZ,777988,545341,681911
2025-05-24,2:15 PM,AZ,Randal Grichuk,2,,,5,23.0,109.1,401.0,SL,Matthew Liberatore,STL @ AZ,777786,545341,669461
2025-05-31,10:10 PM,AZ,Randal Grichuk,3,,,6,20.0,108.1,362.0,SI,Jackson Rutledge,WSH @ AZ,777696,545341,671131
2025-07-01,9:40 PM,AZ,Randal Grichuk,4,,,6,30.0,109.4,453.0,SI,Carson Seymour,SF @ AZ,777278,545341,693313
2025-07-05,4:10 PM,AZ,Randal Grichuk,5,,,8,31.0,105.3,395.0,FF,Sam Long,KC @ AZ,777234,545341,669674
2025-07-11,9:38 PM,AZ,Randal Grichuk,6,,,2,26.0,109.7,430.0,FF,Tyler Anderson,LAA @ AZ,777150,545341,542881
2025-07-11,9:38 PM,AZ,Randal Grichuk,7,,,8,22.0,106.4,411.0,SL,Reid Detmers,LAA @ AZ,777150,545341,672282
2025-07-28,7:40 PM,KC,Randal Grichuk,8,,,8,27.0,104.4,423.0,SL,Dylan Lee,ATL @ KC,776971,545341,669276
2025-09-24,9:38 PM,KC,Randal Grichuk,9,,,5,25.0,103.1,400.0,SL,Yusei Kikuchi,LAA @ KC,776197,545341,579328
2025-04-02,1:15 PM,LAA,Mike Trout,1,,,1,27.0,106.1,413.0,CU,Sonny Gray,STL @ LAA,778473,545361,543243
2025-04-04,9:38 PM,LAA,Mike Trout,2,,,1,35.0,104.0,387.0,FF,Gavin Williams,CLE @ LAA,778447,545361,668909
2025-04-05,9:38 PM,LAA,Mike Trout,3,,,5,27.0,106.9,429.0,FC,Tanner Bibee,CLE @ LAA,778437,545361,676440
2025-04-10,1:10 PM,LAA,Mike Trout,4,,,5,33.0,97.7,320.0,SI,Zack Littell,TB @ LAA,778382,545361,641793
2025-04-10,1:10 PM,LAA,Mike Trout,5,,,9,25.0,106.6,403.0,FF,Hunter Bigge,TB @ LAA,778382,545361,685801
2025-04-11,8:10 PM,LAA,Mike Trout,6,,,4,31.0,102.5,389.0,FF,Ronel Blanco,HOU @ LAA,778368,545361,669854
2025-04-19,9:38 PM,LAA,Mike Trout,7,,,4,26.0,115.4,484.0,CU,Landen Roupp,SF @ LAA,778243,545361,694738
2025-04-19,9:38 PM,LAA,Mike Trout,8,,,6,24.0,108.7,381.0,CH,Landen Roupp,SF @ LAA,778243,545361,694738
2025-04-25,7:40 PM,LAA,Mike Trout,9,,,7,34.0,98.3,380.0,FF,Cole Sands,MIN @ LAA,778186,545361,663485
2025-06-02,7:10 PM,LAA,Mike Trout,10,,,1,28.0,112.1,454.0,FF,Richard Fitts,BOS @ LAA,777670,545361,690916
2025-06-14,4:05 PM,LAA,Mike Trout,11,,,1,28.0,109.0,402.0,SI,Tomoyuki Sugano,BAL @ LAA,777519,545361,608372
2025-06-19,1:05 PM,LAA,Mike Trout,12,,,1,23.0,112.0,423.0,FF,Carlos Rodón,NYY @ LAA,777449,545361,607074
2025-06-28,9:38 PM,LAA,Mike Trout,13,,,7,26.0,106.2,400.0,FF,Zach Brzykcy,WSH @ LAA,777315,545361,694350
2025-07-06,1:37 PM,LAA,Mike Trout,14,,,1,38.0,103.6,365.0,FF,Kevin Gausman,TOR @ LAA,777214,545361,592332
2025-07-09,9:38 PM,LAA,Mike Trout,15,,,3,28.0,106.8,426.0,FC,Kumar Rocker,TEX @ LAA,777171,545361,677958
2025-07-09,9:38 PM,LAA,Mike Trout,16,,,5,20.0,106.7,378.0,SI,Kumar Rocker,TEX @ LAA,777171,545361,677958
2025-07-12,9:38 PM,LAA,Mike Trout,17,,,5,34.0,104.0,373.0,FF,Zac Gallen,AZ @ LAA,777131,545361,668678
2025-07-23,1:10 PM,LAA,Mike Trout,18,,,3,28.0,103.3,380.0,FF,Sean Manaea,NYM @ LAA,777034,545361,640455
2025-07-27,4:07 PM,LAA,Mike Trout,19,,,5,25.0,110.9,443.0,FF,Logan Gilbert,SEA @ LAA,776977,545361,669302
2025-08-06,4:07 PM,LAA,Mike Trout,20,,,3,26.0,107.5,433.0,KC,Shane Baz,TB @ LAA,776843,545361,669358
2025-09-11,9:40 PM,LAA,Mike Trout,21,,,5,26.0,104.3,395.0,FF,Bryce Miller,SEA @ LAA,776362,545361,682243
2025-09-20,8:10 PM,LAA,Mike Trout,22,,,8,25.0,114.9,485.0,SI,Jaden Hill,COL @ LAA,776241,545361,677955
2025-09-25,9:38 PM,LAA,Mike Trout,23,,,8,22.0,107.9,406.0,FF,Steven Cruz,KC @ LAA,776178,545361,674444
2025-09-26,9:38 PM,LAA,Mike Trout,24,,,4,34.0,107.0,413.0,ST,Jason Alexander,HOU @ LAA,776169,545361,669920
2025-09-26,9:38 PM,LAA,Mike Trout,25,,,8,23.0,107.2,395.0,FF,Bryan King,HOU @ LAA,776169,545361,687911
2025-09-28,3:07 PM,LAA,Mike Trout,26,,,1,27.0,111.0,443.0,FF,Lance McCullers Jr.,HOU @ LAA,776135,545361,621121
2025-04-09,7:15 PM,PHI,Bryce Harper,1,,,7,24.0,107.5,400.0,FF,Dylan Lee,ATL @ PHI,778393,547180,669276
2025-04-15,6:45 PM,PHI,Bryce Harper,2,,,7,45.0,106.2,354.0,SL,Hayden Birdsong,SF @ PHI,778313,547180,806185
2025-04-16,6:45 PM,PHI,Bryce Harper,3,,,4,28.0,98.2,364.0,SL,Robbie Ray,SF @ PHI,778296,547180,592662
2025-04-18,6:45 PM,PHI,Bryce Harper,4,,,1,32.0,106.4,418.0,SL,Sandy Alcantara,MIA @ PHI,778274,547180,645261
2025-05-04,2:05 PM,PHI,Bryce Harper,5,,,1,23.0,102.3,362.0,FF,Eduardo Rodriguez,AZ @ PHI,778059,547180,593958
2025-05-10,6:10 PM,PHI,Bryce Harper,6,,,8,23.0,110.6,421.0,FF,Joey Cantillo,CLE @ PHI,777983,547180,676282
2025-05-21,8:40 PM,PHI,Bryce Harper,7,,,3,24.0,108.0,437.0,FC,Carson Palmquist,COL @ PHI,777823,547180,687223
2025-06-03,7:07 PM,PHI,Bryce Harper,8,,,1,21.0,104.9,394.0,FS,Bowden Francis,TOR @ PHI,777665,547180,670102
2025-07-09,3:45 PM,PHI,Bryce Harper,9,,,4,23.0,105.7,380.0,FF,Justin Verlander,SF @ PHI,777163,547180,434378
2025-07-18,,PHI,Bryce Harper,10,,,3,22.0,105.7,375.0,ST,Jake Eder,LAA @ PHI,777106,547180,671109
2025-07-18,,PHI,Bryce Harper,11,,,8,25.0,102.1,366.0,SL,José Fermin,LAA @ PHI,777106,547180,820862
2025-07-19,6:05 PM,PHI,Bryce Harper,12,,,8,37.0,107.5,405.0,FF,Carson Fulmer,LAA @ PHI,777089,547180,608334
2025-07-23,7:10 PM,PHI,Bryce Harper,13,,,1,26.0,110.8,439.0,FF,Lucas Giolito,BOS @ PHI,777038,547180,608337
2025-07-26,1:05 PM,PHI,Bryce Harper,14,,,3,29.0,109.1,425.0,FC,Marcus Stroman,NYY @ PHI,777001,547180,573186
2025-08-02,4:05 PM,PHI,Bryce Harper,15,,,8,22.0,107.4,417.0,SL,Will Vest,DET @ PHI,776912,547180,676684
2025-08-04,6:45 PM,PHI,Bryce Harper,16,,,1,24.0,106.9,417.0,ST,Cade Povich,BAL @ PHI,776877,547180,700249
2025-08-12,6:40 PM,PHI,Bryce Harper,17,,,9,41.0,110.2,410.0,FF,Sam Moll,CIN @ PHI,776777,547180,594580
2025-08-15,6:45 PM,PHI,Bryce Harper,18,,,7,30.0,104.3,414.0,SL,Konnor Pilkington,WSH @ PHI,776739,547180,663455
2025-08-18,6:45 PM,PHI,Bryce Harper,19,,,6,31.0,112.9,440.0,ST,Casey Legumina,SEA @ PHI,776689,547180,668984
2025-08-18,6:45 PM,PHI,Bryce Harper,20,,,7,27.0,112.3,448.0,CH,Casey Legumina,SEA @ PHI,776689,547180,668984
2025-08-28,6:45 PM,PHI,Bryce Harper,21,,,3,32.0,107.3,442.0,FC,Cal Quantrill,ATL @ PHI,776560,547180,615698
2025-09-01,4:10 PM,PHI,Bryce Harper,22,,,4,28.0,100.7,406.0,FF,Jacob Misiorowski,MIL @ PHI,776500,547180,694819
2025-09-06,4:10 PM,PHI,Bryce Harper,23,,,1,29.0,106.2,401.0,FF,Sandy Alcantara,MIA @ PHI,776433,547180,645261
2025-09-10,6:45 PM,PHI,Bryce Harper,24,,,7,41.0,106.5,352.0,ST,Ryne Stanek,NYM @ PHI,776384,547180,592773
2025-09-12,6:45 PM,PHI,Bryce Harper,25,,,3,28.0,105.3,400.0,SI,Michael Lorenzen,KC @ PHI,776354,547180,547179
2025-09-15,10:10 PM,PHI,Bryce Harper,26,,,8,26.0,99.9,396.0,FF,Alex Vesia,LAD @ PHI,776311,547180,681911
2025-04-22,6:40 PM,SD,Elias Díaz,1,,,2,25.0,94.8,352.0,KC,Jack Flaherty,DET @ SD,778221,553869,656427
2025-04-30,4:10 PM,SD,Elias Díaz,2,,,3,19.0,106.9,375.0,SI,Landen Roupp,SF @ SD,778105,553869,694738
2025-05-04,1:35 PM,SD,Elias Díaz,3,,,2,33.0,100.2,380.0,FF,Andrew Heaney,PIT @ SD,778051,553869,571760
2025-06-15,4:10 PM,SD,Elias Díaz,4,,,9,32.0,102.2,412.0,SL,Anthony DeSclafani,AZ @ SD,777491,553869,543101
2025-07-20,1:35 PM,SD,Elias Díaz,5,,,3,22.0,107.6,387.0,FF,MacKenzie Gore,WSH @ SD,777077,553869,669022
2025-08-24,4:10 PM,SD,Elias Díaz,6,,,3,29.0,105.3,413.0,FS,Yoshinobu Yamamoto,LAD @ SD,776603,553869,808967
2025-08-30,7:10 PM,SD,Elias Díaz,7,,,5,24.0,107.2,405.0,FF,Taj Bradley,MIN @ SD,776530,553869,671737
2025-08-30,7:10 PM,SD,Elias Díaz,8,,,7,20.0,100.1,360.0,FC,Brooks Kriske,MIN @ SD,776530,553869,621139
2025-09-27,8:40 PM,SD,Elias Díaz,9,,,2,18.0,108.7,390.0,CH,Eduardo Rodriguez,AZ @ SD,776152,553869,593958
2025-03-28,9:40 PM,AZ,Eugenio Suárez,1,,,2,33.0,107.4,436.0,FC,Jameson Taillon,CHC @ AZ,778543,553993,592791
2025-03-28,9:40 PM,AZ,Eugenio Suárez,2,,,4,32.0,102.6,418.0,ST,Jameson Taillon,CHC @ AZ,778543,553993,592791
2025-03-29,8:10 PM,AZ,Eugenio Suárez,3,,,9,38.0,104.2,407.0,FF,Ryan Pressly,CHC @ AZ,778532,553993,519151
2025-04-01,7:05 PM,AZ,Eugenio Suárez,4,,,8,36.0,109.2,376.0,FS,Mark Leiter Jr.,NYY @ AZ,778492,553993,643410
2025-04-18,2:20 PM,AZ,Eugenio Suárez,5,,,8,32.0,103.4,458.0,FF,Porter Hodge,CHC @ AZ,778268,553993,687863
2025-04-26,8:10 PM,AZ,Eugenio Suárez,6,,,2,31.0,101.0,418.0,FF,Grant Holmes,ATL @ AZ,778162,553993,656550
2025-04-26,8:10 PM,AZ,Eugenio Suárez,7,,,4,34.0,101.4,411.0,FF,Grant Holmes,ATL @ AZ,778162,553993,656550
2025-04-26,8:10 PM,AZ,Eugenio Suárez,8,,,6,30.0,106.5,443.0,SL,Grant Holmes,ATL @ AZ,778162,553993,656550
2025-04-26,8:10 PM,AZ,Eugenio Suárez,9,,,9,24.0,106.9,383.0,FF,Raisel Iglesias,ATL @ AZ,778162,553993,628452
2025-05-09,9:40 PM,AZ,Eugenio Suárez,10,,,1,31.0,108.0,423.0,FF,Roki Sasaki,LAD @ AZ,777988,553993,808963
2025-05-10,8:10 PM,AZ,Eugenio Suárez,11,,,6,30.0,107.6,455.0,SI,Dustin May,LAD @ AZ,777975,553993,669160
2025-05-14,3:45 PM,AZ,Eugenio Suárez,12,,,3,37.0,105.3,388.0,FF,Hayden Birdsong,SF @ AZ,777916,553993,806185
2025-05-17,8:10 PM,AZ,Eugenio Suárez,13,,,4,26.0,111.0,425.0,CH,Angel Chivilli,COL @ AZ,777887,553993,683409
2025-05-26,8:10 PM,AZ,Eugenio Suárez,14,,,3,33.0,108.8,433.0,CH,Andrew Heaney,PIT @ AZ,777761,553993,571760
2025-06-01,4:10 PM,AZ,Eugenio Suárez,15,,,1,25.0,111.7,466.0,FS,Mitchell Parker,WSH @ AZ,777679,553993,680730
2025-06-07,4:10 PM,AZ,Eugenio Suárez,16,,,2,35.0,99.0,369.0,FC,Nick Martinez,CIN @ AZ,777612,553993,607259
2025-06-08,1:40 PM,AZ,Eugenio Suárez,17,,,2,37.0,105.1,395.0,SI,Brady Singer,CIN @ AZ,777602,553993,663903
2025-06-11,3:40 PM,AZ,Eugenio Suárez,18,,,6,30.0,100.9,410.0,SL,Bryan Woo,SEA @ AZ,777548,553993,693433
2025-06-14,7:15 PM,AZ,Eugenio Suárez,19,,,4,24.0,109.5,410.0,SL,Ryan Bergert,SD @ AZ,777515,553993,686701
2025-06-15,4:10 PM,AZ,Eugenio Suárez,20,,,5,31.0,108.1,437.0,FF,Nick Pivetta,SD @ AZ,777491,553993,601713
2025-06-19,3:07 PM,AZ,Eugenio Suárez,21,,,2,38.0,102.9,395.0,FF,Kevin Gausman,TOR @ AZ,777448,553993,592332
2025-06-20,8:40 PM,AZ,Eugenio Suárez,22,,,5,31.0,98.8,405.0,KC,Austin Gomber,COL @ AZ,777430,553993,596295
2025-06-20,8:40 PM,AZ,Eugenio Suárez,23,,,6,34.0,96.2,389.0,SL,Ryan Rolison,COL @ AZ,777430,553993,669020
2025-06-21,9:10 PM,AZ,Eugenio Suárez,24,,,3,29.0,101.9,438.0,FC,Carson Palmquist,COL @ AZ,777410,553993,687223
2025-06-30,9:40 PM,AZ,Eugenio Suárez,25,,,8,33.0,95.4,377.0,SL,Tyler Rogers,SF @ AZ,777291,553993,643511
2025-07-03,9:40 PM,AZ,Eugenio Suárez,26,,,5,25.0,109.4,382.0,FF,Robbie Ray,SF @ AZ,777256,553993,592662
2025-07-04,9:40 PM,AZ,Eugenio Suárez,27,,,6,35.0,96.8,376.0,ST,Kris Bubic,KC @ AZ,777248,553993,663460
2025-07-09,9:40 PM,AZ,Eugenio Suárez,28,,,4,42.0,103.4,361.0,SL,Dylan Cease,SD @ AZ,777162,553993,656302
2025-07-12,9:38 PM,AZ,Eugenio Suárez,29,,,2,37.0,109.9,434.0,SL,Yusei Kikuchi,LAA @ AZ,777131,553993,579328
2025-07-12,9:38 PM,AZ,Eugenio Suárez,30,,,4,24.0,105.2,388.0,FF,Yusei Kikuchi,LAA @ AZ,777131,553993,579328
2025-07-19,7:15 PM,AZ,Eugenio Suárez,31,,,1,32.0,104.0,403.0,SI,Sonny Gray,STL @ AZ,777081,553993,543243
2025-07-19,7:15 PM,AZ,Eugenio Suárez,32,,,3,36.0,102.3,390.0,FF,Sonny Gray,STL @ AZ,777081,553993,543243
2025-07-20,4:10 PM,AZ,Eugenio Suárez,33,,,1,31.0,111.7,425.0,SL,Miles Mikolas,STL @ AZ,777071,553993,571945
2025-07-20,4:10 PM,AZ,Eugenio Suárez,34,,,3,28.0,100.7,369.0,SL,Miles Mikolas,STL @ AZ,777071,553993,571945
2025-07-21,9:40 PM,AZ,Eugenio Suárez,35,,,3,23.0,103.6,378.0,CH,Colton Gordon,HOU @ AZ,777055,553993,676467
2025-08-05,9:40 PM,SEA,Eugenio Suárez,36,,,4,31.0,105.9,390.0,FC,Davis Martin,CWS @ SEA,776857,553993,663436
2025-08-16,4:10 PM,SEA,Eugenio Suárez,37,,,9,27.0,106.0,412.0,FF,Edwin Díaz,NYM @ SEA,776726,553993,621242
2025-08-20,1:05 PM,SEA,Eugenio Suárez,38,,,7,28.0,107.7,382.0,SL,David Robertson,PHI @ SEA,776662,553993,502085
2025-08-22,10:10 PM,SEA,Eugenio Suárez,39,,,5,22.0,113.8,373.0,SL,Luis Morales,ATH @ SEA,776638,553993,806960
2025-08-26,9:40 PM,SEA,Eugenio Suárez,40,,,5,33.0,99.6,390.0,SL,Jason Adam,SD @ SEA,776577,553993,592094
2025-08-27,4:10 PM,SEA,Eugenio Suárez,41,,,4,38.0,99.6,382.0,FC,Yu Darvish,SD @ SEA,776561,553993,506433
2025-09-06,7:15 PM,SEA,Eugenio Suárez,42,,,7,32.0,100.4,366.0,SL,Daysbel Hernández,ATL @ SEA,776447,553993,678226
2025-09-07,12:05 PM,SEA,Eugenio Suárez,43,,,6,38.0,100.2,374.0,FF,Dylan Dodd,ATL @ SEA,776428,553993,689266
2025-09-07,12:05 PM,SEA,Eugenio Suárez,44,,,9,34.0,102.3,411.0,EP,Vidal Bruján,ATL @ SEA,776428,553993,660644
2025-09-17,7:40 PM,SEA,Eugenio Suárez,45,,,2,28.0,104.3,416.0,FF,Cole Ragans,KC @ SEA,776289,553993,666142
2025-09-19,8:10 PM,SEA,Eugenio Suárez,46,,,4,33.0,108.5,425.0,KC,Hunter Brown,HOU @ SEA,776262,553993,686613
2025-09-24,9:40 PM,SEA,Eugenio Suárez,47,,,7,34.0,103.2,358.0,SL,Angel Chivilli,COL @ SEA,776194,553993,683409
2025-09-25,9:40 PM,SEA,Eugenio Suárez,48,,,2,27.0,107.4,415.0,SL,Bradley Blalock,COL @ SEA,776179,553993,687134
2025-10-07,4:08 PM,SEA,Eugenio Suárez,49,,,4,31.0,104.8,422.0,FF,Jack Flaherty,DET @ SEA,813056,553993,656427
2025-10-17,6:08 PM,SEA,Eugenio Suárez,50,,,2,28.0,102.2,396.0,FF,Kevin Gausman,TOR @ SEA,813039,553993,592332
2025-10-17,6:08 PM,SEA,Eugenio Suárez,51,,,8,32.0,103.6,351.0,FF,Seranthony Domínguez,TOR @ SEA,813039,553993,622554
2025-04-14,7:45 PM,STL,Nolan Arenado,1,,,7,30.0,100.3,379.0,FF,Luis Contreras,HOU @ STL,778325,571448,664351
2025-04-26,2:15 PM,STL,Nolan Arenado,2,,,9,29.0,102.1,385.0,FF,Trevor Megill,MIL @ STL,778164,571448,656730
2025-05-11,1:35 PM,STL,Nolan Arenado,3,,,8,34.0,98.2,385.0,FF,Brad Lord,WSH @ STL,777962,571448,695418
2025-05-20,7:45 PM,STL,Nolan Arenado,4,,,5,30.0,102.9,387.0,SL,Tarik Skubal,DET @ STL,777840,571448,669373
2025-05-27,6:35 PM,STL,Nolan Arenado,5,,,8,26.0,103.8,400.0,SL,Bryan Baker,BAL @ STL,777754,571448,641329
2025-06-05,7:45 PM,STL,Nolan Arenado,6,,,3,29.0,102.5,395.0,FF,Cole Ragans,KC @ STL,777635,571448,666142
2025-06-10,7:45 PM,STL,Nolan Arenado,7,,,8,41.0,101.5,367.0,FF,Chad Green,TOR @ STL,777558,571448,643338
2025-06-19,2:15 PM,STL,Nolan Arenado,8,,,3,23.0,98.7,385.0,ST,Mike Vasil,CWS @ STL,777458,571448,678024
2025-06-21,2:15 PM,STL,Nolan Arenado,9,,,9,35.0,100.6,383.0,FC,Emilio Pagán,CIN @ STL,777415,571448,641941
2025-09-23,9:45 PM,STL,Nolan Arenado,10,,,7,28.0,104.4,384.0,SI,Spencer Bivens,SF @ STL,776211,571448,702352
2025-09-27,2:20 PM,STL,Nolan Arenado,11,,,4,36.0,95.7,368.0,FF,Jameson Taillon,CHC @ STL,776164,571448,592791
2025-05-14,8:05 PM,COL,Kyle Farmer,1,,,6,28.0,101.9,392.0,FC,Patrick Corbin,TEX @ COL,777918,571657,571578
2025-05-17,8:10 PM,COL,Kyle Farmer,2,,,3,27.0,99.0,391.0,SL,Zac Gallen,AZ @ COL,777887,571657,668678
2025-06-10,8:40 PM,COL,Kyle Farmer,3,,,5,22.0,104.8,376.0,SV,Kyle Harrison,SF @ COL,777563,571657,690986
2025-07-09,7:10 PM,COL,Kyle Farmer,4,,,8,33.0,93.8,359.0,SL,Isaiah Campbell,BOS @ COL,777179,571657,663462
2025-07-29,6:40 PM,COL,Kyle Farmer,5,,,9,31.0,104.3,421.0,CU,Tim Herrin,CLE @ COL,776951,571657,682120
2025-08-14,8:40 PM,COL,Kyle Farmer,6,,,5,36.0,101.4,404.0,CH,Eduardo Rodriguez,AZ @ COL,776742,571657,593958
2025-08-29,8:40 PM,COL,Kyle Farmer,7,,,8,33.0,103.9,422.0,KC,Drew Pomeranz,CHC @ COL,776542,571657,519141
2025-09-12,9:40 PM,COL,Kyle Farmer,8,,,4,27.0,101.8,408.0,FF,JP Sears,SD @ COL,776357,571657,676664
2025-03-31,10:10 PM,LAD,Enrique Hernández,1,,,6,23.0,107.4,412.0,FC,Jesse Chavez,ATL @ LAD,778500,571771,445926
2025-04-05,4:05 PM,LAD,Enrique Hernández,2,,,2,25.0,100.4,356.0,KC,Aaron Nola,PHI @ LAD,778448,571771,605400
2025-04-08,6:45 PM,LAD,Enrique Hernández,3,,,8,28.0,104.5,378.0,FF,Jackson Rutledge,WSH @ LAD,778409,571771,671131
2025-04-26,9:10 PM,LAD,Enrique Hernández,4,,,8,25.0,99.9,376.0,FC,Joey Wentz,PIT @ LAD,778163,571771,666214
2025-05-09,9:40 PM,LAD,Enrique Hernández,5,,,2,32.0,109.5,438.0,FC,Eduardo Rodriguez,AZ @ LAD,777988,571771,593958
2025-05-17,9:10 PM,LAD,Enrique Hernández,6,,,4,28.0,106.5,415.0,CH,Tyler Anderson,LAA @ LAD,777884,571771,542881
2025-06-29,2:10 PM,LAD,Enrique Hernández,7,,,2,24.0,105.0,411.0,CH,Kris Bubic,KC @ LAD,777304,571771,663460
2025-09-16,10:10 PM,LAD,Enrique Hernández,8,,,2,28.0,104.3,415.0,CH,Cristopher Sánchez,PHI @ LAD,776297,571771,650911
2025-09-26,9:40 PM,LAD,Enrique Hernández,9,,,3,20.0,111.0,386.0,SI,George Kirby,SEA @ LAD,776168,571771,669923
2025-10-29,8:00 PM,LAD,Enrique Hernández,10,,,3,28.0,108.3,407.0,FF,Trey Yesavage,TOR @ LAD,813022,571771,702056
2025-05-04,1:35 PM,KC,Luke Maile,1,,,8,27.0,106.1,419.0,FF,Charlie Morton,BAL @ KC,778062,571912,450203
2025-04-30,3:10 PM,LAD,Max Muncy,1,,,2,26.0,107.7,433.0,SI,Cal Quantrill,MIA @ LAD,778109,571970,615698
2025-05-14,10:10 PM,LAD,Max Muncy,2,,,8,35.0,106.9,396.0,FF,Tyler Ferguson,ATH @ LAD,777917,571970,621053
2025-05-15,10:10 PM,LAD,Max Muncy,3,,,1,29.0,108.7,408.0,CH,Osvaldo Bido,ATH @ LAD,777946,571970,674370
2025-05-27,6:10 PM,LAD,Max Muncy,4,,,9,33.0,106.1,403.0,FF,Nic Enright,CLE @ LAD,777753,571970,663671
2025-05-31,7:15 PM,LAD,Max Muncy,5,,,2,32.0,102.6,400.0,CH,Will Warren,NYY @ LAD,777698,571970,701542
2025-05-31,7:15 PM,LAD,Max Muncy,6,,,5,29.0,110.3,410.0,FS,Mark Leiter Jr.,NYY @ LAD,777698,571970,643410
2025-06-01,7:10 PM,LAD,Max Muncy,7,,,7,32.0,104.9,403.0,CH,Jonathan Loáisiga,NYY @ LAD,777682,571970,642528
2025-06-03,10:10 PM,LAD,Max Muncy,8,,,1,30.0,108.3,407.0,FF,Tylor Megill,NYM @ LAD,777657,571970,656731
2025-06-03,10:10 PM,LAD,Max Muncy,9,,,9,34.0,109.9,404.0,FF,Huascar Brazobán,NYM @ LAD,777657,571970,623211
2025-06-22,4:10 PM,LAD,Max Muncy,10,,,6,24.0,103.7,383.0,SI,Jose A. Ferrer,WSH @ LAD,777398,571970,678606
2025-06-22,4:10 PM,LAD,Max Muncy,11,,,7,31.0,106.2,412.0,FF,Cole Henry,WSH @ LAD,777398,571970,669371
2025-06-25,8:40 PM,LAD,Max Muncy,12,,,7,28.0,104.0,418.0,SL,Tyler Kinley,COL @ LAD,777358,571970,641755
2025-06-27,8:10 PM,LAD,Max Muncy,13,,,2,33.0,104.7,424.0,FF,Noah Cameron,KC @ LAD,777335,571970,702070
2025-08-05,10:10 PM,LAD,Max Muncy,14,,,1,34.0,108.8,416.0,SI,Miles Mikolas,STL @ LAD,776858,571970,571945
2025-08-05,10:10 PM,LAD,Max Muncy,15,,,3,32.0,102.8,404.0,FF,Miles Mikolas,STL @ LAD,776858,571970,571945
2025-08-09,9:10 PM,LAD,Max Muncy,16,,,4,31.0,96.8,342.0,SI,Chris Bassitt,TOR @ LAD,776808,571970,605135
2025-08-11,9:38 PM,LAD,Max Muncy,17,,,8,35.0,94.4,343.0,ST,Shaun Anderson,LAA @ LAD,776779,571970,641312
2025-09-15,10:10 PM,LAD,Max Muncy,18,,,5,36.0,104.4,405.0,SI,Ranger Suárez,PHI @ LAD,776311,571970,624133
2025-09-20,9:10 PM,LAD,Max Muncy,19,,,1,24.0,105.6,385.0,FF,Kai-Wei Teng,SF @ LAD,776233,571970,678906
2025-10-14,8:08 PM,LAD,Max Muncy,20,,,6,24.0,109.6,412.0,FF,Freddy Peralta,MIL @ LAD,813034,571970,642547
2025-10-25,8:00 PM,LAD,Max Muncy,21,,,7,34.0,100.9,351.0,FF,Kevin Gausman,TOR @ LAD,813026,571970,592332
2025-11-01,8:00 PM,LAD,Max Muncy,22,,,8,34.0,102.2,373.0,FS,Trey Yesavage,TOR @ LAD,813024,571970,702056
2025-03-31,2:10 PM,CWS,Michael A. Taylor,1,,,3,25.0,106.5,411.0,FF,Chris Paddack,MIN @ CWS,778506,572191,663978
2025-05-14,7:14 PM,CWS,Michael A. Taylor,2,,,7,25.0,105.2,383.0,SL,Scott Barlow,CIN @ CWS,777928,572191,605130
2025-06-03,7:40 PM,CWS,Michael A. Taylor,3,,,6,33.0,102.8,396.0,CH,Tyler Holton,DET @ CWS,777661,572191,663947
2025-06-19,2:10 PM,CWS,Michael A. Taylor,4,,,6,28.0,105.8,373.0,CH,Steven Matz,STL @ CWS,777447,572191,571927
2025-07-05,9:10 PM,CWS,Michael A. Taylor,5,,,9,25.0,108.7,464.0,FF,Ryan Rolison,COL @ CWS,777232,572191,669020
2025-08-06,9:40 PM,CWS,Michael A. Taylor,6,,,9,33.0,105.4,387.0,FF,Andrés Muñoz,SEA @ CWS,776841,572191,662253
2025-08-07,4:10 PM,CWS,Michael A. Taylor,7,,,5,38.0,101.4,375.0,FS,Logan Gilbert,SEA @ CWS,776830,572191,669302
2025-08-09,7:10 PM,CWS,Michael A. Taylor,8,,,2,35.0,101.3,391.0,CH,Joey Cantillo,CLE @ CWS,776814,572191,676282
2025-09-25,7:05 PM,CWS,Michael A. Taylor,9,,,4,26.0,107.4,378.0,FF,Carlos Rodón,NYY @ CWS,776184,572191,607074
2025-04-03,4:10 PM,HOU,Christian Walker,1,,,2,37.0,104.8,402.0,ST,Joe Ryan,MIN @ HOU,778462,572233,657746
2025-04-19,7:10 PM,HOU,Christian Walker,2,,,6,21.0,107.5,372.0,ST,Michael King,SD @ HOU,778259,572233,650633
2025-04-23,7:40 PM,HOU,Christian Walker,3,,,2,36.0,95.4,356.0,CU,Bowden Francis,TOR @ HOU,778200,572233,670102
2025-04-28,8:10 PM,HOU,Christian Walker,4,,,4,33.0,105.7,399.0,FF,Jack Flaherty,DET @ HOU,778142,572233,656427
2025-05-16,8:05 PM,HOU,Christian Walker,5,,,7,29.0,104.1,410.0,FF,Shawn Armstrong,TEX @ HOU,777895,572233,542888
2025-05-25,2:10 PM,HOU,Christian Walker,6,,,9,20.0,106.4,361.0,FF,Casey Legumina,SEA @ HOU,777774,572233,668984
2025-05-27,8:10 PM,HOU,Christian Walker,7,,,6,29.0,106.3,417.0,FF,Michel Otañez,ATH @ HOU,777752,572233,671305
2025-06-03,6:40 PM,HOU,Christian Walker,8,,,7,33.0,102.1,394.0,ST,Paul Skenes,PIT @ HOU,777663,572233,694973
2025-06-11,8:10 PM,HOU,Christian Walker,9,,,1,31.0,107.6,412.0,SL,Sean Burke,CWS @ HOU,777550,572233,680732
2025-06-17,10:05 PM,HOU,Christian Walker,10,,,5,42.0,105.3,382.0,SL,Osvaldo Bido,ATH @ HOU,777469,572233,674370
2025-07-04,9:10 PM,HOU,Christian Walker,11,,,3,28.0,107.5,417.0,FF,Ben Casparius,LAD @ HOU,777235,572233,676508
2025-07-06,4:10 PM,HOU,Christian Walker,12,,,8,29.0,103.0,379.0,FF,Tanner Scott,LAD @ HOU,777206,572233,656945
2025-07-20,4:10 PM,HOU,Christian Walker,13,,,6,21.0,105.9,400.0,SI,Bryan Woo,SEA @ HOU,777067,572233,693433
2025-08-01,7:10 PM,HOU,Christian Walker,14,,,2,28.0,99.9,389.0,CH,Cooper Criswell,BOS @ HOU,776922,572233,681867
2025-08-02,4:10 PM,HOU,Christian Walker,15,,,1,26.0,110.7,433.0,FF,Walker Buehler,BOS @ HOU,776909,572233,621111
2025-08-06,4:40 PM,HOU,Christian Walker,16,,,1,18.0,113.2,417.0,FF,Janson Junk,MIA @ HOU,776849,572233,676083
2025-08-21,7:15 PM,HOU,Christian Walker,17,,,1,23.0,102.9,391.0,FS,Brandon Young,BAL @ HOU,776655,572233,687064
2025-08-22,7:05 PM,HOU,Christian Walker,18,,,5,21.0,104.9,396.0,SI,Yennier Cano,BAL @ HOU,776643,572233,666974
2025-08-23,7:05 PM,HOU,Christian Walker,19,,,7,35.0,106.1,414.0,CH,Dietrich Enns,BAL @ HOU,776629,572233,608650
2025-08-28,2:10 PM,HOU,Christian Walker,20,,,1,38.0,93.5,333.0,FF,Kyle Freeland,COL @ HOU,776555,572233,607536
2025-08-28,2:10 PM,HOU,Christian Walker,21,,,8,33.0,107.0,404.0,FF,Luis Peralta,COL @ HOU,776555,572233,678821
2025-09-06,7:15 PM,HOU,Christian Walker,22,,,3,22.0,109.9,426.0,SL,Jacob deGrom,TEX @ HOU,776432,572233,594798
2025-09-13,7:15 PM,HOU,Christian Walker,23,,,3,31.0,107.6,431.0,SI,Bryce Elder,ATL @ HOU,776346,572233,693821
2025-09-25,3:35 PM,HOU,Christian Walker,24,,,8,19.0,107.4,366.0,SL,Scott McGough,ATH @ HOU,776182,572233,543518
2025-09-26,9:38 PM,HOU,Christian Walker,25,,,4,23.0,108.3,408.0,CH,Kyle Hendricks,LAA @ HOU,776169,572233,543294
2025-09-27,9:38 PM,HOU,Christian Walker,26,,,4,34.0,100.7,384.0,CU,Caden Dana,LAA @ HOU,776155,572233,702674
2025-09-27,9:38 PM,HOU,Christian Walker,27,,,9,31.0,105.5,396.0,SL,José Ureña,LAA @ HOU,776155,572233,570632
2025-04-06,4:05 PM,SF,Mike Yastrzemski,1,,,4,26.0,101.9,379.0,FF,Bryan Woo,SEA @ SF,778427,573262,693433
2025-04-09,3:45 PM,SF,Mike Yastrzemski,2,,,10,27.0,104.7,381.0,FF,Emilio Pagán,CIN @ SF,778376,573262,641941
2025-04-14,6:45 PM,SF,Mike Yastrzemski,3,,,7,36.0,101.9,387.0,ST,Tanner Banks,PHI @ SF,778320,573262,621383
2025-04-24,3:45 PM,SF,Mike Yastrzemski,4,,,3,38.0,96.2,343.0,CH,Tobias Myers,MIL @ SF,778194,573262,668964
2025-04-30,4:10 PM,SF,Mike Yastrzemski,5,,,8,31.0,99.0,385.0,SL,Jason Adam,SD @ SF,778105,573262,592094
2025-06-22,4:05 PM,SF,Mike Yastrzemski,6,,,5,26.0,104.5,352.0,CH,Lucas Giolito,BOS @ SF,777395,573262,608337
2025-06-25,9:45 PM,SF,Mike Yastrzemski,7,,,1,26.0,100.3,345.0,FF,Edward Cabrera,MIA @ SF,777355,573262,665795
2025-07-02,9:40 PM,SF,Mike Yastrzemski,8,,,1,28.0,97.4,379.0,FF,Merrill Kelly,AZ @ SF,777270,573262,518876
2025-08-01,7:07 PM,KC,Mike Yastrzemski,9,,,2,31.0,97.7,370.0,FS,Kevin Gausman,TOR @ KC,776920,573262,592332
2025-08-08,8:10 PM,KC,Mike Yastrzemski,10,,,1,23.0,109.3,418.0,FF,Joe Ryan,MIN @ KC,776827,573262,657746
2025-08-16,7:10 PM,KC,Mike Yastrzemski,11,,,1,26.0,103.7,408.0,FF,Sean Burke,CWS @ KC,776712,573262,680732
2025-08-18,7:40 PM,KC,Mike Yastrzemski,12,,,1,23.0,107.7,412.0,SI,Jack Leiter,TEX @ KC,776690,573262,683004
2025-08-19,7:40 PM,KC,Mike Yastrzemski,13,,,6,32.0,101.0,405.0,CH,Merrill Kelly,TEX @ KC,776675,573262,518876
2025-08-27,7:40 PM,KC,Mike Yastrzemski,14,,,6,28.0,101.8,409.0,SI,Tyler Gilbert,CWS @ KC,776569,573262,656457
2025-08-29,8:10 PM,KC,Mike Yastrzemski,15,,,1,24.0,106.9,432.0,FF,Chris Paddack,DET @ KC,776540,573262,663978
2025-09-28,3:05 PM,KC,Mike Yastrzemski,16,,,7,28.0,104.6,389.0,ST,Michael Kelly,ATH @ KC,776138,573262,547184
2025-09-28,3:05 PM,KC,Mike Yastrzemski,17,,,8,27.0,103.1,,FF,Osvaldo Bido,ATH @ KC,776138,573262,674370
2025-04-13,2:15 PM,STL,Willson Contreras,1,,,4,27.0,96.8,368.0,FF,Zack Wheeler,PHI @ STL,778336,575929,554430
2025-04-21,7:15 PM,STL,Willson Contreras,2,,,9,38.0,108.8,417.0,SL,Raisel Iglesias,ATL @ STL,778233,575929,628452
2025-04-30,6:40 PM,STL,Willson Contreras,3,,,1,30.0,110.2,421.0,SL,Chase Petty,CIN @ STL,778119,575929,695534
2025-05-04,1:15 PM,STL,Willson Contreras,4,,,2,25.0,106.5,387.0,ST,Blade Tidwell,NYM @ STL,778053,575929,694918
2025-05-05,7:45 PM,STL,Willson Contreras,5,,,6,17.0,111.4,391.0,ST,Chase Shugart,PIT @ STL,778036,575929,663767
2025-05-11,1:35 PM,STL,Willson Contreras,6,,,2,30.0,105.5,406.0,CU,MacKenzie Gore,WSH @ STL,777962,575929,669022
2025-06-06,8:15 PM,STL,Willson Contreras,7,,,8,34.0,102.0,386.0,CH,Chris Stratton,LAD @ STL,777620,575929,608717
2025-06-10,7:45 PM,STL,Willson Contreras,8,,,9,29.0,110.7,432.0,FF,Jeff Hoffman,TOR @ STL,777558,575929,656546
2025-06-14,4:10 PM,STL,Willson Contreras,9,,,9,32.0,102.3,397.0,FC,Rob Zastryzny,MIL @ STL,777512,575929,642239
2025-06-19,2:10 PM,STL,Willson Contreras,10,,,8,30.0,106.5,404.0,FF,Cam Booser,CWS @ STL,777447,575929,592155
2025-06-28,4:10 PM,STL,Willson Contreras,11,,,9,31.0,108.9,431.0,SI,Kolby Allard,CLE @ STL,777329,575929,663465
2025-07-10,7:45 PM,STL,Willson Contreras,12,,,7,32.0,104.7,406.0,FF,Jackson Rutledge,WSH @ STL,777167,575929,671131
2025-07-21,8:40 PM,STL,Willson Contreras,13,,,4,35.0,110.0,443.0,FF,Austin Gomber,COL @ STL,777053,575929,596295
2025-07-24,7:45 PM,STL,Willson Contreras,14,,,2,31.0,108.0,415.0,ST,Yu Darvish,SD @ STL,777023,575929,506433
2025-08-01,9:40 PM,STL,Willson Contreras,15,,,5,30.0,105.0,398.0,FF,Nick Pivetta,SD @ STL,776906,575929,601713
2025-08-05,10:10 PM,STL,Willson Contreras,16,,,8,32.0,108.2,410.0,FF,Alexis Díaz,LAD @ STL,776858,575929,664747
2025-08-20,6:40 PM,STL,Willson Contreras,17,,,6,25.0,108.1,414.0,CU,Sandy Alcantara,MIA @ STL,776670,575929,645261
2025-08-21,7:35 PM,STL,Willson Contreras,18,,,7,27.0,107.0,423.0,CH,Bryan Baker,TB @ STL,776631,575929,641329
2025-08-22,7:35 PM,STL,Willson Contreras,19,,,7,33.0,102.7,367.0,SI,Griffin Jax,TB @ STL,776633,575929,643377
2025-08-30,6:40 PM,STL,Willson Contreras,20,,,7,34.0,108.6,431.0,ST,Connor Phillips,CIN @ STL,776536,575929,683175
2025-08-12,9:45 PM,SD,Jose Iglesias,1,,,2,35.0,96.2,358.0,SL,Robbie Ray,SF @ SD,776767,578428,592662
2025-09-22,9:40 PM,SD,Jose Iglesias,2,,,5,28.0,105.3,409.0,FF,Freddy Peralta,MIL @ SD,776222,578428,642547
2025-09-23,9:40 PM,SD,Jose Iglesias,3,,,8,24.0,105.6,405.0,FF,Tobias Myers,MIL @ SD,776214,578428,668964
2025-07-04,9:40 PM,KC,Mark Canha,1,,,5,30.0,104.2,408.0,SI,Eduardo Rodriguez,AZ @ KC,777248,592192,593958
2025-03-31,3:05 PM,PHI,Nick Castellanos,1,,,8,33.0,102.5,414.0,FF,Bradley Blalock,COL @ PHI,778502,592206,687134
2025-04-06,1:35 PM,PHI,Nick Castellanos,2,,,3,35.0,104.3,389.0,FF,Alex Vesia,LAD @ PHI,778434,592206,681911
2025-04-14,6:45 PM,PHI,Nick Castellanos,3,,,5,31.0,103.1,400.0,CU,Landen Roupp,SF @ PHI,778320,592206,694738
2025-05-06,7:05 PM,PHI,Nick Castellanos,4,,,8,31.0,100.4,374.0,SI,Mason Englert,TB @ PHI,778040,592206,669438
2025-05-30,6:45 PM,PHI,Nick Castellanos,5,,,7,26.0,99.0,373.0,SL,Quinn Priester,MIL @ PHI,777715,592206,682990
2025-06-04,7:07 PM,PHI,Nick Castellanos,6,,,2,25.0,106.9,391.0,SI,José Berríos,TOR @ PHI,777651,592206,621244
2025-06-15,1:35 PM,PHI,Nick Castellanos,7,,,6,18.0,105.5,385.0,SL,Erik Swanson,TOR @ PHI,777499,592206,657024
2025-06-20,7:15 PM,PHI,Nick Castellanos,8,,,8,36.0,107.8,428.0,FF,Justin Garza,NYM @ PHI,777437,592206,621057
2025-06-27,7:15 PM,PHI,Nick Castellanos,9,,,2,26.0,110.2,445.0,SI,Bryce Elder,ATL @ PHI,777342,592206,693821
2025-06-30,6:35 PM,PHI,Nick Castellanos,10,,,5,24.0,105.8,372.0,KN,Matt Waldron,SD @ PHI,777306,592206,663362
2025-07-04,1:05 PM,PHI,Nick Castellanos,11,,,1,40.0,104.2,384.0,CU,Andrew Abbott,CIN @ PHI,777255,592206,671096
2025-07-11,9:40 PM,PHI,Nick Castellanos,12,,,2,33.0,106.6,407.0,ST,Ryan Bergert,SD @ PHI,777139,592206,686701
2025-07-23,7:10 PM,PHI,Nick Castellanos,13,,,3,28.0,107.7,380.0,SL,Lucas Giolito,BOS @ PHI,777038,592206,608337
2025-07-27,1:35 PM,PHI,Nick Castellanos,14,,,2,35.0,97.1,363.0,CH,Carlos Rodón,NYY @ PHI,776988,592206,607074
2025-08-02,4:05 PM,PHI,Nick Castellanos,15,,,7,32.0,107.6,428.0,CH,Tarik Skubal,DET @ PHI,776912,592206,669373
2025-08-17,11:35 AM,PHI,Nick Castellanos,16,,,6,30.0,109.0,428.0,FF,Shinnosuke Ogasawara,WSH @ PHI,776708,592206,829272
2025-09-19,9:40 PM,PHI,Nick Castellanos,17,,,8,33.0,96.5,370.0,ST,Jake Woodford,AZ @ PHI,776255,592206,663765
2025-03-29,1:05 PM,NYY,Aaron Judge,1,,,1,30.0,115.0,468.0,FC,Nestor Cortes,MIL @ NYY,778538,592450,641482
2025-03-29,1:05 PM,NYY,Aaron Judge,2,,,3,29.0,99.4,396.0,FC,Connor Thomas,MIL @ NYY,778538,592450,671162
2025-03-29,1:05 PM,NYY,Aaron Judge,3,,,4,31.0,107.5,425.0,CH,Connor Thomas,MIL @ NYY,778538,592450,671162
2025-03-30,1:35 PM,NYY,Aaron Judge,4,,,1,28.0,113.1,410.0,FC,Aaron Civale,MIL @ NYY,778523,592450,650644
2025-04-03,7:05 PM,NYY,Aaron Judge,5,,,1,22.0,112.1,394.0,FF,Merrill Kelly,AZ @ NYY,778466,592450,518876
2025-04-04,4:12 PM,NYY,Aaron Judge,6,,,7,30.0,106.7,403.0,SI,Tim Mayza,PIT @ NYY,778461,592450,641835
2025-04-16,7:05 PM,NYY,Aaron Judge,7,,,7,36.0,108.7,383.0,SI,John Schreiber,KC @ NYY,778300,592450,670167
2025-04-27,1:40 PM,NYY,Aaron Judge,8,,,6,28.0,104.2,376.0,FC,Chris Bassitt,TOR @ NYY,778170,592450,605135
2025-04-29,6:35 PM,NYY,Aaron Judge,9,,,1,35.0,100.7,364.0,SI,Kyle Gibson,BAL @ NYY,778133,592450,502043
2025-04-30,6:35 PM,NYY,Aaron Judge,10,,,1,31.0,112.1,426.0,ST,Cade Povich,BAL @ NYY,778115,592450,700249
2025-05-03,1:05 PM,NYY,Aaron Judge,11,,,1,34.0,106.1,377.0,SL,Zack Littell,TB @ NYY,778074,592450,641793
2025-05-06,7:05 PM,NYY,Aaron Judge,12,,,4,30.0,102.0,341.0,FF,Michael King,SD @ NYY,778041,592450,650633
2025-05-10,4:05 PM,NYY,Aaron Judge,13,,,4,36.0,106.0,399.0,FF,JP Sears,ATH @ NYY,777972,592450,676664
2025-05-10,4:05 PM,NYY,Aaron Judge,14,,,6,33.0,108.7,433.0,FF,Justin Sterner,ATH @ NYY,777972,592450,686993
2025-05-14,4:10 PM,NYY,Aaron Judge,15,,,8,19.0,117.7,444.0,SL,Carlos Vargas,SEA @ NYY,777915,592450,672841
2025-05-20,7:05 PM,NYY,Aaron Judge,16,,,8,36.0,99.8,326.0,SL,Caleb Boushley,TEX @ NYY,777849,592450,676961
2025-05-23,8:40 PM,NYY,Aaron Judge,17,,,5,37.0,93.4,365.0,CH,Tanner Gordon,COL @ NYY,777802,592450,685299
2025-05-24,4:10 PM,NYY,Aaron Judge,18,,,1,35.0,104.6,405.0,FF,Kyle Freeland,COL @ NYY,777782,592450,607536
2025-05-30,10:10 PM,NYY,Aaron Judge,19,,,1,30.0,113.0,446.0,SL,Tony Gonsolin,LAD @ NYY,777708,592450,664062
2025-05-31,7:15 PM,NYY,Aaron Judge,20,,,4,33.0,102.8,407.0,FF,Landon Knack,LAD @ NYY,777698,592450,689017
2025-05-31,7:15 PM,NYY,Aaron Judge,21,,,8,35.0,107.9,425.0,CU,Chris Stratton,LAD @ NYY,777698,592450,608717
2025-06-08,7:10 PM,NYY,Aaron Judge,22,,,1,27.0,108.6,436.0,FF,Hunter Dobbins,BOS @ NYY,777593,592450,690928
2025-06-08,7:10 PM,NYY,Aaron Judge,23,,,9,31.0,108.9,398.0,FF,Player 476594,BOS @ NYY,777593,592450,476594
2025-06-10,7:40 PM,NYY,Aaron Judge,24,,,1,31.0,117.9,469.0,FF,Noah Cameron,KC @ NYY,777572,592450,702070
2025-06-11,7:40 PM,NYY,Aaron Judge,25,,,7,24.0,108.8,413.0,FF,Steven Cruz,KC @ NYY,777551,592450,674444
2025-06-13,7:10 PM,NYY,Aaron Judge,26,,,9,29.0,115.5,443.0,FF,Garrett Crochet,BOS @ NYY,777537,592450,676979
2025-06-20,7:05 PM,NYY,Aaron Judge,27,,,3,34.0,104.2,368.0,FF,Tomoyuki Sugano,BAL @ NYY,777438,592450,608372
2025-06-23,7:10 PM,NYY,Aaron Judge,28,,,1,40.0,107.2,398.0,FF,Nick Lodolo,CIN @ NYY,777390,592450,666157
2025-06-29,1:35 PM,NYY,Aaron Judge,29,,,4,36.0,110.2,402.0,ST,Luis Severino,ATH @ NYY,777307,592450,622663
2025-06-29,1:35 PM,NYY,Aaron Judge,30,,,7,26.0,107.0,426.0,FF,Tyler Ferguson,ATH @ NYY,777307,592450,621053
2025-07-02,7:07 PM,NYY,Aaron Judge,31,,,8,27.0,112.0,440.0,ST,Yimi García,TOR @ NYY,777274,592450,554340
2025-07-04,3:10 PM,NYY,Aaron Judge,32,,,1,32.0,109.1,428.0,SI,Justin Hagenman,NYM @ NYY,777250,592450,663795
2025-07-06,1:40 PM,NYY,Aaron Judge,33,,,5,26.0,102.6,388.0,CH,Brandon Waddell,NYM @ NYY,777216,592450,663399
2025-07-08,7:05 PM,NYY,Aaron Judge,34,,,7,36.0,97.9,345.0,ST,Casey Legumina,SEA @ NYY,777187,592450,668984
2025-07-12,1:05 PM,NYY,Aaron Judge,35,,,9,28.0,105.5,388.0,FF,Brad Keller,CHC @ NYY,777142,592450,641745
2025-07-20,1:35 PM,NYY,Aaron Judge,36,,,1,29.0,110.2,409.0,FC,Grant Holmes,ATL @ NYY,777083,592450,656550
2025-07-23,7:07 PM,NYY,Aaron Judge,37,,,6,24.0,110.1,398.0,SI,Chris Bassitt,TOR @ NYY,777027,592450,605135
2025-08-12,7:05 PM,NYY,Aaron Judge,38,,,1,26.0,110.2,425.0,FF,Travis Adams,MIN @ NYY,776774,592450,701519
2025-08-16,7:15 PM,NYY,Aaron Judge,39,,,3,28.0,101.4,399.0,FF,Sonny Gray,STL @ NYY,776713,592450,543243
2025-08-19,7:35 PM,NYY,Aaron Judge,40,,,1,29.0,112.3,429.0,FC,Shane Baz,TB @ NYY,776677,592450,669358
2025-08-27,1:05 PM,NYY,Aaron Judge,41,,,3,31.0,107.2,424.0,KC,Cade Cavalli,WSH @ NYY,776570,592450,676917
2025-08-30,7:10 PM,NYY,Aaron Judge,42,,,4,25.0,111.0,429.0,CH,Shane Smith,CWS @ NYY,776529,592450,681343
2025-08-31,2:10 PM,NYY,Aaron Judge,43,,,1,21.0,112.6,426.0,FC,Martín Pérez,CWS @ NYY,776514,592450,527048
2025-09-09,7:05 PM,NYY,Aaron Judge,44,,,1,28.0,110.6,412.0,FS,Casey Mize,DET @ NYY,776398,592450,663554
2025-09-11,7:05 PM,NYY,Aaron Judge,45,,,1,28.0,110.1,413.0,FC,Tyler Holton,DET @ NYY,776368,592450,663947
2025-09-11,7:05 PM,NYY,Aaron Judge,46,,,3,32.0,114.9,434.0,FF,Sawyer Gipson-Long,DET @ NYY,776368,592450,687830
2025-09-12,7:10 PM,NYY,Aaron Judge,47,,,1,32.0,112.6,468.0,FF,Lucas Giolito,BOS @ NYY,776363,592450,608337
2025-09-14,7:10 PM,NYY,Aaron Judge,48,,,5,27.0,112.7,400.0,FF,Garrett Crochet,BOS @ NYY,776330,592450,676979
2025-09-20,7:05 PM,NYY,Aaron Judge,49,,,3,39.0,112.2,370.0,ST,Tomoyuki Sugano,BAL @ NYY,776257,592450,608372
2025-09-24,7:05 PM,NYY,Aaron Judge,50,,,2,29.0,106.9,392.0,SI,Jonathan Cannon,CWS @ NYY,776199,592450,686563
2025-09-24,7:05 PM,NYY,Aaron Judge,51,,,8,29.0,105.3,395.0,FF,Cam Booser,CWS @ NYY,776199,592450,592155
2025-09-26,7:05 PM,NYY,Aaron Judge,52,,,3,22.0,109.7,423.0,SI,Trevor Rogers,BAL @ NYY,776174,592450,669432
2025-09-27,1:05 PM,NYY,Aaron Judge,53,,,1,36.0,100.3,383.0,ST,Tomoyuki Sugano,BAL @ NYY,776162,592450,608372
2025-10-07,8:08 PM,NYY,Aaron Judge,54,,,4,35.0,103.1,386.0,FF,Louis Varland,TOR @ NYY,813061,592450,686973
2025-04-08,10:05 PM,SD,Manny Machado,1,,,1,32.0,105.1,389.0,FF,Jeffrey Springs,ATH @ SD,778395,592518,605488
2025-04-15,9:40 PM,SD,Manny Machado,2,,,5,27.0,105.8,400.0,FF,Shota Imanaga,CHC @ SD,778305,592518,684007
2025-05-03,4:05 PM,SD,Manny Machado,3,,,7,21.0,114.3,391.0,SL,Bailey Falter,PIT @ SD,778065,592518,663559
2025-05-23,7:15 PM,SD,Manny Machado,4,,,9,24.0,109.7,422.0,SL,Raisel Iglesias,ATL @ SD,777813,592518,628452
2025-05-25,4:10 PM,SD,Manny Machado,5,,,8,25.0,100.9,352.0,FF,Dylan Lee,ATL @ SD,777783,592518,669276
2025-05-26,8:40 PM,SD,Manny Machado,6,,,8,28.0,104.8,406.0,FC,Calvin Faucher,MIA @ SD,777756,592518,676534
2025-06-01,5:10 PM,SD,Manny Machado,7,,,1,26.0,106.2,396.0,SL,Andrew Heaney,PIT @ SD,777681,592518,571760
2025-06-05,3:45 PM,SD,Manny Machado,8,,,3,26.0,102.0,391.0,KC,Robbie Ray,SF @ SD,777633,592518,592662
2025-06-06,8:10 PM,SD,Manny Machado,9,,,8,29.0,102.2,388.0,ST,Grant Anderson,MIL @ SD,777617,592518,681982
2025-06-08,1:05 PM,SD,Manny Machado,10,,,7,26.0,107.7,425.0,FF,Rob Zastryzny,MIL @ SD,777586,592518,642239
2025-06-16,10:10 PM,SD,Manny Machado,11,,,6,35.0,99.9,353.0,FF,Ben Casparius,LAD @ SD,777490,592518,676508
2025-06-20,9:40 PM,SD,Manny Machado,12,,,9,24.0,102.4,351.0,FF,Carlos Estévez,KC @ SD,777426,592518,608032
2025-06-23,9:40 PM,SD,Manny Machado,13,,,4,21.0,104.3,410.0,CU,Mitchell Parker,WSH @ SD,777382,592518,680730
2025-07-04,6:40 PM,SD,Manny Machado,14,,,4,30.0,109.6,440.0,SI,Kumar Rocker,TEX @ SD,777239,592518,677958
2025-07-07,9:40 PM,SD,Manny Machado,15,,,8,37.0,103.7,371.0,ST,Kyle Backhus,AZ @ SD,777203,592518,679775
2025-07-10,9:40 PM,SD,Manny Machado,16,,,5,22.0,110.3,391.0,FF,Eduardo Rodriguez,AZ @ SD,777158,592518,593958
2025-07-11,9:40 PM,SD,Manny Machado,17,,,8,34.0,102.2,368.0,FF,Max Lazar,PHI @ SD,777139,592518,676661
2025-07-18,,SD,Manny Machado,18,,,9,22.0,105.2,389.0,FF,Kyle Finnegan,WSH @ SD,777112,592518,640448
2025-07-24,7:45 PM,SD,Manny Machado,19,,,3,20.0,107.3,408.0,SI,Sonny Gray,STL @ SD,777023,592518,543243
2025-07-29,9:40 PM,SD,Manny Machado,20,,,7,23.0,107.6,404.0,CH,Chris Devenski,NYM @ SD,776947,592518,606965
2025-08-20,9:40 PM,SD,Manny Machado,21,,,3,22.0,108.3,425.0,SI,Landen Roupp,SF @ SD,776656,592518,694738
2025-09-03,4:10 PM,SD,Manny Machado,22,,,6,27.0,106.6,387.0,CH,Cade Povich,BAL @ SD,776465,592518,700249
2025-09-07,3:10 PM,SD,Manny Machado,23,,,1,29.0,103.0,452.0,CH,Tanner Gordon,COL @ SD,776417,592518,685299
2025-09-12,9:40 PM,SD,Manny Machado,24,,,1,27.0,108.7,415.0,SL,Tanner Gordon,COL @ SD,776357,592518,685299
2025-09-13,8:40 PM,SD,Manny Machado,25,,,3,27.0,100.3,403.0,CU,Bradley Blalock,COL @ SD,776341,592518,687134
2025-09-17,7:10 PM,SD,Manny Machado,26,,,5,27.0,102.4,401.0,CU,David Peterson,NYM @ SD,776288,592518,656849
2025-09-28,3:10 PM,SD,Manny Machado,27,,,3,25.0,103.7,377.0,ST,Brandon Pfaadt,AZ @ SD,776136,592518,694297
2025-10-01,3:08 PM,SD,Manny Machado,28,,,5,32.0,104.4,404.0,FS,Shota Imanaga,CHC @ SD,813064,592518,684007
2025-05-10,6:10 PM,TEX,Joc Pederson,1,,,3,30.0,106.6,401.0,FF,Jack Flaherty,DET @ TEX,777987,592626,656427
2025-05-17,7:05 PM,TEX,Joc Pederson,2,,,6,38.0,106.3,409.0,FF,Ronel Blanco,HOU @ TEX,777882,592626,669854
2025-08-04,8:05 PM,TEX,Joc Pederson,3,,,9,27.0,101.6,408.0,CH,Devin Williams,NYY @ TEX,776871,592626,642207
2025-08-10,2:35 PM,TEX,Joc Pederson,4,,,1,39.0,95.1,352.0,FC,Zack Wheeler,PHI @ TEX,776800,592626,554430
2025-08-19,7:40 PM,TEX,Joc Pederson,5,,,4,32.0,107.5,414.0,FF,Seth Lugo,KC @ TEX,776675,592626,607625
2025-08-24,2:35 PM,TEX,Joc Pederson,6,,,7,25.0,109.9,409.0,FF,Erik Sabrowski,CLE @ TEX,776611,592626,681870
2025-08-27,8:05 PM,TEX,Joc Pederson,7,,,2,23.0,103.0,366.0,CH,Jack Kochanowicz,LAA @ TEX,776563,592626,686799
2025-08-31,4:05 PM,TEX,Joc Pederson,8,,,1,26.0,113.7,418.0,SI,J.T. Ginn,ATH @ TEX,776508,592626,669372
2025-09-23,8:05 PM,TEX,Joc Pederson,9,,,1,29.0,109.2,411.0,SI,Zebby Matthews,MIN @ TEX,776210,592626,805673
2025-04-15,6:45 PM,PHI,J.T. Realmuto,1,,,2,29.0,104.4,387.0,FF,Justin Verlander,SF @ PHI,778313,592663,434378
2025-04-30,6:45 PM,PHI,J.T. Realmuto,2,,,8,23.0,103.7,397.0,SL,Eduardo Salazar,WSH @ PHI,778118,592663,674285
2025-05-03,6:05 PM,PHI,J.T. Realmuto,3,,,3,43.0,105.9,397.0,ST,Brandon Pfaadt,AZ @ PHI,778078,592663,694297
2025-05-14,6:15 PM,PHI,J.T. Realmuto,4,,,1,32.0,102.1,417.0,ST,Sonny Gray,STL @ PHI,777933,592663,543243
2025-05-21,8:40 PM,PHI,J.T. Realmuto,5,,,6,26.0,106.7,418.0,CH,Angel Chivilli,COL @ PHI,777823,592663,683409
2025-07-23,7:10 PM,PHI,J.T. Realmuto,6,,,8,31.0,103.1,410.0,SI,Aroldis Chapman,BOS @ PHI,777038,592663,547973
2025-07-25,7:05 PM,PHI,J.T. Realmuto,7,,,7,29.0,107.2,414.0,CH,Luke Weaver,NYY @ PHI,777015,592663,596133
2025-08-18,6:45 PM,PHI,J.T. Realmuto,8,,,2,37.0,105.3,404.0,SL,Logan Gilbert,SEA @ PHI,776689,592663,669302
2025-08-19,6:45 PM,PHI,J.T. Realmuto,9,,,8,25.0,108.3,431.0,SI,Matt Brash,SEA @ PHI,776680,592663,666374
2025-08-22,6:45 PM,PHI,J.T. Realmuto,10,,,7,25.0,110.4,421.0,CH,Shinnosuke Ogasawara,WSH @ PHI,776648,592663,829272
2025-08-28,6:45 PM,PHI,J.T. Realmuto,11,,,1,29.0,109.5,423.0,FF,Cal Quantrill,ATL @ PHI,776560,592663,615698
2025-09-14,1:35 PM,PHI,J.T. Realmuto,12,,,1,22.0,107.9,380.0,FC,Noah Cameron,KC @ PHI,776334,592663,702070
2025-10-08,9:08 PM,PHI,J.T. Realmuto,13,,,8,29.0,104.7,407.0,SL,Clayton Kershaw,LAD @ PHI,813041,592663,477132
2025-04-01,7:40 PM,MIL,Christian Yelich,1,,,8,28.0,104.6,429.0,FC,John Schreiber,KC @ MIL,778488,592885,670167
2025-04-08,8:40 PM,MIL,Christian Yelich,2,,,7,38.0,102.3,409.0,CU,Jimmy Herget,COL @ MIL,778394,592885,623474
2025-04-09,8:40 PM,MIL,Christian Yelich,3,,,9,25.0,110.6,465.0,FS,Seth Halvorsen,COL @ MIL,778379,592885,678020
2025-04-16,1:10 PM,MIL,Christian Yelich,4,,,3,34.0,107.9,404.0,CH,Keider Montero,DET @ MIL,778295,592885,672456
2025-04-22,9:45 PM,MIL,Christian Yelich,5,,,6,28.0,106.6,407.0,FF,Lou Trivino,SF @ MIL,778210,592885,642152
2025-05-05,7:40 PM,MIL,Christian Yelich,6,,,3,28.0,105.3,413.0,CU,Ronel Blanco,HOU @ MIL,778042,592885,669854
2025-05-11,1:40 PM,MIL,Christian Yelich,7,,,4,32.0,99.3,348.0,FC,Drew Rasmussen,TB @ MIL,777964,592885,656876
2025-05-22,6:40 PM,MIL,Christian Yelich,8,,,1,42.0,101.4,356.0,FF,Mike Burrows,PIT @ MIL,777814,592885,681347
2025-05-22,6:40 PM,MIL,Christian Yelich,9,,,6,23.0,110.7,415.0,CH,Isaac Mattson,PIT @ MIL,777814,592885,676755
2025-05-27,7:40 PM,MIL,Christian Yelich,10,,,10,32.0,108.5,400.0,SL,Liam Hendriks,BOS @ MIL,777747,592885,521230
2025-05-30,6:45 PM,MIL,Christian Yelich,11,,,5,27.0,98.5,358.0,ST,Tanner Banks,PHI @ MIL,777715,592885,621383
2025-05-30,6:45 PM,MIL,Christian Yelich,12,,,9,28.0,110.3,420.0,KC,Carlos Hernández,PHI @ MIL,777715,592885,672578
2025-06-02,7:10 PM,MIL,Christian Yelich,13,,,3,31.0,110.9,439.0,SL,Brady Singer,CIN @ MIL,777671,592885,663903
2025-06-15,2:10 PM,MIL,Christian Yelich,14,,,4,23.0,108.2,390.0,FF,Miles Mikolas,STL @ MIL,777492,592885,571945
2025-06-23,7:40 PM,MIL,Christian Yelich,15,,,5,25.0,107.6,366.0,FC,Chase Shugart,PIT @ MIL,777391,592885,663767
2025-06-29,2:10 PM,MIL,Christian Yelich,16,,,6,29.0,102.6,363.0,FF,Germán Márquez,COL @ MIL,777301,592885,608566
2025-07-02,7:10 PM,MIL,Christian Yelich,17,,,6,31.0,103.3,387.0,SI,Blade Tidwell,NYM @ MIL,777276,592885,694918
2025-07-07,7:40 PM,MIL,Christian Yelich,18,,,7,24.0,103.8,386.0,FF,Julian Fernández,LAD @ MIL,777201,592885,642759
2025-07-11,8:10 PM,MIL,Christian Yelich,19,,,3,29.0,105.1,405.0,SL,Mitchell Parker,WSH @ MIL,777149,592885,680730
2025-07-28,7:40 PM,MIL,Christian Yelich,20,,,7,26.0,105.1,386.0,CU,Chris Flexen,CHC @ MIL,776965,592885,623167
2025-08-02,4:05 PM,MIL,Christian Yelich,21,,,3,32.0,100.8,390.0,CH,Jake Irvin,WSH @ MIL,776903,592885,663623
2025-08-11,7:40 PM,MIL,Christian Yelich,22,,,3,35.0,104.7,395.0,CS,Andrew Heaney,PIT @ MIL,776786,592885,571760
2025-08-12,7:40 PM,MIL,Christian Yelich,23,,,5,32.0,104.8,408.0,FF,Yohan Ramírez,PIT @ MIL,776771,592885,670990
2025-08-15,6:40 PM,MIL,Christian Yelich,24,,,2,42.0,101.5,367.0,SI,Nick Martinez,CIN @ MIL,776740,592885,607259
2025-08-15,6:40 PM,MIL,Christian Yelich,25,,,6,31.0,100.9,378.0,ST,Scott Barlow,CIN @ MIL,776740,592885,605130
2025-08-19,2:20 PM,MIL,Christian Yelich,26,,,4,33.0,101.4,387.0,CU,Matthew Boyd,CHC @ MIL,776691,592885,571510
2025-08-30,3:07 PM,MIL,Christian Yelich,27,,,9,25.0,104.6,390.0,FF,Jeff Hoffman,TOR @ MIL,776527,592885,656546
2025-09-12,8:10 PM,MIL,Christian Yelich,28,,,7,35.0,112.4,432.0,FF,Jorge Alcala,STL @ MIL,776356,592885,660896
2025-09-16,7:40 PM,MIL,Christian Yelich,29,,,4,28.0,103.4,409.0,CH,Caden Dana,LAA @ MIL,776295,592885,702674
2025-04-29,9:40 PM,SD,Xander Bogaerts,1,,,7,20.0,106.8,350.0,SL,Randy Rodríguez,SF @ SD,778126,593428,678495
2025-05-10,8:10 PM,SD,Xander Bogaerts,2,,,5,26.0,96.4,363.0,SL,Juan Mejia,COL @ SD,777976,593428,675848
2025-05-14,9:40 PM,SD,Xander Bogaerts,3,,,1,21.0,106.6,393.0,CH,Kyle Hendricks,LAA @ SD,777914,593428,543294
2025-06-19,10:10 PM,SD,Xander Bogaerts,4,,,2,29.0,101.9,401.0,FS,Yoshinobu Yamamoto,LAD @ SD,777442,593428,808967
2025-06-29,1:40 PM,SD,Xander Bogaerts,5,,,4,27.0,99.8,389.0,CU,Nick Lodolo,CIN @ SD,777312,593428,666157
2025-07-20,1:35 PM,SD,Xander Bogaerts,6,,,1,33.0,100.3,390.0,FF,MacKenzie Gore,WSH @ SD,777077,593428,669022
2025-07-27,2:15 PM,SD,Xander Bogaerts,7,,,7,30.0,97.8,375.0,SL,Andre Granillo,STL @ SD,776980,593428,701552
2025-08-05,9:40 PM,SD,Xander Bogaerts,8,,,2,31.0,105.8,419.0,FF,Ryne Nelson,AZ @ SD,776852,593428,669194
2025-08-06,9:40 PM,SD,Xander Bogaerts,9,,,7,27.0,107.1,421.0,SL,John Curtiss,AZ @ SD,776838,593428,595928
2025-08-09,8:40 PM,SD,Xander Bogaerts,10,,,2,34.0,92.3,358.0,CH,Lucas Giolito,BOS @ SD,776807,593428,608337
2025-09-27,8:40 PM,SD,Xander Bogaerts,11,,,1,31.0,110.1,424.0,FC,Eduardo Rodriguez,AZ @ SD,776152,593428,593958
2025-04-04,4:35 PM,SEA,Jorge Polanco,1,,,5,30.0,101.4,387.0,FC,Lou Trivino,SF @ SEA,778444,593871,642152
2025-04-11,9:40 PM,SEA,Jorge Polanco,2,,,1,22.0,108.7,384.0,FF,Jacob deGrom,TEX @ SEA,778360,593871,594798
2025-04-22,6:45 PM,SEA,Jorge Polanco,3,,,1,30.0,106.7,407.0,CH,Brayan Bello,BOS @ SEA,778224,593871,678394
2025-04-25,9:40 PM,SEA,Jorge Polanco,4,,,6,28.0,100.0,389.0,FC,Cal Quantrill,MIA @ SEA,778175,593871,615698
2025-04-26,9:40 PM,SEA,Jorge Polanco,5,,,1,26.0,98.1,355.0,FC,Connor Gillispie,MIA @ SEA,778154,593871,687362
2025-04-26,9:40 PM,SEA,Jorge Polanco,6,,,4,32.0,99.7,389.0,CH,George Soriano,MIA @ SEA,778154,593871,666277
2025-04-29,9:40 PM,SEA,Jorge Polanco,7,,,2,21.0,108.9,395.0,SI,Jack Kochanowicz,LAA @ SEA,778121,593871,686799
2025-04-29,9:40 PM,SEA,Jorge Polanco,8,,,7,24.0,108.1,423.0,FF,José Fermin,LAA @ SEA,778121,593871,820862
2025-05-12,9:40 PM,SEA,Jorge Polanco,9,,,3,21.0,103.6,364.0,FC,Clarke Schmidt,NYY @ SEA,777941,593871,657376
2025-06-13,10:10 PM,SEA,Jorge Polanco,10,,,8,30.0,96.3,368.0,FC,Kolby Allard,CLE @ SEA,777520,593871,663465
2025-07-03,10:10 PM,SEA,Jorge Polanco,11,,,4,36.0,96.3,361.0,FF,Seth Lugo,KC @ SEA,777251,593871,607625
2025-07-09,7:05 PM,SEA,Jorge Polanco,12,,,4,30.0,107.1,417.0,FF,Cam Schlittler,NYY @ SEA,777184,593871,693645
2025-07-10,7:05 PM,SEA,Jorge Polanco,13,,,7,27.0,100.7,366.0,SL,Clayton Beeter,NYY @ SEA,777169,593871,690925
2025-07-13,1:40 PM,SEA,Jorge Polanco,14,,,9,22.0,109.5,401.0,CH,Tommy Kahnle,DET @ SEA,777121,593871,592454
2025-07-24,9:38 PM,SEA,Jorge Polanco,15,,,8,28.0,100.8,389.0,FF,José Fermin,LAA @ SEA,777018,593871,820862
2025-07-30,10:05 PM,SEA,Jorge Polanco,16,,,7,29.0,99.7,394.0,FF,Justin Sterner,ATH @ SEA,776930,593871,686993
2025-08-03,4:10 PM,SEA,Jorge Polanco,17,,,2,23.0,110.4,404.0,FF,Jacob deGrom,TEX @ SEA,776883,593871,594798
2025-08-22,10:10 PM,SEA,Jorge Polanco,18,,,7,34.0,99.0,368.0,FF,Elvis Alvarado,ATH @ SEA,776638,593871,665660
2025-08-25,9:40 PM,SEA,Jorge Polanco,19,,,2,21.0,103.6,361.0,ST,JP Sears,SD @ SEA,776595,593871,676664
2025-08-29,7:10 PM,SEA,Jorge Polanco,20,,,1,30.0,101.7,348.0,CH,Logan Allen,CLE @ SEA,776547,593871,671106
2025-08-30,7:15 PM,SEA,Jorge Polanco,21,,,7,28.0,104.6,388.0,FF,Gavin Williams,CLE @ SEA,776537,593871,668909
2025-09-02,7:35 PM,SEA,Jorge Polanco,22,,,4,30.0,105.0,408.0,CU,Drew Rasmussen,TB @ SEA,776485,593871,656876
2025-09-07,12:05 PM,SEA,Jorge Polanco,23,,,3,27.0,94.2,348.0,CH,Joey Wentz,ATL @ SEA,776428,593871,666214
2025-09-24,9:40 PM,SEA,Jorge Polanco,24,,,1,20.0,105.6,360.0,FF,Tanner Gordon,COL @ SEA,776194,593871,685299
2025-09-27,9:40 PM,SEA,Jorge Polanco,25,,,5,26.0,101.1,357.0,CU,Andrew Heaney,LAD @ SEA,776150,593871,571760
2025-10-05,8:03 PM,SEA,Jorge Polanco,26,,,4,22.0,103.4,392.0,SL,Tarik Skubal,DET @ SEA,813057,593871,669373
2025-10-05,8:03 PM,SEA,Jorge Polanco,27,,,6,31.0,101.2,369.0,SI,Tarik Skubal,DET @ SEA,813057,593871,669373
2025-10-13,5:03 PM,SEA,Jorge Polanco,28,,,5,23.0,105.2,400.0,FF,Louis Varland,TOR @ SEA,813044,593871,686973
2025-07-02,7:15 PM,ATL,Jurickson Profar,1,,,7,32.0,105.1,413.0,CH,Hunter Strickland,LAA @ ATL,777279,595777,519326
2025-07-03,7:15 PM,ATL,Jurickson Profar,2,,,9,30.0,102.4,417.0,SL,Brock Burke,LAA @ ATL,777261,595777,656271
2025-07-10,9:05 PM,ATL,Jurickson Profar,3,,,4,37.0,97.1,352.0,FF,JP Sears,ATH @ ATL,777156,595777,676664
2025-08-04,7:15 PM,ATL,Jurickson Profar,4,,,1,32.0,99.9,390.0,FC,Quinn Priester,MIL @ ATL,776882,595777,682990
2025-08-06,7:15 PM,ATL,Jurickson Profar,5,,,6,29.0,103.4,407.0,FF,Jose Quintana,MIL @ ATL,776853,595777,500779
2025-08-08,7:15 PM,ATL,Jurickson Profar,6,,,6,30.0,106.0,416.0,SI,Edward Cabrera,MIA @ ATL,776834,595777,665795
2025-08-17,1:40 PM,ATL,Jurickson Profar,7,,,6,35.0,91.9,339.0,SL,Nic Enright,CLE @ ATL,776706,595777,663671
2025-08-18,7:15 PM,ATL,Jurickson Profar,8,,,6,24.0,101.0,378.0,SI,Mike Vasil,CWS @ ATL,776696,595777,678024
2025-08-18,7:15 PM,ATL,Jurickson Profar,9,,,8,36.0,100.6,397.0,CU,Owen White,CWS @ ATL,776696,595777,669391
2025-08-19,7:15 PM,ATL,Jurickson Profar,10,,,4,26.0,108.9,437.0,SI,Shane Smith,CWS @ ATL,776687,595777,681343
2025-08-27,1:10 PM,ATL,Jurickson Profar,11,,,1,21.0,103.2,350.0,CH,Ryan Gusto,MIA @ ATL,776565,595777,687473
2025-08-27,1:10 PM,ATL,Jurickson Profar,12,,,7,31.0,103.6,397.0,ST,Seth Martinez,MIA @ ATL,776565,595777,661527
2025-09-07,12:05 PM,ATL,Jurickson Profar,13,,,4,28.0,102.3,395.0,FF,Luis Castillo,SEA @ ATL,776428,595777,622491
2025-09-16,1:05 PM,ATL,Jurickson Profar,14,,,4,30.0,99.0,372.0,CU,Jake Irvin,WSH @ ATL,777825,595777,663623
2025-04-30,2:10 PM,DET,Javier Báez,1,,,3,40.0,98.9,350.0,ST,AJ Blubaugh,HOU @ DET,778110,595879,805123
2025-05-01,9:38 PM,DET,Javier Báez,2,,,3,32.0,106.9,410.0,FF,Yusei Kikuchi,LAA @ DET,778101,595879,579328
2025-05-02,9:38 PM,DET,Javier Báez,3,,,9,32.0,103.2,391.0,FC,Kenley Jansen,LAA @ DET,778085,595879,445276
2025-05-13,6:40 PM,DET,Javier Báez,4,,,6,23.0,106.0,392.0,SL,Garrett Whitlock,BOS @ DET,777940,595879,676477
2025-05-13,6:40 PM,DET,Javier Báez,5,,,11,31.0,99.4,371.0,ST,Greg Weissert,BOS @ DET,777940,595879,669711
2025-05-16,7:07 PM,DET,Javier Báez,6,,,8,33.0,107.5,408.0,FF,Chad Green,TOR @ DET,777906,595879,643338
2025-06-13,7:10 PM,DET,Javier Báez,7,,,4,33.0,100.4,392.0,CH,Nick Martinez,CIN @ DET,777538,595879,607259
2025-06-17,6:40 PM,DET,Javier Báez,8,,,5,28.0,100.5,407.0,CU,Bailey Falter,PIT @ DET,777475,595879,663559
2025-06-17,6:40 PM,DET,Javier Báez,9,,,7,25.0,102.2,410.0,ST,Carmen Mlodzinski,PIT @ DET,777475,595879,669387
2025-07-07,6:40 PM,DET,Javier Báez,10,,,2,33.0,100.0,391.0,KC,Shane Baz,TB @ DET,777211,595879,669358
2025-08-02,4:05 PM,DET,Javier Báez,11,,,7,23.0,104.7,405.0,SI,Zack Wheeler,PHI @ DET,776912,595879,554430
2025-09-28,3:05 PM,DET,Javier Báez,12,,,4,34.0,99.9,379.0,FC,José De León,BOS @ DET,776151,595879,592254
2025-10-08,3:08 PM,DET,Javier Báez,13,,,6,,,,SL,Eduard Bazardo,SEA @ DET,813055,595879,660825
2025-03-31,9:40 PM,CLE,Austin Hedges,1,,,3,40.0,99.7,363.0,SL,Kyle Hart,SD @ CLE,778499,595978,606996
2025-04-17,6:35 PM,CLE,Austin Hedges,2,,,3,32.0,104.9,394.0,FS,Tomoyuki Sugano,BAL @ CLE,778292,595978,608372
2025-05-06,3:40 PM,CLE,Austin Hedges,3,,,9,32.0,94.2,354.0,FF,Zach Brzykcy,WSH @ CLE,778046,595978,694350
2025-09-02,6:45 PM,CLE,Austin Hedges,4,,,6,25.0,105.3,381.0,FC,Garrett Crochet,BOS @ CLE,776493,595978,676979
2025-09-05,7:35 PM,CLE,Austin Hedges,5,,,6,39.0,103.4,347.0,SI,Brian Van Belle,TB @ CLE,776451,595978,687003
2025-04-08,4:10 PM,NYM,Francisco Lindor,1,,,1,27.0,107.0,391.0,FC,Connor Gillispie,MIA @ NYM,778407,596019,687362
2025-04-18,7:10 PM,NYM,Francisco Lindor,2,,,9,35.0,108.8,401.0,FC,Ryan Fernandez,STL @ NYM,778270,596019,681676
2025-04-20,1:40 PM,NYM,Francisco Lindor,3,,,1,35.0,103.5,402.0,FF,Sonny Gray,STL @ NYM,778244,596019,543243
2025-04-21,7:10 PM,NYM,Francisco Lindor,4,,,1,29.0,101.2,376.0,KC,Aaron Nola,PHI @ NYM,778225,596019,605400
2025-04-21,7:10 PM,NYM,Francisco Lindor,5,,,7,32.0,106.3,412.0,FF,José Ruiz,PHI @ NYM,778225,596019,614179
2025-04-29,7:10 PM,NYM,Francisco Lindor,6,,,2,24.0,102.7,366.0,SL,Eduardo Rodriguez,AZ @ NYM,778130,596019,593958
2025-05-05,9:40 PM,NYM,Francisco Lindor,7,,,7,29.0,107.0,415.0,SL,Ryan Thompson,AZ @ NYM,778039,596019,657044
2025-05-09,7:10 PM,NYM,Francisco Lindor,8,,,1,31.0,101.5,388.0,FF,Jameson Taillon,CHC @ NYM,778001,596019,592791
2025-05-11,12:05 PM,NYM,Francisco Lindor,9,,,8,28.0,103.4,391.0,ST,Porter Hodge,CHC @ NYM,777968,596019,687863
2025-05-21,6:45 PM,NYM,Francisco Lindor,10,,,9,36.0,102.7,363.0,CU,Sean Newcomb,BOS @ NYM,777831,596019,656794
2025-05-30,7:10 PM,NYM,Francisco Lindor,11,,,1,38.0,102.5,373.0,FF,Kyle Freeland,COL @ NYM,777718,596019,607536
2025-05-30,7:10 PM,NYM,Francisco Lindor,12,,,8,26.0,100.6,384.0,FS,Seth Halvorsen,COL @ NYM,777718,596019,678020
2025-06-01,1:40 PM,NYM,Francisco Lindor,13,,,5,26.0,100.8,386.0,FF,Carson Palmquist,COL @ NYM,777686,596019,687223
2025-06-02,10:10 PM,NYM,Francisco Lindor,14,,,1,34.0,106.6,417.0,SI,Dustin May,LAD @ NYM,777675,596019,669160
2025-06-21,7:15 PM,NYM,Francisco Lindor,15,,,3,30.0,102.3,406.0,FF,Mick Abel,PHI @ NYM,777423,596019,690953
2025-06-22,7:10 PM,NYM,Francisco Lindor,16,,,8,25.0,104.1,405.0,FF,Max Lazar,PHI @ NYM,777405,596019,676661
2025-07-02,7:10 PM,NYM,Francisco Lindor,17,,,2,34.0,99.7,379.0,FF,Jacob Misiorowski,MIL @ NYM,777276,596019,694819
2025-07-08,6:35 PM,NYM,Francisco Lindor,18,,,8,29.0,107.5,425.0,FF,Bryan Baker,BAL @ NYM,777198,596019,641329
2025-07-11,8:10 PM,NYM,Francisco Lindor,19,,,9,35.0,103.7,410.0,FF,Taylor Clarke,KC @ NYM,777151,596019,664199
2025-07-25,10:15 PM,NYM,Francisco Lindor,20,,,3,27.0,104.1,377.0,FF,Logan Webb,SF @ NYM,777004,596019,657277
2025-08-03,1:40 PM,NYM,Francisco Lindor,21,,,1,30.0,95.9,368.0,CH,Carson Whisenhunt,SF @ NYM,776887,596019,687931
2025-08-14,7:10 PM,NYM,Francisco Lindor,22,,,3,35.0,107.1,409.0,SL,Bryce Elder,ATL @ NYM,776748,596019,693821
2025-08-15,7:10 PM,NYM,Francisco Lindor,23,,,1,29.0,99.7,369.0,FF,Luis Castillo,SEA @ NYM,776736,596019,622491
2025-08-15,7:10 PM,NYM,Francisco Lindor,24,,,4,33.0,100.3,382.0,FF,Luis Castillo,SEA @ NYM,776736,596019,622491
2025-08-21,4:05 PM,NYM,Francisco Lindor,25,,,1,23.0,111.5,371.0,FF,MacKenzie Gore,WSH @ NYM,776650,596019,669022
2025-08-30,4:10 PM,NYM,Francisco Lindor,26,,,1,25.0,102.3,367.0,CH,Edward Cabrera,MIA @ NYM,776535,596019,665795
2025-09-16,7:10 PM,NYM,Francisco Lindor,27,,,2,29.0,104.0,382.0,SI,Michael King,SD @ NYM,776304,596019,650633
2025-09-21,1:40 PM,NYM,Francisco Lindor,28,,,6,34.0,103.1,388.0,FF,Jake Irvin,WSH @ NYM,776237,596019,663623
2025-09-23,7:40 PM,NYM,Francisco Lindor,29,,,1,24.0,104.7,384.0,FF,Cade Horton,CHC @ NYM,776209,596019,690990
2025-09-25,7:40 PM,NYM,Francisco Lindor,30,,,3,34.0,106.6,408.0,FF,Shota Imanaga,CHC @ NYM,776187,596019,684007
2025-09-26,7:10 PM,NYM,Francisco Lindor,31,,,1,23.0,106.4,392.0,SI,Sandy Alcantara,MIA @ NYM,776173,596019,645261
2025-05-25,2:10 PM,CWS,Austin Slater,1,,,6,28.0,105.4,420.0,SI,Patrick Corbin,TEX @ CWS,777777,596103,571578
2025-07-02,10:10 PM,CWS,Austin Slater,2,,,3,28.0,110.9,418.0,SL,Clayton Kershaw,LAD @ CWS,777267,596103,477132
2025-07-13,2:10 PM,CWS,Austin Slater,3,,,4,26.0,99.4,387.0,FF,Joey Cantillo,CLE @ CWS,777120,596103,676282
2025-07-25,7:40 PM,CWS,Austin Slater,4,,,4,26.0,108.8,420.0,FF,Shota Imanaga,CHC @ CWS,777017,596103,684007
2025-04-02,6:35 PM,BOS,Trevor Story,1,,,2,30.0,102.2,394.0,ST,Zach Eflin,BAL @ BOS,778483,596115,621107
2025-04-04,2:10 PM,BOS,Trevor Story,2,,,1,33.0,99.9,364.0,ST,Erick Fedde,STL @ BOS,778463,596115,607200
2025-04-13,2:10 PM,BOS,Trevor Story,3,,,9,29.0,99.9,404.0,CU,Bryse Wilson,CWS @ BOS,778338,596115,669060
2025-04-18,7:10 PM,BOS,Trevor Story,4,,,1,30.0,105.1,427.0,CH,Martín Pérez,CWS @ BOS,778275,596115,527048
2025-04-18,7:10 PM,BOS,Trevor Story,5,,,7,31.0,99.4,365.0,FS,Tyler Gilbert,CWS @ BOS,778275,596115,656457
2025-05-10,7:10 PM,BOS,Trevor Story,6,,,7,24.0,101.1,402.0,SL,Angel Zerpa,KC @ BOS,777977,596115,672582
2025-05-30,7:15 PM,BOS,Trevor Story,7,,,4,33.0,109.0,431.0,SL,Grant Holmes,ATL @ BOS,777719,596115,656550
2025-06-08,7:10 PM,BOS,Trevor Story,8,,,8,21.0,102.0,353.0,SI,Jonathan Loáisiga,NYY @ BOS,777593,596115,642528
2025-06-10,7:10 PM,BOS,Trevor Story,9,,,6,32.0,108.0,398.0,FF,Ryan Pepiot,TB @ BOS,777565,596115,686752
2025-06-18,4:10 PM,BOS,Trevor Story,10,,,4,21.0,107.3,402.0,SI,Luis Castillo,SEA @ BOS,777453,596115,622491
2025-06-23,9:38 PM,BOS,Trevor Story,11,,,6,21.0,106.9,387.0,ST,Ryan Zeferjahn,LAA @ BOS,777381,596115,666171
2025-06-30,7:10 PM,BOS,Trevor Story,12,,,1,24.0,103.1,413.0,SL,Chase Burns,CIN @ BOS,777300,596115,695505
2025-07-04,11:05 AM,BOS,Trevor Story,13,,,8,38.0,103.4,363.0,SL,Ryan Loutos,WSH @ BOS,777245,596115,702795
2025-07-06,1:35 PM,BOS,Trevor Story,14,,,1,30.0,108.0,429.0,SL,Shinnosuke Ogasawara,WSH @ BOS,777213,596115,829272
2025-07-08,7:10 PM,BOS,Trevor Story,15,,,7,24.0,105.8,414.0,ST,Jake Bird,COL @ BOS,777196,596115,656234
2025-07-29,7:40 PM,BOS,Trevor Story,16,,,3,38.0,104.2,404.0,CH,Pierson Ohl,MIN @ BOS,776954,596115,701487
2025-07-30,1:10 PM,BOS,Trevor Story,17,,,2,17.0,110.8,369.0,FF,Zebby Matthews,MIN @ BOS,776935,596115,805673
2025-08-02,4:10 PM,BOS,Trevor Story,18,,,3,34.0,101.9,368.0,ST,Colton Gordon,HOU @ BOS,776909,596115,676467
2025-08-16,4:10 PM,BOS,Trevor Story,19,,,3,37.0,95.5,341.0,CU,Cal Quantrill,MIA @ BOS,776724,596115,615698
2025-08-23,1:05 PM,BOS,Trevor Story,20,,,5,23.0,106.2,373.0,SI,Will Warren,NYY @ BOS,776627,596115,701542
2025-08-26,6:35 PM,BOS,Trevor Story,21,,,2,30.0,100.5,372.0,SL,Kyle Bradish,BAL @ BOS,776591,596115,680694
2025-08-28,1:05 PM,BOS,Trevor Story,22,,,1,21.0,109.8,386.0,CH,Cade Povich,BAL @ BOS,776564,596115,700249
2025-09-01,1:35 PM,BOS,Trevor Story,23,,,6,42.0,94.5,306.0,SL,Jakob Junis,CLE @ BOS,776505,596115,596001
2025-09-08,10:05 PM,BOS,Trevor Story,24,,,1,23.0,109.7,404.0,FF,Luis Morales,ATH @ BOS,776410,596115,806960
2025-09-18,1:35 PM,BOS,Trevor Story,25,,,8,29.0,106.5,431.0,FF,Hogan Harris,ATH @ BOS,776281,596115,663687
2025-10-01,6:08 PM,BOS,Trevor Story,26,,,6,28.0,102.2,381.0,FF,Carlos Rodón,NYY @ BOS,813070,596115,607074
2025-06-14,4:05 PM,BAL,Gary Sánchez,1,,,6,28.0,102.3,394.0,CH,Tyler Anderson,LAA @ BAL,777519,596142,542881
2025-06-15,1:35 PM,BAL,Gary Sánchez,2,,,7,33.0,103.1,387.0,FF,Connor Brogdon,LAA @ BAL,777501,596142,641401
2025-06-24,6:35 PM,BAL,Gary Sánchez,3,,,7,32.0,103.4,425.0,FC,Chris Martin,TEX @ BAL,777380,596142,455119
2025-06-27,7:05 PM,BAL,Gary Sánchez,4,,,5,21.0,111.7,382.0,SL,Eric Orze,TB @ BAL,777343,596142,679358
2025-07-01,8:05 PM,BAL,Gary Sánchez,5,,,4,25.0,105.0,381.0,FF,Jacob deGrom,TEX @ BAL,777282,596142,594798
2025-03-31,3:05 PM,PHI,Max Kepler,1,,,8,33.0,100.2,382.0,FF,Bradley Blalock,COL @ PHI,778502,596146,687134
2025-04-26,4:05 PM,PHI,Max Kepler,2,,,7,23.0,106.7,369.0,FC,Ethan Roberts,CHC @ PHI,778174,596146,681799
2025-04-30,6:45 PM,PHI,Max Kepler,3,,,6,24.0,106.2,359.0,FF,Jake Irvin,WSH @ PHI,778118,596146,663623
2025-05-02,6:45 PM,PHI,Max Kepler,4,,,7,27.0,103.5,422.0,SL,José Castillo,AZ @ PHI,778086,596146,620454
2025-05-03,6:05 PM,PHI,Max Kepler,5,,,2,23.0,106.7,392.0,FF,Brandon Pfaadt,AZ @ PHI,778078,596146,694297
2025-05-24,10:05 PM,PHI,Max Kepler,6,,,9,30.0,101.4,400.0,FF,Mason Miller,ATH @ PHI,777784,596146,695243
2025-06-10,6:45 PM,PHI,Max Kepler,7,,,2,40.0,105.5,373.0,FF,Colin Rea,CHC @ PHI,777571,596146,607067
2025-06-14,4:05 PM,PHI,Max Kepler,8,,,8,30.0,101.1,370.0,FF,Chad Green,TOR @ PHI,777509,596146,643338
2025-06-16,6:40 PM,PHI,Max Kepler,9,,,4,37.0,102.8,389.0,SL,Sandy Alcantara,MIA @ PHI,777483,596146,645261
2025-07-02,6:15 PM,PHI,Max Kepler,10,,,4,40.0,104.9,379.0,SL,Dylan Cease,SD @ PHI,777290,596146,656302
2025-07-22,6:45 PM,PHI,Max Kepler,11,,,2,23.0,107.7,407.0,SL,Richard Fitts,BOS @ PHI,777045,596146,690916
2025-08-05,6:45 PM,PHI,Max Kepler,12,,,2,34.0,100.6,371.0,FF,Dean Kremer,BAL @ PHI,776868,596146,665152
2025-08-20,1:05 PM,PHI,Max Kepler,13,,,4,22.0,108.2,355.0,SI,Luis Castillo,SEA @ PHI,776662,596146,622491
2025-08-28,6:45 PM,PHI,Max Kepler,14,,,1,26.0,101.2,399.0,FC,Cal Quantrill,ATL @ PHI,776560,596146,615698
2025-09-05,7:10 PM,PHI,Max Kepler,15,,,2,33.0,105.3,410.0,CH,Valente Bellozo,MIA @ PHI,776456,596146,678368
2025-09-10,6:45 PM,PHI,Max Kepler,16,,,8,22.0,111.8,408.0,FF,Ryan Helsley,NYM @ PHI,776384,596146,664854
2025-09-16,10:10 PM,PHI,Max Kepler,17,,,6,37.0,105.3,410.0,FC,Edgardo Henriquez,LAD @ PHI,776297,596146,683618
2025-09-28,3:05 PM,PHI,Max Kepler,18,,,8,,,,SI,Génesis Cabrera,MIN @ PHI,776141,596146,650893
2025-04-11,6:40 PM,CIN,Jeimer Candelario,1,,,1,32.0,102.3,384.0,FF,Bailey Falter,PIT @ CIN,778374,600869,663559
2025-04-18,7:05 PM,CIN,Jeimer Candelario,2,,,4,29.0,107.5,415.0,FF,Cade Povich,BAL @ CIN,778276,600869,700249
2025-04-26,1:10 PM,BAL,Ramón Urías,1,,,8,40.0,102.6,369.0,FC,Tyler Holton,DET @ BAL,778168,602104,663947
2025-04-30,6:35 PM,BAL,Ramón Urías,2,,,2,26.0,100.5,383.0,FF,Carlos Carrasco,NYY @ BAL,778115,602104,471911
2025-06-11,6:35 PM,BAL,Ramón Urías,3,,,3,24.0,103.1,380.0,SI,Casey Mize,DET @ BAL,777562,602104,663554
2025-06-15,1:35 PM,BAL,Ramón Urías,4,,,1,29.0,105.2,410.0,SL,Yusei Kikuchi,LAA @ BAL,777501,602104,579328
2025-06-20,7:05 PM,BAL,Ramón Urías,5,,,8,35.0,98.1,337.0,FF,Luke Weaver,NYY @ BAL,777438,602104,596133
2025-06-24,6:35 PM,BAL,Ramón Urías,6,,,7,34.0,98.7,354.0,FC,Chris Martin,TEX @ BAL,777380,602104,455119
2025-07-29,12:35 PM,BAL,Ramón Urías,7,,,6,23.0,104.3,402.0,FF,Lazaro Estrada,TOR @ BAL,778372,602104,681751
2025-07-29,12:35 PM,BAL,Ramón Urías,8,,,7,30.0,102.7,407.0,FF,Chad Green,TOR @ BAL,778372,602104,643338
2025-08-11,8:10 PM,HOU,Ramón Urías,9,,,5,29.0,104.2,401.0,ST,Jordan Hicks,BOS @ HOU,776782,602104,663855
2025-09-01,2:10 PM,HOU,Ramón Urías,10,,,2,23.0,103.0,361.0,SL,Yusei Kikuchi,LAA @ HOU,776499,602104,579328
2025-09-28,3:07 PM,HOU,Ramón Urías,11,,,5,22.0,108.7,382.0,CH,Sam Aldegheri,LAA @ HOU,776135,602104,691951
2025-03-30,1:35 PM,WSH,Josh Bell,1,,,4,26.0,102.4,400.0,FF,Aaron Nola,PHI @ WSH,778526,605137,605400
2025-04-11,7:10 PM,WSH,Josh Bell,2,,,6,35.0,102.1,395.0,CU,Edward Cabrera,MIA @ WSH,778369,605137,665795
2025-04-19,4:10 PM,WSH,Josh Bell,3,,,4,26.0,102.2,370.0,FF,Chase Dollander,COL @ WSH,778247,605137,801403
2025-04-23,6:45 PM,WSH,Josh Bell,4,,,1,27.0,108.9,391.0,CU,Tomoyuki Sugano,BAL @ WSH,778204,605137,608372
2025-05-02,6:10 PM,WSH,Josh Bell,5,,,5,20.0,108.7,387.0,FF,Hunter Greene,CIN @ WSH,778087,605137,668881
2025-05-18,1:35 PM,WSH,Josh Bell,6,,,8,31.0,108.1,433.0,FF,Bryan Baker,BAL @ WSH,777873,605137,641329
2025-05-28,9:40 PM,WSH,Josh Bell,7,,,2,22.0,107.5,378.0,FF,George Kirby,SEA @ WSH,777730,605137,669923
2025-05-29,9:40 PM,WSH,Josh Bell,8,,,10,27.0,109.0,386.0,SV,Collin Snider,SEA @ WSH,777722,605137,676092
2025-05-30,9:40 PM,WSH,Josh Bell,9,,,3,31.0,110.0,430.0,CH,Merrill Kelly,AZ @ WSH,777710,605137,518876
2025-06-23,9:40 PM,WSH,Josh Bell,10,,,9,29.0,102.8,393.0,FF,Yuki Matsui,SD @ WSH,777382,605137,673513
2025-06-27,9:38 PM,WSH,Josh Bell,11,,,2,24.0,107.5,420.0,KC,José Soriano,LAA @ WSH,777331,605137,667755
2025-07-21,6:45 PM,WSH,Josh Bell,12,,,3,31.0,108.2,403.0,ST,Brady Singer,CIN @ WSH,777064,605137,663903
2025-07-22,6:45 PM,WSH,Josh Bell,13,,,4,33.0,102.5,388.0,SL,Chase Burns,CIN @ WSH,777042,605137,695505
2025-08-09,4:05 PM,WSH,Josh Bell,14,,,3,23.0,107.8,422.0,SI,Carson Whisenhunt,SF @ WSH,776802,605137,687931
2025-08-11,7:40 PM,WSH,Josh Bell,15,,,1,22.0,108.0,422.0,SL,Bailey Falter,KC @ WSH,776784,605137,663559
2025-08-20,6:45 PM,WSH,Josh Bell,16,,,5,20.0,112.5,420.0,FC,Kodai Senga,NYM @ WSH,776659,605137,673540
2025-09-07,2:20 PM,WSH,Josh Bell,17,,,9,34.0,108.8,372.0,FF,Daniel Palencia,CHC @ WSH,776420,605137,694037
2025-09-08,6:40 PM,WSH,Josh Bell,18,,,6,23.0,109.7,431.0,CH,Josh Simpson,MIA @ WSH,776409,605137,681006
2025-09-08,6:40 PM,WSH,Josh Bell,19,,,7,27.0,110.0,413.0,FF,George Soriano,MIA @ WSH,776409,605137,666277
2025-09-09,6:40 PM,WSH,Josh Bell,20,,,1,32.0,103.4,409.0,SL,Adam Mazur,MIA @ WSH,776397,605137,800049
2025-09-24,12:15 PM,WSH,Josh Bell,21,,,4,27.0,108.7,429.0,FF,Bryce Elder,ATL @ WSH,776200,605137,693821
2025-09-26,6:45 PM,WSH,Josh Bell,22,,,1,32.0,104.7,391.0,FF,Yoendrys Gómez,CWS @ WSH,776165,605137,672782
2025-03-28,10:10 PM,LAD,Mookie Betts,1,,,8,28.0,95.8,378.0,FF,Will Vest,DET @ LAD,778544,605141,676684
2025-03-28,10:10 PM,LAD,Mookie Betts,2,,,10,30.0,96.7,376.0,CH,Beau Brieske,DET @ LAD,778544,605141,689225
2025-04-01,10:10 PM,LAD,Mookie Betts,3,,,6,27.0,97.7,369.0,SL,Chris Sale,ATL @ LAD,778487,605141,519242
2025-04-14,10:10 PM,LAD,Mookie Betts,4,,,1,25.0,101.2,397.0,SL,Antonio Senzatela,COL @ LAD,778326,605141,622608
2025-05-02,7:15 PM,LAD,Mookie Betts,5,,,6,31.0,100.9,398.0,FF,Grant Holmes,ATL @ LAD,778092,605141,656550
2025-05-11,4:10 PM,LAD,Mookie Betts,6,,,9,28.0,101.8,393.0,SI,José Castillo,AZ @ LAD,777954,605141,620454
2025-05-19,10:10 PM,LAD,Mookie Betts,7,,,4,32.0,103.9,401.0,ST,Brandon Pfaadt,AZ @ LAD,777854,605141,694297
2025-05-19,10:10 PM,LAD,Mookie Betts,8,,,6,25.0,103.2,412.0,CU,Brandon Pfaadt,AZ @ LAD,777854,605141,694297
2025-06-08,2:15 PM,LAD,Mookie Betts,9,,,7,32.0,99.7,359.0,CH,John King,STL @ LAD,777582,605141,667463
2025-07-03,10:10 PM,LAD,Mookie Betts,10,,,7,31.0,103.8,410.0,FS,Tyler Gilbert,CWS @ LAD,777253,605141,656457
2025-07-05,7:15 PM,LAD,Mookie Betts,11,,,1,27.0,102.4,401.0,CU,Framber Valdez,HOU @ LAD,777221,605141,664285
2025-08-08,10:10 PM,LAD,Mookie Betts,12,,,5,25.0,101.7,389.0,SL,Max Scherzer,TOR @ LAD,776823,605141,453286
2025-08-17,4:10 PM,LAD,Mookie Betts,13,,,8,32.0,102.5,394.0,FF,Robert Suarez,SD @ LAD,776697,605141,663158
2025-08-25,10:10 PM,LAD,Mookie Betts,14,,,7,22.0,101.0,353.0,ST,Sam Moll,CIN @ LAD,776594,605141,594580
2025-09-04,6:40 PM,LAD,Mookie Betts,15,,,9,26.0,104.6,385.0,SL,Dauri Moreta,PIT @ LAD,776461,605141,664294
2025-09-07,1:35 PM,LAD,Mookie Betts,16,,,3,27.0,106.9,401.0,SI,Tomoyuki Sugano,BAL @ LAD,776427,605141,608372
2025-09-09,10:10 PM,LAD,Mookie Betts,17,,,3,34.0,101.8,388.0,SI,Germán Márquez,COL @ LAD,776389,605141,608566
2025-09-10,10:10 PM,LAD,Mookie Betts,18,,,8,25.0,103.0,393.0,FF,Anthony Molina,COL @ LAD,776380,605141,683627
2025-09-15,10:10 PM,LAD,Mookie Betts,19,,,7,26.0,98.6,390.0,FF,Orion Kerkering,PHI @ LAD,776311,605141,689147
2025-09-19,10:10 PM,LAD,Mookie Betts,20,,,5,31.0,99.9,405.0,FF,Robbie Ray,SF @ LAD,776256,605141,592662
2025-04-30,2:10 PM,HOU,Victor Caratini,1,,,7,23.0,102.9,350.0,ST,Tyler Holton,DET @ HOU,778110,605170,663947
2025-05-10,7:10 PM,HOU,Victor Caratini,2,,,3,22.0,103.1,359.0,FC,Brady Singer,CIN @ HOU,777979,605170,663903
2025-05-19,7:05 PM,HOU,Victor Caratini,3,,,2,29.0,97.4,385.0,CH,Ryan Pepiot,TB @ HOU,777858,605170,686752
2025-06-18,10:05 PM,HOU,Victor Caratini,4,,,6,36.0,107.3,408.0,CH,Sean Newcomb,ATH @ HOU,777456,605170,656794
2025-06-19,10:05 PM,HOU,Victor Caratini,5,,,8,29.0,98.4,380.0,FF,Mason Miller,ATH @ HOU,777441,605170,695243
2025-06-25,8:10 PM,HOU,Victor Caratini,6,,,8,31.0,107.7,423.0,FF,Matt Strahm,PHI @ HOU,777366,605170,621381
2025-07-01,8:40 PM,HOU,Victor Caratini,7,,,3,31.0,102.6,413.0,CU,Chase Dollander,COL @ HOU,777285,605170,801403
2025-07-04,9:10 PM,HOU,Victor Caratini,8,,,6,31.0,101.3,392.0,ST,Noah Davis,LAD @ HOU,777235,605170,663562
2025-07-07,8:10 PM,HOU,Victor Caratini,9,,,6,31.0,103.0,395.0,FF,Matt Festa,CLE @ HOU,777202,605170,670036
2025-07-11,8:10 PM,HOU,Victor Caratini,10,,,4,23.0,100.9,339.0,FF,Jack Leiter,TEX @ HOU,777154,605170,683004
2025-08-23,7:05 PM,HOU,Victor Caratini,11,,,1,27.0,101.9,388.0,FS,Dean Kremer,BAL @ HOU,776629,605170,665152
2025-09-28,3:07 PM,HOU,Victor Caratini,12,,,6,25.0,106.3,417.0,FF,Connor Brogdon,LAA @ HOU,776135,605170,641401
2025-08-22,7:05 PM,BAL,Vimael Machín,1,,,8,20.0,107.6,397.0,FF,Kaleb Ort,HOU @ BAL,776643,605353,672391
2025-05-21,8:40 PM,COL,Nick Martini,1,,,4,23.0,98.0,388.0,FC,Taijuan Walker,PHI @ COL,777823,605361,592836
2025-06-01,1:40 PM,COL,Orlando Arcia,1,,,3,24.0,105.1,393.0,SI,Clay Holmes,NYM @ COL,777686,606115,605280
2025-06-29,2:10 PM,COL,Orlando Arcia,2,,,9,22.0,100.6,386.0,KC,Trevor Megill,MIL @ COL,777301,606115,656730
2025-08-02,3:10 PM,COL,Orlando Arcia,3,,,8,32.0,98.5,411.0,SI,Génesis Cabrera,PIT @ COL,776904,606115,650893
2025-03-31,10:10 PM,LAD,Teoscar Hernández,1,,,1,28.0,108.9,436.0,FF,Grant Holmes,ATL @ LAD,778500,606192,656550
2025-04-06,1:35 PM,LAD,Teoscar Hernández,2,,,1,34.0,100.4,352.0,SI,Cristopher Sánchez,PHI @ LAD,778434,606192,650911
2025-04-06,1:35 PM,LAD,Teoscar Hernández,3,,,4,35.0,96.4,357.0,SI,Cristopher Sánchez,PHI @ LAD,778434,606192,650911
2025-04-09,4:05 PM,LAD,Teoscar Hernández,4,,,1,21.0,105.5,397.0,CU,Jake Irvin,WSH @ LAD,778392,606192,663623
2025-04-23,7:00 PM,LAD,Teoscar Hernández,5,,,5,31.0,98.0,379.0,SL,Matthew Boyd,CHC @ LAD,778205,606192,571510
2025-04-26,9:10 PM,LAD,Teoscar Hernández,6,,,8,25.0,107.7,402.0,FC,Colin Holderman,PIT @ LAD,778163,606192,670059
2025-04-27,4:10 PM,LAD,Teoscar Hernández,7,,,5,32.0,106.2,402.0,SL,Bailey Falter,PIT @ LAD,778145,606192,663559
2025-04-28,10:10 PM,LAD,Teoscar Hernández,8,,,5,38.0,99.9,370.0,CU,Edward Cabrera,MIA @ LAD,778132,606192,665795
2025-05-21,10:10 PM,LAD,Teoscar Hernández,9,,,6,34.0,108.2,413.0,SL,Corbin Burnes,AZ @ LAD,777824,606192,669203
2025-06-11,4:10 PM,LAD,Teoscar Hernández,10,,,6,31.0,108.6,420.0,FF,Jeremiah Estrada,SD @ LAD,777543,606192,669093
2025-06-13,10:10 PM,LAD,Teoscar Hernández,11,,,7,33.0,106.2,378.0,SI,Logan Webb,SF @ LAD,777522,606192,657277
2025-06-14,10:10 PM,LAD,Teoscar Hernández,12,,,6,28.0,111.8,422.0,CU,Tristan Beck,SF @ LAD,777506,606192,663941
2025-06-21,10:10 PM,LAD,Teoscar Hernández,13,,,9,29.0,99.5,350.0,FF,Zach Brzykcy,WSH @ LAD,777416,606192,694350
2025-07-25,7:10 PM,LAD,Teoscar Hernández,14,,,8,29.0,107.2,415.0,SI,Jorge Alcala,BOS @ LAD,777012,606192,660896
2025-07-26,7:15 PM,LAD,Teoscar Hernández,15,,,1,35.0,101.0,390.0,ST,Garrett Crochet,BOS @ LAD,776998,606192,676979
2025-08-05,10:10 PM,LAD,Teoscar Hernández,16,,,3,31.0,98.8,378.0,CU,Miles Mikolas,STL @ LAD,776858,606192,571945
2025-08-05,10:10 PM,LAD,Teoscar Hernández,17,,,7,34.0,110.5,429.0,SL,Andre Granillo,STL @ LAD,776858,606192,701552
2025-08-15,10:10 PM,LAD,Teoscar Hernández,18,,,7,22.0,106.8,400.0,FF,Jeremiah Estrada,SD @ LAD,776727,606192,669093
2025-08-16,9:10 PM,LAD,Teoscar Hernández,19,,,5,24.0,105.4,411.0,CU,David Morgan,SD @ LAD,776717,606192,688158
2025-08-20,8:40 PM,LAD,Teoscar Hernández,20,,,6,32.0,100.6,400.0,FF,Tanner Gordon,COL @ LAD,776660,606192,685299
2025-09-09,10:10 PM,LAD,Teoscar Hernández,21,,,4,29.0,106.1,423.0,SI,Germán Márquez,COL @ LAD,776389,606192,608566
2025-09-09,10:10 PM,LAD,Teoscar Hernández,22,,,8,33.0,98.8,376.0,SL,Roansy Contreras,COL @ LAD,776389,606192,672710
2025-09-10,10:10 PM,LAD,Teoscar Hernández,23,,,8,27.0,109.7,445.0,FF,Angel Chivilli,COL @ LAD,776380,606192,683409
2025-09-23,9:40 PM,LAD,Teoscar Hernández,24,,,2,37.0,101.1,380.0,ST,Brandon Pfaadt,AZ @ LAD,776213,606192,694297
2025-09-30,9:08 PM,LAD,Teoscar Hernández,25,,,3,21.0,108.7,390.0,SL,Hunter Greene,CIN @ LAD,813069,606192,668881
2025-09-30,9:08 PM,LAD,Teoscar Hernández,26,,,5,26.0,104.3,390.0,FF,Connor Phillips,CIN @ LAD,813069,606192,683175
2025-10-04,6:38 PM,LAD,Teoscar Hernández,27,,,7,36.0,102.9,394.0,FF,Matt Strahm,PHI @ LAD,813051,606192,621381
2025-10-14,8:08 PM,LAD,Teoscar Hernández,28,,,2,39.0,105.9,377.0,CU,Freddy Peralta,MIL @ LAD,813034,606192,642547
2025-10-27,8:00 PM,LAD,Teoscar Hernández,29,,,2,31.0,109.0,412.0,SL,Max Scherzer,TOR @ LAD,813032,606192,453286
2025-05-08,9:40 PM,AZ,Ketel Marte,1,,,5,19.0,108.6,384.0,FC,Yoshinobu Yamamoto,LAD @ AZ,777999,606466,808967
2025-05-09,9:40 PM,AZ,Ketel Marte,2,,,1,33.0,113.1,427.0,FF,Roki Sasaki,LAD @ AZ,777988,606466,808963
2025-05-09,9:40 PM,AZ,Ketel Marte,3,,,8,22.0,113.0,443.0,SL,Alex Vesia,LAD @ AZ,777988,606466,681911
2025-05-14,3:45 PM,AZ,Ketel Marte,4,,,1,27.0,100.7,364.0,ST,Jordan Hicks,SF @ AZ,777916,606466,663855
2025-05-14,3:45 PM,AZ,Ketel Marte,5,,,4,28.0,109.3,417.0,FF,Hayden Birdsong,SF @ AZ,777916,606466,806185
2025-05-18,4:10 PM,AZ,Ketel Marte,6,,,1,26.0,99.6,393.0,FF,Chase Dollander,COL @ AZ,777870,606466,801403
2025-05-21,10:10 PM,AZ,Ketel Marte,7,,,4,34.0,108.1,425.0,SI,Dustin May,LAD @ AZ,777824,606466,669160
2025-05-23,8:15 PM,AZ,Ketel Marte,8,,,4,30.0,107.2,408.0,FF,Miles Mikolas,STL @ AZ,777797,606466,571945
2025-06-03,7:15 PM,AZ,Ketel Marte,9,,,1,30.0,109.3,445.0,CH,Spencer Strider,ATL @ AZ,777672,606466,675911
2025-06-03,7:15 PM,AZ,Ketel Marte,10,,,3,19.0,113.2,371.0,FF,Spencer Strider,ATL @ AZ,777672,606466,675911
2025-06-05,12:15 PM,AZ,Ketel Marte,11,,,8,21.0,110.7,419.0,FF,Scott Blewett,ATL @ AZ,777640,606466,656240
2025-06-06,,AZ,Ketel Marte,12,,,3,35.0,106.3,403.0,CU,Nick Lodolo,CIN @ AZ,777623,606466,666157
2025-06-20,8:40 PM,AZ,Ketel Marte,13,,,4,27.0,107.2,449.0,FS,Austin Gomber,COL @ AZ,777430,606466,596295
2025-06-23,7:40 PM,AZ,Ketel Marte,14,,,4,27.0,100.0,377.0,CH,Dan Altavilla,CWS @ AZ,777393,606466,656186
2025-06-24,7:40 PM,AZ,Ketel Marte,15,,,1,23.0,106.7,401.0,FF,Jordan Leasure,CWS @ AZ,777383,606466,673929
2025-06-28,4:10 PM,AZ,Ketel Marte,16,,,4,37.0,96.8,348.0,CH,Sandy Alcantara,MIA @ AZ,777318,606466,645261
2025-06-29,4:10 PM,AZ,Ketel Marte,17,,,3,29.0,103.5,410.0,FS,Cal Quantrill,MIA @ AZ,777303,606466,615698
2025-07-02,9:40 PM,AZ,Ketel Marte,18,,,9,23.0,106.7,410.0,SL,Camilo Doval,SF @ AZ,777270,606466,666808
2025-07-03,9:40 PM,AZ,Ketel Marte,19,,,9,22.0,114.6,403.0,SL,Robbie Ray,SF @ AZ,777256,606466,592662
2025-07-23,3:40 PM,AZ,Ketel Marte,20,,,1,25.0,106.5,420.0,FF,Brandon Walter,HOU @ AZ,777032,606466,687888
2025-08-02,10:05 PM,AZ,Ketel Marte,21,,,1,26.0,98.9,382.0,FC,J.T. Ginn,ATH @ AZ,776899,606466,669372
2025-08-12,8:05 PM,AZ,Ketel Marte,22,,,9,25.0,111.7,445.0,ST,Danny Coulombe,TEX @ AZ,776764,606466,543056
2025-08-13,2:35 PM,AZ,Ketel Marte,23,,,9,31.0,105.7,413.0,CU,Phil Maton,TEX @ AZ,776746,606466,664208
2025-09-01,8:10 PM,AZ,Ketel Marte,24,,,1,34.0,111.7,441.0,CH,Patrick Corbin,TEX @ AZ,776495,606466,571578
2025-09-02,9:40 PM,AZ,Ketel Marte,25,,,7,18.0,115.4,414.0,CH,Hoby Milner,TEX @ AZ,776481,606466,571948
2025-09-19,9:40 PM,AZ,Ketel Marte,26,,,1,27.0,103.9,386.0,FC,Taijuan Walker,PHI @ AZ,776255,606466,592836
2025-09-26,9:40 PM,AZ,Ketel Marte,27,,,1,28.0,106.6,410.0,FF,Yu Darvish,SD @ AZ,776170,606466,506433
2025-09-28,3:10 PM,AZ,Ketel Marte,28,,,1,34.0,106.9,392.0,CH,JP Sears,SD @ AZ,776136,606466,676664
2025-04-01,7:40 PM,MIL,Eric Haase,1,,,3,32.0,107.4,419.0,CH,Michael Lorenzen,KC @ MIL,778488,606992,547179
2025-05-07,1:10 PM,MIL,Eric Haase,2,,,5,32.0,107.5,425.0,FF,Framber Valdez,HOU @ MIL,778015,606992,664285
2025-03-31,6:40 PM,NYM,Brandon Nimmo,1,,,6,20.0,106.0,412.0,SL,George Soriano,MIA @ NYM,778509,607043,666277
2025-04-01,6:40 PM,NYM,Brandon Nimmo,2,,,2,22.0,108.3,388.0,CH,Sandy Alcantara,MIA @ NYM,778497,607043,645261
2025-04-11,10:05 PM,NYM,Brandon Nimmo,3,,,2,23.0,107.5,400.0,FF,JP Sears,ATH @ NYM,778358,607043,676664
2025-04-12,4:05 PM,NYM,Brandon Nimmo,4,,,6,38.0,107.7,379.0,SL,J.T. Ginn,ATH @ NYM,778346,607043,669372
2025-04-28,4:05 PM,NYM,Brandon Nimmo,5,,,6,28.0,102.2,410.0,FF,Colin Poche,WSH @ NYM,778138,607043,621363
2025-04-28,4:05 PM,NYM,Brandon Nimmo,6,,,7,32.0,105.9,406.0,FF,Cole Henry,WSH @ NYM,778138,607043,669371
2025-05-02,8:15 PM,NYM,Brandon Nimmo,7,,,7,34.0,105.0,407.0,SI,John King,STL @ NYM,778084,607043,667463
2025-05-11,12:05 PM,NYM,Brandon Nimmo,8,,,8,26.0,101.4,381.0,ST,Gavin Hollowell,CHC @ NYM,777968,607043,668970
2025-05-31,4:10 PM,NYM,Brandon Nimmo,9,,,4,23.0,109.6,417.0,SI,Antonio Senzatela,COL @ NYM,777700,607043,622608
2025-06-05,4:10 PM,NYM,Brandon Nimmo,10,,,3,33.0,101.0,386.0,CH,Landon Knack,LAD @ NYM,777631,607043,689017
2025-06-11,7:10 PM,NYM,Brandon Nimmo,11,,,5,33.0,100.7,387.0,CH,Jake Irvin,WSH @ NYM,777555,607043,663623
2025-06-11,7:10 PM,NYM,Brandon Nimmo,12,,,7,37.0,98.9,369.0,FC,Jackson Rutledge,WSH @ NYM,777555,607043,671131
2025-06-12,1:10 PM,NYM,Brandon Nimmo,13,,,5,40.0,101.0,360.0,FF,Michael Soroka,WSH @ NYM,777544,607043,647336
2025-06-21,7:15 PM,NYM,Brandon Nimmo,14,,,1,26.0,102.6,415.0,FF,Mick Abel,PHI @ NYM,777423,607043,690953
2025-06-21,7:15 PM,NYM,Brandon Nimmo,15,,,3,35.0,96.1,369.0,CU,Mick Abel,PHI @ NYM,777423,607043,690953
2025-07-02,7:10 PM,NYM,Brandon Nimmo,16,,,2,42.0,103.1,361.0,SL,Jacob Misiorowski,MIL @ NYM,777276,607043,694819
2025-07-03,7:10 PM,NYM,Brandon Nimmo,17,,,2,22.0,109.1,363.0,SI,Jose Quintana,MIL @ NYM,777257,607043,500779
2025-07-05,4:10 PM,NYM,Brandon Nimmo,18,,,1,26.0,99.6,387.0,SL,Carlos Rodón,NYY @ NYM,777241,607043,607074
2025-07-23,1:10 PM,NYM,Brandon Nimmo,19,,,1,31.0,104.7,395.0,SL,Brock Burke,LAA @ NYM,777034,607043,656271
2025-08-12,7:10 PM,NYM,Brandon Nimmo,20,,,4,35.0,102.3,387.0,SL,Spencer Strider,ATL @ NYM,776772,607043,675911
2025-08-29,7:10 PM,NYM,Brandon Nimmo,21,,,1,27.0,103.3,380.0,FF,Eury Pérez,MIA @ NYM,776548,607043,691587
2025-08-29,7:10 PM,NYM,Brandon Nimmo,22,,,6,24.0,107.2,357.0,FF,Valente Bellozo,MIA @ NYM,776548,607043,678368
2025-09-14,1:40 PM,NYM,Brandon Nimmo,23,,,6,25.0,105.1,397.0,SI,Cole Winn,TEX @ NYM,776335,607043,668390
2025-09-18,1:10 PM,NYM,Brandon Nimmo,24,,,3,32.0,104.3,389.0,CH,Wandy Peralta,SD @ NYM,776276,607043,593974
2025-09-23,7:40 PM,NYM,Brandon Nimmo,25,,,5,29.0,97.5,388.0,ST,Taylor Rogers,CHC @ NYM,776209,607043,573124
2025-04-09,7:15 PM,PHI,Trea Turner,1,,,9,26.0,101.4,402.0,SL,Raisel Iglesias,ATL @ PHI,778393,607208,628452
2025-05-07,7:05 PM,PHI,Trea Turner,2,,,3,22.0,107.9,403.0,SL,Shane Baz,TB @ PHI,778021,607208,669358
2025-05-21,8:40 PM,PHI,Trea Turner,3,,,3,33.0,103.8,424.0,FF,Carson Palmquist,COL @ PHI,777823,607208,687223
2025-05-23,10:05 PM,PHI,Trea Turner,4,,,1,32.0,104.4,426.0,FF,Jacob Lopez,ATH @ PHI,777804,607208,682052
2025-05-25,4:05 PM,PHI,Trea Turner,5,,,8,27.0,91.8,343.0,CU,Hogan Harris,ATH @ PHI,777765,607208,663687
2025-06-03,7:07 PM,PHI,Trea Turner,6,,,1,31.0,100.3,377.0,FF,Bowden Francis,TOR @ PHI,777665,607208,670102
2025-06-03,7:07 PM,PHI,Trea Turner,7,,,8,25.0,100.1,373.0,FS,Erik Swanson,TOR @ PHI,777665,607208,657024
2025-06-16,6:40 PM,PHI,Trea Turner,8,,,1,20.0,109.3,406.0,SI,Sandy Alcantara,MIA @ PHI,777483,607208,645261
2025-06-17,6:10 PM,PHI,Trea Turner,9,,,4,28.0,106.4,413.0,SL,Cal Quantrill,MIA @ PHI,777481,607208,615698
2025-06-27,7:15 PM,PHI,Trea Turner,10,,,2,34.0,100.9,397.0,CH,Bryce Elder,ATL @ PHI,777342,607208,693821
2025-06-27,7:15 PM,PHI,Trea Turner,11,,,9,32.0,95.8,393.0,EP,Luke Williams,ATL @ PHI,777342,607208,663897
2025-08-08,8:05 PM,PHI,Trea Turner,12,,,9,26.0,104.0,417.0,SL,Luis Curvelo,TEX @ PHI,776821,607208,681168
2025-08-18,6:45 PM,PHI,Trea Turner,13,,,2,32.0,99.1,365.0,SL,Logan Gilbert,SEA @ PHI,776689,607208,669302
2025-08-23,6:05 PM,PHI,Trea Turner,14,,,5,33.0,97.1,369.0,SL,Mitchell Parker,WSH @ PHI,776628,607208,680730
2025-09-07,1:40 PM,PHI,Trea Turner,15,,,6,35.0,101.5,384.0,ST,Calvin Faucher,MIA @ PHI,776426,607208,676534
2025-03-31,9:40 PM,CLE,José Ramírez,1,,,1,31.0,97.6,365.0,SI,Kyle Hart,SD @ CLE,778499,608070,606996
2025-04-04,9:38 PM,CLE,José Ramírez,2,,,1,19.0,105.6,396.0,SI,José Soriano,LAA @ CLE,778447,608070,667755
2025-04-04,9:38 PM,CLE,José Ramírez,3,,,5,27.0,100.9,394.0,SL,José Soriano,LAA @ CLE,778447,608070,667755
2025-04-04,9:38 PM,CLE,José Ramírez,4,,,9,29.0,104.5,408.0,FF,Caden Dana,LAA @ CLE,778447,608070,702674
2025-04-21,6:10 PM,CLE,José Ramírez,5,,,3,30.0,101.5,390.0,SL,Clarke Schmidt,NYY @ CLE,778227,608070,657376
2025-05-09,7:10 PM,CLE,José Ramírez,6,,,7,25.0,101.6,359.0,CU,Joe Ross,PHI @ CLE,777997,608070,605452
2025-05-13,6:10 PM,CLE,José Ramírez,7,,,1,27.0,95.1,348.0,SI,Quinn Priester,MIL @ CLE,777944,608070,682990
2025-05-14,1:10 PM,CLE,José Ramírez,8,,,8,26.0,105.0,420.0,SI,Jared Koenig,MIL @ CLE,777925,608070,657649
2025-05-16,5:10 PM,CLE,José Ramírez,9,,,8,39.0,105.9,401.0,FF,Tony Santillan,CIN @ CLE,777902,608070,663574
2025-05-31,4:10 PM,CLE,José Ramírez,10,,,5,34.0,92.1,357.0,SI,Kyle Hendricks,LAA @ CLE,777703,608070,543294
2025-06-01,1:40 PM,CLE,José Ramírez,11,,,4,22.0,102.6,397.0,SI,Jack Kochanowicz,LAA @ CLE,777683,608070,686799
2025-06-07,4:10 PM,CLE,José Ramírez,12,,,7,24.0,97.8,342.0,CH,Shawn Dubin,HOU @ CLE,777608,608070,681869
2025-06-14,9:40 PM,CLE,José Ramírez,13,,,5,26.0,105.0,379.0,SI,George Kirby,SEA @ CLE,777507,608070,669923
2025-07-04,7:10 PM,CLE,José Ramírez,14,,,1,37.0,101.5,372.0,FF,Reese Olson,DET @ CLE,777249,608070,681857
2025-07-07,8:10 PM,CLE,José Ramírez,15,,,5,25.0,104.7,380.0,ST,Colton Gordon,HOU @ CLE,777202,608070,676467
2025-07-08,8:10 PM,CLE,José Ramírez,16,,,1,34.0,101.2,378.0,CH,Hunter Brown,HOU @ CLE,777192,608070,686613
2025-07-09,8:10 PM,CLE,José Ramírez,17,,,1,30.0,96.0,362.0,CH,Brandon Walter,HOU @ CLE,777174,608070,687888
2025-07-11,8:10 PM,CLE,José Ramírez,18,,,3,27.0,106.7,384.0,FC,Jonathan Cannon,CWS @ CLE,777146,608070,686563
2025-07-19,7:10 PM,CLE,José Ramírez,19,,,3,28.0,101.1,384.0,FF,Luis Severino,ATH @ CLE,777104,608070,622663
2025-07-21,6:40 PM,CLE,José Ramírez,20,,,1,23.0,106.6,381.0,FF,Tomoyuki Sugano,BAL @ CLE,777068,608070,608372
2025-07-22,6:40 PM,CLE,José Ramírez,21,,,1,25.0,105.1,384.0,FF,Brandon Young,BAL @ CLE,777056,608070,687064
2025-08-02,4:10 PM,CLE,José Ramírez,22,,,5,27.0,104.5,379.0,SL,Bailey Ober,MIN @ CLE,776905,608070,641927
2025-08-03,1:40 PM,CLE,José Ramírez,23,,,1,34.0,105.2,406.0,FF,José Ureña,MIN @ CLE,776892,608070,570632
2025-08-12,6:40 PM,CLE,José Ramírez,24,,,1,26.0,98.5,381.0,CH,Janson Junk,MIA @ CLE,776778,608070,676083
2025-08-12,6:40 PM,CLE,José Ramírez,25,,,8,24.0,97.9,346.0,FC,Calvin Faucher,MIA @ CLE,776778,608070,676534
2025-08-19,9:40 PM,CLE,José Ramírez,26,,,5,21.0,104.3,409.0,CH,Eduardo Rodriguez,AZ @ CLE,776672,608070,593958
2025-09-04,7:35 PM,CLE,José Ramírez,27,,,9,22.0,105.4,367.0,FF,Pete Fairbanks,TB @ CLE,776458,608070,664126
2025-09-09,6:40 PM,CLE,José Ramírez,28,,,1,27.0,105.4,380.0,FF,Noah Cameron,KC @ CLE,776403,608070,702070
2025-09-18,1:10 PM,CLE,José Ramírez,29,,,7,35.0,99.9,368.0,FC,Troy Melton,DET @ CLE,776275,608070,675512
2025-09-20,2:10 PM,CLE,José Ramírez,30,,,1,20.0,107.0,388.0,FS,Joe Ryan,MIN @ CLE,777839,608070,657746
2025-04-03,1:05 PM,BOS,Alex Bregman,1,,,1,32.0,103.8,397.0,SI,Charlie Morton,BAL @ BOS,778470,608324,450203
2025-04-06,7:10 PM,BOS,Alex Bregman,2,,,3,27.0,103.9,411.0,FF,Gordon Graceffo,STL @ BOS,778432,608324,700669
2025-04-15,7:05 PM,BOS,Alex Bregman,3,,,3,33.0,99.1,366.0,FC,Ryan Pepiot,TB @ BOS,778319,608324,686752
2025-04-15,7:05 PM,BOS,Alex Bregman,4,,,7,30.0,99.7,403.0,SI,Hunter Bigge,TB @ BOS,778319,608324,685801
2025-04-24,1:35 PM,BOS,Alex Bregman,5,,,1,32.0,103.7,398.0,FF,Bryan Woo,SEA @ BOS,778196,608324,693433
2025-04-29,7:07 PM,BOS,Alex Bregman,6,,,1,32.0,103.7,410.0,FS,Bowden Francis,TOR @ BOS,778127,608324,670102
2025-04-30,7:07 PM,BOS,Alex Bregman,7,,,1,25.0,106.9,397.0,SL,Yariel Rodríguez,TOR @ BOS,778114,608324,684320
2025-05-02,7:10 PM,BOS,Alex Bregman,8,,,1,27.0,105.0,410.0,FF,Joe Ryan,MIN @ BOS,778089,608324,657746
2025-05-07,6:45 PM,BOS,Alex Bregman,9,,,4,29.0,102.3,383.0,FS,Tyler Mahle,TEX @ BOS,778018,608324,641816
2025-05-13,6:40 PM,BOS,Alex Bregman,10,,,4,37.0,103.3,375.0,SL,Keider Montero,DET @ BOS,777940,608324,672456
2025-05-14,6:40 PM,BOS,Alex Bregman,11,,,4,29.0,105.3,405.0,SI,Tarik Skubal,DET @ BOS,777927,608324,669373
2025-07-20,2:20 PM,BOS,Alex Bregman,12,,,8,33.0,103.1,402.0,KC,Drew Pomeranz,CHC @ BOS,777075,608324,519141
2025-07-27,1:35 PM,BOS,Alex Bregman,13,,,5,30.0,99.6,400.0,ST,Dustin May,LAD @ BOS,776983,608324,669160
2025-07-28,7:40 PM,BOS,Alex Bregman,14,,,5,26.0,103.0,418.0,FF,Simeon Woods Richardson,MIN @ BOS,776961,608324,680573
2025-08-11,8:10 PM,BOS,Alex Bregman,15,,,1,35.0,95.5,350.0,ST,Cristian Javier,HOU @ BOS,776782,608324,664299
2025-08-12,8:10 PM,BOS,Alex Bregman,16,,,6,32.0,96.5,338.0,FF,Shawn Dubin,HOU @ BOS,776769,608324,681869
2025-09-13,4:10 PM,BOS,Alex Bregman,17,,,5,31.0,91.2,316.0,FF,Max Fried,NYY @ BOS,776344,608324,608331
2025-09-19,7:35 PM,BOS,Alex Bregman,18,,,3,23.0,100.3,362.0,FC,Drew Rasmussen,TB @ BOS,776261,608324,656876
2025-03-31,10:05 PM,CHC,Carson Kelly,1,,,4,24.0,102.4,356.0,FF,Joey Estes,ATH @ CHC,778501,608348,683155
2025-04-05,2:20 PM,CHC,Carson Kelly,2,,,6,37.0,101.1,365.0,FF,Alek Jacob,SD @ CHC,778450,608348,689690
2025-04-12,9:10 PM,CHC,Carson Kelly,3,,,7,33.0,101.4,384.0,FF,Ben Casparius,LAD @ CHC,778345,608348,676508
2025-04-12,9:10 PM,CHC,Carson Kelly,4,,,9,26.0,100.8,391.0,EP,Miguel Rojas,LAD @ CHC,778345,608348,500743
2025-04-18,2:20 PM,CHC,Carson Kelly,5,,,2,27.0,100.8,409.0,FC,Corbin Burnes,AZ @ CHC,778268,608348,669203
2025-04-18,2:20 PM,CHC,Carson Kelly,6,,,8,41.0,102.5,401.0,SI,Bryce Jarvis,AZ @ CHC,778268,608348,686826
2025-04-29,6:40 PM,CHC,Carson Kelly,7,,,4,32.0,101.5,418.0,SL,Andrew Heaney,PIT @ CHC,778135,608348,571760
2025-05-05,7:40 PM,CHC,Carson Kelly,8,,,6,27.0,103.9,388.0,SV,Hayden Birdsong,SF @ CHC,778044,608348,806185
2025-05-24,4:10 PM,CHC,Carson Kelly,9,,,9,29.0,102.1,374.0,FF,Emilio Pagán,CIN @ CHC,777791,608348,641941
2025-07-04,2:20 PM,CHC,Carson Kelly,10,,,2,25.0,103.1,397.0,SL,Miles Mikolas,STL @ CHC,777246,608348,571945
2025-07-05,2:20 PM,CHC,Carson Kelly,11,,,7,28.0,105.5,395.0,CU,Steven Matz,STL @ CHC,777229,608348,571927
2025-07-12,1:05 PM,CHC,Carson Kelly,12,,,8,26.0,106.4,379.0,CU,Jonathan Loáisiga,NYY @ CHC,777142,608348,642528
2025-07-21,8:05 PM,CHC,Carson Kelly,13,,,2,35.0,100.6,366.0,CH,Noah Cameron,KC @ CHC,777065,608348,702070
2025-09-01,4:05 PM,CHC,Carson Kelly,14,,,8,,,,CU,Pierce Johnson,ATL @ CHC,776506,608348,572955
2025-09-07,2:20 PM,CHC,Carson Kelly,15,,,2,21.0,106.4,384.0,FF,Andrew Alvarez,WSH @ CHC,776420,608348,674841
2025-09-07,2:20 PM,CHC,Carson Kelly,16,,,8,30.0,104.9,399.0,SI,Mason Thompson,WSH @ CHC,776420,608348,666168
2025-09-10,7:15 PM,CHC,Carson Kelly,17,,,4,32.0,95.4,369.0,SL,Chris Sale,ATL @ CHC,776381,608348,519242
2025-09-30,3:08 PM,CHC,Carson Kelly,18,,,5,38.0,102.1,377.0,FF,Nick Pivetta,SD @ CHC,813066,608348,601713
2025-04-06,2:35 PM,TEX,Corey Seager,1,,,6,23.0,110.0,377.0,SL,Garrett Cleavinger,TB @ TEX,778420,608369,664076
2025-04-09,2:20 PM,TEX,Corey Seager,2,,,1,34.0,100.1,366.0,FF,Shota Imanaga,CHC @ TEX,778385,608369,684007
2025-04-09,2:20 PM,TEX,Corey Seager,3,,,7,23.0,105.7,371.0,SL,Nate Pearson,CHC @ TEX,778385,608369,663878
2025-04-17,8:05 PM,TEX,Corey Seager,4,,,7,29.0,108.8,427.0,SL,Ryan Zeferjahn,LAA @ TEX,778281,608369,666171
2025-05-10,6:10 PM,TEX,Corey Seager,5,,,1,25.0,105.9,403.0,FF,Jack Flaherty,DET @ TEX,777987,608369,656427
2025-05-10,6:10 PM,TEX,Corey Seager,6,,,7,24.0,104.8,393.0,FF,Tyler Holton,DET @ TEX,777987,608369,663947
2025-06-20,6:40 PM,TEX,Corey Seager,7,,,5,29.0,100.6,377.0,CH,Mike Burrows,PIT @ TEX,777432,608369,681347
2025-06-27,8:05 PM,TEX,Corey Seager,8,,,1,22.0,108.6,395.0,SL,Logan Gilbert,SEA @ TEX,777340,608369,669302
2025-06-28,4:05 PM,TEX,Corey Seager,9,,,3,32.0,111.9,420.0,SL,Bryan Woo,SEA @ TEX,777322,608369,693433
2025-06-29,2:35 PM,TEX,Corey Seager,10,,,10,33.0,106.2,395.0,FC,Carlos Vargas,SEA @ TEX,777302,608369,672841
2025-07-02,8:05 PM,TEX,Corey Seager,11,,,5,24.0,108.0,420.0,FS,Tomoyuki Sugano,BAL @ TEX,777268,608369,608372
2025-07-07,9:38 PM,TEX,Corey Seager,12,,,1,29.0,110.1,430.0,SL,Yusei Kikuchi,LAA @ TEX,777200,608369,579328
2025-07-08,9:38 PM,TEX,Corey Seager,13,,,6,24.0,107.2,427.0,SL,Sam Aldegheri,LAA @ TEX,777180,608369,691951
2025-07-22,8:05 PM,TEX,Corey Seager,14,,,7,31.0,102.1,399.0,ST,Hogan Harris,ATH @ TEX,777043,608369,663687
2025-07-23,8:05 PM,TEX,Corey Seager,15,,,3,30.0,108.0,434.0,FF,JP Sears,ATH @ TEX,777033,608369,676664
2025-08-03,4:10 PM,TEX,Corey Seager,16,,,3,31.0,104.6,396.0,CU,Logan Evans,SEA @ TEX,776883,608369,688138
2025-08-09,7:15 PM,TEX,Corey Seager,17,,,8,25.0,107.3,406.0,FF,Matt Strahm,PHI @ TEX,776810,608369,621381
2025-08-17,1:37 PM,TEX,Corey Seager,18,,,5,45.0,94.9,336.0,CH,José Berríos,TOR @ TEX,776710,608369,621244
2025-08-19,7:40 PM,TEX,Corey Seager,19,,,1,27.0,104.6,426.0,CH,Seth Lugo,KC @ TEX,776675,608369,607625
2025-08-26,8:05 PM,TEX,Corey Seager,20,,,7,35.0,99.9,376.0,SL,Sam Bachman,LAA @ TEX,776575,608369,696147
2025-08-27,8:05 PM,TEX,Corey Seager,21,,,4,25.0,112.1,424.0,FF,Jack Kochanowicz,LAA @ TEX,776563,608369,686799
2025-04-21,7:10 PM,NYM,Jesse Winker,1,,,2,29.0,104.6,405.0,FF,Aaron Nola,PHI @ NYM,778225,608385,605400
2025-04-21,11:10 AM,BOS,Rob Refsnyder,1,,,2,26.0,103.4,397.0,FF,Jonathan Cannon,CWS @ BOS,778238,608701,686563
2025-04-27,1:40 PM,BOS,Rob Refsnyder,2,,,2,24.0,111.5,361.0,CH,Logan Allen,CLE @ BOS,778157,608701,671106
2025-05-16,7:10 PM,BOS,Rob Refsnyder,3,,,7,24.0,104.0,368.0,SL,Chris Sale,ATL @ BOS,777908,608701,519242
2025-05-23,1:35 PM,BOS,Rob Refsnyder,4,,,8,41.0,103.1,359.0,SL,Cionel Pérez,BAL @ BOS,777815,608701,672335
2025-06-22,4:05 PM,BOS,Rob Refsnyder,5,,,5,26.0,103.2,408.0,KC,Robbie Ray,SF @ BOS,777395,608701,592662
2025-07-22,6:45 PM,BOS,Rob Refsnyder,6,,,4,34.0,107.8,410.0,SI,Cristopher Sánchez,PHI @ BOS,777045,608701,650911
2025-08-28,1:05 PM,BOS,Rob Refsnyder,7,,,4,30.0,102.3,398.0,FF,Cade Povich,BAL @ BOS,776564,608701,700249
2025-09-09,10:05 PM,BOS,Rob Refsnyder,8,,,1,33.0,109.9,463.0,FF,Jeffrey Springs,ATH @ BOS,776396,608701,605488
2025-09-17,6:45 PM,BOS,Rob Refsnyder,9,,,2,37.0,100.6,357.0,ST,Mason Barnett,ATH @ BOS,776299,608701,686930
2025-04-11,10:05 PM,ATH,Miguel Andujar,1,,,6,21.0,103.9,341.0,CH,Griffin Canning,NYM @ ATH,778358,609280,656288
2025-04-22,10:05 PM,ATH,Miguel Andujar,2,,,2,33.0,97.8,384.0,SL,Patrick Corbin,TEX @ ATH,778213,609280,571578
2025-05-13,10:10 PM,ATH,Miguel Andujar,3,,,9,27.0,100.1,384.0,FA,Miguel Rojas,LAD @ ATH,777937,609280,500743
2025-07-27,2:10 PM,ATH,Miguel Andujar,4,,,1,29.0,95.8,346.0,FF,Colton Gordon,HOU @ ATH,776976,609280,676467
2025-07-30,10:05 PM,ATH,Miguel Andujar,5,,,4,21.0,110.2,396.0,SI,Bryan Woo,SEA @ ATH,776930,609280,693433
2025-07-30,10:05 PM,ATH,Miguel Andujar,6,,,7,23.0,104.6,402.0,FF,Bryan Woo,SEA @ ATH,776930,609280,693433
2025-08-10,1:35 PM,CIN,Miguel Andujar,7,,,3,22.0,109.3,384.0,SL,Mike Burrows,PIT @ CIN,776801,609280,681347
2025-08-12,6:40 PM,CIN,Miguel Andujar,8,,,4,21.0,101.8,366.0,SL,Ranger Suárez,PHI @ CIN,776777,609280,624133
2025-08-13,5:10 PM,CIN,Miguel Andujar,9,,,7,38.0,99.5,364.0,SL,Jordan Romano,PHI @ CIN,776765,609280,605447
2025-09-19,6:40 PM,CIN,Miguel Andujar,10,,,1,25.0,105.8,403.0,FF,Shota Imanaga,CHC @ CIN,776267,609280,684007
2025-03-31,6:40 PM,NYM,Luis Torrens,1,,,5,23.0,102.6,398.0,SI,George Soriano,MIA @ NYM,778509,620443,666277
2025-06-29,1:35 PM,NYM,Luis Torrens,2,,,5,27.0,101.3,388.0,SL,Mike Burrows,PIT @ NYM,777313,620443,681347
2025-08-25,7:10 PM,NYM,Luis Torrens,3,,,7,30.0,102.4,381.0,SL,Jordan Romano,PHI @ NYM,776598,620443,605447
2025-08-29,7:10 PM,NYM,Luis Torrens,4,,,8,40.0,99.3,350.0,FA,Javier Sanoja,MIA @ NYM,776548,620443,691594
2025-09-02,6:40 PM,NYM,Luis Torrens,5,,,4,26.0,103.0,353.0,FF,Sawyer Gipson-Long,DET @ NYM,776490,620443,687830
2025-03-30,4:10 PM,CHC,Dansby Swanson,1,,,2,32.0,105.6,418.0,FF,Eduardo Rodriguez,AZ @ CHC,778515,621020,593958
2025-03-31,10:05 PM,CHC,Dansby Swanson,2,,,1,29.0,102.2,417.0,FF,Joey Estes,ATH @ CHC,778501,621020,683155
2025-04-05,2:20 PM,CHC,Dansby Swanson,3,,,3,26.0,107.6,420.0,FF,Nick Pivetta,SD @ CHC,778450,621020,601713
2025-04-08,7:40 PM,CHC,Dansby Swanson,4,,,2,29.0,107.7,395.0,FC,Patrick Corbin,TEX @ CHC,778401,621020,571578
2025-04-29,6:40 PM,CHC,Dansby Swanson,5,,,8,24.0,99.6,341.0,ST,Colin Holderman,PIT @ CHC,778135,621020,670059
2025-05-01,12:35 PM,CHC,Dansby Swanson,6,,,5,34.0,101.9,392.0,FS,Paul Skenes,PIT @ CHC,778100,621020,694973
2025-05-03,7:10 PM,CHC,Dansby Swanson,7,,,4,36.0,103.6,391.0,SI,Jose Quintana,MIL @ CHC,778071,621020,500779
2025-05-10,7:15 PM,CHC,Dansby Swanson,8,,,4,28.0,106.0,404.0,FF,Tylor Megill,NYM @ CHC,777982,621020,656731
2025-05-12,7:40 PM,CHC,Dansby Swanson,9,,,5,32.0,107.8,400.0,FC,Cal Quantrill,MIA @ CHC,777952,621020,615698
2025-05-17,2:20 PM,CHC,Dansby Swanson,10,,,5,25.0,105.7,433.0,SI,Sean Burke,CWS @ CHC,777881,621020,680732
2025-05-23,6:40 PM,CHC,Dansby Swanson,11,,,9,30.0,101.8,363.0,SI,Luis Mey,CIN @ CHC,777811,621020,682825
2025-06-10,6:45 PM,CHC,Dansby Swanson,12,,,2,24.0,105.3,418.0,FF,Mick Abel,PHI @ CHC,777571,621020,690953
2025-06-14,2:20 PM,CHC,Dansby Swanson,13,,,6,31.0,104.1,377.0,SL,Ryan Borucki,PIT @ CHC,777513,621020,621366
2025-06-19,2:20 PM,CHC,Dansby Swanson,14,,,4,28.0,108.4,406.0,FF,Freddy Peralta,MIL @ CHC,777450,621020,642547
2025-07-04,2:20 PM,CHC,Dansby Swanson,15,,,7,23.0,109.1,423.0,SI,John King,STL @ CHC,777246,621020,667463
2025-07-13,1:35 PM,CHC,Dansby Swanson,16,,,6,36.0,103.1,381.0,SL,Ian Hamilton,NYY @ CHC,777122,621020,641656
2025-08-04,8:05 PM,CHC,Dansby Swanson,17,,,3,33.0,103.4,415.0,SL,Nick Martinez,CIN @ CHC,776878,621020,607259
2025-08-06,2:20 PM,CHC,Dansby Swanson,18,,,7,26.0,104.8,382.0,CH,Andrew Abbott,CIN @ CHC,776847,621020,671096
2025-08-28,3:45 PM,CHC,Dansby Swanson,19,,,2,32.0,104.9,410.0,CH,Logan Webb,SF @ CHC,776550,621020,657277
2025-08-29,8:40 PM,CHC,Dansby Swanson,20,,,2,22.0,108.1,416.0,KC,Germán Márquez,COL @ CHC,776542,621020,608566
2025-08-29,8:40 PM,CHC,Dansby Swanson,21,,,7,30.0,104.4,441.0,SL,Antonio Senzatela,COL @ CHC,776542,621020,622608
2025-09-05,2:20 PM,CHC,Dansby Swanson,22,,,1,29.0,105.8,424.0,FF,Jake Irvin,WSH @ CHC,776455,621020,663623
2025-09-19,6:40 PM,CHC,Dansby Swanson,23,,,2,28.0,101.6,400.0,FF,Nick Lodolo,CIN @ CHC,776267,621020,666157
2025-09-25,7:40 PM,CHC,Dansby Swanson,24,,,5,31.0,105.2,402.0,SI,Nolan McLean,NYM @ CHC,776187,621020,690997
2025-06-28,9:38 PM,LAA,Kevin Newman,1,,,7,34.0,99.8,372.0,SL,Eduardo Salazar,WSH @ LAA,777315,621028,674285
2025-07-28,9:38 PM,LAA,Kevin Newman,2,,,3,30.0,102.0,409.0,SL,Jacob deGrom,TEX @ LAA,776958,621028,594798
2025-06-07,9:38 PM,LAA,Chris Taylor,1,,,2,24.0,107.3,386.0,SL,Luis Castillo,SEA @ LAA,777603,621035,622491
2025-09-09,9:38 PM,LAA,Chris Taylor,2,,,6,32.0,102.4,413.0,CH,Pierson Ohl,MIN @ LAA,776390,621035,701487
2025-04-19,7:15 PM,MIN,Carlos Correa,1,,,4,35.0,96.6,358.0,FF,Chris Sale,ATL @ MIN,778267,621043,519242
2025-05-06,7:40 PM,MIN,Carlos Correa,2,,,3,26.0,109.0,458.0,FF,Cade Povich,BAL @ MIN,778028,621043,700249
2025-05-23,8:10 PM,MIN,Carlos Correa,3,,,2,34.0,107.2,429.0,FF,Noah Cameron,KC @ MIN,777799,621043,702070
2025-05-26,7:05 PM,MIN,Carlos Correa,4,,,7,27.0,108.8,417.0,SI,Garrett Cleavinger,TB @ MIN,777762,621043,664076
2025-05-30,10:10 PM,MIN,Carlos Correa,5,,,10,20.0,106.2,381.0,FF,Casey Legumina,SEA @ MIN,777713,621043,668984
2025-06-23,7:40 PM,MIN,Carlos Correa,6,,,6,29.0,102.8,411.0,SI,Bryan Woo,SEA @ MIN,777388,621043,693433
2025-06-28,1:10 PM,MIN,Carlos Correa,7,,,8,27.0,105.7,431.0,CH,Tommy Kahnle,DET @ MIN,777324,621043,592454
2025-08-03,11:35 AM,HOU,Carlos Correa,8,,,4,25.0,109.1,418.0,FF,Lucas Giolito,BOS @ HOU,776895,621043,608337
2025-08-10,1:35 PM,HOU,Carlos Correa,9,,,9,30.0,102.8,397.0,SL,Tim Hill,NYY @ HOU,776797,621043,657612
2025-08-23,7:05 PM,HOU,Carlos Correa,10,,,1,38.0,106.5,391.0,SI,Dean Kremer,BAL @ HOU,776629,621043,665152
2025-09-05,8:05 PM,HOU,Carlos Correa,11,,,8,28.0,100.7,359.0,FF,Chris Martin,TEX @ HOU,776449,621043,455119
2025-09-09,7:07 PM,HOU,Carlos Correa,12,,,1,25.0,106.5,417.0,SL,Shane Bieber,TOR @ HOU,776393,621043,669456
2025-09-10,7:07 PM,HOU,Carlos Correa,13,,,6,21.0,110.0,393.0,CH,José Berríos,TOR @ HOU,776385,621043,621244
2025-04-30,7:10 PM,NYM,Tyrone Taylor,1,,,9,29.0,102.7,397.0,SI,Justin Martinez,AZ @ NYM,778117,621438,679885
2025-06-17,7:15 PM,NYM,Tyrone Taylor,2,,,5,29.0,101.8,407.0,FS,Spencer Schwellenbach,ATL @ NYM,777489,621438,680885
2025-04-02,2:10 PM,MIN,Byron Buxton,1,,,1,30.0,111.7,446.0,SL,Sean Burke,CWS @ MIN,778474,621439,680732
2025-04-11,8:10 PM,MIN,Byron Buxton,2,,,7,40.0,108.1,394.0,SI,Beau Brieske,DET @ MIN,778363,621439,689225
2025-04-13,2:10 PM,MIN,Byron Buxton,3,,,1,22.0,112.5,399.0,FF,Casey Mize,DET @ MIN,778335,621439,663554
2025-04-20,1:35 PM,MIN,Byron Buxton,4,,,7,25.0,109.5,434.0,FF,Enyel De Los Santos,ATL @ MIN,778249,621439,660853
2025-04-23,7:40 PM,MIN,Byron Buxton,5,,,7,32.0,107.5,414.0,FC,Cam Booser,CWS @ MIN,778201,621439,592155
2025-04-25,7:40 PM,MIN,Byron Buxton,6,,,3,35.0,108.8,419.0,CU,Kyle Hendricks,LAA @ MIN,778186,621439,543294
2025-05-04,1:35 PM,MIN,Byron Buxton,7,,,1,37.0,98.1,367.0,FF,Garrett Crochet,BOS @ MIN,778063,621439,676979
2025-05-06,7:40 PM,MIN,Byron Buxton,8,,,7,25.0,101.5,371.0,ST,Matt Bowman,BAL @ MIN,778028,621439,621199
2025-05-07,7:40 PM,MIN,Byron Buxton,9,,,3,37.0,103.7,386.0,CU,Charlie Morton,BAL @ MIN,778011,621439,450203
2025-05-15,12:35 PM,MIN,Byron Buxton,10,,,3,35.0,104.3,401.0,SI,Tomoyuki Sugano,BAL @ MIN,777911,621439,608372
2025-06-11,7:40 PM,MIN,Byron Buxton,11,,,3,25.0,111.6,479.0,SL,Jack Leiter,TEX @ MIN,777556,621439,683004
2025-06-17,7:10 PM,MIN,Byron Buxton,12,,,3,29.0,101.4,406.0,CU,Andrew Abbott,CIN @ MIN,777478,621439,671096
2025-06-18,7:10 PM,MIN,Byron Buxton,13,,,1,29.0,101.1,398.0,FF,Nick Lodolo,CIN @ MIN,777474,621439,666157
2025-06-19,12:40 PM,MIN,Byron Buxton,14,,,1,26.0,111.2,432.0,FF,Nick Martinez,CIN @ MIN,777452,621439,607259
2025-06-19,12:40 PM,MIN,Byron Buxton,15,,,2,31.0,102.7,396.0,CH,Nick Martinez,CIN @ MIN,777452,621439,607259
2025-06-22,2:10 PM,MIN,Byron Buxton,16,,,1,21.0,109.0,411.0,SI,Quinn Priester,MIL @ MIN,777401,621439,682990
2025-06-22,2:10 PM,MIN,Byron Buxton,17,,,6,38.0,99.3,382.0,SL,Abner Uribe,MIL @ MIN,777401,621439,682842
2025-06-27,7:10 PM,MIN,Byron Buxton,18,,,5,35.0,111.3,425.0,SI,Sawyer Gipson-Long,DET @ MIN,777334,621439,687830
2025-06-28,1:10 PM,MIN,Byron Buxton,19,,,3,39.0,109.6,402.0,FS,Casey Mize,DET @ MIN,777324,621439,663554
2025-07-06,2:10 PM,MIN,Byron Buxton,20,,,1,29.0,104.0,414.0,FC,Drew Rasmussen,TB @ MIN,777220,621439,656876
2025-07-12,2:10 PM,MIN,Byron Buxton,21,,,7,32.0,106.0,427.0,SL,Andrew Heaney,PIT @ MIN,777134,621439,571760
2025-07-18,,MIN,Byron Buxton,22,,,5,41.0,107.3,416.0,FC,Kyle Freeland,COL @ MIN,777102,621439,607536
2025-07-21,10:10 PM,MIN,Byron Buxton,23,,,1,31.0,104.8,410.0,ST,Shohei Ohtani,LAD @ MIN,777051,621439,660271
2025-08-11,7:05 PM,MIN,Byron Buxton,24,,,6,26.0,103.1,396.0,ST,Will Warren,NYY @ MIN,776790,621439,701542
2025-08-17,2:10 PM,MIN,Byron Buxton,25,,,3,38.0,101.9,388.0,CH,Chris Paddack,DET @ MIN,776700,621439,663978
2025-08-27,7:07 PM,MIN,Byron Buxton,26,,,1,27.0,104.1,404.0,FC,Eric Lauer,TOR @ MIN,776567,621439,641778
2025-08-27,7:07 PM,MIN,Byron Buxton,27,,,3,21.0,113.7,377.0,FF,Eric Lauer,TOR @ MIN,776567,621439,641778
2025-08-30,7:10 PM,MIN,Byron Buxton,28,,,5,32.0,103.4,367.0,FF,Nick Pivetta,SD @ MIN,776530,621439,601713
2025-08-31,1:05 PM,MIN,Byron Buxton,29,,,3,40.0,105.7,366.0,CH,Kyle Hart,SD @ MIN,776513,621439,606996
2025-09-07,2:10 PM,MIN,Byron Buxton,30,,,1,36.0,109.1,402.0,FF,Michael Lorenzen,KC @ MIN,776422,621439,547179
2025-09-10,4:07 PM,MIN,Byron Buxton,31,,,6,27.0,103.6,396.0,FF,José Fermin,LAA @ MIN,776376,621439,820862
2025-09-24,8:05 PM,MIN,Byron Buxton,32,,,1,23.0,110.4,447.0,SL,Jacob deGrom,TEX @ MIN,776192,621439,594798
2025-09-25,2:35 PM,MIN,Byron Buxton,33,,,1,22.0,110.9,418.0,FF,Tyler Mahle,TEX @ MIN,776183,621439,641816
2025-09-25,2:35 PM,MIN,Byron Buxton,34,,,8,23.0,110.2,437.0,FC,Chris Martin,TEX @ MIN,776183,621439,455119
2025-09-27,6:05 PM,MIN,Byron Buxton,35,,,1,34.0,99.1,386.0,FC,Ranger Suárez,PHI @ MIN,776163,621439,624133
2025-04-09,7:05 PM,LAA,Taylor Ward,1,,,4,34.0,98.2,349.0,SL,Ryan Pepiot,TB @ LAA,778399,621493,686752
2025-04-10,1:10 PM,LAA,Taylor Ward,2,,,1,29.0,99.0,352.0,SI,Zack Littell,TB @ LAA,778382,621493,641793
2025-04-10,1:10 PM,LAA,Taylor Ward,3,,,5,26.0,107.1,413.0,SI,Zack Littell,TB @ LAA,778382,621493,641793
2025-04-12,7:10 PM,LAA,Taylor Ward,4,,,5,28.0,100.3,352.0,SI,Logan VanWey,HOU @ LAA,778351,621493,701121
2025-04-13,2:10 PM,LAA,Taylor Ward,5,,,1,38.0,106.6,393.0,FF,Hayden Wesneski,HOU @ LAA,778329,621493,669713
2025-04-22,9:38 PM,LAA,Taylor Ward,6,,,3,27.0,103.3,403.0,SL,Bailey Falter,PIT @ LAA,778211,621493,663559
2025-05-06,9:38 PM,LAA,Taylor Ward,7,,,1,25.0,106.4,419.0,FF,José Ureña,TOR @ LAA,778025,621493,570632
2025-05-08,9:38 PM,LAA,Taylor Ward,8,,,1,38.0,101.1,389.0,ST,Chris Bassitt,TOR @ LAA,778000,621493,605135
2025-05-12,9:40 PM,LAA,Taylor Ward,9,,,9,37.0,95.8,350.0,ST,Alek Jacob,SD @ LAA,777947,621493,689690
2025-05-14,9:40 PM,LAA,Taylor Ward,10,,,2,27.0,104.9,405.0,CU,Randy Vásquez,SD @ LAA,777914,621493,681190
2025-05-17,9:10 PM,LAA,Taylor Ward,11,,,3,32.0,107.7,412.0,CU,Clayton Kershaw,LAD @ LAA,777884,621493,477132
2025-05-18,4:10 PM,LAA,Taylor Ward,12,,,1,34.0,104.1,411.0,FF,Tony Gonsolin,LAD @ LAA,777866,621493,664062
2025-05-19,10:05 PM,LAA,Taylor Ward,13,,,3,26.0,107.5,423.0,SL,J.T. Ginn,ATH @ LAA,777853,621493,669372
2025-05-22,3:35 PM,LAA,Taylor Ward,14,,,7,24.0,104.4,426.0,FF,Grant Holman,ATH @ LAA,777812,621493,680880
2025-05-23,9:38 PM,LAA,Taylor Ward,15,,,2,32.0,103.2,368.0,FF,Sandy Alcantara,MIA @ LAA,777798,621493,645261
2025-05-31,4:10 PM,LAA,Taylor Ward,16,,,3,30.0,104.2,397.0,FF,Slade Cecconi,CLE @ LAA,777703,621493,677944
2025-06-04,1:35 PM,LAA,Taylor Ward,17,,,1,34.0,100.4,383.0,CH,Lucas Giolito,BOS @ LAA,777649,621493,608337
2025-06-08,4:07 PM,LAA,Taylor Ward,18,,,4,28.0,107.5,432.0,SI,George Kirby,SEA @ LAA,777589,621493,669923
2025-06-19,1:05 PM,LAA,Taylor Ward,19,,,6,23.0,104.3,381.0,CH,Carlos Rodón,NYY @ LAA,777449,621493,607074
2025-06-27,9:38 PM,LAA,Taylor Ward,20,,,3,33.0,93.6,351.0,SL,Jake Irvin,WSH @ LAA,777331,621493,663623
2025-07-10,9:38 PM,LAA,Taylor Ward,21,,,5,31.0,102.1,407.0,SL,Patrick Corbin,TEX @ LAA,777159,621493,571578
2025-07-18,,LAA,Taylor Ward,22,,,7,37.0,105.2,393.0,ST,Tanner Banks,PHI @ LAA,777106,621493,621383
2025-07-19,6:05 PM,LAA,Taylor Ward,23,,,4,29.0,105.2,428.0,SL,Taijuan Walker,PHI @ LAA,777089,621493,592836
2025-07-26,9:38 PM,LAA,Taylor Ward,24,,,2,34.0,104.6,404.0,FF,George Kirby,SEA @ LAA,776995,621493,669923
2025-07-28,9:38 PM,LAA,Taylor Ward,25,,,6,26.0,105.1,408.0,FF,Jacob deGrom,TEX @ LAA,776958,621493,594798
2025-08-03,4:07 PM,LAA,Taylor Ward,26,,,9,33.0,103.1,397.0,ST,Tyler Alexander,CWS @ LAA,776885,621493,641302
2025-08-09,6:10 PM,LAA,Taylor Ward,27,,,5,25.0,103.9,399.0,CU,Charlie Morton,DET @ LAA,776813,621493,450203
2025-08-12,9:38 PM,LAA,Taylor Ward,28,,,3,33.0,103.5,413.0,FF,Emmet Sheehan,LAD @ LAA,776763,621493,686218
2025-08-13,9:38 PM,LAA,Taylor Ward,29,,,2,29.0,102.9,375.0,FF,Shohei Ohtani,LAD @ LAA,776752,621493,660271
2025-08-24,4:07 PM,LAA,Taylor Ward,30,,,1,33.0,98.0,400.0,FF,Jameson Taillon,CHC @ LAA,776605,621493,592791
2025-09-13,9:40 PM,LAA,Taylor Ward,31,,,9,23.0,103.5,381.0,SL,Matt Brash,SEA @ LAA,776333,621493,666374
2025-09-17,7:40 PM,LAA,Taylor Ward,32,,,4,24.0,107.6,428.0,SI,Brandon Woodruff,MIL @ LAA,776291,621493,605540
2025-09-17,7:40 PM,LAA,Taylor Ward,33,,,6,33.0,104.7,383.0,SL,Nick Mears,MIL @ LAA,776291,621493,683232
2025-09-20,8:10 PM,LAA,Taylor Ward,34,,,2,40.0,103.8,410.0,KC,Germán Márquez,COL @ LAA,776241,621493,608566
2025-09-23,9:38 PM,LAA,Taylor Ward,35,,,9,28.0,101.3,398.0,FS,Sam Long,KC @ LAA,776207,621493,669674
2025-09-24,9:38 PM,LAA,Taylor Ward,36,,,3,22.0,107.3,420.0,SL,Stephen Kolek,KC @ LAA,776197,621493,663568
2025-04-04,7:15 PM,ATL,Matt Olson,1,,,7,24.0,113.4,434.0,FF,George Soriano,MIA @ ATL,778464,621566,666277
2025-04-15,7:07 PM,ATL,Matt Olson,2,,,6,30.0,109.7,412.0,FF,Kevin Gausman,TOR @ ATL,778311,621566,592332
2025-04-20,1:35 PM,ATL,Matt Olson,3,,,1,19.0,111.5,403.0,FF,Joe Ryan,MIN @ ATL,778249,621566,657746
2025-04-22,7:15 PM,ATL,Matt Olson,4,,,5,26.0,102.8,390.0,FF,Andre Pallante,STL @ ATL,778229,621566,669467
2025-05-02,7:15 PM,ATL,Matt Olson,5,,,7,34.0,104.4,411.0,FF,Kirby Yates,LAD @ ATL,778092,621566,489446
2025-05-05,7:15 PM,ATL,Matt Olson,6,,,3,26.0,95.5,321.0,SI,Brady Singer,CIN @ ATL,778049,621566,663903
2025-05-10,4:05 PM,ATL,Matt Olson,7,,,3,31.0,108.4,431.0,SI,Andrew Heaney,PIT @ ATL,777985,621566,571760
2025-05-16,7:10 PM,ATL,Matt Olson,8,,,2,30.0,100.0,378.0,FF,Garrett Crochet,BOS @ ATL,777908,621566,676979
2025-05-17,7:15 PM,ATL,Matt Olson,9,,,1,22.0,110.4,393.0,CH,Lucas Giolito,BOS @ ATL,777893,621566,608337
2025-05-20,6:45 PM,ATL,Matt Olson,10,,,2,29.0,106.2,419.0,FF,Mitchell Parker,WSH @ ATL,777841,621566,680730
2025-05-22,6:45 PM,ATL,Matt Olson,11,,,1,23.0,106.8,370.0,FF,Trevor Williams,WSH @ ATL,777820,621566,592866
2025-05-24,4:10 PM,ATL,Matt Olson,12,,,3,29.0,107.2,399.0,SL,Sean Reynolds,SD @ ATL,777803,621566,669308
2025-06-06,10:15 PM,ATL,Matt Olson,13,,,7,26.0,104.6,361.0,SL,Ryan Walker,SF @ ATL,777619,621566,676254
2025-06-09,7:40 PM,ATL,Matt Olson,14,,,5,28.0,106.4,417.0,FF,DL Hall,MIL @ ATL,777575,621566,669084
2025-06-18,7:15 PM,ATL,Matt Olson,15,,,7,43.0,108.6,412.0,SL,Ty Adcock,NYM @ ATL,777470,621566,686654
2025-07-02,7:15 PM,ATL,Matt Olson,16,,,6,32.0,92.2,358.0,FF,Ryan Zeferjahn,LAA @ ATL,777279,621566,666171
2025-07-05,4:10 PM,ATL,Matt Olson,17,,,3,27.0,108.3,384.0,CU,Dean Kremer,BAL @ ATL,777237,621566,665152
2025-07-20,1:35 PM,ATL,Matt Olson,18,,,6,32.0,110.7,442.0,FC,Marcus Stroman,NYY @ ATL,777083,621566,573186
2025-08-10,1:35 PM,ATL,Matt Olson,19,,,4,39.0,108.4,419.0,FC,Cal Quantrill,MIA @ ATL,776803,621566,615698
2025-08-27,1:10 PM,ATL,Matt Olson,20,,,3,28.0,109.3,426.0,CU,Ryan Gusto,MIA @ ATL,776565,621566,687473
2025-08-28,6:45 PM,ATL,Matt Olson,21,,,6,26.0,101.1,378.0,KC,Aaron Nola,PHI @ ATL,776560,621566,605400
2025-09-06,7:15 PM,ATL,Matt Olson,22,,,4,28.0,111.5,459.0,FS,Bryce Miller,SEA @ ATL,776447,621566,682243
2025-09-08,7:15 PM,ATL,Matt Olson,23,,,8,35.0,108.8,417.0,CU,Aaron Civale,CHC @ ATL,776412,621566,650644
2025-09-13,7:15 PM,ATL,Matt Olson,24,,,4,28.0,108.5,424.0,KC,Hunter Brown,HOU @ ATL,776346,621566,686613
2025-09-14,1:35 PM,ATL,Matt Olson,25,,,1,47.0,109.7,398.0,SI,Framber Valdez,HOU @ ATL,776329,621566,664285
2025-09-15,6:45 PM,ATL,Matt Olson,26,,,5,26.0,108.5,400.0,CU,Mitchell Parker,WSH @ ATL,776315,621566,680730
2025-09-16,1:05 PM,ATL,Matt Olson,27,,,4,22.0,111.4,443.0,SI,Jake Irvin,WSH @ ATL,777825,621566,663623
2025-09-17,4:05 PM,ATL,Matt Olson,28,,,7,27.0,109.2,422.0,SI,Sauryn Lao,WSH @ ATL,776286,621566,666659
2025-09-26,7:15 PM,ATL,Matt Olson,29,,,1,26.0,102.5,383.0,ST,Mitch Keller,PIT @ ATL,776180,621566,656605
2025-05-31,4:05 PM,BAL,Jorge Mateo,1,,,5,32.0,100.8,396.0,FC,Davis Martin,CWS @ BAL,777699,622761,663436
2025-03-30,1:37 PM,TOR,Tyler Heineman,1,,,7,26.0,101.2,386.0,SV,Cionel Pérez,BAL @ TOR,778525,623168,672335
2025-06-07,2:10 PM,TOR,Tyler Heineman,2,,,2,25.0,103.6,403.0,FF,Chris Paddack,MIN @ TOR,777600,623168,663978
2025-07-19,3:07 PM,TOR,Tyler Heineman,3,,,8,38.0,96.8,357.0,SL,Ryan Walker,SF @ TOR,777094,623168,676254
2025-04-12,4:05 PM,TOR,Anthony Santander,1,,,3,23.0,105.7,404.0,FF,Tomoyuki Sugano,BAL @ TOR,778362,623993,608372
2025-04-15,7:07 PM,TOR,Anthony Santander,2,,,5,26.0,106.4,409.0,FC,Spencer Schwellenbach,ATL @ TOR,778311,623993,680885
2025-04-27,1:40 PM,TOR,Anthony Santander,3,,,3,27.0,104.8,401.0,SI,Clarke Schmidt,NYY @ TOR,778170,623993,657376
2025-04-30,7:07 PM,TOR,Anthony Santander,4,,,7,25.0,103.7,398.0,CH,Garrett Whitlock,BOS @ TOR,778114,623993,676477
2025-05-06,9:38 PM,TOR,Anthony Santander,5,,,8,36.0,101.2,377.0,FC,Ryan Johnson,LAA @ TOR,778025,623993,696270
2025-05-20,7:07 PM,TOR,Anthony Santander,6,,,5,19.0,110.4,369.0,SL,Dylan Cease,SD @ TOR,777845,623993,656302
2025-03-31,6:40 PM,NYM,Pete Alonso,1,,,5,32.0,105.9,400.0,FF,Cal Quantrill,MIA @ NYM,778509,624413,615698
2025-04-02,4:40 PM,NYM,Pete Alonso,2,,,8,21.0,113.4,415.0,FF,Calvin Faucher,MIA @ NYM,778481,624413,676534
2025-04-04,3:10 PM,NYM,Pete Alonso,3,,,1,31.0,101.2,377.0,FF,Kevin Gausman,TOR @ NYM,778465,624413,592332
2025-04-11,10:05 PM,NYM,Pete Alonso,4,,,8,23.0,107.5,360.0,FC,José Leclerc,ATH @ NYM,778358,624413,600917
2025-04-15,7:40 PM,NYM,Pete Alonso,5,,,1,33.0,106.9,416.0,SI,Bailey Ober,MIN @ NYM,778307,624413,641927
2025-04-19,4:05 PM,NYM,Pete Alonso,6,,,8,25.0,113.4,443.0,SL,John King,STL @ NYM,778256,624413,667463
2025-04-29,7:10 PM,NYM,Pete Alonso,7,,,4,27.0,107.8,416.0,CH,Eduardo Rodriguez,AZ @ NYM,778130,624413,593958
2025-05-02,8:15 PM,NYM,Pete Alonso,8,,,5,24.0,105.7,417.0,CH,Sonny Gray,STL @ NYM,778084,624413,543243
2025-05-05,9:40 PM,NYM,Pete Alonso,9,,,4,33.0,111.6,425.0,FC,Ryne Nelson,AZ @ NYM,778039,624413,669194
2025-05-25,7:10 PM,NYM,Pete Alonso,10,,,1,22.0,107.0,406.0,KC,Landon Knack,LAD @ NYM,777773,624413,689017
2025-05-27,7:10 PM,NYM,Pete Alonso,11,,,1,20.0,113.1,419.0,SI,Jonathan Cannon,CWS @ NYM,777749,624413,686563
2025-06-01,1:40 PM,NYM,Pete Alonso,12,,,4,34.0,107.5,407.0,FF,Carson Palmquist,COL @ NYM,777686,624413,687223
2025-06-04,10:10 PM,NYM,Pete Alonso,13,,,1,31.0,103.6,392.0,SL,Tony Gonsolin,LAD @ NYM,777638,624413,664062
2025-06-04,10:10 PM,NYM,Pete Alonso,14,,,8,31.0,112.1,447.0,SI,Ryan Loutos,LAD @ NYM,777638,624413,702795
2025-06-05,4:10 PM,NYM,Pete Alonso,15,,,2,24.0,110.3,408.0,FF,Landon Knack,LAD @ NYM,777631,624413,689017
2025-06-08,3:10 PM,NYM,Pete Alonso,16,,,3,24.0,103.5,416.0,FC,Chase Dollander,COL @ NYM,777583,624413,801403
2025-06-08,3:10 PM,NYM,Pete Alonso,17,,,8,33.0,94.4,372.0,FF,Tyler Kinley,COL @ NYM,777583,624413,641755
2025-06-20,7:15 PM,NYM,Pete Alonso,18,,,6,29.0,106.2,429.0,FC,Taijuan Walker,PHI @ NYM,777437,624413,592836
2025-07-05,4:10 PM,NYM,Pete Alonso,19,,,5,27.0,106.4,382.0,FF,Carlos Rodón,NYY @ NYM,777241,624413,607074
2025-07-05,4:10 PM,NYM,Pete Alonso,20,,,7,29.0,107.5,392.0,FF,Jayvien Sandridge,NYY @ NYM,777241,624413,682144
2025-07-08,6:35 PM,NYM,Pete Alonso,21,,,8,30.0,105.3,407.0,SL,Bryan Baker,BAL @ NYM,777198,624413,641329
2025-07-23,1:10 PM,NYM,Pete Alonso,22,,,3,26.0,112.0,439.0,FF,Jake Eder,LAA @ NYM,777034,624413,671109
2025-08-01,7:10 PM,NYM,Pete Alonso,23,,,7,24.0,110.1,414.0,FF,Robbie Ray,SF @ NYM,776926,624413,592662
2025-08-02,4:10 PM,NYM,Pete Alonso,24,,,1,27.0,109.4,428.0,FF,Kai-Wei Teng,SF @ NYM,776911,624413,678906
2025-08-04,7:10 PM,NYM,Pete Alonso,25,,,6,33.0,99.9,388.0,SI,Slade Cecconi,CLE @ NYM,776876,624413,677944
2025-08-09,7:10 PM,NYM,Pete Alonso,26,,,2,33.0,103.0,413.0,FF,Tobias Myers,MIL @ NYM,776817,624413,668964
2025-08-12,7:10 PM,NYM,Pete Alonso,27,,,3,19.0,112.8,394.0,FF,Spencer Strider,ATL @ NYM,776772,624413,675911
2025-08-12,7:10 PM,NYM,Pete Alonso,28,,,6,27.0,109.2,413.0,FC,Austin Cox,ATL @ NYM,776772,624413,680735
2025-08-23,7:15 PM,NYM,Pete Alonso,29,,,7,44.0,98.8,343.0,FF,Dylan Lee,ATL @ NYM,776626,624413,669276
2025-08-28,7:10 PM,NYM,Pete Alonso,30,,,5,36.0,111.4,425.0,FF,Lake Bachar,MIA @ NYM,776558,624413,669199
2025-08-29,7:10 PM,NYM,Pete Alonso,31,,,2,25.0,105.5,371.0,ST,Tyler Zuber,MIA @ NYM,776548,624413,676604
2025-09-02,6:40 PM,NYM,Pete Alonso,32,,,1,35.0,112.5,435.0,FF,Sawyer Gipson-Long,DET @ NYM,776490,624413,687830
2025-09-02,6:40 PM,NYM,Pete Alonso,33,,,7,30.0,99.7,388.0,CH,Chris Paddack,DET @ NYM,776490,624413,663978
2025-09-14,1:40 PM,NYM,Pete Alonso,34,,,10,24.0,110.1,390.0,SI,Luis Curvelo,TEX @ NYM,776335,624413,681168
2025-09-16,7:10 PM,NYM,Pete Alonso,35,,,2,33.0,113.0,437.0,SI,Michael King,SD @ NYM,776304,624413,650633
2025-09-17,7:10 PM,NYM,Pete Alonso,36,,,1,22.0,112.0,409.0,FF,Nick Pivetta,SD @ NYM,776288,624413,601713
2025-09-18,1:10 PM,NYM,Pete Alonso,37,,,1,24.0,108.5,445.0,ST,Randy Vásquez,SD @ NYM,776276,624413,681190
2025-09-27,4:10 PM,NYM,Pete Alonso,38,,,3,23.0,111.4,410.0,FF,Eury Pérez,MIA @ NYM,776161,624413,691587
2025-05-03,7:15 PM,KC,Cavan Biggio,1,,,5,24.0,102.4,389.0,FF,Tomoyuki Sugano,BAL @ KC,778072,624415,608372
2025-04-02,8:38 PM,LAD,Michael Conforto,1,,,4,24.0,108.4,419.0,SL,Bryce Elder,ATL @ LAD,778472,624424,693821
2025-04-05,4:05 PM,LAD,Michael Conforto,2,,,6,35.0,106.4,397.0,FC,Aaron Nola,PHI @ LAD,778448,624424,605400
2025-05-27,6:10 PM,LAD,Michael Conforto,3,,,6,31.0,105.9,406.0,FF,Hunter Gaddis,CLE @ LAD,777753,624424,683769
2025-06-11,4:10 PM,LAD,Michael Conforto,4,,,5,31.0,107.7,407.0,FF,Randy Vásquez,SD @ LAD,777543,624424,681190
2025-06-24,8:40 PM,LAD,Michael Conforto,5,,,4,30.0,102.9,420.0,KC,Germán Márquez,COL @ LAD,777379,624424,608566
2025-06-25,8:40 PM,LAD,Michael Conforto,6,,,8,35.0,111.2,431.0,FF,Anthony Molina,COL @ LAD,777358,624424,683627
2025-07-03,10:10 PM,LAD,Michael Conforto,7,,,3,26.0,102.6,360.0,FF,Aaron Civale,CWS @ LAD,777253,624424,650644
2025-07-11,10:15 PM,LAD,Michael Conforto,8,,,6,24.0,105.2,416.0,SI,Logan Webb,SF @ LAD,777143,624424,657277
2025-07-27,1:35 PM,LAD,Michael Conforto,9,,,4,32.0,105.7,424.0,FC,Walker Buehler,BOS @ LAD,776983,624424,621111
2025-08-27,8:40 PM,LAD,Michael Conforto,10,,,8,27.0,108.0,419.0,FF,Brent Suter,CIN @ LAD,776562,624424,608718
2025-09-12,10:15 PM,LAD,Michael Conforto,11,,,7,35.0,110.1,400.0,FF,Justin Verlander,SF @ LAD,776350,624424,434378
2025-09-20,9:10 PM,LAD,Michael Conforto,12,,,4,26.0,104.8,395.0,SL,José Buttó,SF @ LAD,776233,624424,676130
2025-04-11,6:40 PM,PIT,Adam Frazier,1,,,5,29.0,95.5,347.0,SL,Brady Singer,CIN @ PIT,778374,624428,663903
2025-05-02,6:40 PM,PIT,Adam Frazier,2,,,6,35.0,94.7,353.0,CH,Alek Jacob,SD @ PIT,778090,624428,689690
2025-06-01,5:10 PM,PIT,Adam Frazier,3,,,4,30.0,99.3,373.0,FC,Randy Vásquez,SD @ PIT,777681,624428,681190
2025-08-01,7:07 PM,KC,Adam Frazier,4,,,9,31.0,100.7,381.0,FC,Mason Fluharty,TOR @ KC,776920,624428,689254
2025-08-17,2:10 PM,KC,Adam Frazier,5,,,8,40.0,99.9,374.0,FF,Jordan Leasure,CWS @ KC,776702,624428,673929
2025-09-04,7:40 PM,KC,Adam Frazier,6,,,2,33.0,100.6,393.0,SI,Kyle Hendricks,LAA @ KC,776463,624428,543294
2025-09-17,7:40 PM,KC,Adam Frazier,7,,,8,36.0,93.3,338.0,SI,Matt Brash,SEA @ KC,776289,624428,666374
2025-04-05,7:10 PM,CIN,Jose Trevino,1,,,4,28.0,98.2,383.0,FC,Elvin Rodriguez,MIL @ CIN,778439,624431,660730
2025-04-28,6:40 PM,CIN,Jose Trevino,2,,,3,29.0,102.5,409.0,FF,Andre Pallante,STL @ CIN,778141,624431,669467
2025-05-01,12:40 PM,CIN,Jose Trevino,3,,,2,27.0,98.5,371.0,SI,Matthew Liberatore,STL @ CIN,778107,624431,669461
2025-06-08,1:40 PM,CIN,Jose Trevino,4,,,5,22.0,104.1,389.0,KC,Zac Gallen,AZ @ CIN,777602,624431,668678
2025-05-25,1:40 PM,CHC,Reese McGuire,1,,,2,30.0,100.2,372.0,CU,Nick Lodolo,CIN @ CHC,777779,624512,666157
2025-05-25,1:40 PM,CHC,Reese McGuire,2,,,8,24.0,101.1,351.0,ST,Taylor Rogers,CIN @ CHC,777779,624512,573124
2025-06-20,2:20 PM,CHC,Reese McGuire,3,,,5,28.0,101.8,399.0,SI,George Kirby,SEA @ CHC,777436,624512,669923
2025-06-22,2:20 PM,CHC,Reese McGuire,4,,,5,24.0,103.1,432.0,SL,Logan Gilbert,SEA @ CHC,777403,624512,669302
2025-06-25,7:45 PM,CHC,Reese McGuire,5,,,2,30.0,97.8,383.0,FC,Erick Fedde,STL @ CHC,777357,624512,607200
2025-07-25,7:40 PM,CHC,Reese McGuire,6,,,7,21.0,105.7,394.0,SI,Adrian Houser,CWS @ CHC,777017,624512,605288
2025-08-23,9:38 PM,CHC,Reese McGuire,7,,,4,31.0,100.2,389.0,SI,Victor Mederos,LAA @ CHC,776618,624512,682989
2025-09-05,2:20 PM,CHC,Reese McGuire,8,,,2,31.0,100.9,384.0,CH,Jake Irvin,WSH @ CHC,776455,624512,663623
2025-09-20,6:40 PM,CHC,Reese McGuire,9,,,5,39.0,97.1,346.0,FF,Zack Littell,CIN @ CHC,776254,624512,641793
2025-04-05,9:38 PM,LAA,Jorge Soler,1,,,1,32.0,107.5,408.0,FC,Tanner Bibee,CLE @ LAA,778437,624585,676440
2025-04-06,4:07 PM,LAA,Jorge Soler,2,,,6,18.0,112.7,397.0,SL,Luis L. Ortiz,CLE @ LAA,778425,624585,682847
2025-04-09,7:05 PM,LAA,Jorge Soler,3,,,5,22.0,101.8,356.0,SL,Ryan Pepiot,TB @ LAA,778399,624585,686752
2025-04-13,2:10 PM,LAA,Jorge Soler,4,,,6,22.0,111.5,399.0,SI,Hayden Wesneski,HOU @ LAA,778329,624585,669713
2025-04-30,4:10 PM,LAA,Jorge Soler,5,,,3,22.0,104.4,349.0,SL,Emerson Hancock,SEA @ LAA,778104,624585,676106
2025-05-01,9:38 PM,LAA,Jorge Soler,6,,,3,38.0,106.4,413.0,SI,Casey Mize,DET @ LAA,778101,624585,663554
2025-05-23,9:38 PM,LAA,Jorge Soler,7,,,8,27.0,106.0,417.0,SL,Lake Bachar,MIA @ LAA,777798,624585,669199
2025-05-30,7:10 PM,LAA,Jorge Soler,8,,,9,34.0,105.4,393.0,FF,Andrew Walters,CLE @ LAA,777721,624585,689958
2025-07-02,7:15 PM,LAA,Jorge Soler,9,,,9,31.0,111.5,448.0,FC,Dylan Dodd,ATL @ LAA,777279,624585,689266
2025-07-09,9:38 PM,LAA,Jorge Soler,10,,,8,28.0,107.2,421.0,SL,Luke Jackson,TEX @ LAA,777171,624585,592426
2025-07-18,,LAA,Jorge Soler,11,,,2,25.0,109.1,420.0,FF,Jesús Luzardo,PHI @ LAA,777106,624585,666200
2025-07-22,7:10 PM,LAA,Jorge Soler,12,,,2,25.0,106.7,378.0,SL,Frankie Montas,NYM @ LAA,777054,624585,593423
2025-05-19,8:40 PM,PHI,Edmundo Sosa,1,,,9,24.0,103.8,367.0,SL,Scott Alexander,COL @ PHI,777852,624641,518397
2025-06-22,7:10 PM,PHI,Edmundo Sosa,2,,,4,27.0,109.4,430.0,SL,David Peterson,NYM @ PHI,777405,624641,656849
2025-07-05,4:05 PM,PHI,Edmundo Sosa,3,,,5,32.0,101.4,358.0,SI,Nick Lodolo,CIN @ PHI,777233,624641,666157
2025-07-26,1:05 PM,PHI,Edmundo Sosa,4,,,7,21.0,110.6,424.0,SI,Allan Winans,NYY @ PHI,777001,624641,642216
2025-08-04,6:45 PM,PHI,Edmundo Sosa,5,,,8,27.0,107.9,429.0,FF,Elvin Rodriguez,BAL @ PHI,776877,624641,660730
2025-08-10,2:35 PM,PHI,Edmundo Sosa,6,,,5,30.0,102.1,403.0,SL,Patrick Corbin,TEX @ PHI,776800,624641,571578
2025-08-23,6:05 PM,PHI,Edmundo Sosa,7,,,4,31.0,94.1,380.0,FF,Mitchell Parker,WSH @ PHI,776628,624641,680730
2025-09-24,6:45 PM,PHI,Edmundo Sosa,8,,,4,27.0,99.5,396.0,CH,Ryan Weathers,MIA @ PHI,776201,624641,677960
2025-09-24,6:45 PM,PHI,Edmundo Sosa,9,,,5,34.0,101.1,378.0,SL,Lake Bachar,MIA @ PHI,776201,624641,669199
2025-09-24,6:45 PM,PHI,Edmundo Sosa,10,,,7,22.0,101.6,352.0,FC,Valente Bellozo,MIA @ PHI,776201,624641,678368
2025-09-26,6:45 PM,PHI,Edmundo Sosa,11,,,5,26.0,96.0,366.0,ST,Joe Ryan,MIN @ PHI,776176,624641,657746
2025-04-07,3:10 PM,DET,Andy Ibáñez,1,,,3,21.0,108.9,376.0,CH,Carlos Rodón,NYY @ DET,778424,628451,607074
2025-04-18,6:40 PM,DET,Andy Ibáñez,2,,,4,28.0,103.9,396.0,FF,Cole Ragans,KC @ DET,778277,628451,666142
2025-07-28,6:40 PM,DET,Andy Ibáñez,3,,,4,23.0,101.8,391.0,FF,Eduardo Rodriguez,AZ @ DET,776973,628451,593958
2025-08-23,6:10 PM,DET,Andy Ibáñez,4,,,8,24.0,96.2,378.0,CU,Sam Long,KC @ DET,776625,628451,669674
2025-03-28,9:40 PM,SD,Jake Cronenworth,1,,,8,34.0,101.7,381.0,SL,Dylan Lee,ATL @ SD,778542,630105,669276
2025-04-07,10:05 PM,SD,Jake Cronenworth,2,,,1,33.0,97.6,395.0,ST,Luis Severino,ATH @ SD,778414,630105,622663
2025-05-10,8:10 PM,SD,Jake Cronenworth,3,,,3,30.0,109.1,435.0,FF,Bradley Blalock,COL @ SD,777976,630105,687134
2025-05-25,4:10 PM,SD,Jake Cronenworth,4,,,7,30.0,99.0,382.0,SL,Spencer Schwellenbach,ATL @ SD,777783,630105,680885
2025-06-15,4:10 PM,SD,Jake Cronenworth,5,,,4,30.0,102.1,395.0,CH,Merrill Kelly,AZ @ SD,777491,630105,518876
2025-06-23,9:40 PM,SD,Jake Cronenworth,6,,,7,27.0,107.4,412.0,FF,Mitchell Parker,WSH @ SD,777382,630105,680730
2025-06-28,4:10 PM,SD,Jake Cronenworth,7,,,6,35.0,103.7,403.0,SL,Scott Barlow,CIN @ SD,777328,630105,605130
2025-07-05,9:40 PM,SD,Jake Cronenworth,8,,,2,27.0,104.7,383.0,SI,Patrick Corbin,TEX @ SD,777223,630105,571578
2025-08-03,4:10 PM,SD,Jake Cronenworth,9,,,4,29.0,101.5,398.0,FF,Andre Pallante,STL @ SD,776884,630105,669467
2025-08-25,9:40 PM,SD,Jake Cronenworth,10,,,2,41.0,101.7,362.0,FF,Bryce Miller,SEA @ SD,776595,630105,682243
2025-09-16,7:10 PM,SD,Jake Cronenworth,11,,,3,27.0,108.7,411.0,FF,Clay Holmes,NYM @ SD,776304,630105,605280
2025-09-05,7:10 PM,MIA,Brian Navarreto,1,,,8,25.0,101.4,401.0,FF,Tanner Banks,PHI @ MIA,776456,640459,621383
2025-03-30,1:35 PM,MIL,Jake Bauers,1,,,4,21.0,108.7,331.0,FC,Marcus Stroman,NYY @ MIL,778523,641343,573186
2025-04-22,9:45 PM,MIL,Jake Bauers,2,,,6,28.0,107.6,413.0,SI,Lou Trivino,SF @ MIL,778210,641343,642152
2025-05-06,7:40 PM,MIL,Jake Bauers,3,,,1,28.0,106.2,416.0,CU,Hayden Wesneski,HOU @ MIL,778031,641343,669713
2025-05-28,1:10 PM,MIL,Jake Bauers,4,,,3,27.0,108.6,392.0,FC,Brayan Bello,BOS @ MIL,777736,641343,678394
2025-06-10,7:40 PM,MIL,Jake Bauers,5,,,6,26.0,107.8,434.0,FF,Grant Holmes,ATL @ MIL,777568,641343,656550
2025-09-06,6:40 PM,MIL,Jake Bauers,6,,,4,28.0,98.9,382.0,FF,Mitch Keller,PIT @ MIL,776441,641343,656605
2025-09-09,8:05 PM,MIL,Jake Bauers,7,,,9,26.0,109.2,443.0,FF,Shawn Armstrong,TEX @ MIL,776395,641343,542888
2025-10-08,5:08 PM,MIL,Jake Bauers,8,,,7,27.0,101.5,364.0,SI,Andrew Kittredge,CHC @ MIL,813049,641343,552640
2025-03-29,1:05 PM,NYY,Cody Bellinger,1,,,1,29.0,108.3,451.0,FF,Nestor Cortes,MIL @ NYY,778538,641355,641482
2025-04-20,1:40 PM,NYY,Cody Bellinger,2,,,6,25.0,103.9,386.0,FF,Ryan Pepiot,TB @ NYY,778240,641355,686752
2025-04-29,6:35 PM,NYY,Cody Bellinger,3,,,1,35.0,103.0,403.0,FF,Kyle Gibson,BAL @ NYY,778133,641355,502043
2025-05-04,1:35 PM,NYY,Cody Bellinger,4,,,6,30.0,101.1,395.0,FF,Taj Bradley,TB @ NYY,778057,641355,671737
2025-05-07,7:05 PM,NYY,Cody Bellinger,5,,,7,30.0,102.4,373.0,FF,Dylan Cease,SD @ NYY,778019,641355,656302
2025-05-17,1:05 PM,NYY,Cody Bellinger,6,,,6,27.0,107.6,432.0,SL,Griffin Canning,NYM @ NYY,777888,641355,656288
2025-05-18,7:10 PM,NYY,Cody Bellinger,7,,,8,36.0,102.3,356.0,FF,Génesis Cabrera,NYM @ NYY,777878,641355,650893
2025-05-21,7:05 PM,NYY,Cody Bellinger,8,,,7,33.0,103.8,383.0,FF,Jacob deGrom,TEX @ NYY,777835,641355,594798
2025-06-05,7:05 PM,NYY,Cody Bellinger,9,,,4,25.0,101.6,398.0,FF,Slade Cecconi,CLE @ NYY,777644,641355,677944
2025-06-18,7:05 PM,NYY,Cody Bellinger,10,,,4,38.0,98.7,358.0,CH,Jack Kochanowicz,LAA @ NYY,777466,641355,686799
2025-06-29,1:35 PM,NYY,Cody Bellinger,11,,,5,26.0,101.6,378.0,FF,Hogan Harris,ATH @ NYY,777307,641355,663687
2025-06-30,7:07 PM,NYY,Cody Bellinger,12,,,8,23.0,99.6,360.0,ST,Mason Fluharty,TOR @ NYY,777295,641355,689254
2025-07-04,3:10 PM,NYY,Cody Bellinger,13,,,4,31.0,101.2,405.0,FC,Justin Hagenman,NYM @ NYY,777250,641355,663795
2025-07-11,7:05 PM,NYY,Cody Bellinger,14,,,3,38.0,101.7,371.0,CU,Chris Flexen,CHC @ NYY,777153,641355,623167
2025-07-11,7:05 PM,NYY,Cody Bellinger,15,,,5,35.0,102.0,376.0,FF,Caleb Thielbar,CHC @ NYY,777153,641355,573204
2025-07-11,7:05 PM,NYY,Cody Bellinger,16,,,8,36.0,102.9,380.0,SL,Jordan Wicks,CHC @ NYY,777153,641355,696136
2025-07-19,7:15 PM,NYY,Cody Bellinger,17,,,7,36.0,98.3,382.0,CU,Pierce Johnson,ATL @ NYY,777097,641355,572955
2025-07-22,7:07 PM,NYY,Cody Bellinger,18,,,5,26.0,102.1,405.0,SL,Max Scherzer,TOR @ NYY,777046,641355,453286
2025-07-25,7:05 PM,NYY,Cody Bellinger,19,,,1,39.0,102.7,375.0,CU,Taijuan Walker,PHI @ NYY,777015,641355,592836
2025-07-29,7:05 PM,NYY,Cody Bellinger,20,,,3,23.0,102.5,383.0,SL,Joe Boyle,TB @ NYY,776949,641355,671212
2025-08-11,7:05 PM,NYY,Cody Bellinger,21,,,1,31.0,98.9,375.0,SI,Zebby Matthews,MIN @ NYY,776790,641355,805673
2025-08-13,7:05 PM,NYY,Cody Bellinger,22,,,3,29.0,103.2,396.0,FF,Joe Ryan,MIN @ NYY,776760,641355,657746
2025-08-19,7:35 PM,NYY,Cody Bellinger,23,,,1,30.0,98.5,381.0,FC,Shane Baz,TB @ NYY,776677,641355,669358
2025-08-19,7:35 PM,NYY,Cody Bellinger,24,,,6,38.0,101.6,348.0,FC,Ian Seymour,TB @ NYY,776677,641355,693855
2025-08-27,1:05 PM,NYY,Cody Bellinger,25,,,3,26.0,102.9,410.0,FC,Cade Cavalli,WSH @ NYY,776570,641355,676917
2025-08-28,7:40 PM,NYY,Cody Bellinger,26,,,1,25.0,107.7,396.0,FC,Davis Martin,CWS @ NYY,776556,641355,663436
2025-09-03,8:10 PM,NYY,Cody Bellinger,27,,,9,23.0,99.9,381.0,SL,Bryan Abreu,HOU @ NYY,776472,641355,650556
2025-09-09,7:05 PM,NYY,Cody Bellinger,28,,,4,34.0,105.7,389.0,SV,Casey Mize,DET @ NYY,776398,641355,663554
2025-09-17,7:40 PM,NYY,Cody Bellinger,29,,,9,24.0,100.8,374.0,SI,Génesis Cabrera,MIN @ NYY,776284,641355,650893
2025-10-05,4:08 PM,NYY,Cody Bellinger,30,,,6,24.0,104.4,370.0,ST,Justin Bruihl,TOR @ NYY,813062,641355,677865
2025-04-23,6:45 PM,SEA,J.P. Crawford,1,,,4,27.0,100.9,386.0,SV,Sean Newcomb,BOS @ SEA,778207,641487,656794
2025-04-27,4:10 PM,SEA,J.P. Crawford,2,,,5,26.0,108.6,417.0,CH,Ronny Henriquez,MIA @ SEA,778136,641487,678692
2025-05-03,7:05 PM,SEA,J.P. Crawford,3,,,1,38.0,100.3,369.0,SI,Patrick Corbin,TEX @ SEA,778070,641487,571578
2025-05-16,9:40 PM,SEA,J.P. Crawford,4,,,1,33.0,100.3,357.0,FF,Stephen Kolek,SD @ SEA,777896,641487,663568
2025-05-31,7:15 PM,SEA,J.P. Crawford,5,,,7,30.0,105.0,401.0,FF,Jorge Alcala,MIN @ SEA,777695,641487,660896
2025-06-15,4:10 PM,SEA,J.P. Crawford,6,,,2,32.0,99.0,377.0,SL,Luis L. Ortiz,CLE @ SEA,777495,641487,682847
2025-07-09,7:05 PM,SEA,J.P. Crawford,7,,,3,27.0,92.7,344.0,FC,Cam Schlittler,NYY @ SEA,777184,641487,693645
2025-08-01,10:10 PM,SEA,J.P. Crawford,8,,,9,29.0,101.4,370.0,FF,Robert Garcia,TEX @ SEA,776908,641487,676395
2025-08-03,4:10 PM,SEA,J.P. Crawford,9,,,4,27.0,104.5,408.0,FF,Jacob deGrom,TEX @ SEA,776883,641487,594798
2025-09-13,9:40 PM,SEA,J.P. Crawford,10,,,4,27.0,101.1,391.0,FF,Mitch Farris,LAA @ SEA,776333,641487,815083
2025-09-17,7:40 PM,SEA,J.P. Crawford,11,,,8,38.0,104.2,386.0,SL,Lucas Erceg,KC @ SEA,776289,641487,668674
2025-09-21,7:10 PM,SEA,J.P. Crawford,12,,,2,40.0,100.8,365.0,ST,Jason Alexander,HOU @ SEA,776228,641487,669920
2025-10-07,4:08 PM,SEA,J.P. Crawford,13,,,6,31.0,104.5,397.0,ST,Brant Hurter,DET @ SEA,813056,641487,676428
2025-04-27,1:40 PM,NYY,J.C. Escarra,1,,,8,29.0,105.0,415.0,SL,Chad Green,TOR @ NYY,778170,641555,643338
2025-06-21,1:05 PM,NYY,J.C. Escarra,2,,,2,31.0,99.9,381.0,ST,Zach Eflin,BAL @ NYY,777422,641555,621107
2025-04-17,12:40 PM,CIN,Jake Fraley,1,,,8,21.0,107.1,365.0,FF,Eduard Bazardo,SEA @ CIN,778285,641584,660825
2025-04-19,4:05 PM,CIN,Jake Fraley,2,,,2,28.0,107.2,429.0,CH,Brandon Young,BAL @ CIN,778262,641584,687064
2025-05-03,6:40 PM,CIN,Jake Fraley,3,,,6,29.0,97.0,376.0,ST,Trevor Williams,WSH @ CIN,778077,641584,592866
2025-05-30,2:20 PM,CIN,Jake Fraley,4,,,6,28.0,101.9,400.0,FS,Colin Rea,CHC @ CIN,777712,641584,607067
2025-06-09,6:40 PM,CIN,Jake Fraley,5,,,4,24.0,105.4,382.0,SL,Luis L. Ortiz,CLE @ CIN,777580,641584,682847
2025-07-29,7:10 PM,CIN,Jake Fraley,6,,,4,31.0,103.5,405.0,SL,Tyler Glasnow,LAD @ CIN,776963,641584,607192
2025-04-26,9:40 PM,SEA,Mitch Garver,1,,,7,37.0,100.2,370.0,FA,Javier Sanoja,MIA @ SEA,778154,641598,691594
2025-06-20,2:20 PM,SEA,Mitch Garver,2,,,6,41.0,105.0,414.0,FF,Ryan Pressly,CHC @ SEA,777436,641598,519151
2025-06-20,2:20 PM,SEA,Mitch Garver,3,,,9,38.0,101.9,394.0,FC,Génesis Cabrera,CHC @ SEA,777436,641598,650893
2025-06-29,2:35 PM,SEA,Mitch Garver,4,,,12,31.0,108.7,437.0,SI,Cole Winn,TEX @ SEA,777302,641598,668390
2025-07-13,1:40 PM,SEA,Mitch Garver,5,,,7,36.0,104.3,398.0,FC,Tyler Holton,DET @ SEA,777121,641598,663947
2025-07-18,,SEA,Mitch Garver,6,,,7,30.0,106.6,420.0,FF,Bennett Sousa,HOU @ SEA,777099,641598,656986
2025-08-15,7:10 PM,SEA,Mitch Garver,7,,,2,26.0,105.3,405.0,FF,Sean Manaea,NYM @ SEA,776736,641598,640455
2025-08-18,6:45 PM,SEA,Mitch Garver,8,,,7,35.0,106.7,404.0,FC,Ranger Suárez,PHI @ SEA,776689,641598,624133
2025-09-12,10:10 PM,SEA,Mitch Garver,9,,,7,29.0,107.8,396.0,FF,Connor Brogdon,LAA @ SEA,776345,641598,641401
2025-03-28,8:05 PM,TEX,Jonah Heim,1,,,3,31.0,98.7,360.0,ST,Tanner Houck,BOS @ TEX,778550,641680,656557
2025-03-28,8:05 PM,TEX,Jonah Heim,2,,,5,27.0,107.4,417.0,SI,Tanner Houck,BOS @ TEX,778550,641680,656557
2025-04-09,2:20 PM,TEX,Jonah Heim,3,,,5,31.0,102.2,398.0,FF,Shota Imanaga,CHC @ TEX,778385,641680,684007
2025-04-24,10:05 PM,TEX,Jonah Heim,4,,,4,24.0,105.6,405.0,SI,J.T. Ginn,ATH @ TEX,778192,641680,669372
2025-05-11,1:40 PM,TEX,Jonah Heim,5,,,8,36.0,97.9,364.0,ST,Brant Hurter,DET @ TEX,777969,641680,676428
2025-05-20,7:05 PM,TEX,Jonah Heim,6,,,9,27.0,96.1,362.0,SL,Ian Hamilton,NYY @ TEX,777849,641680,641656
2025-06-04,7:35 PM,TEX,Jonah Heim,7,,,5,32.0,92.8,341.0,CH,Shane Baz,TB @ TEX,777646,641680,669358
2025-06-25,6:35 PM,TEX,Jonah Heim,8,,,6,35.0,101.8,377.0,FS,Scott Blewett,BAL @ TEX,777365,641680,656240
2025-07-25,8:05 PM,TEX,Jonah Heim,9,,,2,27.0,99.3,391.0,FC,Joey Wentz,ATL @ TEX,777009,641680,666214
2025-08-29,10:05 PM,TEX,Jonah Heim,10,,,5,36.0,100.6,392.0,FF,Jeffrey Springs,ATH @ TEX,776538,641680,605488
2025-09-16,8:10 PM,TEX,Jonah Heim,11,,,8,32.0,101.4,389.0,CH,Enyel De Los Santos,HOU @ TEX,776301,641680,660853
2025-04-05,8:10 PM,COL,Ryan McMahon,1,,,8,30.0,104.3,400.0,FF,Tyler Ferguson,ATH @ COL,778442,641857,621053
2025-04-09,8:40 PM,COL,Ryan McMahon,2,,,3,29.0,106.7,432.0,FF,Tyler Alexander,MIL @ COL,778379,641857,641302
2025-05-01,9:45 PM,COL,Ryan McMahon,3,,,7,30.0,105.6,400.0,FF,Justin Verlander,SF @ COL,778098,641857,434378
2025-05-07,8:40 PM,COL,Ryan McMahon,4,,,1,30.0,110.9,436.0,SL,Jackson Jobe,DET @ COL,778013,641857,695549
2025-05-09,8:40 PM,COL,Ryan McMahon,5,,,6,29.0,108.4,396.0,CH,Randy Vásquez,SD @ COL,777993,641857,681190
2025-05-11,3:10 PM,COL,Ryan McMahon,6,,,8,29.0,106.6,404.0,FF,Sean Reynolds,SD @ COL,777955,641857,669308
2025-06-07,9:40 PM,COL,Ryan McMahon,7,,,4,31.0,104.8,392.0,SL,Clay Holmes,NYM @ COL,777604,641857,605280
2025-06-10,8:40 PM,COL,Ryan McMahon,8,,,4,31.0,105.0,424.0,FF,Kyle Harrison,SF @ COL,777563,641857,690986
2025-06-13,7:15 PM,COL,Ryan McMahon,9,,,1,29.0,110.2,441.0,CH,Bryce Elder,ATL @ COL,777535,641857,693821
2025-06-15,1:35 PM,COL,Ryan McMahon,10,,,7,25.0,106.1,429.0,FF,Grant Holmes,ATL @ COL,777504,641857,656550
2025-06-17,6:45 PM,COL,Ryan McMahon,11,,,7,31.0,104.7,396.0,FF,Cole Henry,WSH @ COL,777480,641857,669371
2025-06-20,8:40 PM,COL,Ryan McMahon,12,,,4,30.0,112.0,467.0,CH,Zac Gallen,AZ @ COL,777430,641857,668678
2025-07-11,7:10 PM,COL,Ryan McMahon,13,,,4,30.0,107.1,414.0,CU,Chase Burns,CIN @ COL,777160,641857,695505
2025-07-18,,COL,Ryan McMahon,14,,,1,37.0,105.1,436.0,CU,Chris Paddack,MIN @ COL,777102,641857,663978
2025-07-19,8:10 PM,COL,Ryan McMahon,15,,,3,25.0,106.9,429.0,SL,Zebby Matthews,MIN @ COL,777080,641857,805673
2025-07-22,8:40 PM,COL,Ryan McMahon,16,,,3,25.0,106.8,410.0,SI,Erick Fedde,STL @ COL,777049,641857,607200
2025-08-16,7:15 PM,NYY,Ryan McMahon,17,,,7,28.0,95.8,372.0,SL,Roddery Muñoz,STL @ NYY,776713,641857,682610
2025-08-27,1:05 PM,NYY,Ryan McMahon,18,,,3,28.0,104.3,409.0,FF,Cade Cavalli,WSH @ NYY,776570,641857,676917
2025-09-04,7:40 PM,NYY,Ryan McMahon,19,,,5,34.0,105.0,410.0,KC,Cristian Javier,HOU @ NYY,776464,641857,664299
2025-09-27,1:05 PM,NYY,Ryan McMahon,20,,,2,23.0,108.1,401.0,FS,Tomoyuki Sugano,BAL @ NYY,776162,641857,608372
2025-10-08,7:08 PM,NYY,Ryan McMahon,21,,,3,24.0,102.8,357.0,ST,Mason Fluharty,TOR @ NYY,813060,641857,689254
2025-04-13,1:35 PM,BAL,Tyler O'Neill,1,,,4,26.0,105.4,398.0,CH,José Berríos,TOR @ BAL,778344,641933,621244
2025-07-05,4:10 PM,BAL,Tyler O'Neill,2,,,3,33.0,107.0,445.0,CU,Aaron Bummer,ATL @ BAL,777237,641933,607481
2025-07-25,7:05 PM,BAL,Tyler O'Neill,3,,,1,26.0,107.6,375.0,FC,Kyle Freeland,COL @ BAL,777020,641933,607536
2025-07-26,7:05 PM,BAL,Tyler O'Neill,4,,,2,27.0,108.1,417.0,FF,Antonio Senzatela,COL @ BAL,776999,641933,622608
2025-07-27,1:35 PM,BAL,Tyler O'Neill,5,,,3,26.0,113.6,433.0,FF,Austin Gomber,COL @ BAL,776986,641933,596295
2025-07-29,12:35 PM,BAL,Tyler O'Neill,6,,,6,34.0,104.1,401.0,SL,Lazaro Estrada,TOR @ BAL,778372,641933,681751
2025-08-04,6:45 PM,BAL,Tyler O'Neill,7,,,2,31.0,106.3,417.0,FF,Jesús Luzardo,PHI @ BAL,776877,641933,666200
2025-09-26,7:05 PM,BAL,Tyler O'Neill,8,,,6,30.0,102.2,394.0,FF,Will Warren,NYY @ BAL,776174,641933,701542
2025-04-27,4:05 PM,CWS,Joshua Palacios,1,,,1,32.0,100.7,400.0,FF,Osvaldo Bido,ATH @ CWS,778149,641943,674370
2025-05-21,2:10 PM,CWS,Joshua Palacios,2,,,4,31.0,102.0,385.0,FF,Logan Evans,SEA @ CWS,777830,641943,688138
2025-05-24,4:10 PM,CWS,Joshua Palacios,3,,,4,40.0,107.7,361.0,SL,Jack Leiter,TEX @ CWS,777792,641943,683004
2025-06-12,3:10 PM,SF,Dominic Smith,1,,,5,33.0,106.2,433.0,CH,Antonio Senzatela,COL @ SF,777534,642086,622608
2025-07-11,10:15 PM,SF,Dominic Smith,2,,,5,29.0,99.8,379.0,SI,Dustin May,LAD @ SF,777143,642086,669160
2025-08-02,4:10 PM,SF,Dominic Smith,3,,,3,28.0,98.3,366.0,FF,Kodai Senga,NYM @ SF,776911,642086,673540
2025-08-29,10:15 PM,SF,Dominic Smith,4,,,4,38.0,106.7,387.0,SL,Corbin Martin,BAL @ SF,776533,642086,656686
2025-09-08,9:45 PM,SF,Dominic Smith,5,,,3,26.0,107.7,414.0,CH,Nabil Crismatt,AZ @ SF,776399,642086,622503
2025-04-11,9:40 PM,SEA,Rowdy Tellez,1,,,2,23.0,102.2,363.0,FF,Jacob deGrom,TEX @ SEA,778360,642133,594798
2025-04-18,7:07 PM,SEA,Rowdy Tellez,2,,,2,20.0,113.1,373.0,FF,Bowden Francis,TOR @ SEA,778273,642133,670102
2025-04-19,3:07 PM,SEA,Rowdy Tellez,3,,,12,24.0,108.5,430.0,FF,Jacob Barnes,TOR @ SEA,778258,642133,606930
2025-04-20,1:37 PM,SEA,Rowdy Tellez,4,,,7,22.0,106.0,393.0,SI,Dillon Tate,TOR @ SEA,778241,642133,622253
2025-05-07,3:35 PM,SEA,Rowdy Tellez,5,,,6,28.0,104.8,399.0,FC,Mitch Spence,ATH @ SEA,778010,642133,687765
2025-05-10,9:40 PM,SEA,Rowdy Tellez,6,,,2,36.0,104.6,390.0,FF,Bowden Francis,TOR @ SEA,777970,642133,670102
2025-05-16,9:40 PM,SEA,Rowdy Tellez,7,,,4,23.0,111.7,408.0,ST,Stephen Kolek,SD @ SEA,777896,642133,663568
2025-05-17,8:40 PM,SEA,Rowdy Tellez,8,,,5,26.0,106.0,398.0,FF,Nick Pivetta,SD @ SEA,777875,642133,601713
2025-06-03,9:40 PM,SEA,Rowdy Tellez,9,,,2,26.0,108.6,404.0,CU,Tomoyuki Sugano,BAL @ SEA,777655,642133,608372
2025-06-10,9:40 PM,SEA,Rowdy Tellez,10,,,6,23.0,107.8,440.0,SI,Brandon Pfaadt,AZ @ SEA,777559,642133,694297
2025-06-13,10:10 PM,SEA,Rowdy Tellez,11,,,4,27.0,107.3,399.0,ST,Gavin Williams,CLE @ SEA,777520,642133,668909
2025-07-19,7:05 PM,TEX,Rowdy Tellez,12,,,2,25.0,111.4,432.0,FF,Keider Montero,DET @ TEX,777088,642133,672456
2025-08-11,8:05 PM,TEX,Rowdy Tellez,13,,,9,25.0,107.8,413.0,CH,Andrew Hoffmann,AZ @ TEX,776785,642133,694851
2025-08-22,8:05 PM,TEX,Rowdy Tellez,14,,,5,36.0,93.9,349.0,FF,Slade Cecconi,CLE @ TEX,776641,642133,677944
2025-08-24,2:35 PM,TEX,Rowdy Tellez,15,,,4,27.0,108.4,426.0,FC,Gavin Williams,CLE @ TEX,776611,642133,668909
2025-09-19,8:05 PM,TEX,Rowdy Tellez,16,,,10,29.0,110.7,425.0,FC,Michael Petersen,MIA @ TEX,776251,642133,656848
2025-09-28,3:10 PM,TEX,Rowdy Tellez,17,,,10,28.0,94.2,362.0,CU,Zak Kent,CLE @ TEX,776147,642133,687849
2025-04-20,1:35 PM,CWS,Matt Thaiss,1,,,1,38.0,101.9,382.0,FF,Tanner Houck,BOS @ CWS,778245,642136,656557
2025-04-23,12:15 PM,ATL,Eli White,1,,,8,28.0,106.9,434.0,SL,Ryan Fernandez,STL @ ATL,778214,642201,681676
2025-04-26,8:10 PM,ATL,Eli White,2,,,7,28.0,106.8,418.0,SL,Ryan Thompson,AZ @ ATL,778162,642201,657044
2025-06-09,7:40 PM,ATL,Eli White,3,,,8,35.0,100.7,388.0,ST,Grant Anderson,MIL @ ATL,777575,642201,681982
2025-07-08,10:05 PM,ATL,Eli White,4,,,5,34.0,105.8,452.0,FC,Jeffrey Springs,ATH @ ATL,777189,642201,605488
2025-08-02,,ATL,Eli White,5,,,2,32.0,109.6,411.0,CH,Brent Suter,CIN @ ATL,776907,642201,608718
2025-08-02,,ATL,Eli White,6,,,7,24.0,106.8,413.0,SI,Scott Barlow,CIN @ ATL,776907,642201,605130
2025-08-05,7:15 PM,ATL,Eli White,7,,,4,25.0,106.5,407.0,FF,Freddy Peralta,MIL @ ATL,776869,642201,642547
2025-09-02,7:40 PM,ATL,Eli White,8,,,5,26.0,106.5,409.0,FF,Shota Imanaga,CHC @ ATL,776487,642201,684007
2025-09-12,7:15 PM,ATL,Eli White,9,,,8,27.0,106.6,416.0,FF,Colton Gordon,HOU @ ATL,776360,642201,676467
2025-09-24,12:15 PM,ATL,Eli White,10,,,9,30.0,108.3,436.0,SI,Jose A. Ferrer,WSH @ ATL,776200,642201,678606
2025-05-04,2:05 PM,PHI,Weston Wilson,1,,,6,26.0,107.3,395.0,SL,Juan Morillo,AZ @ PHI,778059,642215,666661
2025-08-04,6:45 PM,PHI,Weston Wilson,2,,,8,25.0,103.8,381.0,FC,Elvin Rodriguez,BAL @ PHI,776877,642215,660730
2025-08-30,6:05 PM,PHI,Weston Wilson,3,,,3,37.0,105.9,387.0,FF,Chris Sale,ATL @ PHI,776532,642215,519242
2025-09-03,7:40 PM,PHI,Weston Wilson,4,,,7,30.0,108.1,444.0,CU,Jose Quintana,MIL @ PHI,776471,642215,500779
2025-09-15,10:10 PM,PHI,Weston Wilson,5,,,7,24.0,109.0,417.0,FF,Jack Dreyer,LAD @ PHI,776311,642215,676263
2025-03-29,4:05 PM,WSH,Amed Rosario,1,,,6,32.0,98.5,373.0,FF,José Ruiz,PHI @ WSH,778535,642708,614179
2025-05-03,6:40 PM,WSH,Amed Rosario,2,,,6,29.0,104.1,408.0,CH,Nick Lodolo,CIN @ WSH,778077,642708,666157
2025-06-04,6:45 PM,WSH,Amed Rosario,3,,,7,28.0,97.3,350.0,FF,Matthew Boyd,CHC @ WSH,777650,642708,571510
2025-06-20,10:10 PM,WSH,Amed Rosario,4,,,1,32.0,103.0,396.0,FF,Clayton Kershaw,LAD @ WSH,777427,642708,477132
2025-07-09,7:45 PM,WSH,Amed Rosario,5,,,5,23.0,107.0,434.0,FF,Andre Pallante,STL @ WSH,777178,642708,669467
2025-09-14,7:10 PM,NYY,Amed Rosario,6,,,4,26.0,100.9,387.0,ST,Garrett Crochet,BOS @ NYY,776330,642708,676979
2025-04-14,6:45 PM,SF,Willy Adames,1,,,2,31.0,101.4,378.0,SI,Taijuan Walker,PHI @ SF,778320,642715,592836
2025-04-29,9:40 PM,SF,Willy Adames,2,,,4,32.0,105.0,399.0,FF,Nick Pivetta,SD @ SF,778126,642715,601713
2025-05-04,4:05 PM,SF,Willy Adames,3,,,1,30.0,103.0,392.0,FF,Germán Márquez,COL @ SF,778048,642715,608566
2025-05-04,4:05 PM,SF,Willy Adames,4,,,3,33.0,101.6,398.0,SL,Germán Márquez,COL @ SF,778048,642715,608566
2025-05-13,9:45 PM,SF,Willy Adames,5,,,5,24.0,101.5,377.0,SL,Juan Morillo,AZ @ SF,777930,642715,666661
2025-06-10,8:40 PM,SF,Willy Adames,6,,,5,26.0,108.8,439.0,FF,Carson Palmquist,COL @ SF,777563,642715,687223
2025-06-11,8:40 PM,SF,Willy Adames,7,,,1,34.0,106.6,452.0,FF,Kyle Freeland,COL @ SF,777547,642715,607536
2025-06-13,10:10 PM,SF,Willy Adames,8,,,1,32.0,102.2,380.0,FF,Yoshinobu Yamamoto,LAD @ SF,777522,642715,808967
2025-06-22,4:05 PM,SF,Willy Adames,9,,,8,31.0,106.6,402.0,ST,Zack Kelly,BOS @ SF,777395,642715,677161
2025-07-01,9:40 PM,SF,Willy Adames,10,,,2,25.0,105.5,409.0,SL,Zac Gallen,AZ @ SF,777278,642715,668678
2025-07-06,10:05 PM,SF,Willy Adames,11,,,4,30.0,102.4,432.0,SL,Jacob Lopez,ATH @ SF,777210,642715,682052
2025-07-11,10:15 PM,SF,Willy Adames,12,,,2,24.0,104.8,416.0,SI,Dustin May,LAD @ SF,777143,642715,669160
2025-07-19,3:07 PM,SF,Willy Adames,13,,,5,37.0,106.5,391.0,FF,Eric Lauer,TOR @ SF,777094,642715,641778
2025-07-19,3:07 PM,SF,Willy Adames,14,,,7,30.0,107.5,386.0,FF,Chad Green,TOR @ SF,777094,642715,643338
2025-07-21,7:15 PM,SF,Willy Adames,15,,,7,34.0,101.5,389.0,FF,Rafael Montero,ATL @ SF,777069,642715,606160
2025-07-29,9:45 PM,SF,Willy Adames,16,,,4,28.0,101.5,397.0,FF,Bailey Falter,PIT @ SF,776943,642715,663559
2025-08-02,4:10 PM,SF,Willy Adames,17,,,9,32.0,101.4,402.0,FF,Rico Garcia,NYM @ SF,776911,642715,670329
2025-08-05,6:40 PM,SF,Willy Adames,18,,,5,28.0,100.0,368.0,FF,Mike Burrows,PIT @ SF,776866,642715,681347
2025-08-15,10:15 PM,SF,Willy Adames,19,,,3,36.0,101.6,409.0,SL,Joe Boyle,TB @ SF,776729,642715,671212
2025-08-21,4:10 PM,SF,Willy Adames,20,,,6,29.0,106.0,409.0,FF,Dylan Cease,SD @ SF,776642,642715,656302
2025-08-22,8:10 PM,SF,Willy Adames,21,,,1,32.0,106.8,419.0,FF,Jose Quintana,MIL @ SF,776634,642715,500779
2025-08-22,8:10 PM,SF,Willy Adames,22,,,8,25.0,102.9,368.0,SI,Aaron Ashby,MIL @ SF,776634,642715,676879
2025-08-28,3:45 PM,SF,Willy Adames,23,,,1,32.0,107.0,417.0,FF,Shota Imanaga,CHC @ SF,776550,642715,684007
2025-08-28,3:45 PM,SF,Willy Adames,24,,,6,34.0,102.4,400.0,FF,Shota Imanaga,CHC @ SF,776550,642715,684007
2025-08-30,7:15 PM,SF,Willy Adames,25,,,1,32.0,102.1,381.0,FF,Trevor Rogers,BAL @ SF,776516,642715,669432
2025-09-01,4:10 PM,SF,Willy Adames,26,,,7,34.0,97.3,393.0,CU,Anthony Molina,COL @ SF,776492,642715,683627
2025-09-05,8:15 PM,SF,Willy Adames,27,,,1,32.0,103.0,401.0,ST,Michael McGreevy,STL @ SF,776445,642715,700241
2025-09-09,9:45 PM,SF,Willy Adames,28,,,1,34.0,107.7,394.0,SI,Zac Gallen,AZ @ SF,776394,642715,668678
2025-09-26,10:15 PM,SF,Willy Adames,29,,,1,33.0,110.2,402.0,FF,Germán Márquez,COL @ SF,776166,642715,608566
2025-09-28,3:05 PM,SF,Willy Adames,30,,,1,25.0,105.7,417.0,SI,McCade Brown,COL @ SF,776137,642715,685326
2025-06-17,6:45 PM,COL,Thairo Estrada,1,,,2,31.0,101.9,390.0,FF,Michael Soroka,WSH @ COL,777480,642731,647336
2025-07-03,3:10 PM,COL,Thairo Estrada,2,,,1,33.0,95.9,390.0,FC,Brandon Walter,HOU @ COL,777264,642731,687888
2025-07-25,7:05 PM,COL,Thairo Estrada,3,,,4,26.0,97.7,394.0,SI,Dean Kremer,BAL @ COL,777020,642731,665152
2025-03-30,1:40 PM,CIN,Austin Wynns,1,,,6,24.0,107.0,410.0,SL,Robbie Ray,SF @ CIN,778522,642851,592662
2025-04-20,1:35 PM,CIN,Austin Wynns,2,,,9,28.0,107.0,403.0,FA,Gary Sánchez,BAL @ CIN,778250,642851,596142
2025-04-23,1:10 PM,CIN,Austin Wynns,3,,,3,25.0,106.2,385.0,FF,Sandy Alcantara,MIA @ CIN,778208,642851,645261
2025-06-13,8:10 PM,ATH,Austin Wynns,4,,,2,38.0,107.1,399.0,SI,Michael Wacha,KC @ ATH,777529,642851,608379
2025-06-15,2:10 PM,ATH,Austin Wynns,5,,,6,24.0,105.0,429.0,SI,John Schreiber,KC @ ATH,777496,642851,670167
2025-07-13,4:05 PM,ATH,Austin Wynns,6,,,2,43.0,103.6,387.0,FC,José Berríos,TOR @ ATH,777116,642851,621244
2025-03-31,2:10 PM,CWS,Andrew Benintendi,1,,,2,35.0,104.3,401.0,CH,Chris Paddack,MIN @ CWS,778506,643217,663978
2025-04-18,7:10 PM,CWS,Andrew Benintendi,2,,,4,30.0,105.1,383.0,CU,Hunter Dobbins,BOS @ CWS,778275,643217,690928
2025-04-21,11:10 AM,CWS,Andrew Benintendi,3,,,8,22.0,106.6,358.0,SI,Aroldis Chapman,BOS @ CWS,778238,643217,547973
2025-04-29,7:40 PM,CWS,Andrew Benintendi,4,,,1,22.0,108.5,366.0,FF,Freddy Peralta,MIL @ CWS,778125,643217,642547
2025-05-28,1:10 PM,CWS,Andrew Benintendi,5,,,8,27.0,105.4,366.0,SI,Brandon Waddell,NYM @ CWS,777737,643217,663399
2025-06-19,2:15 PM,CWS,Andrew Benintendi,6,,,7,25.0,105.7,401.0,SL,Kyle Leahy,STL @ CWS,777458,643217,681517
2025-06-20,7:07 PM,CWS,Andrew Benintendi,7,,,1,28.0,108.3,425.0,FF,Spencer Turnbull,TOR @ CWS,777435,643217,605513
2025-06-25,2:10 PM,CWS,Andrew Benintendi,8,,,1,28.0,103.7,390.0,FF,Zac Gallen,AZ @ CWS,777370,643217,668678
2025-06-28,4:10 PM,CWS,Andrew Benintendi,9,,,6,33.0,103.4,388.0,FF,Robbie Ray,SF @ CWS,777327,643217,592662
2025-07-13,2:10 PM,CWS,Andrew Benintendi,10,,,6,32.0,100.6,394.0,CH,Joey Cantillo,CLE @ CWS,777120,643217,676282
2025-07-27,2:10 PM,CWS,Andrew Benintendi,11,,,1,26.0,103.2,368.0,FF,Ben Brown,CHC @ CWS,776989,643217,676962
2025-07-27,2:10 PM,CWS,Andrew Benintendi,12,,,8,37.0,103.8,376.0,FF,Ryan Brasier,CHC @ CWS,776989,643217,518489
2025-08-01,9:38 PM,CWS,Andrew Benintendi,13,,,2,40.0,99.6,375.0,FC,Tyler Anderson,LAA @ CWS,776916,643217,542881
2025-08-27,7:40 PM,CWS,Andrew Benintendi,14,,,4,29.0,98.3,353.0,ST,Ryan Bergert,KC @ CWS,776569,643217,686701
2025-09-02,7:40 PM,CWS,Andrew Benintendi,15,,,2,24.0,107.0,398.0,SL,Simeon Woods Richardson,MIN @ CWS,776484,643217,680573
2025-09-02,7:40 PM,CWS,Andrew Benintendi,16,,,8,35.0,104.0,406.0,ST,Noah Davis,MIN @ CWS,776484,643217,663562
2025-09-05,6:40 PM,CWS,Andrew Benintendi,17,,,6,28.0,101.0,399.0,SI,Bailey Horn,DET @ CWS,776452,643217,690544
2025-09-10,7:40 PM,CWS,Andrew Benintendi,18,,,3,32.0,103.0,375.0,SI,Kevin Kelly,TB @ CWS,776378,643217,687330
2025-09-16,7:40 PM,CWS,Andrew Benintendi,19,,,8,31.0,103.4,404.0,FF,Rico Garcia,BAL @ CWS,776306,643217,670329
2025-05-21,1:10 PM,HOU,Mauricio Dubón,1,,,8,34.0,97.3,385.0,FF,Edwin Uceta,TB @ HOU,777832,643289,670955
2025-06-17,10:05 PM,HOU,Mauricio Dubón,2,,,4,23.0,103.2,385.0,CU,JP Sears,ATH @ HOU,777469,643289,676664
2025-06-18,10:05 PM,HOU,Mauricio Dubón,3,,,3,38.0,99.4,400.0,SI,Luis Severino,ATH @ HOU,777456,643289,622663
2025-06-22,4:07 PM,HOU,Mauricio Dubón,4,,,5,33.0,99.1,378.0,SI,Kyle Hendricks,LAA @ HOU,777397,643289,543294
2025-06-22,4:07 PM,HOU,Mauricio Dubón,5,,,6,29.0,101.6,402.0,SI,Hunter Strickland,LAA @ HOU,777397,643289,519326
2025-07-12,7:35 PM,HOU,Mauricio Dubón,6,,,7,28.0,95.4,364.0,ST,Jacob Webb,TEX @ HOU,777137,643289,657097
2025-08-20,1:10 PM,HOU,Mauricio Dubón,7,,,4,22.0,102.2,377.0,SI,Charlie Morton,DET @ HOU,776673,643289,450203
2025-04-11,7:05 PM,TB,Danny Jansen,1,,,4,40.0,100.2,358.0,SI,Bryce Elder,ATL @ TB,778367,643376,693821
2025-05-13,7:07 PM,TB,Danny Jansen,2,,,7,27.0,105.5,376.0,ST,Mason Fluharty,TOR @ TB,777935,643376,689254
2025-05-19,7:05 PM,TB,Danny Jansen,3,,,5,36.0,90.9,330.0,SI,Colton Gordon,HOU @ TB,777858,643376,676467
2025-05-26,7:05 PM,TB,Danny Jansen,4,,,8,28.0,100.5,383.0,FC,Kody Funderburk,MIN @ TB,777762,643376,681892
2025-06-07,4:10 PM,TB,Danny Jansen,5,,,4,21.0,102.9,375.0,ST,Ronny Henriquez,MIA @ TB,777611,643376,678692
2025-06-13,7:10 PM,TB,Danny Jansen,6,,,6,34.0,105.0,389.0,SL,Max Kranick,NYM @ TB,777528,643376,668820
2025-06-21,12:10 PM,TB,Danny Jansen,7,,,4,36.0,101.3,369.0,CH,Sawyer Gipson-Long,DET @ TB,777420,643376,687830
2025-06-24,7:40 PM,TB,Danny Jansen,8,,,2,30.0,98.2,373.0,FF,Kris Bubic,KC @ TB,777378,643376,663460
2025-07-01,7:05 PM,TB,Danny Jansen,9,,,7,41.0,102.2,377.0,FF,Justin Sterner,ATH @ TB,777286,643376,686993
2025-07-18,,TB,Danny Jansen,10,,,2,38.0,101.4,386.0,FF,Charlie Morton,BAL @ TB,777110,643376,450203
2025-07-20,12:10 PM,TB,Danny Jansen,11,,,4,39.0,101.5,389.0,SL,Trevor Rogers,BAL @ TB,777076,643376,669432
2025-09-14,2:10 PM,MIL,Danny Jansen,12,,,5,28.0,103.7,410.0,SI,Miles Mikolas,STL @ MIL,776326,643376,571945
2025-09-24,4:10 PM,MIL,Danny Jansen,13,,,9,33.0,101.1,392.0,SL,Jeremiah Estrada,SD @ MIL,776198,643376,669093
2025-09-28,3:10 PM,MIL,Danny Jansen,14,,,4,24.0,105.4,382.0,SL,Brady Singer,CIN @ MIL,776144,643376,663903
2025-05-12,7:10 PM,PIT,Isiah Kiner-Falefa,1,,,2,21.0,105.5,382.0,CH,David Peterson,NYM @ PIT,777950,643396,656849
2025-09-24,7:07 PM,TOR,Isiah Kiner-Falefa,2,,,9,33.0,94.6,354.0,FF,Payton Tolle,BOS @ TOR,776206,643396,801139
2025-04-28,4:05 PM,NYM,Jeff McNeil,1,,,5,23.0,105.1,420.0,FF,Trevor Williams,WSH @ NYM,778138,643446,592866
2025-05-09,7:10 PM,NYM,Jeff McNeil,2,,,2,23.0,103.1,369.0,FF,Jameson Taillon,CHC @ NYM,778001,643446,592791
2025-05-31,4:10 PM,NYM,Jeff McNeil,3,,,8,30.0,97.9,378.0,SL,Juan Mejia,COL @ NYM,777700,643446,675848
2025-06-07,9:40 PM,NYM,Jeff McNeil,4,,,6,26.0,101.2,414.0,FF,Germán Márquez,COL @ NYM,777604,643446,608566
2025-06-08,3:10 PM,NYM,Jeff McNeil,5,,,2,32.0,99.8,411.0,FF,Chase Dollander,COL @ NYM,777583,643446,801403
2025-06-08,3:10 PM,NYM,Jeff McNeil,6,,,4,36.0,101.8,404.0,FF,Juan Mejia,COL @ NYM,777583,643446,675848
2025-06-12,1:10 PM,NYM,Jeff McNeil,7,,,1,31.0,92.9,342.0,FF,Michael Soroka,WSH @ NYM,777544,643446,647336
2025-06-20,7:15 PM,NYM,Jeff McNeil,8,,,6,21.0,105.9,368.0,FS,Taijuan Walker,PHI @ NYM,777437,643446,592836
2025-07-04,3:10 PM,NYM,Jeff McNeil,9,,,7,29.0,106.8,398.0,CH,Luke Weaver,NYY @ NYM,777250,643446,596133
2025-08-19,6:45 PM,NYM,Jeff McNeil,10,,,9,26.0,100.4,394.0,SI,Jackson Rutledge,WSH @ NYM,776678,643446,671131
2025-08-23,7:15 PM,NYM,Jeff McNeil,11,,,3,34.0,105.7,420.0,FC,Cal Quantrill,ATL @ NYM,776626,643446,615698
2025-08-23,7:15 PM,NYM,Jeff McNeil,12,,,9,27.0,99.6,387.0,FF,Austin Cox,ATL @ NYM,776626,643446,680735
2025-05-24,4:10 PM,CWS,Mike Tauchman,1,,,8,30.0,100.9,364.0,FC,Caleb Boushley,TEX @ CWS,777792,643565,676961
2025-06-01,1:35 PM,CWS,Mike Tauchman,2,,,7,30.0,96.4,347.0,SL,Gregory Soto,BAL @ CWS,777684,643565,642397
2025-06-06,7:40 PM,CWS,Mike Tauchman,3,,,5,25.0,107.2,372.0,SI,Seth Lugo,KC @ CWS,777618,643565,607625
2025-06-12,8:10 PM,CWS,Mike Tauchman,4,,,9,20.0,104.9,352.0,SL,Josh Hader,HOU @ CWS,777546,643565,623352
2025-07-20,1:35 PM,CWS,Mike Tauchman,5,,,1,30.0,107.2,429.0,SI,Andrew Heaney,PIT @ CWS,777074,643565,571760
2025-07-25,7:40 PM,CWS,Mike Tauchman,6,,,4,24.0,108.2,382.0,FF,Chris Flexen,CHC @ CWS,777017,643565,623167
2025-07-26,7:10 PM,CWS,Mike Tauchman,7,,,9,29.0,96.8,381.0,CU,Ryan Pressly,CHC @ CWS,776994,643565,519151
2025-08-06,9:40 PM,CWS,Mike Tauchman,8,,,7,26.0,102.6,405.0,SL,Eduard Bazardo,SEA @ CWS,776841,643565,660825
2025-09-17,2:10 PM,CWS,Mike Tauchman,9,,,4,34.0,100.8,368.0,SL,Tyler Wells,BAL @ CWS,776285,643565,669330
2025-06-28,4:05 PM,BAL,Chadwick Tromp,1,,,5,29.0,100.3,367.0,SL,Zack Littell,TB @ BAL,777330,644433,641793
2025-04-11,7:05 PM,ATL,Ozzie Albies,1,,,8,24.0,105.5,342.0,FC,Edwin Uceta,TB @ ATL,778367,645277,670955
2025-04-12,4:10 PM,ATL,Ozzie Albies,2,,,8,26.0,102.1,375.0,FF,Hunter Bigge,TB @ ATL,778353,645277,685801
2025-04-15,7:07 PM,ATL,Ozzie Albies,3,,,9,29.0,99.9,373.0,SL,Chad Green,TOR @ ATL,778311,645277,643338
2025-05-03,7:15 PM,ATL,Ozzie Albies,4,,,4,25.0,106.3,368.0,FF,Roki Sasaki,LAD @ ATL,778076,645277,808963
2025-05-29,6:45 PM,ATL,Ozzie Albies,5,,,4,37.0,94.9,345.0,FS,Zack Wheeler,PHI @ ATL,777723,645277,554430
2025-07-10,9:05 PM,ATL,Ozzie Albies,6,,,7,27.0,98.8,392.0,SL,J.T. Ginn,ATH @ ATL,777156,645277,669372
2025-07-18,,ATL,Ozzie Albies,7,,,3,33.0,101.9,390.0,CH,Rico Garcia,NYY @ ATL,777114,645277,670329
2025-07-19,7:15 PM,ATL,Ozzie Albies,8,,,4,33.0,93.1,352.0,FF,Will Warren,NYY @ ATL,777097,645277,701542
2025-08-14,7:10 PM,ATL,Ozzie Albies,9,,,4,28.0,99.2,377.0,FF,Kodai Senga,NYM @ ATL,776748,645277,673540
2025-08-26,6:40 PM,ATL,Ozzie Albies,10,,,4,35.0,105.6,394.0,FF,Sandy Alcantara,MIA @ ATL,776581,645277,645261
2025-08-26,6:40 PM,ATL,Ozzie Albies,11,,,9,38.0,105.6,383.0,SL,Josh Simpson,MIA @ ATL,776581,645277,681006
2025-08-27,1:10 PM,ATL,Ozzie Albies,12,,,3,28.0,107.2,391.0,FF,Ryan Gusto,MIA @ ATL,776565,645277,687473
2025-09-02,7:40 PM,ATL,Ozzie Albies,13,,,4,23.0,104.5,377.0,FF,Shota Imanaga,CHC @ ATL,776487,645277,684007
2025-09-03,7:40 PM,ATL,Ozzie Albies,14,,,8,31.0,101.6,369.0,SI,Taylor Rogers,CHC @ ATL,776473,645277,573124
2025-09-08,7:15 PM,ATL,Ozzie Albies,15,,,1,29.0,108.1,435.0,FF,Shota Imanaga,CHC @ ATL,776412,645277,684007
2025-09-19,8:10 PM,SEA,Victor Robles,1,,,7,34.0,102.1,392.0,SL,Enyel De Los Santos,HOU @ SEA,776262,645302,660853
2025-04-06,1:35 PM,AZ,Jose Herrera,1,,,2,29.0,97.4,384.0,FF,Trevor Williams,WSH @ AZ,778429,645444,592866
2025-08-14,8:40 PM,AZ,Jose Herrera,2,,,2,34.0,92.6,381.0,FF,Bradley Blalock,COL @ AZ,776742,645444,687134
2025-04-06,1:35 PM,BOS,Rafael Devers,1,,,5,23.0,107.4,393.0,FF,Andre Pallante,STL @ BOS,778443,646240,669467
2025-04-19,4:10 PM,BOS,Rafael Devers,2,,,5,32.0,104.8,389.0,FF,Shane Smith,CWS @ BOS,778264,646240,681343
2025-04-26,1:10 PM,BOS,Rafael Devers,3,,,3,36.0,110.9,381.0,FC,Ben Lively,CLE @ BOS,778179,646240,594902
2025-04-27,1:40 PM,BOS,Rafael Devers,4,,,6,25.0,101.0,362.0,SL,Jakob Junis,CLE @ BOS,778157,646240,596001
2025-04-29,7:07 PM,BOS,Rafael Devers,5,,,3,27.0,111.1,422.0,FS,Bowden Francis,TOR @ BOS,778127,646240,670102
2025-05-08,1:35 PM,BOS,Rafael Devers,6,,,7,27.0,103.0,379.0,FF,Jacob Latz,TEX @ BOS,778006,646240,656641
2025-05-11,2:10 PM,BOS,Rafael Devers,7,,,6,29.0,110.4,440.0,FF,Seth Lugo,KC @ BOS,777965,646240,607625
2025-05-17,7:15 PM,BOS,Rafael Devers,8,,,9,24.0,107.3,402.0,CU,Pierce Johnson,ATL @ BOS,777893,646240,572955
2025-05-18,1:35 PM,BOS,Rafael Devers,9,,,3,29.0,108.3,442.0,FF,Spencer Schwellenbach,ATL @ BOS,777876,646240,680885
2025-05-20,6:45 PM,BOS,Rafael Devers,10,,,5,28.0,103.8,362.0,SL,Clay Holmes,NYM @ BOS,777851,646240,605280
2025-05-23,1:35 PM,BOS,Rafael Devers,11,,,6,22.0,108.1,408.0,SL,Gregory Soto,BAL @ BOS,777815,646240,642397
2025-05-23,1:35 PM,BOS,Rafael Devers,12,,,8,34.0,102.6,404.0,EP,Emmanuel Rivera,BAL @ BOS,777815,646240,656896
2025-06-06,7:05 PM,BOS,Rafael Devers,13,,,7,28.0,104.2,419.0,FF,Brent Headrick,NYY @ BOS,777627,646240,687396
2025-06-08,7:10 PM,BOS,Rafael Devers,14,,,9,25.0,111.2,393.0,SL,Brent Headrick,NYY @ BOS,777593,646240,687396
2025-06-15,1:35 PM,BOS,Rafael Devers,15,,,5,28.0,102.7,370.0,FC,Max Fried,NYY @ BOS,777500,646240,608331
2025-06-21,4:05 PM,SF,Rafael Devers,16,,,3,28.0,105.5,370.0,FF,Brayan Bello,BOS @ SF,777417,646240,678394
2025-06-26,3:45 PM,SF,Rafael Devers,17,,,3,27.0,110.7,438.0,CU,Janson Junk,MIA @ SF,777347,646240,676083
2025-07-23,12:15 PM,SF,Rafael Devers,18,,,5,33.0,92.5,357.0,SL,Spencer Strider,ATL @ SF,777041,646240,675911
2025-07-23,12:15 PM,SF,Rafael Devers,19,,,6,30.0,101.7,410.0,FC,Dylan Dodd,ATL @ SF,777041,646240,689266
2025-08-03,1:40 PM,SF,Rafael Devers,20,,,3,32.0,105.9,403.0,FF,Frankie Montas,NYM @ SF,776887,646240,593423
2025-08-08,10:15 PM,SF,Rafael Devers,21,,,1,27.0,105.7,427.0,SI,Jake Irvin,WSH @ SF,776822,646240,663623
2025-08-09,4:05 PM,SF,Rafael Devers,22,,,6,31.0,104.9,418.0,FF,Brad Lord,WSH @ SF,776802,646240,695418
2025-08-11,9:45 PM,SF,Rafael Devers,23,,,6,25.0,104.1,405.0,SI,Yu Darvish,SD @ SF,776780,646240,506433
2025-08-18,9:40 PM,SF,Rafael Devers,24,,,1,21.0,110.4,405.0,FF,Nestor Cortes,SD @ SF,776683,646240,641482
2025-08-21,4:10 PM,SF,Rafael Devers,25,,,6,28.0,108.8,435.0,FF,Dylan Cease,SD @ SF,776642,646240,656302
2025-08-27,9:45 PM,SF,Rafael Devers,26,,,1,26.0,106.1,410.0,FS,Colin Rea,CHC @ SF,776557,646240,607067
2025-08-27,9:45 PM,SF,Rafael Devers,27,,,6,24.0,105.7,369.0,SI,Taylor Rogers,CHC @ SF,776557,646240,573124
2025-08-31,4:05 PM,SF,Rafael Devers,28,,,1,,,,FF,Tomoyuki Sugano,BAL @ SF,776507,646240,608372
2025-09-01,4:10 PM,SF,Rafael Devers,29,,,1,21.0,114.5,411.0,FC,Chase Dollander,COL @ SF,776492,646240,801403
2025-09-02,8:40 PM,SF,Rafael Devers,30,,,1,43.0,103.5,397.0,ST,Kyle Freeland,COL @ SF,776486,646240,607536
2025-09-05,8:15 PM,SF,Rafael Devers,31,,,1,25.0,110.0,416.0,CU,Michael McGreevy,STL @ SF,776445,646240,700241
2025-09-20,9:10 PM,SF,Rafael Devers,32,,,7,18.0,109.7,400.0,FS,Kirby Yates,LAD @ SF,776233,646240,489446
2025-09-22,9:45 PM,SF,Rafael Devers,33,,,5,24.0,107.8,384.0,FF,Michael McGreevy,STL @ SF,776220,646240,700241
2025-09-24,9:45 PM,SF,Rafael Devers,34,,,3,43.0,108.3,376.0,FF,Sonny Gray,STL @ SF,776196,646240,543243
2025-09-28,3:05 PM,SF,Rafael Devers,35,,,4,27.0,106.2,416.0,SI,McCade Brown,COL @ SF,776137,646240,685326
2025-04-09,3:40 PM,AZ,Josh Naylor,1,,,5,25.0,101.4,381.0,FS,Dean Kremer,BAL @ AZ,778380,647304,665152
2025-04-15,6:40 PM,AZ,Josh Naylor,2,,,3,32.0,98.2,373.0,CH,Connor Gillispie,MIA @ AZ,778318,647304,687362
2025-04-16,6:40 PM,AZ,Josh Naylor,3,,,2,34.0,105.7,398.0,FF,Max Meyer,MIA @ AZ,778303,647304,676974
2025-04-17,12:10 PM,AZ,Josh Naylor,4,,,5,30.0,107.0,417.0,SL,Ronny Henriquez,MIA @ AZ,778291,647304,678692
2025-05-13,9:45 PM,AZ,Josh Naylor,5,,,9,24.0,109.7,413.0,SI,Spencer Bivens,SF @ AZ,777930,647304,702352
2025-05-26,8:10 PM,AZ,Josh Naylor,6,,,5,28.0,96.9,369.0,FF,Andrew Heaney,PIT @ AZ,777761,647304,571760
2025-05-31,10:10 PM,AZ,Josh Naylor,7,,,4,34.0,99.2,383.0,FF,Michael Soroka,WSH @ AZ,777696,647304,647336
2025-06-09,9:40 PM,AZ,Josh Naylor,8,,,11,33.0,96.4,387.0,SL,Carlos Vargas,SEA @ AZ,777577,647304,672841
2025-06-13,9:40 PM,AZ,Josh Naylor,9,,,2,32.0,96.2,379.0,FC,Stephen Kolek,SD @ AZ,777521,647304,663568
2025-06-25,2:10 PM,AZ,Josh Naylor,10,,,1,35.0,100.2,361.0,CU,Sean Burke,CWS @ AZ,777370,647304,680732
2025-07-07,9:40 PM,AZ,Josh Naylor,11,,,5,25.0,106.9,413.0,FF,Yuki Matsui,SD @ AZ,777203,647304,673513
2025-07-28,10:05 PM,SEA,Josh Naylor,12,,,2,27.0,103.4,405.0,ST,JP Sears,ATH @ SEA,776957,647304,676664
2025-08-05,9:40 PM,SEA,Josh Naylor,13,,,7,23.0,104.8,378.0,ST,Bryan Hudson,CWS @ SEA,776857,647304,663542
2025-08-06,9:40 PM,SEA,Josh Naylor,14,,,1,28.0,107.3,450.0,FC,Jonathan Cannon,CWS @ SEA,776841,647304,686563
2025-08-10,4:10 PM,SEA,Josh Naylor,15,,,7,21.0,105.3,360.0,CH,Bryan Baker,TB @ SEA,776791,647304,641329
2025-08-22,10:10 PM,SEA,Josh Naylor,16,,,7,36.0,102.9,397.0,SL,Elvis Alvarado,ATH @ SEA,776638,647304,665660
2025-09-06,7:15 PM,SEA,Josh Naylor,17,,,8,38.0,101.4,404.0,SL,John Brebbia,ATL @ SEA,776447,647304,605154
2025-09-07,12:05 PM,SEA,Josh Naylor,18,,,3,33.0,103.0,385.0,FF,Joey Wentz,ATL @ SEA,776428,647304,666214
2025-09-09,9:40 PM,SEA,Josh Naylor,19,,,4,30.0,106.2,415.0,SI,Matthew Liberatore,STL @ SEA,776391,647304,669461
2025-09-19,8:10 PM,SEA,Josh Naylor,20,,,8,25.0,105.9,395.0,CH,Craig Kimbrel,HOU @ SEA,776262,647304,518886
2025-10-13,5:03 PM,SEA,Josh Naylor,21,,,7,29.0,95.1,359.0,SL,Braydon Fisher,TOR @ SEA,813044,647304,680755
2025-10-16,8:33 PM,SEA,Josh Naylor,22,,,2,31.0,102.6,394.0,CH,Max Scherzer,TOR @ SEA,813035,647304,453286
2025-10-19,8:03 PM,SEA,Josh Naylor,23,,,6,31.0,100.5,389.0,FS,Trey Yesavage,TOR @ SEA,813038,647304,702056
2025-05-12,6:40 PM,BOS,Abraham Toro,1,,,9,37.0,102.7,356.0,SL,John Brebbia,DET @ BOS,777951,647351,605154
2025-05-24,1:05 PM,BOS,Abraham Toro,2,,,5,33.0,101.3,386.0,FC,Zach Eflin,BAL @ BOS,777809,647351,621107
2025-05-24,6:35 PM,BOS,Abraham Toro,3,,,9,32.0,101.0,386.0,FF,Seranthony Domínguez,BAL @ BOS,777790,647351,622554
2025-06-08,7:10 PM,BOS,Abraham Toro,4,,,8,30.0,104.3,391.0,FF,Jonathan Loáisiga,NYY @ BOS,777593,647351,642528
2025-06-11,7:10 PM,BOS,Abraham Toro,5,,,5,24.0,106.3,408.0,FF,Zack Littell,TB @ BOS,777561,647351,641793
2025-08-02,4:10 PM,BOS,Abraham Toro,6,,,4,30.0,98.3,382.0,FF,Colton Gordon,HOU @ BOS,776909,647351,676467
2025-08-11,8:10 PM,BOS,Abraham Toro,7,,,7,33.0,103.7,398.0,FS,Héctor Neris,HOU @ BOS,776782,647351,593576
2025-03-28,9:40 PM,ATH,Luis Urías,1,,,9,24.0,103.1,396.0,SL,Carlos Vargas,SEA @ ATH,778541,649966,672841
2025-04-22,10:05 PM,ATH,Luis Urías,2,,,8,21.0,104.1,376.0,CH,Jacob Webb,TEX @ ATH,778213,649966,657097
2025-04-26,4:05 PM,ATH,Luis Urías,3,,,7,29.0,99.3,369.0,SI,Jonathan Cannon,CWS @ ATH,778165,649966,686563
2025-04-27,4:05 PM,ATH,Luis Urías,4,,,10,32.0,106.8,398.0,FF,Jordan Leasure,CWS @ ATH,778149,649966,673929
2025-05-03,4:10 PM,ATH,Luis Urías,5,,,4,26.0,102.8,377.0,SL,Max Meyer,MIA @ ATH,778075,649966,676974
2025-05-10,4:05 PM,ATH,Luis Urías,6,,,2,36.0,93.8,345.0,FF,Carlos Rodón,NYY @ ATH,777972,649966,607074
2025-06-13,8:10 PM,ATH,Luis Urías,7,,,4,31.0,104.9,419.0,FC,Michael Wacha,KC @ ATH,777529,649966,608379
2025-07-24,8:10 PM,ATH,Luis Urías,8,,,6,27.0,98.8,367.0,FF,Jason Alexander,HOU @ ATH,777025,649966,669920
2025-04-02,4:10 PM,SD,Luis Arraez,1,,,7,29.0,95.6,357.0,SL,Tim Herrin,CLE @ SD,778476,650333,682120
2025-04-14,9:40 PM,SD,Luis Arraez,2,,,8,37.0,96.5,356.0,FF,Eli Morgan,CHC @ SD,778315,650333,669212
2025-04-18,8:10 PM,SD,Luis Arraez,3,,,7,38.0,95.0,352.0,FF,Bryan King,HOU @ SD,778269,650333,687911
2025-06-28,4:10 PM,SD,Luis Arraez,4,,,5,29.0,100.4,402.0,FF,Andrew Abbott,CIN @ SD,777328,650333,671096
2025-07-08,9:40 PM,SD,Luis Arraez,5,,,7,33.0,100.0,358.0,FF,Merrill Kelly,AZ @ SD,777185,650333,518876
2025-07-28,9:40 PM,SD,Luis Arraez,6,,,5,35.0,99.0,370.0,FF,Frankie Montas,NYM @ SD,776959,650333,593423
2025-09-02,9:40 PM,SD,Luis Arraez,7,,,3,26.0,99.6,393.0,FF,Tyler Wells,BAL @ SD,776480,650333,669330
2025-09-23,9:40 PM,SD,Luis Arraez,8,,,2,,,,FC,Bruce Zimmermann,MIL @ SD,776214,650333,669145
2025-03-28,10:10 PM,DET,Gleyber Torres,1,,,3,22.0,99.7,379.0,SI,Yoshinobu Yamamoto,LAD @ DET,778544,650402,808967
2025-04-23,1:10 PM,DET,Gleyber Torres,2,,,1,27.0,108.3,402.0,FF,Kyle Hart,SD @ DET,778209,650402,606996
2025-04-29,8:10 PM,DET,Gleyber Torres,3,,,9,25.0,104.2,394.0,SI,Josh Hader,HOU @ DET,778124,650402,623352
2025-05-01,9:38 PM,DET,Gleyber Torres,4,,,3,28.0,107.5,416.0,CH,Yusei Kikuchi,LAA @ DET,778101,650402,579328
2025-05-12,6:40 PM,DET,Gleyber Torres,5,,,1,23.0,108.9,432.0,SI,Tanner Houck,BOS @ DET,777951,650402,656557
2025-06-13,7:10 PM,DET,Gleyber Torres,6,,,1,25.0,109.2,412.0,FF,Nick Martinez,CIN @ DET,777538,650402,607259
2025-06-13,7:10 PM,DET,Gleyber Torres,7,,,7,26.0,99.9,376.0,FC,Ian Gibaut,CIN @ DET,777538,650402,664139
2025-06-26,1:10 PM,DET,Gleyber Torres,8,,,7,35.0,102.0,370.0,SI,J.T. Ginn,ATH @ DET,777351,650402,669372
2025-06-28,1:10 PM,DET,Gleyber Torres,9,,,4,38.0,101.6,406.0,FF,Bailey Ober,MIN @ DET,777324,650402,641927
2025-07-27,1:40 PM,DET,Gleyber Torres,10,,,3,26.0,105.9,403.0,FF,Max Scherzer,TOR @ DET,776987,650402,453286
2025-07-29,6:40 PM,DET,Gleyber Torres,11,,,5,22.0,105.2,386.0,SI,Brandon Pfaadt,AZ @ DET,776953,650402,694297
2025-08-01,6:45 PM,DET,Gleyber Torres,12,,,3,38.0,109.7,404.0,FC,Ranger Suárez,PHI @ DET,776913,650402,624133
2025-08-02,4:05 PM,DET,Gleyber Torres,13,,,7,25.0,107.8,424.0,SL,Tanner Banks,PHI @ DET,776912,650402,621383
2025-08-25,10:05 PM,DET,Gleyber Torres,14,,,6,37.0,107.6,417.0,SI,J.T. Ginn,ATH @ DET,776590,650402,669372
2025-09-06,6:10 PM,DET,Gleyber Torres,15,,,4,31.0,96.2,370.0,CH,Martín Pérez,CWS @ DET,776435,650402,527048
2025-09-16,6:40 PM,DET,Gleyber Torres,16,,,3,25.0,110.9,402.0,FF,Joey Cantillo,CLE @ DET,776303,650402,676282
2025-10-08,3:08 PM,DET,Gleyber Torres,17,,,7,34.0,99.0,344.0,SI,Carlos Vargas,SEA @ DET,813055,650402,672841
2025-03-30,2:15 PM,MIN,Willi Castro,1,,,4,27.0,100.7,387.0,KC,Andre Pallante,STL @ MIN,778517,650489,669467
2025-05-14,12:10 PM,MIN,Willi Castro,2,,,5,28.0,105.8,402.0,FF,Charlie Morton,BAL @ MIN,777938,650489,450203
2025-05-30,10:10 PM,MIN,Willi Castro,3,,,7,23.0,100.3,374.0,FF,Bryan Woo,SEA @ MIN,777713,650489,693433
2025-05-30,10:10 PM,MIN,Willi Castro,4,,,9,26.0,102.5,410.0,FF,Andrés Muñoz,SEA @ MIN,777713,650489,662253
2025-06-03,10:05 PM,MIN,Willi Castro,5,,,4,24.0,105.7,395.0,FC,Jacob Lopez,ATH @ MIN,777658,650489,682052
2025-06-03,10:05 PM,MIN,Willi Castro,6,,,6,21.0,105.1,381.0,SI,Jacob Lopez,ATH @ MIN,777658,650489,682052
2025-06-13,8:10 PM,MIN,Willi Castro,7,,,4,18.0,110.4,367.0,FF,Colton Gordon,HOU @ MIN,777527,650489,676467
2025-07-08,7:40 PM,MIN,Willi Castro,8,,,8,37.0,97.4,360.0,ST,Porter Hodge,CHC @ MIN,777190,650489,687863
2025-07-12,2:10 PM,MIN,Willi Castro,9,,,7,29.0,100.8,398.0,FF,Andrew Heaney,PIT @ MIN,777134,650489,571760
2025-07-18,,MIN,Willi Castro,10,,,7,26.0,105.7,439.0,SI,Jake Bird,COL @ MIN,777102,650489,656234
2025-08-19,2:20 PM,CHC,Willi Castro,11,,,3,26.0,101.9,402.0,SI,Chad Patrick,MIL @ CHC,776691,650489,694477
2025-04-09,7:05 PM,TB,Yandy Díaz,1,,,7,45.0,97.8,327.0,CH,Reid Detmers,LAA @ TB,778399,650490,672282
2025-04-13,1:40 PM,TB,Yandy Díaz,2,,,1,30.0,104.7,392.0,CH,Chris Sale,ATL @ TB,778340,650490,519242
2025-04-14,7:05 PM,TB,Yandy Díaz,3,,,1,26.0,107.6,415.0,SI,Tanner Houck,BOS @ TB,778328,650490,656557
2025-05-01,1:10 PM,TB,Yandy Díaz,4,,,1,24.0,105.6,394.0,FF,Seth Lugo,KC @ TB,778097,650490,607625
2025-05-06,7:05 PM,TB,Yandy Díaz,5,,,4,27.0,99.7,357.0,SI,Zack Wheeler,PHI @ TB,778040,650490,554430
2025-05-08,7:05 PM,TB,Yandy Díaz,6,,,7,22.0,103.0,362.0,CH,Tanner Banks,PHI @ TB,778005,650490,621383
2025-05-21,1:10 PM,TB,Yandy Díaz,7,,,8,24.0,108.3,435.0,FF,Forrest Whitley,HOU @ TB,777832,650490,666215
2025-05-31,4:10 PM,TB,Yandy Díaz,8,,,3,37.0,102.5,368.0,FF,Colton Gordon,HOU @ TB,777693,650490,676467
2025-06-08,12:10 PM,TB,Yandy Díaz,9,,,5,34.0,100.4,354.0,FF,Valente Bellozo,MIA @ TB,777592,650490,678368
2025-06-11,7:10 PM,TB,Yandy Díaz,10,,,5,37.0,103.4,386.0,FF,Walker Buehler,BOS @ TB,777561,650490,621111
2025-06-20,7:05 PM,TB,Yandy Díaz,11,,,1,20.0,111.3,409.0,FF,Jack Flaherty,DET @ TB,777431,650490,656427
2025-06-20,7:05 PM,TB,Yandy Díaz,12,,,5,23.0,106.9,356.0,SI,Chase Lee,DET @ TB,777431,650490,695445
2025-06-28,4:05 PM,TB,Yandy Díaz,13,,,4,20.0,108.3,427.0,SL,Scott Blewett,BAL @ TB,777330,650490,656240
2025-07-02,12:10 PM,TB,Yandy Díaz,14,,,6,18.0,113.1,415.0,SL,Mitch Spence,ATH @ TB,777271,650490,687765
2025-07-18,,TB,Yandy Díaz,15,,,6,32.0,99.6,358.0,SI,Grant Wolfram,BAL @ TB,777110,650490,664991
2025-07-21,7:35 PM,TB,Yandy Díaz,16,,,7,24.0,98.5,380.0,CH,Brandon Eisert,CWS @ TB,777059,650490,685126
2025-07-23,7:35 PM,TB,Yandy Díaz,17,,,1,28.0,100.2,331.0,SI,Jonathan Cannon,CWS @ TB,777030,650490,686563
2025-07-26,6:40 PM,TB,Yandy Díaz,18,,,6,24.0,106.6,415.0,CH,Andrew Abbott,CIN @ TB,777000,650490,671096
2025-08-02,1:10 PM,TB,Yandy Díaz,19,,,1,25.0,92.9,326.0,FF,Blake Snell,LAD @ TB,776901,650490,605483
2025-08-02,1:10 PM,TB,Yandy Díaz,20,,,3,31.0,92.2,341.0,FF,Blake Snell,LAD @ TB,776901,650490,605483
2025-08-21,7:35 PM,TB,Yandy Díaz,21,,,3,25.0,102.8,382.0,ST,Sonny Gray,STL @ TB,776631,650490,543243
2025-08-25,6:40 PM,TB,Yandy Díaz,22,,,7,35.0,102.9,384.0,CH,Tanner Bibee,CLE @ TB,776601,650490,676440
2025-09-10,7:40 PM,TB,Yandy Díaz,23,,,1,29.0,101.9,356.0,SL,Sean Burke,CWS @ TB,776378,650490,680732
2025-09-14,2:20 PM,TB,Yandy Díaz,24,,,1,24.0,107.7,433.0,FS,Shota Imanaga,CHC @ TB,776321,650490,684007
2025-09-19,7:35 PM,TB,Yandy Díaz,25,,,3,27.0,101.4,365.0,SI,Garrett Crochet,BOS @ TB,776261,650490,676979
2025-04-05,9:38 PM,LAA,Luis Rengifo,1,,,1,30.0,105.7,402.0,CH,Tanner Bibee,CLE @ LAA,778437,650859,676440
2025-06-14,4:05 PM,LAA,Luis Rengifo,2,,,6,32.0,97.0,355.0,FF,Keegan Akin,BAL @ LAA,777519,650859,669211
2025-06-14,4:05 PM,LAA,Luis Rengifo,3,,,8,26.0,107.7,419.0,FF,Andrew Kittredge,BAL @ LAA,777519,650859,552640
2025-06-21,9:38 PM,LAA,Luis Rengifo,4,,,2,28.0,104.7,408.0,ST,Brandon Walter,HOU @ LAA,777414,650859,687888
2025-07-28,9:38 PM,LAA,Luis Rengifo,5,,,6,30.0,98.2,377.0,CH,Jacob Webb,TEX @ LAA,776958,650859,657097
2025-08-09,6:10 PM,LAA,Luis Rengifo,6,,,8,32.0,101.8,389.0,FF,Codi Heuer,DET @ LAA,776813,650859,676051
2025-08-10,1:40 PM,LAA,Luis Rengifo,7,,,8,27.0,105.6,408.0,FF,Rafael Montero,DET @ LAA,776806,650859,606160
2025-09-04,7:40 PM,LAA,Luis Rengifo,8,,,1,23.0,108.2,384.0,SL,Noah Cameron,KC @ LAA,776463,650859,702070
2025-09-18,7:40 PM,LAA,Luis Rengifo,9,,,5,24.0,101.3,386.0,SL,Quinn Priester,MIL @ LAA,776274,650859,682990
2025-04-07,6:40 PM,STL,Yohel Pozo,1,,,6,28.0,95.6,380.0,FS,Thomas Harrington,PIT @ STL,778415,650968,802419
2025-06-11,2:15 PM,STL,Yohel Pozo,2,,,2,36.0,101.5,366.0,CU,Eric Lauer,TOR @ STL,777545,650968,641778
2025-07-05,2:20 PM,STL,Yohel Pozo,3,,,8,34.0,105.9,419.0,SL,Brad Keller,CHC @ STL,777229,650968,641745
2025-07-12,2:15 PM,STL,Yohel Pozo,4,,,6,22.0,108.0,406.0,FS,Rafael Montero,ATL @ STL,777133,650968,606160
2025-08-17,2:15 PM,STL,Yohel Pozo,5,,,6,23.0,103.2,404.0,SL,Camilo Doval,NYY @ STL,776698,650968,666808
2025-07-03,7:10 PM,MIL,Andruw Monasterio,1,,,7,24.0,110.1,376.0,FF,David Peterson,NYM @ MIL,777257,655316,656849
2025-08-16,6:40 PM,MIL,Andruw Monasterio,2,,,11,27.0,103.0,382.0,CH,Joe La Sorsa,CIN @ MIL,776721,655316,686747
2025-08-25,7:40 PM,MIL,Andruw Monasterio,3,,,4,24.0,104.6,404.0,SL,Bryce Jarvis,AZ @ MIL,776593,655316,686826
2025-08-29,7:07 PM,MIL,Andruw Monasterio,4,,,6,30.0,91.9,350.0,SL,Shane Bieber,TOR @ MIL,776546,655316,669456
2025-04-27,1:35 PM,WSH,Riley Adams,1,,,7,31.0,109.6,405.0,FF,José Buttó,NYM @ WSH,778153,656180,676130
2025-05-06,3:40 PM,WSH,Riley Adams,2,,,6,30.0,106.2,397.0,FF,Ben Lively,CLE @ WSH,778046,656180,594902
2025-06-20,10:10 PM,WSH,Riley Adams,3,,,5,31.0,104.6,401.0,SL,Clayton Kershaw,LAD @ WSH,777427,656180,477132
2025-07-11,8:10 PM,WSH,Riley Adams,4,,,7,35.0,102.4,397.0,SL,Quinn Priester,MIL @ WSH,777149,656180,682990
2025-07-20,1:35 PM,WSH,Riley Adams,5,,,5,31.0,103.7,389.0,FF,Nick Pivetta,SD @ WSH,777077,656180,601713
2025-07-28,8:10 PM,WSH,Riley Adams,6,,,7,38.0,103.7,348.0,FF,Bryan King,HOU @ WSH,776969,656180,687911
2025-08-06,6:45 PM,WSH,Riley Adams,7,,,6,29.0,95.0,354.0,SL,Jeffrey Springs,ATH @ WSH,776850,656180,605488
2025-08-22,6:45 PM,WSH,Riley Adams,8,,,1,33.0,106.6,401.0,FC,Taijuan Walker,PHI @ WSH,776648,656180,592836
2025-04-05,8:10 PM,COL,Sean Bouchard,1,,,2,42.0,103.6,367.0,SL,JP Sears,ATH @ COL,778442,656248,676664
2025-03-30,1:40 PM,SF,Matt Chapman,1,,,6,37.0,104.0,375.0,SI,Nick Martinez,CIN @ SF,778522,656305,607259
2025-04-04,4:35 PM,SF,Matt Chapman,2,,,6,25.0,105.4,411.0,FF,Eduard Bazardo,SEA @ SF,778444,656305,660825
2025-04-17,4:05 PM,SF,Matt Chapman,3,,,6,34.0,100.6,372.0,SL,Cristopher Sánchez,PHI @ SF,778279,656305,650911
2025-04-19,9:38 PM,SF,Matt Chapman,4,,,1,31.0,98.1,384.0,CH,Kyle Hendricks,LAA @ SF,778243,656305,543294
2025-04-24,3:45 PM,SF,Matt Chapman,5,,,5,23.0,105.1,411.0,FF,Abner Uribe,MIL @ SF,778194,656305,682842
2025-05-02,10:15 PM,SF,Matt Chapman,6,,,3,21.0,110.7,418.0,SL,Antonio Senzatela,COL @ SF,778082,656305,622608
2025-05-03,4:05 PM,SF,Matt Chapman,7,,,6,29.0,106.1,402.0,SI,Jake Bird,COL @ SF,778069,656305,656234
2025-05-09,8:10 PM,SF,Matt Chapman,8,,,7,25.0,107.5,418.0,CH,Chris Paddack,MIN @ SF,777992,656305,663978
2025-05-21,3:45 PM,SF,Matt Chapman,9,,,3,35.0,106.7,382.0,SL,Jonathan Bowlan,KC @ SF,777819,656305,680742
2025-05-30,7:10 PM,SF,Matt Chapman,10,,,4,25.0,109.9,420.0,SL,Cal Quantrill,MIA @ SF,777717,656305,615698
2025-06-04,9:45 PM,SF,Matt Chapman,11,,,6,33.0,101.3,362.0,ST,Nick Pivetta,SD @ SF,777641,656305,601713
2025-06-07,4:05 PM,SF,Matt Chapman,12,,,9,34.0,98.9,365.0,CU,Pierce Johnson,ATL @ SF,777598,656305,572955
2025-07-20,12:05 PM,SF,Matt Chapman,13,,,6,30.0,98.7,384.0,SV,José Berríos,TOR @ SF,777079,656305,621244
2025-07-23,12:15 PM,SF,Matt Chapman,14,,,5,28.0,102.8,391.0,FF,Spencer Strider,ATL @ SF,777041,656305,675911
2025-07-27,7:10 PM,SF,Matt Chapman,15,,,4,21.0,109.6,413.0,FC,Kodai Senga,NYM @ SF,776974,656305,673540
2025-07-27,7:10 PM,SF,Matt Chapman,16,,,5,29.0,103.1,410.0,FF,Kodai Senga,NYM @ SF,776974,656305,673540
2025-08-26,9:45 PM,SF,Matt Chapman,17,,,6,23.0,104.1,400.0,FF,Matthew Boyd,CHC @ SF,776576,656305,571510
2025-08-27,9:45 PM,SF,Matt Chapman,18,,,7,21.0,110.3,386.0,FF,Jordan Wicks,CHC @ SF,776557,656305,696136
2025-09-03,8:40 PM,SF,Matt Chapman,19,,,2,26.0,105.3,450.0,FF,Germán Márquez,COL @ SF,776467,656305,608566
2025-09-03,8:40 PM,SF,Matt Chapman,20,,,6,24.0,105.2,423.0,SL,Juan Mejia,COL @ SF,776467,656305,675848
2025-09-08,9:45 PM,SF,Matt Chapman,21,,,7,18.0,105.6,401.0,SL,Anthony DeSclafani,AZ @ SF,776399,656305,543101
2025-08-22,7:35 PM,TB,Tristan Gray,1,,,2,27.0,96.6,359.0,CH,Miles Mikolas,STL @ TB,776633,656484,571945
2025-09-01,7:35 PM,TB,Tristan Gray,2,,,8,28.0,107.1,404.0,SI,Tayler Saucedo,SEA @ TB,776504,656484,642048
2025-09-09,7:40 PM,TB,Tristan Gray,3,,,7,28.0,106.9,397.0,FF,Tyler Alexander,CWS @ TB,776388,656484,641302
2025-04-08,4:10 PM,MIA,Derek Hill,1,,,6,28.0,102.2,398.0,CH,Huascar Brazobán,NYM @ MIA,778407,656537,623211
2025-05-12,7:40 PM,MIA,Derek Hill,2,,,7,30.0,103.6,399.0,FF,Colin Rea,CHC @ MIA,777952,656537,607067
2025-08-04,6:40 PM,MIA,Derek Hill,3,,,7,38.0,103.5,380.0,ST,Bryan King,HOU @ MIA,776875,656537,687911
2025-05-30,7:10 PM,COL,Sam Hilliard,1,,,7,26.0,99.5,378.0,CH,Huascar Brazobán,NYM @ COL,777718,656541,623211
2025-06-17,6:45 PM,COL,Sam Hilliard,2,,,7,34.0,110.3,434.0,FF,Jackson Rutledge,WSH @ COL,777480,656541,671131
2025-04-15,7:40 PM,MIL,Rhys Hoskins,1,,,2,28.0,107.3,440.0,FF,Jack Flaherty,DET @ MIL,778310,656555,656427
2025-04-16,1:10 PM,MIL,Rhys Hoskins,2,,,3,29.0,101.2,391.0,FF,Keider Montero,DET @ MIL,778295,656555,672456
2025-04-20,2:10 PM,MIL,Rhys Hoskins,3,,,3,30.0,100.8,366.0,FF,Jeffrey Springs,ATH @ MIL,778239,656555,605488
2025-05-03,7:10 PM,MIL,Rhys Hoskins,4,,,4,21.0,109.2,393.0,FF,Jameson Taillon,CHC @ MIL,778071,656555,592791
2025-05-14,1:10 PM,MIL,Rhys Hoskins,5,,,7,26.0,105.6,396.0,FF,Joey Cantillo,CLE @ MIL,777925,656555,676282
2025-05-20,7:40 PM,MIL,Rhys Hoskins,6,,,8,24.0,101.3,392.0,SI,Félix Bautista,BAL @ MIL,777844,656555,642585
2025-05-21,1:10 PM,MIL,Rhys Hoskins,7,,,6,30.0,103.3,404.0,FC,Tomoyuki Sugano,BAL @ MIL,777826,656555,608372
2025-05-31,4:05 PM,MIL,Rhys Hoskins,8,,,1,29.0,105.8,408.0,FF,Jesús Luzardo,PHI @ MIL,777702,656555,666200
2025-05-31,4:05 PM,MIL,Rhys Hoskins,9,,,4,30.0,99.7,382.0,FF,Jesús Luzardo,PHI @ MIL,777702,656555,666200
2025-06-11,2:10 PM,MIL,Rhys Hoskins,10,,,2,31.0,107.0,396.0,SI,Spencer Schwellenbach,ATL @ MIL,777554,656555,680885
2025-06-19,2:20 PM,MIL,Rhys Hoskins,11,,,2,36.0,103.5,394.0,ST,Jameson Taillon,CHC @ MIL,777450,656555,592791
2025-06-22,2:10 PM,MIL,Rhys Hoskins,12,,,2,30.0,98.5,368.0,FF,David Festa,MIN @ MIL,777401,656555,701581
2025-07-20,12:10 PM,BAL,Alex Jackson,1,,,3,27.0,103.3,405.0,FF,Ryan Pepiot,TB @ BAL,777076,656577,686752
2025-07-25,7:05 PM,BAL,Alex Jackson,2,,,2,27.0,103.9,419.0,FF,Kyle Freeland,COL @ BAL,777020,656577,607536
2025-07-26,7:05 PM,BAL,Alex Jackson,3,,,8,31.0,107.0,401.0,EP,Kyle Farmer,COL @ BAL,776999,656577,571657
2025-08-28,1:05 PM,BAL,Alex Jackson,4,,,3,34.0,103.6,395.0,FF,Garrett Crochet,BOS @ BAL,776564,656577,676979
2025-09-03,4:10 PM,BAL,Alex Jackson,5,,,3,29.0,106.8,406.0,FF,Nestor Cortes,SD @ BAL,776465,656577,641482
2025-04-08,1:10 PM,DET,Zach McKinstry,1,,,4,38.0,104.4,377.0,FF,Carlos Carrasco,NYY @ DET,778403,656716,471911
2025-05-16,7:07 PM,DET,Zach McKinstry,2,,,4,42.0,98.9,349.0,FS,Bowden Francis,TOR @ DET,777906,656716,670102
2025-05-25,11:35 AM,DET,Zach McKinstry,3,,,4,29.0,100.6,377.0,ST,Logan Allen,CLE @ DET,777780,656716,671106
2025-06-19,1:10 PM,DET,Zach McKinstry,4,,,5,36.0,103.4,379.0,ST,Chase Shugart,PIT @ DET,777451,656716,663767
2025-06-28,1:10 PM,DET,Zach McKinstry,5,,,6,31.0,99.6,374.0,CH,Bailey Ober,MIN @ DET,777324,656716,641927
2025-07-04,7:10 PM,DET,Zach McKinstry,6,,,4,30.0,99.6,375.0,CU,Slade Cecconi,CLE @ DET,777249,656716,677944
2025-07-07,6:40 PM,DET,Zach McKinstry,7,,,7,39.0,103.2,385.0,FF,Paul Gervase,TB @ DET,777211,656716,801434
2025-07-12,1:10 PM,DET,Zach McKinstry,8,,,8,23.0,104.5,363.0,FF,Eduard Bazardo,SEA @ DET,777145,656716,660825
2025-07-29,6:40 PM,DET,Zach McKinstry,9,,,5,22.0,103.7,384.0,CH,Brandon Pfaadt,AZ @ DET,776953,656716,694297
2025-08-06,1:10 PM,DET,Zach McKinstry,10,,,3,31.0,97.3,386.0,CH,Pierson Ohl,MIN @ DET,776859,656716,701487
2025-08-22,7:10 PM,DET,Zach McKinstry,11,,,3,29.0,99.9,383.0,FF,Ryan Bergert,KC @ DET,776649,656716,686701
2025-09-20,1:10 PM,DET,Zach McKinstry,12,,,6,28.0,98.2,374.0,FF,Hunter Stratton,ATL @ DET,776258,656716,676702
2025-04-03,1:05 PM,BAL,Cedric Mullins,1,,,1,22.0,108.4,374.0,SI,Tanner Houck,BOS @ BAL,778470,656775,656557
2025-04-15,7:05 PM,BAL,Cedric Mullins,2,,,7,33.0,99.0,396.0,FF,Joey Cantillo,CLE @ BAL,778317,656775,676282
2025-04-18,7:05 PM,BAL,Cedric Mullins,3,,,2,27.0,93.3,345.0,FF,Andrew Abbott,CIN @ BAL,778276,656775,671096
2025-04-19,4:05 PM,BAL,Cedric Mullins,4,,,1,29.0,100.8,393.0,FF,Hunter Greene,CIN @ BAL,778262,656775,668881
2025-05-04,1:35 PM,BAL,Cedric Mullins,5,,,5,25.0,104.2,395.0,CH,Michael Lorenzen,KC @ BAL,778062,656775,547179
2025-05-14,12:10 PM,BAL,Cedric Mullins,6,,,3,36.0,101.6,372.0,SL,Simeon Woods Richardson,MIN @ BAL,777938,656775,680573
2025-05-18,1:35 PM,BAL,Cedric Mullins,7,,,5,35.0,104.4,390.0,FF,Michael Soroka,WSH @ BAL,777873,656775,647336
2025-05-19,7:40 PM,BAL,Cedric Mullins,8,,,7,23.0,107.9,386.0,FF,Nick Mears,MIL @ BAL,777860,656775,683232
2025-06-14,4:05 PM,BAL,Cedric Mullins,9,,,6,30.0,100.5,394.0,CH,Tyler Anderson,LAA @ BAL,777519,656775,542881
2025-06-18,7:35 PM,BAL,Cedric Mullins,10,,,2,23.0,106.2,388.0,FF,Taj Bradley,TB @ BAL,777463,656775,671737
2025-07-04,7:15 PM,BAL,Cedric Mullins,11,,,5,34.0,99.8,391.0,CU,Spencer Strider,ATL @ BAL,777252,656775,675911
2025-07-26,7:05 PM,BAL,Cedric Mullins,12,,,4,38.0,95.8,350.0,FF,Antonio Senzatela,COL @ BAL,776999,656775,622608
2025-07-28,6:35 PM,BAL,Cedric Mullins,13,,,2,26.0,104.9,408.0,SI,Chris Bassitt,TOR @ BAL,776966,656775,605135
2025-08-10,2:10 PM,NYM,Cedric Mullins,14,,,4,30.0,100.6,388.0,CU,Quinn Priester,MIL @ NYM,776799,656775,682990
2025-09-16,7:10 PM,NYM,Cedric Mullins,15,,,4,26.0,102.1,388.0,CH,Michael King,SD @ NYM,776304,656775,650633
2025-04-07,9:40 PM,BAL,Ryan O'Hearn,1,,,1,25.0,104.1,388.0,KC,Zac Gallen,AZ @ BAL,778413,656811,668678
2025-04-16,6:35 PM,BAL,Ryan O'Hearn,2,,,8,34.0,107.9,396.0,FF,Triston McKenzie,CLE @ BAL,778301,656811,663474
2025-04-17,6:35 PM,BAL,Ryan O'Hearn,3,,,3,28.0,101.7,393.0,FF,Tanner Bibee,CLE @ BAL,778292,656811,676440
2025-04-26,1:10 PM,BAL,Ryan O'Hearn,4,,,4,28.0,101.6,375.0,FF,Casey Mize,DET @ BAL,778168,656811,663554
2025-04-28,6:35 PM,BAL,Ryan O'Hearn,5,,,3,30.0,98.0,357.0,ST,Will Warren,NYY @ BAL,778140,656811,701542
2025-05-02,7:05 PM,BAL,Ryan O'Hearn,6,,,7,29.0,101.6,391.0,FF,Michael Wacha,KC @ BAL,778093,656811,608379
2025-05-04,1:35 PM,BAL,Ryan O'Hearn,7,,,5,30.0,103.1,394.0,CU,Michael Lorenzen,KC @ BAL,778062,656811,547179
2025-05-25,1:35 PM,BAL,Ryan O'Hearn,8,,,6,27.0,103.7,401.0,FF,Greg Weissert,BOS @ BAL,777785,656811,669711
2025-05-27,6:35 PM,BAL,Ryan O'Hearn,9,,,5,24.0,106.1,405.0,FF,Andre Pallante,STL @ BAL,777754,656811,669467
2025-06-13,7:08 PM,BAL,Ryan O'Hearn,10,,,2,35.0,104.8,405.0,SL,Jack Kochanowicz,LAA @ BAL,777539,656811,686799
2025-06-24,6:35 PM,BAL,Ryan O'Hearn,11,,,7,34.0,104.5,406.0,FF,Chris Martin,TEX @ BAL,777380,656811,455119
2025-07-20,12:10 PM,BAL,Ryan O'Hearn,12,,,6,25.0,101.3,370.0,CH,Ryan Pepiot,TB @ BAL,777076,656811,686752
2025-07-30,12:35 PM,BAL,Ryan O'Hearn,13,,,1,27.0,106.7,388.0,FF,José Berríos,TOR @ BAL,776948,656811,621244
2025-08-06,9:40 PM,SD,Ryan O'Hearn,14,,,9,28.0,100.8,391.0,ST,Kyle Backhus,AZ @ SD,776838,656811,679775
2025-08-18,9:40 PM,SD,Ryan O'Hearn,15,,,7,27.0,106.1,417.0,SL,Robbie Ray,SF @ SD,776683,656811,592662
2025-08-20,9:40 PM,SD,Ryan O'Hearn,16,,,7,35.0,105.4,415.0,FF,Tristan Beck,SF @ SD,776656,656811,663941
2025-09-23,9:40 PM,SD,Ryan O'Hearn,17,,,1,24.0,102.1,366.0,FS,Bruce Zimmermann,MIL @ SD,776214,656811,669145
2025-03-29,4:05 PM,PHI,Kyle Schwarber,1,,,6,34.0,99.1,385.0,ST,Lucas Sims,WSH @ PHI,778535,656941,608371
2025-03-31,3:05 PM,PHI,Kyle Schwarber,2,,,7,26.0,106.6,434.0,FF,Victor Vodnik,COL @ PHI,778502,656941,680767
2025-04-03,1:05 PM,PHI,Kyle Schwarber,3,,,7,30.0,109.8,444.0,FF,Luis Peralta,COL @ PHI,778467,656941,678821
2025-04-08,7:15 PM,PHI,Kyle Schwarber,4,,,5,24.0,116.7,462.0,FF,Chris Sale,ATL @ PHI,778406,656941,519242
2025-04-10,7:15 PM,PHI,Kyle Schwarber,5,,,3,24.0,108.6,429.0,FF,Spencer Schwellenbach,ATL @ PHI,778384,656941,680885
2025-04-18,6:45 PM,PHI,Kyle Schwarber,6,,,5,28.0,111.0,426.0,ST,Anthony Veneziano,MIA @ PHI,778274,656941,685107
2025-04-29,6:45 PM,PHI,Kyle Schwarber,7,,,1,33.0,105.6,389.0,FF,MacKenzie Gore,WSH @ PHI,778131,656941,669022
2025-04-30,6:45 PM,PHI,Kyle Schwarber,8,,,1,26.0,103.5,394.0,CU,Jake Irvin,WSH @ PHI,778118,656941,663623
2025-05-02,6:45 PM,PHI,Kyle Schwarber,9,,,7,31.0,95.7,389.0,SI,José Castillo,AZ @ PHI,778086,656941,620454
2025-05-04,2:05 PM,PHI,Kyle Schwarber,10,,,9,28.0,105.5,408.0,FS,Shelby Miller,AZ @ PHI,778059,656941,571946
2025-05-06,7:05 PM,PHI,Kyle Schwarber,11,,,2,33.0,103.0,370.0,FF,Drew Rasmussen,TB @ PHI,778040,656941,656876
2025-05-11,7:10 PM,PHI,Kyle Schwarber,12,,,2,35.0,112.5,392.0,CH,Luis L. Ortiz,CLE @ PHI,777971,656941,682847
2025-05-11,7:10 PM,PHI,Kyle Schwarber,13,,,8,25.0,107.3,397.0,SI,Tim Herrin,CLE @ PHI,777971,656941,682120
2025-05-14,6:15 PM,PHI,Kyle Schwarber,14,,,3,23.0,111.9,420.0,CH,Sonny Gray,STL @ PHI,777933,656941,543243
2025-05-19,8:40 PM,PHI,Kyle Schwarber,15,,,9,31.0,109.3,466.0,SI,Scott Alexander,COL @ PHI,777852,656941,518397
2025-05-20,8:40 PM,PHI,Kyle Schwarber,16,,,7,29.0,105.3,430.0,FF,Ryan Rolison,COL @ PHI,777842,656941,669020
2025-05-24,10:05 PM,PHI,Kyle Schwarber,17,,,6,28.0,103.7,376.0,SL,Jeffrey Springs,ATH @ PHI,777784,656941,605488
2025-05-29,1:05 PM,PHI,Kyle Schwarber,18,,,7,28.0,111.7,438.0,CU,Pierce Johnson,ATL @ PHI,777735,656941,572955
2025-06-07,4:05 PM,PHI,Kyle Schwarber,19,,,1,28.0,109.1,414.0,FF,Andrew Heaney,PIT @ PHI,777607,656941,571760
2025-06-11,1:05 PM,PHI,Kyle Schwarber,20,,,3,27.0,109.6,431.0,FF,Ben Brown,CHC @ PHI,777553,656941,676962
2025-06-13,6:45 PM,PHI,Kyle Schwarber,21,,,2,34.0,109.7,410.0,FF,Kevin Gausman,TOR @ PHI,777531,656941,592332
2025-06-19,6:40 PM,PHI,Kyle Schwarber,22,,,8,23.0,114.8,428.0,SI,Anthony Bender,MIA @ PHI,777444,656941,669622
2025-06-22,7:10 PM,PHI,Kyle Schwarber,23,,,4,33.0,107.0,432.0,SL,David Peterson,NYM @ PHI,777405,656941,656849
2025-06-27,7:15 PM,PHI,Kyle Schwarber,24,,,3,23.0,111.6,439.0,FC,Michael Petersen,ATL @ PHI,777342,656941,656848
2025-07-02,1:05 PM,PHI,Kyle Schwarber,25,,,6,29.0,102.5,386.0,CU,Nick Pivetta,SD @ PHI,777273,656941,601713
2025-07-05,4:05 PM,PHI,Kyle Schwarber,26,,,8,32.0,104.1,386.0,SI,Brent Suter,CIN @ PHI,777233,656941,608718
2025-07-08,9:45 PM,PHI,Kyle Schwarber,27,,,7,27.0,110.7,402.0,CH,Spencer Bivens,SF @ PHI,777186,656941,702352
2025-07-09,3:45 PM,PHI,Kyle Schwarber,28,,,8,21.0,109.8,371.0,SI,Scott Alexander,SF @ PHI,777163,656941,518397
2025-07-11,9:40 PM,PHI,Kyle Schwarber,29,,,3,33.0,110.9,425.0,FF,Ryan Bergert,SD @ PHI,777139,656941,686701
2025-07-18,,PHI,Kyle Schwarber,30,,,1,24.0,102.4,366.0,FF,Ryan Zeferjahn,LAA @ PHI,777106,656941,666171
2025-07-19,6:05 PM,PHI,Kyle Schwarber,31,,,6,39.0,109.5,390.0,FF,José Fermin,LAA @ PHI,777089,656941,820862
2025-07-22,6:45 PM,PHI,Kyle Schwarber,32,,,2,29.0,102.3,410.0,SL,Richard Fitts,BOS @ PHI,777045,656941,690916
2025-07-23,7:10 PM,PHI,Kyle Schwarber,33,,,1,28.0,103.2,409.0,CH,Lucas Giolito,BOS @ PHI,777038,656941,608337
2025-07-25,7:05 PM,PHI,Kyle Schwarber,34,,,5,20.0,113.8,413.0,FF,Will Warren,NYY @ PHI,777015,656941,701542
2025-07-25,7:05 PM,PHI,Kyle Schwarber,35,,,8,24.0,115.2,380.0,FF,Ian Hamilton,NYY @ PHI,777015,656941,641656
2025-07-29,7:40 PM,PHI,Kyle Schwarber,36,,,3,29.0,114.9,441.0,ST,Jonathan Cannon,CWS @ PHI,776952,656941,686563
2025-08-03,7:10 PM,PHI,Kyle Schwarber,37,,,8,32.0,108.7,435.0,FF,Tyler Holton,DET @ PHI,776890,656941,663947
2025-08-04,6:45 PM,PHI,Kyle Schwarber,38,,,3,35.0,110.9,427.0,FF,Cade Povich,BAL @ PHI,776877,656941,700249
2025-08-04,6:45 PM,PHI,Kyle Schwarber,39,,,6,32.0,100.5,390.0,FF,Yaramil Hiraldo,BAL @ PHI,776877,656941,682274
2025-08-08,8:05 PM,PHI,Kyle Schwarber,40,,,1,28.0,115.4,444.0,FC,Merrill Kelly,TEX @ PHI,776821,656941,518876
2025-08-11,6:10 PM,PHI,Kyle Schwarber,41,,,8,39.0,112.2,404.0,FF,Tony Santillan,CIN @ PHI,776792,656941,663574
2025-08-15,6:45 PM,PHI,Kyle Schwarber,42,,,7,30.0,109.3,456.0,SL,Konnor Pilkington,WSH @ PHI,776739,656941,663455
2025-08-19,6:45 PM,PHI,Kyle Schwarber,43,,,1,24.0,107.2,404.0,FF,Bryce Miller,SEA @ PHI,776680,656941,682243
2025-08-20,1:05 PM,PHI,Kyle Schwarber,44,,,8,40.0,100.3,340.0,SL,Sauryn Lao,SEA @ PHI,776662,656941,666659
2025-08-28,6:45 PM,PHI,Kyle Schwarber,45,,,1,25.0,111.7,450.0,CU,Cal Quantrill,ATL @ PHI,776560,656941,615698
2025-08-28,6:45 PM,PHI,Kyle Schwarber,46,,,4,35.0,102.7,383.0,CU,Austin Cox,ATL @ PHI,776560,656941,680735
2025-08-28,6:45 PM,PHI,Kyle Schwarber,47,,,5,33.0,101.0,378.0,FF,Austin Cox,ATL @ PHI,776560,656941,680735
2025-08-28,6:45 PM,PHI,Kyle Schwarber,48,,,7,24.0,108.9,407.0,CH,Wander Suero,ATL @ PHI,776560,656941,593833
2025-09-09,6:45 PM,PHI,Kyle Schwarber,49,,,7,24.0,110.4,437.0,FC,Justin Hagenman,NYM @ PHI,776404,656941,663795
2025-09-13,6:05 PM,PHI,Kyle Schwarber,50,,,5,24.0,95.2,361.0,SL,Angel Zerpa,KC @ PHI,776342,656941,672582
2025-09-14,1:35 PM,PHI,Kyle Schwarber,51,,,1,32.0,107.6,414.0,FF,Noah Cameron,KC @ PHI,776334,656941,702070
2025-09-15,10:10 PM,PHI,Kyle Schwarber,52,,,1,23.0,103.8,390.0,SL,Anthony Banda,LAD @ PHI,776311,656941,607455
2025-09-23,6:45 PM,PHI,Kyle Schwarber,53,,,1,42.0,112.0,385.0,SI,Edward Cabrera,MIA @ PHI,776215,656941,665795
2025-09-24,6:45 PM,PHI,Kyle Schwarber,54,,,3,35.0,104.6,408.0,FF,Ryan Weathers,MIA @ PHI,776201,656941,677960
2025-09-24,6:45 PM,PHI,Kyle Schwarber,55,,,7,24.0,116.5,468.0,FF,Valente Bellozo,MIA @ PHI,776201,656941,678368
2025-10-08,9:08 PM,PHI,Kyle Schwarber,56,,,4,29.0,117.2,455.0,FF,Yoshinobu Yamamoto,LAD @ PHI,813041,656941,808967
2025-10-08,9:08 PM,PHI,Kyle Schwarber,57,,,8,42.0,108.6,368.0,FF,Clayton Kershaw,LAD @ PHI,813041,656941,477132
2025-04-09,3:40 PM,AZ,Pavin Smith,1,,,5,27.0,103.1,416.0,FC,Dean Kremer,BAL @ AZ,778380,656976,665152
2025-04-16,6:40 PM,AZ,Pavin Smith,2,,,6,29.0,109.3,429.0,CH,Max Meyer,MIA @ AZ,778303,656976,676974
2025-04-17,12:10 PM,AZ,Pavin Smith,3,,,1,25.0,101.4,370.0,FF,Edward Cabrera,MIA @ AZ,778291,656976,665795
2025-04-22,9:40 PM,AZ,Pavin Smith,4,,,3,29.0,106.0,420.0,FF,Zack Littell,TB @ AZ,778212,656976,641793
2025-06-11,3:40 PM,AZ,Pavin Smith,5,,,6,35.0,96.3,375.0,ST,Bryan Woo,SEA @ AZ,777548,656976,693433
2025-06-19,3:07 PM,AZ,Pavin Smith,6,,,5,29.0,103.0,415.0,FF,Kevin Gausman,TOR @ AZ,777448,656976,592332
2025-06-23,7:40 PM,AZ,Pavin Smith,7,,,2,26.0,105.4,389.0,FF,Shane Smith,CWS @ AZ,777393,656976,681343
2025-06-23,7:40 PM,AZ,Pavin Smith,8,,,4,33.0,103.9,416.0,CH,Dan Altavilla,CWS @ AZ,777393,656976,656186
2025-06-11,1:10 PM,CLE,Lane Thomas,1,,,6,42.0,94.4,330.0,SI,Joe La Sorsa,CIN @ CLE,777549,657041,686747
2025-06-24,6:40 PM,CLE,Lane Thomas,2,,,7,29.0,104.7,389.0,SL,Chad Green,TOR @ CLE,777384,657041,643338
2025-06-25,6:40 PM,CLE,Lane Thomas,3,,,6,24.0,109.5,,SI,Nick Sandlin,TOR @ CLE,777368,657041,680704
2025-07-02,8:05 PM,CLE,Lane Thomas,4,,,2,22.0,109.5,373.0,FF,Shota Imanaga,CHC @ CLE,777266,657041,684007
2025-07-03,6:45 PM,WSH,Paul DeJong,1,,,1,23.0,104.7,387.0,FF,Dietrich Enns,DET @ WSH,777258,657557,608650
2025-08-01,6:45 PM,WSH,Paul DeJong,2,,,3,42.0,107.2,352.0,SI,Jose Quintana,MIL @ WSH,776917,657557,500779
2025-08-09,4:05 PM,WSH,Paul DeJong,3,,,3,23.0,107.6,418.0,SI,Carson Whisenhunt,SF @ WSH,776802,657557,687931
2025-08-11,7:40 PM,WSH,Paul DeJong,4,,,5,33.0,102.7,418.0,CH,Daniel Lynch IV,KC @ WSH,776784,657557,663738
2025-08-14,6:45 PM,WSH,Paul DeJong,5,,,4,34.0,98.7,381.0,FF,Jesús Luzardo,PHI @ WSH,776743,657557,666200
2025-08-17,11:35 AM,WSH,Paul DeJong,6,,,9,27.0,101.7,385.0,FF,Max Lazar,PHI @ WSH,776708,657557,676661
2025-04-16,6:35 PM,BAL,Ramón Laureano,1,,,7,31.0,106.1,393.0,FF,Gavin Williams,CLE @ BAL,778301,657656,668909
2025-04-19,4:05 PM,BAL,Ramón Laureano,2,,,3,34.0,100.7,393.0,SL,Hunter Greene,CIN @ BAL,778262,657656,668881
2025-04-19,4:05 PM,BAL,Ramón Laureano,3,,,7,33.0,105.0,432.0,FF,Carson Spiers,CIN @ BAL,778262,657656,686730
2025-05-07,7:40 PM,BAL,Ramón Laureano,4,,,3,32.0,104.4,425.0,CU,Simeon Woods Richardson,MIN @ BAL,778011,657656,680573
2025-05-10,9:38 PM,BAL,Ramón Laureano,5,,,9,19.0,108.1,382.0,CH,Brock Burke,LAA @ BAL,777973,657656,656271
2025-05-19,7:40 PM,BAL,Ramón Laureano,6,,,2,24.0,108.2,393.0,SL,Quinn Priester,MIL @ BAL,777860,657656,682990
2025-06-07,10:05 PM,BAL,Ramón Laureano,7,,,4,44.0,99.3,365.0,SI,Luis Severino,ATH @ BAL,777599,657656,622663
2025-06-13,7:08 PM,BAL,Ramón Laureano,8,,,5,27.0,105.6,387.0,CH,Jack Kochanowicz,LAA @ BAL,777539,657656,686799
2025-06-18,7:35 PM,BAL,Ramón Laureano,9,,,2,19.0,107.0,352.0,SI,Kevin Kelly,TB @ BAL,777463,657656,687330
2025-06-28,4:05 PM,BAL,Ramón Laureano,10,,,9,28.0,107.2,390.0,SL,Joe Rock,TB @ BAL,777330,657656,697812
2025-07-13,1:35 PM,BAL,Ramón Laureano,11,,,8,31.0,107.0,426.0,ST,Calvin Faucher,MIA @ BAL,777129,657656,676534
2025-07-21,6:40 PM,BAL,Ramón Laureano,12,,,3,28.0,109.4,425.0,FF,Tanner Bibee,CLE @ BAL,777068,657656,676440
2025-07-22,6:40 PM,BAL,Ramón Laureano,13,,,6,26.0,107.5,398.0,CU,Erik Sabrowski,CLE @ BAL,777056,657656,681870
2025-07-24,1:10 PM,BAL,Ramón Laureano,14,,,1,27.0,105.3,414.0,CH,Logan Allen,CLE @ BAL,777019,657656,671106
2025-07-28,6:35 PM,BAL,Ramón Laureano,15,,,5,27.0,108.4,428.0,KC,Brendon Little,TOR @ BAL,776966,657656,663893
2025-08-03,4:10 PM,SD,Ramón Laureano,16,,,8,35.0,105.0,399.0,SI,Roddery Muñoz,STL @ SD,776884,657656,682610
2025-08-13,3:45 PM,SD,Ramón Laureano,17,,,5,25.0,112.7,397.0,SI,Joey Lucchesi,SF @ SD,776749,657656,664192
2025-08-15,10:10 PM,SD,Ramón Laureano,18,,,2,32.0,106.9,400.0,CU,Clayton Kershaw,LAD @ SD,776727,657656,477132
2025-08-17,4:10 PM,SD,Ramón Laureano,19,,,5,31.0,98.8,372.0,FF,Tyler Glasnow,LAD @ SD,776697,657656,607192
2025-08-25,9:40 PM,SD,Ramón Laureano,20,,,7,24.0,106.0,380.0,SL,Eduard Bazardo,SEA @ SD,776595,657656,660825
2025-08-26,9:40 PM,SD,Ramón Laureano,21,,,1,37.0,106.6,391.0,FF,Luis Castillo,SEA @ SD,776577,657656,622491
2025-08-30,7:10 PM,SD,Ramón Laureano,22,,,8,30.0,105.2,403.0,FF,Génesis Cabrera,MIN @ SD,776530,657656,650893
2025-09-07,3:10 PM,SD,Ramón Laureano,23,,,5,23.0,110.9,438.0,FF,Luis Peralta,COL @ SD,776417,657656,678821
2025-09-17,7:10 PM,SD,Ramón Laureano,24,,,9,24.0,105.6,374.0,ST,Ryne Stanek,NYM @ SD,776288,657656,592773
2025-04-11,9:40 PM,SD,Gavin Sheets,1,,,7,31.0,102.8,371.0,FF,Angel Chivilli,COL @ SD,778361,657757,683409
2025-04-21,6:40 PM,SD,Gavin Sheets,2,,,5,39.0,98.9,372.0,FF,Keider Montero,DET @ SD,778228,657757,672456
2025-05-02,6:40 PM,SD,Gavin Sheets,3,,,4,26.0,108.6,406.0,FF,Mitch Keller,PIT @ SD,778090,657757,656605
2025-05-10,8:10 PM,SD,Gavin Sheets,4,,,1,30.0,105.3,439.0,FF,Bradley Blalock,COL @ SD,777976,657757,687134
2025-05-17,8:40 PM,SD,Gavin Sheets,5,,,4,23.0,108.2,401.0,CH,Emerson Hancock,SEA @ SD,777875,657757,676106
2025-05-22,1:07 PM,SD,Gavin Sheets,6,,,2,37.0,97.8,360.0,FF,Bowden Francis,TOR @ SD,777816,657757,670102
2025-05-22,1:07 PM,SD,Gavin Sheets,7,,,9,21.0,106.8,405.0,FS,Jeff Hoffman,TOR @ SD,777816,657757,656546
2025-05-23,7:15 PM,SD,Gavin Sheets,8,,,2,22.0,106.8,406.0,FF,Chris Sale,ATL @ SD,777813,657757,519242
2025-05-25,4:10 PM,SD,Gavin Sheets,9,,,6,26.0,104.7,423.0,SL,Spencer Schwellenbach,ATL @ SD,777783,657757,680885
2025-05-28,4:10 PM,SD,Gavin Sheets,10,,,7,29.0,104.8,385.0,ST,Ronny Henriquez,MIA @ SD,777726,657757,678692
2025-06-14,7:15 PM,SD,Gavin Sheets,11,,,2,29.0,105.0,416.0,FC,Zac Gallen,AZ @ SD,777515,657757,668678
2025-06-28,4:10 PM,SD,Gavin Sheets,12,,,7,27.0,106.9,422.0,CH,Lyon Richardson,CIN @ SD,777328,657757,680689
2025-07-09,9:40 PM,SD,Gavin Sheets,13,,,7,28.0,109.6,437.0,ST,Brandon Pfaadt,AZ @ SD,777162,657757,694297
2025-07-30,4:10 PM,SD,Gavin Sheets,14,,,3,24.0,108.6,427.0,ST,Clay Holmes,NYM @ SD,776931,657757,605280
2025-08-20,9:40 PM,SD,Gavin Sheets,15,,,2,23.0,107.3,369.0,CU,Landen Roupp,SF @ SD,776656,657757,694738
2025-08-20,9:40 PM,SD,Gavin Sheets,16,,,3,28.0,88.9,338.0,CU,Joey Lucchesi,SF @ SD,776656,657757,664192
2025-08-25,9:40 PM,SD,Gavin Sheets,17,,,2,19.0,108.9,404.0,KC,Bryce Miller,SEA @ SD,776595,657757,682243
2025-09-07,3:10 PM,SD,Gavin Sheets,18,,,4,27.0,106.2,451.0,CH,Tanner Gordon,COL @ SD,776417,657757,685299
2025-05-06,9:38 PM,LAA,Yoán Moncada,1,,,8,29.0,107.9,407.0,FF,Jeff Hoffman,TOR @ LAA,778025,660162,656546
2025-05-07,9:38 PM,LAA,Yoán Moncada,2,,,6,37.0,103.2,386.0,SV,José Berríos,TOR @ LAA,778009,660162,621244
2025-05-16,10:10 PM,LAA,Yoán Moncada,3,,,1,21.0,111.9,383.0,SI,Dustin May,LAD @ LAA,777899,660162,669160
2025-05-20,10:05 PM,LAA,Yoán Moncada,4,,,5,32.0,108.7,439.0,FF,Gunnar Hoglund,ATH @ LAA,777843,660162,680684
2025-05-27,9:38 PM,LAA,Yoán Moncada,5,,,9,34.0,105.2,413.0,CH,Devin Williams,NYY @ LAA,777745,660162,642207
2025-05-31,4:10 PM,LAA,Yoán Moncada,6,,,3,23.0,110.6,345.0,ST,Slade Cecconi,CLE @ LAA,777703,660162,677944
2025-07-11,9:38 PM,LAA,Yoán Moncada,7,,,1,35.0,103.4,405.0,FF,Ryne Nelson,AZ @ LAA,777150,660162,669194
2025-07-19,6:05 PM,LAA,Yoán Moncada,8,,,6,36.0,103.4,397.0,CU,Seth Johnson,PHI @ LAA,777089,660162,686751
2025-08-20,9:38 PM,LAA,Yoán Moncada,9,,,4,23.0,104.5,394.0,SI,Nick Martinez,CIN @ LAA,776652,660162,607259
2025-08-22,9:38 PM,LAA,Yoán Moncada,10,,,5,26.0,105.8,378.0,CU,Javier Assad,CHC @ LAA,776640,660162,665871
2025-08-22,9:38 PM,LAA,Yoán Moncada,11,,,7,33.0,101.0,399.0,FF,Andrew Kittredge,CHC @ LAA,776640,660162,552640
2025-09-09,9:38 PM,LAA,Yoán Moncada,12,,,7,30.0,99.2,375.0,FC,Thomas Hatch,MIN @ LAA,776390,660162,641672
2025-04-02,8:38 PM,LAD,Shohei Ohtani,1,,,9,31.0,102.5,399.0,CH,Raisel Iglesias,ATL @ LAD,778472,660271,628452
2025-04-07,6:45 PM,LAD,Shohei Ohtani,2,,,3,28.0,101.9,378.0,FF,MacKenzie Gore,WSH @ LAD,778418,660271,669022
2025-04-14,10:10 PM,LAD,Shohei Ohtani,3,,,3,30.0,112.0,408.0,FF,Antonio Senzatela,COL @ LAD,778326,660271,622608
2025-04-16,10:10 PM,LAD,Shohei Ohtani,4,,,1,32.0,111.0,448.0,KC,Germán Márquez,COL @ LAD,778287,660271,608566
2025-04-29,10:10 PM,LAD,Shohei Ohtani,5,,,1,23.0,114.1,394.0,SI,Sandy Alcantara,MIA @ LAD,778123,660271,645261
2025-05-03,7:15 PM,LAD,Shohei Ohtani,6,,,3,35.0,107.3,415.0,CU,Spencer Schwellenbach,ATL @ LAD,778076,660271,680885
2025-05-05,6:40 PM,LAD,Shohei Ohtani,7,,,5,20.0,117.9,386.0,FF,Sandy Alcantara,MIA @ LAD,778047,660271,645261
2025-05-06,6:40 PM,LAD,Shohei Ohtani,8,,,6,33.0,109.0,403.0,SL,Anthony Veneziano,MIA @ LAD,778035,660271,685107
2025-05-08,9:40 PM,LAD,Shohei Ohtani,9,,,9,22.0,112.9,426.0,FF,Kevin Ginkel,AZ @ LAD,777999,660271,656464
2025-05-09,9:40 PM,LAD,Shohei Ohtani,10,,,9,26.0,113.0,426.0,FS,Ryan Thompson,AZ @ LAD,777988,660271,657044
2025-05-14,10:10 PM,LAD,Shohei Ohtani,11,,,1,28.0,108.2,403.0,SL,Gunnar Hoglund,ATH @ LAD,777917,660271,680684
2025-05-15,10:10 PM,LAD,Shohei Ohtani,12,,,3,28.0,102.9,382.0,CH,Jason Alexander,ATH @ LAD,777946,660271,669920
2025-05-15,10:10 PM,LAD,Shohei Ohtani,13,,,4,21.0,109.6,418.0,SI,Jason Alexander,ATH @ LAD,777946,660271,669920
2025-05-16,10:10 PM,LAD,Shohei Ohtani,14,,,8,27.0,114.9,433.0,SL,Ryan Zeferjahn,LAA @ LAD,777899,660271,666171
2025-05-19,10:10 PM,LAD,Shohei Ohtani,15,,,6,28.0,107.4,389.0,ST,Brandon Pfaadt,AZ @ LAD,777854,660271,694297
2025-05-25,7:10 PM,LAD,Shohei Ohtani,16,,,1,31.0,108.2,411.0,FF,Kodai Senga,NYM @ LAD,777773,660271,673540
2025-05-26,6:10 PM,LAD,Shohei Ohtani,17,,,1,28.0,115.0,378.0,FF,Gavin Williams,CLE @ LAD,777769,660271,668909
2025-05-27,6:10 PM,LAD,Shohei Ohtani,18,,,4,39.0,104.5,362.0,FC,Tanner Bibee,CLE @ LAD,777753,660271,676440
2025-05-30,10:10 PM,LAD,Shohei Ohtani,19,,,1,31.0,105.5,417.0,SI,Max Fried,NYY @ LAD,777708,660271,608331
2025-05-30,10:10 PM,LAD,Shohei Ohtani,20,,,6,42.0,112.5,377.0,FC,Max Fried,NYY @ LAD,777708,660271,608331
2025-06-02,10:10 PM,LAD,Shohei Ohtani,21,,,7,37.0,114.0,414.0,CU,Max Kranick,NYM @ LAD,777675,660271,668820
2025-06-14,10:10 PM,LAD,Shohei Ohtani,22,,,1,27.0,110.3,419.0,FC,Landen Roupp,SF @ LAD,777506,660271,694738
2025-06-14,10:10 PM,LAD,Shohei Ohtani,23,,,6,26.0,101.2,384.0,CU,Tristan Beck,SF @ LAD,777506,660271,663941
2025-06-22,4:10 PM,LAD,Shohei Ohtani,24,,,8,37.0,101.3,383.0,FF,Jackson Rutledge,WSH @ LAD,777398,660271,671131
2025-06-24,8:40 PM,LAD,Shohei Ohtani,25,,,6,27.0,101.6,373.0,FF,Ryan Rolison,COL @ LAD,777379,660271,669020
2025-06-26,3:10 PM,LAD,Shohei Ohtani,26,,,7,40.0,107.8,419.0,SL,Tyler Kinley,COL @ LAD,777344,660271,641755
2025-06-27,8:10 PM,LAD,Shohei Ohtani,27,,,1,35.0,110.4,429.0,CH,Noah Cameron,KC @ LAD,777335,660271,702070
2025-07-01,10:10 PM,LAD,Shohei Ohtani,28,,,4,42.0,116.3,408.0,SL,Shane Smith,CWS @ LAD,777280,660271,681343
2025-07-08,7:40 PM,LAD,Shohei Ohtani,29,,,1,27.0,108.4,431.0,CU,Jacob Misiorowski,MIL @ LAD,777193,660271,694819
2025-07-11,10:15 PM,LAD,Shohei Ohtani,30,,,3,30.0,106.0,410.0,FC,Logan Webb,SF @ LAD,777143,660271,657277
2025-07-19,9:10 PM,LAD,Shohei Ohtani,31,,,3,28.0,113.9,448.0,CH,Freddy Peralta,MIL @ LAD,777085,660271,642547
2025-07-20,4:10 PM,LAD,Shohei Ohtani,32,,,3,22.0,108.7,378.0,SI,Jose Quintana,MIL @ LAD,777070,660271,500779
2025-07-21,10:10 PM,LAD,Shohei Ohtani,33,,,1,26.0,113.4,441.0,CH,David Festa,MIN @ LAD,777051,660271,701581
2025-07-22,10:10 PM,LAD,Shohei Ohtani,34,,,9,28.0,107.5,405.0,FS,Jhoan Duran,MIN @ LAD,777039,660271,661395
2025-07-23,4:10 PM,LAD,Shohei Ohtani,35,,,1,34.0,110.3,441.0,CU,Chris Paddack,MIN @ LAD,777022,660271,663978
2025-07-26,7:15 PM,LAD,Shohei Ohtani,36,,,1,35.0,108.4,403.0,FF,Garrett Crochet,BOS @ LAD,776998,660271,676979
2025-08-06,4:10 PM,LAD,Shohei Ohtani,37,,,3,33.0,109.5,421.0,FF,Matthew Liberatore,STL @ LAD,776839,660271,669461
2025-08-09,9:10 PM,LAD,Shohei Ohtani,38,,,5,27.0,107.8,417.0,SI,Chris Bassitt,TOR @ LAD,776808,660271,605135
2025-08-10,4:10 PM,LAD,Shohei Ohtani,39,,,1,25.0,106.3,400.0,FC,Eric Lauer,TOR @ LAD,776788,660271,641778
2025-08-11,9:38 PM,LAD,Shohei Ohtani,40,,,8,33.0,100.0,389.0,SL,Shaun Anderson,LAA @ LAD,776779,660271,641312
2025-08-12,9:38 PM,LAD,Shohei Ohtani,41,,,9,29.0,114.8,404.0,FC,Kenley Jansen,LAA @ LAD,776763,660271,445276
2025-08-19,8:40 PM,LAD,Shohei Ohtani,42,,,2,19.0,115.9,413.0,FF,Austin Gomber,COL @ LAD,776671,660271,596295
2025-08-24,4:10 PM,LAD,Shohei Ohtani,43,,,9,28.0,108.9,409.0,FF,Yuki Matsui,SD @ LAD,776603,660271,673513
2025-09-02,6:40 PM,LAD,Shohei Ohtani,44,,,3,23.0,120.0,373.0,FF,Bubba Chandler,PIT @ LAD,776496,660271,696149
2025-09-07,1:35 PM,LAD,Shohei Ohtani,45,,,1,23.0,109.8,411.0,SI,Tomoyuki Sugano,BAL @ LAD,776427,660271,608372
2025-09-07,1:35 PM,LAD,Shohei Ohtani,46,,,3,27.0,108.2,399.0,FF,Tomoyuki Sugano,BAL @ LAD,776427,660271,608372
2025-09-13,9:05 PM,LAD,Shohei Ohtani,47,,,3,25.0,114.8,454.0,SI,Logan Webb,SF @ LAD,776328,660271,657277
2025-09-16,10:10 PM,LAD,Shohei Ohtani,48,,,8,37.0,113.4,430.0,FC,David Robertson,PHI @ LAD,776297,660271,502085
2025-09-17,10:10 PM,LAD,Shohei Ohtani,49,,,8,32.0,107.8,408.0,ST,Jesús Luzardo,PHI @ LAD,776280,660271,666200
2025-09-19,10:10 PM,LAD,Shohei Ohtani,50,,,5,30.0,100.2,370.0,FF,Robbie Ray,SF @ LAD,776256,660271,592662
2025-09-20,9:10 PM,LAD,Shohei Ohtani,51,,,6,33.0,107.4,403.0,FF,Joel Peguero,SF @ LAD,776233,660271,666711
2025-09-25,3:40 PM,LAD,Shohei Ohtani,52,,,4,29.0,102.3,406.0,CH,Nabil Crismatt,AZ @ LAD,776185,660271,622503
2025-09-28,3:10 PM,LAD,Shohei Ohtani,53,,,7,32.0,109.5,412.0,FF,Gabe Speier,SEA @ LAD,776139,660271,642100
2025-09-30,9:08 PM,LAD,Shohei Ohtani,54,,,1,21.0,117.7,375.0,FF,Hunter Greene,CIN @ LAD,813069,660271,668881
2025-09-30,9:08 PM,LAD,Shohei Ohtani,55,,,6,34.0,113.5,454.0,ST,Connor Phillips,CIN @ LAD,813069,660271,683175
2025-10-17,8:38 PM,LAD,Shohei Ohtani,56,,,1,25.0,116.5,446.0,SV,Jose Quintana,MIL @ LAD,813031,660271,500779
2025-10-17,8:38 PM,LAD,Shohei Ohtani,57,,,4,33.0,116.9,469.0,FC,Chad Patrick,MIL @ LAD,813031,660271,694477
2025-10-17,8:38 PM,LAD,Shohei Ohtani,58,,,7,26.0,113.6,427.0,FF,Trevor Megill,MIL @ LAD,813031,660271,656730
2025-10-24,8:00 PM,LAD,Shohei Ohtani,59,,,7,41.0,103.7,357.0,CU,Braydon Fisher,TOR @ LAD,813027,660271,680755
2025-10-27,8:00 PM,LAD,Shohei Ohtani,60,,,3,32.0,101.5,389.0,FF,Max Scherzer,TOR @ LAD,813032,660271,453286
2025-10-27,8:00 PM,LAD,Shohei Ohtani,61,,,7,26.0,107.8,401.0,FF,Seranthony Domínguez,TOR @ LAD,813032,660271,622554
2025-05-23,7:15 PM,ATL,Ronald Acuña Jr.,1,,,1,23.0,115.5,467.0,FF,Nick Pivetta,SD @ ATL,777813,660670,601713
2025-05-24,4:10 PM,ATL,Ronald Acuña Jr.,2,,,6,35.0,111.0,427.0,ST,Alek Jacob,SD @ ATL,777803,660670,689690
2025-05-31,4:10 PM,ATL,Ronald Acuña Jr.,3,,,4,27.0,106.8,428.0,FF,Walker Buehler,BOS @ ATL,777706,660670,621111
2025-06-05,12:15 PM,ATL,Ronald Acuña Jr.,4,,,6,21.0,111.3,388.0,CU,Tommy Henry,AZ @ ATL,777640,660670,674072
2025-06-09,7:40 PM,ATL,Ronald Acuña Jr.,5,,,5,26.0,107.1,404.0,FF,Aaron Civale,MIL @ ATL,777575,660670,650644
2025-06-11,2:10 PM,ATL,Ronald Acuña Jr.,6,,,4,31.0,107.7,416.0,FC,Chad Patrick,MIL @ ATL,777554,660670,694477
2025-06-14,4:10 PM,ATL,Ronald Acuña Jr.,7,,,2,36.0,103.7,410.0,FF,Chase Dollander,COL @ ATL,777523,660670,801403
2025-06-18,7:15 PM,ATL,Ronald Acuña Jr.,8,,,1,31.0,106.4,419.0,SI,Paul Blackburn,NYM @ ATL,777470,660670,621112
2025-06-23,7:10 PM,ATL,Ronald Acuña Jr.,9,,,3,26.0,109.8,419.0,CU,Paul Blackburn,NYM @ ATL,777389,660670,621112
2025-07-09,10:05 PM,ATL,Ronald Acuña Jr.,10,,,1,35.0,110.6,433.0,SI,Mitch Spence,ATH @ ATL,777176,660670,687765
2025-07-09,10:05 PM,ATL,Ronald Acuña Jr.,11,,,4,25.0,106.0,378.0,SL,Mitch Spence,ATH @ ATL,777176,660670,687765
2025-07-12,2:15 PM,ATL,Ronald Acuña Jr.,12,,,1,39.0,108.7,379.0,ST,Erick Fedde,STL @ ATL,777133,660670,607200
2025-07-20,1:35 PM,ATL,Ronald Acuña Jr.,13,,,9,23.0,113.7,456.0,CH,Devin Williams,NYY @ ATL,777083,660670,642207
2025-07-28,7:40 PM,ATL,Ronald Acuña Jr.,14,,,3,30.0,110.0,468.0,FF,Rich Hill,KC @ ATL,776971,660670,448179
2025-08-22,7:15 PM,ATL,Ronald Acuña Jr.,15,,,4,22.0,112.4,427.0,ST,Nolan McLean,NYM @ ATL,776645,660670,690997
2025-09-12,7:15 PM,ATL,Ronald Acuña Jr.,16,,,6,25.0,110.7,375.0,FF,Colton Gordon,HOU @ ATL,776360,660670,676467
2025-09-15,6:45 PM,ATL,Ronald Acuña Jr.,17,,,9,35.0,110.1,423.0,SL,Orlando Ribalta,WSH @ ATL,776315,660670,687377
2025-09-19,6:40 PM,ATL,Ronald Acuña Jr.,18,,,2,32.0,104.8,386.0,FF,Charlie Morton,DET @ ATL,776268,660670,450203
2025-09-22,7:15 PM,ATL,Ronald Acuña Jr.,19,,,1,33.0,106.5,402.0,FF,MacKenzie Gore,WSH @ ATL,776221,660670,669022
2025-09-23,7:15 PM,ATL,Ronald Acuña Jr.,20,,,6,25.0,111.3,433.0,SL,Brad Lord,WSH @ ATL,776219,660670,695418
2025-09-28,3:15 PM,ATL,Ronald Acuña Jr.,21,,,1,34.0,108.5,451.0,FF,Johan Oviedo,PIT @ ATL,776149,660670,670912
2025-03-29,4:05 PM,WSH,Keibert Ruiz,1,,,2,30.0,101.6,414.0,CH,Jesús Luzardo,PHI @ WSH,778535,660688,666200
2025-04-25,9:40 PM,MIA,Jesús Sánchez,1,,,5,31.0,107.1,406.0,SL,Player 596271,SEA @ MIA,778175,660821,596271
2025-05-19,6:40 PM,MIA,Jesús Sánchez,2,,,1,20.0,112.1,409.0,FF,Ben Brown,CHC @ MIA,777863,660821,676962
2025-05-26,8:40 PM,MIA,Jesús Sánchez,3,,,2,21.0,111.0,417.0,FC,Randy Vásquez,SD @ MIA,777756,660821,681190
2025-05-28,4:10 PM,MIA,Jesús Sánchez,4,,,5,40.0,105.9,371.0,FF,Kyle Hart,SD @ MIA,777726,660821,606996
2025-06-07,4:10 PM,MIA,Jesús Sánchez,5,,,3,32.0,107.3,425.0,FC,Taj Bradley,TB @ MIA,777611,660821,671737
2025-06-14,1:05 PM,MIA,Jesús Sánchez,6,,,7,23.0,109.3,415.0,FF,Brad Lord,WSH @ MIA,777514,660821,695418
2025-06-17,6:10 PM,MIA,Jesús Sánchez,7,,,7,21.0,111.0,415.0,CH,Joe Ross,PHI @ MIA,777481,660821,605452
2025-07-18,,MIA,Jesús Sánchez,8,,,1,23.0,110.2,431.0,SI,Seth Lugo,KC @ MIA,777109,660821,607625
2025-07-23,12:10 PM,MIA,Jesús Sánchez,9,,,5,20.0,106.1,377.0,KC,Dylan Cease,SD @ MIA,777037,660821,656302
2025-07-30,7:45 PM,MIA,Jesús Sánchez,10,,,3,26.0,106.8,439.0,CH,Miles Mikolas,STL @ MIA,776934,660821,571945
2025-08-23,7:05 PM,HOU,Jesús Sánchez,11,,,1,25.0,111.0,429.0,CU,Dean Kremer,BAL @ HOU,776629,660821,665152
2025-08-26,8:10 PM,HOU,Jesús Sánchez,12,,,2,24.0,112.0,439.0,FF,Tanner Gordon,COL @ HOU,776587,660821,685299
2025-09-04,7:40 PM,HOU,Jesús Sánchez,13,,,7,26.0,100.2,357.0,FF,Luke Weaver,NYY @ HOU,776464,660821,596133
2025-09-27,9:38 PM,HOU,Jesús Sánchez,14,,,4,22.0,105.2,378.0,SL,Caden Dana,LAA @ HOU,776155,660821,702674
2025-09-01,7:35 PM,SEA,Leo Rivas,1,,,9,32.0,104.2,385.0,SL,Brian Van Belle,TB @ SEA,776504,660844,687003
2025-09-10,9:40 PM,SEA,Leo Rivas,2,,,13,27.0,98.1,361.0,SL,Ryan Fernandez,STL @ SEA,776373,660844,681676
2025-04-08,8:40 PM,MIL,William Contreras,1,,,7,26.0,96.4,374.0,CU,Jimmy Herget,COL @ MIL,778394,661388,623474
2025-04-09,8:40 PM,MIL,William Contreras,2,,,3,37.0,102.2,408.0,SL,Antonio Senzatela,COL @ MIL,778379,661388,622608
2025-04-13,4:10 PM,MIL,William Contreras,3,,,1,18.0,108.4,375.0,KC,Zac Gallen,AZ @ MIL,778332,661388,668678
2025-05-11,1:40 PM,MIL,William Contreras,4,,,4,25.0,107.9,378.0,SI,Drew Rasmussen,TB @ MIL,777964,661388,656876
2025-05-23,6:40 PM,MIL,William Contreras,5,,,9,24.0,106.7,408.0,FF,David Bednar,PIT @ MIL,777806,661388,670280
2025-06-14,4:10 PM,MIL,William Contreras,6,,,9,36.0,106.9,389.0,FF,Ryan Helsley,STL @ MIL,777512,661388,664854
2025-07-30,2:10 PM,MIL,William Contreras,7,,,1,24.0,105.1,371.0,FS,Shota Imanaga,CHC @ MIL,776929,661388,684007
2025-07-30,2:10 PM,MIL,William Contreras,8,,,4,25.0,103.0,387.0,FF,Shota Imanaga,CHC @ MIL,776929,661388,684007
2025-08-01,6:45 PM,MIL,William Contreras,9,,,7,22.0,104.4,369.0,CH,Ryan Loutos,WSH @ MIL,776917,661388,702795
2025-08-09,7:10 PM,MIL,William Contreras,10,,,7,27.0,99.2,399.0,FF,Ryan Helsley,NYM @ MIL,776817,661388,664854
2025-08-10,2:10 PM,MIL,William Contreras,11,,,4,31.0,95.7,374.0,FF,Sean Manaea,NYM @ MIL,776799,661388,640455
2025-08-10,2:10 PM,MIL,William Contreras,12,,,5,25.0,98.8,357.0,FC,Reed Garrett,NYM @ MIL,776799,661388,657585
2025-08-17,1:40 PM,MIL,William Contreras,13,,,9,22.0,108.3,405.0,FC,Emilio Pagán,CIN @ MIL,776709,661388,641941
2025-08-22,8:10 PM,MIL,William Contreras,14,,,9,35.0,100.0,379.0,SL,Randy Rodríguez,SF @ MIL,776634,661388,678495
2025-08-26,7:40 PM,MIL,William Contreras,15,,,3,25.0,110.2,441.0,ST,Brandon Pfaadt,AZ @ MIL,776586,661388,694297
2025-08-27,7:40 PM,MIL,William Contreras,16,,,8,21.0,112.4,395.0,SI,Juan Burgos,AZ @ MIL,776572,661388,686228
2025-08-31,1:37 PM,MIL,William Contreras,17,,,1,27.0,98.7,365.0,SL,Max Scherzer,TOR @ MIL,776515,661388,453286
2025-10-06,9:08 PM,MIL,William Contreras,18,,,3,30.0,107.6,411.0,FF,Shota Imanaga,CHC @ MIL,813048,661388,684007
2025-10-11,8:08 PM,MIL,William Contreras,19,,,1,22.0,107.1,389.0,FF,Drew Pomeranz,CHC @ MIL,813046,661388,519141
2025-04-30,7:07 PM,TOR,Daulton Varsho,1,,,6,29.0,104.6,403.0,CH,Lucas Giolito,BOS @ TOR,778114,662139,608337
2025-05-01,7:07 PM,TOR,Daulton Varsho,2,,,7,29.0,99.4,356.0,SI,Tanner Houck,BOS @ TOR,778095,662139,656557
2025-05-08,9:38 PM,TOR,Daulton Varsho,3,,,8,29.0,102.6,383.0,CH,Connor Brogdon,LAA @ TOR,778000,662139,641401
2025-05-13,7:07 PM,TOR,Daulton Varsho,4,,,4,19.0,113.9,361.0,FF,Shane Baz,TB @ TOR,777935,662139,669358
2025-05-13,7:07 PM,TOR,Daulton Varsho,5,,,8,32.0,113.6,424.0,CH,Edwin Uceta,TB @ TOR,777935,662139,670955
2025-05-16,7:07 PM,TOR,Daulton Varsho,6,,,6,27.0,103.2,376.0,FF,Jack Flaherty,DET @ TOR,777906,662139,656427
2025-05-21,7:07 PM,TOR,Daulton Varsho,7,,,8,29.0,105.2,413.0,FF,Alek Jacob,SD @ TOR,777837,662139,689690
2025-05-26,4:05 PM,TOR,Daulton Varsho,8,,,1,24.0,105.6,374.0,SL,Jacob deGrom,TEX @ TOR,777759,662139,594798
2025-08-04,8:40 PM,TOR,Daulton Varsho,9,,,3,28.0,106.9,451.0,CH,Tanner Gordon,COL @ TOR,776872,662139,685299
2025-08-05,8:40 PM,TOR,Daulton Varsho,10,,,4,21.0,109.9,404.0,FF,Anthony Molina,COL @ TOR,776854,662139,683627
2025-08-05,8:40 PM,TOR,Daulton Varsho,11,,,6,33.0,108.3,467.0,CH,Anthony Molina,COL @ TOR,776854,662139,683627
2025-08-12,7:07 PM,TOR,Daulton Varsho,12,,,8,27.0,104.5,387.0,KC,Ben Brown,CHC @ TOR,776768,662139,676962
2025-08-16,3:07 PM,TOR,Daulton Varsho,13,,,5,21.0,108.2,365.0,FF,Jon Gray,TEX @ TOR,776723,662139,592351
2025-08-22,7:10 PM,TOR,Daulton Varsho,14,,,6,26.0,108.3,423.0,FC,Ryan Gusto,MIA @ TOR,776646,662139,687473
2025-08-24,1:40 PM,TOR,Daulton Varsho,15,,,7,23.0,109.1,424.0,FF,Lake Bachar,MIA @ TOR,776614,662139,669199
2025-09-01,1:10 PM,TOR,Daulton Varsho,16,,,9,24.0,107.0,388.0,FS,Emilio Pagán,CIN @ TOR,776503,662139,641941
2025-09-02,6:40 PM,TOR,Daulton Varsho,17,,,7,24.0,109.5,423.0,FF,Connor Phillips,CIN @ TOR,776491,662139,683175
2025-09-03,6:40 PM,TOR,Daulton Varsho,18,,,4,38.0,102.9,372.0,FS,Zack Littell,CIN @ TOR,776475,662139,641793
2025-09-20,7:10 PM,TOR,Daulton Varsho,19,,,7,22.0,106.2,437.0,FC,Noah Cameron,KC @ TOR,776245,662139,702070
2025-09-25,7:07 PM,TOR,Daulton Varsho,20,,,6,35.0,103.2,371.0,FF,Justin Wilson,BOS @ TOR,776186,662139,458677
2025-10-05,4:08 PM,TOR,Daulton Varsho,21,,,4,29.0,106.6,407.0,CH,Will Warren,NYY @ TOR,813062,662139,701542
2025-10-05,4:08 PM,TOR,Daulton Varsho,22,,,6,29.0,95.1,346.0,CU,Will Warren,NYY @ TOR,813062,662139,701542
2025-10-24,8:00 PM,TOR,Daulton Varsho,23,,,4,25.0,109.0,423.0,FF,Blake Snell,LAD @ TOR,813027,662139,605483
2025-06-06,7:10 PM,DET,Jahmai Jones,1,,,8,35.0,102.3,374.0,CU,Génesis Cabrera,CHC @ DET,777626,663330,650893
2025-06-15,12:05 PM,DET,Jahmai Jones,2,,,3,33.0,106.6,388.0,FC,Player 489119,CIN @ DET,777505,663330,489119
2025-07-22,6:40 PM,DET,Jahmai Jones,3,,,8,29.0,109.0,451.0,FC,Caleb Ferguson,PIT @ DET,777044,663330,657571
2025-07-24,6:40 PM,DET,Jahmai Jones,4,,,1,31.0,97.0,399.0,FF,Eric Lauer,TOR @ DET,777021,663330,641778
2025-09-01,1:10 PM,DET,Jahmai Jones,5,,,1,27.0,108.5,429.0,FF,Sean Manaea,NYM @ DET,776501,663330,640455
2025-09-06,6:10 PM,DET,Jahmai Jones,6,,,1,25.0,104.4,374.0,FC,Martín Pérez,CWS @ DET,776435,663330,527048
2025-09-25,6:40 PM,DET,Jahmai Jones,7,,,1,30.0,110.3,400.0,SI,Parker Messick,CLE @ DET,776189,663330,800048
2025-08-01,6:45 PM,MIL,Blake Perkins,1,,,2,24.0,98.9,371.0,SL,Mitchell Parker,WSH @ MIL,776917,663368,680730
2025-08-01,6:45 PM,MIL,Blake Perkins,2,,,5,21.0,103.8,398.0,FF,Mitchell Parker,WSH @ MIL,776917,663368,680730
2025-08-06,7:15 PM,MIL,Blake Perkins,3,,,5,29.0,98.3,377.0,SL,Spencer Strider,ATL @ MIL,776853,663368,675911
2025-03-31,7:45 PM,STL,Lars Nootbaar,1,,,1,26.0,99.5,365.0,CH,Tyler Anderson,LAA @ STL,778503,663457,542881
2025-04-16,1:15 PM,STL,Lars Nootbaar,2,,,5,21.0,108.4,418.0,CU,Ronel Blanco,HOU @ STL,778290,663457,669854
2025-04-22,7:15 PM,STL,Lars Nootbaar,3,,,3,25.0,100.0,365.0,SL,Scott Blewett,ATL @ STL,778229,663457,656240
2025-04-30,12:40 PM,STL,Lars Nootbaar,4,,,9,25.0,104.8,392.0,SL,Alexis Díaz,CIN @ STL,778134,663457,664747
2025-05-11,1:35 PM,STL,Lars Nootbaar,5,,,1,24.0,108.1,382.0,FF,MacKenzie Gore,WSH @ STL,777962,663457,669022
2025-05-14,6:15 PM,STL,Lars Nootbaar,6,,,3,22.0,104.9,373.0,FF,Aaron Nola,PHI @ STL,777933,663457,605400
2025-05-27,6:35 PM,STL,Lars Nootbaar,7,,,2,36.0,105.4,388.0,FC,Tomoyuki Sugano,BAL @ STL,777754,663457,608372
2025-06-19,2:15 PM,STL,Lars Nootbaar,8,,,10,18.0,113.0,378.0,FF,Dan Altavilla,CWS @ STL,777458,663457,656186
2025-06-23,7:45 PM,STL,Lars Nootbaar,9,,,4,34.0,102.0,396.0,KC,Ben Brown,CHC @ STL,777392,663457,676962
2025-06-24,7:45 PM,STL,Lars Nootbaar,10,,,2,38.0,107.6,412.0,FC,Jameson Taillon,CHC @ STL,777373,663457,592791
2025-07-08,7:45 PM,STL,Lars Nootbaar,11,,,6,34.0,97.2,369.0,CH,Jake Irvin,WSH @ STL,777191,663457,663623
2025-08-13,2:15 PM,STL,Lars Nootbaar,12,,,4,29.0,98.6,393.0,SL,Austin Gomber,COL @ STL,776758,663457,596295
2025-06-24,7:45 PM,CHC,Nico Hoerner,1,,,6,36.0,97.0,364.0,CH,Steven Matz,STL @ CHC,777373,663538,571927
2025-06-27,8:10 PM,CHC,Nico Hoerner,2,,,5,28.0,98.5,383.0,FC,Brandon Walter,HOU @ CHC,777336,663538,687888
2025-06-28,7:15 PM,CHC,Nico Hoerner,3,,,4,31.0,93.5,351.0,CH,Lance McCullers Jr.,HOU @ CHC,777320,663538,621121
2025-07-29,7:40 PM,CHC,Nico Hoerner,4,,,6,27.0,99.6,379.0,SL,Quinn Priester,MIL @ CHC,776956,663538,682990
2025-08-27,9:45 PM,CHC,Nico Hoerner,5,,,2,29.0,103.1,397.0,SI,Carson Whisenhunt,SF @ CHC,776557,663538,687931
2025-09-05,2:20 PM,CHC,Nico Hoerner,6,,,6,29.0,100.2,364.0,KC,Shinnosuke Ogasawara,WSH @ CHC,776455,663538,829272
2025-09-26,2:20 PM,CHC,Nico Hoerner,7,,,1,28.0,103.8,412.0,FF,Miles Mikolas,STL @ CHC,776167,663538,571945
2025-10-04,2:08 PM,CHC,Nico Hoerner,8,,,8,28.0,102.0,404.0,FF,Jared Koenig,MIL @ CHC,813047,663538,657649
2025-04-09,7:15 PM,ATL,Austin Riley,1,,,7,30.0,107.6,417.0,SI,Joe Ross,PHI @ ATL,778393,663586,605452
2025-04-14,7:07 PM,ATL,Austin Riley,2,,,3,24.0,111.7,411.0,FF,Easton Lucas,TOR @ ATL,778322,663586,687922
2025-04-14,7:07 PM,ATL,Austin Riley,3,,,5,34.0,110.2,444.0,SL,Easton Lucas,TOR @ ATL,778322,663586,687922
2025-04-15,7:07 PM,ATL,Austin Riley,4,,,1,34.0,103.9,375.0,FS,Kevin Gausman,TOR @ ATL,778311,663586,592332
2025-04-21,7:15 PM,ATL,Austin Riley,5,,,3,40.0,107.0,412.0,SI,Erick Fedde,STL @ ATL,778233,663586,607200
2025-05-04,7:10 PM,ATL,Austin Riley,6,,,1,29.0,108.5,426.0,ST,Dustin May,LAD @ ATL,778060,663586,669160
2025-05-04,7:10 PM,ATL,Austin Riley,7,,,3,24.0,108.0,416.0,ST,Dustin May,LAD @ ATL,778060,663586,669160
2025-05-29,6:45 PM,ATL,Austin Riley,8,,,7,27.0,111.0,409.0,SI,Joe Ross,PHI @ ATL,777723,663586,605452
2025-05-31,4:10 PM,ATL,Austin Riley,9,,,4,28.0,98.2,400.0,KC,Walker Buehler,BOS @ ATL,777706,663586,621111
2025-06-05,12:15 PM,ATL,Austin Riley,10,,,5,23.0,113.1,380.0,FF,Tommy Henry,AZ @ ATL,777640,663586,674072
2025-06-20,7:10 PM,ATL,Austin Riley,11,,,8,24.0,109.6,430.0,FS,Robinson Piña,MIA @ ATL,777439,663586,673820
2025-07-05,4:10 PM,ATL,Austin Riley,12,,,1,33.0,107.8,429.0,FC,Dean Kremer,BAL @ ATL,777237,663586,665152
2025-07-09,10:05 PM,ATL,Austin Riley,13,,,2,30.0,100.8,408.0,FC,Mitch Spence,ATH @ ATL,777176,663586,687765
2025-07-28,7:40 PM,ATL,Austin Riley,14,,,7,32.0,102.1,422.0,FF,Sam Long,KC @ ATL,776971,663586,669674
2025-07-29,7:40 PM,ATL,Austin Riley,15,,,6,31.0,107.9,434.0,SV,Seth Lugo,KC @ ATL,776955,663586,607625
2025-04-18,7:15 PM,MIN,Trevor Larnach,1,,,3,20.0,111.8,407.0,CH,Bryce Elder,ATL @ MIN,778284,663616,693821
2025-04-22,7:40 PM,MIN,Trevor Larnach,2,,,8,28.0,106.4,434.0,FF,Mike Vasil,CWS @ MIN,778216,663616,678024
2025-04-23,7:40 PM,MIN,Trevor Larnach,3,,,6,36.0,91.6,347.0,FF,Jordan Leasure,CWS @ MIN,778201,663616,673929
2025-04-25,7:40 PM,MIN,Trevor Larnach,4,,,4,20.0,110.6,409.0,CH,Carl Edwards Jr.,LAA @ MIN,778186,663616,605218
2025-05-08,1:10 PM,MIN,Trevor Larnach,5,,,6,26.0,104.4,393.0,FF,Dean Kremer,BAL @ MIN,778007,663616,665152
2025-05-10,7:15 PM,MIN,Trevor Larnach,6,,,3,27.0,102.9,380.0,ST,Logan Webb,SF @ MIN,777974,663616,657277
2025-05-14,12:10 PM,MIN,Trevor Larnach,7,,,2,28.0,108.0,388.0,FF,Chayce McDermott,BAL @ MIN,777938,663616,694646
2025-05-30,10:10 PM,MIN,Trevor Larnach,8,,,4,26.0,100.4,381.0,FF,Bryan Woo,SEA @ MIN,777713,663616,693433
2025-06-03,10:05 PM,MIN,Trevor Larnach,9,,,6,22.0,107.2,432.0,FF,Jacob Lopez,ATH @ MIN,777658,663616,682052
2025-06-06,8:10 PM,MIN,Trevor Larnach,10,,,1,28.0,108.2,421.0,FF,Paxton Schultz,TOR @ MIN,777615,663616,687606
2025-06-23,7:40 PM,MIN,Trevor Larnach,11,,,6,29.0,100.5,404.0,FF,Bryan Woo,SEA @ MIN,777388,663616,693433
2025-06-26,1:10 PM,MIN,Trevor Larnach,12,,,5,22.0,108.3,421.0,CH,Emerson Hancock,SEA @ MIN,777356,663616,676106
2025-07-11,8:10 PM,MIN,Trevor Larnach,13,,,4,22.0,105.9,399.0,CU,Paul Skenes,PIT @ MIN,777148,663616,694973
2025-08-04,6:40 PM,MIN,Trevor Larnach,14,,,5,25.0,106.9,434.0,FS,Casey Mize,DET @ MIN,776874,663616,663554
2025-08-05,6:40 PM,MIN,Trevor Larnach,15,,,4,21.0,109.4,409.0,FC,Chris Paddack,DET @ MIN,776861,663616,663978
2025-08-11,7:05 PM,MIN,Trevor Larnach,16,,,7,24.0,103.5,395.0,CU,Will Warren,NYY @ MIN,776790,663616,701542
2025-09-16,7:40 PM,MIN,Trevor Larnach,17,,,9,26.0,110.5,426.0,FF,David Bednar,NYY @ MIN,776298,663616,670280
2025-04-13,1:35 PM,BAL,Ryan Mountcastle,1,,,2,22.0,105.4,388.0,SV,José Berríos,TOR @ BAL,778344,663624,621244
2025-04-30,6:35 PM,BAL,Ryan Mountcastle,2,,,2,37.0,106.9,395.0,SL,Carlos Carrasco,NYY @ BAL,778115,663624,471911
2025-08-08,7:05 PM,BAL,Ryan Mountcastle,3,,,1,24.0,109.6,433.0,SL,J.T. Ginn,ATH @ BAL,776831,663624,669372
2025-08-13,6:35 PM,BAL,Ryan Mountcastle,4,,,7,19.0,108.4,394.0,FF,Logan Gilbert,SEA @ BAL,776761,663624,669302
2025-08-30,7:15 PM,BAL,Ryan Mountcastle,5,,,3,24.0,110.0,434.0,SI,Carson Seymour,SF @ BAL,776516,663624,693313
2025-09-19,7:05 PM,BAL,Ryan Mountcastle,6,,,2,21.0,114.3,422.0,FF,Will Warren,NYY @ BAL,776273,663624,701542
2025-09-25,1:05 PM,BAL,Ryan Mountcastle,7,,,3,22.0,105.0,362.0,FF,Jesse Scholtens,TB @ BAL,776191,663624,669947
2025-04-04,4:12 PM,PIT,Ke'Bryan Hayes,1,,,7,25.0,96.6,348.0,SL,Fernando Cruz,NYY @ PIT,778461,663647,518585
2025-06-10,6:40 PM,PIT,Ke'Bryan Hayes,2,,,8,27.0,102.2,413.0,SL,Ronny Henriquez,MIA @ PIT,777566,663647,678692
2025-07-31,7:10 PM,CIN,Ke'Bryan Hayes,3,,,8,22.0,101.3,369.0,SL,Dane Dunning,ATL @ CIN,776928,663647,641540
2025-08-16,6:40 PM,CIN,Ke'Bryan Hayes,4,,,6,23.0,106.8,388.0,CU,Quinn Priester,MIL @ CIN,776721,663647,682990
2025-08-29,6:40 PM,CIN,Ke'Bryan Hayes,5,,,8,25.0,101.8,371.0,FF,Gordon Graceffo,STL @ CIN,776551,663647,700669
2025-03-29,8:10 PM,CHC,Kyle Tucker,1,,,5,26.0,103.6,405.0,CH,Brandon Pfaadt,AZ @ CHC,778532,663656,694297
2025-03-30,4:10 PM,CHC,Kyle Tucker,2,,,8,32.0,97.2,366.0,CU,Joe Mantiply,AZ @ CHC,778515,663656,573009
2025-03-31,10:05 PM,CHC,Kyle Tucker,3,,,9,33.0,105.7,417.0,FA,Jhonny Pereda,ATH @ CHC,778501,663656,640902
2025-04-01,10:05 PM,CHC,Kyle Tucker,4,,,3,27.0,107.5,427.0,FF,Luis Severino,ATH @ CHC,778494,663656,622663
2025-04-06,2:20 PM,CHC,Kyle Tucker,5,,,2,27.0,105.4,407.0,FF,Logan Gillaspie,SD @ CHC,778430,663656,670810
2025-04-18,2:20 PM,CHC,Kyle Tucker,6,,,8,24.0,107.3,387.0,SI,Joe Mantiply,AZ @ CHC,778268,663656,573009
2025-04-22,7:40 PM,CHC,Kyle Tucker,7,,,8,31.0,102.3,383.0,SL,Alex Vesia,LAD @ CHC,778220,663656,681911
2025-05-01,12:35 PM,CHC,Kyle Tucker,8,,,5,28.0,103.0,395.0,FF,Paul Skenes,PIT @ CHC,778100,663656,694973
2025-05-03,7:10 PM,CHC,Kyle Tucker,9,,,5,36.0,102.4,372.0,CH,Jose Quintana,MIL @ CHC,778071,663656,500779
2025-05-09,7:10 PM,CHC,Kyle Tucker,10,,,4,34.0,104.3,384.0,SI,Clay Holmes,NYM @ CHC,778001,663656,605280
2025-05-20,6:40 PM,CHC,Kyle Tucker,11,,,1,27.0,102.2,393.0,FF,Ryan Weathers,MIA @ CHC,777850,663656,677960
2025-05-21,1:10 PM,CHC,Kyle Tucker,12,,,1,30.0,102.4,385.0,SL,Max Meyer,MIA @ CHC,777833,663656,676974
2025-06-09,6:45 PM,CHC,Kyle Tucker,13,,,1,26.0,105.9,387.0,FF,Zack Wheeler,PHI @ CHC,777578,663656,554430
2025-06-21,2:20 PM,CHC,Kyle Tucker,14,,,1,32.0,99.1,402.0,FF,Emerson Hancock,SEA @ CHC,777419,663656,676106
2025-06-22,2:20 PM,CHC,Kyle Tucker,15,,,7,33.0,102.8,422.0,FF,Gabe Speier,SEA @ CHC,777403,663656,642100
2025-06-25,7:45 PM,CHC,Kyle Tucker,16,,,3,25.0,104.4,409.0,FC,Erick Fedde,STL @ CHC,777357,663656,607200
2025-06-28,7:15 PM,CHC,Kyle Tucker,17,,,4,24.0,105.8,344.0,SL,Lance McCullers Jr.,HOU @ CHC,777320,663656,621121
2025-07-19,7:15 PM,CHC,Kyle Tucker,18,,,1,27.0,103.6,386.0,FF,Brayan Bello,BOS @ CHC,777096,663656,678394
2025-08-22,9:38 PM,CHC,Kyle Tucker,19,,,1,30.0,101.3,405.0,FF,Tyler Anderson,LAA @ CHC,776640,663656,542881
2025-08-23,9:38 PM,CHC,Kyle Tucker,20,,,3,31.0,103.0,399.0,SI,Victor Mederos,LAA @ CHC,776618,663656,682989
2025-08-23,9:38 PM,CHC,Kyle Tucker,21,,,6,34.0,101.0,394.0,CH,Carson Fulmer,LAA @ CHC,776618,663656,608334
2025-09-02,7:40 PM,CHC,Kyle Tucker,22,,,3,29.0,101.7,381.0,FF,Joey Wentz,ATL @ CHC,776487,663656,666214
2025-10-09,9:08 PM,CHC,Kyle Tucker,23,,,7,27.0,107.5,414.0,FF,Robert Gasser,MIL @ CHC,813050,663656,688107
2025-06-04,12:40 PM,MIL,Daz Cameron,1,,,6,25.0,108.2,437.0,CH,Andrew Abbott,CIN @ MIL,777647,663662,671096
2025-05-04,1:35 PM,KC,Jonathan India,1,,,5,18.0,106.1,393.0,SL,Bryan Baker,BAL @ KC,778062,663697,641329
2025-06-05,1:45 PM,KC,Jonathan India,2,,,1,32.0,106.2,401.0,FF,Miles Mikolas,STL @ KC,777642,663697,571945
2025-06-10,7:40 PM,KC,Jonathan India,3,,,6,27.0,104.6,415.0,CH,Max Fried,NYY @ KC,777572,663697,608331
2025-06-20,9:40 PM,KC,Jonathan India,4,,,5,28.0,105.5,403.0,FF,Nick Pivetta,SD @ KC,777426,663697,601713
2025-07-26,2:40 PM,KC,Jonathan India,5,,,10,22.0,109.0,413.0,SL,Emmanuel Clase,CLE @ KC,777010,663697,661403
2025-08-06,7:10 PM,KC,Jonathan India,6,,,7,30.0,96.0,351.0,SL,Jordan Hicks,BOS @ KC,776856,663697,663855
2025-08-12,7:40 PM,KC,Jonathan India,7,,,6,27.0,104.4,396.0,SL,Konnor Pilkington,WSH @ KC,776770,663697,663455
2025-08-17,2:10 PM,KC,Jonathan India,8,,,7,28.0,107.7,451.0,ST,Steven Wilson,CWS @ KC,776702,663697,621051
2025-09-26,10:05 PM,KC,Jonathan India,9,,,4,29.0,100.6,358.0,ST,Mason Barnett,ATH @ KC,776172,663697,686930
2025-04-07,6:40 PM,PIT,Joey Bart,1,,,1,26.0,106.2,411.0,FF,Matthew Liberatore,STL @ PIT,778415,663698,669461
2025-08-11,7:40 PM,PIT,Joey Bart,2,,,3,34.0,98.8,356.0,SI,Jose Quintana,MIL @ PIT,776786,663698,500779
2025-09-17,12:35 PM,PIT,Joey Bart,3,,,1,31.0,106.0,419.0,FF,Matthew Boyd,CHC @ PIT,776287,663698,571510
2025-09-21,1:35 PM,PIT,Joey Bart,4,,,5,33.0,108.6,420.0,SL,Osvaldo Bido,ATH @ PIT,776234,663698,674370
2025-03-31,9:40 PM,SEA,Cal Raleigh,1,,,9,40.0,106.3,358.0,SI,Brant Hurter,DET @ SEA,778496,663728,676428
2025-04-06,4:05 PM,SEA,Cal Raleigh,2,,,3,28.0,97.6,347.0,SI,Jordan Hicks,SF @ SEA,778427,663728,663855
2025-04-11,9:40 PM,SEA,Cal Raleigh,3,,,8,27.0,109.7,399.0,FC,Chris Martin,TEX @ SEA,778360,663728,455119
2025-04-12,9:40 PM,SEA,Cal Raleigh,4,,,5,28.0,108.7,420.0,SI,Caleb Boushley,TEX @ SEA,778341,663728,676961
2025-04-13,4:10 PM,SEA,Cal Raleigh,5,,,1,29.0,99.2,351.0,FS,Nathan Eovaldi,TEX @ SEA,778334,663728,543135
2025-04-16,6:40 PM,SEA,Cal Raleigh,6,,,5,32.0,104.1,412.0,FC,Nick Martinez,CIN @ SEA,778304,663728,607259
2025-04-16,6:40 PM,SEA,Cal Raleigh,7,,,7,39.0,104.0,350.0,ST,Taylor Rogers,CIN @ SEA,778304,663728,573124
2025-04-17,12:40 PM,SEA,Cal Raleigh,8,,,9,33.0,110.5,422.0,FF,Emilio Pagán,CIN @ SEA,778285,663728,641941
2025-04-20,1:37 PM,SEA,Cal Raleigh,9,,,1,28.0,110.7,398.0,SL,Easton Lucas,TOR @ SEA,778241,663728,687922
2025-04-27,4:10 PM,SEA,Cal Raleigh,10,,,1,35.0,101.2,368.0,FF,Max Meyer,MIA @ SEA,778136,663728,676974
2025-05-02,8:05 PM,SEA,Cal Raleigh,11,,,4,33.0,110.7,432.0,SL,Jack Leiter,TEX @ SEA,778083,663728,683004
2025-05-02,8:05 PM,SEA,Cal Raleigh,12,,,5,30.0,104.8,387.0,CU,Jack Leiter,TEX @ SEA,778083,663728,683004
2025-05-12,9:40 PM,SEA,Cal Raleigh,13,,,8,26.0,106.0,420.0,FF,Tim Hill,NYY @ SEA,777941,663728,657612
2025-05-16,9:40 PM,SEA,Cal Raleigh,14,,,6,34.0,101.0,363.0,FF,Stephen Kolek,SD @ SEA,777896,663728,663568
2025-05-17,8:40 PM,SEA,Cal Raleigh,15,,,7,41.0,109.6,399.0,FC,Adrian Morejon,SD @ SEA,777875,663728,670970
2025-05-21,2:10 PM,SEA,Cal Raleigh,16,,,6,25.0,100.3,352.0,CH,Brandon Eisert,CWS @ SEA,777830,663728,685126
2025-05-23,8:10 PM,SEA,Cal Raleigh,17,,,7,41.0,111.8,369.0,SL,Bryan Abreu,HOU @ SEA,777800,663728,650556
2025-05-27,9:40 PM,SEA,Cal Raleigh,18,,,1,40.0,112.1,389.0,FF,Mitchell Parker,WSH @ SEA,777743,663728,680730
2025-05-27,9:40 PM,SEA,Cal Raleigh,19,,,5,22.0,107.3,365.0,FS,Mitchell Parker,WSH @ SEA,777743,663728,680730
2025-05-30,10:10 PM,SEA,Cal Raleigh,20,,,1,26.0,102.9,356.0,FC,Zebby Matthews,MIN @ SEA,777713,663728,805673
2025-05-30,10:10 PM,SEA,Cal Raleigh,21,,,8,25.0,113.2,380.0,FF,Cole Sands,MIN @ SEA,777713,663728,663485
2025-05-31,7:15 PM,SEA,Cal Raleigh,22,,,3,34.0,99.2,383.0,FF,Bailey Ober,MIN @ SEA,777695,663728,641927
2025-06-01,4:10 PM,SEA,Cal Raleigh,23,,,7,28.0,106.9,362.0,CU,Chris Paddack,MIN @ SEA,777680,663728,663978
2025-06-05,3:40 PM,SEA,Cal Raleigh,24,,,5,42.0,99.9,337.0,FC,Zach Eflin,BAL @ SEA,777628,663728,621107
2025-06-07,9:38 PM,SEA,Cal Raleigh,25,,,1,37.0,99.0,372.0,SI,Jack Kochanowicz,LAA @ SEA,777603,663728,686799
2025-06-07,9:38 PM,SEA,Cal Raleigh,26,,,9,27.0,105.9,427.0,SI,Kenley Jansen,LAA @ SEA,777603,663728,445276
2025-06-17,9:40 PM,SEA,Cal Raleigh,27,,,2,43.0,106.0,370.0,CH,Walker Buehler,BOS @ SEA,777473,663728,621111
2025-06-20,2:20 PM,SEA,Cal Raleigh,28,,,1,24.0,98.4,381.0,FF,Matthew Boyd,CHC @ SEA,777436,663728,571510
2025-06-20,2:20 PM,SEA,Cal Raleigh,29,,,7,27.0,106.3,419.0,FF,Caleb Thielbar,CHC @ SEA,777436,663728,573204
2025-06-21,2:20 PM,SEA,Cal Raleigh,30,,,9,41.0,97.9,363.0,FF,Daniel Palencia,CHC @ SEA,777419,663728,694037
2025-06-22,2:20 PM,SEA,Cal Raleigh,31,,,1,36.0,105.0,440.0,FF,Colin Rea,CHC @ SEA,777403,663728,607067
2025-06-23,7:40 PM,SEA,Cal Raleigh,32,,,9,33.0,100.6,379.0,CH,Joey Wentz,MIN @ SEA,777388,663728,666214
2025-06-30,9:40 PM,SEA,Cal Raleigh,33,,,7,31.0,103.1,393.0,KC,Daniel Lynch IV,KC @ SEA,777297,663728,663738
2025-07-04,4:10 PM,SEA,Cal Raleigh,34,,,1,31.0,114.7,440.0,FF,Bailey Falter,PIT @ SEA,777236,663728,663559
2025-07-04,4:10 PM,SEA,Cal Raleigh,35,,,6,37.0,104.9,381.0,FF,Bailey Falter,PIT @ SEA,777236,663728,663559
2025-07-08,7:05 PM,SEA,Cal Raleigh,36,,,8,28.0,107.7,394.0,SL,Geoff Hartlieb,NYY @ SEA,777187,663728,664129
2025-07-11,7:10 PM,SEA,Cal Raleigh,37,,,8,26.0,98.1,383.0,CH,Tyler Holton,DET @ SEA,777161,663728,663947
2025-07-11,7:10 PM,SEA,Cal Raleigh,38,,,9,26.0,107.1,405.0,SI,Brant Hurter,DET @ SEA,777161,663728,676428
2025-07-22,9:40 PM,SEA,Cal Raleigh,39,,,6,29.0,103.3,391.0,FF,Nick Mears,MIL @ SEA,777035,663728,683232
2025-07-26,9:38 PM,SEA,Cal Raleigh,40,,,6,27.0,113.5,416.0,FF,José Fermin,LAA @ SEA,776995,663728,820862
2025-07-27,4:07 PM,SEA,Cal Raleigh,41,,,7,30.0,105.8,421.0,SI,Kyle Hendricks,LAA @ SEA,776977,663728,543294
2025-07-31,9:40 PM,SEA,Cal Raleigh,42,,,5,42.0,101.3,364.0,FF,Kumar Rocker,TEX @ SEA,776923,663728,677958
2025-08-08,9:40 PM,SEA,Cal Raleigh,43,,,8,28.0,108.1,417.0,ST,Griffin Jax,TB @ SEA,776824,663728,643377
2025-08-09,9:40 PM,SEA,Cal Raleigh,44,,,3,27.0,107.3,397.0,FF,Joe Boyle,TB @ SEA,776805,663728,671212
2025-08-10,4:10 PM,SEA,Cal Raleigh,45,,,1,23.0,112.9,376.0,SI,Adrian Houser,TB @ SEA,776791,663728,605288
2025-08-15,7:10 PM,SEA,Cal Raleigh,46,,,3,38.0,106.8,382.0,FF,Sean Manaea,NYM @ SEA,776736,663728,640455
2025-08-17,7:10 PM,SEA,Cal Raleigh,47,,,7,34.0,94.8,338.0,FS,Reed Garrett,NYM @ SEA,776707,663728,657585
2025-08-24,4:10 PM,SEA,Cal Raleigh,48,,,1,32.0,110.9,448.0,FF,Jacob Lopez,ATH @ SEA,776602,663728,682052
2025-08-24,4:10 PM,SEA,Cal Raleigh,49,,,2,25.0,106.9,412.0,CH,Jacob Lopez,ATH @ SEA,776602,663728,682052
2025-08-25,9:40 PM,SEA,Cal Raleigh,50,,,1,30.0,107.2,419.0,FF,JP Sears,SD @ SEA,776595,663728,676664
2025-09-02,7:35 PM,SEA,Cal Raleigh,51,,,4,26.0,102.9,371.0,FF,Drew Rasmussen,TB @ SEA,776485,663728,656876
2025-09-06,7:15 PM,SEA,Cal Raleigh,52,,,9,35.0,106.8,418.0,FF,John Brebbia,ATL @ SEA,776447,663728,605154
2025-09-07,12:05 PM,SEA,Cal Raleigh,53,,,9,30.0,109.7,426.0,SL,Rolddy Muñoz,ATL @ SEA,776428,663728,691548
2025-09-14,4:10 PM,SEA,Cal Raleigh,54,,,1,20.0,109.4,409.0,SI,Kyle Hendricks,LAA @ SEA,776317,663728,543294
2025-09-16,7:40 PM,SEA,Cal Raleigh,55,,,3,36.0,109.5,419.0,CU,Michael Wacha,KC @ SEA,776302,663728,608379
2025-09-16,7:40 PM,SEA,Cal Raleigh,56,,,4,23.0,106.1,425.0,CH,Daniel Lynch IV,KC @ SEA,776302,663728,663738
2025-09-20,7:10 PM,SEA,Cal Raleigh,57,,,3,25.0,105.6,399.0,SI,Framber Valdez,HOU @ SEA,776248,663728,664285
2025-09-21,7:10 PM,SEA,Cal Raleigh,58,,,2,27.0,107.6,351.0,CH,Jason Alexander,HOU @ SEA,776228,663728,669920
2025-09-24,9:40 PM,SEA,Cal Raleigh,59,,,1,33.0,110.9,438.0,FF,Tanner Gordon,COL @ SEA,776194,663728,685299
2025-09-24,9:40 PM,SEA,Cal Raleigh,60,,,8,24.0,108.7,389.0,FF,Angel Chivilli,COL @ SEA,776194,663728,683409
2025-10-07,4:08 PM,SEA,Cal Raleigh,61,,,9,24.0,105.9,391.0,SI,Brenan Hanifee,DET @ SEA,813056,663728,669724
2025-10-12,8:03 PM,SEA,Cal Raleigh,62,,,6,28.0,108.0,420.0,FS,Kevin Gausman,TOR @ SEA,813040,663728,592332
2025-10-15,8:08 PM,SEA,Cal Raleigh,63,,,8,33.0,92.5,337.0,FF,Yariel Rodríguez,TOR @ SEA,813043,663728,684320
2025-10-17,6:08 PM,SEA,Cal Raleigh,64,,,8,43.0,108.6,348.0,SI,Brendon Little,TOR @ SEA,813039,663728,663893
2025-10-20,8:10 PM,SEA,Cal Raleigh,65,,,5,35.0,102.1,381.0,CH,Louis Varland,TOR @ SEA,813037,663728,686973
2025-05-20,6:40 PM,MIA,Nick Fortes,1,,,3,29.0,101.9,399.0,FC,Jameson Taillon,CHC @ MIA,777850,663743,592791
2025-06-10,6:40 PM,MIA,Nick Fortes,2,,,3,25.0,104.2,397.0,SI,Mitch Keller,PIT @ MIA,777566,663743,656605
2025-08-06,4:07 PM,TB,Nick Fortes,3,,,2,26.0,101.2,391.0,FC,Tyler Anderson,LAA @ TB,776843,663743,542881
2025-09-01,7:35 PM,TB,Nick Fortes,4,,,2,24.0,99.7,365.0,FF,Luis Castillo,SEA @ TB,776504,663743,622491
2025-09-13,2:20 PM,TB,Nick Fortes,5,,,9,24.0,105.0,421.0,ST,Brad Keller,CHC @ TB,776338,663743,641745
2025-04-03,7:05 PM,NYY,Trent Grisham,1,,,3,35.0,95.7,354.0,FF,Merrill Kelly,AZ @ NYY,778466,663757,518876
2025-04-05,4:05 PM,NYY,Trent Grisham,2,,,3,35.0,103.5,389.0,FF,Bailey Falter,PIT @ NYY,778449,663757,663559
2025-04-05,4:05 PM,NYY,Trent Grisham,3,,,5,40.0,98.3,366.0,FF,Bailey Falter,PIT @ NYY,778449,663757,663559
2025-04-14,7:05 PM,NYY,Trent Grisham,4,,,5,33.0,103.2,384.0,FF,Seth Lugo,KC @ NYY,778327,663757,607625
2025-04-19,4:10 PM,NYY,Trent Grisham,5,,,2,26.0,100.5,379.0,CH,Shane Baz,TB @ NYY,778255,663757,669358
2025-04-20,1:40 PM,NYY,Trent Grisham,6,,,1,26.0,102.5,368.0,FF,Ryan Pepiot,TB @ NYY,778240,663757,686752
2025-04-27,1:40 PM,NYY,Trent Grisham,7,,,1,29.0,107.7,401.0,FC,Chris Bassitt,TOR @ NYY,778170,663757,605135
2025-04-29,6:35 PM,NYY,Trent Grisham,8,,,1,34.0,105.8,412.0,FC,Kyle Gibson,BAL @ NYY,778133,663757,502043
2025-05-05,7:05 PM,NYY,Trent Grisham,9,,,3,31.0,102.7,390.0,ST,Nick Pivetta,SD @ NYY,778045,663757,601713
2025-05-07,7:05 PM,NYY,Trent Grisham,10,,,8,31.0,100.1,387.0,CH,Jason Adam,SD @ NYY,778019,663757,592094
2025-05-12,9:40 PM,NYY,Trent Grisham,11,,,3,28.0,105.6,412.0,CH,Emerson Hancock,SEA @ NYY,777941,663757,676106
2025-05-12,9:40 PM,NYY,Trent Grisham,12,,,5,28.0,106.1,415.0,FF,Emerson Hancock,SEA @ NYY,777941,663757,676106
2025-05-30,10:10 PM,NYY,Trent Grisham,13,,,2,32.0,97.8,382.0,FS,Tony Gonsolin,LAD @ NYY,777708,663757,664062
2025-06-19,1:05 PM,NYY,Trent Grisham,14,,,2,30.0,104.2,408.0,FF,Tyler Anderson,LAA @ NYY,777449,663757,542881
2025-06-21,1:05 PM,NYY,Trent Grisham,15,,,1,24.0,97.9,343.0,CU,Zach Eflin,BAL @ NYY,777422,663757,621107
2025-07-03,7:07 PM,NYY,Trent Grisham,16,,,3,31.0,104.8,409.0,FC,Chris Bassitt,TOR @ NYY,777260,663757,605135
2025-07-19,7:15 PM,NYY,Trent Grisham,17,,,9,36.0,105.1,406.0,SL,Raisel Iglesias,ATL @ NYY,777097,663757,628452
2025-07-30,7:05 PM,NYY,Trent Grisham,18,,,8,30.0,100.4,382.0,SL,Bryan Baker,TB @ NYY,776938,663757,641329
2025-08-01,7:10 PM,NYY,Trent Grisham,19,,,7,30.0,105.2,403.0,CH,Valente Bellozo,MIA @ NYY,776925,663757,678368
2025-08-03,1:40 PM,NYY,Trent Grisham,20,,,1,25.0,106.1,412.0,FF,Edward Cabrera,MIA @ NYY,776891,663757,665795
2025-08-09,2:05 PM,NYY,Trent Grisham,21,,,8,32.0,107.3,408.0,FF,Bryan King,HOU @ NYY,776815,663757,687911
2025-08-20,7:35 PM,NYY,Trent Grisham,22,,,1,32.0,91.8,345.0,FC,Drew Rasmussen,TB @ NYY,776664,663757,656876
2025-08-20,7:35 PM,NYY,Trent Grisham,23,,,8,46.0,105.3,343.0,FF,Griffin Jax,TB @ NYY,776664,663757,643377
2025-08-24,7:10 PM,NYY,Trent Grisham,24,,,3,30.0,106.7,406.0,SI,Dustin May,BOS @ NYY,776616,663757,669160
2025-08-24,7:10 PM,NYY,Trent Grisham,25,,,5,34.0,105.7,413.0,FC,Dustin May,BOS @ NYY,776616,663757,669160
2025-08-27,1:05 PM,NYY,Trent Grisham,26,,,1,32.0,92.8,334.0,FF,Cade Cavalli,WSH @ NYY,776570,663757,676917
2025-08-28,7:40 PM,NYY,Trent Grisham,27,,,8,25.0,104.2,391.0,FF,Cam Booser,CWS @ NYY,776556,663757,592155
2025-08-29,7:40 PM,NYY,Trent Grisham,28,,,4,27.0,108.6,387.0,FF,Yoendrys Gómez,CWS @ NYY,776544,663757,672782
2025-09-02,8:10 PM,NYY,Trent Grisham,29,,,5,33.0,99.8,358.0,SI,Framber Valdez,HOU @ NYY,776489,663757,664285
2025-09-04,7:40 PM,NYY,Trent Grisham,30,,,8,28.0,106.3,404.0,FC,Kaleb Ort,HOU @ NYY,776464,663757,672391
2025-09-16,7:40 PM,NYY,Trent Grisham,31,,,2,36.0,101.4,391.0,CH,Zebby Matthews,MIN @ NYY,776298,663757,805673
2025-09-17,7:40 PM,NYY,Trent Grisham,32,,,3,26.0,104.1,432.0,FS,Taj Bradley,MIN @ NYY,776284,663757,671737
2025-09-17,7:40 PM,NYY,Trent Grisham,33,,,4,27.0,100.7,393.0,CU,Taj Bradley,MIN @ NYY,776284,663757,671737
2025-09-24,7:05 PM,NYY,Trent Grisham,34,,,8,26.0,105.7,402.0,FF,Cam Booser,CWS @ NYY,776199,663757,592155
2025-08-08,7:10 PM,DET,Matt Vierling,1,,,8,37.0,106.1,374.0,FF,Reid Detmers,LAA @ DET,776832,663837,672282
2025-06-07,7:35 PM,BOS,Romy Gonzalez,1,,,4,25.0,101.2,384.0,ST,Ryan Yarbrough,NYY @ BOS,777605,663853,642232
2025-06-22,4:05 PM,BOS,Romy Gonzalez,2,,,5,24.0,102.3,398.0,FF,Robbie Ray,SF @ BOS,777395,663853,592662
2025-06-28,4:10 PM,BOS,Romy Gonzalez,3,,,7,32.0,108.9,446.0,FC,Mason Fluharty,TOR @ BOS,777323,663853,689254
2025-07-07,7:10 PM,BOS,Romy Gonzalez,4,,,8,26.0,111.1,454.0,CU,Ryan Rolison,COL @ BOS,777209,663853,669020
2025-07-09,7:10 PM,BOS,Romy Gonzalez,5,,,8,39.0,104.4,368.0,SL,Seth Halvorsen,COL @ BOS,777179,663853,678020
2025-07-23,7:10 PM,BOS,Romy Gonzalez,6,,,5,35.0,107.5,415.0,CH,Jesús Luzardo,PHI @ BOS,777038,663853,666200
2025-07-30,1:10 PM,BOS,Romy Gonzalez,7,,,9,29.0,102.6,410.0,EP,Kody Clemens,MIN @ BOS,776935,663853,665019
2025-08-02,4:10 PM,BOS,Romy Gonzalez,8,,,1,19.0,112.6,415.0,FF,Colton Gordon,HOU @ BOS,776909,663853,676467
2025-09-09,10:05 PM,BOS,Romy Gonzalez,9,,,1,34.0,106.8,426.0,SL,Jeffrey Springs,ATH @ BOS,776396,663853,605488
2025-05-04,4:10 PM,CIN,Tyler Stephenson,1,,,2,25.0,101.1,365.0,CU,MacKenzie Gore,WSH @ CIN,778058,663886,669022
2025-05-26,4:10 PM,CIN,Tyler Stephenson,2,,,5,28.0,104.9,399.0,SI,Michael Lorenzen,KC @ CIN,777760,663886,547179
2025-05-27,7:40 PM,CIN,Tyler Stephenson,3,,,2,26.0,106.4,417.0,FF,Daniel Lynch IV,KC @ CIN,777750,663886,663738
2025-05-30,2:20 PM,CIN,Tyler Stephenson,4,,,4,27.0,105.5,435.0,SI,Colin Rea,CHC @ CIN,777712,663886,607067
2025-06-03,7:10 PM,CIN,Tyler Stephenson,5,,,4,26.0,102.2,359.0,FF,Freddy Peralta,MIL @ CIN,777668,663886,642547
2025-06-14,1:10 PM,CIN,Tyler Stephenson,6,,,5,34.0,98.4,388.0,KC,Jack Flaherty,DET @ CIN,777517,663886,656427
2025-07-18,,CIN,Tyler Stephenson,7,,,6,27.0,105.9,401.0,FF,Alex Carrillo,NYM @ CIN,777111,663886,692024
2025-07-25,7:10 PM,CIN,Tyler Stephenson,8,,,2,28.0,99.4,363.0,SI,Zack Littell,TB @ CIN,777013,663886,641793
2025-08-04,8:05 PM,CIN,Tyler Stephenson,9,,,2,25.0,103.5,389.0,SV,Michael Soroka,CHC @ CIN,776878,663886,647336
2025-09-09,9:40 PM,CIN,Tyler Stephenson,10,,,9,27.0,105.5,357.0,SI,Robert Suarez,SD @ CIN,776392,663886,663158
2025-09-13,10:05 PM,CIN,Tyler Stephenson,11,,,4,29.0,103.1,390.0,FF,Luis Severino,ATH @ CIN,776340,663886,622663
2025-09-20,6:40 PM,CIN,Tyler Stephenson,12,,,8,31.0,98.1,360.0,SL,Andrew Kittredge,CHC @ CIN,776254,663886,552640
2025-09-24,6:40 PM,CIN,Tyler Stephenson,13,,,9,28.0,103.4,405.0,SL,Dennis Santana,PIT @ CIN,776202,663886,642701
2025-05-06,7:40 PM,HOU,Brendan Rodgers,1,,,7,31.0,101.9,369.0,SI,Chad Patrick,MIL @ HOU,778031,663898,694477
2025-06-06,7:10 PM,HOU,Brendan Rodgers,2,,,6,28.0,104.4,396.0,FF,Logan Allen,CLE @ HOU,777622,663898,671106
2025-05-31,4:10 PM,TB,Jake Mangum,1,,,7,28.0,101.9,392.0,FC,Kaleb Ort,HOU @ TB,777693,663968,672391
2025-07-02,12:10 PM,TB,Jake Mangum,2,,,2,31.0,103.9,404.0,SL,Mitch Spence,ATH @ TB,777271,663968,687765
2025-09-24,6:35 PM,TB,Jake Mangum,3,,,8,25.0,101.8,418.0,FF,José Castillo,BAL @ TB,776203,663968,620454
2025-03-29,4:05 PM,WSH,Nathaniel Lowe,1,,,8,34.0,107.4,401.0,KC,Carlos Hernández,PHI @ WSH,778535,663993,672578
2025-03-30,1:35 PM,WSH,Nathaniel Lowe,2,,,6,22.0,108.0,421.0,FF,Aaron Nola,PHI @ WSH,778526,663993,605400
2025-04-04,6:45 PM,WSH,Nathaniel Lowe,3,,,6,24.0,108.2,397.0,CU,Brandon Pfaadt,AZ @ WSH,778457,663993,694297
2025-04-22,6:45 PM,WSH,Nathaniel Lowe,4,,,1,25.0,105.5,411.0,FC,Dean Kremer,BAL @ WSH,778222,663993,665152
2025-04-28,4:05 PM,WSH,Nathaniel Lowe,5,,,8,28.0,104.9,390.0,FF,José Ureña,NYM @ WSH,778138,663993,570632
2025-04-29,6:45 PM,WSH,Nathaniel Lowe,6,,,9,39.0,101.1,355.0,ST,Orion Kerkering,PHI @ WSH,778131,663993,689147
2025-05-11,1:35 PM,WSH,Nathaniel Lowe,7,,,4,25.0,100.6,382.0,SL,Miles Mikolas,STL @ WSH,777962,663993,571945
2025-05-16,7:05 PM,WSH,Nathaniel Lowe,8,,,2,27.0,102.6,404.0,ST,Cade Povich,BAL @ WSH,777907,663993,700249
2025-06-10,7:10 PM,WSH,Nathaniel Lowe,9,,,1,31.0,107.7,415.0,SL,Griffin Canning,NYM @ WSH,777570,663993,656288
2025-06-17,6:45 PM,WSH,Nathaniel Lowe,10,,,8,38.0,101.2,356.0,FF,Anthony Molina,COL @ WSH,777480,663993,683627
2025-06-21,10:10 PM,WSH,Nathaniel Lowe,11,,,6,24.0,103.7,374.0,FC,Dustin May,LAD @ WSH,777416,663993,669160
2025-06-21,10:10 PM,WSH,Nathaniel Lowe,12,,,8,33.0,104.0,395.0,CH,Lou Trivino,LAD @ WSH,777416,663993,642152
2025-06-22,4:10 PM,WSH,Nathaniel Lowe,13,,,3,34.0,102.6,384.0,FF,Ben Casparius,LAD @ WSH,777398,663993,676508
2025-07-09,7:45 PM,WSH,Nathaniel Lowe,14,,,1,23.0,106.9,360.0,KC,Andre Pallante,STL @ WSH,777178,663993,669467
2025-07-19,6:45 PM,WSH,Nathaniel Lowe,15,,,6,24.0,106.7,402.0,FF,Yuki Matsui,SD @ WSH,777091,663993,673513
2025-08-13,2:10 PM,WSH,Nathaniel Lowe,16,,,1,32.0,103.5,403.0,CU,Seth Lugo,KC @ WSH,776759,663993,607625
2025-08-19,7:10 PM,BOS,Nathaniel Lowe,17,,,9,20.0,109.5,424.0,FF,Yaramil Hiraldo,BAL @ BOS,776684,663993,682274
2025-09-02,6:45 PM,BOS,Nathaniel Lowe,18,,,3,25.0,104.9,421.0,FF,Slade Cecconi,CLE @ BOS,776493,663993,677944
2025-04-18,2:20 PM,CHC,Ian Happ,1,,,7,31.0,97.2,381.0,FF,Ryne Nelson,AZ @ CHC,778268,664023,669194
2025-05-05,7:40 PM,CHC,Ian Happ,2,,,3,27.0,103.0,383.0,CU,Landen Roupp,SF @ CHC,778044,664023,694738
2025-06-05,6:45 PM,CHC,Ian Happ,3,,,6,33.0,108.6,405.0,FC,Jackson Rutledge,WSH @ CHC,777632,664023,671131
2025-06-09,6:45 PM,CHC,Ian Happ,4,,,8,27.0,106.3,424.0,FF,Matt Strahm,PHI @ CHC,777578,664023,621381
2025-06-10,6:45 PM,CHC,Ian Happ,5,,,3,26.0,104.6,384.0,CU,Mick Abel,PHI @ CHC,777571,664023,690953
2025-06-10,6:45 PM,CHC,Ian Happ,6,,,6,43.0,102.9,361.0,FC,Taijuan Walker,PHI @ CHC,777571,664023,592836
2025-06-19,2:20 PM,CHC,Ian Happ,7,,,7,28.0,105.0,416.0,SI,Aaron Ashby,MIL @ CHC,777450,664023,676879
2025-06-20,2:20 PM,CHC,Ian Happ,8,,,1,34.0,103.5,425.0,SI,George Kirby,SEA @ CHC,777436,664023,669923
2025-06-21,2:20 PM,CHC,Ian Happ,9,,,1,29.0,98.3,377.0,SI,Emerson Hancock,SEA @ CHC,777419,664023,676106
2025-06-21,2:20 PM,CHC,Ian Happ,10,,,2,33.0,103.0,434.0,SL,Emerson Hancock,SEA @ CHC,777419,664023,676106
2025-06-25,7:45 PM,CHC,Ian Happ,11,,,1,27.0,98.8,370.0,SI,Erick Fedde,STL @ CHC,777357,664023,607200
2025-07-19,7:15 PM,CHC,Ian Happ,12,,,8,22.0,104.8,400.0,SL,Chris Murphy,BOS @ CHC,777096,664023,669684
2025-07-26,7:10 PM,CHC,Ian Happ,13,,,7,36.0,99.5,391.0,FS,Jordan Leasure,CWS @ CHC,776994,664023,673929
2025-07-30,2:10 PM,CHC,Ian Happ,14,,,9,23.0,107.7,401.0,SI,Easton McGee,MIL @ CHC,776929,664023,668834
2025-08-06,2:20 PM,CHC,Ian Happ,15,,,8,22.0,101.3,363.0,SL,Yosver Zulueta,CIN @ CHC,776847,664023,691172
2025-08-29,8:40 PM,CHC,Ian Happ,16,,,4,24.0,100.4,381.0,KC,Germán Márquez,COL @ CHC,776542,664023,608566
2025-08-31,3:10 PM,CHC,Ian Happ,17,,,8,33.0,106.7,429.0,FF,Luis Peralta,COL @ CHC,776511,664023,678821
2025-09-01,4:05 PM,CHC,Ian Happ,18,,,4,25.0,107.7,393.0,SL,Spencer Strider,ATL @ CHC,776506,664023,675911
2025-09-05,2:20 PM,CHC,Ian Happ,19,,,8,28.0,107.2,423.0,FF,Konnor Pilkington,WSH @ CHC,776455,664023,663455
2025-09-12,2:20 PM,CHC,Ian Happ,20,,,4,27.0,105.5,370.0,FF,Edwin Uceta,TB @ CHC,776352,664023,670955
2025-09-14,2:20 PM,CHC,Ian Happ,21,,,6,35.0,100.0,356.0,SI,Adrian Houser,TB @ CHC,776321,664023,605288
2025-09-17,12:35 PM,CHC,Ian Happ,22,,,1,32.0,107.8,403.0,CU,Johan Oviedo,PIT @ CHC,776287,664023,670912
2025-10-04,2:08 PM,CHC,Ian Happ,23,,,6,25.0,106.4,415.0,FF,Freddy Peralta,MIL @ CHC,813047,664023,642547
2025-10-09,9:08 PM,CHC,Ian Happ,24,,,1,,,,FF,Freddy Peralta,MIL @ CHC,813050,664023,642547
2025-04-09,7:40 PM,MIN,Ty France,1,,,9,26.0,105.8,399.0,SL,Chris Stratton,KC @ MIN,778388,664034,608717
2025-04-10,2:10 PM,MIN,Ty France,2,,,2,26.0,106.7,411.0,FF,Michael Wacha,KC @ MIN,778373,664034,608379
2025-04-29,6:10 PM,MIN,Ty France,3,,,5,31.0,104.8,396.0,FF,Tanner Bibee,CLE @ MIN,778129,664034,676440
2025-05-23,8:10 PM,MIN,Ty France,4,,,9,26.0,107.1,403.0,SL,Lucas Erceg,KC @ MIN,777799,664034,668674
2025-06-13,8:10 PM,MIN,Ty France,5,,,9,26.0,105.2,389.0,SL,Steven Okert,HOU @ MIN,777527,664034,595345
2025-06-22,2:10 PM,MIN,Ty France,6,,,8,24.0,102.3,392.0,CU,Jared Koenig,MIL @ MIN,777401,664034,657649
2025-08-27,7:07 PM,TOR,Ty France,7,,,8,28.0,105.5,420.0,FS,Génesis Cabrera,MIN @ TOR,776567,664034,650893
2025-03-30,1:40 PM,TB,Brandon Lowe,1,,,1,26.0,108.1,409.0,CU,Ryan Feltner,COL @ TB,778524,664040,663372
2025-04-01,7:05 PM,TB,Brandon Lowe,2,,,4,24.0,108.8,388.0,FF,Thomas Harrington,PIT @ TB,778493,664040,802419
2025-04-05,7:05 PM,TB,Brandon Lowe,3,,,3,30.0,102.1,387.0,FF,Jacob deGrom,TEX @ TB,778438,664040,594798
2025-04-26,8:40 PM,TB,Brandon Lowe,4,,,3,29.0,101.5,384.0,FF,Dylan Cease,SD @ TB,778160,664040,656302
2025-05-09,7:05 PM,TB,Brandon Lowe,5,,,4,22.0,109.8,405.0,SI,Jose Quintana,MIL @ TB,778002,664040,500779
2025-05-15,3:07 PM,TB,Brandon Lowe,6,,,1,37.0,105.6,399.0,FF,Kevin Gausman,TOR @ TB,777913,664040,592332
2025-05-15,3:07 PM,TB,Brandon Lowe,7,,,9,24.0,109.1,429.0,FF,José Ureña,TOR @ TB,777913,664040,570632
2025-05-21,1:10 PM,TB,Brandon Lowe,8,,,5,47.0,100.4,346.0,CH,Hunter Brown,HOU @ TB,777832,664040,686613
2025-05-23,7:05 PM,TB,Brandon Lowe,9,,,3,27.0,107.2,391.0,FC,Eric Lauer,TOR @ TB,777810,664040,641778
2025-05-25,1:40 PM,TB,Brandon Lowe,10,,,1,27.0,103.8,407.0,FC,Chris Bassitt,TOR @ TB,777775,664040,605135
2025-05-28,1:10 PM,TB,Brandon Lowe,11,,,4,35.0,102.1,407.0,CH,Pablo López,MIN @ TB,777732,664040,641154
2025-06-04,7:35 PM,TB,Brandon Lowe,12,,,1,29.0,107.4,411.0,CH,Kumar Rocker,TEX @ TB,777646,664040,677958
2025-06-07,4:10 PM,TB,Brandon Lowe,13,,,7,24.0,105.3,409.0,CH,Anthony Bender,MIA @ TB,777611,664040,669622
2025-06-16,7:35 PM,TB,Brandon Lowe,14,,,4,32.0,104.8,426.0,CH,Zach Eflin,BAL @ TB,777484,664040,621107
2025-06-18,7:35 PM,TB,Brandon Lowe,15,,,5,27.0,104.6,401.0,FF,Yennier Cano,BAL @ TB,777463,664040,666974
2025-06-26,2:10 PM,TB,Brandon Lowe,16,,,6,26.0,102.6,431.0,SL,Michael Lorenzen,KC @ TB,777353,664040,547179
2025-06-27,7:05 PM,TB,Brandon Lowe,17,,,2,29.0,101.7,381.0,CU,Tomoyuki Sugano,BAL @ TB,777343,664040,608372
2025-06-29,1:35 PM,TB,Brandon Lowe,18,,,9,24.0,101.9,395.0,SI,Félix Bautista,BAL @ TB,777317,664040,642585
2025-07-01,7:05 PM,TB,Brandon Lowe,19,,,3,42.0,109.7,,FF,Jeffrey Springs,ATH @ TB,777286,664040,605488
2025-08-05,9:38 PM,TB,Brandon Lowe,20,,,4,28.0,105.3,411.0,SI,José Soriano,LAA @ TB,776848,664040,667755
2025-08-08,9:40 PM,TB,Brandon Lowe,21,,,1,26.0,99.9,391.0,FF,Luis Castillo,SEA @ TB,776824,664040,622491
2025-08-09,9:40 PM,TB,Brandon Lowe,22,,,1,33.0,101.0,347.0,SI,Logan Evans,SEA @ TB,776805,664040,688138
2025-08-11,10:05 PM,TB,Brandon Lowe,23,,,7,27.0,105.7,428.0,FF,Osvaldo Bido,ATH @ TB,776787,664040,674370
2025-08-13,10:05 PM,TB,Brandon Lowe,24,,,2,30.0,106.1,458.0,CH,J.T. Ginn,ATH @ TB,776751,664040,669372
2025-08-22,7:35 PM,TB,Brandon Lowe,25,,,1,31.0,110.5,428.0,SI,Miles Mikolas,STL @ TB,776633,664040,571945
2025-08-27,1:10 PM,TB,Brandon Lowe,26,,,3,28.0,105.1,416.0,FF,Slade Cecconi,CLE @ TB,776580,664040,677944
2025-08-29,6:45 PM,TB,Brandon Lowe,27,,,1,27.0,101.5,402.0,FF,Mitchell Parker,WSH @ TB,776545,664040,680730
2025-08-31,1:35 PM,TB,Brandon Lowe,28,,,2,22.0,109.9,367.0,SL,Brad Lord,WSH @ TB,776520,664040,695418
2025-09-16,7:35 PM,TB,Brandon Lowe,29,,,3,27.0,99.3,378.0,CH,José Berríos,TOR @ TB,776305,664040,621244
2025-09-21,7:35 PM,TB,Brandon Lowe,30,,,6,33.0,105.4,384.0,CU,Steven Matz,BOS @ TB,776236,664040,571927
2025-09-24,6:35 PM,TB,Brandon Lowe,31,,,3,24.0,107.6,371.0,CH,Tyler Wells,BAL @ TB,776203,664040,669330
2025-04-01,7:40 PM,MIN,Harrison Bader,1,,,9,30.0,98.9,378.0,SL,Jordan Leasure,CWS @ MIN,778490,664056,673929
2025-04-02,2:10 PM,MIN,Harrison Bader,2,,,4,26.0,98.1,355.0,SL,Sean Burke,CWS @ MIN,778474,664056,680732
2025-05-07,7:40 PM,MIN,Harrison Bader,3,,,7,27.0,104.4,408.0,SL,Keegan Akin,BAL @ MIN,778011,664056,669211
2025-05-24,2:10 PM,MIN,Harrison Bader,4,,,5,23.0,110.7,417.0,SL,Michael Wacha,KC @ MIN,777788,664056,608379
2025-06-04,10:05 PM,MIN,Harrison Bader,5,,,5,32.0,105.4,391.0,SL,Jeffrey Springs,ATH @ MIN,777643,664056,605488
2025-06-17,7:10 PM,MIN,Harrison Bader,6,,,6,33.0,99.9,350.0,FF,Andrew Abbott,CIN @ MIN,777478,664056,671096
2025-07-04,4:10 PM,MIN,Harrison Bader,7,,,5,28.0,105.5,412.0,SI,Zack Littell,TB @ MIN,777247,664056,641793
2025-07-04,4:10 PM,MIN,Harrison Bader,8,,,9,19.0,109.7,378.0,SI,Kevin Kelly,TB @ MIN,777247,664056,687330
2025-07-06,2:10 PM,MIN,Harrison Bader,9,,,8,32.0,103.9,402.0,SL,Mason Montgomery,TB @ MIN,777220,664056,682254
2025-07-08,7:40 PM,MIN,Harrison Bader,10,,,8,27.0,105.9,446.0,ST,Porter Hodge,CHC @ MIN,777190,664056,687863
2025-07-20,3:10 PM,MIN,Harrison Bader,11,,,6,33.0,95.1,375.0,FF,Ryan Rolison,COL @ MIN,777072,664056,669020
2025-08-04,6:45 PM,PHI,Harrison Bader,12,,,6,37.0,107.3,391.0,FF,Corbin Martin,BAL @ PHI,776877,664056,656686
2025-08-26,7:10 PM,PHI,Harrison Bader,13,,,8,40.0,108.9,381.0,FF,Ryan Helsley,NYM @ PHI,776585,664056,664854
2025-09-05,7:10 PM,PHI,Harrison Bader,14,,,4,32.0,107.5,410.0,SL,Lake Bachar,MIA @ PHI,776456,664056,669199
2025-09-09,6:45 PM,PHI,Harrison Bader,15,,,2,24.0,101.9,358.0,ST,Sean Manaea,NYM @ PHI,776404,664056,640455
2025-09-19,9:40 PM,PHI,Harrison Bader,16,,,5,28.0,96.1,386.0,CU,Ryne Nelson,AZ @ PHI,776255,664056,669194
2025-05-21,7:05 PM,TEX,Sam Haggerty,1,,,7,29.0,107.2,390.0,SI,Ian Hamilton,NYY @ TEX,777835,664059,641656
2025-06-12,1:10 PM,TEX,Sam Haggerty,2,,,9,28.0,102.0,396.0,FA,Jonah Bride,MIN @ TEX,777533,664059,681146
2025-04-02,4:10 PM,SEA,Dylan Moore,1,,,4,31.0,99.0,348.0,SL,Tarik Skubal,DET @ SEA,778469,664238,669373
2025-04-05,9:05 PM,SEA,Dylan Moore,2,,,5,27.0,105.1,411.0,FF,Robbie Ray,SF @ SEA,778436,664238,592662
2025-04-15,6:40 PM,SEA,Dylan Moore,3,,,1,29.0,106.7,429.0,SI,Nick Lodolo,CIN @ SEA,778316,664238,666157
2025-04-15,6:40 PM,SEA,Dylan Moore,4,,,5,24.0,106.5,389.0,CH,Nick Lodolo,CIN @ SEA,778316,664238,666157
2025-04-20,1:37 PM,SEA,Dylan Moore,5,,,1,30.0,98.2,364.0,ST,Easton Lucas,TOR @ SEA,778241,664238,687922
2025-04-25,9:40 PM,SEA,Dylan Moore,6,,,2,29.0,104.0,383.0,FF,Cal Quantrill,MIA @ SEA,778175,664238,615698
2025-05-11,4:10 PM,SEA,Dylan Moore,7,,,3,30.0,104.3,403.0,FF,José Ureña,TOR @ SEA,777958,664238,570632
2025-05-22,8:10 PM,SEA,Dylan Moore,8,,,2,22.0,107.9,413.0,SI,Lance McCullers Jr.,HOU @ SEA,777822,664238,621121
2025-07-04,4:10 PM,SEA,Dylan Moore,9,,,7,18.0,105.0,388.0,SL,Braxton Ashcraft,PIT @ SEA,777236,664238,677952
2025-08-30,10:05 PM,TEX,Dylan Moore,10,,,9,24.0,100.2,403.0,SL,Osvaldo Bido,ATH @ TEX,776524,664238,674370
2025-09-12,7:10 PM,TEX,Dylan Moore,11,,,7,27.0,103.6,388.0,SI,Gregory Soto,NYM @ TEX,776359,664238,642397
2025-04-14,7:07 PM,TOR,Myles Straw,1,,,6,34.0,100.3,397.0,FF,Grant Holmes,ATL @ TOR,778322,664702,656550
2025-07-30,12:35 PM,TOR,Myles Straw,2,,,2,33.0,97.5,381.0,FF,Dean Kremer,BAL @ TOR,776948,664702,665152
2025-08-16,3:07 PM,TOR,Myles Straw,3,,,2,34.0,100.1,376.0,FC,Patrick Corbin,TEX @ TOR,776723,664702,571578
2025-08-16,3:07 PM,TOR,Myles Straw,4,,,3,28.0,103.8,391.0,FF,Jon Gray,TEX @ TOR,776723,664702,592351
2025-04-07,7:40 PM,KC,Kyle Isbel,1,,,6,23.0,105.4,401.0,CH,Simeon Woods Richardson,MIN @ KC,778412,664728,680573
2025-05-03,7:15 PM,KC,Kyle Isbel,2,,,8,24.0,103.4,384.0,FF,Seranthony Domínguez,BAL @ KC,778072,664728,622554
2025-05-06,7:40 PM,KC,Kyle Isbel,3,,,6,21.0,106.0,391.0,FF,Sean Burke,CWS @ KC,778033,664728,680732
2025-08-11,7:40 PM,KC,Kyle Isbel,4,,,6,21.0,103.5,397.0,SI,Jackson Rutledge,WSH @ KC,776784,664728,671131
2025-05-06,7:05 PM,PHI,Alec Bohm,1,,,2,26.0,97.2,342.0,FC,Drew Rasmussen,TB @ PHI,778040,664761,656876
2025-05-14,6:15 PM,PHI,Alec Bohm,2,,,4,21.0,100.6,362.0,SI,Sonny Gray,STL @ PHI,777933,664761,543243
2025-05-19,8:40 PM,PHI,Alec Bohm,3,,,8,31.0,104.1,422.0,SL,Seth Halvorsen,COL @ PHI,777852,664761,678020
2025-05-24,10:05 PM,PHI,Alec Bohm,4,,,4,36.0,96.3,362.0,CH,Jeffrey Springs,ATH @ PHI,777784,664761,605488
2025-05-31,4:05 PM,PHI,Alec Bohm,5,,,4,24.0,102.4,371.0,SI,Chad Patrick,MIL @ PHI,777702,664761,694477
2025-06-11,1:05 PM,PHI,Alec Bohm,6,,,7,42.0,102.5,367.0,FS,Génesis Cabrera,CHC @ PHI,777553,664761,650893
2025-06-15,1:35 PM,PHI,Alec Bohm,7,,,5,26.0,106.8,433.0,SI,José Berríos,TOR @ PHI,777499,664761,621244
2025-07-05,4:05 PM,PHI,Alec Bohm,8,,,6,31.0,103.8,400.0,FF,Nick Lodolo,CIN @ PHI,777233,664761,666157
2025-08-17,11:35 AM,PHI,Alec Bohm,9,,,2,21.0,107.2,395.0,FF,Mitchell Parker,WSH @ PHI,776708,664761,680730
2025-09-20,8:10 PM,PHI,Alec Bohm,10,,,4,33.0,104.2,412.0,KC,Zac Gallen,AZ @ PHI,776246,664761,668678
2025-09-24,6:45 PM,PHI,Alec Bohm,11,,,7,27.0,95.7,381.0,ST,Valente Bellozo,MIA @ PHI,776201,664761,678368
2025-04-22,8:10 PM,TOR,Nathan Lukes,1,,,3,38.0,102.3,366.0,CU,Ronel Blanco,HOU @ TOR,778217,664770,669854
2025-05-09,9:40 PM,TOR,Nathan Lukes,2,,,3,26.0,100.6,391.0,FF,Luis Castillo,SEA @ TOR,777984,664770,622491
2025-05-15,3:07 PM,TOR,Nathan Lukes,3,,,8,23.0,102.1,383.0,FS,Zack Littell,TB @ TOR,777913,664770,641793
2025-05-21,7:07 PM,TOR,Nathan Lukes,4,,,5,35.0,102.7,373.0,ST,Randy Vásquez,SD @ TOR,777837,664770,681190
2025-07-07,7:40 PM,TOR,Nathan Lukes,5,,,5,31.0,104.0,397.0,CH,Sean Burke,CWS @ TOR,777212,664770,680732
2025-07-24,6:40 PM,TOR,Nathan Lukes,6,,,8,31.0,105.0,420.0,SL,Geoff Hartlieb,DET @ TOR,777021,664770,664129
2025-07-26,6:10 PM,TOR,Nathan Lukes,7,,,9,34.0,97.7,387.0,ST,Chase Lee,DET @ TOR,777003,664770,695445
2025-07-28,6:35 PM,TOR,Nathan Lukes,8,,,3,29.0,100.2,398.0,CU,Zach Eflin,BAL @ TOR,776966,664770,621107
2025-07-30,12:35 PM,TOR,Nathan Lukes,9,,,7,27.0,103.3,383.0,SL,Yennier Cano,BAL @ TOR,776948,664770,666974
2025-08-05,8:40 PM,TOR,Nathan Lukes,10,,,3,32.0,96.4,399.0,FF,Anthony Molina,COL @ TOR,776854,664770,683627
2025-09-16,7:35 PM,TOR,Nathan Lukes,11,,,4,,,,FF,Joey Gerber,TB @ TOR,776305,664770,680702
2025-09-26,7:07 PM,TOR,Nathan Lukes,12,,,5,26.0,101.7,399.0,CH,Adrian Houser,TB @ TOR,776177,664770,605288
2025-04-02,4:10 PM,SF,LaMonte Wade Jr.,1,,,8,30.0,95.8,364.0,FC,Ryan Gusto,HOU @ SF,778475,664774,687473
2025-07-20,1:35 PM,LAA,LaMonte Wade Jr.,2,,,6,27.0,108.5,422.0,SL,Joe Ross,PHI @ LAA,777078,664774,605452
2025-04-20,2:10 PM,ATH,Seth Brown,1,,,5,24.0,105.3,385.0,FF,Logan Henderson,MIL @ ATH,778239,664913,701656
2025-06-27,9:40 PM,AZ,Jake McCarthy,1,,,5,23.0,110.9,415.0,FF,Eury Pérez,MIA @ AZ,777332,664983,691587
2025-07-01,9:40 PM,AZ,Jake McCarthy,2,,,4,29.0,104.1,422.0,FF,Hayden Birdsong,SF @ AZ,777278,664983,806185
2025-08-19,9:40 PM,AZ,Jake McCarthy,3,,,3,29.0,102.0,381.0,FC,Tanner Bibee,CLE @ AZ,776672,664983,676440
2025-09-26,9:40 PM,AZ,Jake McCarthy,4,,,3,28.0,109.5,423.0,FC,Yu Darvish,SD @ AZ,776170,664983,506433
2025-05-03,4:10 PM,MIN,Kody Clemens,1,,,6,26.0,109.0,398.0,SL,Hunter Dobbins,BOS @ MIN,778073,665019,690928
2025-05-14,12:10 PM,MIN,Kody Clemens,2,,,8,38.0,104.4,367.0,CH,Yennier Cano,BAL @ MIN,777938,665019,666974
2025-05-17,7:15 PM,MIN,Kody Clemens,3,,,5,21.0,106.8,380.0,ST,Grant Anderson,MIL @ MIN,777883,665019,681982
2025-05-24,2:10 PM,MIN,Kody Clemens,4,,,6,40.0,104.1,374.0,FF,Michael Wacha,KC @ MIN,777788,665019,608379
2025-05-27,7:05 PM,MIN,Kody Clemens,5,,,2,32.0,103.7,415.0,FF,Taj Bradley,TB @ MIN,777746,665019,671737
2025-06-07,2:10 PM,MIN,Kody Clemens,6,,,9,26.0,105.6,408.0,FF,Jeff Hoffman,TOR @ MIN,777600,665019,656546
2025-06-19,12:40 PM,MIN,Kody Clemens,7,,,2,31.0,107.8,403.0,FC,Nick Martinez,CIN @ MIN,777452,665019,607259
2025-06-24,7:40 PM,MIN,Kody Clemens,8,,,3,42.0,102.3,353.0,FF,Luis Castillo,SEA @ MIN,777375,665019,622491
2025-06-25,7:40 PM,MIN,Kody Clemens,9,,,7,29.0,103.2,389.0,SL,Eduard Bazardo,SEA @ MIN,777363,665019,660825
2025-07-05,2:10 PM,MIN,Kody Clemens,10,,,6,31.0,99.6,377.0,FC,Kevin Kelly,TB @ MIN,777230,665019,687330
2025-07-10,1:10 PM,MIN,Kody Clemens,11,,,5,24.0,104.6,406.0,FS,Colin Rea,CHC @ MIN,777166,665019,607067
2025-07-12,2:10 PM,MIN,Kody Clemens,12,,,2,31.0,101.1,389.0,CU,Mike Burrows,PIT @ MIN,777134,665019,681347
2025-08-08,8:10 PM,MIN,Kody Clemens,13,,,4,37.0,103.3,379.0,SI,Seth Lugo,KC @ MIN,776827,665019,607625
2025-08-23,7:10 PM,MIN,Kody Clemens,14,,,2,37.0,101.6,374.0,SI,Davis Martin,CWS @ MIN,776619,665019,663436
2025-09-04,7:40 PM,MIN,Kody Clemens,15,,,9,32.0,95.8,362.0,CH,Steven Wilson,CWS @ MIN,776462,665019,621051
2025-09-07,2:10 PM,MIN,Kody Clemens,16,,,4,27.0,108.2,451.0,SL,Michael Lorenzen,KC @ MIN,776422,665019,547179
2025-09-12,8:10 PM,MIN,Kody Clemens,17,,,3,23.0,106.1,422.0,FC,Brandon Pfaadt,AZ @ MIN,776355,665019,694297
2025-09-12,8:10 PM,MIN,Kody Clemens,18,,,4,23.0,101.9,374.0,SI,Brandon Pfaadt,AZ @ MIN,776355,665019,694297
2025-09-12,8:10 PM,MIN,Kody Clemens,19,,,9,19.0,109.7,419.0,SI,Jake Woodford,AZ @ MIN,776355,665019,663765
2025-03-30,1:40 PM,MIA,Griffin Conine,1,,,7,27.0,106.2,404.0,FF,Colin Holderman,PIT @ MIA,778519,665052,670059
2025-09-23,6:45 PM,MIA,Griffin Conine,2,,,8,42.0,106.7,381.0,FC,David Robertson,PHI @ MIA,776215,665052,502085
2025-03-30,2:10 PM,CWS,Nick Maton,1,,,1,37.0,104.4,399.0,SI,Jack Kochanowicz,LAA @ CWS,778527,665155,686799
2025-04-01,7:40 PM,CWS,Nick Maton,2,,,5,36.0,109.3,406.0,CH,Louis Varland,MIN @ CWS,778490,665155,686973
2025-03-29,7:15 PM,HOU,Jeremy Peña,1,,,5,18.0,106.7,363.0,SL,Griffin Canning,NYM @ HOU,778530,665161,656288
2025-04-03,4:10 PM,HOU,Jeremy Peña,2,,,2,27.0,101.8,391.0,FF,Joe Ryan,MIN @ HOU,778462,665161,657746
2025-04-14,7:45 PM,HOU,Jeremy Peña,3,,,9,29.0,103.6,407.0,FF,Roddery Muñoz,STL @ HOU,778325,665161,682610
2025-04-30,2:10 PM,HOU,Jeremy Peña,4,,,1,23.0,102.4,373.0,FF,Jackson Jobe,DET @ HOU,778110,665161,695549
2025-05-07,1:10 PM,HOU,Jeremy Peña,5,,,6,24.0,104.9,379.0,FF,Elvin Rodriguez,MIL @ HOU,778015,665161,660730
2025-05-13,8:10 PM,HOU,Jeremy Peña,6,,,6,36.0,102.4,381.0,FF,Kris Bubic,KC @ HOU,777931,665161,663460
2025-05-27,8:10 PM,HOU,Jeremy Peña,7,,,2,35.0,90.6,330.0,CU,JP Sears,ATH @ HOU,777752,665161,676664
2025-05-31,4:10 PM,HOU,Jeremy Peña,8,,,1,22.0,107.0,415.0,SL,Zack Littell,TB @ HOU,777693,665161,641793
2025-05-31,4:10 PM,HOU,Jeremy Peña,9,,,3,32.0,99.0,378.0,FS,Zack Littell,TB @ HOU,777693,665161,641793
2025-06-20,9:38 PM,HOU,Jeremy Peña,10,,,1,32.0,104.8,402.0,FF,Yusei Kikuchi,LAA @ HOU,777428,665161,579328
2025-06-22,4:07 PM,HOU,Jeremy Peña,11,,,5,27.0,106.2,423.0,CH,Kyle Hendricks,LAA @ HOU,777397,665161,543294
2025-08-09,2:05 PM,HOU,Jeremy Peña,12,,,1,27.0,107.7,404.0,FF,Luis Gil,NYY @ HOU,776815,665161,661563
2025-08-13,7:10 PM,HOU,Jeremy Peña,13,,,1,24.0,103.7,358.0,FF,Walker Buehler,BOS @ HOU,776753,665161,621111
2025-08-22,7:05 PM,HOU,Jeremy Peña,14,,,3,22.0,107.1,389.0,CU,Cade Povich,BAL @ HOU,776643,665161,700249
2025-09-03,8:10 PM,HOU,Jeremy Peña,15,,,6,27.0,101.5,390.0,ST,Will Warren,NYY @ HOU,776472,665161,701542
2025-09-17,8:10 PM,HOU,Jeremy Peña,16,,,5,28.0,98.6,343.0,FF,Jacob deGrom,TEX @ HOU,776292,665161,594798
2025-09-20,7:10 PM,HOU,Jeremy Peña,17,,,7,43.0,99.3,340.0,SI,Carlos Vargas,SEA @ HOU,776248,665161,672841
2025-03-28,9:40 PM,SD,Fernando Tatis Jr.,1,,,1,23.0,110.6,410.0,FF,Reynaldo López,ATL @ SD,778542,665487,625643
2025-04-07,10:05 PM,SD,Fernando Tatis Jr.,2,,,7,33.0,108.7,406.0,ST,Luis Severino,ATH @ SD,778414,665487,622663
2025-04-11,9:40 PM,SD,Fernando Tatis Jr.,3,,,6,27.0,112.8,411.0,SL,Angel Chivilli,COL @ SD,778361,665487,683409
2025-04-12,8:40 PM,SD,Fernando Tatis Jr.,4,,,1,22.0,110.2,424.0,FF,Chase Dollander,COL @ SD,778352,665487,801403
2025-04-14,9:40 PM,SD,Fernando Tatis Jr.,5,,,3,22.0,107.8,386.0,ST,Jameson Taillon,CHC @ SD,778315,665487,592791
2025-04-14,9:40 PM,SD,Fernando Tatis Jr.,6,,,8,20.0,111.0,384.0,FF,Eli Morgan,CHC @ SD,778315,665487,669212
2025-04-19,7:10 PM,SD,Fernando Tatis Jr.,7,,,3,27.0,105.0,402.0,CU,Hayden Wesneski,HOU @ SD,778259,665487,669713
2025-04-20,7:10 PM,SD,Fernando Tatis Jr.,8,,,7,24.0,108.7,427.0,ST,Tayler Scott,HOU @ SD,778237,665487,605463
2025-05-10,8:10 PM,SD,Fernando Tatis Jr.,9,,,5,38.0,100.3,401.0,SL,Juan Mejia,COL @ SD,777976,665487,675848
2025-05-12,9:40 PM,SD,Fernando Tatis Jr.,10,,,5,22.0,111.0,424.0,SL,Yusei Kikuchi,LAA @ SD,777947,665487,579328
2025-05-13,9:40 PM,SD,Fernando Tatis Jr.,11,,,9,26.0,109.2,430.0,FC,Kenley Jansen,LAA @ SD,777932,665487,445276
2025-05-18,4:10 PM,SD,Fernando Tatis Jr.,12,,,1,25.0,103.4,398.0,ST,Bryan Woo,SEA @ SD,777868,665487,693433
2025-05-27,9:40 PM,SD,Fernando Tatis Jr.,13,,,1,26.0,97.8,339.0,ST,Max Meyer,MIA @ SD,777742,665487,676974
2025-06-21,7:15 PM,SD,Fernando Tatis Jr.,14,,,7,25.0,107.9,380.0,SI,Taylor Clarke,KC @ SD,777413,665487,664199
2025-06-23,9:40 PM,SD,Fernando Tatis Jr.,15,,,9,24.0,110.6,435.0,FF,Zach Brzykcy,WSH @ SD,777382,665487,694350
2025-07-10,9:40 PM,SD,Fernando Tatis Jr.,16,,,3,24.0,106.9,420.0,FC,Eduardo Rodriguez,AZ @ SD,777158,665487,593958
2025-07-24,7:45 PM,SD,Fernando Tatis Jr.,17,,,3,29.0,103.2,402.0,SI,Sonny Gray,STL @ SD,777023,665487,543243
2025-08-25,9:40 PM,SD,Fernando Tatis Jr.,18,,,2,25.0,109.8,416.0,SI,Bryce Miller,SEA @ SD,776595,665487,682243
2025-09-03,4:10 PM,SD,Fernando Tatis Jr.,19,,,7,24.0,106.6,414.0,FF,Keegan Akin,BAL @ SD,776465,665487,669211
2025-09-06,8:10 PM,SD,Fernando Tatis Jr.,20,,,2,28.0,107.6,441.0,SL,McCade Brown,COL @ SD,776431,665487,685326
2025-09-10,8:40 PM,SD,Fernando Tatis Jr.,21,,,5,25.0,99.5,377.0,FF,Andrew Abbott,CIN @ SD,776377,665487,671096
2025-09-13,8:40 PM,SD,Fernando Tatis Jr.,22,,,2,30.0,105.7,414.0,FF,Bradley Blalock,COL @ SD,776341,665487,687134
2025-09-21,2:10 PM,SD,Fernando Tatis Jr.,23,,,3,25.0,111.7,432.0,FF,Sean Burke,CWS @ SD,776235,665487,680732
2025-09-26,9:40 PM,SD,Fernando Tatis Jr.,24,,,4,24.0,111.7,409.0,FF,Zac Gallen,AZ @ SD,776170,665487,668678
2025-09-27,8:40 PM,SD,Fernando Tatis Jr.,25,,,1,37.0,109.6,413.0,FF,Eduardo Rodriguez,AZ @ SD,776152,665487,593958
2025-04-16,1:07 PM,TOR,Vladimir Guerrero Jr.,1,,,6,28.0,108.9,412.0,SL,Spencer Strider,ATL @ TOR,778297,665489,675911
2025-04-25,7:05 PM,TOR,Vladimir Guerrero Jr.,2,,,6,18.0,108.4,412.0,SI,Tim Hill,NYY @ TOR,778185,665489,657612
2025-04-29,7:07 PM,TOR,Vladimir Guerrero Jr.,3,,,3,23.0,107.0,421.0,FF,Garrett Crochet,BOS @ TOR,778127,665489,676979
2025-05-01,7:07 PM,TOR,Vladimir Guerrero Jr.,4,,,8,17.0,111.8,404.0,CU,Justin Slaten,BOS @ TOR,778095,665489,686580
2025-05-15,3:07 PM,TOR,Vladimir Guerrero Jr.,5,,,3,17.0,114.5,383.0,SL,Zack Littell,TB @ TOR,777913,665489,641793
2025-05-20,7:07 PM,TOR,Vladimir Guerrero Jr.,6,,,1,30.0,98.1,371.0,FF,Dylan Cease,SD @ TOR,777845,665489,656302
2025-05-24,7:05 PM,TOR,Vladimir Guerrero Jr.,7,,,6,17.0,112.7,423.0,CH,Shane Baz,TB @ TOR,777795,665489,669358
2025-05-29,7:07 PM,TOR,Vladimir Guerrero Jr.,8,,,2,37.0,109.7,399.0,FF,Jacob Lopez,ATH @ TOR,777727,665489,682052
2025-06-17,7:07 PM,TOR,Vladimir Guerrero Jr.,9,,,3,28.0,112.1,448.0,FF,Brandon Pfaadt,AZ @ TOR,777479,665489,694297
2025-06-21,3:07 PM,TOR,Vladimir Guerrero Jr.,10,,,7,37.0,107.7,380.0,SL,Aaron Civale,CWS @ TOR,777418,665489,650644
2025-06-25,6:40 PM,TOR,Vladimir Guerrero Jr.,11,,,4,29.0,104.1,,FC,Gavin Williams,CLE @ TOR,777368,665489,668909
2025-06-29,1:35 PM,TOR,Vladimir Guerrero Jr.,12,,,1,27.0,103.4,387.0,FC,Walker Buehler,BOS @ TOR,777310,665489,621111
2025-07-20,12:05 PM,TOR,Vladimir Guerrero Jr.,13,,,1,28.0,105.4,420.0,KC,Robbie Ray,SF @ TOR,777079,665489,592662
2025-07-26,6:10 PM,TOR,Vladimir Guerrero Jr.,14,,,9,25.0,105.3,408.0,ST,Chase Lee,DET @ TOR,777003,665489,695445
2025-07-28,6:35 PM,TOR,Vladimir Guerrero Jr.,15,,,3,24.0,103.9,398.0,SI,Zach Eflin,BAL @ TOR,776966,665489,621107
2025-08-01,7:07 PM,TOR,Vladimir Guerrero Jr.,16,,,1,23.0,113.9,428.0,SI,Michael Wacha,KC @ TOR,776920,665489,608379
2025-08-05,8:40 PM,TOR,Vladimir Guerrero Jr.,17,,,6,24.0,107.2,398.0,FF,Anthony Molina,COL @ TOR,776854,665489,683627
2025-08-06,3:10 PM,TOR,Vladimir Guerrero Jr.,18,,,8,30.0,103.1,408.0,FF,Victor Vodnik,COL @ TOR,776836,665489,680767
2025-08-10,4:10 PM,TOR,Vladimir Guerrero Jr.,19,,,8,21.0,109.0,422.0,ST,Blake Treinen,LAD @ TOR,776788,665489,595014
2025-08-14,3:07 PM,TOR,Vladimir Guerrero Jr.,20,,,7,24.0,106.5,402.0,CU,Matthew Boyd,CHC @ TOR,776747,665489,571510
2025-08-17,1:37 PM,TOR,Vladimir Guerrero Jr.,21,,,6,28.0,110.3,439.0,FS,Nathan Eovaldi,TEX @ TOR,776710,665489,543135
2025-09-03,6:40 PM,TOR,Vladimir Guerrero Jr.,22,,,5,15.0,110.8,398.0,SI,Nick Martinez,CIN @ TOR,776475,665489,607259
2025-09-05,7:05 PM,TOR,Vladimir Guerrero Jr.,23,,,5,25.0,102.2,374.0,FF,Ryan Yarbrough,NYY @ TOR,776457,665489,642232
2025-10-04,4:08 PM,TOR,Vladimir Guerrero Jr.,24,,,1,37.0,101.2,367.0,CH,Luis Gil,NYY @ TOR,813063,665489,661563
2025-10-05,4:08 PM,TOR,Vladimir Guerrero Jr.,25,,,4,25.0,110.7,415.0,FF,Will Warren,NYY @ TOR,813062,665489,701542
2025-10-07,8:08 PM,TOR,Vladimir Guerrero Jr.,26,,,1,27.0,110.5,427.0,CH,Carlos Rodón,NYY @ TOR,813061,665489,607074
2025-10-15,8:08 PM,TOR,Vladimir Guerrero Jr.,27,,,5,25.0,106.4,406.0,SL,George Kirby,SEA @ TOR,813043,665489,669923
2025-10-16,8:33 PM,TOR,Vladimir Guerrero Jr.,28,,,7,27.0,103.5,359.0,SI,Eduard Bazardo,SEA @ TOR,813035,665489,660825
2025-10-19,8:03 PM,TOR,Vladimir Guerrero Jr.,29,,,5,22.0,102.6,384.0,CU,Logan Gilbert,SEA @ TOR,813038,665489,669302
2025-10-28,8:00 PM,TOR,Vladimir Guerrero Jr.,30,,,3,25.0,102.7,395.0,ST,Shohei Ohtani,LAD @ TOR,813023,665489,660271
2025-10-29,8:00 PM,TOR,Vladimir Guerrero Jr.,31,,,1,24.0,104.4,394.0,FF,Blake Snell,LAD @ TOR,813022,665489,605483
2025-05-29,1:05 PM,PHI,Rafael Marchán,1,,,3,24.0,103.7,359.0,CU,AJ Smith-Shawver,ATL @ PHI,777735,665561,700363
2025-09-16,10:10 PM,PHI,Rafael Marchán,2,,,9,22.0,104.6,362.0,FC,Blake Treinen,LAD @ PHI,776297,665561,595014
2025-03-28,8:10 PM,NYM,Juan Soto,1,,,3,27.0,107.3,390.0,FC,Hunter Brown,HOU @ NYM,778518,665742,686613
2025-04-14,7:40 PM,NYM,Juan Soto,2,,,7,35.0,107.9,405.0,CH,Jorge Alcala,MIN @ NYM,778324,665742,660896
2025-04-15,7:40 PM,NYM,Juan Soto,3,,,4,37.0,98.7,351.0,CH,Bailey Ober,MIN @ NYM,778307,665742,641927
2025-05-01,1:10 PM,NYM,Juan Soto,4,,,6,27.0,106.4,391.0,FC,Zac Gallen,AZ @ NYM,778103,665742,668678
2025-05-01,1:10 PM,NYM,Juan Soto,5,,,8,29.0,109.6,399.0,FF,Kevin Ginkel,AZ @ NYM,778103,665742,656464
2025-05-07,3:40 PM,NYM,Juan Soto,6,,,6,33.0,110.9,427.0,FF,Merrill Kelly,AZ @ NYM,778014,665742,518876
2025-05-07,3:40 PM,NYM,Juan Soto,7,,,8,24.0,105.7,380.0,FC,Jalen Beeks,AZ @ NYM,778014,665742,656222
2025-05-09,7:10 PM,NYM,Juan Soto,8,,,4,29.0,110.5,434.0,FF,Jameson Taillon,CHC @ NYM,778001,665742,592791
2025-05-31,4:10 PM,NYM,Juan Soto,9,,,4,31.0,109.5,404.0,CH,Antonio Senzatela,COL @ NYM,777700,665742,622608
2025-06-01,1:40 PM,NYM,Juan Soto,10,,,8,22.0,110.1,388.0,FS,Zach Agnos,COL @ NYM,777686,665742,688642
2025-06-03,10:10 PM,NYM,Juan Soto,11,,,3,31.0,102.1,397.0,FF,Clayton Kershaw,LAD @ NYM,777657,665742,477132
2025-06-10,7:10 PM,NYM,Juan Soto,12,,,3,37.0,103.9,373.0,SL,MacKenzie Gore,WSH @ NYM,777570,665742,669022
2025-06-11,7:10 PM,NYM,Juan Soto,13,,,3,34.0,107.5,408.0,CU,Jake Irvin,WSH @ NYM,777555,665742,663623
2025-06-17,7:15 PM,NYM,Juan Soto,14,,,1,22.0,108.4,412.0,SL,Spencer Schwellenbach,ATL @ NYM,777489,665742,680885
2025-06-21,7:15 PM,NYM,Juan Soto,15,,,3,25.0,110.1,391.0,FF,Mick Abel,PHI @ NYM,777423,665742,690953
2025-06-21,7:15 PM,NYM,Juan Soto,16,,,5,34.0,109.5,437.0,CU,Joe Ross,PHI @ NYM,777423,665742,605452
2025-06-23,7:10 PM,NYM,Juan Soto,17,,,6,26.0,106.5,412.0,SI,Spencer Schwellenbach,ATL @ NYM,777389,665742,680885
2025-06-25,7:10 PM,NYM,Juan Soto,18,,,4,26.0,108.8,413.0,FF,Didier Fuentes,ATL @ NYM,777369,665742,800311
2025-06-25,7:10 PM,NYM,Juan Soto,19,,,7,34.0,106.7,396.0,FF,Austin Cox,ATL @ NYM,777369,665742,680735
2025-06-27,6:40 PM,NYM,Juan Soto,20,,,4,20.0,106.7,416.0,ST,Mitch Keller,PIT @ NYM,777341,665742,656605
2025-07-04,3:10 PM,NYM,Juan Soto,21,,,1,34.0,104.6,393.0,FC,Marcus Stroman,NYY @ NYM,777250,665742,573186
2025-07-11,8:10 PM,NYM,Juan Soto,22,,,9,29.0,103.2,411.0,CH,Taylor Clarke,KC @ NYM,777151,665742,664199
2025-07-12,4:10 PM,NYM,Juan Soto,23,,,4,30.0,106.6,435.0,SL,Jonathan Bowlan,KC @ NYM,777136,665742,680742
2025-07-18,,NYM,Juan Soto,24,,,1,21.0,115.0,412.0,FF,Nick Lodolo,CIN @ NYM,777111,665742,666157
2025-07-27,7:10 PM,NYM,Juan Soto,25,,,7,31.0,103.0,374.0,FF,Randy Rodríguez,SF @ NYM,776974,665742,678495
2025-08-06,1:10 PM,NYM,Juan Soto,26,,,9,28.0,107.1,420.0,FF,Gavin Williams,CLE @ NYM,776846,665742,668909
2025-08-08,8:10 PM,NYM,Juan Soto,27,,,1,42.0,102.8,361.0,FF,Brandon Woodruff,MIL @ NYM,776828,665742,605540
2025-08-09,7:10 PM,NYM,Juan Soto,28,,,5,26.0,105.5,411.0,SL,Aaron Ashby,MIL @ NYM,776817,665742,676879
2025-08-13,7:10 PM,NYM,Juan Soto,29,,,2,29.0,107.0,407.0,FF,Carlos Carrasco,ATL @ NYM,776756,665742,471911
2025-08-15,7:10 PM,NYM,Juan Soto,30,,,4,33.0,107.8,404.0,SI,Luis Castillo,SEA @ NYM,776736,665742,622491
2025-08-19,6:45 PM,NYM,Juan Soto,31,,,7,31.0,107.0,408.0,FF,Konnor Pilkington,WSH @ NYM,776678,665742,663455
2025-08-22,7:15 PM,NYM,Juan Soto,32,,,7,33.0,98.5,357.0,FC,Erick Fedde,ATL @ NYM,776645,665742,607200
2025-08-29,7:10 PM,NYM,Juan Soto,33,,,1,35.0,104.4,398.0,FF,Eury Pérez,MIA @ NYM,776548,665742,691587
2025-08-30,4:10 PM,NYM,Juan Soto,34,,,4,32.0,97.8,386.0,SL,Edward Cabrera,MIA @ NYM,776535,665742,665795
2025-08-30,4:10 PM,NYM,Juan Soto,35,,,6,18.0,111.6,382.0,SI,Cade Gibson,MIA @ NYM,776535,665742,806188
2025-09-01,1:10 PM,NYM,Juan Soto,36,,,4,32.0,108.0,419.0,CU,Charlie Morton,DET @ NYM,776501,665742,450203
2025-09-02,6:40 PM,NYM,Juan Soto,37,,,7,36.0,108.8,408.0,CH,Chris Paddack,DET @ NYM,776490,665742,663978
2025-09-07,1:40 PM,NYM,Juan Soto,38,,,9,19.0,114.3,393.0,FF,Tony Santillan,CIN @ NYM,776429,665742,663574
2025-09-10,6:45 PM,NYM,Juan Soto,39,,,8,24.0,111.4,410.0,SI,José Alvarado,PHI @ NYM,776384,665742,621237
2025-09-13,4:10 PM,NYM,Juan Soto,40,,,7,37.0,104.0,414.0,SI,Hoby Milner,TEX @ NYM,776349,665742,571948
2025-09-17,7:10 PM,NYM,Juan Soto,41,,,5,24.0,108.4,369.0,CU,Nick Pivetta,SD @ NYM,776288,665742,601713
2025-09-19,7:10 PM,NYM,Juan Soto,42,,,4,36.0,106.9,419.0,ST,PJ Poulin,WSH @ NYM,776259,665742,676571
2025-09-24,8:05 PM,NYM,Juan Soto,43,,,8,30.0,105.1,397.0,FC,Aaron Civale,CHC @ NYM,776205,665742,650644
2025-04-24,10:05 PM,TEX,Leody Taveras,1,,,4,22.0,102.0,389.0,CH,J.T. Ginn,ATH @ TEX,778192,665750,669372
2025-05-21,2:10 PM,SEA,Leody Taveras,2,,,8,26.0,103.3,391.0,CH,Mike Vasil,CWS @ SEA,777830,665750,678024
2025-05-23,8:10 PM,SEA,Leody Taveras,3,,,3,25.0,108.7,398.0,FF,Ryan Gusto,HOU @ SEA,777800,665750,687473
2025-04-12,9:10 PM,CHC,Miguel Amaya,1,,,8,25.0,103.9,386.0,SI,Luis García,LAD @ CHC,778345,665804,472610
2025-04-22,7:40 PM,CHC,Miguel Amaya,2,,,9,33.0,100.5,388.0,FF,Tanner Scott,LAD @ CHC,778220,665804,656945
2025-05-06,7:40 PM,CHC,Miguel Amaya,3,,,3,25.0,104.7,379.0,FF,Justin Verlander,SF @ CHC,778027,665804,434378
2025-05-19,6:40 PM,CHC,Miguel Amaya,4,,,4,37.0,100.1,363.0,CU,Edward Cabrera,MIA @ CHC,777863,665804,665795
2025-04-17,7:05 PM,NYY,Oswaldo Cabrera,1,,,5,23.0,100.4,382.0,FF,Taj Bradley,TB @ NYY,778282,665828,671737
2025-03-28,7:10 PM,PIT,Oneil Cruz,1,,,5,22.0,115.0,381.0,ST,Connor Gillispie,MIA @ PIT,778548,665833,687362
2025-04-02,1:10 PM,PIT,Oneil Cruz,2,,,5,26.0,108.1,391.0,CH,Ryan Pepiot,TB @ PIT,778479,665833,686752
2025-04-16,6:40 PM,PIT,Oneil Cruz,3,,,7,23.0,105.2,385.0,SL,Eduardo Salazar,WSH @ PIT,778293,665833,674285
2025-04-17,12:35 PM,PIT,Oneil Cruz,4,,,1,21.0,114.5,442.0,SL,Trevor Williams,WSH @ PIT,778280,665833,592866
2025-04-18,6:40 PM,PIT,Oneil Cruz,5,,,1,36.0,99.9,369.0,FF,Luis L. Ortiz,CLE @ PIT,778271,665833,682847
2025-04-23,9:38 PM,PIT,Oneil Cruz,6,,,5,28.0,116.6,463.0,SL,Jack Kochanowicz,LAA @ PIT,778202,665833,686799
2025-04-24,9:29 PM,PIT,Oneil Cruz,7,,,1,25.0,108.1,398.0,FF,Tyler Anderson,LAA @ PIT,778191,665833,542881
2025-04-26,9:10 PM,PIT,Oneil Cruz,8,,,1,27.0,102.3,399.0,FF,Roki Sasaki,LAD @ PIT,778163,665833,808963
2025-05-23,6:40 PM,PIT,Oneil Cruz,9,,,3,20.0,117.9,442.0,FF,Freddy Peralta,MIL @ PIT,777806,665833,642547
2025-05-23,6:40 PM,PIT,Oneil Cruz,10,,,9,33.0,113.4,427.0,SI,Abner Uribe,MIL @ PIT,777806,665833,682842
2025-05-25,1:35 PM,PIT,Oneil Cruz,11,,,3,23.0,122.9,432.0,FF,Logan Henderson,MIL @ PIT,777776,665833,701656
2025-05-28,3:40 PM,PIT,Oneil Cruz,12,,,8,40.0,109.0,372.0,SL,Scott McGough,AZ @ PIT,777729,665833,543518
2025-06-10,6:40 PM,PIT,Oneil Cruz,13,,,8,30.0,107.7,416.0,FF,Ronny Henriquez,MIA @ PIT,777566,665833,678692
2025-06-29,1:35 PM,PIT,Oneil Cruz,14,,,1,20.0,112.1,398.0,FC,Frankie Montas,NYM @ PIT,777313,665833,593423
2025-06-29,1:35 PM,PIT,Oneil Cruz,15,,,7,32.0,101.1,366.0,CH,Dedniel Núñez,NYM @ PIT,777313,665833,673380
2025-07-08,7:40 PM,PIT,Oneil Cruz,16,,,4,30.0,115.6,458.0,CU,Seth Lugo,KC @ PIT,777194,665833,607625
2025-07-26,6:40 PM,PIT,Oneil Cruz,17,,,2,31.0,102.2,410.0,FC,Merrill Kelly,AZ @ PIT,777002,665833,518876
2025-08-01,8:10 PM,PIT,Oneil Cruz,18,,,1,22.0,114.7,451.0,CU,Antonio Senzatela,COL @ PIT,776919,665833,622608
2025-08-30,4:10 PM,PIT,Oneil Cruz,19,,,6,25.0,114.2,426.0,FF,Dustin May,BOS @ PIT,776539,665833,669160
2025-09-23,6:40 PM,PIT,Oneil Cruz,20,,,2,26.0,104.5,368.0,SI,Brady Singer,CIN @ PIT,776224,665833,663903
2025-04-18,6:40 PM,PIT,Enmanuel Valdez,1,,,7,26.0,104.6,405.0,FF,Jakob Junis,CLE @ PIT,778271,665839,596001
2025-04-27,4:10 PM,PIT,Enmanuel Valdez,2,,,1,28.0,106.1,383.0,FF,Tyler Glasnow,LAD @ PIT,778145,665839,607192
2025-03-29,1:05 PM,NYY,Jazz Chisholm Jr.,1,,,3,25.0,109.5,442.0,FF,Connor Thomas,MIL @ NYY,778538,665862,671162
2025-03-30,1:35 PM,NYY,Jazz Chisholm Jr.,2,,,3,22.0,109.1,346.0,FC,Aaron Civale,MIL @ NYY,778523,665862,650644
2025-03-30,1:35 PM,NYY,Jazz Chisholm Jr.,3,,,7,27.0,99.6,342.0,SL,Joel Payamps,MIL @ NYY,778523,665862,606303
2025-04-03,7:05 PM,NYY,Jazz Chisholm Jr.,4,,,4,29.0,102.5,387.0,FF,Merrill Kelly,AZ @ NYY,778466,665862,518876
2025-04-13,1:35 PM,NYY,Jazz Chisholm Jr.,5,,,8,35.0,95.7,361.0,SI,Tyler Rogers,SF @ NYY,778339,665862,643511
2025-04-14,7:05 PM,NYY,Jazz Chisholm Jr.,6,,,4,33.0,105.4,411.0,CH,Seth Lugo,KC @ NYY,778327,665862,607625
2025-04-21,6:10 PM,NYY,Jazz Chisholm Jr.,7,,,8,26.0,108.1,383.0,FF,Paul Sewald,CLE @ NYY,778227,665862,623149
2025-06-03,7:05 PM,NYY,Jazz Chisholm Jr.,8,,,7,24.0,105.7,358.0,FF,Tanner Bibee,CLE @ NYY,777664,665862,676440
2025-06-06,7:05 PM,NYY,Jazz Chisholm Jr.,9,,,1,23.0,105.8,417.0,KC,Walker Buehler,BOS @ NYY,777627,665862,621111
2025-06-18,7:05 PM,NYY,Jazz Chisholm Jr.,10,,,2,36.0,110.2,407.0,SI,Jack Kochanowicz,LAA @ NYY,777466,665862,686799
2025-06-25,7:10 PM,NYY,Jazz Chisholm Jr.,11,,,3,37.0,108.0,433.0,SL,Brady Singer,CIN @ NYY,777367,665862,663903
2025-06-27,7:05 PM,NYY,Jazz Chisholm Jr.,12,,,2,42.0,110.0,377.0,FC,Mitch Spence,ATH @ NYY,777337,665862,687765
2025-06-29,1:35 PM,NYY,Jazz Chisholm Jr.,13,,,2,26.0,102.5,362.0,FF,Luis Severino,ATH @ NYY,777307,665862,622663
2025-06-30,7:07 PM,NYY,Jazz Chisholm Jr.,14,,,4,26.0,102.7,367.0,SL,Max Scherzer,TOR @ NYY,777295,665862,453286
2025-07-05,4:10 PM,NYY,Jazz Chisholm Jr.,15,,,2,35.0,102.3,387.0,SI,Frankie Montas,NYM @ NYY,777241,665862,593423
2025-07-09,7:05 PM,NYY,Jazz Chisholm Jr.,16,,,3,26.0,110.9,418.0,SI,Logan Evans,SEA @ NYY,777184,665862,688138
2025-07-09,7:05 PM,NYY,Jazz Chisholm Jr.,17,,,5,27.0,105.0,364.0,CU,Logan Evans,SEA @ NYY,777184,665862,688138
2025-07-22,7:07 PM,NYY,Jazz Chisholm Jr.,18,,,1,30.0,110.6,407.0,FF,Max Scherzer,TOR @ NYY,777046,665862,453286
2025-08-03,1:40 PM,NYY,Jazz Chisholm Jr.,19,,,7,29.0,106.6,423.0,SI,Josh Simpson,MIA @ NYY,776891,665862,681006
2025-08-11,7:05 PM,NYY,Jazz Chisholm Jr.,20,,,8,24.0,110.7,375.0,FC,Erasmo Ramírez,MIN @ NYY,776790,665862,541640
2025-08-15,8:15 PM,NYY,Jazz Chisholm Jr.,21,,,1,24.0,109.4,363.0,FF,Andre Pallante,STL @ NYY,776731,665862,669467
2025-08-19,7:35 PM,NYY,Jazz Chisholm Jr.,22,,,3,24.0,103.1,382.0,KC,Shane Baz,TB @ NYY,776677,665862,669358
2025-08-24,7:10 PM,NYY,Jazz Chisholm Jr.,23,,,2,41.0,105.1,372.0,FF,Dustin May,BOS @ NYY,776616,665862,669160
2025-08-24,7:10 PM,NYY,Jazz Chisholm Jr.,24,,,8,22.0,106.3,356.0,KC,Walker Buehler,BOS @ NYY,776616,665862,621111
2025-08-25,7:05 PM,NYY,Jazz Chisholm Jr.,25,,,5,35.0,99.7,390.0,FF,Brad Lord,WSH @ NYY,776597,665862,695418
2025-08-28,7:40 PM,NYY,Jazz Chisholm Jr.,26,,,2,27.0,105.7,382.0,FF,Davis Martin,CWS @ NYY,776556,665862,663436
2025-09-02,8:10 PM,NYY,Jazz Chisholm Jr.,27,,,2,35.0,101.3,392.0,SI,Framber Valdez,HOU @ NYY,776489,665862,664285
2025-09-02,8:10 PM,NYY,Jazz Chisholm Jr.,28,,,8,26.0,104.1,384.0,SL,Steven Okert,HOU @ NYY,776489,665862,595345
2025-09-13,4:10 PM,NYY,Jazz Chisholm Jr.,29,,,5,,,,FC,Brayan Bello,BOS @ NYY,776344,665862,678394
2025-09-19,7:05 PM,NYY,Jazz Chisholm Jr.,30,,,7,31.0,99.9,388.0,FC,Dietrich Enns,BAL @ NYY,776273,665862,608650
2025-09-21,1:35 PM,NYY,Jazz Chisholm Jr.,31,,,10,26.0,106.9,385.0,SL,Keegan Akin,BAL @ NYY,776240,665862,669211
2025-10-07,8:08 PM,NYY,Jazz Chisholm Jr.,32,,,5,24.0,109.3,409.0,FF,Louis Varland,TOR @ NYY,813061,665862,686973
2025-07-13,2:15 PM,STL,José Fermín,1,,,6,35.0,98.5,367.0,SI,Jesse Chavez,ATL @ STL,777118,665877,445926
2025-07-20,4:10 PM,LAD,Esteury Ruiz,1,,,5,32.0,106.7,413.0,CU,Jose Quintana,MIL @ LAD,777070,665923,500779
2025-03-29,3:07 PM,TOR,Andrés Giménez,1,,,3,24.0,104.8,407.0,FF,Dean Kremer,BAL @ TOR,778536,665926,665152
2025-03-31,7:07 PM,TOR,Andrés Giménez,2,,,2,35.0,100.4,381.0,FF,Michael Soroka,WSH @ TOR,778507,665926,647336
2025-06-10,7:45 PM,TOR,Andrés Giménez,3,,,1,32.0,101.2,387.0,FF,Miles Mikolas,STL @ TOR,777558,665926,571945
2025-07-01,3:07 PM,TOR,Andrés Giménez,4,,,4,30.0,100.9,408.0,SI,Max Fried,NYY @ TOR,777283,665926,608331
2025-08-25,7:07 PM,TOR,Andrés Giménez,5,,,2,30.0,106.6,422.0,FF,Joe Ryan,MIN @ TOR,776596,665926,657746
2025-08-27,7:07 PM,TOR,Andrés Giménez,6,,,4,27.0,105.0,401.0,FS,Simeon Woods Richardson,MIN @ TOR,776567,665926,680573
2025-10-15,8:08 PM,TOR,Andrés Giménez,7,,,3,33.0,104.6,399.0,FF,George Kirby,SEA @ TOR,813043,665926,669923
2025-10-16,8:33 PM,TOR,Andrés Giménez,8,,,3,22.0,102.4,364.0,SL,Luis Castillo,SEA @ TOR,813035,665926,622491
2025-08-27,1:05 PM,WSH,Andrés Chaparro,1,,,9,31.0,105.2,411.0,CU,Paul Blackburn,NYY @ WSH,776570,665953,621112
2025-04-18,7:10 PM,BOS,Carlos Narváez,1,,,8,27.0,108.7,353.0,CU,Bryse Wilson,CWS @ BOS,778275,665966,669060
2025-04-24,1:35 PM,BOS,Carlos Narváez,2,,,8,26.0,97.7,334.0,FF,Gabe Speier,SEA @ BOS,778196,665966,642100
2025-04-30,7:07 PM,BOS,Carlos Narváez,3,,,6,25.0,107.8,410.0,FF,Chad Green,TOR @ BOS,778114,665966,643338
2025-05-10,7:10 PM,BOS,Carlos Narváez,4,,,8,34.0,105.8,403.0,SL,Angel Zerpa,KC @ BOS,777977,665966,672582
2025-05-20,6:45 PM,BOS,Carlos Narváez,5,,,5,31.0,95.6,366.0,SI,Clay Holmes,NYM @ BOS,777851,665966,605280
2025-06-08,7:10 PM,BOS,Carlos Narváez,6,,,6,34.0,101.0,372.0,FF,Carlos Rodón,NYY @ BOS,777593,665966,607074
2025-06-29,1:35 PM,BOS,Carlos Narváez,7,,,2,30.0,96.5,337.0,FF,Eric Lauer,TOR @ BOS,777310,665966,641778
2025-07-09,7:10 PM,BOS,Carlos Narváez,8,,,2,31.0,108.3,434.0,SL,Antonio Senzatela,COL @ BOS,777179,665966,622608
2025-07-23,7:10 PM,BOS,Carlos Narváez,9,,,11,22.0,100.3,370.0,FF,Seth Johnson,PHI @ BOS,777038,665966,686751
2025-08-12,8:10 PM,BOS,Carlos Narváez,10,,,6,22.0,108.6,383.0,ST,Shawn Dubin,HOU @ BOS,776769,665966,681869
2025-08-23,1:05 PM,BOS,Carlos Narváez,11,,,9,24.0,104.7,414.0,ST,Paul Blackburn,NYY @ BOS,776627,665966,621112
2025-08-30,4:10 PM,BOS,Carlos Narváez,12,,,3,22.0,107.5,396.0,SL,Johan Oviedo,PIT @ BOS,776539,665966,670912
2025-09-08,10:05 PM,BOS,Carlos Narváez,13,,,5,29.0,103.1,422.0,ST,Luis Morales,ATH @ BOS,776410,665966,806960
2025-09-14,7:10 PM,BOS,Carlos Narváez,14,,,1,27.0,105.7,403.0,FF,Will Warren,NYY @ BOS,776330,665966,701542
2025-09-24,7:07 PM,BOS,Carlos Narváez,15,,,8,30.0,106.2,408.0,SI,José Berríos,TOR @ BOS,776206,665966,621244
2025-04-05,7:05 PM,TB,Jonathan Aranda,1,,,6,40.0,108.7,364.0,FF,Jacob deGrom,TEX @ TB,778438,666018,594798
2025-04-12,4:10 PM,TB,Jonathan Aranda,2,,,9,29.0,108.7,379.0,SL,Raisel Iglesias,ATL @ TB,778353,666018,628452
2025-04-15,7:05 PM,TB,Jonathan Aranda,3,,,2,21.0,109.1,398.0,FC,Walker Buehler,BOS @ TB,778319,666018,621111
2025-04-19,4:10 PM,TB,Jonathan Aranda,4,,,10,36.0,104.0,365.0,FF,Yoendrys Gómez,NYY @ TB,778255,666018,672782
2025-05-04,1:35 PM,TB,Jonathan Aranda,5,,,3,28.0,103.8,409.0,FF,Will Warren,NYY @ TB,778057,666018,701542
2025-05-13,7:07 PM,TB,Jonathan Aranda,6,,,3,25.0,108.8,433.0,CH,José Berríos,TOR @ TB,777935,666018,621244
2025-05-26,7:05 PM,TB,Jonathan Aranda,7,,,6,30.0,98.9,356.0,ST,Brock Stewart,MIN @ TB,777762,666018,592779
2025-06-13,7:10 PM,TB,Jonathan Aranda,8,,,4,30.0,108.7,389.0,SL,Clay Holmes,NYM @ TB,777528,666018,605280
2025-06-27,7:05 PM,TB,Jonathan Aranda,9,,,2,27.0,108.0,433.0,FC,Tomoyuki Sugano,BAL @ TB,777343,666018,608372
2025-06-28,4:05 PM,TB,Jonathan Aranda,10,,,1,31.0,111.1,467.0,FF,Zach Eflin,BAL @ TB,777330,666018,621107
2025-07-08,6:40 PM,TB,Jonathan Aranda,11,,,1,37.0,96.7,375.0,FF,Jack Flaherty,DET @ TB,777195,666018,656427
2025-07-29,7:05 PM,TB,Jonathan Aranda,12,,,3,34.0,101.4,403.0,SL,Max Fried,NYY @ TB,776949,666018,608331
2025-09-26,7:07 PM,TB,Jonathan Aranda,13,,,2,24.0,108.1,391.0,FF,Shane Bieber,TOR @ TB,776177,666018,669456
2025-09-27,3:07 PM,TB,Jonathan Aranda,14,,,6,29.0,103.2,409.0,SI,Yariel Rodríguez,TOR @ TB,776159,666018,684320
2025-04-19,1:10 PM,KC,Freddy Fermin,1,,,7,23.0,107.1,391.0,SI,Casey Mize,DET @ KC,778265,666023,663554
2025-06-05,7:45 PM,KC,Freddy Fermin,2,,,3,29.0,105.4,406.0,CU,Matthew Liberatore,STL @ KC,777635,666023,669461
2025-07-26,7:15 PM,KC,Freddy Fermin,3,,,2,42.0,100.6,379.0,FC,Tanner Bibee,CLE @ KC,776990,666023,676440
2025-08-11,9:45 PM,SD,Freddy Fermin,4,,,7,23.0,103.0,362.0,ST,Logan Webb,SF @ SD,776780,666023,657277
2025-09-16,7:10 PM,SD,Freddy Fermin,5,,,8,35.0,99.3,372.0,ST,Sean Manaea,NYM @ SD,776304,666023,640455
2025-09-06,9:38 PM,ATH,Carlos Cortes,1,,,8,24.0,102.2,389.0,CU,Scott Kingery,LAA @ ATH,776430,666126,664068
2025-09-12,10:05 PM,ATH,Carlos Cortes,2,,,3,27.0,101.7,408.0,SL,Brady Singer,CIN @ ATH,776358,666126,663903
2025-09-12,10:05 PM,ATH,Carlos Cortes,3,,,8,29.0,103.1,413.0,FF,Chase Burns,CIN @ ATH,776358,666126,695505
2025-09-13,10:05 PM,ATH,Carlos Cortes,4,,,2,24.0,107.2,398.0,SL,Hunter Greene,CIN @ ATH,776340,666126,668881
2025-04-27,1:40 PM,CLE,Nolan Jones,1,,,6,25.0,110.3,410.0,ST,Brayan Bello,BOS @ CLE,778157,666134,678394
2025-05-06,3:35 PM,CLE,Nolan Jones,2,,,2,31.0,109.8,422.0,FF,Jake Irvin,WSH @ CLE,778026,666134,663623
2025-06-13,10:10 PM,CLE,Nolan Jones,3,,,3,31.0,102.2,401.0,FF,Luis Castillo,SEA @ CLE,777520,666134,622491
2025-08-27,1:10 PM,CLE,Nolan Jones,4,,,9,32.0,104.1,428.0,SL,Pete Fairbanks,TB @ CLE,776580,666134,664126
2025-08-29,7:10 PM,CLE,Nolan Jones,5,,,7,25.0,104.4,402.0,FF,George Kirby,SEA @ CLE,776547,666134,669923
2025-05-15,3:07 PM,TB,Josh Lowe,1,,,5,28.0,105.7,408.0,FF,Kevin Gausman,TOR @ TB,777913,666139,592332
2025-05-21,1:10 PM,TB,Josh Lowe,2,,,5,36.0,105.2,410.0,CH,Hunter Brown,HOU @ TB,777832,666139,686613
2025-05-31,4:10 PM,TB,Josh Lowe,3,,,7,19.0,107.8,350.0,FF,Steven Okert,HOU @ TB,777693,666139,595345
2025-06-16,7:35 PM,TB,Josh Lowe,4,,,1,43.0,97.9,334.0,CU,Zach Eflin,BAL @ TB,777484,666139,621107
2025-06-27,7:05 PM,TB,Josh Lowe,5,,,2,31.0,107.5,400.0,FC,Tomoyuki Sugano,BAL @ TB,777343,666139,608372
2025-07-02,12:10 PM,TB,Josh Lowe,6,,,6,24.0,107.3,413.0,FC,Mitch Spence,ATH @ TB,777271,666139,687765
2025-07-30,7:05 PM,TB,Josh Lowe,7,,,9,38.0,107.0,391.0,CH,Devin Williams,NYY @ TB,776938,666139,642207
2025-08-30,4:05 PM,TB,Josh Lowe,8,,,1,27.0,104.0,409.0,SI,Jake Irvin,WSH @ TB,776525,666139,663623
2025-08-30,4:05 PM,TB,Josh Lowe,9,,,4,27.0,104.0,423.0,CU,Jake Irvin,WSH @ TB,776525,666139,663623
2025-09-06,7:05 PM,TB,Josh Lowe,10,,,5,31.0,103.6,379.0,FF,Tanner Bibee,CLE @ TB,776438,666139,676440
2025-09-09,7:40 PM,TB,Josh Lowe,11,,,2,34.0,103.9,396.0,CU,Yoendrys Gómez,CWS @ TB,776388,666139,672782
2025-04-14,6:45 PM,SF,Tyler Fitzgerald,1,,,2,27.0,96.9,369.0,FC,Taijuan Walker,PHI @ SF,778320,666149,592836
2025-04-17,4:05 PM,SF,Tyler Fitzgerald,2,,,9,28.0,99.8,381.0,SI,José Alvarado,PHI @ SF,778279,666149,621237
2025-07-06,10:05 PM,SF,Tyler Fitzgerald,3,,,8,28.0,97.5,372.0,ST,Michael Kelly,ATH @ SF,777210,666149,547184
2025-08-17,4:05 PM,SF,Tyler Fitzgerald,4,,,7,32.0,101.8,398.0,FC,Mason Englert,TB @ SF,776703,666149,669438
2025-09-28,3:05 PM,CWS,Dominic Fletcher,1,,,4,28.0,102.1,380.0,SL,Brad Lord,WSH @ CWS,776143,666150,695418
2025-04-16,7:05 PM,BOS,David Hamilton,1,,,3,20.0,105.8,335.0,FF,Zack Littell,TB @ BOS,778298,666152,641793
2025-05-13,6:40 PM,BOS,David Hamilton,2,,,8,28.0,105.9,408.0,CH,Tommy Kahnle,DET @ BOS,777940,666152,592454
2025-06-20,10:15 PM,BOS,David Hamilton,3,,,3,26.0,102.7,411.0,FF,Hayden Birdsong,SF @ BOS,777425,666152,806185
2025-08-26,6:35 PM,BOS,David Hamilton,4,,,3,23.0,103.1,364.0,SI,Kyle Bradish,BAL @ BOS,776591,666152,680694
2025-09-18,1:35 PM,BOS,David Hamilton,5,,,2,18.0,107.9,393.0,SI,J.T. Ginn,ATH @ BOS,776281,666152,669372
2025-09-28,3:05 PM,BOS,David Hamilton,6,,,4,25.0,102.0,381.0,FF,Chris Paddack,DET @ BOS,776151,666152,663978
2025-04-21,6:40 PM,CIN,Gavin Lux,1,,,8,25.0,102.2,397.0,CU,Tyler Phillips,MIA @ CIN,778230,666158,663969
2025-06-07,4:10 PM,CIN,Gavin Lux,2,,,4,30.0,95.0,351.0,FF,Kendall Graveman,AZ @ CIN,777612,666158,608665
2025-06-19,12:40 PM,CIN,Gavin Lux,3,,,3,24.0,98.5,351.0,FC,Chris Paddack,MIN @ CIN,777452,666158,663978
2025-06-23,7:10 PM,CIN,Gavin Lux,4,,,4,33.0,95.5,362.0,SI,Allan Winans,NYY @ CIN,777390,666158,642216
2025-08-18,9:38 PM,CIN,Gavin Lux,5,,,1,30.0,99.6,387.0,CH,Victor Mederos,LAA @ CIN,776681,666158,682989
2025-03-30,1:40 PM,COL,Mickey Moniak,1,,,7,25.0,104.5,405.0,FC,Kevin Kelly,TB @ COL,778524,666160,687330
2025-04-16,10:10 PM,COL,Mickey Moniak,2,,,3,31.0,102.3,370.0,FF,Bobby Miller,LAD @ COL,778287,666160,676272
2025-04-19,4:10 PM,COL,Mickey Moniak,3,,,2,26.0,106.2,429.0,FF,MacKenzie Gore,WSH @ COL,778247,666160,669022
2025-05-25,3:10 PM,COL,Mickey Moniak,4,,,9,35.0,104.6,417.0,FF,Luke Weaver,NYY @ COL,777768,666160,596133
2025-05-26,2:20 PM,COL,Mickey Moniak,5,,,5,29.0,102.5,399.0,CH,Jameson Taillon,CHC @ COL,777757,666160,592791
2025-06-06,8:40 PM,COL,Mickey Moniak,6,,,3,26.0,101.5,390.0,ST,Kodai Senga,NYM @ COL,777616,666160,673540
2025-06-12,3:10 PM,COL,Mickey Moniak,7,,,6,32.0,93.0,370.0,FF,Hayden Birdsong,SF @ COL,777534,666160,806185
2025-06-16,6:45 PM,COL,Mickey Moniak,8,,,9,30.0,98.8,368.0,FF,Kyle Finnegan,WSH @ COL,777488,666160,640448
2025-06-17,6:45 PM,COL,Mickey Moniak,9,,,8,26.0,102.1,382.0,SI,Eduardo Salazar,WSH @ COL,777480,666160,674285
2025-06-20,8:40 PM,COL,Mickey Moniak,10,,,4,24.0,107.0,452.0,KC,Zac Gallen,AZ @ COL,777430,666160,668678
2025-06-22,3:10 PM,COL,Mickey Moniak,11,,,5,25.0,102.3,385.0,CH,Brandon Pfaadt,AZ @ COL,777399,666160,694297
2025-07-02,8:40 PM,COL,Mickey Moniak,12,,,2,23.0,108.5,420.0,FF,Hunter Brown,HOU @ COL,777269,666160,686613
2025-07-06,3:10 PM,COL,Mickey Moniak,13,,,1,25.0,100.7,421.0,CU,Shane Smith,CWS @ COL,777215,666160,681343
2025-07-20,3:10 PM,COL,Mickey Moniak,14,,,3,34.0,107.6,448.0,FF,Joe Ryan,MIN @ COL,777072,666160,657746
2025-07-22,8:40 PM,COL,Mickey Moniak,15,,,1,31.0,106.5,450.0,FC,Erick Fedde,STL @ COL,777049,666160,607200
2025-07-25,7:05 PM,COL,Mickey Moniak,16,,,3,27.0,101.1,399.0,FF,Dean Kremer,BAL @ COL,777020,666160,665152
2025-08-03,3:10 PM,COL,Mickey Moniak,17,,,6,31.0,107.7,433.0,SL,Mitch Keller,PIT @ COL,776886,666160,656605
2025-08-13,2:15 PM,COL,Mickey Moniak,18,,,6,25.0,107.1,413.0,CH,Michael McGreevy,STL @ COL,776758,666160,700241
2025-09-06,8:10 PM,COL,Mickey Moniak,19,,,9,22.0,106.5,404.0,CH,Robert Suarez,SD @ COL,776431,666160,663158
2025-09-14,4:10 PM,COL,Mickey Moniak,20,,,4,30.0,106.6,394.0,FC,Yu Darvish,SD @ COL,776323,666160,506433
2025-09-14,4:10 PM,COL,Mickey Moniak,21,,,6,31.0,105.7,410.0,FF,Jeremiah Estrada,SD @ COL,776323,666160,669093
2025-09-16,8:40 PM,COL,Mickey Moniak,22,,,8,28.0,103.7,417.0,FF,Michael Petersen,MIA @ COL,776293,666160,656848
2025-09-17,8:40 PM,COL,Mickey Moniak,23,,,9,33.0,106.5,429.0,CH,George Soriano,MIA @ COL,776277,666160,666277
2025-09-18,3:10 PM,COL,Mickey Moniak,24,,,9,33.0,104.4,452.0,FF,Valente Bellozo,MIA @ COL,776270,666160,678368
2025-09-23,9:40 PM,LAD,Ben Rortvedt,1,,,7,28.0,97.7,393.0,FC,John Curtiss,AZ @ LAD,776213,666163,595928
2025-04-10,1:10 PM,LAA,Jo Adell,1,,,5,29.0,107.5,408.0,SL,Zack Littell,TB @ LAA,778382,666176,641793
2025-04-10,1:10 PM,LAA,Jo Adell,2,,,5,24.0,108.6,382.0,SV,Mason Englert,TB @ LAA,778382,666176,669438
2025-05-06,9:38 PM,LAA,Jo Adell,3,,,8,28.0,109.0,418.0,SL,Jeff Hoffman,TOR @ LAA,778025,666176,656546
2025-05-08,9:38 PM,LAA,Jo Adell,4,,,2,35.0,110.1,402.0,CU,Chris Bassitt,TOR @ LAA,778000,666176,605135
2025-05-10,9:38 PM,LAA,Jo Adell,5,,,4,27.0,107.9,435.0,FC,Kyle Gibson,BAL @ LAA,777973,666176,502043
2025-05-21,10:05 PM,LAA,Jo Adell,6,,,4,31.0,103.6,416.0,FF,JP Sears,ATH @ LAA,777828,666176,676664
2025-05-31,4:10 PM,LAA,Jo Adell,7,,,4,22.0,111.4,410.0,SI,Slade Cecconi,CLE @ LAA,777703,666176,677944
2025-06-02,7:10 PM,LAA,Jo Adell,8,,,1,31.0,104.3,404.0,FF,Richard Fitts,BOS @ LAA,777670,666176,690916
2025-06-02,7:10 PM,LAA,Jo Adell,9,,,6,28.0,103.6,394.0,SL,Hunter Dobbins,BOS @ LAA,777670,666176,690928
2025-06-07,9:38 PM,LAA,Jo Adell,10,,,2,22.0,110.4,431.0,SI,Luis Castillo,SEA @ LAA,777603,666176,622491
2025-06-07,9:38 PM,LAA,Jo Adell,11,,,4,27.0,109.1,445.0,SL,Luis Castillo,SEA @ LAA,777603,666176,622491
2025-06-09,9:38 PM,LAA,Jo Adell,12,,,4,38.0,103.3,379.0,SL,Jeffrey Springs,ATH @ LAA,777576,666176,605488
2025-06-11,4:07 PM,LAA,Jo Adell,13,,,6,27.0,111.0,422.0,FF,Osvaldo Bido,ATH @ LAA,777542,666176,674370
2025-06-18,7:05 PM,LAA,Jo Adell,14,,,5,31.0,112.9,436.0,FC,Ryan Yarbrough,NYY @ LAA,777466,666176,642232
2025-06-19,1:05 PM,LAA,Jo Adell,15,,,2,25.0,101.1,382.0,FF,Carlos Rodón,NYY @ LAA,777449,666176,607074
2025-06-20,9:38 PM,LAA,Jo Adell,16,,,4,24.0,108.4,426.0,FF,Hunter Brown,HOU @ LAA,777428,666176,686613
2025-06-25,4:07 PM,LAA,Jo Adell,17,,,4,23.0,108.1,433.0,SL,Richard Fitts,BOS @ LAA,777362,666176,690916
2025-06-27,9:38 PM,LAA,Jo Adell,18,,,2,33.0,104.3,372.0,FF,Jake Irvin,WSH @ LAA,777331,666176,663623
2025-07-04,7:07 PM,LAA,Jo Adell,19,,,7,33.0,111.3,431.0,FF,Nick Sandlin,TOR @ LAA,777242,666176,680704
2025-07-18,,LAA,Jo Adell,20,,,4,20.0,109.9,411.0,CH,Jesús Luzardo,PHI @ LAA,777106,666176,666200
2025-07-19,6:05 PM,LAA,Jo Adell,21,,,4,23.0,105.5,373.0,FS,Taijuan Walker,PHI @ LAA,777089,666176,592836
2025-08-04,9:38 PM,LAA,Jo Adell,22,,,2,27.0,107.1,428.0,CH,Adrian Houser,TB @ LAA,776867,666176,605288
2025-08-05,9:38 PM,LAA,Jo Adell,23,,,5,21.0,115.7,410.0,SL,Ryan Pepiot,TB @ LAA,776848,666176,686752
2025-08-08,7:10 PM,LAA,Jo Adell,24,,,8,22.0,109.2,399.0,SI,Troy Melton,DET @ LAA,776832,666176,675512
2025-08-09,6:10 PM,LAA,Jo Adell,25,,,4,25.0,101.8,400.0,CU,Charlie Morton,DET @ LAA,776813,666176,450203
2025-08-17,4:05 PM,LAA,Jo Adell,26,,,1,19.0,115.3,395.0,FC,Jeffrey Springs,ATH @ LAA,776699,666176,605488
2025-08-19,9:38 PM,LAA,Jo Adell,27,,,7,20.0,115.3,452.0,FF,Hunter Greene,CIN @ LAA,776668,666176,668881
2025-08-19,9:38 PM,LAA,Jo Adell,28,,,8,20.0,110.3,371.0,SL,Luis Mey,CIN @ LAA,776668,666176,682825
2025-08-23,9:38 PM,LAA,Jo Adell,29,,,7,19.0,108.8,387.0,FF,Ben Brown,CHC @ LAA,776618,666176,676962
2025-08-26,8:05 PM,LAA,Jo Adell,30,,,9,27.0,110.3,408.0,FC,Danny Coulombe,TEX @ LAA,776575,666176,543056
2025-09-01,2:10 PM,LAA,Jo Adell,31,,,4,33.0,105.8,396.0,FF,Luis Garcia,HOU @ LAA,776499,666176,677651
2025-09-02,7:40 PM,LAA,Jo Adell,32,,,6,30.0,110.8,454.0,CU,Michael Lorenzen,KC @ LAA,776488,666176,547179
2025-09-03,7:40 PM,LAA,Jo Adell,33,,,6,25.0,105.3,418.0,FF,John Schreiber,KC @ LAA,776466,666176,670167
2025-09-06,9:38 PM,LAA,Jo Adell,34,,,8,31.0,108.4,419.0,FF,Scott McGough,ATH @ LAA,776430,666176,543518
2025-09-07,4:07 PM,LAA,Jo Adell,35,,,1,25.0,107.9,415.0,SI,Luis Severino,ATH @ LAA,776414,666176,622663
2025-09-13,9:40 PM,LAA,Jo Adell,36,,,2,28.0,107.4,429.0,SL,Bryan Woo,SEA @ LAA,776333,666176,693433
2025-09-25,9:38 PM,LAA,Jo Adell,37,,,2,38.0,109.0,404.0,ST,Michael Lorenzen,KC @ LAA,776178,666176,547179
2025-05-15,12:40 PM,CIN,Will Benson,1,,,5,25.0,105.2,401.0,FF,Bryse Wilson,CWS @ CIN,777912,666181,669060
2025-05-16,5:10 PM,CIN,Will Benson,2,,,2,26.0,102.1,361.0,ST,Tanner Bibee,CLE @ CIN,777902,666181,676440
2025-05-17,6:40 PM,CIN,Will Benson,3,,,5,23.0,107.2,399.0,CU,Slade Cecconi,CLE @ CIN,777892,666181,677944
2025-05-18,1:40 PM,CIN,Will Benson,4,,,4,31.0,106.6,399.0,SL,Luis L. Ortiz,CLE @ CIN,777874,666181,682847
2025-05-18,1:40 PM,CIN,Will Benson,5,,,6,28.0,102.4,380.0,SL,Hunter Gaddis,CLE @ CIN,777874,666181,683769
2025-06-03,7:10 PM,CIN,Will Benson,6,,,8,27.0,102.6,374.0,FF,Grant Anderson,MIL @ CIN,777668,666181,681982
2025-07-05,4:05 PM,CIN,Will Benson,7,,,5,29.0,103.2,403.0,FF,Ranger Suárez,PHI @ CIN,777233,666181,624133
2025-07-09,7:10 PM,CIN,Will Benson,8,,,8,22.0,111.4,425.0,FC,Valente Bellozo,MIA @ CIN,777183,666181,678368
2025-08-01,12:40 PM,CIN,Will Benson,9,,,7,27.0,102.1,356.0,FC,Dylan Dodd,ATL @ CIN,776921,666181,689266
2025-09-09,9:40 PM,CIN,Will Benson,10,,,2,27.0,107.9,409.0,FF,Michael King,SD @ CIN,776392,666181,650633
2025-09-13,10:05 PM,CIN,Will Benson,11,,,2,31.0,103.9,423.0,FF,Luis Severino,ATH @ CIN,776340,666181,622663
2025-09-14,4:05 PM,CIN,Will Benson,12,,,2,37.0,104.2,375.0,FF,Luis Morales,ATH @ CIN,776327,666181,806960
2025-05-03,3:07 PM,TOR,Bo Bichette,1,,,1,36.0,103.0,387.0,FF,Gavin Williams,CLE @ TOR,778064,666182,668909
2025-05-10,9:40 PM,TOR,Bo Bichette,2,,,5,24.0,102.3,377.0,FF,Logan Evans,SEA @ TOR,777970,666182,688138
2025-05-13,7:07 PM,TOR,Bo Bichette,3,,,3,24.0,103.0,383.0,SL,Shane Baz,TB @ TOR,777935,666182,669358
2025-05-16,7:07 PM,TOR,Bo Bichette,4,,,8,40.0,109.4,386.0,CH,Tommy Kahnle,DET @ TOR,777906,666182,592454
2025-05-28,8:05 PM,TOR,Bo Bichette,5,,,9,33.0,104.6,386.0,CH,Jacob Webb,TEX @ TOR,777724,666182,657097
2025-05-29,7:07 PM,TOR,Bo Bichette,6,,,3,26.0,104.7,383.0,SL,Anthony Maldonado,ATH @ TOR,777727,666182,687424
2025-05-31,3:07 PM,TOR,Bo Bichette,7,,,2,19.0,111.1,390.0,SI,Gunnar Hoglund,ATH @ TOR,777701,666182,680684
2025-06-05,3:07 PM,TOR,Bo Bichette,8,,,2,24.0,106.6,413.0,ST,Jesús Luzardo,PHI @ TOR,777637,666182,666200
2025-06-17,7:07 PM,TOR,Bo Bichette,9,,,9,21.0,108.3,399.0,FS,Shelby Miller,AZ @ TOR,777479,666182,571946
2025-06-18,7:07 PM,TOR,Bo Bichette,10,,,1,21.0,110.8,418.0,SI,Eduardo Rodriguez,AZ @ TOR,777462,666182,593958
2025-06-21,3:07 PM,TOR,Bo Bichette,11,,,1,28.0,107.4,410.0,SI,Aaron Civale,CWS @ TOR,777418,666182,650644
2025-07-06,1:37 PM,TOR,Bo Bichette,12,,,4,32.0,109.0,408.0,CH,Tyler Anderson,LAA @ TOR,777214,666182,542881
2025-07-23,7:07 PM,TOR,Bo Bichette,13,,,7,33.0,97.2,360.0,ST,Scott Effross,NYY @ TOR,777027,666182,664123
2025-08-04,8:40 PM,TOR,Bo Bichette,14,,,3,36.0,97.8,413.0,CU,Ryan Rolison,COL @ TOR,776872,666182,669020
2025-08-04,8:40 PM,TOR,Bo Bichette,15,,,7,34.0,101.8,434.0,FF,Carson Palmquist,COL @ TOR,776872,666182,687223
2025-08-06,3:10 PM,TOR,Bo Bichette,16,,,3,29.0,102.6,405.0,KC,Kyle Freeland,COL @ TOR,776836,666182,607536
2025-09-01,1:10 PM,TOR,Bo Bichette,17,,,9,31.0,102.9,381.0,FF,Emilio Pagán,CIN @ TOR,776503,666182,641941
2025-09-02,6:40 PM,TOR,Bo Bichette,18,,,2,24.0,103.8,412.0,CH,Brent Suter,CIN @ TOR,776491,666182,608718
2025-11-01,8:00 PM,TOR,Bo Bichette,19,,,3,24.0,110.1,442.0,SL,Shohei Ohtani,LAD @ TOR,813024,666182,660271
2025-05-25,1:35 PM,BAL,Dylan Carlson,1,,,5,39.0,105.8,372.0,FF,Walker Buehler,BOS @ BAL,777785,666185,621111
2025-05-26,3:05 PM,BAL,Dylan Carlson,2,,,4,21.0,107.6,397.0,SI,Erick Fedde,STL @ BAL,777771,666185,607200
2025-06-06,10:05 PM,BAL,Dylan Carlson,3,,,2,40.0,96.0,366.0,SL,JP Sears,ATH @ BAL,777613,666185,676664
2025-06-12,6:35 PM,BAL,Dylan Carlson,4,,,8,28.0,103.8,408.0,FF,Tommy Kahnle,DET @ BAL,777540,666185,592454
2025-08-15,8:10 PM,BAL,Dylan Carlson,5,,,8,40.0,94.5,330.0,FF,Shawn Dubin,HOU @ BAL,776733,666185,681869
2025-08-16,7:10 PM,BAL,Dylan Carlson,6,,,5,31.0,107.1,385.0,SI,Jason Alexander,HOU @ BAL,776722,666185,669920
2025-07-07,8:10 PM,HOU,Taylor Trammell,1,,,5,28.0,102.0,368.0,SI,Tanner Bibee,CLE @ HOU,777202,666211,676440
2025-07-20,4:10 PM,HOU,Taylor Trammell,2,,,6,20.0,105.2,384.0,SI,Bryan Woo,SEA @ HOU,777067,666211,693433
2025-08-08,7:05 PM,HOU,Taylor Trammell,3,,,10,31.0,100.6,383.0,CH,Devin Williams,NYY @ HOU,776835,666211,642207
2025-04-05,9:38 PM,CLE,Bo Naylor,1,,,3,33.0,99.6,401.0,FF,Jack Kochanowicz,LAA @ CLE,778437,666310,686799
2025-04-18,6:40 PM,CLE,Bo Naylor,2,,,3,26.0,105.5,425.0,FF,Carmen Mlodzinski,PIT @ CLE,778271,666310,669387
2025-04-29,6:10 PM,CLE,Bo Naylor,3,,,3,27.0,108.8,395.0,FF,Chris Paddack,MIN @ CLE,778129,666310,663978
2025-04-30,6:10 PM,CLE,Bo Naylor,4,,,7,31.0,107.1,398.0,FF,Brock Stewart,MIN @ CLE,778116,666310,592779
2025-05-02,7:07 PM,CLE,Bo Naylor,5,,,4,25.0,106.2,410.0,SI,Chris Bassitt,TOR @ CLE,778081,666310,605135
2025-05-16,5:10 PM,CLE,Bo Naylor,6,,,5,27.0,98.0,398.0,SI,Brady Singer,CIN @ CLE,777902,666310,663903
2025-05-24,7:15 PM,CLE,Bo Naylor,7,,,3,23.0,104.9,384.0,FF,Casey Mize,DET @ CLE,777796,666310,663554
2025-06-08,1:40 PM,CLE,Bo Naylor,8,,,2,25.0,104.4,425.0,ST,Brandon Walter,HOU @ CLE,777591,666310,687888
2025-06-09,6:40 PM,CLE,Bo Naylor,9,,,7,22.0,102.0,388.0,SL,Graham Ashcraft,CIN @ CLE,777580,666310,668933
2025-07-21,6:40 PM,CLE,Bo Naylor,10,,,5,31.0,103.5,408.0,CU,Corbin Martin,BAL @ CLE,777068,666310,656686
2025-07-28,6:40 PM,CLE,Bo Naylor,11,,,7,34.0,106.5,406.0,ST,Jake Bird,COL @ CLE,776968,666310,656234
2025-09-14,1:40 PM,CLE,Bo Naylor,12,,,7,36.0,101.5,375.0,SI,Brandon Eisert,CWS @ CLE,776331,666310,685126
2025-09-20,2:10 PM,CLE,Bo Naylor,13,,,2,40.0,97.8,365.0,FF,Joe Ryan,MIN @ CLE,777839,666310,657746
2025-09-20,2:10 PM,CLE,Bo Naylor,14,,,8,27.0,105.0,412.0,FC,Thomas Hatch,MIN @ CLE,777839,666310,641672
2025-10-01,1:08 PM,CLE,Bo Naylor,15,,,8,,,,ST,Brant Hurter,DET @ CLE,813071,666310,676428
2025-04-13,2:10 PM,MIN,Edouard Julien,1,,,6,31.0,98.1,361.0,FS,Casey Mize,DET @ MIN,778335,666397,663554
2025-04-28,6:10 PM,MIN,Edouard Julien,2,,,1,28.0,103.1,403.0,FF,Gavin Williams,CLE @ MIN,778139,666397,668909
2025-08-14,7:40 PM,MIN,Edouard Julien,3,,,3,32.0,105.4,410.0,SI,Tarik Skubal,DET @ MIN,776744,666397,669373
2025-08-05,6:40 PM,SF,Jerar Encarnacion,1,,,4,28.0,107.7,415.0,FF,Mike Burrows,PIT @ SF,776866,666464,681347
2025-08-06,12:35 PM,SF,Jerar Encarnacion,2,,,5,27.0,111.4,442.0,FF,Andrew Heaney,PIT @ SF,776844,666464,571760
2025-04-11,7:05 PM,TB,Christopher Morel,1,,,6,25.0,107.0,387.0,CH,Bryce Elder,ATL @ TB,778367,666624,693821
2025-04-23,9:40 PM,TB,Christopher Morel,2,,,2,20.0,108.2,393.0,CH,Eduardo Rodriguez,AZ @ TB,778199,666624,593958
2025-04-24,9:40 PM,TB,Christopher Morel,3,,,10,28.0,101.3,395.0,CH,J.P. Feyereisen,AZ @ TB,778188,666624,656420
2025-06-07,4:10 PM,TB,Christopher Morel,4,,,2,26.0,113.5,438.0,FF,Ryan Weathers,MIA @ TB,777611,666624,677960
2025-06-07,4:10 PM,TB,Christopher Morel,5,,,6,38.0,102.2,368.0,ST,Tyler Phillips,MIA @ TB,777611,666624,663969
2025-06-21,12:10 PM,TB,Christopher Morel,6,,,7,25.0,113.0,434.0,FF,Sawyer Gipson-Long,DET @ TB,777420,666624,687830
2025-07-01,7:05 PM,TB,Christopher Morel,7,,,2,20.0,111.4,423.0,SL,Jeffrey Springs,ATH @ TB,777286,666624,605488
2025-08-06,4:07 PM,TB,Christopher Morel,8,,,7,26.0,110.5,424.0,FC,Ryan Zeferjahn,LAA @ TB,776843,666624,666171
2025-08-11,10:05 PM,TB,Christopher Morel,9,,,4,26.0,98.9,400.0,CH,Jeffrey Springs,ATH @ TB,776787,666624,605488
2025-08-24,12:10 PM,TB,Christopher Morel,10,,,4,36.0,102.6,399.0,FF,Matthew Liberatore,STL @ TB,776606,666624,669461
2025-09-12,2:20 PM,TB,Christopher Morel,11,,,1,37.0,107.4,383.0,FF,Matthew Boyd,CHC @ TB,776352,666624,571510
2025-03-29,7:05 PM,TEX,Adolis García,1,,,4,29.0,102.7,414.0,ST,Walker Buehler,BOS @ TEX,778531,666969,621111
2025-03-30,2:35 PM,TEX,Adolis García,2,,,6,29.0,108.1,431.0,ST,Richard Fitts,BOS @ TEX,778516,666969,690916
2025-04-17,8:05 PM,TEX,Adolis García,3,,,3,25.0,99.3,382.0,SI,Jack Kochanowicz,LAA @ TEX,778281,666969,686799
2025-04-19,4:05 PM,TEX,Adolis García,4,,,9,27.0,105.6,394.0,FF,Kirby Yates,LAD @ TEX,778251,666969,489446
2025-05-07,6:45 PM,TEX,Adolis García,5,,,4,30.0,105.9,398.0,SI,Tanner Houck,BOS @ TEX,778018,666969,656557
2025-05-14,8:05 PM,TEX,Adolis García,6,,,6,20.0,106.5,394.0,FF,Angel Chivilli,COL @ TEX,777918,666969,683409
2025-05-24,4:10 PM,TEX,Adolis García,7,,,8,25.0,102.8,383.0,SI,Miguel Castro,CWS @ TEX,777792,666969,612434
2025-06-12,1:10 PM,TEX,Adolis García,8,,,6,32.0,102.8,409.0,FC,Joey Wentz,MIN @ TEX,777533,666969,666214
2025-06-20,6:40 PM,TEX,Adolis García,9,,,4,34.0,105.2,418.0,CH,Mike Burrows,PIT @ TEX,777432,666969,681347
2025-06-30,8:05 PM,TEX,Adolis García,10,,,10,30.0,108.4,417.0,FF,Keegan Akin,BAL @ TEX,777292,666969,669211
2025-07-10,9:38 PM,TEX,Adolis García,11,,,8,29.0,105.3,405.0,SI,Carson Fulmer,LAA @ TEX,777159,666969,608334
2025-07-11,8:10 PM,TEX,Adolis García,12,,,3,28.0,105.6,425.0,FC,Lance McCullers Jr.,HOU @ TEX,777154,666969,621121
2025-07-13,2:10 PM,TEX,Adolis García,13,,,3,32.0,101.8,381.0,FF,Hunter Brown,HOU @ TEX,777125,666969,686613
2025-07-22,8:05 PM,TEX,Adolis García,14,,,4,30.0,108.0,426.0,SL,J.T. Ginn,ATH @ TEX,777043,666969,669372
2025-07-30,9:38 PM,TEX,Adolis García,15,,,8,24.0,105.2,375.0,CU,Reid Detmers,LAA @ TEX,776932,666969,672282
2025-08-03,4:10 PM,TEX,Adolis García,16,,,6,23.0,98.2,381.0,SL,Carlos Vargas,SEA @ TEX,776883,666969,672841
2025-08-23,7:05 PM,TEX,Adolis García,17,,,5,23.0,105.5,377.0,FF,Logan Allen,CLE @ TEX,776623,666969,671106
2025-08-27,8:05 PM,TEX,Adolis García,18,,,1,25.0,105.4,421.0,ST,Jack Kochanowicz,LAA @ TEX,776563,666969,686799
2025-09-27,7:15 PM,TEX,Adolis García,19,,,4,26.0,110.2,433.0,FF,Joey Cantillo,CLE @ TEX,776158,666969,676282
2025-03-30,4:10 PM,AZ,Lourdes Gurriel Jr.,1,,,8,22.0,107.5,416.0,FF,Eli Morgan,CHC @ AZ,778515,666971,669212
2025-04-02,7:05 PM,AZ,Lourdes Gurriel Jr.,2,,,1,32.0,106.8,399.0,FF,Carlos Rodón,NYY @ AZ,778484,666971,607074
2025-04-16,6:40 PM,AZ,Lourdes Gurriel Jr.,3,,,8,33.0,102.8,415.0,ST,Tyler Phillips,MIA @ AZ,778303,666971,663969
2025-04-18,2:20 PM,AZ,Lourdes Gurriel Jr.,4,,,8,23.0,104.8,416.0,ST,Ethan Roberts,CHC @ AZ,778268,666971,681799
2025-05-03,6:05 PM,AZ,Lourdes Gurriel Jr.,5,,,7,27.0,102.7,393.0,SL,Carlos Hernández,PHI @ AZ,778078,666971,672578
2025-05-06,9:40 PM,AZ,Lourdes Gurriel Jr.,6,,,6,22.0,108.5,383.0,FF,David Peterson,NYM @ AZ,778032,666971,656849
2025-05-09,9:40 PM,AZ,Lourdes Gurriel Jr.,7,,,5,26.0,105.9,401.0,SI,Anthony Banda,LAD @ AZ,777988,666971,607455
2025-05-19,10:10 PM,AZ,Lourdes Gurriel Jr.,8,,,3,31.0,100.9,395.0,SL,Landon Knack,LAD @ AZ,777854,666971,689017
2025-06-05,12:15 PM,AZ,Lourdes Gurriel Jr.,9,,,9,30.0,100.5,400.0,SL,Scott Blewett,ATL @ AZ,777640,666971,656240
2025-06-10,9:40 PM,AZ,Lourdes Gurriel Jr.,10,,,4,28.0,99.6,372.0,FC,Logan Evans,SEA @ AZ,777559,666971,688138
2025-06-30,9:40 PM,AZ,Lourdes Gurriel Jr.,11,,,6,33.0,100.7,409.0,ST,Logan Webb,SF @ AZ,777291,666971,657277
2025-07-01,9:40 PM,AZ,Lourdes Gurriel Jr.,12,,,5,22.0,103.9,403.0,SI,Carson Seymour,SF @ AZ,777278,666971,693313
2025-08-05,9:40 PM,AZ,Lourdes Gurriel Jr.,13,,,1,36.0,105.6,404.0,ST,Yu Darvish,SD @ AZ,776852,666971,506433
2025-08-05,9:40 PM,AZ,Lourdes Gurriel Jr.,14,,,8,29.0,107.1,439.0,FF,Mason Miller,SD @ AZ,776852,666971,695243
2025-08-14,8:40 PM,AZ,Lourdes Gurriel Jr.,15,,,1,34.0,99.5,416.0,FF,Bradley Blalock,COL @ AZ,776742,666971,687134
2025-08-17,3:10 PM,AZ,Lourdes Gurriel Jr.,16,,,6,38.0,98.6,374.0,FF,Luis Peralta,COL @ AZ,776701,666971,678821
2025-08-20,3:40 PM,AZ,Lourdes Gurriel Jr.,17,,,9,27.0,105.1,424.0,FF,Cade Smith,CLE @ AZ,776658,666971,671922
2025-08-23,8:10 PM,AZ,Lourdes Gurriel Jr.,18,,,3,30.0,98.0,392.0,ST,Andrew Abbott,CIN @ AZ,776622,666971,671096
2025-08-25,7:40 PM,AZ,Lourdes Gurriel Jr.,19,,,6,23.0,107.7,380.0,SI,Brandon Woodruff,MIL @ AZ,776593,666971,605540
2025-04-19,1:05 PM,MIA,Dane Myers,1,,,9,29.0,101.5,389.0,SL,Jordan Romano,PHI @ MIA,778252,667472,605447
2025-04-28,10:10 PM,MIA,Dane Myers,2,,,6,32.0,103.4,405.0,FF,Anthony Banda,LAD @ MIA,778132,667472,607455
2025-05-02,7:10 PM,MIA,Dane Myers,3,,,6,27.0,101.6,390.0,FF,Gunnar Hoglund,ATH @ MIA,778091,667472,680684
2025-06-15,1:35 PM,MIA,Dane Myers,4,,,2,26.0,107.2,388.0,CH,MacKenzie Gore,WSH @ MIA,777503,667472,669022
2025-07-26,7:10 PM,MIA,Dane Myers,5,,,6,30.0,103.9,428.0,FF,Grant Anderson,MIL @ MIA,776996,667472,681982
2025-08-17,1:35 PM,MIA,Dane Myers,6,,,9,27.0,101.0,385.0,SL,Greg Weissert,BOS @ MIA,776714,667472,669711
2025-03-28,9:40 PM,ATH,Brent Rooker,1,,,5,30.0,102.8,394.0,FF,Luis Castillo,SEA @ ATH,778541,667670,622491
2025-04-01,10:05 PM,ATH,Brent Rooker,2,,,1,32.0,98.0,340.0,SL,Justin Steele,CHC @ ATH,778494,667670,657006
2025-04-02,3:35 PM,ATH,Brent Rooker,3,,,3,25.0,106.9,385.0,FC,Jameson Taillon,CHC @ ATH,778471,667670,592791
2025-04-05,8:10 PM,ATH,Brent Rooker,4,,,7,29.0,102.4,425.0,SI,Scott Alexander,COL @ ATH,778442,667670,518397
2025-04-17,2:10 PM,ATH,Brent Rooker,5,,,9,28.0,107.3,415.0,FC,Bryse Wilson,CWS @ ATH,778283,667670,669060
2025-04-19,7:10 PM,ATH,Brent Rooker,6,,,6,28.0,105.3,398.0,FF,Chad Patrick,MIL @ ATH,778253,667670,694477
2025-04-22,10:05 PM,ATH,Brent Rooker,7,,,8,23.0,102.7,406.0,ST,Jacob Webb,TEX @ ATH,778213,667670,657097
2025-04-30,8:05 PM,ATH,Brent Rooker,8,,,9,23.0,108.1,391.0,FF,Luke Jackson,TEX @ ATH,778106,667670,592426
2025-05-03,4:10 PM,ATH,Brent Rooker,9,,,1,34.0,108.8,409.0,SL,Max Meyer,MIA @ ATH,778075,667670,676974
2025-05-10,4:05 PM,ATH,Brent Rooker,10,,,3,26.0,106.7,363.0,SL,Carlos Rodón,NYY @ ATH,777972,667670,607074
2025-05-22,3:35 PM,ATH,Brent Rooker,11,,,1,27.0,109.4,440.0,CH,Tyler Anderson,LAA @ ATH,777812,667670,542881
2025-05-24,10:05 PM,ATH,Brent Rooker,12,,,8,22.0,107.0,410.0,SL,Joe Ross,PHI @ ATH,777784,667670,605452
2025-05-31,3:07 PM,ATH,Brent Rooker,13,,,9,30.0,105.7,407.0,FF,Jeff Hoffman,TOR @ ATH,777701,667670,656546
2025-06-11,4:07 PM,ATH,Brent Rooker,14,,,3,31.0,103.0,412.0,CH,Kyle Hendricks,LAA @ ATH,777542,667670,543294
2025-06-11,4:07 PM,ATH,Brent Rooker,15,,,7,29.0,101.7,408.0,FC,Ryan Zeferjahn,LAA @ ATH,777542,667670,666171
2025-06-24,6:40 PM,ATH,Brent Rooker,16,,,1,27.0,110.0,415.0,FF,Tarik Skubal,DET @ ATH,777386,667670,669373
2025-06-28,1:05 PM,ATH,Brent Rooker,17,,,4,33.0,104.3,403.0,ST,Clarke Schmidt,NYY @ ATH,777326,667670,657376
2025-07-02,12:10 PM,ATH,Brent Rooker,18,,,1,34.0,104.4,390.0,SL,Ryan Pepiot,TB @ ATH,777271,667670,686752
2025-07-08,10:05 PM,ATH,Brent Rooker,19,,,1,29.0,97.5,390.0,ST,Didier Fuentes,ATL @ ATH,777189,667670,800311
2025-07-12,10:05 PM,ATH,Brent Rooker,20,,,5,28.0,95.6,389.0,FS,Kevin Gausman,TOR @ ATH,777132,667670,592332
2025-07-18,,ATH,Brent Rooker,21,,,5,33.0,106.4,393.0,SL,Slade Cecconi,CLE @ ATH,777105,667670,677944
2025-07-29,10:05 PM,ATH,Brent Rooker,22,,,3,24.0,113.3,410.0,CU,Logan Evans,SEA @ ATH,776944,667670,688138
2025-07-30,10:05 PM,ATH,Brent Rooker,23,,,1,26.0,103.0,416.0,FF,Bryan Woo,SEA @ ATH,776930,667670,693433
2025-08-09,7:05 PM,ATH,Brent Rooker,24,,,3,35.0,104.3,393.0,FS,Brandon Young,BAL @ ATH,776811,667670,687064
2025-08-16,10:05 PM,ATH,Brent Rooker,25,,,5,26.0,103.8,421.0,ST,Ryan Zeferjahn,LAA @ ATH,776718,667670,666171
2025-08-22,10:10 PM,ATH,Brent Rooker,26,,,1,21.0,108.2,389.0,FF,Bryan Woo,SEA @ ATH,776638,667670,693433
2025-08-30,10:05 PM,ATH,Brent Rooker,27,,,3,26.0,106.6,405.0,SI,Merrill Kelly,TEX @ ATH,776524,667670,518876
2025-09-13,10:05 PM,ATH,Brent Rooker,28,,,2,29.0,105.9,421.0,FF,Hunter Greene,CIN @ ATH,776340,667670,668881
2025-09-14,4:05 PM,ATH,Brent Rooker,29,,,7,26.0,102.9,412.0,FC,Zach Maxwell,CIN @ ATH,776327,667670,687209
2025-09-18,1:35 PM,ATH,Brent Rooker,30,,,1,23.0,103.9,397.0,FC,Brayan Bello,BOS @ ATH,776281,667670,678394
2025-03-31,9:40 PM,SEA,Randy Arozarena,1,,,2,25.0,104.1,389.0,FF,Jackson Jobe,DET @ SEA,778496,668227,695549
2025-04-09,4:10 PM,SEA,Randy Arozarena,2,,,8,35.0,107.2,384.0,FF,Steven Okert,HOU @ SEA,778383,668227,595345
2025-04-17,12:40 PM,SEA,Randy Arozarena,3,,,9,22.0,108.2,376.0,FC,Emilio Pagán,CIN @ SEA,778285,668227,641941
2025-04-30,4:10 PM,SEA,Randy Arozarena,4,,,2,30.0,106.9,400.0,FF,Tyler Anderson,LAA @ SEA,778104,668227,542881
2025-05-18,4:10 PM,SEA,Randy Arozarena,5,,,4,21.0,107.1,389.0,ST,Michael King,SD @ SEA,777868,668227,650633
2025-05-30,10:10 PM,SEA,Randy Arozarena,6,,,1,35.0,101.6,377.0,FF,Zebby Matthews,MIN @ SEA,777713,668227,805673
2025-06-10,9:40 PM,SEA,Randy Arozarena,7,,,6,31.0,109.9,435.0,FF,Brandon Pfaadt,AZ @ SEA,777559,668227,694297
2025-06-30,9:40 PM,SEA,Randy Arozarena,8,,,4,29.0,103.7,395.0,FC,Michael Wacha,KC @ SEA,777297,668227,608379
2025-06-30,9:40 PM,SEA,Randy Arozarena,9,,,5,25.0,106.0,401.0,FF,Michael Wacha,KC @ SEA,777297,668227,608379
2025-07-01,9:40 PM,SEA,Randy Arozarena,10,,,2,23.0,104.8,396.0,SI,Michael Lorenzen,KC @ SEA,777281,668227,547179
2025-07-02,9:40 PM,SEA,Randy Arozarena,11,,,6,26.0,106.5,418.0,ST,John Schreiber,KC @ SEA,777262,668227,670167
2025-07-04,4:10 PM,SEA,Randy Arozarena,12,,,4,29.0,100.3,344.0,CU,Bailey Falter,PIT @ SEA,777236,668227,663559
2025-07-06,4:10 PM,SEA,Randy Arozarena,13,,,6,22.0,110.2,399.0,FF,Carmen Mlodzinski,PIT @ SEA,777205,668227,669387
2025-07-09,7:05 PM,SEA,Randy Arozarena,14,,,6,31.0,98.8,349.0,SI,Jonathan Loáisiga,NYY @ SEA,777184,668227,642528
2025-07-12,1:10 PM,SEA,Randy Arozarena,15,,,8,24.0,108.1,431.0,ST,Chase Lee,DET @ SEA,777145,668227,695445
2025-07-13,1:40 PM,SEA,Randy Arozarena,16,,,4,29.0,102.9,405.0,KC,Jack Flaherty,DET @ SEA,777121,668227,656427
2025-07-18,,SEA,Randy Arozarena,17,,,4,24.0,110.5,445.0,FF,Brandon Walter,HOU @ SEA,777099,668227,687888
2025-07-24,9:38 PM,SEA,Randy Arozarena,18,,,5,18.0,110.4,376.0,SL,Yusei Kikuchi,LAA @ SEA,777018,668227,579328
2025-07-26,9:38 PM,SEA,Randy Arozarena,19,,,4,29.0,102.7,411.0,FF,Tyler Anderson,LAA @ SEA,776995,668227,542881
2025-07-30,10:05 PM,SEA,Randy Arozarena,20,,,9,28.0,100.5,392.0,ST,Jack Perkins,ATH @ SEA,776930,668227,678022
2025-08-02,4:10 PM,SEA,Randy Arozarena,21,,,10,28.0,111.8,424.0,FF,Robert Garcia,TEX @ SEA,776897,668227,676395
2025-08-07,4:10 PM,SEA,Randy Arozarena,22,,,3,19.0,107.9,380.0,CU,Shane Smith,CWS @ SEA,776830,668227,681343
2025-08-23,9:40 PM,SEA,Randy Arozarena,23,,,6,21.0,110.2,392.0,FF,Jeffrey Springs,ATH @ SEA,776620,668227,605488
2025-08-26,9:40 PM,SEA,Randy Arozarena,24,,,5,33.0,104.2,410.0,SI,Dylan Cease,SD @ SEA,776577,668227,656302
2025-08-31,1:40 PM,SEA,Randy Arozarena,25,,,5,30.0,103.3,421.0,FC,Tanner Bibee,CLE @ SEA,776521,668227,676440
2025-09-09,9:40 PM,SEA,Randy Arozarena,26,,,3,34.0,105.7,405.0,FF,Matthew Liberatore,STL @ SEA,776391,668227,669461
2025-10-15,8:08 PM,SEA,Randy Arozarena,27,,,8,24.0,106.2,396.0,SL,Yariel Rodríguez,TOR @ SEA,813043,668227,684320
2025-07-02,1:05 PM,DET,Jake Rogers,1,,,1,30.0,101.4,387.0,FF,Trevor Williams,WSH @ DET,777284,668670,592866
2025-07-22,6:40 PM,DET,Jake Rogers,2,,,5,33.0,101.2,407.0,SL,Mitch Keller,PIT @ DET,777044,668670,656605
2025-07-30,1:10 PM,DET,Jake Rogers,3,,,6,29.0,96.5,355.0,ST,Kyle Backhus,AZ @ DET,776940,668670,679775
2025-04-08,10:05 PM,ATH,JJ Bleday,1,,,7,34.0,94.8,357.0,FF,Yuki Matsui,SD @ ATH,778395,668709,673513
2025-04-17,2:10 PM,ATH,JJ Bleday,2,,,6,27.0,104.2,372.0,SL,Davis Martin,CWS @ ATH,778283,668709,663436
2025-05-02,7:10 PM,ATH,JJ Bleday,3,,,3,33.0,94.3,347.0,CU,Valente Bellozo,MIA @ ATH,778091,668709,678368
2025-05-03,4:10 PM,ATH,JJ Bleday,4,,,2,31.0,98.2,373.0,SL,Max Meyer,MIA @ ATH,778075,668709,676974
2025-05-11,4:05 PM,ATH,JJ Bleday,5,,,5,35.0,104.4,377.0,SI,Ryan Yarbrough,NYY @ ATH,777957,668709,642232
2025-05-13,10:10 PM,ATH,JJ Bleday,6,,,9,26.0,104.1,402.0,EP,Miguel Rojas,LAD @ ATH,777937,668709,500743
2025-06-09,9:38 PM,ATH,JJ Bleday,7,,,8,27.0,104.4,403.0,FF,Connor Brogdon,LAA @ ATH,777576,668709,641401
2025-06-16,10:05 PM,ATH,JJ Bleday,8,,,5,34.0,100.5,408.0,FF,Ryan Gusto,HOU @ ATH,777485,668709,687473
2025-08-03,4:05 PM,ATH,JJ Bleday,9,,,9,29.0,104.6,394.0,SL,Kyle Nelson,AZ @ ATH,776881,668709,669459
2025-08-05,6:45 PM,ATH,JJ Bleday,10,,,4,22.0,107.4,418.0,FF,Clayton Beeter,WSH @ ATH,776865,668709,690925
2025-09-01,2:15 PM,ATH,JJ Bleday,11,,,4,29.0,98.0,381.0,CU,Sonny Gray,STL @ ATH,776497,668709,543243
2025-09-01,2:15 PM,ATH,JJ Bleday,12,,,6,31.0,109.0,428.0,FF,Sonny Gray,STL @ ATH,776497,668709,543243
2025-09-05,9:38 PM,ATH,JJ Bleday,13,,,3,34.0,99.5,353.0,SI,José Soriano,LAA @ ATH,776444,668709,667755
2025-09-06,9:38 PM,ATH,JJ Bleday,14,,,9,26.0,106.3,385.0,SL,Scott Kingery,LAA @ ATH,776430,668709,664068
2025-04-06,2:10 PM,CIN,Spencer Steer,1,,,5,26.0,103.7,379.0,FC,Chad Patrick,MIL @ CIN,778421,668715,694477
2025-04-25,8:40 PM,CIN,Spencer Steer,2,,,3,25.0,104.7,383.0,FC,Kyle Freeland,COL @ CIN,778181,668715,607536
2025-05-01,12:40 PM,CIN,Spencer Steer,3,,,6,34.0,102.1,384.0,CU,Riley O'Brien,STL @ CIN,778107,668715,676617
2025-05-14,7:14 PM,CIN,Spencer Steer,4,,,7,30.0,103.4,392.0,SI,Davis Martin,CWS @ CIN,777928,668715,663436
2025-06-14,1:10 PM,CIN,Spencer Steer,5,,,5,31.0,98.7,371.0,SL,Jack Flaherty,DET @ CIN,777517,668715,656427
2025-06-18,7:10 PM,CIN,Spencer Steer,6,,,1,27.0,101.2,371.0,FF,Bailey Ober,MIN @ CIN,777474,668715,641927
2025-06-27,7:10 PM,CIN,Spencer Steer,7,,,2,33.0,98.4,382.0,FF,Dylan Cease,SD @ CIN,777346,668715,656302
2025-06-27,7:10 PM,CIN,Spencer Steer,8,,,4,25.0,104.9,403.0,SL,Dylan Cease,SD @ CIN,777346,668715,656302
2025-06-27,7:10 PM,CIN,Spencer Steer,9,,,5,25.0,101.7,364.0,FS,Yuki Matsui,SD @ CIN,777346,668715,673513
2025-07-01,,CIN,Spencer Steer,10,,,4,44.0,101.6,350.0,FC,Brayan Bello,BOS @ CIN,777294,668715,678394
2025-07-10,5:10 PM,CIN,Spencer Steer,11,,,2,27.0,103.1,395.0,FF,Cal Quantrill,MIA @ CIN,777168,668715,615698
2025-07-31,7:10 PM,CIN,Spencer Steer,12,,,8,22.0,104.0,376.0,SL,Dylan Lee,ATL @ CIN,776928,668715,669276
2025-08-05,8:05 PM,CIN,Spencer Steer,13,,,7,32.0,98.4,377.0,SL,Andrew Kittredge,CHC @ CIN,776860,668715,552640
2025-08-10,1:35 PM,CIN,Spencer Steer,14,,,8,30.0,105.6,439.0,SL,Dauri Moreta,PIT @ CIN,776801,668715,664294
2025-08-16,6:40 PM,CIN,Spencer Steer,15,,,6,29.0,94.7,365.0,SI,Quinn Priester,MIL @ CIN,776721,668715,682990
2025-08-24,4:10 PM,CIN,Spencer Steer,16,,,8,26.0,103.4,397.0,ST,Juan Burgos,AZ @ CIN,776609,668715,686228
2025-08-29,6:40 PM,CIN,Spencer Steer,17,,,6,31.0,102.1,407.0,CH,Matthew Liberatore,STL @ CIN,776551,668715,669461
2025-09-17,1:15 PM,CIN,Spencer Steer,18,,,4,25.0,106.1,411.0,FF,Andre Pallante,STL @ CIN,776283,668715,669467
2025-09-19,6:40 PM,CIN,Spencer Steer,19,,,4,25.0,101.1,402.0,FF,Shota Imanaga,CHC @ CIN,776267,668715,684007
2025-09-19,6:40 PM,CIN,Spencer Steer,20,,,6,31.0,98.6,389.0,SL,Porter Hodge,CHC @ CIN,776267,668715,687863
2025-09-20,6:40 PM,CIN,Spencer Steer,21,,,5,25.0,105.3,414.0,FF,Drew Pomeranz,CHC @ CIN,776254,668715,519141
2025-06-13,10:10 PM,SF,Andrew Knizner,1,,,8,26.0,106.5,397.0,FF,Justin Wrobleski,LAD @ SF,777522,668800,680736
2025-04-04,4:12 PM,PIT,Bryan Reynolds,1,,,3,35.0,109.5,410.0,CU,Max Fried,NYY @ PIT,778461,668804,608331
2025-04-08,6:40 PM,PIT,Bryan Reynolds,2,,,4,26.0,106.4,391.0,SI,Sonny Gray,STL @ PIT,778408,668804,543243
2025-04-18,6:40 PM,PIT,Bryan Reynolds,3,,,7,30.0,104.0,372.0,FF,Tim Herrin,CLE @ PIT,778271,668804,682120
2025-05-01,12:35 PM,PIT,Bryan Reynolds,4,,,1,34.0,102.4,388.0,SI,Colin Rea,CHC @ PIT,778100,668804,607067
2025-05-05,7:45 PM,PIT,Bryan Reynolds,5,,,1,29.0,107.8,388.0,SL,Miles Mikolas,STL @ PIT,778036,668804,571945
2025-05-17,6:05 PM,PIT,Bryan Reynolds,6,,,9,26.0,106.6,408.0,SL,Tanner Banks,PHI @ PIT,777894,668804,621383
2025-05-27,9:40 PM,PIT,Bryan Reynolds,7,,,8,25.0,108.7,405.0,FF,Jalen Beeks,AZ @ PIT,777744,668804,656222
2025-06-06,6:40 PM,PIT,Bryan Reynolds,8,,,3,24.0,112.3,399.0,ST,Tanner Banks,PHI @ PIT,777621,668804,621383
2025-06-27,6:40 PM,PIT,Bryan Reynolds,9,,,6,32.0,106.3,402.0,ST,Blade Tidwell,NYM @ PIT,777341,668804,694918
2025-06-29,1:35 PM,PIT,Bryan Reynolds,10,,,5,20.0,109.6,421.0,ST,Richard Lovelady,NYM @ PIT,777313,668804,663992
2025-08-07,6:40 PM,PIT,Bryan Reynolds,11,,,1,24.0,106.5,391.0,SI,Brady Singer,CIN @ PIT,776840,668804,663903
2025-08-13,2:10 PM,PIT,Bryan Reynolds,12,,,5,34.0,101.8,378.0,ST,Shelby Miller,MIL @ PIT,776755,668804,571946
2025-08-13,2:10 PM,PIT,Bryan Reynolds,13,,,6,26.0,101.4,387.0,CU,Nick Mears,MIL @ PIT,776755,668804,683232
2025-08-25,7:45 PM,PIT,Bryan Reynolds,14,,,3,27.0,110.8,432.0,FF,Michael McGreevy,STL @ PIT,776589,668804,700241
2025-09-03,6:40 PM,PIT,Bryan Reynolds,15,,,1,23.0,105.3,404.0,FF,Emmet Sheehan,LAD @ PIT,776479,668804,686218
2025-09-20,6:40 PM,PIT,Bryan Reynolds,16,,,3,34.0,106.7,416.0,ST,Luis Morales,ATH @ PIT,776249,668804,806960
2025-08-06,1:10 PM,MIN,Austin Martin,1,,,6,36.0,103.7,395.0,FF,Tyler Holton,DET @ MIN,776859,668885,663947
2025-04-17,7:10 PM,NYM,Mark Vientos,1,,,2,39.0,100.1,338.0,FF,Andre Pallante,STL @ NYM,778278,668901,669467
2025-04-18,7:10 PM,NYM,Mark Vientos,2,,,6,26.0,102.0,371.0,FF,Kyle Leahy,STL @ NYM,778270,668901,681517
2025-04-28,4:05 PM,NYM,Mark Vientos,3,,,9,27.0,102.8,403.0,EP,Amed Rosario,WSH @ NYM,778138,668901,642708
2025-04-30,7:10 PM,NYM,Mark Vientos,4,,,3,30.0,99.2,371.0,FC,Corbin Burnes,AZ @ NYM,778117,668901,669203
2025-05-11,12:05 PM,NYM,Mark Vientos,5,,,6,31.0,101.4,375.0,FF,Matthew Boyd,CHC @ NYM,777968,668901,571510
2025-05-28,1:10 PM,NYM,Mark Vientos,6,,,3,28.0,103.6,368.0,FF,Shane Smith,CWS @ NYM,777737,668901,681343
2025-07-28,9:40 PM,NYM,Mark Vientos,7,,,5,33.0,104.7,385.0,FF,Dylan Cease,SD @ NYM,776959,668901,656302
2025-08-17,7:10 PM,NYM,Mark Vientos,8,,,5,33.0,103.5,385.0,SI,George Kirby,SEA @ NYM,776707,668901,669923
2025-08-19,6:45 PM,NYM,Mark Vientos,9,,,3,35.0,106.0,419.0,CU,Jake Irvin,WSH @ NYM,776678,668901,663623
2025-08-23,7:15 PM,NYM,Mark Vientos,10,,,7,27.0,107.4,414.0,SL,Dylan Lee,ATL @ NYM,776626,668901,669276
2025-08-23,7:15 PM,NYM,Mark Vientos,11,,,9,33.0,103.7,414.0,FF,Austin Cox,ATL @ NYM,776626,668901,680735
2025-08-24,1:35 PM,NYM,Mark Vientos,12,,,2,23.0,107.7,402.0,SL,Bryce Elder,ATL @ NYM,776624,668901,693821
2025-08-27,7:10 PM,NYM,Mark Vientos,13,,,7,27.0,108.9,427.0,FF,Tanner Banks,PHI @ NYM,776566,668901,621383
2025-08-29,7:10 PM,NYM,Mark Vientos,14,,,8,28.0,106.2,415.0,FA,Javier Sanoja,MIA @ NYM,776548,668901,691594
2025-08-30,4:10 PM,NYM,Mark Vientos,15,,,3,33.0,99.7,370.0,SL,Edward Cabrera,MIA @ NYM,776535,668901,665795
2025-09-05,6:40 PM,NYM,Mark Vientos,16,,,3,25.0,105.3,427.0,FF,Andrew Abbott,CIN @ NYM,776450,668901,671096
2025-09-09,6:45 PM,NYM,Mark Vientos,17,,,7,22.0,109.7,412.0,SL,David Robertson,PHI @ NYM,776404,668901,502085
2025-05-18,2:10 PM,MIN,Royce Lewis,1,,,4,22.0,109.5,417.0,FF,Freddy Peralta,MIL @ MIN,777865,668904,642547
2025-06-13,8:10 PM,MIN,Royce Lewis,2,,,6,23.0,105.0,425.0,CU,Colton Gordon,HOU @ MIN,777527,668904,676467
2025-07-20,3:10 PM,MIN,Royce Lewis,3,,,4,27.0,108.4,451.0,SL,Ryan Rolison,COL @ MIN,777072,668904,669020
2025-07-20,3:10 PM,MIN,Royce Lewis,4,,,8,24.0,102.0,411.0,SL,Jimmy Herget,COL @ MIN,777072,668904,623474
2025-07-23,4:10 PM,MIN,Royce Lewis,5,,,3,38.0,101.9,386.0,FF,Tyler Glasnow,LAD @ MIN,777022,668904,607192
2025-08-17,2:10 PM,MIN,Royce Lewis,6,,,2,18.0,110.4,376.0,SI,Chris Paddack,DET @ MIN,776700,668904,663978
2025-08-22,7:40 PM,MIN,Royce Lewis,7,,,4,27.0,98.8,386.0,FC,Aaron Civale,CWS @ MIN,776639,668904,650644
2025-08-23,7:10 PM,MIN,Royce Lewis,8,,,7,29.0,99.1,387.0,FF,Tyler Alexander,CWS @ MIN,776619,668904,641302
2025-08-29,8:10 PM,MIN,Royce Lewis,9,,,5,25.0,105.3,405.0,SL,David Morgan,SD @ MIN,776541,668904,688158
2025-09-01,2:10 PM,MIN,Royce Lewis,10,,,6,22.0,108.7,397.0,SL,Brandon Eisert,CWS @ MIN,776502,668904,685126
2025-09-08,9:38 PM,MIN,Royce Lewis,11,,,2,30.0,102.8,397.0,SL,Caden Dana,LAA @ MIN,776411,668904,702674
2025-09-08,9:38 PM,MIN,Royce Lewis,12,,,5,26.0,102.3,383.0,FF,Caden Dana,LAA @ MIN,776411,668904,702674
2025-09-21,2:10 PM,MIN,Royce Lewis,13,,,7,28.0,101.1,402.0,SL,Hunter Gaddis,CLE @ MIN,776225,668904,683769
2025-03-29,1:05 PM,MIL,Brice Turang,1,,,9,20.0,109.8,412.0,FF,Carlos Carrasco,NYY @ MIL,778538,668930,471911
2025-04-04,8:10 PM,MIL,Brice Turang,2,,,5,31.0,106.4,418.0,FC,Nick Martinez,CIN @ MIL,778453,668930,607259
2025-04-08,8:40 PM,MIL,Brice Turang,3,,,7,32.0,104.9,444.0,ST,Kyle Freeland,COL @ MIL,778394,668930,607536
2025-05-20,7:40 PM,MIL,Brice Turang,4,,,3,25.0,107.0,409.0,FF,Chayce McDermott,BAL @ MIL,777844,668930,694646
2025-06-22,2:10 PM,MIL,Brice Turang,5,,,5,30.0,100.7,412.0,CH,David Festa,MIN @ MIL,777401,668930,701581
2025-07-13,2:10 PM,MIL,Brice Turang,6,,,8,26.0,102.1,406.0,FC,Jackson Rutledge,WSH @ MIL,777123,668930,671131
2025-08-03,1:35 PM,MIL,Brice Turang,7,,,2,27.0,104.9,399.0,CH,Brad Lord,WSH @ MIL,776894,668930,695418
2025-08-03,1:35 PM,MIL,Brice Turang,8,,,7,28.0,100.6,396.0,FF,Ryan Loutos,WSH @ MIL,776894,668930,702795
2025-08-08,8:10 PM,MIL,Brice Turang,9,,,5,33.0,105.4,424.0,FC,Kodai Senga,NYM @ MIL,776828,668930,673540
2025-08-09,7:10 PM,MIL,Brice Turang,10,,,4,22.0,104.5,410.0,ST,Frankie Montas,NYM @ MIL,776817,668930,593423
2025-08-11,7:40 PM,MIL,Brice Turang,11,,,1,30.0,105.3,406.0,SI,Andrew Heaney,PIT @ MIL,776786,668930,571760
2025-08-12,7:40 PM,MIL,Brice Turang,12,,,4,25.0,107.8,437.0,FF,Paul Skenes,PIT @ MIL,776771,668930,694973
2025-08-18,2:20 PM,MIL,Brice Turang,13,,,3,28.0,102.9,376.0,FF,Cade Horton,CHC @ MIL,777459,668930,690990
2025-08-21,2:20 PM,MIL,Brice Turang,14,,,2,23.0,108.2,381.0,FF,Shota Imanaga,CHC @ MIL,776651,668930,684007
2025-08-26,7:40 PM,MIL,Brice Turang,15,,,6,28.0,101.7,403.0,FC,John Curtiss,AZ @ MIL,776586,668930,595928
2025-08-31,1:37 PM,MIL,Brice Turang,16,,,3,38.0,97.9,355.0,FF,Max Scherzer,TOR @ MIL,776515,668930,453286
2025-09-01,4:10 PM,MIL,Brice Turang,17,,,1,30.0,107.0,433.0,FC,Taijuan Walker,PHI @ MIL,776500,668930,592836
2025-09-10,2:35 PM,MIL,Brice Turang,18,,,1,29.0,110.4,435.0,FC,Merrill Kelly,TEX @ MIL,776375,668930,518876
2025-10-11,8:08 PM,MIL,Brice Turang,19,,,7,29.0,107.4,416.0,SL,Andrew Kittredge,CHC @ MIL,813046,668930,552640
2025-04-12,4:05 PM,BAL,Adley Rutschman,1,,,6,28.0,108.8,426.0,FF,Bowden Francis,TOR @ BAL,778362,668939,670102
2025-04-20,1:35 PM,BAL,Adley Rutschman,2,,,8,35.0,105.4,404.0,SI,Player 691094,CIN @ BAL,778250,668939,691094
2025-05-21,1:10 PM,BAL,Adley Rutschman,3,,,11,21.0,110.1,384.0,FC,Tyler Alexander,MIL @ BAL,777826,668939,641302
2025-06-04,9:40 PM,BAL,Adley Rutschman,4,,,6,29.0,108.3,415.0,FF,Emerson Hancock,SEA @ BAL,777645,668939,676106
2025-06-05,3:40 PM,BAL,Adley Rutschman,5,,,6,25.0,103.5,337.0,SL,Bryan Woo,SEA @ BAL,777628,668939,693433
2025-06-16,7:35 PM,BAL,Adley Rutschman,6,,,4,49.0,100.7,357.0,FF,Ryan Pepiot,TB @ BAL,777484,668939,686752
2025-08-08,7:05 PM,BAL,Adley Rutschman,7,,,1,31.0,100.1,377.0,SL,J.T. Ginn,ATH @ BAL,776831,668939,669372
2025-07-08,7:40 PM,CWS,Josh Rojas,1,,,6,28.0,98.4,373.0,FF,Chris Bassitt,TOR @ CWS,777188,668942,605135
2025-08-01,9:38 PM,CWS,Josh Rojas,2,,,9,33.0,100.8,399.0,FF,Connor Brogdon,LAA @ CWS,776916,668942,641401
2025-04-15,7:05 PM,KC,MJ Melendez,1,,,3,25.0,107.2,429.0,FF,Max Fried,NYY @ KC,778312,669004,608331
2025-03-29,4:05 PM,PHI,Brandon Marsh,1,,,7,28.0,102.3,395.0,CH,Orlando Ribalta,WSH @ PHI,778535,669016,687377
2025-05-31,4:05 PM,PHI,Brandon Marsh,2,,,9,31.0,102.2,404.0,SI,Tyler Alexander,MIL @ PHI,777702,669016,641302
2025-07-02,6:15 PM,PHI,Brandon Marsh,3,,,5,30.0,105.0,418.0,KC,Dylan Cease,SD @ PHI,777290,669016,656302
2025-07-29,7:40 PM,PHI,Brandon Marsh,4,,,3,25.0,104.9,396.0,CH,Jonathan Cannon,CWS @ PHI,776952,669016,686563
2025-07-30,2:10 PM,PHI,Brandon Marsh,5,,,9,32.0,101.3,371.0,ST,Steven Wilson,CWS @ PHI,776939,669016,621051
2025-08-05,6:45 PM,PHI,Brandon Marsh,6,,,8,26.0,103.5,397.0,FF,Yaramil Hiraldo,BAL @ PHI,776868,669016,682274
2025-08-08,8:05 PM,PHI,Brandon Marsh,7,,,4,23.0,109.3,363.0,CH,Merrill Kelly,TEX @ PHI,776821,669016,518876
2025-08-31,7:10 PM,PHI,Brandon Marsh,8,,,4,37.0,98.5,372.0,FC,Hurston Waldrep,ATL @ PHI,776522,669016,694462
2025-09-05,7:10 PM,PHI,Brandon Marsh,9,,,4,27.0,106.4,420.0,FF,Lake Bachar,MIA @ PHI,776456,669016,669199
2025-09-13,6:05 PM,PHI,Brandon Marsh,10,,,7,26.0,104.9,412.0,SI,Taylor Clarke,KC @ PHI,776342,669016,664199
2025-09-16,10:10 PM,PHI,Brandon Marsh,11,,,6,30.0,99.7,394.0,SL,Justin Wrobleski,LAD @ PHI,776297,669016,680736
2025-04-01,6:40 PM,MIA,Kyle Stowers,1,,,1,29.0,104.5,421.0,FF,Kodai Senga,NYM @ MIA,778497,669065,673540
2025-04-21,6:40 PM,MIA,Kyle Stowers,2,,,7,30.0,98.3,363.0,FF,Alexis Díaz,CIN @ MIA,778230,669065,664747
2025-04-30,3:10 PM,MIA,Kyle Stowers,3,,,4,26.0,108.1,423.0,CU,Tony Gonsolin,LAD @ MIA,778109,669065,664062
2025-04-30,3:10 PM,MIA,Kyle Stowers,4,,,9,21.0,108.9,407.0,FF,Yoendrys Gómez,LAD @ MIA,778109,669065,672782
2025-05-03,4:10 PM,MIA,Kyle Stowers,5,,,3,28.0,106.5,422.0,FF,Osvaldo Bido,ATH @ MIA,778075,669065,674370
2025-05-03,4:10 PM,MIA,Kyle Stowers,6,,,9,23.0,107.2,396.0,FF,Mason Miller,ATH @ MIA,778075,669065,695243
2025-05-10,7:10 PM,MIA,Kyle Stowers,7,,,7,24.0,109.0,399.0,CH,Steven Wilson,CWS @ MIA,777978,669065,621051
2025-05-13,7:40 PM,MIA,Kyle Stowers,8,,,2,31.0,109.0,410.0,FF,Ben Brown,CHC @ MIA,777936,669065,676962
2025-05-14,7:40 PM,MIA,Kyle Stowers,9,,,2,37.0,107.0,377.0,FC,Jameson Taillon,CHC @ MIA,777921,669065,592791
2025-05-14,7:40 PM,MIA,Kyle Stowers,10,,,4,34.0,98.9,375.0,FF,Jameson Taillon,CHC @ MIA,777921,669065,592791
2025-06-22,1:40 PM,MIA,Kyle Stowers,11,,,2,32.0,108.1,415.0,SI,Bryce Elder,ATL @ MIA,777402,669065,693821
2025-06-26,3:45 PM,MIA,Kyle Stowers,12,,,1,30.0,110.4,440.0,SL,Hayden Birdsong,SF @ MIA,777347,669065,806185
2025-06-27,9:40 PM,MIA,Kyle Stowers,13,,,6,28.0,106.8,401.0,FF,Merrill Kelly,AZ @ MIA,777332,669065,518876
2025-07-01,6:40 PM,MIA,Kyle Stowers,14,,,2,31.0,99.2,369.0,FS,Joe Ryan,MIN @ MIA,777293,669065,657746
2025-07-02,6:40 PM,MIA,Kyle Stowers,15,,,2,36.0,95.8,357.0,SL,Simeon Woods Richardson,MIN @ MIA,777275,669065,680573
2025-07-05,4:10 PM,MIA,Kyle Stowers,16,,,2,28.0,112.4,406.0,FC,Chad Patrick,MIL @ MIA,777238,669065,694477
2025-07-13,1:35 PM,MIA,Kyle Stowers,17,,,2,25.0,105.6,403.0,FS,Brandon Young,BAL @ MIA,777129,669065,687064
2025-07-13,1:35 PM,MIA,Kyle Stowers,18,,,3,27.0,106.1,398.0,CU,Brandon Young,BAL @ MIA,777129,669065,687064
2025-07-13,1:35 PM,MIA,Kyle Stowers,19,,,5,37.0,101.1,364.0,FF,Brandon Young,BAL @ MIA,777129,669065,687064
2025-07-18,,MIA,Kyle Stowers,20,,,1,28.0,103.9,406.0,CH,Seth Lugo,KC @ MIA,777109,669065,607625
2025-07-18,,MIA,Kyle Stowers,21,,,10,33.0,103.2,394.0,FF,Carlos Estévez,KC @ MIA,777109,669065,608032
2025-07-21,6:40 PM,MIA,Kyle Stowers,22,,,4,31.0,103.2,400.0,CH,Randy Vásquez,SD @ MIA,777062,669065,681190
2025-07-25,4:10 PM,MIA,Kyle Stowers,23,,,3,30.0,103.1,392.0,CH,Freddy Peralta,MIL @ MIA,777008,669065,642547
2025-08-01,7:10 PM,MIA,Kyle Stowers,24,,,7,33.0,100.6,362.0,SI,Jake Bird,NYY @ MIA,776925,669065,656234
2025-08-03,1:40 PM,MIA,Kyle Stowers,25,,,4,37.0,98.1,377.0,FF,Brent Headrick,NYY @ MIA,776891,669065,687396
2025-04-20,4:07 PM,SF,Sam Huff,1,,,6,27.0,102.1,397.0,CH,Brock Burke,LAA @ SF,778232,669087,656271
2025-05-25,1:35 PM,SF,Sam Huff,2,,,3,27.0,101.2,379.0,FF,Michael Soroka,WSH @ SF,777778,669087,647336
2025-03-29,9:40 PM,ATH,Shea Langeliers,1,,,4,31.0,93.7,357.0,FF,Bryce Miller,SEA @ ATH,778521,669127,682243
2025-04-01,10:05 PM,ATH,Shea Langeliers,2,,,3,35.0,102.2,396.0,SL,Justin Steele,CHC @ ATH,778494,669127,657006
2025-04-05,8:10 PM,ATH,Shea Langeliers,3,,,7,26.0,107.0,429.0,SI,Scott Alexander,COL @ ATH,778442,669127,518397
2025-04-15,7:40 PM,ATH,Shea Langeliers,4,,,3,25.0,107.9,409.0,SL,Sean Burke,CWS @ ATH,778309,669127,680732
2025-04-19,7:10 PM,ATH,Shea Langeliers,5,,,9,26.0,106.6,423.0,SI,Joel Payamps,MIL @ ATH,778253,669127,606303
2025-04-29,8:05 PM,ATH,Shea Langeliers,6,,,7,27.0,101.3,390.0,SI,Dane Dunning,TEX @ ATH,778122,669127,641540
2025-05-05,10:05 PM,ATH,Shea Langeliers,7,,,4,30.0,109.8,372.0,FF,Bryce Miller,SEA @ ATH,778038,669127,682243
2025-05-10,4:05 PM,ATH,Shea Langeliers,8,,,7,39.0,103.5,418.0,FS,Fernando Cruz,NYY @ ATH,777972,669127,518585
2025-05-20,10:05 PM,ATH,Shea Langeliers,9,,,4,32.0,103.2,410.0,CU,Kyle Hendricks,LAA @ ATH,777843,669127,543294
2025-05-30,7:07 PM,ATH,Shea Langeliers,10,,,4,23.0,111.3,417.0,SI,Chris Bassitt,TOR @ ATH,777716,669127,605135
2025-06-30,7:35 PM,ATH,Shea Langeliers,11,,,1,20.0,111.1,408.0,SI,Drew Rasmussen,TB @ ATH,777296,669127,656876
2025-07-01,7:05 PM,ATH,Shea Langeliers,12,,,6,40.0,105.1,390.0,FC,Shane Baz,TB @ ATH,777286,669127,669358
2025-07-18,,ATH,Shea Langeliers,13,,,7,17.0,110.4,408.0,SL,Slade Cecconi,CLE @ ATH,777105,669127,677944
2025-07-19,7:10 PM,ATH,Shea Langeliers,14,,,8,31.0,95.8,347.0,FF,Nic Enright,CLE @ ATH,777104,669127,663671
2025-07-25,8:10 PM,ATH,Shea Langeliers,15,,,4,28.0,101.5,389.0,SL,Nick Hernandez,HOU @ ATH,777007,669127,663321
2025-07-26,7:10 PM,ATH,Shea Langeliers,16,,,6,19.0,109.3,369.0,FF,Bennett Sousa,HOU @ ATH,776991,669127,656986
2025-07-27,2:10 PM,ATH,Shea Langeliers,17,,,1,36.0,109.3,378.0,FF,Colton Gordon,HOU @ ATH,776976,669127,676467
2025-07-29,10:05 PM,ATH,Shea Langeliers,18,,,5,23.0,100.3,392.0,ST,Logan Evans,SEA @ ATH,776944,669127,688138
2025-08-01,10:05 PM,ATH,Shea Langeliers,19,,,1,41.0,100.4,376.0,SL,Anthony DeSclafani,AZ @ ATH,776914,669127,543101
2025-08-05,6:45 PM,ATH,Shea Langeliers,20,,,1,34.0,104.8,402.0,FF,MacKenzie Gore,WSH @ ATH,776865,669127,669022
2025-08-05,6:45 PM,ATH,Shea Langeliers,21,,,5,30.0,102.7,387.0,SL,Orlando Ribalta,WSH @ ATH,776865,669127,687377
2025-08-05,6:45 PM,ATH,Shea Langeliers,22,,,7,27.0,107.7,419.0,FF,Andry Lara,WSH @ ATH,776865,669127,691251
2025-08-09,7:05 PM,ATH,Shea Langeliers,23,,,1,22.0,109.3,401.0,FC,Brandon Young,BAL @ ATH,776811,669127,687064
2025-08-11,10:05 PM,ATH,Shea Langeliers,24,,,5,36.0,109.4,425.0,FF,Ryan Pepiot,TB @ ATH,776787,669127,686752
2025-08-15,10:05 PM,ATH,Shea Langeliers,25,,,1,26.0,107.1,405.0,FF,Yusei Kikuchi,LAA @ ATH,776734,669127,579328
2025-08-17,4:05 PM,ATH,Shea Langeliers,26,,,3,25.0,106.5,427.0,SI,José Soriano,LAA @ ATH,776699,669127,667755
2025-08-19,7:40 PM,ATH,Shea Langeliers,27,,,3,22.0,109.9,402.0,SI,Joe Ryan,MIN @ ATH,776674,669127,657746
2025-08-20,7:40 PM,ATH,Shea Langeliers,28,,,10,27.0,103.5,401.0,FF,Génesis Cabrera,MIN @ ATH,776665,669127,650893
2025-08-25,10:05 PM,ATH,Shea Langeliers,29,,,7,27.0,110.5,450.0,SI,Tarik Skubal,DET @ ATH,776590,669127,669373
2025-09-10,3:35 PM,ATH,Shea Langeliers,30,,,1,30.0,97.4,373.0,FC,Payton Tolle,BOS @ ATH,776379,669127,801139
2025-09-24,10:05 PM,ATH,Shea Langeliers,31,,,7,24.0,108.0,398.0,FF,Bryan King,HOU @ ATH,776195,669127,687911
2025-04-07,9:40 PM,SEA,Ryan Bliss,1,,,5,23.0,100.4,387.0,FF,Hayden Wesneski,HOU @ SEA,778405,669208,669713
2025-04-08,7:15 PM,ATL,Sean Murphy,1,,,2,30.0,100.7,401.0,ST,Zack Wheeler,PHI @ ATL,778406,669221,554430
2025-04-12,4:10 PM,ATL,Sean Murphy,2,,,7,20.0,108.9,403.0,SI,Manuel Rodríguez,TB @ ATL,778353,669221,655889
2025-04-12,4:10 PM,ATL,Sean Murphy,3,,,8,25.0,103.9,403.0,SL,Hunter Bigge,TB @ ATL,778353,669221,685801
2025-04-14,7:07 PM,ATL,Sean Murphy,4,,,1,29.0,105.6,429.0,CH,Easton Lucas,TOR @ ATL,778322,669221,687922
2025-04-21,7:15 PM,ATL,Sean Murphy,5,,,8,22.0,112.5,388.0,CH,JoJo Romero,STL @ ATL,778233,669221,668941
2025-04-22,7:15 PM,ATL,Sean Murphy,6,,,4,26.0,99.5,374.0,SL,Andre Pallante,STL @ ATL,778229,669221,669467
2025-04-26,8:10 PM,ATL,Sean Murphy,7,,,2,35.0,98.3,388.0,FF,Merrill Kelly,AZ @ ATL,778162,669221,518876
2025-05-16,7:10 PM,ATL,Sean Murphy,8,,,2,41.0,106.9,384.0,FF,Garrett Crochet,BOS @ ATL,777908,669221,676979
2025-05-29,1:05 PM,ATL,Sean Murphy,9,,,8,26.0,106.6,412.0,FF,Matt Strahm,PHI @ ATL,777735,669221,621381
2025-06-28,7:15 PM,ATL,Sean Murphy,10,,,7,26.0,114.4,455.0,SL,Jordan Romano,PHI @ ATL,777333,669221,605447
2025-06-29,1:35 PM,ATL,Sean Murphy,11,,,2,29.0,107.5,451.0,SI,Ranger Suárez,PHI @ ATL,777316,669221,624133
2025-07-02,7:15 PM,ATL,Sean Murphy,12,,,6,25.0,103.5,406.0,FC,Ryan Zeferjahn,LAA @ ATL,777279,669221,666171
2025-07-06,11:35 AM,ATL,Sean Murphy,13,,,9,29.0,103.6,411.0,ST,Seranthony Domínguez,BAL @ ATL,777222,669221,622554
2025-07-11,8:15 PM,ATL,Sean Murphy,14,,,1,30.0,107.3,437.0,SL,Matthew Liberatore,STL @ ATL,777147,669221,669461
2025-07-11,8:15 PM,ATL,Sean Murphy,15,,,3,29.0,108.9,440.0,FF,Matthew Liberatore,STL @ ATL,777147,669221,669461
2025-07-12,2:15 PM,ATL,Sean Murphy,16,,,8,40.0,102.1,372.0,FC,Phil Maton,STL @ ATL,777133,669221,664208
2025-03-29,1:05 PM,NYY,Austin Wells,1,,,1,38.0,102.3,372.0,FF,Nestor Cortes,MIL @ NYY,778538,669224,641482
2025-04-14,7:05 PM,NYY,Austin Wells,2,,,5,22.0,107.7,361.0,FF,Seth Lugo,KC @ NYY,778327,669224,607625
2025-04-20,1:40 PM,NYY,Austin Wells,3,,,9,28.0,97.8,344.0,SI,Garrett Cleavinger,TB @ NYY,778240,669224,664076
2025-04-29,6:35 PM,NYY,Austin Wells,4,,,9,23.0,103.6,386.0,FF,Bryan Baker,BAL @ NYY,778133,669224,641329
2025-05-03,1:05 PM,NYY,Austin Wells,5,,,5,29.0,97.5,384.0,SL,Zack Littell,TB @ NYY,778074,669224,641793
2025-05-06,7:05 PM,NYY,Austin Wells,6,,,7,24.0,107.9,375.0,CH,Wandy Peralta,SD @ NYY,778041,669224,593974
2025-05-12,9:40 PM,NYY,Austin Wells,7,,,5,28.0,105.7,409.0,CH,Emerson Hancock,SEA @ NYY,777941,669224,676106
2025-05-30,10:10 PM,NYY,Austin Wells,8,,,2,21.0,107.0,382.0,FF,Tony Gonsolin,LAD @ NYY,777708,669224,664062
2025-06-07,7:35 PM,NYY,Austin Wells,9,,,2,26.0,95.7,343.0,FC,Garrett Crochet,BOS @ NYY,777605,669224,676979
2025-06-10,7:40 PM,NYY,Austin Wells,10,,,4,38.0,100.2,381.0,CH,Noah Cameron,KC @ NYY,777572,669224,702070
2025-07-05,4:10 PM,NYY,Austin Wells,11,,,3,26.0,102.8,372.0,FF,Frankie Montas,NYM @ NYY,777241,669224,593423
2025-07-06,1:40 PM,NYY,Austin Wells,12,,,3,35.0,103.1,396.0,SI,Zach Pop,NYM @ NYY,777216,669224,647315
2025-07-08,7:05 PM,NYY,Austin Wells,13,,,6,30.0,107.2,414.0,ST,Casey Legumina,SEA @ NYY,777187,669224,668984
2025-07-25,7:05 PM,NYY,Austin Wells,14,,,2,42.0,104.4,372.0,FC,Taijuan Walker,PHI @ NYY,777015,669224,592836
2025-08-20,7:35 PM,NYY,Austin Wells,15,,,5,28.0,104.7,409.0,CU,Drew Rasmussen,TB @ NYY,776664,669224,656876
2025-08-20,7:35 PM,NYY,Austin Wells,16,,,10,30.0,107.3,423.0,SL,Pete Fairbanks,TB @ NYY,776664,669224,664126
2025-08-27,1:05 PM,NYY,Austin Wells,17,,,4,36.0,102.3,368.0,SL,Shinnosuke Ogasawara,WSH @ NYY,776570,669224,829272
2025-08-30,7:10 PM,NYY,Austin Wells,18,,,7,24.0,105.8,410.0,FF,Shane Smith,CWS @ NYY,776529,669224,681343
2025-09-03,8:10 PM,NYY,Austin Wells,19,,,4,30.0,93.4,335.0,SI,Jason Alexander,HOU @ NYY,776472,669224,669920
2025-09-10,7:05 PM,NYY,Austin Wells,20,,,8,30.0,107.2,401.0,FF,Troy Melton,DET @ NYY,776383,669224,675512
2025-04-23,1:10 PM,DET,Justyn-Henry Malloy,1,,,5,23.0,111.7,389.0,SL,Kyle Hart,SD @ DET,778209,669234,606996
2025-08-23,7:05 PM,BAL,Jeremiah Jackson,1,,,4,29.0,108.4,439.0,FF,AJ Blubaugh,HOU @ BAL,776629,669236,805123
2025-08-30,7:15 PM,BAL,Jeremiah Jackson,2,,,3,30.0,100.4,390.0,SI,Carson Seymour,SF @ BAL,776516,669236,693313
2025-09-01,6:40 PM,BAL,Jeremiah Jackson,3,,,5,29.0,109.5,426.0,SL,Adrian Morejon,SD @ BAL,776494,669236,670970
2025-09-02,9:40 PM,BAL,Jeremiah Jackson,4,,,1,31.0,97.7,372.0,ST,Yu Darvish,SD @ BAL,776480,669236,506433
2025-09-09,6:35 PM,BAL,Jeremiah Jackson,5,,,6,29.0,105.3,362.0,FF,Braxton Ashcraft,PIT @ BAL,776401,669236,677952
2025-03-29,9:10 PM,LAD,Tommy Edman,1,,,7,26.0,101.4,397.0,ST,Kenta Maeda,DET @ LAD,778533,669242,628317
2025-04-02,8:38 PM,LAD,Tommy Edman,2,,,2,25.0,105.0,415.0,SI,Bryce Elder,ATL @ LAD,778472,669242,693821
2025-04-04,6:45 PM,LAD,Tommy Edman,3,,,9,33.0,102.3,397.0,SL,Jordan Romano,PHI @ LAD,778459,669242,605447
2025-04-11,10:10 PM,LAD,Tommy Edman,4,,,6,26.0,108.4,423.0,CH,Matthew Boyd,CHC @ LAD,778356,669242,571510
2025-04-18,8:05 PM,LAD,Tommy Edman,5,,,1,29.0,104.3,398.0,FF,Jacob deGrom,TEX @ LAD,778263,669242,594798
2025-04-22,7:40 PM,LAD,Tommy Edman,6,,,1,26.0,104.8,417.0,FF,Shota Imanaga,CHC @ LAD,778220,669242,684007
2025-06-01,7:10 PM,LAD,Tommy Edman,7,,,2,36.0,95.9,376.0,CH,Ryan Yarbrough,NYY @ LAD,777682,669242,642232
2025-06-15,7:10 PM,LAD,Tommy Edman,8,,,2,32.0,103.3,400.0,FC,Sean Hjelle,SF @ LAD,777498,669242,663546
2025-07-19,9:10 PM,LAD,Tommy Edman,9,,,8,33.0,99.4,369.0,CH,Jared Koenig,MIL @ LAD,777085,669242,657649
2025-07-29,7:10 PM,LAD,Tommy Edman,10,,,2,36.0,94.1,342.0,FF,Nick Lodolo,CIN @ LAD,776963,669242,666157
2025-09-20,9:10 PM,LAD,Tommy Edman,11,,,5,31.0,98.9,376.0,SI,Joel Peguero,SF @ LAD,776233,669242,666711
2025-09-30,9:08 PM,LAD,Tommy Edman,12,,,3,29.0,103.8,388.0,SL,Hunter Greene,CIN @ LAD,813069,669242,668881
2025-10-08,9:08 PM,LAD,Tommy Edman,13,,,3,25.0,100.6,393.0,FF,Ranger Suárez,PHI @ LAD,813041,669242,624133
2025-03-29,9:10 PM,LAD,Will Smith,1,,,6,27.0,105.4,396.0,CH,Brant Hurter,DET @ LAD,778533,669257,676428
2025-04-15,10:10 PM,LAD,Will Smith,2,,,3,35.0,99.8,370.0,SI,Ryan Feltner,COL @ LAD,778302,669257,663372
2025-04-22,7:40 PM,LAD,Will Smith,3,,,6,24.0,104.9,419.0,FS,Shota Imanaga,CHC @ LAD,778220,669257,684007
2025-05-18,4:10 PM,LAD,Will Smith,4,,,7,19.0,109.5,382.0,SL,Shaun Anderson,LAA @ LAD,777866,669257,641312
2025-05-26,6:10 PM,LAD,Will Smith,5,,,9,30.0,107.0,409.0,FF,Joey Cantillo,CLE @ LAD,777769,669257,676282
2025-06-09,9:40 PM,LAD,Will Smith,6,,,3,34.0,101.6,378.0,FC,Nick Pivetta,SD @ LAD,777579,669257,601713
2025-06-17,10:10 PM,LAD,Will Smith,7,,,6,26.0,101.3,388.0,FF,Jeremiah Estrada,SD @ LAD,777471,669257,669093
2025-06-18,10:10 PM,LAD,Will Smith,8,,,9,29.0,99.7,377.0,CH,Robert Suarez,SD @ LAD,777457,669257,663158
2025-06-21,10:10 PM,LAD,Will Smith,9,,,6,30.0,104.3,402.0,FF,Jake Irvin,WSH @ LAD,777416,669257,663623
2025-06-29,2:10 PM,LAD,Will Smith,10,,,6,26.0,107.0,421.0,FF,Steven Cruz,KC @ LAD,777304,669257,674444
2025-07-02,10:10 PM,LAD,Will Smith,11,,,1,28.0,106.7,407.0,SL,Brandon Eisert,CWS @ LAD,777267,669257,685126
2025-07-04,9:10 PM,LAD,Will Smith,12,,,2,27.0,102.3,395.0,FC,Lance McCullers Jr.,HOU @ LAD,777235,669257,621121
2025-07-21,10:10 PM,LAD,Will Smith,13,,,4,32.0,103.1,395.0,FF,David Festa,MIN @ LAD,777051,669257,701581
2025-07-21,10:10 PM,LAD,Will Smith,14,,,6,26.0,107.5,435.0,SL,David Festa,MIN @ LAD,777051,669257,701581
2025-08-13,9:38 PM,LAD,Will Smith,15,,,1,30.0,107.3,407.0,FF,Kyle Hendricks,LAA @ LAD,776752,669257,543294
2025-08-26,10:10 PM,LAD,Will Smith,16,,,6,23.0,103.3,388.0,FF,Nick Martinez,CIN @ LAD,776574,669257,607259
2025-08-31,4:10 PM,LAD,Will Smith,17,,,9,27.0,109.2,420.0,FF,John Curtiss,AZ @ LAD,776509,669257,595928
2025-10-25,8:00 PM,LAD,Will Smith,18,,,7,29.0,107.5,404.0,FF,Kevin Gausman,TOR @ LAD,813026,669257,592332
2025-11-01,8:00 PM,LAD,Will Smith,19,,,11,39.0,104.6,366.0,SL,Shane Bieber,TOR @ LAD,813024,669257,669456
2025-07-12,2:10 PM,PIT,Jack Suwinski,1,,,5,36.0,108.0,408.0,CU,Travis Adams,MIN @ PIT,777134,669261,701519
2025-08-04,6:40 PM,PIT,Jack Suwinski,2,,,7,30.0,100.4,371.0,FF,Carson Seymour,SF @ PIT,776879,669261,693313
2025-08-15,2:20 PM,PIT,Jack Suwinski,3,,,9,29.0,102.0,376.0,FF,Daniel Palencia,CHC @ PIT,776737,669261,694037
2025-06-15,7:10 PM,SF,Daniel Johnson,1,,,8,26.0,102.1,409.0,FF,Kirby Yates,LAD @ SF,777498,669288,489446
2025-04-05,2:10 PM,MIN,Jose Miranda,1,,,4,30.0,98.6,389.0,CU,Spencer Arrighetti,HOU @ MIN,778440,669304,681293
2025-09-23,9:38 PM,LAA,Bryce Teodosio,1,,,5,37.0,106.7,394.0,FF,Cole Ragans,KC @ LAA,776207,669326,666142
2025-03-30,2:15 PM,STL,Nolan Gorman,1,,,7,31.0,103.6,409.0,SL,Player 677976,MIN @ STL,778517,669357,677976
2025-06-03,7:45 PM,STL,Nolan Gorman,2,,,2,32.0,105.7,403.0,SI,Michael Lorenzen,KC @ STL,777660,669357,547179
2025-06-10,7:45 PM,STL,Nolan Gorman,3,,,4,25.0,111.3,391.0,FC,Chris Bassitt,TOR @ STL,777558,669357,605135
2025-06-14,4:10 PM,STL,Nolan Gorman,4,,,5,30.0,108.0,433.0,SI,Jose Quintana,MIL @ STL,777512,669357,500779
2025-06-23,7:45 PM,STL,Nolan Gorman,5,,,6,25.0,106.2,415.0,FF,Ben Brown,CHC @ STL,777392,669357,676962
2025-06-24,7:45 PM,STL,Nolan Gorman,6,,,4,31.0,106.5,432.0,FF,Jameson Taillon,CHC @ STL,777373,669357,592791
2025-06-29,12:05 PM,STL,Nolan Gorman,7,,,1,25.0,110.5,428.0,ST,Logan Allen,CLE @ STL,777309,669357,671106
2025-07-05,2:20 PM,STL,Nolan Gorman,8,,,4,29.0,106.5,420.0,SL,Chris Flexen,CHC @ STL,777229,669357,623167
2025-07-12,2:15 PM,STL,Nolan Gorman,9,,,2,29.0,104.5,423.0,SI,Aaron Bummer,ATL @ STL,777133,669357,607481
2025-08-05,10:10 PM,STL,Nolan Gorman,10,,,2,26.0,109.1,425.0,FF,Emmet Sheehan,LAD @ STL,776858,669357,686218
2025-08-16,7:15 PM,STL,Nolan Gorman,11,,,6,37.0,100.6,389.0,CU,Max Fried,NYY @ STL,776713,669357,608331
2025-08-18,6:40 PM,STL,Nolan Gorman,12,,,9,37.0,99.0,365.0,ST,Josh Simpson,MIA @ STL,776688,669357,681006
2025-08-26,7:45 PM,STL,Nolan Gorman,13,,,4,30.0,110.7,415.0,FF,Mitch Keller,PIT @ STL,776578,669357,656605
2025-09-03,7:45 PM,STL,Nolan Gorman,14,,,7,38.0,103.5,381.0,SL,Elvis Alvarado,ATH @ STL,776470,669357,665660
2025-07-12,4:05 PM,MIA,Xavier Edwards,1,,,9,30.0,97.8,386.0,FF,Scott Blewett,BAL @ MIA,777141,669364,656240
2025-08-13,6:40 PM,MIA,Xavier Edwards,2,,,1,29.0,104.0,402.0,FF,Gavin Williams,CLE @ MIA,776766,669364,668909
2025-09-10,6:40 PM,MIA,Xavier Edwards,3,,,8,39.0,100.6,342.0,FC,Jackson Rutledge,WSH @ MIA,776386,669364,671131
2025-09-13,8:40 PM,SD,Bryce Johnson,1,,,8,31.0,102.3,408.0,CH,Angel Chivilli,COL @ SD,776341,669369,683409
2025-03-31,6:40 PM,TEX,Jake Burger,1,,,9,23.0,108.2,386.0,FF,Brent Suter,CIN @ TEX,778511,669394,608718
2025-04-05,7:05 PM,TEX,Jake Burger,2,,,1,21.0,113.0,429.0,FF,Taj Bradley,TB @ TEX,778438,669394,671737
2025-04-22,10:05 PM,TEX,Jake Burger,3,,,6,35.0,105.8,417.0,SL,Osvaldo Bido,ATH @ TEX,778213,669394,674370
2025-05-15,8:05 PM,TEX,Jake Burger,4,,,6,21.0,108.1,394.0,FC,Hunter Brown,HOU @ TEX,777910,669394,686613
2025-05-21,7:05 PM,TEX,Jake Burger,5,,,5,28.0,110.4,370.0,FC,Ryan Yarbrough,NYY @ TEX,777835,669394,642232
2025-05-21,7:05 PM,TEX,Jake Burger,6,,,7,20.0,106.5,367.0,SI,Tim Hill,NYY @ TEX,777835,669394,657612
2025-05-25,2:10 PM,TEX,Jake Burger,7,,,2,25.0,114.7,423.0,FC,Davis Martin,CWS @ TEX,777777,669394,663436
2025-06-05,7:35 PM,TEX,Jake Burger,8,,,3,24.0,107.3,442.0,CH,Ryan Pepiot,TB @ TEX,777629,669394,686752
2025-06-08,1:35 PM,TEX,Jake Burger,9,,,8,35.0,104.5,394.0,SI,Cole Henry,WSH @ TEX,777596,669394,669371
2025-06-12,1:10 PM,TEX,Jake Burger,10,,,2,22.0,102.6,356.0,CH,Bailey Ober,MIN @ TEX,777533,669394,641927
2025-07-08,9:38 PM,TEX,Jake Burger,11,,,7,24.0,105.6,434.0,EP,Kevin Newman,LAA @ TEX,777180,669394,621028
2025-08-13,2:35 PM,TEX,Jake Burger,12,,,4,25.0,110.5,434.0,FF,Zac Gallen,AZ @ TEX,776746,669394,668678
2025-09-05,8:05 PM,TEX,Jake Burger,13,,,3,29.0,113.2,439.0,FF,Colton Gordon,HOU @ TEX,776449,669394,676467
2025-09-07,2:35 PM,TEX,Jake Burger,14,,,6,31.0,103.8,364.0,CH,Framber Valdez,HOU @ TEX,776418,669394,664285
2025-09-10,2:35 PM,TEX,Jake Burger,15,,,2,27.0,108.4,432.0,FF,Freddy Peralta,MIL @ TEX,776375,669394,642547
2025-09-10,2:35 PM,TEX,Jake Burger,16,,,5,22.0,111.9,420.0,CH,Freddy Peralta,MIL @ TEX,776375,669394,642547
2025-06-17,10:05 PM,HOU,Cooper Hummel,1,,,7,30.0,101.4,431.0,ST,T.J. McFarland,ATH @ HOU,777469,669450,519008
2025-06-24,8:10 PM,HOU,Cooper Hummel,2,,,8,25.0,103.5,390.0,FC,Ranger Suárez,PHI @ HOU,777377,669450,624133
2025-07-30,2:10 PM,HOU,Cooper Hummel,3,,,6,24.0,111.8,384.0,FF,MacKenzie Gore,WSH @ HOU,776937,669450,669022
2025-06-10,8:40 PM,SF,Casey Schmitt,1,,,9,25.0,105.1,408.0,FF,Zach Agnos,COL @ SF,777563,669477,688642
2025-06-13,10:10 PM,SF,Casey Schmitt,2,,,3,33.0,108.4,423.0,FS,Yoshinobu Yamamoto,LAD @ SF,777522,669477,808967
2025-06-14,10:10 PM,SF,Casey Schmitt,3,,,9,27.0,108.0,396.0,EP,Enrique Hernández,LAD @ SF,777506,669477,571771
2025-06-22,4:05 PM,SF,Casey Schmitt,4,,,5,21.0,111.6,352.0,FF,Lucas Giolito,BOS @ SF,777395,669477,608337
2025-07-22,7:15 PM,SF,Casey Schmitt,5,,,2,35.0,105.2,416.0,ST,Davis Daniel,ATL @ SF,777058,669477,669721
2025-08-03,1:40 PM,SF,Casey Schmitt,6,,,9,29.0,100.4,369.0,FF,Ryne Stanek,NYM @ SF,776887,669477,592773
2025-08-08,10:15 PM,SF,Casey Schmitt,7,,,6,40.0,103.2,374.0,CU,Jake Irvin,WSH @ SF,776822,669477,663623
2025-08-20,9:40 PM,SF,Casey Schmitt,8,,,4,22.0,106.8,379.0,FF,JP Sears,SD @ SF,776656,669477,676664
2025-08-23,7:10 PM,SF,Casey Schmitt,9,,,7,22.0,101.1,382.0,SI,Carlos Rodriguez,MIL @ SF,776621,669477,692230
2025-09-02,8:40 PM,SF,Casey Schmitt,10,,,5,20.0,105.3,392.0,FF,Antonio Senzatela,COL @ SF,776486,669477,622608
2025-09-15,9:40 PM,SF,Casey Schmitt,11,,,3,27.0,104.0,418.0,FF,Zac Gallen,AZ @ SF,776309,669477,668678
2025-09-27,4:05 PM,SF,Casey Schmitt,12,,,2,26.0,104.5,422.0,FF,Kyle Freeland,COL @ SF,776146,669477,607536
2025-04-04,8:05 PM,TEX,Josh Smith,1,,,7,23.0,105.2,394.0,SI,Zack Littell,TB @ TEX,778454,669701,641793
2025-04-22,10:05 PM,TEX,Josh Smith,2,,,5,33.0,101.8,395.0,SI,Osvaldo Bido,ATH @ TEX,778213,669701,674370
2025-05-02,8:05 PM,TEX,Josh Smith,3,,,9,26.0,105.5,395.0,ST,Troy Taylor,SEA @ TEX,778083,669701,700187
2025-05-10,6:10 PM,TEX,Josh Smith,4,,,1,25.0,105.8,389.0,SL,Jack Flaherty,DET @ TEX,777987,669701,656427
2025-06-01,1:05 PM,TEX,Josh Smith,5,,,8,25.0,106.3,391.0,SL,Roddery Muñoz,STL @ TEX,777678,669701,682610
2025-06-12,1:10 PM,TEX,Josh Smith,6,,,1,25.0,103.3,393.0,CH,Bailey Ober,MIN @ TEX,777533,669701,641927
2025-06-13,8:05 PM,TEX,Josh Smith,7,,,3,30.0,101.9,396.0,SI,Adrian Houser,CWS @ TEX,777524,669701,605288
2025-07-05,9:40 PM,TEX,Josh Smith,8,,,1,30.0,106.6,409.0,FF,Stephen Kolek,SD @ TEX,777223,669701,663568
2025-07-27,2:35 PM,TEX,Josh Smith,9,,,2,24.0,105.6,363.0,SL,Bryce Elder,ATL @ TEX,776981,669701,693821
2025-09-24,8:05 PM,TEX,Josh Smith,10,,,4,37.0,100.6,361.0,FF,Taj Bradley,MIN @ TEX,776192,669701,671737
2025-05-09,6:40 PM,PIT,Jared Triolo,1,,,6,33.0,103.6,394.0,SI,Bryce Elder,ATL @ PIT,777998,669707,693821
2025-05-14,7:10 PM,PIT,Jared Triolo,2,,,5,24.0,104.7,390.0,SI,Clay Holmes,NYM @ PIT,777919,669707,605280
2025-06-19,6:10 PM,PIT,Jared Triolo,3,,,2,26.0,106.3,422.0,FF,Tyler Holton,DET @ PIT,777464,669707,663947
2025-08-23,6:40 PM,PIT,Jared Triolo,4,,,3,24.0,103.0,404.0,FF,Kyle Freeland,COL @ PIT,776632,669707,607536
2025-08-24,12:05 PM,PIT,Jared Triolo,5,,,4,31.0,100.6,412.0,SL,McCade Brown,COL @ PIT,776610,669707,685326
2025-09-13,4:05 PM,PIT,Jared Triolo,6,,,9,28.0,105.0,409.0,FF,Shinnosuke Ogasawara,WSH @ PIT,776336,669707,829272
2025-09-21,1:35 PM,PIT,Jared Triolo,7,,,2,31.0,101.9,402.0,SI,Mitch Spence,ATH @ PIT,776234,669707,687765
2025-04-15,6:40 PM,CIN,Austin Hays,1,,,5,34.0,104.1,404.0,FF,Luis Castillo,SEA @ CIN,778316,669720,622491
2025-04-17,12:40 PM,CIN,Austin Hays,2,,,1,31.0,103.3,388.0,SI,Emerson Hancock,SEA @ CIN,778285,669720,676106
2025-04-19,4:05 PM,CIN,Austin Hays,3,,,9,25.0,108.5,410.0,SI,Matt Bowman,BAL @ CIN,778262,669720,621199
2025-04-26,3:10 PM,CIN,Austin Hays,4,,,4,27.0,103.8,406.0,SL,Antonio Senzatela,COL @ CIN,778161,669720,622608
2025-04-26,3:10 PM,CIN,Austin Hays,5,,,6,27.0,107.2,429.0,FF,Antonio Senzatela,COL @ CIN,778161,669720,622608
2025-05-16,5:10 PM,CIN,Austin Hays,6,,,3,34.0,99.4,375.0,FC,Tanner Bibee,CLE @ CIN,777902,669720,676440
2025-06-30,7:10 PM,CIN,Austin Hays,7,,,6,28.0,104.0,414.0,FF,Garrett Crochet,BOS @ CIN,777300,669720,676979
2025-07-06,1:35 PM,CIN,Austin Hays,8,,,5,31.0,100.3,377.0,FF,Zack Wheeler,PHI @ CIN,777217,669720,554430
2025-07-18,,CIN,Austin Hays,9,,,4,26.0,102.4,384.0,FF,Sean Manaea,NYM @ CIN,777111,669720,640455
2025-07-18,,CIN,Austin Hays,10,,,6,28.0,107.3,401.0,FF,Alex Carrillo,NYM @ CIN,777111,669720,692024
2025-08-26,10:10 PM,CIN,Austin Hays,11,,,7,26.0,99.3,373.0,FF,Ben Casparius,LAD @ CIN,776574,669720,676508
2025-08-31,12:10 PM,CIN,Austin Hays,12,,,5,23.0,101.1,383.0,SL,Andre Pallante,STL @ CIN,776518,669720,669467
2025-09-02,6:40 PM,CIN,Austin Hays,13,,,2,34.0,108.2,417.0,SI,José Berríos,TOR @ CIN,776491,669720,621244
2025-09-06,6:40 PM,CIN,Austin Hays,14,,,4,25.0,102.9,392.0,FF,Jonah Tong,NYM @ CIN,776439,669720,804636
2025-09-08,9:40 PM,CIN,Austin Hays,15,,,6,32.0,96.2,384.0,SI,Yu Darvish,SD @ CIN,776407,669720,506433
2025-09-11,9:40 PM,LAA,Logan Davidson,1,,,3,34.0,108.9,422.0,SI,Bryce Miller,SEA @ LAA,776362,669722,682243
2025-06-06,6:45 PM,WSH,Alex Call,1,,,7,32.0,102.2,407.0,SL,Patrick Corbin,TEX @ WSH,777624,669743,571578
2025-06-08,1:35 PM,WSH,Alex Call,2,,,4,32.0,101.2,382.0,FF,Jacob Latz,TEX @ WSH,777596,669743,656641
2025-07-26,7:10 PM,WSH,Alex Call,3,,,7,29.0,98.4,376.0,SI,Justin Topa,MIN @ WSH,776997,669743,623437
2025-08-19,8:40 PM,LAD,Alex Call,4,,,2,28.0,106.3,453.0,FF,Austin Gomber,COL @ LAD,776671,669743,596295
2025-09-16,10:10 PM,LAD,Alex Call,5,,,2,25.0,105.2,408.0,SL,Cristopher Sánchez,PHI @ LAD,776297,669743,650911
2025-04-16,10:10 PM,COL,Michael Toglia,1,,,3,29.0,103.0,418.0,CU,Bobby Miller,LAD @ COL,778287,669911,676272
2025-04-26,3:10 PM,COL,Michael Toglia,2,,,2,30.0,107.4,457.0,SL,Hunter Greene,CIN @ COL,778161,669911,668881
2025-04-29,8:40 PM,COL,Michael Toglia,3,,,2,42.0,108.7,414.0,SL,AJ Smith-Shawver,ATL @ COL,778120,669911,700363
2025-05-07,8:40 PM,COL,Michael Toglia,4,,,3,36.0,107.4,413.0,SL,Jackson Jobe,DET @ COL,778013,669911,695549
2025-05-09,8:40 PM,COL,Michael Toglia,5,,,4,32.0,100.6,416.0,FC,Randy Vásquez,SD @ COL,777993,669911,681190
2025-05-14,8:05 PM,COL,Michael Toglia,6,,,2,25.0,103.9,416.0,FC,Patrick Corbin,TEX @ COL,777918,669911,571578
2025-06-17,6:45 PM,COL,Michael Toglia,7,,,4,27.0,105.0,415.0,FF,Michael Soroka,WSH @ COL,777480,669911,647336
2025-06-17,6:45 PM,COL,Michael Toglia,8,,,7,25.0,105.6,364.0,FC,Jackson Rutledge,WSH @ COL,777480,669911,671131
2025-06-18,6:45 PM,COL,Michael Toglia,9,,,6,22.0,105.2,404.0,CU,Mitchell Parker,WSH @ COL,777461,669911,680730
2025-07-06,3:10 PM,COL,Michael Toglia,10,,,5,23.0,103.9,429.0,SI,Dan Altavilla,CWS @ COL,777215,669911,656186
2025-07-29,6:40 PM,COL,Michael Toglia,11,,,7,28.0,107.2,399.0,FF,Logan Allen,CLE @ COL,776951,669911,671106
2025-03-31,9:40 PM,SEA,Luke Raley,1,,,4,28.0,98.5,358.0,CH,Jackson Jobe,DET @ SEA,778496,670042,695549
2025-04-17,12:40 PM,SEA,Luke Raley,2,,,4,31.0,106.3,398.0,SL,Brady Singer,CIN @ SEA,778285,670042,663903
2025-06-23,7:40 PM,SEA,Luke Raley,3,,,3,24.0,109.6,436.0,FF,Bailey Ober,MIN @ SEA,777388,670042,641927
2025-07-12,1:10 PM,SEA,Luke Raley,4,,,3,36.0,106.2,388.0,FS,Casey Mize,DET @ SEA,777145,670042,663554
2025-06-17,10:10 PM,SD,Trenton Brooks,1,,,7,29.0,101.8,397.0,FF,Matt Sauer,LAD @ SD,777471,670092,669422
2025-07-13,2:10 PM,HOU,Zack Short,1,,,6,34.0,100.6,391.0,CU,Nathan Eovaldi,TEX @ HOU,777125,670097,543135
2025-07-25,8:10 PM,HOU,Zack Short,2,,,5,33.0,95.3,340.0,CH,Jeffrey Springs,ATH @ HOU,777007,670097,605488
2025-05-23,8:10 PM,SEA,Miles Mastrobuoni,1,,,5,36.0,94.7,345.0,FF,Ryan Gusto,HOU @ SEA,777800,670156,687473
2025-04-05,7:15 PM,MIA,Matt Mervis,1,,,1,25.0,106.5,373.0,FF,AJ Smith-Shawver,ATL @ MIA,778451,670223,700363
2025-04-05,7:15 PM,MIA,Matt Mervis,2,,,7,33.0,104.2,421.0,CH,José Suarez,ATL @ MIA,778451,670223,660761
2025-04-09,1:10 PM,MIA,Matt Mervis,3,,,9,38.0,102.1,355.0,SL,Edwin Díaz,NYM @ MIA,778390,670223,621242
2025-04-12,4:10 PM,MIA,Matt Mervis,4,,,2,31.0,100.4,380.0,CH,Trevor Williams,WSH @ MIA,778354,670223,592866
2025-04-13,1:40 PM,MIA,Matt Mervis,5,,,7,26.0,104.7,411.0,FF,Jorge López,WSH @ MIA,778337,670223,605347
2025-04-16,6:40 PM,MIA,Matt Mervis,6,,,4,30.0,102.7,396.0,CU,Brandon Pfaadt,AZ @ MIA,778303,670223,694297
2025-04-23,1:10 PM,MIA,Matt Mervis,7,,,1,32.0,100.6,384.0,SI,Brady Singer,CIN @ MIA,778208,670223,663903
2025-03-28,4:10 PM,TB,Kameron Misner,1,,,9,22.0,108.1,351.0,FF,Victor Vodnik,COL @ TB,778560,670224,680767
2025-04-14,7:05 PM,TB,Kameron Misner,2,,,2,30.0,106.9,431.0,ST,Tanner Houck,BOS @ TB,778328,670224,656557
2025-04-14,7:05 PM,TB,Kameron Misner,3,,,8,25.0,96.2,355.0,CU,Brennan Bernardino,BOS @ TB,778328,670224,657514
2025-05-15,3:07 PM,TB,Kameron Misner,4,,,4,21.0,109.7,417.0,SL,Kevin Gausman,TOR @ TB,777913,670224,592332
2025-06-03,7:35 PM,TB,Kameron Misner,5,,,2,37.0,88.9,328.0,FF,Tyler Mahle,TEX @ TB,777662,670224,641816
2025-07-18,,KC,John Rave,1,,,4,25.0,104.6,422.0,FF,Sandy Alcantara,MIA @ KC,777109,670231,645261
2025-07-18,,KC,John Rave,2,,,9,27.0,104.4,390.0,ST,Calvin Faucher,MIA @ KC,777109,670231,676534
2025-07-21,8:05 PM,KC,John Rave,3,,,7,24.0,109.5,404.0,FF,Chris Flexen,CHC @ KC,777065,670231,623167
2025-08-16,7:10 PM,KC,John Rave,4,,,3,21.0,108.4,407.0,FF,Sean Burke,CWS @ KC,776712,670231,680732
2025-04-09,7:40 PM,MIN,Matt Wallner,1,,,8,36.0,107.7,404.0,SL,Sam Long,KC @ MIN,778388,670242,669674
2025-05-31,7:15 PM,MIN,Matt Wallner,2,,,2,34.0,100.8,345.0,FF,Bryce Miller,SEA @ MIN,777695,670242,682243
2025-06-05,3:35 PM,MIN,Matt Wallner,3,,,4,31.0,103.4,399.0,SL,Mitch Spence,ATH @ MIN,777636,670242,687765
2025-06-07,2:10 PM,MIN,Matt Wallner,4,,,6,41.0,98.5,365.0,FF,Kevin Gausman,TOR @ MIN,777600,670242,592332
2025-06-10,7:40 PM,MIN,Matt Wallner,5,,,6,25.0,109.0,404.0,FF,Tyler Mahle,TEX @ MIN,777557,670242,641816
2025-06-20,8:10 PM,MIN,Matt Wallner,6,,,7,44.0,105.6,372.0,SL,Jacob Misiorowski,MIL @ MIN,777434,670242,694819
2025-06-26,1:10 PM,MIN,Matt Wallner,7,,,6,28.0,106.7,420.0,FC,Zach Pop,SEA @ MIN,777356,670242,647315
2025-07-03,12:10 PM,MIN,Matt Wallner,8,,,7,33.0,108.3,430.0,CU,Cade Gibson,MIA @ MIN,777263,670242,806188
2025-07-09,7:40 PM,MIN,Matt Wallner,9,,,2,43.0,113.0,390.0,ST,Cade Horton,CHC @ MIN,777173,670242,690990
2025-07-12,2:10 PM,MIN,Matt Wallner,10,,,6,22.0,112.8,434.0,FF,Andrew Heaney,PIT @ MIN,777134,670242,571760
2025-07-20,3:10 PM,MIN,Matt Wallner,11,,,3,22.0,112.2,386.0,FF,Germán Márquez,COL @ MIN,777072,670242,608566
2025-07-27,2:10 PM,MIN,Matt Wallner,12,,,2,31.0,111.7,452.0,FF,Jake Irvin,WSH @ MIN,776979,670242,663623
2025-07-30,1:10 PM,MIN,Matt Wallner,13,,,2,32.0,104.2,403.0,ST,Brayan Bello,BOS @ MIN,776935,670242,678394
2025-08-02,4:10 PM,MIN,Matt Wallner,14,,,4,30.0,108.7,419.0,CH,Tanner Bibee,CLE @ MIN,776905,670242,676440
2025-08-04,6:40 PM,MIN,Matt Wallner,15,,,6,27.0,109.7,437.0,FS,Casey Mize,DET @ MIN,776874,670242,663554
2025-08-08,8:10 PM,MIN,Matt Wallner,16,,,1,22.0,111.0,434.0,SI,Seth Lugo,KC @ MIN,776827,670242,607625
2025-08-23,7:10 PM,MIN,Matt Wallner,17,,,4,30.0,94.2,366.0,FC,Davis Martin,CWS @ MIN,776619,670242,663436
2025-08-25,7:07 PM,MIN,Matt Wallner,18,,,4,29.0,105.9,419.0,SL,Max Scherzer,TOR @ MIN,776596,670242,453286
2025-08-25,7:07 PM,MIN,Matt Wallner,19,,,6,26.0,111.8,432.0,FF,Max Scherzer,TOR @ MIN,776596,670242,453286
2025-08-26,7:07 PM,MIN,Matt Wallner,20,,,9,37.0,104.3,394.0,FF,Jeff Hoffman,TOR @ MIN,776582,670242,656546
2025-09-04,7:40 PM,MIN,Matt Wallner,21,,,5,25.0,107.7,408.0,FF,Tyler Alexander,CWS @ MIN,776462,670242,641302
2025-09-14,2:10 PM,MIN,Matt Wallner,22,,,6,26.0,109.8,421.0,SI,Anthony DeSclafani,AZ @ MIN,776324,670242,543101
2025-04-06,2:10 PM,HOU,Yordan Alvarez,1,,,9,28.0,108.4,418.0,FF,Griffin Jax,MIN @ HOU,778419,670541,643377
2025-04-15,7:45 PM,HOU,Yordan Alvarez,2,,,8,21.0,107.6,419.0,CH,Kyle Leahy,STL @ HOU,778308,670541,681517
2025-04-27,2:10 PM,HOU,Yordan Alvarez,3,,,3,30.0,110.6,436.0,SI,Kris Bubic,KC @ HOU,778152,670541,663460
2025-08-27,8:10 PM,HOU,Yordan Alvarez,4,,,8,26.0,107.0,421.0,CH,Angel Chivilli,COL @ HOU,776571,670541,683409
2025-09-04,7:40 PM,HOU,Yordan Alvarez,5,,,3,25.0,101.0,395.0,SL,Carlos Rodón,NYY @ HOU,776464,670541,607074
2025-09-06,7:15 PM,HOU,Yordan Alvarez,6,,,5,27.0,110.0,421.0,CH,Jacob deGrom,TEX @ HOU,776432,670541,594798
2025-04-11,8:10 PM,HOU,Isaac Paredes,1,,,8,37.0,102.5,372.0,CU,Ian Anderson,LAA @ HOU,778368,670623,666120
2025-04-12,7:10 PM,HOU,Isaac Paredes,2,,,8,37.0,97.8,363.0,ST,Ryan Zeferjahn,LAA @ HOU,778351,670623,666171
2025-04-13,2:10 PM,HOU,Isaac Paredes,3,,,2,34.0,96.6,353.0,FF,Kyle Hendricks,LAA @ HOU,778329,670623,543294
2025-04-22,8:10 PM,HOU,Isaac Paredes,4,,,7,25.0,102.5,370.0,SL,Yariel Rodríguez,TOR @ HOU,778217,670623,684320
2025-05-13,8:10 PM,HOU,Isaac Paredes,5,,,9,26.0,98.7,375.0,ST,John Schreiber,KC @ HOU,777931,670623,670167
2025-05-14,8:10 PM,HOU,Isaac Paredes,6,,,4,29.0,104.7,398.0,FF,Michael Lorenzen,KC @ HOU,777920,670623,547179
2025-05-18,1:05 PM,HOU,Isaac Paredes,7,,,8,30.0,96.8,352.0,CH,Robert Garcia,TEX @ HOU,777869,670623,676395
2025-05-20,7:05 PM,HOU,Isaac Paredes,8,,,3,27.0,102.3,387.0,FF,Zack Littell,TB @ HOU,777848,670623,641793
2025-05-21,1:10 PM,HOU,Isaac Paredes,9,,,1,36.0,100.7,407.0,FF,Taj Bradley,TB @ HOU,777832,670623,671737
2025-05-21,1:10 PM,HOU,Isaac Paredes,10,,,8,30.0,101.3,407.0,ST,Edwin Uceta,TB @ HOU,777832,670623,670955
2025-05-23,8:10 PM,HOU,Isaac Paredes,11,,,3,38.0,94.4,347.0,SI,Emerson Hancock,SEA @ HOU,777800,670623,676106
2025-06-03,6:40 PM,HOU,Isaac Paredes,12,,,9,32.0,103.6,403.0,FF,Dennis Santana,PIT @ HOU,777663,670623,642701
2025-06-05,6:40 PM,HOU,Isaac Paredes,13,,,4,30.0,105.5,407.0,ST,Mitch Keller,PIT @ HOU,777630,670623,656605
2025-06-05,6:40 PM,HOU,Isaac Paredes,14,,,9,25.0,104.3,383.0,SI,Ryan Borucki,PIT @ HOU,777630,670623,621366
2025-06-12,8:10 PM,HOU,Isaac Paredes,15,,,5,31.0,103.8,400.0,FF,Davis Martin,CWS @ HOU,777546,670623,663436
2025-06-20,9:38 PM,HOU,Isaac Paredes,16,,,1,32.0,99.8,370.0,FF,Yusei Kikuchi,LAA @ HOU,777428,670623,579328
2025-06-28,7:15 PM,HOU,Isaac Paredes,17,,,8,43.0,98.0,328.0,ST,Porter Hodge,CHC @ HOU,777320,670623,687863
2025-07-04,9:10 PM,HOU,Isaac Paredes,18,,,1,29.0,99.0,341.0,FF,Ben Casparius,LAD @ HOU,777235,670623,676508
2025-07-07,8:10 PM,HOU,Isaac Paredes,19,,,5,35.0,105.0,373.0,SI,Tanner Bibee,CLE @ HOU,777202,670623,676440
2025-09-21,7:10 PM,HOU,Isaac Paredes,20,,,8,30.0,100.4,369.0,SI,Carlos Vargas,SEA @ HOU,776228,670623,672841
2025-04-27,4:10 PM,TB,Taylor Walls,1,,,3,30.0,101.1,386.0,CU,Randy Vásquez,SD @ TB,778146,670764,681190
2025-06-07,4:10 PM,TB,Taylor Walls,2,,,6,36.0,100.4,397.0,SI,Tyler Phillips,MIA @ TB,777611,670764,663969
2025-07-06,2:10 PM,TB,Taylor Walls,3,,,3,36.0,100.8,368.0,FS,Joe Ryan,MIN @ TB,777220,670764,657746
2025-07-27,1:40 PM,TB,Taylor Walls,4,,,8,29.0,101.2,401.0,ST,Brady Singer,CIN @ TB,776982,670764,663903
2025-04-05,7:10 PM,CIN,TJ Friedl,1,,,2,24.0,98.8,378.0,FC,Elvin Rodriguez,MIL @ CIN,778439,670770,660730
2025-05-07,7:15 PM,CIN,TJ Friedl,2,,,1,25.0,100.1,399.0,CU,Grant Holmes,ATL @ CIN,778023,670770,656550
2025-05-07,7:15 PM,CIN,TJ Friedl,3,,,3,23.0,102.0,407.0,FF,Grant Holmes,ATL @ CIN,778023,670770,656550
2025-05-30,2:20 PM,CIN,TJ Friedl,4,,,1,31.0,100.6,392.0,CU,Colin Rea,CHC @ CIN,777712,670770,607067
2025-06-06,,CIN,TJ Friedl,5,,,3,35.0,101.1,385.0,FF,Eduardo Rodriguez,AZ @ CIN,777623,670770,593958
2025-06-09,6:40 PM,CIN,TJ Friedl,6,,,3,29.0,100.3,380.0,FF,Luis L. Ortiz,CLE @ CIN,777580,670770,682847
2025-06-11,1:10 PM,CIN,TJ Friedl,7,,,6,26.0,100.0,396.0,FF,Logan Allen,CLE @ CIN,777549,670770,671106
2025-06-13,7:10 PM,CIN,TJ Friedl,8,,,3,31.0,101.5,393.0,SL,Keider Montero,DET @ CIN,777538,670770,672456
2025-07-13,1:40 PM,CIN,TJ Friedl,9,,,1,27.0,101.4,385.0,FF,Austin Gomber,COL @ CIN,777128,670770,596295
2025-07-25,7:10 PM,CIN,TJ Friedl,10,,,6,34.0,101.5,388.0,SL,Zack Littell,TB @ CIN,777013,670770,641793
2025-09-02,6:40 PM,CIN,TJ Friedl,11,,,8,24.0,95.7,360.0,SI,Seranthony Domínguez,TOR @ CIN,776491,670770,622554
2025-09-08,9:40 PM,CIN,TJ Friedl,12,,,1,26.0,96.1,343.0,CU,Yu Darvish,SD @ CIN,776407,670770,506433
2025-09-20,6:40 PM,CIN,TJ Friedl,13,,,7,21.0,105.0,373.0,FC,Aaron Civale,CHC @ CIN,776254,670770,650644
2025-09-28,3:10 PM,CIN,TJ Friedl,14,,,3,26.0,103.5,416.0,SL,DL Hall,MIL @ CIN,776144,670770,669084
2025-04-02,1:15 PM,STL,Iván Herrera,1,,,4,31.0,101.2,395.0,CU,Yusei Kikuchi,LAA @ STL,778473,671056,579328
2025-04-02,1:15 PM,STL,Iván Herrera,2,,,6,25.0,112.1,414.0,SL,Yusei Kikuchi,LAA @ STL,778473,671056,579328
2025-04-02,1:15 PM,STL,Iván Herrera,3,,,8,34.0,110.7,425.0,FF,Brock Burke,LAA @ STL,778473,671056,656271
2025-04-04,2:10 PM,STL,Iván Herrera,4,,,4,31.0,101.9,387.0,FC,Walker Buehler,BOS @ STL,778463,671056,621111
2025-05-12,6:45 PM,STL,Iván Herrera,5,,,6,20.0,108.0,389.0,SI,Cristopher Sánchez,PHI @ STL,777953,671056,650911
2025-06-05,1:45 PM,STL,Iván Herrera,6,,,8,26.0,109.9,425.0,SL,Taylor Clarke,KC @ STL,777642,671056,664199
2025-06-09,7:45 PM,STL,Iván Herrera,7,,,8,22.0,107.4,370.0,SL,Yariel Rodríguez,TOR @ STL,777581,671056,684320
2025-06-15,2:10 PM,STL,Iván Herrera,8,,,8,25.0,108.7,416.0,FC,Jared Koenig,MIL @ STL,777492,671056,657649
2025-07-24,7:45 PM,STL,Iván Herrera,9,,,6,19.0,111.5,412.0,SI,Wandy Peralta,SD @ STL,777023,671056,593974
2025-08-04,10:10 PM,STL,Iván Herrera,10,,,8,22.0,109.4,428.0,SL,Anthony Banda,LAD @ STL,776870,671056,607455
2025-08-29,6:40 PM,STL,Iván Herrera,11,,,1,24.0,104.8,395.0,FF,Zack Littell,CIN @ STL,776551,671056,641793
2025-09-01,2:15 PM,STL,Iván Herrera,12,,,4,26.0,113.0,418.0,FF,Luis Morales,ATH @ STL,776497,671056,806960
2025-09-02,7:45 PM,STL,Iván Herrera,13,,,6,30.0,107.7,414.0,ST,Michael Kelly,ATH @ STL,776483,671056,547184
2025-09-05,8:15 PM,STL,Iván Herrera,14,,,8,28.0,107.3,413.0,ST,Tristan Beck,SF @ STL,776445,671056,663941
2025-09-10,9:40 PM,STL,Iván Herrera,15,,,1,23.0,107.2,411.0,FS,Logan Gilbert,SEA @ STL,776373,671056,669302
2025-09-13,8:15 PM,STL,Iván Herrera,16,,,1,34.0,100.8,394.0,FF,Jacob Misiorowski,MIL @ STL,776339,671056,694819
2025-09-21,2:15 PM,STL,Iván Herrera,17,,,3,29.0,107.1,419.0,FC,Robert Gasser,MIL @ STL,776231,671056,688107
2025-09-22,9:45 PM,STL,Iván Herrera,18,,,5,27.0,108.4,412.0,FF,Justin Verlander,SF @ STL,776220,671056,434378
2025-09-23,9:45 PM,STL,Iván Herrera,19,,,7,26.0,101.8,400.0,FF,Joey Lucchesi,SF @ STL,776211,671056,664192
2025-04-03,1:05 PM,BOS,Triston Casas,1,,,7,33.0,101.4,377.0,FF,Keegan Akin,BAL @ BOS,778470,671213,669211
2025-04-22,6:45 PM,BOS,Triston Casas,2,,,7,30.0,105.6,396.0,CU,Trent Thornton,SEA @ BOS,778224,671213,663423
2025-04-23,6:45 PM,BOS,Triston Casas,3,,,8,24.0,105.9,372.0,FF,Casey Legumina,SEA @ BOS,778207,671213,668984
2025-03-30,1:40 PM,SF,Heliot Ramos,1,,,5,34.0,96.8,380.0,CH,Nick Martinez,CIN @ SF,778522,671218,607259
2025-04-01,8:10 PM,SF,Heliot Ramos,2,,,4,21.0,108.3,364.0,ST,Hayden Wesneski,HOU @ SF,778489,671218,669713
2025-04-30,4:10 PM,SF,Heliot Ramos,3,,,7,33.0,106.7,409.0,FF,Jeremiah Estrada,SD @ SF,778105,671218,669093
2025-05-01,9:45 PM,SF,Heliot Ramos,4,,,1,21.0,112.8,430.0,SI,Kyle Freeland,COL @ SF,778098,671218,607536
2025-05-10,7:15 PM,SF,Heliot Ramos,5,,,2,26.0,105.1,387.0,FF,Joe Ryan,MIN @ SF,777974,671218,657746
2025-05-11,2:10 PM,SF,Heliot Ramos,6,,,4,29.0,105.4,407.0,CU,Pablo López,MIN @ SF,777956,671218,641154
2025-05-18,4:05 PM,SF,Heliot Ramos,7,,,1,19.0,111.2,408.0,FF,Jeffrey Springs,ATH @ SF,777867,671218,605488
2025-05-21,3:45 PM,SF,Heliot Ramos,8,,,9,34.0,104.0,387.0,SL,Lucas Erceg,KC @ SF,777819,671218,668674
2025-05-28,1:10 PM,SF,Heliot Ramos,9,,,5,24.0,111.4,426.0,SI,Jackson Jobe,DET @ SF,777738,671218,695549
2025-06-03,9:45 PM,SF,Heliot Ramos,10,,,3,28.0,106.5,421.0,ST,Ryan Bergert,SD @ SF,777656,671218,686701
2025-06-18,9:45 PM,SF,Heliot Ramos,11,,,5,25.0,108.3,420.0,ST,Logan Allen,CLE @ SF,777454,671218,671106
2025-06-21,4:05 PM,SF,Heliot Ramos,12,,,1,34.0,105.8,400.0,FC,Brayan Bello,BOS @ SF,777417,671218,678394
2025-07-05,10:05 PM,SF,Heliot Ramos,13,,,5,27.0,104.0,416.0,ST,Luis Severino,ATH @ SF,777227,671218,622663
2025-08-18,9:40 PM,SF,Heliot Ramos,14,,,1,28.0,96.2,358.0,FF,Nestor Cortes,SD @ SF,776683,671218,641482
2025-08-27,9:45 PM,SF,Heliot Ramos,15,,,8,34.0,99.1,395.0,CU,Reese McGuire,CHC @ SF,776557,671218,624512
2025-09-08,9:45 PM,SF,Heliot Ramos,16,,,6,24.0,108.5,435.0,SI,Anthony DeSclafani,AZ @ SF,776399,671218,543101
2025-09-19,10:10 PM,SF,Heliot Ramos,17,,,1,27.0,108.7,431.0,SL,Clayton Kershaw,LAD @ SF,776256,671218,477132
2025-09-22,9:45 PM,SF,Heliot Ramos,18,,,1,21.0,104.4,382.0,ST,Michael McGreevy,STL @ SF,776220,671218,700241
2025-09-23,9:45 PM,SF,Heliot Ramos,19,,,6,22.0,110.5,430.0,ST,Chris Roycroft,STL @ SF,776211,671218,688297
2025-09-26,10:15 PM,SF,Heliot Ramos,20,,,2,24.0,109.8,439.0,KC,Germán Márquez,COL @ SF,776166,671218,608566
2025-04-22,7:40 PM,KC,Drew Waters,1,,,6,31.0,100.9,408.0,CH,Ryan Feltner,COL @ KC,778215,671221,663372
2025-04-04,6:45 PM,WSH,Luis García Jr.,1,,,1,29.0,105.5,392.0,FF,Brandon Pfaadt,AZ @ WSH,778457,671277,694297
2025-04-29,6:45 PM,WSH,Luis García Jr.,2,,,6,23.0,106.5,420.0,SI,Zack Wheeler,PHI @ WSH,778131,671277,554430
2025-05-04,4:10 PM,WSH,Luis García Jr.,3,,,7,26.0,103.8,379.0,FC,Graham Ashcraft,CIN @ WSH,778058,671277,668933
2025-05-18,1:35 PM,WSH,Luis García Jr.,4,,,2,37.0,98.7,367.0,CH,Zach Eflin,BAL @ WSH,777873,671277,621107
2025-05-28,9:40 PM,WSH,Luis García Jr.,5,,,2,18.0,110.4,404.0,KC,George Kirby,SEA @ WSH,777730,671277,669923
2025-06-17,6:45 PM,WSH,Luis García Jr.,6,,,9,24.0,105.9,411.0,FC,Anthony Molina,COL @ WSH,777480,671277,683627
2025-06-21,10:10 PM,WSH,Luis García Jr.,7,,,4,34.0,105.5,414.0,SI,Dustin May,LAD @ WSH,777416,671277,669160
2025-07-26,7:10 PM,WSH,Luis García Jr.,8,,,4,26.0,102.6,390.0,SI,Joe Ryan,MIN @ WSH,776997,671277,657746
2025-07-29,8:10 PM,WSH,Luis García Jr.,9,,,3,29.0,97.1,370.0,CH,Jason Alexander,HOU @ WSH,776950,671277,669920
2025-08-23,6:05 PM,WSH,Luis García Jr.,10,,,6,23.0,108.1,422.0,KC,Aaron Nola,PHI @ WSH,776628,671277,605400
2025-08-24,1:35 PM,WSH,Luis García Jr.,11,,,9,27.0,107.9,414.0,ST,Orion Kerkering,PHI @ WSH,776613,671277,689147
2025-09-05,2:20 PM,WSH,Luis García Jr.,12,,,4,34.0,102.6,400.0,FF,Javier Assad,CHC @ WSH,776455,671277,665871
2025-09-08,6:40 PM,WSH,Luis García Jr.,13,,,2,33.0,107.2,413.0,SL,Janson Junk,MIA @ WSH,776409,671277,676083
2025-09-26,6:45 PM,WSH,Luis García Jr.,14,,,5,25.0,106.6,409.0,CU,Yoendrys Gómez,CWS @ WSH,776165,671277,672782
2025-09-26,6:45 PM,WSH,Luis García Jr.,15,,,6,36.0,97.7,354.0,SI,Yoendrys Gómez,CWS @ WSH,776165,671277,672782
2025-09-26,6:45 PM,WSH,Luis García Jr.,16,,,8,24.0,110.3,394.0,FF,Jordan Leasure,CWS @ WSH,776165,671277,673929
2025-05-11,2:10 PM,CWS,Tim Elko,1,,,6,30.0,101.4,381.0,CU,Sandy Alcantara,MIA @ CWS,777966,671284,645261
2025-05-17,2:20 PM,CWS,Tim Elko,2,,,5,22.0,111.1,425.0,FF,Matthew Boyd,CHC @ CWS,777881,671284,571510
2025-05-21,2:10 PM,CWS,Tim Elko,3,,,3,27.0,110.6,407.0,ST,Logan Evans,SEA @ CWS,777830,671284,688138
2025-06-07,4:10 PM,CWS,Tim Elko,4,,,2,28.0,107.1,409.0,FC,Michael Wacha,KC @ CWS,777606,671284,608379
2025-07-18,,CLE,Johnathan Rodríguez,1,,,2,27.0,103.7,402.0,FF,JP Sears,ATH @ CLE,777105,671286,676664
2025-09-27,7:15 PM,CLE,Johnathan Rodríguez,2,,,1,28.0,105.7,397.0,CH,Jacob Latz,TEX @ CLE,776158,671286,656641
2025-06-01,1:40 PM,COL,Tyler Freeman,1,,,5,27.0,101.2,385.0,SL,Clay Holmes,NYM @ COL,777686,671289,605280
2025-08-16,8:10 PM,COL,Tyler Freeman,2,,,8,30.0,103.1,434.0,SI,Andrew Saalfrank,AZ @ COL,776715,671289,685314
2025-09-20,2:10 PM,CLE,George Valera,1,,,2,24.0,97.3,359.0,ST,Joe Ryan,MIN @ CLE,777839,671655,657746
2025-09-24,6:40 PM,CLE,George Valera,2,,,3,27.0,101.1,393.0,KC,Jack Flaherty,DET @ CLE,776204,671655,656427
2025-10-01,1:08 PM,CLE,George Valera,3,,,1,26.0,106.6,411.0,FF,Casey Mize,DET @ CLE,813071,671655,663554
2025-04-06,3:10 PM,ATH,Lawrence Butler,1,,,5,25.0,111.0,435.0,FF,Chase Dollander,COL @ ATH,778423,671732,801403
2025-04-17,2:10 PM,ATH,Lawrence Butler,2,,,5,35.0,107.0,414.0,FC,Davis Martin,CWS @ ATH,778283,671732,663436
2025-04-22,10:05 PM,ATH,Lawrence Butler,3,,,3,24.0,105.9,419.0,SI,Patrick Corbin,TEX @ ATH,778213,671732,571578
2025-04-23,10:05 PM,ATH,Lawrence Butler,4,,,1,30.0,105.1,425.0,SL,Kumar Rocker,TEX @ ATH,778197,671732,677958
2025-04-30,8:05 PM,ATH,Lawrence Butler,5,,,9,24.0,108.5,411.0,FC,Shawn Armstrong,TEX @ ATH,778106,671732,542888
2025-05-07,3:35 PM,ATH,Lawrence Butler,6,,,4,23.0,110.6,417.0,FF,Bryan Woo,SEA @ ATH,778010,671732,693433
2025-05-21,10:05 PM,ATH,Lawrence Butler,7,,,2,35.0,103.0,419.0,CH,Jack Kochanowicz,LAA @ ATH,777828,671732,686799
2025-05-27,8:10 PM,ATH,Lawrence Butler,8,,,4,20.0,109.9,418.0,SI,Hunter Brown,HOU @ ATH,777752,671732,686613
2025-06-02,10:05 PM,ATH,Lawrence Butler,9,,,4,28.0,100.9,413.0,FF,Joe Ryan,MIN @ ATH,777669,671732,657746
2025-06-14,4:10 PM,ATH,Lawrence Butler,10,,,7,33.0,105.3,426.0,FF,Daniel Lynch IV,KC @ ATH,777511,671732,663738
2025-06-19,10:05 PM,ATH,Lawrence Butler,11,,,2,37.0,104.2,409.0,ST,Colton Gordon,HOU @ ATH,777441,671732,676467
2025-07-08,10:05 PM,ATH,Lawrence Butler,12,,,1,33.0,96.3,402.0,FF,Didier Fuentes,ATL @ ATH,777189,671732,800311
2025-07-08,10:05 PM,ATH,Lawrence Butler,13,,,3,23.0,105.5,421.0,SI,Jesse Chavez,ATL @ ATH,777189,671732,445926
2025-07-22,8:05 PM,ATH,Lawrence Butler,14,,,1,20.0,106.6,368.0,SL,Jacob deGrom,TEX @ ATH,777043,671732,594798
2025-07-26,7:10 PM,ATH,Lawrence Butler,15,,,9,36.0,108.4,403.0,FF,Héctor Neris,HOU @ ATH,776991,671732,593576
2025-08-13,10:05 PM,ATH,Lawrence Butler,16,,,3,26.0,102.8,392.0,FC,Drew Rasmussen,TB @ ATH,776751,671732,656876
2025-08-17,4:05 PM,ATH,Lawrence Butler,17,,,6,32.0,106.3,417.0,KC,José Soriano,LAA @ ATH,776699,671732,667755
2025-08-30,10:05 PM,ATH,Lawrence Butler,18,,,3,28.0,109.4,448.0,CH,Merrill Kelly,TEX @ ATH,776524,671732,518876
2025-09-05,9:38 PM,ATH,Lawrence Butler,19,,,9,,,,FF,Andrew Chafin,LAA @ ATH,776444,671732,605177
2025-09-12,10:05 PM,ATH,Lawrence Butler,20,,,1,30.0,103.5,400.0,SI,Brady Singer,CIN @ ATH,776358,671732,663903
2025-09-19,6:40 PM,ATH,Lawrence Butler,21,,,5,25.0,109.7,424.0,CH,Mitch Keller,PIT @ ATH,776266,671732,656605
2025-03-31,10:10 PM,ATL,Michael Harris II,1,,,8,26.0,109.1,424.0,FF,Tanner Scott,LAD @ ATL,778500,671739,656945
2025-04-12,4:10 PM,ATL,Michael Harris II,2,,,9,27.0,98.8,366.0,FC,Cole Sulser,TB @ ATL,778353,671739,642121
2025-04-19,7:15 PM,ATL,Michael Harris II,3,,,6,27.0,108.9,446.0,FF,Simeon Woods Richardson,MIN @ ATL,778267,671739,680573
2025-06-07,4:05 PM,ATL,Michael Harris II,4,,,5,32.0,109.1,423.0,SI,Logan Webb,SF @ ATL,777598,671739,657277
2025-06-11,2:10 PM,ATL,Michael Harris II,5,,,2,32.0,102.4,413.0,FC,Chad Patrick,MIL @ ATL,777554,671739,694477
2025-06-13,7:15 PM,ATL,Michael Harris II,6,,,6,32.0,98.7,394.0,ST,Jake Bird,COL @ ATL,777535,671739,656234
2025-07-19,7:15 PM,ATL,Michael Harris II,7,,,3,26.0,108.5,438.0,CU,Will Warren,NYY @ ATL,777097,671739,701542
2025-07-25,8:05 PM,ATL,Michael Harris II,8,,,7,36.0,104.1,388.0,SL,Jacob Latz,TEX @ ATL,777009,671739,656641
2025-07-26,7:05 PM,ATL,Michael Harris II,9,,,6,24.0,108.6,422.0,SL,Jon Gray,TEX @ ATL,776993,671739,592351
2025-08-06,7:15 PM,ATL,Michael Harris II,10,,,9,24.0,112.5,451.0,FF,Trevor Megill,MIL @ ATL,776853,671739,656730
2025-08-09,1:15 PM,ATL,Michael Harris II,11,,,7,28.0,104.7,409.0,FF,George Soriano,MIA @ ATL,778431,671739,666277
2025-08-10,1:35 PM,ATL,Michael Harris II,12,,,7,26.0,96.1,374.0,FC,Tyler Zuber,MIA @ ATL,776803,671739,676604
2025-08-13,7:10 PM,ATL,Michael Harris II,13,,,4,25.0,105.8,417.0,FC,Reed Garrett,NYM @ ATL,776756,671739,657585
2025-08-16,7:10 PM,ATL,Michael Harris II,14,,,5,29.0,108.8,424.0,CH,Slade Cecconi,CLE @ ATL,776720,671739,677944
2025-08-18,7:15 PM,ATL,Michael Harris II,15,,,6,27.0,100.8,381.0,CH,Yoendrys Gómez,CWS @ ATL,776696,671739,672782
2025-08-19,7:15 PM,ATL,Michael Harris II,16,,,1,26.0,104.6,421.0,CH,Shane Smith,CWS @ ATL,776687,671739,681343
2025-08-27,1:10 PM,ATL,Michael Harris II,17,,,6,39.0,99.2,362.0,FF,Freddy Tarnok,MIA @ ATL,776565,671739,676206
2025-09-23,7:15 PM,ATL,Michael Harris II,18,,,5,29.0,107.8,444.0,FF,Brad Lord,WSH @ ATL,776219,671739,695418
2025-09-23,7:15 PM,ATL,Michael Harris II,19,,,7,35.0,108.8,424.0,FF,Konnor Pilkington,WSH @ ATL,776219,671739,663455
2025-09-26,7:15 PM,ATL,Michael Harris II,20,,,6,27.0,101.0,407.0,SL,Mike Burrows,PIT @ ATL,776180,671739,681347
2025-05-31,3:07 PM,ATH,Denzel Clarke,1,,,2,34.0,106.5,406.0,FF,Braydon Fisher,TOR @ ATH,777701,672016,680755
2025-06-24,6:40 PM,ATH,Denzel Clarke,2,,,2,27.0,103.2,422.0,SI,Tarik Skubal,DET @ ATH,777386,672016,669373
2025-07-04,10:05 PM,ATH,Denzel Clarke,3,,,7,25.0,108.5,471.0,SI,Mason Black,SF @ ATH,777244,672016,696131
2025-05-21,3:45 PM,SF,Patrick Bailey,1,,,4,29.0,102.0,403.0,FC,Steven Cruz,KC @ SF,777819,672275,674444
2025-07-08,9:45 PM,SF,Patrick Bailey,2,,,9,29.0,103.4,414.0,FF,Jordan Romano,PHI @ SF,777186,672275,605447
2025-09-02,8:40 PM,SF,Patrick Bailey,3,,,8,40.0,100.0,392.0,CH,Jaden Hill,COL @ SF,776486,672275,677955
2025-09-08,9:45 PM,SF,Patrick Bailey,4,,,8,38.0,103.2,351.0,FF,Anthony DeSclafani,AZ @ SF,776399,672275,543101
2025-09-09,9:45 PM,SF,Patrick Bailey,5,,,5,29.0,99.1,359.0,KC,Zac Gallen,AZ @ SF,776394,672275,668678
2025-09-12,10:15 PM,SF,Patrick Bailey,6,,,10,22.0,106.5,388.0,FF,Tanner Scott,LAD @ SF,776350,672275,656945
2025-03-28,9:40 PM,ATL,Jarred Kelenic,1,,,5,23.0,108.4,342.0,SL,Dylan Cease,SD @ ATL,778542,672284,656302
2025-04-18,7:15 PM,ATL,Jarred Kelenic,2,,,5,31.0,103.4,418.0,CH,Chris Paddack,MIN @ ATL,778284,672284,663978
2025-03-30,2:10 PM,CLE,Gabriel Arias,1,,,6,25.0,108.1,400.0,FF,Chris Stratton,KC @ CLE,778510,672356,608717
2025-04-11,6:10 PM,CLE,Gabriel Arias,2,,,4,28.0,106.2,394.0,FF,Kris Bubic,KC @ CLE,778375,672356,663460
2025-04-12,6:10 PM,CLE,Gabriel Arias,3,,,6,25.0,107.6,389.0,FF,Michael Lorenzen,KC @ CLE,778359,672356,547179
2025-04-16,6:35 PM,CLE,Gabriel Arias,4,,,3,29.0,108.9,424.0,FC,Dean Kremer,BAL @ CLE,778301,672356,665152
2025-06-17,9:45 PM,CLE,Gabriel Arias,5,,,6,28.0,107.3,412.0,FF,Robbie Ray,SF @ CLE,777472,672356,592662
2025-06-28,4:10 PM,CLE,Gabriel Arias,6,,,4,24.0,105.4,427.0,CU,Miles Mikolas,STL @ CLE,777329,672356,571945
2025-07-27,2:10 PM,CLE,Gabriel Arias,7,,,7,22.0,110.3,425.0,SI,Angel Zerpa,KC @ CLE,776975,672356,672582
2025-08-04,7:10 PM,CLE,Gabriel Arias,8,,,6,25.0,112.3,440.0,CH,Sean Manaea,NYM @ CLE,776876,672356,640455
2025-08-13,6:40 PM,CLE,Gabriel Arias,9,,,4,33.0,109.4,433.0,CU,Eury Pérez,MIA @ CLE,776766,672356,691587
2025-09-03,6:45 PM,CLE,Gabriel Arias,10,,,2,30.0,106.7,414.0,ST,Jordan Hicks,BOS @ CLE,776474,672356,663855
2025-09-16,6:40 PM,CLE,Gabriel Arias,11,,,4,25.0,110.0,412.0,FF,Casey Mize,DET @ CLE,776303,672356,663554
2025-04-13,1:35 PM,TOR,Alejandro Kirk,1,,,2,31.0,99.3,389.0,CU,Cade Povich,BAL @ TOR,778344,672386,700249
2025-04-30,7:07 PM,TOR,Alejandro Kirk,2,,,6,22.0,106.4,424.0,CH,Lucas Giolito,BOS @ TOR,778114,672386,608337
2025-05-14,7:07 PM,TOR,Alejandro Kirk,3,,,6,25.0,106.7,407.0,FF,Ryan Pepiot,TB @ TOR,777923,672386,686752
2025-06-09,7:45 PM,TOR,Alejandro Kirk,4,,,8,25.0,103.2,404.0,SI,Riley O'Brien,STL @ TOR,777581,672386,676617
2025-06-10,7:45 PM,TOR,Alejandro Kirk,5,,,7,29.0,104.0,402.0,SI,Kyle Leahy,STL @ TOR,777558,672386,681517
2025-06-19,3:07 PM,TOR,Alejandro Kirk,6,,,2,21.0,105.1,399.0,FF,Ryne Nelson,AZ @ TOR,777448,672386,669194
2025-06-19,3:07 PM,TOR,Alejandro Kirk,7,,,7,30.0,98.9,363.0,SI,Anthony DeSclafani,AZ @ TOR,777448,672386,543101
2025-08-15,7:07 PM,TOR,Alejandro Kirk,8,,,7,30.0,102.9,382.0,CH,Robert Garcia,TEX @ TOR,776735,672386,676395
2025-08-17,1:37 PM,TOR,Alejandro Kirk,9,,,2,29.0,102.3,414.0,SL,Nathan Eovaldi,TEX @ TOR,776710,672386,543135
2025-08-19,6:40 PM,TOR,Alejandro Kirk,10,,,7,25.0,108.5,409.0,SI,Colin Holderman,PIT @ TOR,776679,672386,670059
2025-08-25,7:07 PM,TOR,Alejandro Kirk,11,,,1,36.0,103.9,389.0,FF,Joe Ryan,MIN @ TOR,776596,672386,657746
2025-09-03,6:40 PM,TOR,Alejandro Kirk,12,,,4,27.0,103.3,416.0,SL,Zack Littell,CIN @ TOR,776475,672386,641793
2025-09-27,3:07 PM,TOR,Alejandro Kirk,13,,,7,26.0,109.3,432.0,SL,Garrett Cleavinger,TB @ TOR,776159,672386,664076
2025-09-28,3:07 PM,TOR,Alejandro Kirk,14,,,1,25.0,102.7,387.0,CH,Ian Seymour,TB @ TOR,776145,672386,693855
2025-09-28,3:07 PM,TOR,Alejandro Kirk,15,,,5,24.0,107.2,419.0,CH,Edwin Uceta,TB @ TOR,776145,672386,670955
2025-10-04,4:08 PM,TOR,Alejandro Kirk,16,,,2,33.0,105.2,392.0,FF,Luis Gil,NYY @ TOR,813063,672386,661563
2025-10-04,4:08 PM,TOR,Alejandro Kirk,17,,,8,19.0,106.0,377.0,SI,Paul Blackburn,NYY @ TOR,813063,672386,621112
2025-10-15,8:08 PM,TOR,Alejandro Kirk,18,,,6,32.0,101.8,354.0,FF,Caleb Ferguson,SEA @ TOR,813043,672386,657571
2025-10-24,8:00 PM,TOR,Alejandro Kirk,19,,,6,29.0,102.3,403.0,FF,Anthony Banda,LAD @ TOR,813027,672386,607455
2025-10-27,8:00 PM,TOR,Alejandro Kirk,20,,,4,29.0,102.7,394.0,CU,Tyler Glasnow,LAD @ TOR,813032,672386,607192
2025-05-08,9:40 PM,AZ,Gabriel Moreno,1,,,4,23.0,105.0,377.0,FC,Yoshinobu Yamamoto,LAD @ AZ,777999,672515,808967
2025-05-19,10:10 PM,AZ,Gabriel Moreno,2,,,3,30.0,107.5,411.0,FF,Landon Knack,LAD @ AZ,777854,672515,689017
2025-05-20,10:10 PM,AZ,Gabriel Moreno,3,,,9,43.0,106.1,369.0,FF,Tanner Scott,LAD @ AZ,777838,672515,656945
2025-05-23,8:15 PM,AZ,Gabriel Moreno,4,,,9,30.0,107.7,399.0,CU,Ryan Helsley,STL @ AZ,777797,672515,664854
2025-06-10,9:40 PM,AZ,Gabriel Moreno,5,,,6,21.0,110.3,389.0,ST,Trent Thornton,SEA @ AZ,777559,672515,663423
2025-08-22,9:40 PM,AZ,Gabriel Moreno,6,,,3,23.0,106.8,403.0,FS,Zack Littell,CIN @ AZ,776635,672515,641793
2025-08-26,7:40 PM,AZ,Gabriel Moreno,7,,,4,29.0,100.9,406.0,SL,Jacob Misiorowski,MIL @ AZ,776586,672515,694819
2025-09-08,9:45 PM,AZ,Gabriel Moreno,8,,,8,30.0,100.4,388.0,ST,Tristan Beck,SF @ AZ,776399,672515,663941
2025-09-12,8:10 PM,AZ,Gabriel Moreno,9,,,9,27.0,99.1,386.0,FF,Cole Sands,MIN @ AZ,776355,672515,663485
2025-06-28,9:38 PM,LAA,Gustavo Campero,1,,,8,30.0,106.0,414.0,FF,Jackson Rutledge,WSH @ LAA,777315,672569,671131
2025-08-01,9:38 PM,LAA,Gustavo Campero,2,,,5,28.0,108.9,438.0,SI,Shane Smith,CWS @ LAA,776916,672569,681343
2025-08-08,7:10 PM,LAA,Gustavo Campero,3,,,5,31.0,100.2,388.0,FF,Tarik Skubal,DET @ LAA,776832,672569,669373
2025-03-29,4:10 PM,KC,Maikel Garcia,1,,,7,27.0,103.8,397.0,ST,Paul Sewald,CLE @ KC,778529,672580,623149
2025-03-31,2:10 PM,KC,Maikel Garcia,2,,,2,21.0,108.8,428.0,FF,Elvin Rodriguez,MIL @ KC,778504,672580,660730
2025-05-04,1:35 PM,KC,Maikel Garcia,3,,,2,30.0,101.2,395.0,FC,Kyle Gibson,BAL @ KC,778062,672580,502043
2025-05-04,1:35 PM,KC,Maikel Garcia,4,,,6,25.0,106.3,419.0,SL,Bryan Baker,BAL @ KC,778062,672580,641329
2025-05-14,8:10 PM,KC,Maikel Garcia,5,,,2,29.0,105.2,405.0,ST,Colton Gordon,HOU @ KC,777920,672580,676467
2025-06-05,7:45 PM,KC,Maikel Garcia,6,,,1,25.0,100.3,349.0,FF,Matthew Liberatore,STL @ KC,777635,672580,669461
2025-06-06,7:40 PM,KC,Maikel Garcia,7,,,3,19.0,107.1,408.0,CH,Davis Martin,CWS @ KC,777618,672580,663436
2025-06-18,8:05 PM,KC,Maikel Garcia,8,,,3,24.0,102.8,407.0,SI,Patrick Corbin,TEX @ KC,777460,672580,571578
2025-07-26,2:40 PM,KC,Maikel Garcia,9,,,4,20.0,103.2,418.0,FC,Gavin Williams,CLE @ KC,777010,672580,668909
2025-07-27,2:10 PM,KC,Maikel Garcia,10,,,5,26.0,103.6,411.0,ST,Matt Festa,CLE @ KC,776975,672580,670036
2025-08-04,7:10 PM,KC,Maikel Garcia,11,,,8,25.0,102.5,374.0,FF,Jorge Alcala,BOS @ KC,776880,672580,660896
2025-08-18,7:40 PM,KC,Maikel Garcia,12,,,5,24.0,96.5,352.0,SL,Luis Curvelo,TEX @ KC,776690,672580,681168
2025-08-24,1:40 PM,KC,Maikel Garcia,13,,,7,21.0,104.1,389.0,SI,Brenan Hanifee,DET @ KC,776615,672580,669724
2025-08-29,8:10 PM,KC,Maikel Garcia,14,,,1,31.0,98.8,387.0,SL,Chris Paddack,DET @ KC,776540,672580,663978
2025-08-30,7:15 PM,KC,Maikel Garcia,15,,,4,25.0,106.0,428.0,KC,Jack Flaherty,DET @ KC,776528,672580,656427
2025-09-05,7:40 PM,KC,Maikel Garcia,16,,,3,28.0,105.1,412.0,ST,Pablo López,MIN @ KC,776446,672580,641154
2025-03-28,7:10 PM,MIA,Otto Lopez,1,,,9,30.0,103.4,418.0,FF,David Bednar,PIT @ MIA,778548,672640,670280
2025-03-31,6:40 PM,MIA,Otto Lopez,2,,,1,32.0,103.0,385.0,SI,David Peterson,NYM @ MIA,778509,672640,656849
2025-05-18,1:40 PM,MIA,Otto Lopez,3,,,4,23.0,104.9,401.0,SL,Shane Baz,TB @ MIA,777877,672640,669358
2025-05-28,4:10 PM,MIA,Otto Lopez,4,,,5,28.0,99.1,371.0,FF,David Morgan,SD @ MIA,777726,672640,688158
2025-06-06,1:10 PM,MIA,Otto Lopez,5,,,8,29.0,105.5,424.0,FF,Edwin Uceta,TB @ MIA,777625,672640,670955
2025-06-09,6:40 PM,MIA,Otto Lopez,6,,,2,27.0,105.5,408.0,FF,Mike Burrows,PIT @ MIA,777574,672640,681347
2025-06-27,9:40 PM,MIA,Otto Lopez,7,,,9,27.0,107.9,429.0,FS,Tayler Scott,AZ @ MIA,777332,672640,605463
2025-06-28,4:10 PM,MIA,Otto Lopez,8,,,8,24.0,104.3,375.0,FF,Jalen Beeks,AZ @ MIA,777318,672640,656222
2025-07-04,7:10 PM,MIA,Otto Lopez,9,,,5,27.0,100.4,391.0,SL,Quinn Priester,MIL @ MIA,777254,672640,682990
2025-07-11,7:05 PM,MIA,Otto Lopez,10,,,9,25.0,98.3,386.0,FF,Andrew Kittredge,BAL @ MIA,777157,672640,552640
2025-07-13,1:35 PM,MIA,Otto Lopez,11,,,3,34.0,98.3,379.0,SL,Brandon Young,BAL @ MIA,777129,672640,687064
2025-08-29,7:10 PM,MIA,Otto Lopez,12,,,9,35.0,101.2,383.0,FA,Luis Torrens,NYM @ MIA,776548,672640,620443
2025-09-07,1:40 PM,MIA,Otto Lopez,13,,,1,29.0,107.6,424.0,FC,Taijuan Walker,PHI @ MIA,776426,672640,592836
2025-09-07,1:40 PM,MIA,Otto Lopez,14,,,7,28.0,103.9,417.0,SI,José Alvarado,PHI @ MIA,776426,672640,621237
2025-09-18,3:10 PM,MIA,Otto Lopez,15,,,3,30.0,103.8,446.0,FF,Tanner Gordon,COL @ MIA,776270,672640,685299
2025-04-03,7:05 PM,AZ,Geraldo Perdomo,1,,,7,30.0,96.1,345.0,SI,Ryan Yarbrough,NYY @ AZ,778466,672695,642232
2025-04-09,3:40 PM,AZ,Geraldo Perdomo,2,,,8,31.0,103.3,399.0,FF,Colin Selby,BAL @ AZ,778380,672695,681882
2025-04-15,6:40 PM,AZ,Geraldo Perdomo,3,,,2,32.0,104.8,397.0,FC,Connor Gillispie,MIA @ AZ,778318,672695,687362
2025-04-27,4:10 PM,AZ,Geraldo Perdomo,4,,,5,33.0,102.6,396.0,FF,Spencer Schwellenbach,ATL @ AZ,778147,672695,680885
2025-05-01,1:10 PM,AZ,Geraldo Perdomo,5,,,7,31.0,101.4,388.0,SL,Max Kranick,NYM @ AZ,778103,672695,668820
2025-05-19,10:10 PM,AZ,Geraldo Perdomo,6,,,8,29.0,101.2,396.0,FC,Matt Sauer,LAD @ AZ,777854,672695,669422
2025-06-06,,AZ,Geraldo Perdomo,7,,,3,30.0,102.2,399.0,FF,Nick Lodolo,CIN @ AZ,777623,672695,666157
2025-06-21,9:10 PM,AZ,Geraldo Perdomo,8,,,5,29.0,97.5,401.0,CH,Jimmy Herget,COL @ AZ,777410,672695,623474
2025-06-27,9:40 PM,AZ,Geraldo Perdomo,9,,,5,30.0,102.5,403.0,FF,Ronny Henriquez,MIA @ AZ,777332,672695,678692
2025-07-09,9:40 PM,AZ,Geraldo Perdomo,10,,,5,23.0,104.6,352.0,FF,Dylan Cease,SD @ AZ,777162,672695,656302
2025-07-30,1:10 PM,AZ,Geraldo Perdomo,11,,,9,28.0,100.4,387.0,CH,Tommy Kahnle,DET @ AZ,776940,672695,592454
2025-08-11,8:05 PM,AZ,Geraldo Perdomo,12,,,3,29.0,104.8,395.0,FF,Nathan Eovaldi,TEX @ AZ,776785,672695,543135
2025-08-13,2:35 PM,AZ,Geraldo Perdomo,13,,,5,26.0,102.2,400.0,SI,Merrill Kelly,TEX @ AZ,776746,672695,518876
2025-08-23,8:10 PM,AZ,Geraldo Perdomo,14,,,4,25.0,106.9,423.0,FC,Andrew Abbott,CIN @ AZ,776622,672695,671096
2025-08-27,7:40 PM,AZ,Geraldo Perdomo,15,,,8,28.0,98.6,358.0,SL,Nick Mears,MIL @ AZ,776572,672695,683232
2025-09-01,8:10 PM,AZ,Geraldo Perdomo,16,,,1,26.0,105.6,417.0,SI,Patrick Corbin,TEX @ AZ,776495,672695,571578
2025-09-05,9:40 PM,AZ,Geraldo Perdomo,17,,,1,30.0,103.1,417.0,FF,Payton Tolle,BOS @ AZ,776448,672695,801139
2025-09-10,3:45 PM,AZ,Geraldo Perdomo,18,,,1,33.0,99.6,380.0,SI,Carson Seymour,SF @ AZ,776374,672695,693313
2025-09-12,8:10 PM,AZ,Geraldo Perdomo,19,,,7,32.0,103.9,403.0,FF,Michael Tonkin,MIN @ AZ,776355,672695,543859
2025-09-27,8:40 PM,AZ,Geraldo Perdomo,20,,,5,27.0,102.9,406.0,FS,Yuki Matsui,SD @ AZ,776152,672695,673513
2025-03-29,1:05 PM,NYY,Oswald Peraza,1,,,7,23.0,109.2,379.0,SL,Chad Patrick,MIL @ NYY,778538,672724,694477
2025-05-10,4:05 PM,NYY,Oswald Peraza,2,,,6,22.0,104.1,354.0,ST,Justin Sterner,ATH @ NYY,777972,672724,686993
2025-05-27,9:38 PM,NYY,Oswald Peraza,3,,,7,20.0,111.8,408.0,SI,Héctor Neris,LAA @ NYY,777745,672724,593576
2025-08-31,2:10 PM,LAA,Oswald Peraza,4,,,5,26.0,102.3,384.0,SL,Hunter Brown,HOU @ LAA,776510,672724,686613
2025-09-14,4:10 PM,LAA,Oswald Peraza,5,,,6,24.0,101.2,375.0,FF,George Kirby,SEA @ LAA,776317,672724,669923
2025-04-12,6:40 PM,PIT,Alexander Canario,1,,,5,34.0,105.3,402.0,FF,Andrew Abbott,CIN @ PIT,778357,672744,671096
2025-05-09,6:40 PM,PIT,Alexander Canario,2,,,3,34.0,101.6,346.0,SL,Bryce Elder,ATL @ PIT,777998,672744,693821
2025-05-16,6:45 PM,PIT,Alexander Canario,3,,,6,27.0,101.4,391.0,FF,Ranger Suárez,PHI @ PIT,777905,672744,624133
2025-08-22,6:40 PM,PIT,Alexander Canario,4,,,8,23.0,112.0,426.0,FF,Lucas Gilbreath,COL @ PIT,776637,672744,656458
2025-08-31,1:35 PM,PIT,Alexander Canario,5,,,7,36.0,111.7,405.0,FC,Justin Slaten,BOS @ PIT,776517,672744,686580
2025-09-11,1:05 PM,PIT,Alexander Canario,6,,,3,29.0,111.4,409.0,FF,Cade Povich,BAL @ PIT,776372,672744,700249
2025-05-27,6:40 PM,DET,Wenceel Pérez,1,,,2,25.0,100.5,351.0,SI,Logan Webb,SF @ DET,777755,672761,657277
2025-06-02,7:40 PM,DET,Wenceel Pérez,2,,,2,29.0,102.1,394.0,SI,Jonathan Cannon,CWS @ DET,777674,672761,686563
2025-06-05,2:10 PM,DET,Wenceel Pérez,3,,,7,27.0,99.5,367.0,SL,Sean Burke,CWS @ DET,777634,672761,680732
2025-06-15,12:05 PM,DET,Wenceel Pérez,4,,,4,28.0,103.9,408.0,CH,Player 489119,CIN @ DET,777505,672761,489119
2025-06-17,6:40 PM,DET,Wenceel Pérez,5,,,2,33.0,101.0,384.0,FF,Bailey Falter,PIT @ DET,777475,672761,663559
2025-06-22,12:10 PM,DET,Wenceel Pérez,6,,,7,26.0,95.2,359.0,FF,Garrett Cleavinger,TB @ DET,777409,672761,664076
2025-07-04,7:10 PM,DET,Wenceel Pérez,7,,,3,26.0,105.1,402.0,FF,Slade Cecconi,CLE @ DET,777249,672761,677944
2025-08-01,6:45 PM,DET,Wenceel Pérez,8,,,8,31.0,94.3,367.0,ST,Orion Kerkering,PHI @ DET,776913,672761,689147
2025-08-04,6:40 PM,DET,Wenceel Pérez,9,,,5,23.0,103.3,372.0,SL,Travis Adams,MIN @ DET,776874,672761,701519
2025-08-18,6:40 PM,DET,Wenceel Pérez,10,,,4,22.0,101.2,385.0,FC,Spencer Arrighetti,HOU @ DET,776692,672761,681293
2025-08-24,1:40 PM,DET,Wenceel Pérez,11,,,5,23.0,106.0,413.0,FF,Seth Lugo,KC @ DET,776615,672761,607625
2025-09-01,1:10 PM,DET,Wenceel Pérez,12,,,3,26.0,106.4,411.0,ST,Sean Manaea,NYM @ DET,776501,672761,640455
2025-09-25,6:40 PM,DET,Wenceel Pérez,13,,,1,25.0,107.3,395.0,SL,Parker Messick,CLE @ DET,776189,672761,800048
2025-04-24,1:10 PM,CWS,Lenyn Sosa,1,,,2,25.0,107.3,416.0,SL,Chris Paddack,MIN @ CWS,778189,672820,663978
2025-05-14,7:14 PM,CWS,Lenyn Sosa,2,,,6,28.0,102.4,385.0,CH,Nick Lodolo,CIN @ CWS,777928,672820,666157
2025-05-21,2:10 PM,CWS,Lenyn Sosa,3,,,4,43.0,101.8,359.0,CH,Logan Evans,SEA @ CWS,777830,672820,688138
2025-06-25,2:10 PM,CWS,Lenyn Sosa,4,,,4,33.0,105.5,379.0,KC,Zac Gallen,AZ @ CWS,777370,672820,668678
2025-06-25,2:10 PM,CWS,Lenyn Sosa,5,,,8,34.0,106.4,385.0,FF,Tayler Scott,AZ @ CWS,777370,672820,605463
2025-07-05,9:10 PM,CWS,Lenyn Sosa,6,,,2,35.0,103.2,413.0,FF,Germán Márquez,COL @ CWS,777232,672820,608566
2025-07-11,8:10 PM,CWS,Lenyn Sosa,7,,,1,25.0,109.2,426.0,FC,Gavin Williams,CLE @ CWS,777146,672820,668909
2025-07-11,8:10 PM,CWS,Lenyn Sosa,8,,,5,27.0,111.2,440.0,FF,Gavin Williams,CLE @ CWS,777146,672820,668909
2025-07-29,7:40 PM,CWS,Lenyn Sosa,9,,,9,21.0,104.3,356.0,ST,Daniel Robert,PHI @ CWS,776952,672820,642016
2025-08-01,9:38 PM,CWS,Lenyn Sosa,10,,,2,31.0,104.9,413.0,FF,Tyler Anderson,LAA @ CWS,776916,672820,542881
2025-08-05,9:40 PM,CWS,Lenyn Sosa,11,,,1,23.0,103.7,392.0,FF,Bryan Woo,SEA @ CWS,776857,672820,693433
2025-08-06,9:40 PM,CWS,Lenyn Sosa,12,,,7,26.0,104.5,410.0,SI,Eduard Bazardo,SEA @ CWS,776841,672820,660825
2025-08-10,2:10 PM,CWS,Lenyn Sosa,13,,,1,32.0,103.8,380.0,SL,Slade Cecconi,CLE @ CWS,776798,672820,677944
2025-08-15,8:10 PM,CWS,Lenyn Sosa,14,,,4,27.0,103.7,408.0,FC,Noah Cameron,KC @ CWS,776728,672820,702070
2025-08-17,2:10 PM,CWS,Lenyn Sosa,15,,,1,24.0,108.6,426.0,FF,Ryan Bergert,KC @ CWS,776702,672820,686701
2025-08-18,7:15 PM,CWS,Lenyn Sosa,16,,,6,32.0,104.9,439.0,FF,Austin Cox,ATL @ CWS,776696,672820,680735
2025-08-31,2:10 PM,CWS,Lenyn Sosa,17,,,8,26.0,107.2,418.0,SI,Tim Hill,NYY @ CWS,776514,672820,657612
2025-09-02,7:40 PM,CWS,Lenyn Sosa,18,,,7,26.0,106.0,425.0,ST,Thomas Hatch,MIN @ CWS,776484,672820,641672
2025-09-07,1:40 PM,CWS,Lenyn Sosa,19,,,3,27.0,109.8,451.0,SI,Charlie Morton,DET @ CWS,776425,672820,450203
2025-09-20,7:10 PM,CWS,Lenyn Sosa,20,,,9,22.0,108.7,407.0,FF,Robert Suarez,SD @ CWS,776250,672820,663158
2025-09-26,6:45 PM,CWS,Lenyn Sosa,21,,,4,24.0,103.7,386.0,SI,Cade Cavalli,WSH @ CWS,776165,672820,676917
2025-04-11,8:10 PM,HOU,Yainer Diaz,1,,,5,30.0,102.3,382.0,SI,Garrett McDaniels,LAA @ HOU,778368,673237,680729
2025-04-27,2:10 PM,HOU,Yainer Diaz,2,,,7,26.0,104.6,384.0,FF,Angel Zerpa,KC @ HOU,778152,673237,672582
2025-05-02,7:40 PM,HOU,Yainer Diaz,3,,,8,24.0,104.8,409.0,FF,Jordan Leasure,CWS @ HOU,778079,673237,673929
2025-05-11,2:10 PM,HOU,Yainer Diaz,4,,,3,28.0,107.7,392.0,CH,Chase Petty,CIN @ HOU,777963,673237,695534
2025-05-18,1:05 PM,HOU,Yainer Diaz,5,,,7,28.0,103.3,401.0,SL,Jack Leiter,TEX @ HOU,777869,673237,683004
2025-05-29,8:10 PM,HOU,Yainer Diaz,6,,,5,30.0,107.0,430.0,SL,Shane Baz,TB @ HOU,777725,673237,669358
2025-05-30,8:10 PM,HOU,Yainer Diaz,7,,,9,26.0,104.2,370.0,SI,Garrett Cleavinger,TB @ HOU,777714,673237,664076
2025-06-07,4:10 PM,HOU,Yainer Diaz,8,,,6,28.0,93.3,370.0,FC,Gavin Williams,CLE @ HOU,777608,673237,668909
2025-06-14,4:10 PM,HOU,Yainer Diaz,9,,,3,30.0,99.0,339.0,FF,Joe Ryan,MIN @ HOU,777510,673237,657746
2025-06-27,8:10 PM,HOU,Yainer Diaz,10,,,3,22.0,106.3,377.0,ST,Cade Horton,CHC @ HOU,777336,673237,690990
2025-07-05,7:15 PM,HOU,Yainer Diaz,11,,,4,22.0,107.7,405.0,SI,Justin Wrobleski,LAD @ HOU,777221,673237,680736
2025-07-06,4:10 PM,HOU,Yainer Diaz,12,,,8,30.0,104.9,415.0,SL,Tanner Scott,LAD @ HOU,777206,673237,656945
2025-07-12,7:35 PM,HOU,Yainer Diaz,13,,,4,27.0,105.2,410.0,CH,Jacob deGrom,TEX @ HOU,777137,673237,594798
2025-07-29,8:10 PM,HOU,Yainer Diaz,14,,,4,30.0,106.3,393.0,FF,Michael Soroka,WSH @ HOU,776950,673237,647336
2025-07-30,2:10 PM,HOU,Yainer Diaz,15,,,6,32.0,103.0,410.0,FC,Cole Henry,WSH @ HOU,776937,673237,669371
2025-08-05,6:40 PM,HOU,Yainer Diaz,16,,,5,35.0,110.3,405.0,FS,Cal Quantrill,MIA @ HOU,776862,673237,615698
2025-08-13,7:10 PM,HOU,Yainer Diaz,17,,,6,26.0,104.9,415.0,ST,Walker Buehler,BOS @ HOU,776753,673237,621111
2025-08-21,7:15 PM,HOU,Yainer Diaz,18,,,3,31.0,101.9,402.0,SL,Brandon Young,BAL @ HOU,776655,673237,687064
2025-09-10,7:07 PM,HOU,Yainer Diaz,19,,,9,28.0,106.2,385.0,FF,Jeff Hoffman,TOR @ HOU,776385,673237,656546
2025-09-28,3:07 PM,HOU,Yainer Diaz,20,,,5,22.0,107.1,411.0,SL,Sam Aldegheri,LAA @ HOU,776135,673237,691951
2025-04-12,4:10 PM,CWS,Luis Robert Jr.,1,,,6,29.0,106.0,384.0,FF,Zack Kelly,BOS @ CWS,778349,673357,677161
2025-04-19,4:10 PM,CWS,Luis Robert Jr.,2,,,7,29.0,103.5,375.0,ST,Greg Weissert,BOS @ CWS,778264,673357,669711
2025-04-26,4:05 PM,CWS,Luis Robert Jr.,3,,,1,29.0,99.1,352.0,CH,Jeffrey Springs,ATH @ CWS,778165,673357,605488
2025-04-29,7:40 PM,CWS,Luis Robert Jr.,4,,,1,31.0,105.7,415.0,FF,Freddy Peralta,MIL @ CWS,778125,673357,642547
2025-05-02,7:40 PM,CWS,Luis Robert Jr.,5,,,5,26.0,110.1,407.0,CH,Framber Valdez,HOU @ CWS,778079,673357,664285
2025-06-10,8:10 PM,CWS,Luis Robert Jr.,6,,,4,39.0,103.7,362.0,CH,Lance McCullers Jr.,HOU @ CWS,777567,673357,621121
2025-06-20,7:07 PM,CWS,Luis Robert Jr.,7,,,3,28.0,114.2,441.0,ST,Mason Fluharty,TOR @ CWS,777435,673357,689254
2025-06-24,7:40 PM,CWS,Luis Robert Jr.,8,,,2,27.0,101.7,357.0,SL,Ryne Nelson,AZ @ CWS,777383,673357,669194
2025-07-11,3:10 PM,CWS,Luis Robert Jr.,9,,,2,23.0,111.1,378.0,FF,Logan Allen,CLE @ CWS,777164,673357,671106
2025-07-18,,CWS,Luis Robert Jr.,10,,,4,27.0,105.7,413.0,FS,Bailey Falter,PIT @ CWS,777107,673357,663559
2025-07-28,7:40 PM,CWS,Luis Robert Jr.,11,,,4,39.0,99.7,351.0,CH,Cristopher Sánchez,PHI @ CWS,776972,673357,650911
2025-08-05,9:40 PM,CWS,Luis Robert Jr.,12,,,9,26.0,100.6,357.0,FF,Jackson Kowar,SEA @ CWS,776857,673357,663804
2025-08-18,7:15 PM,CWS,Luis Robert Jr.,13,,,4,25.0,103.9,405.0,SL,Spencer Strider,ATL @ CWS,776696,673357,675911
2025-08-23,7:10 PM,CWS,Luis Robert Jr.,14,,,8,24.0,111.3,427.0,FC,Thomas Hatch,MIN @ CWS,776619,673357,641672
2025-07-10,7:10 PM,TB,Ha-Seong Kim,1,,,4,21.0,106.4,389.0,FC,Walker Buehler,BOS @ TB,777170,673490,621111
2025-08-10,4:10 PM,TB,Ha-Seong Kim,2,,,4,21.0,102.2,366.0,FF,Bryan Woo,SEA @ TB,776791,673490,693433
2025-09-03,7:40 PM,ATL,Ha-Seong Kim,3,,,7,22.0,108.5,391.0,FF,Drew Pomeranz,CHC @ ATL,776473,673490,519141
2025-09-19,6:40 PM,ATL,Ha-Seong Kim,4,,,8,23.0,101.2,367.0,SI,Chris Paddack,DET @ ATL,776268,673490,663978
2025-09-21,1:10 PM,ATL,Ha-Seong Kim,5,,,4,22.0,104.1,383.0,FF,Casey Mize,DET @ ATL,776238,673490,663554
2025-03-30,4:10 PM,CHC,Seiya Suzuki,1,,,6,29.0,106.0,420.0,CH,Eduardo Rodriguez,AZ @ CHC,778515,673548,593958
2025-04-01,10:05 PM,CHC,Seiya Suzuki,2,,,1,22.0,111.7,445.0,SI,Luis Severino,ATH @ CHC,778494,673548,622663
2025-04-02,3:35 PM,CHC,Seiya Suzuki,3,,,2,24.0,112.9,401.0,FF,Jeffrey Springs,ATH @ CHC,778471,673548,605488
2025-04-02,3:35 PM,CHC,Seiya Suzuki,4,,,4,31.0,98.5,344.0,FC,Mitch Spence,ATH @ CHC,778471,673548,687765
2025-04-18,2:20 PM,CHC,Seiya Suzuki,5,,,8,23.0,108.9,440.0,SI,Joe Mantiply,AZ @ CHC,778268,673548,573009
2025-04-19,2:20 PM,CHC,Seiya Suzuki,6,,,2,24.0,108.5,408.0,FF,Zac Gallen,AZ @ CHC,778257,673548,668678
2025-04-29,6:40 PM,CHC,Seiya Suzuki,7,,,7,34.0,105.9,396.0,FF,Hunter Stratton,PIT @ CHC,778135,673548,676702
2025-05-01,12:35 PM,CHC,Seiya Suzuki,8,,,5,26.0,103.8,392.0,FS,Paul Skenes,PIT @ CHC,778100,673548,694973
2025-05-01,12:35 PM,CHC,Seiya Suzuki,9,,,7,32.0,104.1,400.0,SL,Kyle Nicolas,PIT @ CHC,778100,673548,693312
2025-05-12,7:40 PM,CHC,Seiya Suzuki,10,,,5,20.0,106.7,413.0,FF,Anthony Veneziano,MIA @ CHC,777952,673548,685107
2025-05-14,7:40 PM,CHC,Seiya Suzuki,11,,,4,32.0,103.3,404.0,CH,Ryan Weathers,MIA @ CHC,777921,673548,677960
2025-05-20,6:40 PM,CHC,Seiya Suzuki,12,,,6,30.0,104.9,405.0,FF,Lake Bachar,MIA @ CHC,777850,673548,669199
2025-05-23,6:40 PM,CHC,Seiya Suzuki,13,,,8,21.0,108.9,373.0,FF,Brent Suter,CIN @ CHC,777811,673548,608718
2025-05-25,1:40 PM,CHC,Seiya Suzuki,14,,,8,22.0,116.2,399.0,SI,Luis Mey,CIN @ CHC,777779,673548,682825
2025-06-07,1:10 PM,CHC,Seiya Suzuki,15,,,1,20.0,104.9,376.0,CH,Tyler Holton,DET @ CHC,777609,673548,663947
2025-06-07,1:10 PM,CHC,Seiya Suzuki,16,,,8,29.0,105.6,395.0,ST,Chase Lee,DET @ CHC,777609,673548,695445
2025-06-12,8:05 PM,CHC,Seiya Suzuki,17,,,6,29.0,103.6,379.0,CH,Andrew Heaney,PIT @ CHC,777541,673548,571760
2025-06-17,8:05 PM,CHC,Seiya Suzuki,18,,,5,30.0,102.8,413.0,SI,Chad Patrick,MIL @ CHC,777482,673548,694477
2025-06-22,2:20 PM,CHC,Seiya Suzuki,19,,,1,19.0,111.2,389.0,FF,Logan Gilbert,SEA @ CHC,777403,673548,669302
2025-06-22,2:20 PM,CHC,Seiya Suzuki,20,,,5,34.0,101.3,398.0,FS,Logan Gilbert,SEA @ CHC,777403,673548,669302
2025-06-24,7:45 PM,CHC,Seiya Suzuki,21,,,3,19.0,110.2,404.0,SI,Michael McGreevy,STL @ CHC,777373,673548,700241
2025-06-28,7:15 PM,CHC,Seiya Suzuki,22,,,8,26.0,105.8,405.0,ST,Ryan Gusto,HOU @ CHC,777320,673548,687473
2025-07-01,8:05 PM,CHC,Seiya Suzuki,23,,,6,38.0,104.4,378.0,CU,Gavin Williams,CLE @ CHC,777287,673548,668909
2025-07-04,2:20 PM,CHC,Seiya Suzuki,24,,,1,30.0,104.6,413.0,SI,Miles Mikolas,STL @ CHC,777246,673548,571945
2025-07-06,6:10 PM,CHC,Seiya Suzuki,25,,,5,27.0,106.1,405.0,FF,Matt Svanson,STL @ CHC,777219,673548,694335
2025-07-18,,CHC,Seiya Suzuki,26,,,1,26.0,105.7,389.0,FF,Lucas Giolito,BOS @ CHC,777101,673548,608337
2025-08-06,2:20 PM,CHC,Seiya Suzuki,27,,,6,20.0,110.4,379.0,ST,Andrew Abbott,CIN @ CHC,776847,673548,671096
2025-09-25,7:40 PM,CHC,Seiya Suzuki,28,,,4,30.0,108.4,434.0,CH,Nolan McLean,NYM @ CHC,776187,673548,690997
2025-09-25,7:40 PM,CHC,Seiya Suzuki,29,,,6,28.0,101.9,396.0,ST,Nolan McLean,NYM @ CHC,776187,673548,690997
2025-09-26,2:20 PM,CHC,Seiya Suzuki,30,,,7,25.0,101.4,392.0,SI,Chris Roycroft,STL @ CHC,776167,673548,688297
2025-09-27,2:20 PM,CHC,Seiya Suzuki,31,,,6,36.0,97.6,370.0,SL,Ryan Fernandez,STL @ CHC,776164,673548,681676
2025-09-28,3:20 PM,CHC,Seiya Suzuki,32,,,5,24.0,99.1,379.0,CU,John King,STL @ CHC,776142,673548,667463
2025-09-30,3:08 PM,CHC,Seiya Suzuki,33,,,5,20.0,112.2,424.0,FF,Nick Pivetta,SD @ CHC,813066,673548,601713
2025-10-06,9:08 PM,CHC,Seiya Suzuki,34,,,1,26.0,111.7,440.0,CH,Aaron Ashby,MIL @ CHC,813048,673548,676879
2025-10-11,8:08 PM,CHC,Seiya Suzuki,35,,,2,26.0,105.0,390.0,FF,Jacob Misiorowski,MIL @ CHC,813046,673548,694819
2025-04-11,9:40 PM,TEX,Josh Jung,1,,,6,30.0,101.0,343.0,FF,Trent Thornton,SEA @ TEX,778360,673962,663423
2025-04-24,10:05 PM,TEX,Josh Jung,2,,,4,39.0,105.0,414.0,FC,J.T. Ginn,ATH @ TEX,778192,673962,669372
2025-05-07,6:45 PM,TEX,Josh Jung,3,,,9,37.0,104.6,393.0,FF,Aroldis Chapman,BOS @ TEX,778018,673962,547973
2025-05-11,1:40 PM,TEX,Josh Jung,4,,,5,25.0,107.4,392.0,SI,Beau Brieske,DET @ TEX,777969,673962,689225
2025-05-13,8:05 PM,TEX,Josh Jung,5,,,1,25.0,106.1,396.0,FF,Kyle Freeland,COL @ TEX,777934,673962,607536
2025-05-13,8:05 PM,TEX,Josh Jung,6,,,8,35.0,99.4,392.0,FS,Zach Agnos,COL @ TEX,777934,673962,688642
2025-05-16,8:05 PM,TEX,Josh Jung,7,,,9,37.0,101.2,357.0,SI,Josh Hader,HOU @ TEX,777895,673962,623352
2025-06-25,6:35 PM,TEX,Josh Jung,8,,,4,28.0,100.1,382.0,FS,Brandon Young,BAL @ TEX,777365,673962,687064
2025-07-21,8:05 PM,TEX,Josh Jung,9,,,3,32.0,97.7,385.0,SL,Jacob Lopez,ATH @ TEX,777057,673962,682052
2025-07-28,9:38 PM,TEX,Josh Jung,10,,,6,20.0,109.2,412.0,FC,Connor Brogdon,LAA @ TEX,776958,673962,641401
2025-08-04,8:05 PM,TEX,Josh Jung,11,,,10,33.0,102.6,401.0,SI,Jake Bird,NYY @ TEX,776871,673962,656234
2025-08-23,7:05 PM,TEX,Josh Jung,12,,,3,37.0,100.6,390.0,CH,Logan Allen,CLE @ TEX,776623,673962,671106
2025-08-31,4:05 PM,TEX,Josh Jung,13,,,2,25.0,103.3,405.0,SI,J.T. Ginn,ATH @ TEX,776508,673962,669372
2025-09-15,8:10 PM,TEX,Josh Jung,14,,,5,38.0,99.0,352.0,CH,Jason Alexander,HOU @ TEX,776319,673962,669920
2025-08-20,7:35 PM,TB,Bob Seymour,1,,,8,29.0,93.4,357.0,FF,Luke Weaver,NYY @ TB,776664,676044,596133
2025-03-29,3:07 PM,BAL,Jordan Westburg,1,,,1,24.0,109.7,434.0,SL,Max Scherzer,TOR @ BAL,778536,676059,453286
2025-03-29,3:07 PM,BAL,Jordan Westburg,2,,,7,32.0,105.7,402.0,SL,Chad Green,TOR @ BAL,778536,676059,643338
2025-04-19,4:05 PM,BAL,Jordan Westburg,3,,,7,34.0,102.0,397.0,ST,Carson Spiers,CIN @ BAL,778262,676059,686730
2025-06-10,6:35 PM,BAL,Jordan Westburg,4,,,9,26.0,101.7,385.0,SI,Will Vest,DET @ BAL,777573,676059,676684
2025-06-11,6:35 PM,BAL,Jordan Westburg,5,,,8,25.0,99.4,363.0,SI,Beau Brieske,DET @ BAL,777562,676059,689225
2025-06-15,1:35 PM,BAL,Jordan Westburg,6,,,8,32.0,102.7,390.0,FC,Kenley Jansen,LAA @ BAL,777501,676059,445276
2025-07-04,7:15 PM,BAL,Jordan Westburg,7,,,3,28.0,101.7,368.0,FF,Spencer Strider,ATL @ BAL,777252,676059,675911
2025-07-05,4:10 PM,BAL,Jordan Westburg,8,,,3,28.0,108.7,461.0,FF,Aaron Bummer,ATL @ BAL,777237,676059,607481
2025-07-10,5:05 PM,BAL,Jordan Westburg,9,,,2,24.0,110.0,413.0,SL,Brandon Waddell,NYM @ BAL,777181,676059,663399
2025-07-25,7:05 PM,BAL,Jordan Westburg,10,,,1,45.0,106.3,380.0,FF,Kyle Freeland,COL @ BAL,777020,676059,607536
2025-07-30,12:35 PM,BAL,Jordan Westburg,11,,,5,30.0,96.5,397.0,CH,José Berríos,TOR @ BAL,776948,676059,621244
2025-08-04,6:45 PM,BAL,Jordan Westburg,12,,,3,26.0,97.3,365.0,ST,Jesús Luzardo,PHI @ BAL,776877,676059,666200
2025-08-10,1:35 PM,BAL,Jordan Westburg,13,,,5,31.0,105.9,417.0,SL,Ben Bowden,ATH @ BAL,776804,676059,641386
2025-08-17,2:10 PM,BAL,Jordan Westburg,14,,,5,30.0,102.2,385.0,FC,Shawn Dubin,HOU @ BAL,776705,676059,681869
2025-09-26,7:05 PM,BAL,Jordan Westburg,15,,,3,21.0,107.1,368.0,ST,Will Warren,NYY @ BAL,776174,676059,701542
2025-09-28,3:05 PM,BAL,Jordan Westburg,16,,,4,32.0,107.1,414.0,FF,Luis Gil,NYY @ BAL,776140,676059,661563
2025-06-19,2:15 PM,CWS,Ryan Noda,1,,,2,24.0,105.6,397.0,CH,Michael McGreevy,STL @ CWS,777458,676116,700241
2025-05-13,7:07 PM,TOR,Ernie Clement,1,,,7,34.0,97.3,365.0,FC,Garrett Cleavinger,TB @ TOR,777935,676391,664076
2025-05-29,7:07 PM,TOR,Ernie Clement,2,,,2,32.0,97.1,383.0,SL,Jacob Lopez,ATH @ TOR,777727,676391,682052
2025-05-30,7:07 PM,TOR,Ernie Clement,3,,,3,35.0,99.9,404.0,CH,Jeffrey Springs,ATH @ TOR,777716,676391,605488
2025-06-11,2:15 PM,TOR,Ernie Clement,4,,,5,25.0,104.4,377.0,FF,Matthew Liberatore,STL @ TOR,777545,676391,669461
2025-07-24,6:40 PM,TOR,Ernie Clement,5,,,6,25.0,101.8,396.0,SL,Reese Olson,DET @ TOR,777021,676391,681857
2025-08-06,3:10 PM,TOR,Ernie Clement,6,,,9,36.0,97.8,409.0,EP,Austin Nola,COL @ TOR,776836,676391,543592
2025-08-09,9:10 PM,TOR,Ernie Clement,7,,,8,24.0,105.4,391.0,FF,Jack Dreyer,LAD @ TOR,776808,676391,676263
2025-08-10,4:10 PM,TOR,Ernie Clement,8,,,9,25.0,102.6,395.0,SL,Alex Vesia,LAD @ TOR,776788,676391,681911
2025-08-12,7:07 PM,TOR,Ernie Clement,9,,,4,31.0,96.9,370.0,SL,Javier Assad,CHC @ TOR,776768,676391,665871
2025-10-05,4:08 PM,TOR,Ernie Clement,10,,,2,33.0,94.1,354.0,CU,Max Fried,NYY @ TOR,813062,676391,608331
2025-05-04,6:15 PM,STL,Alec Burleson,1,,,2,28.0,105.3,402.0,FF,Tylor Megill,NYM @ STL,778068,676475,656731
2025-05-05,7:45 PM,STL,Alec Burleson,2,,,3,25.0,107.6,435.0,ST,Carmen Mlodzinski,PIT @ STL,778036,676475,669387
2025-05-14,6:15 PM,STL,Alec Burleson,3,,,3,22.0,106.7,404.0,FF,Aaron Nola,PHI @ STL,777933,676475,605400
2025-05-18,2:10 PM,STL,Alec Burleson,4,,,4,26.0,107.3,430.0,SL,Michael Wacha,KC @ STL,777864,676475,608379
2025-06-03,7:45 PM,STL,Alec Burleson,5,,,3,26.0,106.8,428.0,CU,Michael Lorenzen,KC @ STL,777660,676475,547179
2025-06-17,7:40 PM,STL,Alec Burleson,6,,,7,21.0,104.8,405.0,SL,Brandon Eisert,CWS @ STL,777467,676475,685126
2025-06-19,2:15 PM,STL,Alec Burleson,7,,,3,33.0,96.3,363.0,FF,Mike Vasil,CWS @ STL,777458,676475,678024
2025-06-21,2:15 PM,STL,Alec Burleson,8,,,1,34.0,99.4,387.0,FF,Brent Suter,CIN @ STL,777415,676475,608718
2025-06-23,7:45 PM,STL,Alec Burleson,9,,,5,31.0,101.5,386.0,CH,Ben Brown,CHC @ STL,777392,676475,676962
2025-06-27,7:10 PM,STL,Alec Burleson,10,,,3,22.0,105.4,368.0,CH,Luis L. Ortiz,CLE @ STL,777349,676475,682847
2025-07-05,2:20 PM,STL,Alec Burleson,11,,,8,29.0,102.6,426.0,FF,Brad Keller,CHC @ STL,777229,676475,641745
2025-07-19,7:15 PM,STL,Alec Burleson,12,,,6,27.0,107.4,443.0,FF,Ryne Nelson,AZ @ STL,777081,676475,669194
2025-07-27,2:15 PM,STL,Alec Burleson,13,,,6,24.0,108.1,417.0,SI,Stephen Kolek,SD @ STL,776980,676475,663568
2025-07-28,7:45 PM,STL,Alec Burleson,14,,,3,23.0,107.4,411.0,FF,Edward Cabrera,MIA @ STL,776960,676475,665795
2025-08-13,2:15 PM,STL,Alec Burleson,15,,,5,25.0,106.2,410.0,KC,Austin Gomber,COL @ STL,776758,676475,596295
2025-08-25,7:45 PM,STL,Alec Burleson,16,,,9,24.0,107.7,409.0,SL,Dennis Santana,PIT @ STL,776589,676475,642701
2025-09-08,9:40 PM,STL,Alec Burleson,17,,,4,28.0,106.9,416.0,FF,Bryan Woo,SEA @ STL,776400,676475,693433
2025-09-17,1:15 PM,STL,Alec Burleson,18,,,1,22.0,107.6,411.0,SI,Brady Singer,CIN @ STL,776283,676475,663903
2025-05-05,7:45 PM,STL,Jose Barrero,1,,,3,32.0,100.1,385.0,FF,Carmen Mlodzinski,PIT @ STL,778036,676480,669387
2025-03-31,6:40 PM,MIA,Eric Wagaman,1,,,6,30.0,106.1,424.0,FF,David Peterson,NYM @ MIA,778509,676572,656849
2025-04-18,6:45 PM,MIA,Eric Wagaman,2,,,6,30.0,105.9,427.0,SI,Zack Wheeler,PHI @ MIA,778274,676572,554430
2025-04-21,6:40 PM,MIA,Eric Wagaman,3,,,5,24.0,104.9,407.0,FF,Nick Lodolo,CIN @ MIA,778230,676572,666157
2025-05-23,9:38 PM,MIA,Eric Wagaman,4,,,7,27.0,104.4,410.0,FF,Shaun Anderson,LAA @ MIA,777798,676572,641312
2025-06-17,6:10 PM,MIA,Eric Wagaman,5,,,2,31.0,106.6,406.0,FF,Jesús Luzardo,PHI @ MIA,777481,676572,666200
2025-08-05,6:40 PM,MIA,Eric Wagaman,6,,,7,29.0,103.7,399.0,FF,AJ Blubaugh,HOU @ MIA,776862,676572,805123
2025-08-17,1:35 PM,MIA,Eric Wagaman,7,,,3,22.0,110.9,453.0,FF,Garrett Crochet,BOS @ MIA,776714,676572,676979
2025-08-18,6:40 PM,MIA,Eric Wagaman,8,,,4,25.0,107.0,409.0,SI,Matthew Liberatore,STL @ MIA,776688,676572,669461
2025-08-24,1:40 PM,MIA,Eric Wagaman,9,,,3,26.0,107.5,422.0,SL,Kevin Gausman,TOR @ MIA,776614,676572,592332
2025-04-09,7:05 PM,TB,José Caballero,1,,,1,39.0,95.1,327.0,FF,Yusei Kikuchi,LAA @ TB,778399,676609,579328
2025-05-30,8:10 PM,TB,José Caballero,2,,,1,20.0,114.4,383.0,SI,Framber Valdez,HOU @ TB,777714,676609,664285
2025-08-19,7:35 PM,NYY,José Caballero,3,,,2,36.0,90.5,322.0,FC,Shane Baz,TB @ NYY,776677,676609,669358
2025-08-19,7:35 PM,NYY,José Caballero,4,,,9,33.0,100.9,389.0,SL,Mason Montgomery,TB @ NYY,776677,676609,682254
2025-09-14,7:10 PM,NYY,José Caballero,5,,,7,28.0,108.1,423.0,SI,Steven Matz,BOS @ NYY,776330,676609,571927
2025-08-24,1:35 PM,BAL,Luis Vázquez,1,,,7,29.0,103.8,416.0,ST,John Rooney,HOU @ BAL,776612,676679,680701
2025-05-03,2:10 PM,HOU,Jake Meyers,1,,,3,21.0,106.8,386.0,SL,Davis Martin,CWS @ HOU,778066,676694,663436
2025-05-03,2:10 PM,HOU,Jake Meyers,2,,,6,27.0,105.0,409.0,ST,Penn Murfee,CWS @ HOU,778066,676694,682171
2025-05-19,7:05 PM,HOU,Jake Meyers,3,,,7,33.0,95.3,338.0,SI,Manuel Rodríguez,TB @ HOU,777858,676694,655889
2025-05-27,7:10 PM,NYM,Jared Young,1,,,1,31.0,97.6,367.0,FC,Jonathan Cannon,CWS @ NYM,777749,676724,686563
2025-06-07,9:40 PM,NYM,Jared Young,2,,,5,26.0,103.6,385.0,FF,Germán Márquez,COL @ NYM,777604,676724,608566
2025-06-21,7:15 PM,NYM,Jared Young,3,,,8,30.0,106.4,441.0,FF,Michael Mercado,PHI @ NYM,777423,676724,675650
2025-09-06,6:40 PM,NYM,Jared Young,4,,,7,22.0,105.9,399.0,SL,Scott Barlow,CIN @ NYM,776439,676724,605130
2025-08-11,8:10 PM,HOU,Chas McCormick,1,,,4,32.0,104.5,393.0,SI,Garrett Crochet,BOS @ HOU,776782,676801,676979
2025-06-03,7:07 PM,TOR,Davis Schneider,1,,,5,33.0,103.2,372.0,SL,Cristopher Sánchez,PHI @ TOR,777665,676914,650911
2025-07-02,7:07 PM,TOR,Davis Schneider,2,,,1,31.0,103.1,410.0,ST,Will Warren,NYY @ TOR,777274,676914,701542
2025-07-02,7:07 PM,TOR,Davis Schneider,3,,,7,29.0,104.2,403.0,SI,Tim Hill,NYY @ TOR,777274,676914,657612
2025-07-08,7:40 PM,TOR,Davis Schneider,4,,,3,30.0,103.0,384.0,SL,Aaron Civale,CWS @ TOR,777188,676914,650644
2025-07-13,4:05 PM,TOR,Davis Schneider,5,,,5,35.0,104.3,439.0,CH,Jeffrey Springs,ATH @ TOR,777116,676914,605488
2025-08-06,3:10 PM,TOR,Davis Schneider,6,,,6,25.0,105.3,384.0,FF,Angel Chivilli,COL @ TOR,776836,676914,683409
2025-08-06,3:10 PM,TOR,Davis Schneider,7,,,9,34.0,106.2,454.0,EP,Austin Nola,COL @ TOR,776836,676914,543592
2025-08-16,3:07 PM,TOR,Davis Schneider,8,,,7,32.0,99.6,375.0,EP,Rowdy Tellez,TEX @ TOR,776723,676914,642133
2025-08-27,7:07 PM,TOR,Davis Schneider,9,,,2,45.0,104.2,366.0,FF,Simeon Woods Richardson,MIN @ TOR,776567,676914,680573
2025-08-27,7:07 PM,TOR,Davis Schneider,10,,,4,36.0,104.9,388.0,CU,Simeon Woods Richardson,MIN @ TOR,776567,676914,680573
2025-09-11,3:07 PM,TOR,Davis Schneider,11,,,2,39.0,102.4,360.0,FF,Cristian Javier,HOU @ TOR,776369,676914,664299
2025-10-29,8:00 PM,TOR,Davis Schneider,12,,,1,34.0,97.5,373.0,FF,Blake Snell,LAD @ TOR,813022,676914,605483
2025-04-12,4:05 PM,BAL,Heston Kjerstad,1,,,5,24.0,105.5,409.0,FS,Bowden Francis,TOR @ BAL,778362,677008,670102
2025-04-17,6:35 PM,BAL,Heston Kjerstad,2,,,6,30.0,105.6,400.0,CH,Tanner Bibee,CLE @ BAL,778292,677008,676440
2025-04-18,7:05 PM,BAL,Heston Kjerstad,3,,,8,29.0,105.9,407.0,FF,Scott Barlow,CIN @ BAL,778276,677008,605130
2025-05-14,12:10 PM,BAL,Heston Kjerstad,4,,,3,30.0,102.4,388.0,FF,Simeon Woods Richardson,MIN @ BAL,777938,677008,680573
2025-03-30,2:10 PM,LAA,Kyren Paris,1,,,8,40.0,107.0,397.0,FF,Cam Booser,CWS @ LAA,778527,677347,592155
2025-04-06,4:07 PM,LAA,Kyren Paris,2,,,8,26.0,106.6,434.0,FF,Paul Sewald,CLE @ LAA,778425,677347,623149
2025-04-08,7:05 PM,LAA,Kyren Paris,3,,,2,37.0,106.6,395.0,SL,Shane Baz,TB @ LAA,778417,677347,669358
2025-04-09,7:05 PM,LAA,Kyren Paris,4,,,2,34.0,102.3,375.0,FF,Ryan Pepiot,TB @ LAA,778399,677347,686752
2025-04-09,7:05 PM,LAA,Kyren Paris,5,,,8,32.0,103.1,367.0,FF,Mason Montgomery,TB @ LAA,778399,677347,682254
2025-05-07,9:38 PM,LAA,Kyren Paris,6,,,7,26.0,106.4,410.0,SI,José Berríos,TOR @ LAA,778009,677347,621244
2025-07-08,8:10 PM,CLE,Brayan Rocchio,1,,,4,27.0,105.5,393.0,FC,Hunter Brown,HOU @ CLE,777192,677587,686613
2025-08-16,7:10 PM,CLE,Brayan Rocchio,2,,,3,29.0,102.9,378.0,FF,Joey Wentz,ATL @ CLE,776720,677587,666214
2025-08-18,9:40 PM,CLE,Brayan Rocchio,3,,,5,34.0,98.3,389.0,KC,Zac Gallen,AZ @ CLE,776682,677587,668678
2025-09-02,6:45 PM,CLE,Brayan Rocchio,4,,,6,25.0,101.5,387.0,ST,Garrett Crochet,BOS @ CLE,776493,677587,676979
2025-09-28,3:10 PM,CLE,Brayan Rocchio,5,,,10,32.0,104.7,380.0,FF,Jose Corniell,TEX @ CLE,776147,677587,692030
2025-10-01,1:08 PM,CLE,Brayan Rocchio,6,,,8,30.0,96.8,379.0,FF,Troy Melton,DET @ CLE,813071,677587,675512
2025-08-29,6:45 PM,TB,Everson Pereira,1,,,5,24.0,108.9,421.0,FF,Mitchell Parker,WSH @ TB,776545,677592,680730
2025-09-19,7:35 PM,TB,Everson Pereira,2,,,9,31.0,107.9,412.0,CU,Chris Murphy,BOS @ TB,776261,677592,669684
2025-03-30,4:10 PM,SEA,Julio Rodríguez,1,,,6,33.0,113.3,438.0,SL,JP Sears,ATH @ SEA,778513,677594,676664
2025-04-04,4:35 PM,SEA,Julio Rodríguez,2,,,1,25.0,108.1,390.0,FF,Justin Verlander,SF @ SEA,778444,677594,434378
2025-04-06,4:05 PM,SEA,Julio Rodríguez,3,,,1,24.0,107.8,423.0,ST,Jordan Hicks,SF @ SEA,778427,677594,663855
2025-04-26,9:40 PM,SEA,Julio Rodríguez,4,,,1,28.0,112.5,417.0,FF,Connor Gillispie,MIA @ SEA,778154,677594,687362
2025-05-02,8:05 PM,SEA,Julio Rodríguez,5,,,6,25.0,108.8,431.0,FF,Jacob Latz,TEX @ SEA,778083,677594,656641
2025-05-06,10:05 PM,SEA,Julio Rodríguez,6,,,1,26.0,106.5,407.0,FF,Jeffrey Springs,ATH @ SEA,778024,677594,605488
2025-05-12,9:40 PM,SEA,Julio Rodríguez,7,,,1,23.0,110.4,433.0,ST,Clarke Schmidt,NYY @ SEA,777941,677594,657376
2025-05-19,7:40 PM,SEA,Julio Rodríguez,8,,,8,24.0,98.9,365.0,FC,Cam Booser,CWS @ SEA,777857,677594,592155
2025-05-21,2:10 PM,SEA,Julio Rodríguez,9,,,1,20.0,109.1,401.0,SI,Shane Smith,CWS @ SEA,777830,677594,681343
2025-05-27,9:40 PM,SEA,Julio Rodríguez,10,,,1,24.0,102.1,394.0,FS,Mitchell Parker,WSH @ SEA,777743,677594,680730
2025-06-23,7:40 PM,SEA,Julio Rodríguez,11,,,3,23.0,112.0,442.0,CH,Bailey Ober,MIN @ SEA,777388,677594,641927
2025-07-11,7:10 PM,SEA,Julio Rodríguez,12,,,5,30.0,109.6,440.0,CH,Tarik Skubal,DET @ SEA,777161,677594,669373
2025-07-12,1:10 PM,SEA,Julio Rodríguez,13,,,6,29.0,111.6,427.0,SL,Keider Montero,DET @ SEA,777145,677594,672456
2025-07-13,1:40 PM,SEA,Julio Rodríguez,14,,,3,18.0,107.0,363.0,FF,Jack Flaherty,DET @ SEA,777121,677594,656427
2025-07-24,9:38 PM,SEA,Julio Rodríguez,15,,,5,27.0,103.3,377.0,FF,Yusei Kikuchi,LAA @ SEA,777018,677594,579328
2025-07-25,9:38 PM,SEA,Julio Rodríguez,16,,,1,28.0,106.3,394.0,SI,José Soriano,LAA @ SEA,777006,677594,667755
2025-07-25,9:38 PM,SEA,Julio Rodríguez,17,,,6,27.0,104.7,408.0,SL,José Soriano,LAA @ SEA,777006,677594,667755
2025-07-26,9:38 PM,SEA,Julio Rodríguez,18,,,3,27.0,105.2,422.0,FC,Tyler Anderson,LAA @ SEA,776995,677594,542881
2025-07-30,10:05 PM,SEA,Julio Rodríguez,19,,,1,31.0,104.8,413.0,CH,Jeffrey Springs,ATH @ SEA,776930,677594,605488
2025-08-03,4:10 PM,SEA,Julio Rodríguez,20,,,3,25.0,103.6,391.0,SL,Jacob deGrom,TEX @ SEA,776883,677594,594798
2025-08-06,9:40 PM,SEA,Julio Rodríguez,21,,,2,25.0,109.6,434.0,ST,Jonathan Cannon,CWS @ SEA,776841,677594,686563
2025-08-09,9:40 PM,SEA,Julio Rodríguez,22,,,1,27.0,108.6,436.0,FF,Joe Boyle,TB @ SEA,776805,677594,671212
2025-08-09,9:40 PM,SEA,Julio Rodríguez,23,,,3,18.0,113.4,349.0,SL,Joe Boyle,TB @ SEA,776805,677594,671212
2025-08-14,1:05 PM,SEA,Julio Rodríguez,24,,,6,22.0,103.6,381.0,FF,Rico Garcia,BAL @ SEA,776750,677594,670329
2025-08-20,1:05 PM,SEA,Julio Rodríguez,25,,,1,28.0,100.2,363.0,SL,Jesús Luzardo,PHI @ SEA,776662,677594,666200
2025-08-30,7:15 PM,SEA,Julio Rodríguez,26,,,8,31.0,108.2,407.0,FF,Hunter Gaddis,CLE @ SEA,776537,677594,683769
2025-09-02,7:35 PM,SEA,Julio Rodríguez,27,,,4,38.0,104.6,359.0,FC,Drew Rasmussen,TB @ SEA,776485,677594,656876
2025-09-03,7:35 PM,SEA,Julio Rodríguez,28,,,6,39.0,98.6,334.0,SI,Adrian Houser,TB @ SEA,776476,677594,605288
2025-09-06,7:15 PM,SEA,Julio Rodríguez,29,,,1,26.0,109.6,422.0,FS,Hurston Waldrep,ATL @ SEA,776447,677594,694462
2025-09-06,7:15 PM,SEA,Julio Rodríguez,30,,,7,21.0,113.5,441.0,FF,Daysbel Hernández,ATL @ SEA,776447,677594,678226
2025-09-19,8:10 PM,SEA,Julio Rodríguez,31,,,1,35.0,97.7,366.0,SI,Hunter Brown,HOU @ SEA,776262,677594,686613
2025-09-24,9:40 PM,SEA,Julio Rodríguez,32,,,1,24.0,108.3,422.0,SL,Tanner Gordon,COL @ SEA,776194,677594,685299
2025-10-04,8:38 PM,SEA,Julio Rodríguez,33,,,4,27.0,109.5,413.0,FF,Troy Melton,DET @ SEA,813058,677594,675512
2025-10-13,5:03 PM,SEA,Julio Rodríguez,34,,,1,26.0,106.9,370.0,FS,Trey Yesavage,TOR @ SEA,813044,677594,702056
2025-10-15,8:08 PM,SEA,Julio Rodríguez,35,,,1,22.0,112.2,414.0,FF,Shane Bieber,TOR @ SEA,813043,677594,669456
2025-10-20,8:10 PM,SEA,Julio Rodríguez,36,,,3,23.0,108.6,423.0,SL,Shane Bieber,TOR @ SEA,813037,677594,669456
2025-06-07,9:40 PM,NYM,Ronny Mauricio,1,,,3,35.0,110.3,456.0,KC,Germán Márquez,COL @ NYM,777604,677595,608566
2025-06-14,4:10 PM,NYM,Ronny Mauricio,2,,,5,23.0,107.6,374.0,FF,Drew Rasmussen,TB @ NYM,777518,677595,656876
2025-06-25,7:10 PM,NYM,Ronny Mauricio,3,,,3,33.0,97.6,378.0,FF,Didier Fuentes,ATL @ NYM,777369,677595,800311
2025-07-08,6:35 PM,NYM,Ronny Mauricio,4,,,6,30.0,94.2,362.0,FS,Brandon Young,BAL @ NYM,777198,677595,687064
2025-07-27,7:10 PM,NYM,Ronny Mauricio,5,,,7,33.0,104.7,398.0,SL,Randy Rodríguez,SF @ NYM,776974,677595,678495
2025-07-28,9:40 PM,NYM,Ronny Mauricio,6,,,9,26.0,106.3,415.0,FF,Robert Suarez,SD @ NYM,776959,677595,663158
2025-04-04,2:10 PM,BOS,Wilyer Abreu,1,,,1,23.0,110.1,392.0,FC,Erick Fedde,STL @ BOS,778463,677800,607200
2025-04-20,1:35 PM,BOS,Wilyer Abreu,2,,,1,34.0,101.6,387.0,CH,Sean Burke,CWS @ BOS,778245,677800,680732
2025-04-26,1:10 PM,BOS,Wilyer Abreu,3,,,1,27.0,103.8,390.0,CU,Ben Lively,CLE @ BOS,778179,677800,594902
2025-04-29,7:07 PM,BOS,Wilyer Abreu,4,,,3,25.0,105.5,422.0,CU,Bowden Francis,TOR @ BOS,778127,677800,670102
2025-05-04,1:35 PM,BOS,Wilyer Abreu,5,,,8,32.0,109.5,420.0,FF,Griffin Jax,MIN @ BOS,778063,677800,643377
2025-05-07,6:45 PM,BOS,Wilyer Abreu,6,,,4,33.0,106.9,422.0,FS,Tyler Mahle,TEX @ BOS,778018,677800,641816
2025-05-07,6:45 PM,BOS,Wilyer Abreu,7,,,8,30.0,106.5,386.0,FF,Caleb Boushley,TEX @ BOS,778018,677800,676961
2025-05-11,2:10 PM,BOS,Wilyer Abreu,8,,,4,32.0,107.9,430.0,SV,Seth Lugo,KC @ BOS,777965,677800,607625
2025-05-12,6:40 PM,BOS,Wilyer Abreu,9,,,6,32.0,99.7,375.0,CH,Jackson Jobe,DET @ BOS,777951,677800,695549
2025-05-24,1:05 PM,BOS,Wilyer Abreu,10,,,1,25.0,106.2,399.0,FC,Zach Eflin,BAL @ BOS,777809,677800,621107
2025-05-28,1:10 PM,BOS,Wilyer Abreu,11,,,7,33.0,104.4,404.0,FF,Nick Mears,MIL @ BOS,777736,677800,683232
2025-06-28,4:10 PM,BOS,Wilyer Abreu,12,,,1,31.0,94.1,357.0,CU,Chris Bassitt,TOR @ BOS,777323,677800,605135
2025-06-30,7:10 PM,BOS,Wilyer Abreu,13,,,5,30.0,104.2,423.0,FF,Joe La Sorsa,CIN @ BOS,777300,677800,686747
2025-06-30,7:10 PM,BOS,Wilyer Abreu,14,,,8,38.0,108.5,407.0,FF,Connor Phillips,CIN @ BOS,777300,677800,683175
2025-07-02,7:10 PM,BOS,Wilyer Abreu,15,,,6,31.0,97.8,388.0,CH,Nick Martinez,CIN @ BOS,777277,677800,607259
2025-07-09,7:10 PM,BOS,Wilyer Abreu,16,,,5,24.0,106.7,407.0,FF,Antonio Senzatela,COL @ BOS,777179,677800,622608
2025-07-20,2:20 PM,BOS,Wilyer Abreu,17,,,7,25.0,108.8,406.0,FF,Ryan Pressly,CHC @ BOS,777075,677800,519151
2025-07-20,2:20 PM,BOS,Wilyer Abreu,18,,,8,38.0,106.7,391.0,ST,Ethan Roberts,CHC @ BOS,777075,677800,681799
2025-08-08,9:40 PM,BOS,Wilyer Abreu,19,,,4,26.0,106.3,423.0,CU,Nick Pivetta,SD @ BOS,776820,677800,601713
2025-08-17,1:35 PM,BOS,Wilyer Abreu,20,,,4,30.0,97.8,377.0,FF,Janson Junk,MIA @ BOS,776714,677800,676083
2025-07-12,10:05 PM,TOR,Leo Jiménez,1,,,2,28.0,100.0,402.0,FC,Jacob Lopez,ATH @ TOR,777132,677870,682052
2025-08-03,4:05 PM,AZ,Blaze Alexander,1,,,7,35.0,102.4,398.0,SL,Elvis Alvarado,ATH @ AZ,776881,677942,665660
2025-08-08,9:40 PM,AZ,Blaze Alexander,2,,,4,27.0,100.3,380.0,FF,Austin Gomber,COL @ AZ,776825,677942,596295
2025-08-11,8:05 PM,AZ,Blaze Alexander,3,,,6,26.0,101.9,385.0,FF,Jon Gray,TEX @ AZ,776785,677942,592351
2025-08-12,8:05 PM,AZ,Blaze Alexander,4,,,3,29.0,105.3,411.0,FF,Jack Leiter,TEX @ AZ,776764,677942,683004
2025-08-23,8:10 PM,AZ,Blaze Alexander,5,,,5,41.0,96.1,371.0,FF,Zach Maxwell,CIN @ AZ,776622,677942,687209
2025-08-27,7:40 PM,AZ,Blaze Alexander,6,,,6,31.0,98.5,361.0,ST,Erick Fedde,MIL @ AZ,776572,677942,607200
2025-08-29,10:10 PM,AZ,Blaze Alexander,7,,,4,28.0,107.5,400.0,FF,Blake Snell,LAD @ AZ,776534,677942,605483
2025-05-17,8:10 PM,AZ,Alek Thomas,1,,,4,33.0,94.4,378.0,FF,Angel Chivilli,COL @ AZ,777887,677950,683409
2025-06-05,12:15 PM,AZ,Alek Thomas,2,,,9,25.0,105.6,404.0,SL,Scott Blewett,ATL @ AZ,777640,677950,656240
2025-06-10,9:40 PM,AZ,Alek Thomas,3,,,8,25.0,106.9,426.0,FF,Jackson Kowar,SEA @ AZ,777559,677950,663804
2025-06-27,9:40 PM,AZ,Alek Thomas,4,,,7,28.0,102.7,410.0,ST,Cade Gibson,MIA @ AZ,777332,677950,806188
2025-07-02,9:40 PM,AZ,Alek Thomas,5,,,5,38.0,101.8,386.0,SI,Landen Roupp,SF @ AZ,777270,677950,694738
2025-07-28,6:40 PM,AZ,Alek Thomas,6,,,8,22.0,103.2,371.0,CH,Tommy Kahnle,DET @ AZ,776973,677950,592454
2025-08-02,10:05 PM,AZ,Alek Thomas,7,,,6,31.0,103.0,404.0,FF,Justin Sterner,ATH @ AZ,776899,677950,686993
2025-08-04,9:40 PM,AZ,Alek Thomas,8,,,8,26.0,100.8,392.0,FF,Yuki Matsui,SD @ AZ,776873,677950,673513
2025-09-13,7:10 PM,AZ,Alek Thomas,9,,,4,30.0,110.6,440.0,FF,Joe Ryan,MIN @ AZ,776337,677950,657746
2025-04-05,4:10 PM,KC,Bobby Witt Jr.,1,,,6,25.0,105.2,399.0,CU,Tomoyuki Sugano,BAL @ KC,778441,677951,608372
2025-04-14,7:05 PM,KC,Bobby Witt Jr.,2,,,3,20.0,108.3,388.0,SL,Carlos Carrasco,NYY @ KC,778327,677951,471911
2025-05-01,1:10 PM,KC,Bobby Witt Jr.,3,,,5,25.0,100.5,330.0,FF,Shane Baz,TB @ KC,778097,677951,669358
2025-05-04,1:35 PM,KC,Bobby Witt Jr.,4,,,7,35.0,106.7,407.0,SI,Yennier Cano,BAL @ KC,778062,677951,666974
2025-05-07,7:40 PM,KC,Bobby Witt Jr.,5,,,5,24.0,99.4,392.0,SI,Jonathan Cannon,CWS @ KC,778012,677951,686563
2025-05-30,8:10 PM,KC,Bobby Witt Jr.,6,,,1,27.0,112.3,442.0,SV,Casey Mize,DET @ KC,777711,677951,663554
2025-06-03,7:45 PM,KC,Bobby Witt Jr.,7,,,1,26.0,106.9,428.0,FF,Andre Pallante,STL @ KC,777660,677951,669467
2025-06-08,2:10 PM,KC,Bobby Witt Jr.,8,,,9,21.0,109.4,415.0,FF,Bryse Wilson,CWS @ KC,777590,677951,669060
2025-06-17,8:05 PM,KC,Bobby Witt Jr.,9,,,5,22.0,110.3,396.0,CH,Jack Leiter,TEX @ KC,777468,677951,683004
2025-06-20,9:40 PM,KC,Bobby Witt Jr.,10,,,1,22.0,111.2,401.0,CU,Nick Pivetta,SD @ KC,777426,677951,601713
2025-06-27,8:10 PM,KC,Bobby Witt Jr.,11,,,2,20.0,110.7,428.0,ST,Dustin May,LAD @ KC,777335,677951,669160
2025-07-06,4:10 PM,KC,Bobby Witt Jr.,12,,,4,31.0,107.7,425.0,SL,Anthony DeSclafani,AZ @ KC,777218,677951,543101
2025-07-07,7:40 PM,KC,Bobby Witt Jr.,13,,,4,25.0,104.8,404.0,FF,Chase Shugart,PIT @ KC,777204,677951,663767
2025-07-11,8:10 PM,KC,Bobby Witt Jr.,14,,,7,28.0,105.0,431.0,FF,Huascar Brazobán,NYM @ KC,777151,677951,623211
2025-07-26,7:15 PM,KC,Bobby Witt Jr.,15,,,5,30.0,110.2,449.0,ST,Tanner Bibee,CLE @ KC,776990,677951,676440
2025-08-01,7:07 PM,KC,Bobby Witt Jr.,16,,,3,26.0,108.2,417.0,FS,Kevin Gausman,TOR @ KC,776920,677951,592332
2025-08-08,8:10 PM,KC,Bobby Witt Jr.,17,,,6,30.0,108.7,456.0,SL,Travis Adams,MIN @ KC,776827,677951,701519
2025-08-19,7:40 PM,KC,Bobby Witt Jr.,18,,,8,27.0,108.2,449.0,FC,Cole Winn,TEX @ KC,776675,677951,668390
2025-08-23,6:10 PM,KC,Bobby Witt Jr.,19,,,6,38.0,103.3,373.0,FC,Troy Melton,DET @ KC,776625,677951,675512
2025-08-30,7:15 PM,KC,Bobby Witt Jr.,20,,,8,26.0,105.0,427.0,FF,Tyler Holton,DET @ KC,776528,677951,663947
2025-09-04,7:40 PM,KC,Bobby Witt Jr.,21,,,8,35.0,103.5,399.0,FF,Ryan Zeferjahn,LAA @ KC,776463,677951,666171
2025-09-14,1:35 PM,KC,Bobby Witt Jr.,22,,,9,24.0,105.7,381.0,FF,Max Lazar,PHI @ KC,776334,677951,676661
2025-09-20,7:10 PM,KC,Bobby Witt Jr.,23,,,4,29.0,103.5,422.0,FC,Shane Bieber,TOR @ KC,776245,677951,669456
2025-05-08,7:15 PM,CIN,Rece Hinds,1,,,9,23.0,107.6,407.0,SL,Raisel Iglesias,ATL @ CIN,778003,677956,628452
2025-05-17,6:40 PM,CIN,Rece Hinds,2,,,7,26.0,109.8,423.0,SI,Jakob Junis,CLE @ CIN,777892,677956,596001
2025-06-12,6:35 PM,DET,Parker Meadows,1,,,4,33.0,105.5,392.0,FF,Dean Kremer,BAL @ DET,777540,678009,665152
2025-06-22,12:10 PM,DET,Parker Meadows,2,,,9,22.0,105.2,392.0,FC,Forrest Whitley,TB @ DET,777409,678009,666215
2025-09-05,6:40 PM,DET,Parker Meadows,3,,,3,21.0,106.1,385.0,FF,Shane Smith,CWS @ DET,776452,678009,681343
2025-09-09,7:05 PM,DET,Parker Meadows,4,,,5,23.0,107.1,391.0,FF,Will Warren,NYY @ DET,776398,678009,701542
2025-04-24,1:10 PM,CWS,Miguel Vargas,1,,,6,29.0,105.3,422.0,FF,Jorge Alcala,MIN @ CWS,778189,678246,660896
2025-05-01,2:10 PM,CWS,Miguel Vargas,2,,,6,33.0,94.6,367.0,CH,Craig Yoho,MIL @ CWS,778094,678246,684974
2025-05-13,6:40 PM,CWS,Miguel Vargas,3,,,10,33.0,101.7,373.0,FF,Emilio Pagán,CIN @ CWS,777945,678246,641941
2025-05-16,2:20 PM,CWS,Miguel Vargas,4,,,1,33.0,100.3,402.0,ST,Cade Horton,CHC @ CWS,777900,678246,690990
2025-05-16,2:20 PM,CWS,Miguel Vargas,5,,,3,23.0,104.3,406.0,FF,Cade Horton,CHC @ CWS,777900,678246,690990
2025-05-18,2:20 PM,CWS,Miguel Vargas,6,,,4,36.0,102.1,375.0,FF,Colin Rea,CHC @ CWS,777872,678246,607067
2025-05-25,2:10 PM,CWS,Miguel Vargas,7,,,4,35.0,98.3,345.0,FC,Patrick Corbin,TEX @ CWS,777777,678246,571578
2025-05-27,7:10 PM,CWS,Miguel Vargas,8,,,1,44.0,105.2,354.0,FF,Tylor Megill,NYM @ CWS,777749,678246,656731
2025-06-08,2:10 PM,CWS,Miguel Vargas,9,,,1,20.0,107.9,372.0,SI,Michael Lorenzen,KC @ CWS,777590,678246,547179
2025-06-15,2:35 PM,CWS,Miguel Vargas,10,,,6,32.0,99.9,380.0,FF,Jacob Webb,TEX @ CWS,777493,678246,657097
2025-07-20,1:35 PM,CWS,Miguel Vargas,11,,,1,31.0,102.0,411.0,SI,Andrew Heaney,PIT @ CWS,777074,678246,571760
2025-07-21,7:35 PM,CWS,Miguel Vargas,12,,,5,24.0,99.5,344.0,FF,Shane Baz,TB @ CWS,777059,678246,669358
2025-07-30,2:10 PM,CWS,Miguel Vargas,13,,,7,31.0,97.6,378.0,FF,Max Lazar,PHI @ CWS,776939,678246,676661
2025-08-28,7:40 PM,CWS,Miguel Vargas,14,,,2,31.0,106.6,401.0,SI,Will Warren,NYY @ CWS,776556,678246,701542
2025-09-19,7:40 PM,CWS,Miguel Vargas,15,,,1,24.0,100.3,371.0,SL,Dylan Cease,SD @ CWS,776264,678246,656302
2025-09-28,3:05 PM,CWS,Miguel Vargas,16,,,1,28.0,100.1,404.0,SI,Brad Lord,WSH @ CWS,776143,678246,695418
2025-05-22,12:35 PM,NYY,Jorbit Vivas,1,,,5,23.0,101.0,360.0,FF,Nathan Eovaldi,TEX @ NYY,777818,678391,543135
2025-09-21,4:10 PM,AZ,Jorge Barrosa,1,,,6,35.0,99.3,389.0,SL,Tim Mayza,PHI @ AZ,776230,678489,641835
2025-05-21,1:10 PM,TB,Curtis Mead,1,,,4,28.0,104.3,397.0,SL,Hunter Brown,HOU @ TB,777832,678554,686613
2025-05-23,7:05 PM,TB,Curtis Mead,2,,,4,37.0,104.6,386.0,FC,Eric Lauer,TOR @ TB,777810,678554,641778
2025-05-25,1:40 PM,TB,Curtis Mead,3,,,7,39.0,96.3,329.0,SL,Paxton Schultz,TOR @ TB,777775,678554,687606
2025-05-17,8:10 PM,COL,Ezequiel Tovar,1,,,3,31.0,102.6,425.0,SL,Zac Gallen,AZ @ COL,777887,678662,668678
2025-05-19,8:40 PM,COL,Ezequiel Tovar,2,,,1,31.0,107.2,418.0,SL,Cristopher Sánchez,PHI @ COL,777852,678662,650911
2025-05-31,4:10 PM,COL,Ezequiel Tovar,3,,,1,30.0,103.7,376.0,FO,Kodai Senga,NYM @ COL,777700,678662,673540
2025-07-19,8:10 PM,COL,Ezequiel Tovar,4,,,5,33.0,103.3,433.0,FF,Brock Stewart,MIN @ COL,777080,678662,592779
2025-07-23,3:10 PM,COL,Ezequiel Tovar,5,,,8,34.0,100.0,390.0,SL,John King,STL @ COL,777028,678662,667463
2025-07-25,7:05 PM,COL,Ezequiel Tovar,6,,,8,26.0,107.1,409.0,SI,Andrew Kittredge,BAL @ COL,777020,678662,552640
2025-08-18,8:40 PM,COL,Ezequiel Tovar,7,,,7,32.0,97.8,413.0,FF,Yoshinobu Yamamoto,LAD @ COL,776693,678662,808967
2025-08-28,2:10 PM,COL,Ezequiel Tovar,8,,,4,29.0,97.7,364.0,CH,Jason Alexander,HOU @ COL,776555,678662,669920
2025-09-26,10:15 PM,COL,Ezequiel Tovar,9,,,5,28.0,109.3,427.0,CU,Trevor McDonald,SF @ COL,776166,678662,686790
2025-04-26,6:10 PM,CLE,Jhonkensy Noel,1,,,4,35.0,102.6,381.0,ST,Walker Buehler,BOS @ CLE,778169,678877,621111
2025-05-01,1:10 PM,CLE,Jhonkensy Noel,2,,,4,23.0,115.3,450.0,CH,Simeon Woods Richardson,MIN @ CLE,778108,678877,680573
2025-09-02,6:45 PM,CLE,Jhonkensy Noel,3,,,2,24.0,98.6,355.0,FF,Garrett Crochet,BOS @ CLE,776493,678877,676979
2025-09-13,6:10 PM,CLE,Jhonkensy Noel,4,,,8,28.0,107.3,408.0,SI,Fraser Ellard,CWS @ CLE,776348,678877,686642
2025-09-18,1:10 PM,CLE,Jhonkensy Noel,5,,,4,23.0,105.8,411.0,CH,Tarik Skubal,DET @ CLE,776275,678877,669373
2025-09-28,3:10 PM,CLE,Jhonkensy Noel,6,,,7,22.0,109.7,394.0,SI,Hoby Milner,TEX @ CLE,776147,678877,571948
2025-04-18,7:10 PM,BOS,Ceddanne Rafaela,1,,,4,27.0,105.2,406.0,ST,Penn Murfee,CWS @ BOS,778275,678882,682171
2025-04-27,1:40 PM,BOS,Ceddanne Rafaela,2,,,7,32.0,108.7,406.0,FF,Joey Cantillo,CLE @ BOS,778157,678882,676282
2025-05-28,1:10 PM,BOS,Ceddanne Rafaela,3,,,2,25.0,100.0,386.0,FF,Freddy Peralta,MIL @ BOS,777736,678882,642547
2025-06-02,7:10 PM,BOS,Ceddanne Rafaela,4,,,8,27.0,105.9,384.0,FF,Héctor Neris,LAA @ BOS,777670,678882,593576
2025-06-03,7:10 PM,BOS,Ceddanne Rafaela,5,,,6,26.0,112.1,426.0,SL,Yusei Kikuchi,LAA @ BOS,777667,678882,579328
2025-06-04,1:35 PM,BOS,Ceddanne Rafaela,6,,,9,31.0,94.0,308.0,CH,Brock Burke,LAA @ BOS,777649,678882,656271
2025-06-20,10:15 PM,BOS,Ceddanne Rafaela,7,,,6,29.0,107.3,424.0,KC,Sean Hjelle,SF @ BOS,777425,678882,663546
2025-06-22,4:05 PM,BOS,Ceddanne Rafaela,8,,,6,38.0,99.9,367.0,SV,Spencer Bivens,SF @ BOS,777395,678882,702352
2025-06-28,4:10 PM,BOS,Ceddanne Rafaela,9,,,6,27.0,105.0,400.0,CH,Paxton Schultz,TOR @ BOS,777323,678882,687606
2025-07-05,4:05 PM,BOS,Ceddanne Rafaela,10,,,3,36.0,105.1,385.0,FF,Mitchell Parker,WSH @ BOS,777228,678882,680730
2025-07-06,1:35 PM,BOS,Ceddanne Rafaela,11,,,9,24.0,109.7,407.0,SL,Andrew Chafin,WSH @ BOS,777213,678882,605177
2025-07-07,7:10 PM,BOS,Ceddanne Rafaela,12,,,8,26.0,104.0,407.0,FF,Ryan Rolison,COL @ BOS,777209,678882,669020
2025-07-11,7:10 PM,BOS,Ceddanne Rafaela,13,,,9,34.0,103.0,406.0,SL,Pete Fairbanks,TB @ BOS,777155,678882,664126
2025-07-13,1:35 PM,BOS,Ceddanne Rafaela,14,,,6,39.0,99.3,352.0,FF,Ryan Pepiot,TB @ BOS,777130,678882,686752
2025-08-27,6:35 PM,BOS,Ceddanne Rafaela,15,,,9,34.0,102.1,392.0,CH,Keegan Akin,BAL @ BOS,776579,678882,669211
2025-09-02,6:45 PM,BOS,Ceddanne Rafaela,16,,,6,33.0,106.8,395.0,SL,Slade Cecconi,CLE @ BOS,776493,678882,677944
2025-07-29,9:45 PM,PIT,Liover Peguero,1,,,5,28.0,103.2,392.0,FF,Justin Verlander,SF @ PIT,776943,678894,434378
2025-08-02,3:10 PM,PIT,Liover Peguero,2,,,1,29.0,101.6,410.0,FF,Austin Gomber,COL @ PIT,776904,678894,596295
2025-08-02,3:10 PM,PIT,Liover Peguero,3,,,5,24.0,101.6,384.0,KC,Austin Gomber,COL @ PIT,776904,678894,596295
2025-08-02,3:10 PM,PIT,Liover Peguero,4,,,9,28.0,96.3,390.0,SL,Dugan Darnell,COL @ PIT,776904,678894,699911
2025-04-29,6:45 PM,PHI,Johan Rojas,1,,,3,24.0,103.8,421.0,CH,MacKenzie Gore,WSH @ PHI,778131,679032,669022
2025-04-05,1:10 PM,DET,Spencer Torkelson,1,,,3,25.0,106.8,368.0,CH,Davis Martin,CWS @ DET,778445,679529,663436
2025-04-08,1:10 PM,DET,Spencer Torkelson,2,,,4,25.0,102.4,404.0,SL,Carlos Carrasco,NYY @ DET,778403,679529,471911
2025-04-12,2:10 PM,DET,Spencer Torkelson,3,,,6,33.0,107.0,421.0,ST,Kody Funderburk,MIN @ DET,778348,679529,681892
2025-04-13,2:10 PM,DET,Spencer Torkelson,4,,,4,29.0,110.5,396.0,FF,Simeon Woods Richardson,MIN @ DET,778335,679529,680573
2025-04-16,1:10 PM,DET,Spencer Torkelson,5,,,6,27.0,103.7,395.0,SI,Jose Quintana,MIL @ DET,778295,679529,500779
2025-04-19,1:10 PM,DET,Spencer Torkelson,6,,,5,41.0,106.3,375.0,CH,Seth Lugo,KC @ DET,778265,679529,607625
2025-04-26,1:10 PM,DET,Spencer Torkelson,7,,,7,30.0,103.2,387.0,SI,Cionel Pérez,BAL @ DET,778168,679529,672335
2025-05-01,9:38 PM,DET,Spencer Torkelson,8,,,9,28.0,102.9,386.0,SL,Garrett McDaniels,LAA @ DET,778101,679529,680729
2025-05-03,9:38 PM,DET,Spencer Torkelson,9,,,8,29.0,104.5,401.0,CU,Kyle Hendricks,LAA @ DET,778067,679529,543294
2025-05-13,6:40 PM,DET,Spencer Torkelson,10,,,4,33.0,99.8,353.0,SI,Brayan Bello,BOS @ DET,777940,679529,678394
2025-05-17,3:07 PM,DET,Spencer Torkelson,11,,,2,27.0,103.6,399.0,CH,Eric Lauer,TOR @ DET,777886,679529,641778
2025-05-23,7:10 PM,DET,Spencer Torkelson,12,,,6,28.0,108.4,405.0,SL,Slade Cecconi,CLE @ DET,777807,679529,677944
2025-05-30,8:10 PM,DET,Spencer Torkelson,13,,,8,31.0,108.0,436.0,CH,Andrew Hoffmann,KC @ DET,777711,679529,694851
2025-06-06,7:10 PM,DET,Spencer Torkelson,14,,,6,23.0,103.4,392.0,FF,Ben Brown,CHC @ DET,777626,679529,676962
2025-06-10,6:35 PM,DET,Spencer Torkelson,15,,,5,27.0,103.9,419.0,FF,Cade Povich,BAL @ DET,777573,679529,700249
2025-06-26,1:10 PM,DET,Spencer Torkelson,16,,,2,26.0,95.6,372.0,CH,Jeffrey Springs,ATH @ DET,777351,679529,605488
2025-07-02,1:05 PM,DET,Spencer Torkelson,17,,,6,30.0,107.1,396.0,FF,Eduardo Salazar,WSH @ DET,777284,679529,674285
2025-07-03,6:45 PM,DET,Spencer Torkelson,18,,,1,32.0,104.7,428.0,FF,Jake Irvin,WSH @ DET,777258,679529,663623
2025-07-05,7:15 PM,DET,Spencer Torkelson,19,,,2,32.0,99.6,386.0,FF,Logan Allen,CLE @ DET,777240,679529,671106
2025-07-08,6:40 PM,DET,Spencer Torkelson,20,,,4,30.0,98.2,366.0,SL,Ryan Pepiot,TB @ DET,777195,679529,686752
2025-07-24,6:40 PM,DET,Spencer Torkelson,21,,,9,28.0,106.3,372.0,FF,Chad Green,TOR @ DET,777021,679529,643338
2025-07-25,7:10 PM,DET,Spencer Torkelson,22,,,6,31.0,101.3,373.0,SI,José Berríos,TOR @ DET,777016,679529,621244
2025-08-06,1:10 PM,DET,Spencer Torkelson,23,,,2,26.0,102.6,371.0,CH,Pierson Ohl,MIN @ DET,776859,679529,701487
2025-08-08,7:10 PM,DET,Spencer Torkelson,24,,,2,33.0,102.3,389.0,CH,Kyle Hendricks,LAA @ DET,776832,679529,543294
2025-08-11,7:40 PM,DET,Spencer Torkelson,25,,,9,31.0,107.6,393.0,FF,Brandon Eisert,CWS @ DET,776781,679529,685126
2025-08-23,6:10 PM,DET,Spencer Torkelson,26,,,4,33.0,103.3,408.0,FC,Michael Wacha,KC @ DET,776625,679529,608379
2025-08-24,1:40 PM,DET,Spencer Torkelson,27,,,7,28.0,103.9,377.0,SI,Lucas Erceg,KC @ DET,776615,679529,668674
2025-09-16,6:40 PM,DET,Spencer Torkelson,28,,,10,35.0,106.2,401.0,SL,Jakob Junis,CLE @ DET,776303,679529,596001
2025-09-19,6:40 PM,DET,Spencer Torkelson,29,,,4,24.0,105.0,392.0,SI,Bryce Elder,ATL @ DET,776268,679529,693821
2025-09-20,1:10 PM,DET,Spencer Torkelson,30,,,7,33.0,104.3,436.0,CU,Pierce Johnson,ATL @ DET,776258,679529,572955
2025-06-03,7:45 PM,KC,Nick Loftin,1,,,5,26.0,100.5,385.0,SL,Andre Pallante,STL @ KC,777660,679845,669467
2025-07-07,7:40 PM,KC,Nick Loftin,2,,,8,24.0,104.9,409.0,FF,Génesis Cabrera,PIT @ KC,777204,679845,650893
2025-07-08,7:40 PM,KC,Nick Loftin,3,,,7,27.0,97.3,359.0,SL,Mitch Keller,PIT @ KC,777194,679845,656605
2025-08-21,2:10 PM,KC,Nick Loftin,4,,,2,30.0,102.7,417.0,SL,Patrick Corbin,TEX @ KC,776657,679845,571578
2025-05-15,10:10 PM,ATH,Max Schuemann,1,,,2,31.0,105.7,424.0,SI,Matt Sauer,LAD @ ATH,777946,680474,669422
2025-07-02,12:10 PM,ATH,Max Schuemann,2,,,2,37.0,101.2,386.0,FF,Ryan Pepiot,TB @ ATH,777271,680474,686752
2025-03-29,4:10 PM,CIN,Matt McLain,1,,,3,32.0,99.8,382.0,SL,Justin Verlander,SF @ CIN,778540,680574,434378
2025-03-30,1:40 PM,CIN,Matt McLain,2,,,6,22.0,107.9,402.0,FF,Robbie Ray,SF @ CIN,778522,680574,592662
2025-03-31,6:40 PM,CIN,Matt McLain,3,,,1,28.0,106.9,397.0,FF,Kumar Rocker,TEX @ CIN,778511,680574,677958
2025-04-18,7:05 PM,CIN,Matt McLain,4,,,4,27.0,103.6,414.0,FF,Cade Povich,BAL @ CIN,778276,680574,700249
2025-05-10,7:10 PM,CIN,Matt McLain,5,,,3,28.0,100.3,394.0,ST,Logan VanWey,HOU @ CIN,777979,680574,701121
2025-05-15,12:40 PM,CIN,Matt McLain,6,,,6,26.0,106.6,406.0,SI,Bryse Wilson,CWS @ CIN,777912,680574,669060
2025-06-08,1:40 PM,CIN,Matt McLain,7,,,7,25.0,104.0,381.0,SL,Zac Gallen,AZ @ CIN,777602,680574,668678
2025-06-14,1:10 PM,CIN,Matt McLain,8,,,8,25.0,102.1,376.0,FF,John Brebbia,DET @ CIN,777517,680574,605154
2025-06-22,2:15 PM,CIN,Matt McLain,9,,,1,31.0,101.9,387.0,SI,Miles Mikolas,STL @ CIN,777407,680574,571945
2025-07-08,7:10 PM,CIN,Matt McLain,10,,,1,31.0,96.4,354.0,SL,Eury Pérez,MIA @ CIN,777197,680574,691587
2025-07-18,,CIN,Matt McLain,11,,,5,36.0,104.8,382.0,FF,Alex Carrillo,NYM @ CIN,777111,680574,692024
2025-08-30,6:40 PM,CIN,Matt McLain,12,,,7,25.0,105.2,406.0,SL,Jorge Alcala,STL @ CIN,776536,680574,660896
2025-08-31,12:10 PM,CIN,Matt McLain,13,,,8,31.0,100.1,370.0,FF,Andre Granillo,STL @ CIN,776518,680574,701552
2025-09-06,6:40 PM,CIN,Matt McLain,14,,,3,26.0,101.4,390.0,FF,Jonah Tong,NYM @ CIN,776439,680574,804636
2025-09-19,6:40 PM,CIN,Matt McLain,15,,,3,27.0,107.3,422.0,FF,Shota Imanaga,CHC @ CIN,776267,680574,684007
2025-05-15,12:35 PM,MIN,DaShawn Keirsey Jr.,1,,,3,27.0,98.9,374.0,ST,Tomoyuki Sugano,BAL @ MIN,777911,680577,608372
2025-07-28,7:40 PM,MIN,DaShawn Keirsey Jr.,2,,,3,30.0,99.0,376.0,SL,Richard Fitts,BOS @ MIN,776961,680577,690916
2025-09-09,7:40 PM,TB,Richie Palacios,1,,,4,32.0,102.8,379.0,CU,Yoendrys Gómez,CWS @ TB,776388,680700,672782
2025-05-11,4:10 PM,TOR,Addison Barger,1,,,7,21.0,107.2,363.0,FC,Collin Snider,SEA @ TOR,777958,680718,676092
2025-05-15,3:07 PM,TOR,Addison Barger,2,,,2,30.0,108.7,414.0,FS,Zack Littell,TB @ TOR,777913,680718,641793
2025-05-30,7:07 PM,TOR,Addison Barger,3,,,6,27.0,109.8,406.0,FS,Grant Holman,ATH @ TOR,777716,680718,680880
2025-05-31,3:07 PM,TOR,Addison Barger,4,,,1,25.0,109.4,428.0,CH,Gunnar Hoglund,ATH @ TOR,777701,680718,680684
2025-06-01,1:37 PM,TOR,Addison Barger,5,,,8,21.0,112.3,412.0,FF,Justin Sterner,ATH @ TOR,777685,680718,686993
2025-06-03,7:07 PM,TOR,Addison Barger,6,,,8,34.0,100.8,373.0,FF,Max Lazar,PHI @ TOR,777665,680718,676661
2025-06-06,8:10 PM,TOR,Addison Barger,7,,,4,36.0,105.5,385.0,FF,Bailey Ober,MIN @ TOR,777615,680718,641927
2025-06-17,7:07 PM,TOR,Addison Barger,8,,,9,27.0,109.3,408.0,FS,Shelby Miller,AZ @ TOR,777479,680718,571946
2025-06-29,1:35 PM,TOR,Addison Barger,9,,,1,28.0,106.2,404.0,SL,Walker Buehler,BOS @ TOR,777310,680718,621111
2025-07-02,7:07 PM,TOR,Addison Barger,10,,,1,25.0,109.4,428.0,CH,Will Warren,NYY @ TOR,777274,680718,701542
2025-07-03,7:07 PM,TOR,Addison Barger,11,,,5,21.0,108.2,401.0,SL,Clayton Beeter,NYY @ TOR,777260,680718,690925
2025-07-07,7:40 PM,TOR,Addison Barger,12,,,6,24.0,107.6,414.0,CH,Sean Burke,CWS @ TOR,777212,680718,680732
2025-07-13,4:05 PM,TOR,Addison Barger,13,,,7,23.0,107.9,448.0,FC,Jeffrey Springs,ATH @ TOR,777116,680718,605488
2025-07-20,12:05 PM,TOR,Addison Barger,14,,,5,34.0,107.9,407.0,ST,Spencer Bivens,SF @ TOR,777079,680718,702352
2025-07-29,12:35 PM,TOR,Addison Barger,15,,,4,26.0,106.3,428.0,CH,Charlie Morton,BAL @ TOR,778372,680718,450203
2025-08-01,7:07 PM,TOR,Addison Barger,16,,,9,19.0,115.7,362.0,SI,Thomas Hatch,KC @ TOR,776920,680718,641672
2025-08-05,8:40 PM,TOR,Addison Barger,17,,,6,27.0,96.5,383.0,SL,Anthony Molina,COL @ TOR,776854,680718,683627
2025-08-10,4:10 PM,TOR,Addison Barger,18,,,8,26.0,104.5,410.0,ST,Blake Treinen,LAD @ TOR,776788,680718,595014
2025-09-03,6:40 PM,TOR,Addison Barger,19,,,5,21.0,102.3,376.0,FF,Zack Littell,CIN @ TOR,776475,680718,641793
2025-09-13,3:07 PM,TOR,Addison Barger,20,,,5,32.0,105.1,402.0,ST,Tomoyuki Sugano,BAL @ TOR,776343,680718,608372
2025-09-28,3:07 PM,TOR,Addison Barger,21,,,7,27.0,108.9,420.0,SI,Kevin Kelly,TB @ TOR,776145,680718,687330
2025-10-15,8:08 PM,TOR,Addison Barger,22,,,9,27.0,108.3,414.0,FF,Luke Jackson,SEA @ TOR,813043,680718,592426
2025-10-19,8:03 PM,TOR,Addison Barger,23,,,3,23.0,103.1,403.0,SL,Logan Gilbert,SEA @ TOR,813038,680718,669302
2025-10-24,8:00 PM,TOR,Addison Barger,24,,,6,31.0,106.2,413.0,SL,Anthony Banda,LAD @ TOR,813027,680718,607455
2025-08-10,4:10 PM,AZ,Adrian Del Castillo,1,,,1,33.0,103.8,403.0,SL,Tanner Gordon,COL @ AZ,776794,680728,685299
2025-08-16,8:10 PM,AZ,Adrian Del Castillo,2,,,7,30.0,97.1,384.0,CU,Nick Anderson,COL @ AZ,776715,680728,623433
2025-09-16,9:40 PM,AZ,Adrian Del Castillo,3,,,2,27.0,102.4,380.0,ST,Tristan Beck,SF @ AZ,776294,680728,663941
2025-09-23,9:40 PM,AZ,Adrian Del Castillo,4,,,7,27.0,108.7,405.0,FC,Edgardo Henriquez,LAD @ AZ,776213,680728,683618
2025-07-21,8:05 PM,TEX,Michael Helman,1,,,5,31.0,104.1,407.0,SL,Jacob Lopez,ATH @ TEX,777057,680737,682052
2025-08-26,8:05 PM,TEX,Michael Helman,2,,,2,24.0,102.9,383.0,FF,Yusei Kikuchi,LAA @ TEX,776575,680737,579328
2025-08-29,10:05 PM,TEX,Michael Helman,3,,,7,30.0,101.7,389.0,ST,Michael Kelly,ATH @ TEX,776538,680737,547184
2025-09-08,8:05 PM,TEX,Michael Helman,4,,,5,25.0,102.9,381.0,SI,Jose Quintana,MIL @ TEX,776406,680737,500779
2025-09-09,8:05 PM,TEX,Michael Helman,5,,,5,31.0,101.5,383.0,FC,Chad Patrick,MIL @ TEX,776395,680737,694477
2025-03-29,4:10 PM,CLE,Steven Kwan,1,,,5,27.0,101.8,406.0,FC,Seth Lugo,KC @ CLE,778529,680757,607625
2025-04-10,1:10 PM,CLE,Steven Kwan,2,,,3,24.0,98.3,361.0,FF,Jonathan Cannon,CWS @ CLE,778378,680757,686563
2025-04-15,7:05 PM,CLE,Steven Kwan,3,,,5,33.0,102.3,380.0,FF,Charlie Morton,BAL @ CLE,778317,680757,450203
2025-04-20,1:35 PM,CLE,Steven Kwan,4,,,3,34.0,99.3,362.0,SI,Mitch Keller,PIT @ CLE,778242,680757,656605
2025-05-31,4:10 PM,CLE,Steven Kwan,5,,,6,26.0,99.9,360.0,SI,Kyle Hendricks,LAA @ CLE,777703,680757,543294
2025-06-13,10:10 PM,CLE,Steven Kwan,6,,,3,25.0,100.4,391.0,CH,Luis Castillo,SEA @ CLE,777520,680757,622491
2025-07-24,1:10 PM,CLE,Steven Kwan,7,,,3,29.0,98.4,384.0,CH,Charlie Morton,BAL @ CLE,777019,680757,450203
2025-07-24,1:10 PM,CLE,Steven Kwan,8,,,5,30.0,98.6,372.0,CU,Charlie Morton,BAL @ CLE,777019,680757,450203
2025-07-26,7:15 PM,CLE,Steven Kwan,9,,,4,33.0,101.9,431.0,CU,Jonathan Bowlan,KC @ CLE,776990,680757,680742
2025-08-13,6:40 PM,CLE,Steven Kwan,10,,,1,30.0,96.1,368.0,FF,Eury Pérez,MIA @ CLE,776766,680757,691587
2025-09-21,2:10 PM,CLE,Steven Kwan,11,,,1,25.0,104.2,373.0,FF,Simeon Woods Richardson,MIN @ CLE,776225,680757,680573
2025-04-15,7:05 PM,BOS,Jarren Duran,1,,,2,30.0,101.8,388.0,FF,Ryan Pepiot,TB @ BOS,778319,680776,686752
2025-04-29,7:07 PM,BOS,Jarren Duran,2,,,1,25.0,99.6,378.0,FF,Bowden Francis,TOR @ BOS,778127,680776,670102
2025-05-17,7:15 PM,BOS,Jarren Duran,3,,,3,26.0,108.2,411.0,FF,Grant Holmes,ATL @ BOS,777893,680776,656550
2025-05-24,1:05 PM,BOS,Jarren Duran,4,,,1,27.0,105.5,393.0,FC,Zach Eflin,BAL @ BOS,777809,680776,621107
2025-06-11,7:10 PM,BOS,Jarren Duran,5,,,1,39.0,110.0,389.0,FF,Zack Littell,TB @ BOS,777561,680776,641793
2025-06-30,7:10 PM,BOS,Jarren Duran,6,,,6,27.0,97.8,373.0,ST,Joe La Sorsa,CIN @ BOS,777300,680776,686747
2025-07-08,7:10 PM,BOS,Jarren Duran,7,,,7,26.0,111.4,439.0,FS,Zach Agnos,COL @ BOS,777196,680776,688642
2025-07-09,7:10 PM,BOS,Jarren Duran,8,,,8,21.0,113.0,417.0,FS,Seth Halvorsen,COL @ BOS,777179,680776,678020
2025-07-21,6:45 PM,BOS,Jarren Duran,9,,,1,30.0,97.9,365.0,FF,Zack Wheeler,PHI @ BOS,777063,680776,554430
2025-07-29,7:40 PM,BOS,Jarren Duran,10,,,5,26.0,108.9,446.0,FF,Michael Tonkin,MIN @ BOS,776954,680776,543859
2025-07-30,1:10 PM,BOS,Jarren Duran,11,,,6,29.0,107.5,416.0,FC,Noah Davis,MIN @ BOS,776935,680776,663562
2025-08-04,7:10 PM,BOS,Jarren Duran,12,,,1,22.0,109.9,419.0,SL,Bailey Falter,KC @ BOS,776880,680776,663559
2025-08-25,6:35 PM,BOS,Jarren Duran,13,,,5,27.0,103.6,407.0,FS,Tomoyuki Sugano,BAL @ BOS,776604,680776,608372
2025-08-31,1:35 PM,BOS,Jarren Duran,14,,,5,13.0,103.1,266.0,FF,Mitch Keller,PIT @ BOS,776517,680776,656605
2025-09-13,4:10 PM,BOS,Jarren Duran,15,,,8,22.0,106.4,386.0,FS,Fernando Cruz,NYY @ BOS,776344,680776,518585
2025-09-19,7:35 PM,BOS,Jarren Duran,16,,,7,32.0,103.4,385.0,SI,Garrett Cleavinger,TB @ BOS,776261,680776,664076
2025-04-28,6:10 PM,MIN,Ryan Jeffers,1,,,8,33.0,102.3,412.0,CU,Will Wilson,CLE @ MIN,778139,680777,669717
2025-05-02,7:10 PM,MIN,Ryan Jeffers,2,,,3,22.0,108.9,406.0,ST,Brayan Bello,BOS @ MIN,778089,680777,678394
2025-05-17,7:15 PM,MIN,Ryan Jeffers,3,,,1,28.0,105.3,420.0,FF,Tobias Myers,MIL @ MIN,777883,680777,668964
2025-06-04,10:05 PM,MIN,Ryan Jeffers,4,,,1,24.0,104.0,414.0,FF,Justin Sterner,ATH @ MIN,777643,680777,686993
2025-06-19,12:40 PM,MIN,Ryan Jeffers,5,,,8,28.0,108.3,448.0,SI,Taylor Rogers,CIN @ MIN,777452,680777,573124
2025-06-22,2:10 PM,MIN,Ryan Jeffers,6,,,4,36.0,107.6,386.0,SL,Quinn Priester,MIL @ MIN,777401,680777,682990
2025-07-08,7:40 PM,MIN,Ryan Jeffers,7,,,8,36.0,106.8,420.0,FF,Porter Hodge,CHC @ MIN,777190,680777,687863
2025-08-04,6:40 PM,MIN,Ryan Jeffers,8,,,1,25.0,107.0,420.0,SI,Casey Mize,DET @ MIN,776874,680777,663554
2025-08-19,7:40 PM,MIN,Ryan Jeffers,9,,,5,22.0,101.0,371.0,CH,Jacob Lopez,ATH @ MIN,776674,680777,682052
2025-04-16,6:40 PM,PIT,Henry Davis,1,,,5,26.0,105.6,392.0,FF,Mitchell Parker,WSH @ PIT,778293,680779,680730
2025-05-27,9:40 PM,PIT,Henry Davis,2,,,6,25.0,109.6,432.0,SI,Corbin Burnes,AZ @ PIT,777744,680779,669203
2025-06-06,6:40 PM,PIT,Henry Davis,3,,,4,27.0,104.4,402.0,SL,Alan Rangel,PHI @ PIT,777621,680779,660604
2025-06-07,4:05 PM,PIT,Henry Davis,4,,,7,34.0,102.9,401.0,CH,Ranger Suárez,PHI @ PIT,777607,680779,624133
2025-08-07,6:40 PM,PIT,Henry Davis,5,,,7,35.0,100.4,373.0,FF,Brent Suter,CIN @ PIT,776840,680779,608718
2025-08-26,7:45 PM,PIT,Henry Davis,6,,,3,24.0,106.7,403.0,SL,Andre Pallante,STL @ PIT,776578,680779,669467
2025-09-27,7:15 PM,PIT,Henry Davis,7,,,3,26.0,109.3,425.0,CU,Spencer Strider,ATL @ PIT,776156,680779,675911
2025-08-10,1:05 PM,MIN,Ryan Fitzgerald,1,,,3,23.0,104.0,376.0,SL,Ryan Bergert,KC @ MIN,776796,680837,686701
2025-09-09,9:38 PM,MIN,Ryan Fitzgerald,2,,,9,43.0,97.7,361.0,FF,Brock Burke,LAA @ MIN,776390,680837,656271
2025-09-16,7:40 PM,MIN,Ryan Fitzgerald,3,,,6,29.0,102.1,393.0,FC,Ryan Yarbrough,NYY @ MIN,776298,680837,642232
2025-09-27,6:05 PM,MIN,Ryan Fitzgerald,4,,,7,34.0,105.8,413.0,FF,Max Lazar,PHI @ MIN,776163,680837,676661
2025-06-19,10:05 PM,ATH,Willie MacIver,1,,,2,36.0,101.3,423.0,FF,Colton Gordon,HOU @ ATH,777441,680862,676467
2025-06-29,1:35 PM,ATH,Willie MacIver,2,,,5,31.0,100.6,386.0,SI,Marcus Stroman,NYY @ ATH,777307,680862,573186
2025-09-07,4:07 PM,ATH,Willie MacIver,3,,,3,22.0,103.6,407.0,FF,Mitch Farris,LAA @ ATH,776414,680862,815083
2025-08-27,10:05 PM,ATH,Zack Gelof,1,,,2,31.0,97.7,400.0,SL,Casey Mize,DET @ ATH,776559,680869,663554
2025-09-01,2:15 PM,ATH,Zack Gelof,2,,,4,29.0,102.6,385.0,FF,Sonny Gray,STL @ ATH,776497,680869,543243
2025-03-31,7:45 PM,STL,Brendan Donovan,1,,,2,25.0,102.1,384.0,SI,Tyler Anderson,LAA @ STL,778503,680977,542881
2025-04-04,2:10 PM,STL,Brendan Donovan,2,,,5,28.0,106.1,404.0,FF,Walker Buehler,BOS @ STL,778463,680977,621111
2025-04-18,7:10 PM,STL,Brendan Donovan,3,,,9,26.0,104.8,370.0,CH,Huascar Brazobán,NYM @ STL,778270,680977,623211
2025-05-28,6:35 PM,STL,Brendan Donovan,4,,,5,25.0,103.2,390.0,ST,Cade Povich,BAL @ STL,777740,680977,700249
2025-06-23,7:45 PM,STL,Brendan Donovan,5,,,5,20.0,109.4,393.0,FF,Ben Brown,CHC @ STL,777392,680977,676962
2025-06-28,4:10 PM,STL,Brendan Donovan,6,,,1,21.0,105.3,391.0,FF,Slade Cecconi,CLE @ STL,777329,680977,677944
2025-07-04,2:20 PM,STL,Brendan Donovan,7,,,4,26.0,98.8,365.0,FF,Colin Rea,CHC @ STL,777246,680977,607067
2025-07-08,7:45 PM,STL,Brendan Donovan,8,,,3,28.0,103.1,391.0,FF,Jake Irvin,WSH @ STL,777191,680977,663623
2025-07-24,7:45 PM,STL,Brendan Donovan,9,,,2,22.0,109.6,385.0,ST,Yu Darvish,SD @ STL,777023,680977,506433
2025-09-13,8:15 PM,STL,Brendan Donovan,10,,,3,24.0,104.7,396.0,CU,Jacob Misiorowski,MIL @ STL,776339,680977,694819
2025-03-29,4:05 PM,PHI,Bryson Stott,1,,,4,23.0,101.6,349.0,FC,Jake Irvin,WSH @ PHI,778535,681082,663623
2025-04-21,7:10 PM,PHI,Bryson Stott,2,,,9,30.0,103.0,399.0,FF,Edwin Díaz,NYM @ PHI,778225,681082,621242
2025-05-08,7:05 PM,PHI,Bryson Stott,3,,,8,29.0,104.2,409.0,FF,Edwin Uceta,TB @ PHI,778005,681082,670955
2025-05-17,6:05 PM,PHI,Bryson Stott,4,,,3,29.0,102.8,411.0,SL,Carmen Mlodzinski,PIT @ PHI,777894,681082,669387
2025-06-18,6:40 PM,PHI,Bryson Stott,5,,,4,29.0,102.8,396.0,FF,Adam Mazur,MIA @ PHI,777465,681082,800049
2025-07-06,1:35 PM,PHI,Bryson Stott,6,,,8,26.0,105.8,405.0,FF,Tony Santillan,CIN @ PHI,777217,681082,663574
2025-07-23,7:10 PM,PHI,Bryson Stott,7,,,4,26.0,104.9,368.0,SL,Lucas Giolito,BOS @ PHI,777038,681082,608337
2025-08-19,6:45 PM,PHI,Bryson Stott,8,,,4,27.0,105.7,393.0,FF,Bryce Miller,SEA @ PHI,776680,681082,682243
2025-08-22,6:45 PM,PHI,Bryson Stott,9,,,6,36.0,101.5,379.0,FF,Cade Cavalli,WSH @ PHI,776648,681082,676917
2025-09-05,7:10 PM,PHI,Bryson Stott,10,,,7,21.0,108.8,395.0,SL,George Soriano,MIA @ PHI,776456,681082,666277
2025-09-12,6:45 PM,PHI,Bryson Stott,11,,,7,24.0,107.7,391.0,SL,Taylor Clarke,KC @ PHI,776354,681082,664199
2025-09-14,1:35 PM,PHI,Bryson Stott,12,,,8,21.0,107.8,405.0,FF,John Schreiber,KC @ PHI,776334,681082,670167
2025-09-24,6:45 PM,PHI,Bryson Stott,13,,,4,27.0,106.7,441.0,FF,Ryan Weathers,MIA @ PHI,776201,681082,677960
2025-03-29,3:07 PM,BAL,Colton Cowser,1,,,1,22.0,110.6,417.0,FF,Max Scherzer,TOR @ BAL,778536,681297,453286
2025-06-03,9:40 PM,BAL,Colton Cowser,2,,,6,28.0,101.4,374.0,FF,Eduard Bazardo,SEA @ BAL,777655,681297,660825
2025-06-07,10:05 PM,BAL,Colton Cowser,3,,,6,32.0,112.4,455.0,FC,Luis Severino,ATH @ BAL,777599,681297,622663
2025-06-17,7:35 PM,BAL,Colton Cowser,4,,,5,23.0,109.1,405.0,SL,Zack Littell,TB @ BAL,777477,681297,641793
2025-06-18,7:35 PM,BAL,Colton Cowser,5,,,2,26.0,99.9,388.0,FS,Taj Bradley,TB @ BAL,777463,681297,671737
2025-06-19,7:35 PM,BAL,Colton Cowser,6,,,6,31.0,96.7,369.0,FF,Edwin Uceta,TB @ BAL,777446,681297,670955
2025-06-30,8:05 PM,BAL,Colton Cowser,7,,,10,25.0,113.7,425.0,FF,Shawn Armstrong,TEX @ BAL,777292,681297,542888
2025-07-05,4:10 PM,BAL,Colton Cowser,8,,,4,31.0,100.3,426.0,FC,Dylan Dodd,ATL @ BAL,777237,681297,689266
2025-07-28,6:35 PM,BAL,Colton Cowser,9,,,7,30.0,106.0,391.0,SI,Justin Bruihl,TOR @ BAL,776966,681297,677865
2025-08-22,7:05 PM,BAL,Colton Cowser,10,,,7,28.0,108.3,417.0,FF,Enyel De Los Santos,HOU @ BAL,776643,681297,660853
2025-08-23,7:05 PM,BAL,Colton Cowser,11,,,5,27.0,105.9,400.0,ST,AJ Blubaugh,HOU @ BAL,776629,681297,805123
2025-08-25,6:35 PM,BAL,Colton Cowser,12,,,2,32.0,101.7,402.0,CU,Richard Fitts,BOS @ BAL,776604,681297,690916
2025-09-03,4:10 PM,BAL,Colton Cowser,13,,,3,31.0,108.1,420.0,FF,Nestor Cortes,SD @ BAL,776465,681297,641482
2025-09-14,1:37 PM,BAL,Colton Cowser,14,,,7,22.0,105.3,388.0,FF,Louis Varland,TOR @ BAL,776322,681297,686973
2025-09-15,7:40 PM,BAL,Colton Cowser,15,,,6,28.0,102.7,371.0,SI,Tyler Alexander,CWS @ BAL,776314,681297,641302
2025-09-23,6:35 PM,BAL,Colton Cowser,16,,,6,28.0,108.1,426.0,FF,Ian Seymour,TB @ BAL,776223,681297,693855
2025-04-02,1:15 PM,LAA,Logan O'Hoppe,1,,,7,31.0,103.3,404.0,SI,Sonny Gray,STL @ LAA,778473,681351,543243
2025-04-04,9:38 PM,LAA,Logan O'Hoppe,2,,,9,26.0,103.6,392.0,FC,Emmanuel Clase,CLE @ LAA,778447,681351,661403
2025-04-05,9:38 PM,LAA,Logan O'Hoppe,3,,,5,30.0,99.9,396.0,SI,Tanner Bibee,CLE @ LAA,778437,681351,676440
2025-04-06,4:07 PM,LAA,Logan O'Hoppe,4,,,2,39.0,105.6,391.0,SL,Luis L. Ortiz,CLE @ LAA,778425,681351,682847
2025-04-24,9:29 PM,LAA,Logan O'Hoppe,5,,,4,35.0,102.2,376.0,FF,Carmen Mlodzinski,PIT @ LAA,778191,681351,669387
2025-04-25,7:40 PM,LAA,Logan O'Hoppe,6,,,6,22.0,109.2,412.0,KC,Louis Varland,MIN @ LAA,778186,681351,686973
2025-04-29,9:40 PM,LAA,Logan O'Hoppe,7,,,7,26.0,104.4,395.0,FC,Carlos Vargas,SEA @ LAA,778121,681351,672841
2025-05-01,9:38 PM,LAA,Logan O'Hoppe,8,,,2,34.0,102.4,408.0,FS,Casey Mize,DET @ LAA,778101,681351,663554
2025-05-17,9:10 PM,LAA,Logan O'Hoppe,9,,,7,30.0,99.2,379.0,FF,Kirby Yates,LAD @ LAA,777884,681351,489446
2025-05-20,10:05 PM,LAA,Logan O'Hoppe,10,,,4,38.0,109.3,381.0,ST,Gunnar Hoglund,ATH @ LAA,777843,681351,680684
2025-05-21,10:05 PM,LAA,Logan O'Hoppe,11,,,2,34.0,108.1,470.0,CH,JP Sears,ATH @ LAA,777828,681351,676664
2025-05-21,10:05 PM,LAA,Logan O'Hoppe,12,,,4,32.0,107.2,431.0,ST,JP Sears,ATH @ LAA,777828,681351,676664
2025-05-22,3:35 PM,LAA,Logan O'Hoppe,13,,,7,27.0,104.1,410.0,FF,Grant Holman,ATH @ LAA,777812,681351,680880
2025-06-21,9:38 PM,LAA,Logan O'Hoppe,14,,,3,34.0,104.1,396.0,FC,Brandon Walter,HOU @ LAA,777414,681351,687888
2025-06-21,9:38 PM,LAA,Logan O'Hoppe,15,,,7,34.0,100.5,394.0,ST,Kaleb Ort,HOU @ LAA,777414,681351,672391
2025-06-22,4:07 PM,LAA,Logan O'Hoppe,16,,,4,22.0,109.3,373.0,ST,Ryan Gusto,HOU @ LAA,777397,681351,687473
2025-07-21,7:10 PM,LAA,Logan O'Hoppe,17,,,2,26.0,107.0,401.0,FC,Kodai Senga,NYM @ LAA,777061,681351,673540
2025-08-25,8:05 PM,LAA,Logan O'Hoppe,18,,,9,34.0,103.9,407.0,ST,Jacob Webb,TEX @ LAA,776592,681351,657097
2025-04-27,4:10 PM,MIA,Connor Norby,1,,,8,28.0,108.2,408.0,SI,Trent Thornton,SEA @ MIA,778136,681393,663423
2025-05-13,7:40 PM,MIA,Connor Norby,2,,,7,33.0,104.5,400.0,FF,Julian Merryweather,CHC @ MIA,777936,681393,657240
2025-05-24,10:07 PM,MIA,Connor Norby,3,,,7,36.0,98.2,361.0,CH,Caden Dana,LAA @ MIA,777781,681393,702674
2025-06-18,6:40 PM,MIA,Connor Norby,4,,,5,33.0,107.2,415.0,FC,Ranger Suárez,PHI @ MIA,777465,681393,624133
2025-07-04,7:10 PM,MIA,Connor Norby,5,,,4,31.0,104.1,409.0,FC,Quinn Priester,MIL @ MIA,777254,681393,682990
2025-07-09,7:10 PM,MIA,Connor Norby,6,,,9,26.0,99.5,369.0,FF,Emilio Pagán,CIN @ MIA,777183,681393,641941
2025-09-20,7:05 PM,MIA,Connor Norby,7,,,6,36.0,104.4,384.0,SL,Jack Leiter,TEX @ MIA,776242,681393,683004
2025-09-26,7:10 PM,MIA,Connor Norby,8,,,5,35.0,109.0,422.0,SI,Gregory Soto,NYM @ MIA,776173,681393,642397
2025-04-02,2:10 PM,CWS,Brooks Baldwin,1,,,7,27.0,106.2,401.0,CH,Pablo López,MIN @ CWS,778474,681460,641154
2025-04-16,7:40 PM,CWS,Brooks Baldwin,2,,,3,33.0,106.3,407.0,SL,Osvaldo Bido,ATH @ CWS,778294,681460,674370
2025-04-25,10:05 PM,CWS,Brooks Baldwin,3,,,9,29.0,102.8,381.0,FF,Mason Miller,ATH @ CWS,778178,681460,695243
2025-07-03,10:10 PM,CWS,Brooks Baldwin,4,,,8,22.0,109.4,404.0,SI,Dustin May,LAD @ CWS,777253,681460,669160
2025-07-21,7:35 PM,CWS,Brooks Baldwin,5,,,2,25.0,97.6,352.0,FF,Shane Baz,TB @ CWS,777059,681460,669358
2025-08-07,4:10 PM,CWS,Brooks Baldwin,6,,,7,31.0,96.4,361.0,FF,Carlos Vargas,SEA @ CWS,776830,681460,672841
2025-08-08,7:40 PM,CWS,Brooks Baldwin,7,,,3,26.0,107.4,380.0,CH,Tanner Bibee,CLE @ CWS,776833,681460,676440
2025-08-18,7:15 PM,CWS,Brooks Baldwin,8,,,3,24.0,103.8,404.0,FF,Spencer Strider,ATL @ CWS,776696,681460,675911
2025-08-25,7:40 PM,CWS,Brooks Baldwin,9,,,4,31.0,101.6,402.0,FC,Noah Cameron,KC @ CWS,776599,681460,702070
2025-09-27,4:05 PM,CWS,Brooks Baldwin,10,,,4,30.0,105.1,391.0,CU,Jake Irvin,WSH @ CWS,776160,681460,663623
2025-09-28,3:05 PM,CWS,Brooks Baldwin,11,,,4,26.0,107.4,423.0,FF,Brad Lord,WSH @ CWS,776143,681460,695418
2025-04-04,1:10 PM,DET,Kerry Carpenter,1,,,1,26.0,102.9,345.0,ST,Jonathan Cannon,CWS @ DET,778458,681481,686563
2025-04-04,1:10 PM,DET,Kerry Carpenter,2,,,4,26.0,104.6,359.0,SL,Brandon Eisert,CWS @ DET,778458,681481,685126
2025-04-05,1:10 PM,DET,Kerry Carpenter,3,,,2,26.0,109.2,373.0,CU,Davis Martin,CWS @ DET,778445,681481,663436
2025-04-08,1:10 PM,DET,Kerry Carpenter,4,,,5,32.0,98.9,361.0,ST,Ryan Yarbrough,NYY @ DET,778403,681481,642232
2025-04-14,7:40 PM,DET,Kerry Carpenter,5,,,5,23.0,108.0,403.0,FF,Elvin Rodriguez,MIL @ DET,778323,681481,660730
2025-04-28,8:10 PM,DET,Kerry Carpenter,6,,,3,32.0,100.4,383.0,FF,Ronel Blanco,HOU @ DET,778142,681481,669854
2025-04-29,8:10 PM,DET,Kerry Carpenter,7,,,1,33.0,104.2,398.0,FF,Ryan Gusto,HOU @ DET,778124,681481,687473
2025-05-04,4:07 PM,DET,Kerry Carpenter,8,,,6,26.0,106.8,413.0,SI,Michael Darrell-Hicks,LAA @ DET,778050,681481,690382
2025-05-10,6:10 PM,DET,Kerry Carpenter,9,,,1,31.0,100.4,382.0,FF,Jacob deGrom,TEX @ DET,777987,681481,594798
2025-05-20,7:45 PM,DET,Kerry Carpenter,10,,,1,30.0,108.9,412.0,FC,Erick Fedde,STL @ DET,777840,681481,607200
2025-06-02,7:40 PM,DET,Kerry Carpenter,11,,,1,37.0,106.8,401.0,CH,Jonathan Cannon,CWS @ DET,777674,681481,686563
2025-06-02,7:40 PM,DET,Kerry Carpenter,12,,,4,36.0,99.8,357.0,FC,Bryse Wilson,CWS @ DET,777674,681481,669060
2025-06-02,7:40 PM,DET,Kerry Carpenter,13,,,6,33.0,106.9,398.0,FF,Bryse Wilson,CWS @ DET,777674,681481,669060
2025-06-24,6:40 PM,DET,Kerry Carpenter,14,,,1,30.0,104.0,417.0,FF,Luis Severino,ATH @ DET,777386,681481,622663
2025-06-28,1:10 PM,DET,Kerry Carpenter,15,,,3,31.0,108.9,424.0,SL,Bailey Ober,MIN @ DET,777324,681481,641927
2025-06-29,7:10 PM,DET,Kerry Carpenter,16,,,1,31.0,101.8,399.0,CH,Chris Paddack,MIN @ DET,777314,681481,663978
2025-07-30,1:10 PM,DET,Kerry Carpenter,17,,,5,26.0,108.1,406.0,FF,Ryne Nelson,AZ @ DET,776940,681481,669194
2025-08-02,4:05 PM,DET,Kerry Carpenter,18,,,3,40.0,102.8,381.0,FF,Zack Wheeler,PHI @ DET,776912,681481,554430
2025-08-04,6:40 PM,DET,Kerry Carpenter,19,,,6,32.0,109.5,437.0,SI,Noah Davis,MIN @ DET,776874,681481,663562
2025-08-06,1:10 PM,DET,Kerry Carpenter,20,,,3,41.0,106.5,414.0,CH,Pierson Ohl,MIN @ DET,776859,681481,701487
2025-08-10,1:40 PM,DET,Kerry Carpenter,21,,,4,36.0,103.2,354.0,CH,Jack Kochanowicz,LAA @ DET,776806,681481,686799
2025-08-16,7:15 PM,DET,Kerry Carpenter,22,,,3,37.0,97.0,387.0,FF,Zebby Matthews,MIN @ DET,776716,681481,805673
2025-09-03,1:10 PM,DET,Kerry Carpenter,23,,,7,23.0,106.3,358.0,FF,Ryan Helsley,NYM @ DET,776478,681481,664854
2025-09-10,7:05 PM,DET,Kerry Carpenter,24,,,8,35.0,106.0,382.0,SL,Tim Hill,NYY @ DET,776383,681481,657612
2025-09-13,4:10 PM,DET,Kerry Carpenter,25,,,3,33.0,101.9,395.0,SL,Janson Junk,MIA @ DET,776347,681481,676083
2025-09-16,6:40 PM,DET,Kerry Carpenter,26,,,9,30.0,107.8,429.0,FF,Cade Smith,CLE @ DET,776303,681481,671922
2025-10-04,8:38 PM,DET,Kerry Carpenter,27,,,5,28.0,112.5,409.0,SI,George Kirby,SEA @ DET,813058,681481,669923
2025-10-10,8:08 PM,DET,Kerry Carpenter,28,,,6,36.0,105.5,411.0,FF,Gabe Speier,SEA @ DET,813054,681481,642100
2025-08-26,7:07 PM,MIN,Mickey Gasper,1,,,9,33.0,104.5,387.0,SI,Jeff Hoffman,TOR @ MIN,776582,681508,656546
2025-09-14,2:10 PM,MIN,Mickey Gasper,2,,,7,36.0,92.9,356.0,SL,Anthony DeSclafani,AZ @ MIN,776324,681508,543101
2025-05-07,4:40 PM,LAD,James Outman,1,,,9,31.0,109.8,416.0,FF,Tyler Phillips,MIA @ LAD,778017,681546,663969
2025-05-15,10:10 PM,LAD,James Outman,2,,,6,33.0,107.6,400.0,SI,Mitch Spence,ATH @ LAD,777946,681546,687765
2025-09-08,9:38 PM,MIN,James Outman,3,,,6,27.0,108.3,440.0,FC,Robert Stephenson,LAA @ MIN,776411,681546,596112
2025-09-10,4:07 PM,MIN,James Outman,4,,,3,29.0,106.7,388.0,SL,José Ureña,LAA @ MIN,776376,681546,570632
2025-09-16,7:40 PM,MIN,James Outman,5,,,5,28.0,110.5,443.0,FF,Cam Schlittler,NYY @ MIN,776298,681546,693645
2025-09-27,6:05 PM,MIN,James Outman,6,,,5,29.0,107.5,436.0,SI,Ranger Suárez,PHI @ MIN,776163,681546,624133
2025-04-08,6:45 PM,LAD,Andy Pages,1,,,5,30.0,104.5,390.0,SL,Orlando Ribalta,WSH @ LAD,778409,681624,687377
2025-04-09,4:05 PM,LAD,Andy Pages,2,,,7,35.0,101.6,366.0,SL,Eduardo Salazar,WSH @ LAD,778392,681624,674285
2025-04-22,7:40 PM,LAD,Andy Pages,3,,,2,35.0,106.9,418.0,FF,Shota Imanaga,CHC @ LAD,778220,681624,684007
2025-04-23,7:00 PM,LAD,Andy Pages,4,,,6,36.0,100.9,377.0,CH,Matthew Boyd,CHC @ LAD,778205,681624,571510
2025-04-27,4:10 PM,LAD,Andy Pages,5,,,5,27.0,105.1,406.0,FF,Kyle Nicolas,PIT @ LAD,778145,681624,693312
2025-04-29,10:10 PM,LAD,Andy Pages,6,,,8,22.0,103.4,387.0,FA,Javier Sanoja,MIA @ LAD,778123,681624,691594
2025-05-14,10:10 PM,LAD,Andy Pages,7,,,2,28.0,109.1,417.0,SI,Gunnar Hoglund,ATH @ LAD,777917,681624,680684
2025-05-15,10:10 PM,LAD,Andy Pages,8,,,3,26.0,106.0,416.0,ST,Jason Alexander,ATH @ LAD,777946,681624,669920
2025-05-17,9:10 PM,LAD,Andy Pages,9,,,1,34.0,102.6,400.0,FF,Tyler Anderson,LAA @ LAD,777884,681624,542881
2025-05-31,7:15 PM,LAD,Andy Pages,10,,,7,24.0,103.8,403.0,FF,Luke Weaver,NYY @ LAD,777698,681624,596133
2025-06-01,7:10 PM,LAD,Andy Pages,11,,,7,28.0,99.7,374.0,SI,Jonathan Loáisiga,NYY @ LAD,777682,681624,642528
2025-06-04,10:10 PM,LAD,Andy Pages,12,,,9,22.0,109.2,406.0,FF,Ryne Stanek,NYM @ LAD,777638,681624,592773
2025-06-15,7:10 PM,LAD,Andy Pages,13,,,5,31.0,101.6,399.0,SL,Ryan Walker,SF @ LAD,777498,681624,676254
2025-06-17,10:10 PM,LAD,Andy Pages,14,,,2,19.0,110.4,386.0,FC,Randy Vásquez,SD @ LAD,777471,681624,681190
2025-06-17,10:10 PM,LAD,Andy Pages,15,,,4,31.0,101.1,385.0,SI,Randy Vásquez,SD @ LAD,777471,681624,681190
2025-06-21,10:10 PM,LAD,Andy Pages,16,,,5,33.0,100.0,383.0,SL,Jake Irvin,WSH @ LAD,777416,681624,663623
2025-07-02,10:10 PM,LAD,Andy Pages,17,,,2,27.0,105.5,415.0,FF,Sean Burke,CWS @ LAD,777267,681624,680732
2025-07-21,10:10 PM,LAD,Andy Pages,18,,,7,25.0,105.5,412.0,SI,Cole Sands,MIN @ LAD,777051,681624,663485
2025-07-22,10:10 PM,LAD,Andy Pages,19,,,4,26.0,101.7,387.0,CU,Simeon Woods Richardson,MIN @ LAD,777039,681624,680573
2025-08-17,4:10 PM,LAD,Andy Pages,20,,,1,27.0,101.6,385.0,FS,Yu Darvish,SD @ LAD,776697,681624,506433
2025-08-21,3:10 PM,LAD,Andy Pages,21,,,5,24.0,107.0,409.0,FF,Nick Anderson,COL @ LAD,776644,681624,623433
2025-08-25,10:10 PM,LAD,Andy Pages,22,,,3,28.0,102.0,392.0,SL,Hunter Greene,CIN @ LAD,776594,681624,668881
2025-08-25,10:10 PM,LAD,Andy Pages,23,,,5,26.0,95.6,361.0,SL,Hunter Greene,CIN @ LAD,776594,681624,668881
2025-09-02,6:40 PM,LAD,Andy Pages,24,,,4,28.0,108.1,418.0,FF,Bubba Chandler,PIT @ LAD,776496,681624,696149
2025-09-15,10:10 PM,LAD,Andy Pages,25,,,9,24.0,108.2,424.0,KC,Jhoan Duran,PHI @ LAD,776311,681624,661395
2025-09-24,9:40 PM,LAD,Andy Pages,26,,,4,30.0,99.0,395.0,FC,Ryne Nelson,AZ @ LAD,776193,681624,669194
2025-09-25,3:40 PM,LAD,Andy Pages,27,,,2,26.0,104.3,396.0,CU,Nabil Crismatt,AZ @ LAD,776185,681624,622503
2025-06-11,12:35 PM,MIA,Heriberto Hernandez,1,,,6,33.0,103.6,414.0,FS,Bailey Falter,PIT @ MIA,777552,681715,663559
2025-06-27,9:40 PM,MIA,Heriberto Hernandez,2,,,8,24.0,107.3,392.0,FF,Tayler Scott,AZ @ MIA,777332,681715,605463
2025-07-06,1:40 PM,MIA,Heriberto Hernandez,3,,,5,33.0,100.2,375.0,ST,Brandon Woodruff,MIL @ MIA,777224,681715,605540
2025-07-26,7:10 PM,MIA,Heriberto Hernandez,4,,,5,22.0,111.9,385.0,CH,Jose Quintana,MIL @ MIA,776996,681715,500779
2025-07-27,2:10 PM,MIA,Heriberto Hernandez,5,,,4,35.0,99.8,354.0,SI,Brandon Woodruff,MIL @ MIA,776978,681715,605540
2025-08-06,4:40 PM,MIA,Heriberto Hernandez,6,,,3,35.0,100.5,391.0,SI,Spencer Arrighetti,HOU @ MIA,776849,681715,681293
2025-08-08,7:15 PM,MIA,Heriberto Hernandez,7,,,5,31.0,101.8,404.0,SI,Bryce Elder,ATL @ MIA,776834,681715,693821
2025-09-12,7:10 PM,MIA,Heriberto Hernandez,8,,,2,28.0,100.1,354.0,SI,Tarik Skubal,DET @ MIA,776366,681715,669373
2025-09-18,3:10 PM,MIA,Heriberto Hernandez,9,,,9,30.0,105.6,426.0,FF,Ryan Rolison,COL @ MIA,776270,681715,669020
2025-09-23,6:45 PM,MIA,Heriberto Hernandez,10,,,9,39.0,108.3,380.0,FF,Jhoan Duran,PHI @ MIA,776215,681715,661395
2025-06-06,7:10 PM,CLE,David Fry,1,,,6,35.0,99.4,361.0,FF,Shawn Dubin,HOU @ CLE,777622,681807,681869
2025-07-02,8:05 PM,CLE,David Fry,2,,,3,33.0,100.1,366.0,FF,Shota Imanaga,CHC @ CLE,777266,681807,684007
2025-07-07,8:10 PM,CLE,David Fry,3,,,9,40.0,101.6,355.0,ST,Kaleb Ort,HOU @ CLE,777202,681807,672391
2025-07-18,,CLE,David Fry,4,,,3,27.0,99.9,387.0,SL,JP Sears,ATH @ CLE,777105,681807,676664
2025-07-30,6:40 PM,CLE,David Fry,5,,,1,33.0,95.1,383.0,FC,Kyle Freeland,COL @ CLE,776942,681807,607536
2025-08-06,1:10 PM,CLE,David Fry,6,,,2,25.0,105.5,422.0,FF,David Peterson,NYM @ CLE,776846,681807,656849
2025-09-02,6:45 PM,CLE,David Fry,7,,,6,29.0,97.8,376.0,FC,Garrett Crochet,BOS @ CLE,776493,681807,676979
2025-09-12,7:10 PM,CLE,David Fry,8,,,4,33.0,103.1,377.0,FC,Martín Pérez,CWS @ CLE,776361,681807,527048
2025-09-12,7:10 PM,BOS,Nate Eaton,1,,,7,23.0,104.8,380.0,SI,Fernando Cruz,NYY @ BOS,776363,681987,518585
2025-03-30,2:10 PM,CLE,Daniel Schneemann,1,,,8,36.0,104.7,401.0,FC,John Schreiber,KC @ CLE,778510,682177,670167
2025-04-17,6:35 PM,CLE,Daniel Schneemann,2,,,3,35.0,103.5,395.0,FF,Tomoyuki Sugano,BAL @ CLE,778292,682177,608372
2025-05-03,3:07 PM,CLE,Daniel Schneemann,3,,,8,32.0,103.0,375.0,FF,Chad Green,TOR @ CLE,778064,682177,643338
2025-05-03,3:07 PM,CLE,Daniel Schneemann,4,,,9,27.0,111.2,395.0,FF,Yimi García,TOR @ CLE,778064,682177,554340
2025-05-06,3:40 PM,CLE,Daniel Schneemann,5,,,8,33.0,106.2,385.0,SL,Eduardo Salazar,WSH @ CLE,778046,682177,674285
2025-05-17,6:40 PM,CLE,Daniel Schneemann,6,,,5,36.0,97.1,356.0,CU,Lyon Richardson,CIN @ CLE,777892,682177,680689
2025-05-27,6:10 PM,CLE,Daniel Schneemann,7,,,4,28.0,102.9,379.0,SI,Dustin May,LAD @ CLE,777753,682177,669160
2025-06-18,9:45 PM,CLE,Daniel Schneemann,8,,,4,30.0,103.4,394.0,FF,Justin Verlander,SF @ CLE,777454,682177,434378
2025-07-11,3:10 PM,CLE,Daniel Schneemann,9,,,2,27.0,104.0,408.0,CU,Shane Smith,CWS @ CLE,777164,682177,681343
2025-08-02,4:10 PM,CLE,Daniel Schneemann,10,,,3,34.0,103.1,384.0,SL,Bailey Ober,MIN @ CLE,776905,682177,641927
2025-08-31,1:40 PM,CLE,Daniel Schneemann,11,,,3,29.0,103.0,408.0,FS,Bryce Miller,SEA @ CLE,776521,682177,682243
2025-09-20,2:10 PM,CLE,Daniel Schneemann,12,,,5,27.0,105.1,368.0,FF,Joe Ryan,MIN @ CLE,777839,682177,657746
2025-04-20,1:35 PM,CIN,Noelvi Marte,1,,,8,35.0,106.9,366.0,EP,Jorge Mateo,BAL @ CIN,778250,682622,622761
2025-04-22,6:40 PM,CIN,Noelvi Marte,2,,,3,21.0,116.7,431.0,SI,Edward Cabrera,MIA @ CIN,778219,682622,665795
2025-04-26,3:10 PM,CIN,Noelvi Marte,3,,,2,23.0,107.3,433.0,SI,Antonio Senzatela,COL @ CIN,778161,682622,622608
2025-07-09,7:10 PM,CIN,Noelvi Marte,4,,,4,25.0,106.1,421.0,CU,Sandy Alcantara,MIA @ CIN,777183,682622,645261
2025-07-11,7:10 PM,CIN,Noelvi Marte,5,,,3,30.0,99.5,391.0,KC,Germán Márquez,COL @ CIN,777160,682622,608566
2025-07-12,4:10 PM,CIN,Noelvi Marte,6,,,7,36.0,103.6,399.0,FF,Tyler Kinley,COL @ CIN,777140,682622,641755
2025-07-29,7:10 PM,CIN,Noelvi Marte,7,,,4,26.0,97.2,350.0,SL,Tyler Glasnow,LAD @ CIN,776963,682622,607192
2025-08-10,1:35 PM,CIN,Noelvi Marte,8,,,9,25.0,105.7,427.0,SL,Cam Sanders,PIT @ CIN,776801,682622,676742
2025-08-16,6:40 PM,CIN,Noelvi Marte,9,,,11,25.0,109.9,417.0,SL,Nick Mears,MIL @ CIN,776721,682622,683232
2025-08-19,9:38 PM,CIN,Noelvi Marte,10,,,2,26.0,104.1,415.0,SI,Kyle Hendricks,LAA @ CIN,776668,682622,543294
2025-08-27,8:40 PM,CIN,Noelvi Marte,11,,,3,22.0,108.9,410.0,FC,Shohei Ohtani,LAD @ CIN,776562,682622,660271
2025-08-29,6:40 PM,CIN,Noelvi Marte,12,,,1,29.0,108.9,444.0,FF,Matthew Liberatore,STL @ CIN,776551,682622,669461
2025-09-14,4:05 PM,CIN,Noelvi Marte,13,,,1,29.0,95.0,371.0,CH,Luis Morales,ATH @ CIN,776327,682622,806960
2025-09-24,6:40 PM,CIN,Noelvi Marte,14,,,8,27.0,102.8,408.0,FF,Isaac Mattson,PIT @ CIN,776202,682622,676755
2025-04-26,4:05 PM,NYM,Francisco Alvarez,1,,,2,27.0,98.8,358.0,SL,Brad Lord,WSH @ NYM,778173,682626,695418
2025-06-08,3:10 PM,NYM,Francisco Alvarez,2,,,9,28.0,109.2,450.0,FC,Zach Agnos,COL @ NYM,777583,682626,688642
2025-06-21,7:15 PM,NYM,Francisco Alvarez,3,,,9,26.0,111.3,452.0,FS,Taijuan Walker,PHI @ NYM,777423,682626,592836
2025-07-22,7:10 PM,NYM,Francisco Alvarez,4,,,5,37.0,95.8,374.0,FF,Kyle Hendricks,LAA @ NYM,777054,682626,543294
2025-08-12,7:10 PM,NYM,Francisco Alvarez,5,,,2,28.0,109.5,413.0,FF,Spencer Strider,ATL @ NYM,776772,682626,675911
2025-08-12,7:10 PM,NYM,Francisco Alvarez,6,,,7,37.0,99.3,382.0,SL,Austin Cox,ATL @ NYM,776772,682626,680735
2025-08-15,7:10 PM,NYM,Francisco Alvarez,7,,,8,33.0,102.6,363.0,FF,Jackson Kowar,SEA @ NYM,776736,682626,663804
2025-09-12,7:10 PM,NYM,Francisco Alvarez,8,,,3,24.0,102.5,365.0,FF,Jacob deGrom,TEX @ NYM,776359,682626,594798
2025-09-17,7:10 PM,NYM,Francisco Alvarez,9,,,7,27.0,102.3,373.0,SL,Jeremiah Estrada,SD @ NYM,776288,682626,669093
2025-09-23,7:40 PM,NYM,Francisco Alvarez,10,,,8,28.0,101.8,403.0,FF,Caleb Thielbar,CHC @ NYM,776209,682626,573204
2025-09-24,8:05 PM,NYM,Francisco Alvarez,11,,,5,31.0,106.6,413.0,CH,Matthew Boyd,CHC @ NYM,776205,682626,571510
2025-04-02,4:10 PM,SF,Luis Matos,1,,,2,29.0,102.3,395.0,SI,Framber Valdez,HOU @ SF,778475,682641,664285
2025-05-03,4:05 PM,SF,Luis Matos,2,,,3,31.0,102.3,392.0,SL,Bradley Blalock,COL @ SF,778069,682641,687134
2025-05-05,7:40 PM,SF,Luis Matos,3,,,4,24.0,102.9,380.0,CH,Matthew Boyd,CHC @ SF,778044,682641,571510
2025-06-01,1:40 PM,SF,Luis Matos,4,,,4,30.0,102.1,390.0,CH,Ryan Weathers,MIA @ SF,777689,682641,677960
2025-07-13,4:05 PM,SF,Luis Matos,5,,,9,25.0,105.5,424.0,SL,Tanner Scott,LAD @ SF,777119,682641,656945
2025-08-22,8:10 PM,SF,Luis Matos,6,,,2,26.0,99.7,391.0,SI,Jose Quintana,MIL @ SF,776634,682641,500779
2025-08-24,2:10 PM,SF,Luis Matos,7,,,2,24.0,100.1,391.0,FC,Chad Patrick,MIL @ SF,776608,682641,694477
2025-08-29,10:15 PM,SF,Luis Matos,8,,,5,29.0,100.8,401.0,FF,Corbin Martin,BAL @ SF,776533,682641,656686
2025-07-27,1:35 PM,COL,Warming Bernabel,1,,,2,27.0,98.3,385.0,FC,Tomoyuki Sugano,BAL @ COL,776986,682653,608372
2025-07-28,6:40 PM,COL,Warming Bernabel,2,,,6,28.0,99.7,386.0,SL,Slade Cecconi,CLE @ COL,776968,682653,677944
2025-08-01,8:10 PM,COL,Warming Bernabel,3,,,3,35.0,97.9,380.0,SL,Andrew Heaney,PIT @ COL,776919,682653,571760
2025-08-16,8:10 PM,COL,Warming Bernabel,4,,,2,28.0,97.7,412.0,FF,Ryne Nelson,AZ @ COL,776715,682653,669194
2025-05-09,7:10 PM,CLE,Angel Martínez,1,,,5,30.0,95.3,364.0,CH,Aaron Nola,PHI @ CLE,777997,682657,605400
2025-05-22,6:40 PM,CLE,Angel Martínez,2,,,5,31.0,97.4,373.0,FF,Jack Flaherty,DET @ CLE,777821,682657,656427
2025-05-28,1:10 PM,CLE,Angel Martínez,3,,,8,25.0,106.8,394.0,FF,Alex Vesia,LAD @ CLE,777739,682657,681911
2025-06-04,7:05 PM,CLE,Angel Martínez,4,,,1,29.0,102.9,394.0,FC,Clarke Schmidt,NYY @ CLE,777653,682657,657376
2025-06-20,10:05 PM,CLE,Angel Martínez,5,,,8,27.0,96.9,390.0,CH,Jeffrey Springs,ATH @ CLE,777429,682657,605488
2025-07-08,8:10 PM,CLE,Angel Martínez,6,,,10,40.0,97.2,334.0,SI,Josh Hader,HOU @ CLE,777192,682657,623352
2025-07-09,8:10 PM,CLE,Angel Martínez,7,,,1,35.0,102.5,374.0,FC,Brandon Walter,HOU @ CLE,777174,682657,687888
2025-07-11,3:10 PM,CLE,Angel Martínez,8,,,2,21.0,102.4,355.0,SL,Shane Smith,CWS @ CLE,777164,682657,681343
2025-07-20,1:40 PM,CLE,Angel Martínez,9,,,7,28.0,104.0,385.0,SL,Osvaldo Bido,ATH @ CLE,777084,682657,674370
2025-08-06,1:10 PM,CLE,Angel Martínez,10,,,3,22.0,105.6,378.0,SL,David Peterson,NYM @ CLE,776846,682657,656849
2025-09-12,7:10 PM,CLE,Angel Martínez,11,,,8,27.0,97.7,361.0,CH,Steven Wilson,CWS @ CLE,776361,682657,621051
2025-04-25,9:40 PM,MIA,Agustín Ramírez,1,,,8,21.0,106.9,406.0,SI,Player 596271,SEA @ MIA,778175,682663,596271
2025-04-27,4:10 PM,MIA,Agustín Ramírez,2,,,1,18.0,105.1,404.0,SI,Logan Evans,SEA @ MIA,778136,682663,688138
2025-04-27,4:10 PM,MIA,Agustín Ramírez,3,,,6,27.0,108.7,421.0,ST,Collin Snider,SEA @ MIA,778136,682663,676092
2025-05-05,6:40 PM,MIA,Agustín Ramírez,4,,,8,31.0,109.1,424.0,ST,Yoendrys Gómez,LAD @ MIA,778047,682663,672782
2025-05-14,7:40 PM,MIA,Agustín Ramírez,5,,,4,31.0,101.4,375.0,ST,Jameson Taillon,CHC @ MIA,777921,682663,592791
2025-05-19,6:40 PM,MIA,Agustín Ramírez,6,,,1,35.0,110.0,410.0,FF,Ben Brown,CHC @ MIA,777863,682663,676962
2025-05-28,4:10 PM,MIA,Agustín Ramírez,7,,,3,24.0,108.1,374.0,ST,Kyle Hart,SD @ MIA,777726,682663,606996
2025-06-06,1:10 PM,MIA,Agustín Ramírez,8,,,4,30.0,100.6,403.0,FF,Zack Littell,TB @ MIA,777625,682663,641793
2025-06-13,6:45 PM,MIA,Agustín Ramírez,9,,,1,28.0,103.5,408.0,FF,Mitchell Parker,WSH @ MIA,777530,682663,680730
2025-06-13,6:45 PM,MIA,Agustín Ramírez,10,,,3,32.0,109.9,447.0,FS,Mitchell Parker,WSH @ MIA,777530,682663,680730
2025-06-20,7:10 PM,MIA,Agustín Ramírez,11,,,3,22.0,112.2,436.0,CU,Didier Fuentes,ATL @ MIA,777439,682663,800311
2025-06-26,3:45 PM,MIA,Agustín Ramírez,12,,,3,30.0,109.7,443.0,SL,Hayden Birdsong,SF @ MIA,777347,682663,806185
2025-07-03,12:10 PM,MIA,Agustín Ramírez,13,,,1,26.0,108.4,425.0,FF,David Festa,MIN @ MIA,777263,682663,701581
2025-07-07,7:10 PM,MIA,Agustín Ramírez,14,,,7,31.0,108.7,420.0,CH,Brent Suter,CIN @ MIA,777208,682663,608718
2025-07-26,7:10 PM,MIA,Agustín Ramírez,15,,,4,27.0,101.7,372.0,SI,Jose Quintana,MIL @ MIA,776996,682663,500779
2025-08-02,4:10 PM,MIA,Agustín Ramírez,16,,,1,21.0,111.5,421.0,FF,Cam Schlittler,NYY @ MIA,776910,682663,693645
2025-08-02,4:10 PM,MIA,Agustín Ramírez,17,,,4,22.0,107.6,418.0,ST,Cam Schlittler,NYY @ MIA,776910,682663,693645
2025-08-16,4:10 PM,MIA,Agustín Ramírez,18,,,7,35.0,100.9,384.0,ST,Brayan Bello,BOS @ MIA,776724,682663,678394
2025-08-31,1:40 PM,MIA,Agustín Ramírez,19,,,3,16.0,111.5,386.0,ST,Kodai Senga,NYM @ MIA,776519,682663,673540
2025-09-12,7:10 PM,MIA,Agustín Ramírez,20,,,1,23.0,110.8,404.0,FF,Tarik Skubal,DET @ MIA,776366,682663,669373
2025-09-17,8:40 PM,MIA,Agustín Ramírez,21,,,8,30.0,100.8,422.0,CH,Roansy Contreras,COL @ MIA,776277,682663,672710
2025-06-09,7:45 PM,TOR,Jonatan Clase,1,,,9,30.0,106.8,415.0,FF,Ryan Helsley,STL @ TOR,777581,682729,664854
2025-06-19,3:07 PM,TOR,Jonatan Clase,2,,,8,35.0,106.1,408.0,FF,Anthony DeSclafani,AZ @ TOR,777448,682729,543101
2025-03-31,6:40 PM,CIN,Elly De La Cruz,1,,,2,26.0,107.2,418.0,SL,Kumar Rocker,TEX @ CIN,778511,682829,677958
2025-03-31,6:40 PM,CIN,Elly De La Cruz,2,,,7,29.0,110.2,436.0,FF,Gerson Garabito,TEX @ CIN,778511,682829,642520
2025-04-12,6:40 PM,CIN,Elly De La Cruz,3,,,3,40.0,107.8,388.0,FF,Andrew Heaney,PIT @ CIN,778357,682829,571760
2025-04-18,7:05 PM,CIN,Elly De La Cruz,4,,,3,31.0,104.4,400.0,CU,Cade Povich,BAL @ CIN,778276,682829,700249
2025-04-20,1:35 PM,CIN,Elly De La Cruz,5,,,3,30.0,100.9,389.0,FF,Charlie Morton,BAL @ CIN,778250,682829,450203
2025-05-10,7:10 PM,CIN,Elly De La Cruz,6,,,1,23.0,102.0,354.0,CH,Lance McCullers Jr.,HOU @ CIN,777979,682829,621121
2025-05-13,6:40 PM,CIN,Elly De La Cruz,7,,,9,27.0,114.9,435.0,ST,Steven Wilson,CWS @ CIN,777945,682829,621051
2025-05-15,12:40 PM,CIN,Elly De La Cruz,8,,,3,31.0,104.6,395.0,CU,Bryse Wilson,CWS @ CIN,777912,682829,669060
2025-05-24,4:10 PM,CIN,Elly De La Cruz,9,,,1,22.0,110.5,387.0,FF,Colin Rea,CHC @ CIN,777791,682829,607067
2025-05-27,7:40 PM,CIN,Elly De La Cruz,10,,,4,22.0,111.1,436.0,FF,Jonathan Bowlan,KC @ CIN,777750,682829,680742
2025-05-27,7:40 PM,CIN,Elly De La Cruz,11,,,6,25.0,112.5,451.0,FF,Taylor Clarke,KC @ CIN,777750,682829,664199
2025-06-01,2:20 PM,CIN,Elly De La Cruz,12,,,6,28.0,117.4,423.0,FF,Jameson Taillon,CHC @ CIN,777687,682829,592791
2025-06-11,1:10 PM,CIN,Elly De La Cruz,13,,,4,32.0,108.6,441.0,FC,Logan Allen,CLE @ CIN,777549,682829,671106
2025-06-13,7:10 PM,CIN,Elly De La Cruz,14,,,5,23.0,109.8,374.0,KC,Keider Montero,DET @ CIN,777538,682829,672456
2025-06-14,1:10 PM,CIN,Elly De La Cruz,15,,,4,28.0,110.1,402.0,FF,Jack Flaherty,DET @ CIN,777517,682829,656427
2025-06-15,12:05 PM,CIN,Elly De La Cruz,16,,,9,22.0,103.9,372.0,SI,Brenan Hanifee,DET @ CIN,777505,682829,669724
2025-06-21,2:15 PM,CIN,Elly De La Cruz,17,,,7,24.0,107.8,435.0,CH,Steven Matz,STL @ CIN,777415,682829,571927
2025-06-23,7:10 PM,CIN,Elly De La Cruz,18,,,8,30.0,99.0,362.0,SI,Tim Hill,NYY @ CIN,777390,682829,657612
2025-07-31,7:10 PM,CIN,Elly De La Cruz,19,,,3,23.0,105.2,415.0,FF,Carlos Carrasco,ATL @ CIN,776928,682829,471911
2025-09-19,6:40 PM,CIN,Elly De La Cruz,20,,,6,25.0,101.7,366.0,FF,Porter Hodge,CHC @ CIN,776267,682829,687863
2025-09-23,6:40 PM,CIN,Elly De La Cruz,21,,,2,36.0,106.3,415.0,FF,Johan Oviedo,PIT @ CIN,776224,682829,670912
2025-09-28,3:10 PM,CIN,Elly De La Cruz,22,,,2,31.0,107.5,413.0,FF,Freddy Peralta,MIL @ CIN,776144,682829,642547
2025-03-31,7:07 PM,WSH,CJ Abrams,1,,,6,23.0,112.7,386.0,FS,Bowden Francis,TOR @ WSH,778507,682928,670102
2025-04-02,3:07 PM,WSH,CJ Abrams,2,,,6,23.0,108.5,386.0,SI,Brendon Little,TOR @ WSH,778478,682928,663893
2025-04-04,6:45 PM,WSH,CJ Abrams,3,,,1,21.0,108.3,414.0,CU,Brandon Pfaadt,AZ @ WSH,778457,682928,694297
2025-04-09,4:05 PM,WSH,CJ Abrams,4,,,1,30.0,102.8,379.0,FF,Landon Knack,LAD @ WSH,778392,682928,689017
2025-05-13,7:15 PM,WSH,CJ Abrams,5,,,1,23.0,104.9,397.0,FF,Spencer Schwellenbach,ATL @ WSH,777942,682928,680885
2025-05-15,12:15 PM,WSH,CJ Abrams,6,,,8,35.0,100.7,369.0,SL,Dylan Lee,ATL @ WSH,777909,682928,669276
2025-05-18,1:35 PM,WSH,CJ Abrams,7,,,1,23.0,105.2,380.0,FC,Zach Eflin,BAL @ WSH,777873,682928,621107
2025-05-18,1:35 PM,WSH,CJ Abrams,8,,,2,28.0,98.5,373.0,ST,Zach Eflin,BAL @ WSH,777873,682928,621107
2025-06-10,7:10 PM,WSH,CJ Abrams,9,,,5,26.0,99.0,378.0,FF,Griffin Canning,NYM @ WSH,777570,682928,656288
2025-06-20,10:10 PM,WSH,CJ Abrams,10,,,9,28.0,102.0,394.0,FF,Tanner Scott,LAD @ WSH,777427,682928,656945
2025-06-21,10:10 PM,WSH,CJ Abrams,11,,,7,24.0,104.3,401.0,SL,Jack Dreyer,LAD @ WSH,777416,682928,676263
2025-06-28,9:38 PM,WSH,CJ Abrams,12,,,5,29.0,102.2,400.0,SI,Kyle Hendricks,LAA @ WSH,777315,682928,543294
2025-07-18,,WSH,CJ Abrams,13,,,8,27.0,104.9,428.0,CH,Jason Adam,SD @ WSH,777112,682928,592094
2025-07-27,2:10 PM,WSH,CJ Abrams,14,,,1,31.0,102.9,418.0,FF,Cole Sands,MIN @ WSH,776979,682928,663485
2025-08-10,4:05 PM,WSH,CJ Abrams,15,,,2,27.0,107.6,340.0,SL,Justin Verlander,SF @ WSH,776793,682928,434378
2025-08-13,2:10 PM,WSH,CJ Abrams,16,,,4,38.0,101.2,368.0,FC,Seth Lugo,KC @ WSH,776759,682928,607625
2025-08-23,6:05 PM,WSH,CJ Abrams,17,,,6,22.0,109.8,366.0,SI,Aaron Nola,PHI @ WSH,776628,682928,605400
2025-09-19,7:10 PM,WSH,CJ Abrams,18,,,5,31.0,109.6,426.0,CH,Huascar Brazobán,NYM @ WSH,776259,682928,623211
2025-09-26,6:45 PM,WSH,CJ Abrams,19,,,6,36.0,98.5,347.0,FF,Yoendrys Gómez,CWS @ WSH,776165,682928,672782
2025-03-31,9:40 PM,DET,Riley Greene,1,,,1,20.0,110.8,377.0,SI,Emerson Hancock,SEA @ DET,778496,682985,676106
2025-04-01,9:40 PM,DET,Riley Greene,2,,,8,36.0,106.2,371.0,FC,Trent Thornton,SEA @ DET,778486,682985,663423
2025-04-04,1:10 PM,DET,Riley Greene,3,,,6,27.0,114.3,417.0,FC,Bryse Wilson,CWS @ DET,778458,682985,669060
2025-04-26,6:10 PM,DET,Riley Greene,4,,,3,31.0,104.5,398.0,FF,Charlie Morton,BAL @ DET,778180,682985,450203
2025-04-28,8:10 PM,DET,Riley Greene,5,,,4,38.0,103.7,363.0,FF,Ronel Blanco,HOU @ DET,778142,682985,669854
2025-04-28,8:10 PM,DET,Riley Greene,6,,,8,26.0,104.0,358.0,FF,Kaleb Ort,HOU @ DET,778142,682985,672391
2025-05-02,9:38 PM,DET,Riley Greene,7,,,9,28.0,103.8,371.0,FC,Kenley Jansen,LAA @ DET,778085,682985,445276
2025-05-02,9:38 PM,DET,Riley Greene,8,,,9,31.0,102.7,409.0,ST,Jake Eder,LAA @ DET,778085,682985,671109
2025-05-10,6:10 PM,DET,Riley Greene,9,,,4,36.0,107.2,380.0,SL,Jacob deGrom,TEX @ DET,777987,682985,594798
2025-05-14,6:40 PM,DET,Riley Greene,10,,,6,25.0,111.3,389.0,FF,Hunter Dobbins,BOS @ DET,777927,682985,690928
2025-05-16,7:07 PM,DET,Riley Greene,11,,,2,38.0,104.3,402.0,CU,Bowden Francis,TOR @ DET,777906,682985,670102
2025-05-20,7:45 PM,DET,Riley Greene,12,,,3,31.0,108.3,375.0,ST,Erick Fedde,STL @ DET,777840,682985,607200
2025-05-30,8:10 PM,DET,Riley Greene,13,,,1,32.0,109.1,429.0,FC,Seth Lugo,KC @ DET,777711,682985,607625
2025-06-13,7:10 PM,DET,Riley Greene,14,,,3,29.0,111.1,426.0,FF,Nick Martinez,CIN @ DET,777538,682985,607259
2025-06-17,6:40 PM,DET,Riley Greene,15,,,7,27.0,113.7,436.0,SL,Carmen Mlodzinski,PIT @ DET,777475,682985,669387
2025-06-20,7:05 PM,DET,Riley Greene,16,,,3,29.0,108.1,432.0,CH,Shane Baz,TB @ DET,777431,682985,669358
2025-06-20,7:05 PM,DET,Riley Greene,17,,,8,28.0,111.2,381.0,SL,Eric Orze,TB @ DET,777431,682985,679358
2025-06-28,1:10 PM,DET,Riley Greene,18,,,5,35.0,107.3,415.0,ST,Bailey Ober,MIN @ DET,777324,682985,641927
2025-06-29,7:10 PM,DET,Riley Greene,19,,,4,28.0,102.6,381.0,CH,Chris Paddack,MIN @ DET,777314,682985,663978
2025-07-02,1:05 PM,DET,Riley Greene,20,,,1,32.0,104.8,380.0,ST,Trevor Williams,WSH @ DET,777284,682985,592866
2025-07-02,1:05 PM,DET,Riley Greene,21,,,4,24.0,110.3,411.0,FS,Jackson Rutledge,WSH @ DET,777284,682985,671131
2025-07-06,1:40 PM,DET,Riley Greene,22,,,10,35.0,98.9,386.0,FF,Cade Smith,CLE @ DET,777226,682985,671922
2025-07-12,1:10 PM,DET,Riley Greene,23,,,5,23.0,103.4,356.0,FS,George Kirby,SEA @ DET,777145,682985,669923
2025-07-13,1:40 PM,DET,Riley Greene,24,,,7,45.0,106.5,386.0,SL,Gabe Speier,SEA @ DET,777121,682985,642100
2025-07-19,7:05 PM,DET,Riley Greene,25,,,9,40.0,105.8,387.0,CH,Jacob Webb,TEX @ DET,777088,682985,657097
2025-07-29,6:40 PM,DET,Riley Greene,26,,,5,26.0,105.3,420.0,CH,Brandon Pfaadt,AZ @ DET,776953,682985,694297
2025-08-10,1:40 PM,DET,Riley Greene,27,,,6,24.0,107.3,359.0,CU,Carson Fulmer,LAA @ DET,776806,682985,608334
2025-08-14,7:40 PM,DET,Riley Greene,28,,,4,30.0,105.8,392.0,FF,Bailey Ober,MIN @ DET,776744,682985,641927
2025-08-18,6:40 PM,DET,Riley Greene,29,,,5,31.0,108.5,405.0,FF,Spencer Arrighetti,HOU @ DET,776692,682985,681293
2025-08-22,7:10 PM,DET,Riley Greene,30,,,6,25.0,108.3,435.0,SL,Angel Zerpa,KC @ DET,776649,682985,672582
2025-08-24,1:40 PM,DET,Riley Greene,31,,,2,23.0,108.3,389.0,SI,Seth Lugo,KC @ DET,776615,682985,607625
2025-08-26,10:05 PM,DET,Riley Greene,32,,,3,30.0,110.7,471.0,SL,Osvaldo Bido,ATH @ DET,776573,682985,674370
2025-09-10,7:05 PM,DET,Riley Greene,33,,,8,26.0,107.3,409.0,FC,Camilo Doval,NYY @ DET,776383,682985,666808
2025-09-12,7:10 PM,DET,Riley Greene,34,,,4,39.0,110.9,401.0,CU,Sandy Alcantara,MIA @ DET,776366,682985,645261
2025-09-23,6:40 PM,DET,Riley Greene,35,,,6,23.0,109.5,367.0,FF,Gavin Williams,CLE @ DET,776218,682985,668909
2025-09-25,6:40 PM,DET,Riley Greene,36,,,4,29.0,107.2,411.0,SI,Parker Messick,CLE @ DET,776189,682985,800048
2025-10-08,3:08 PM,DET,Riley Greene,37,,,6,26.0,111.9,454.0,SL,Gabe Speier,SEA @ DET,813055,682985,642100
2025-08-04,9:40 PM,AZ,Tyler Locklear,1,,,3,38.0,107.7,393.0,ST,JP Sears,SD @ AZ,776873,682988,676664
2025-08-11,8:05 PM,AZ,Tyler Locklear,2,,,2,28.0,100.7,402.0,CU,Nathan Eovaldi,TEX @ AZ,776785,682988,543135
2025-09-01,8:10 PM,AZ,Tyler Locklear,3,,,2,33.0,102.8,410.0,SL,Patrick Corbin,TEX @ AZ,776495,682988,571578
2025-04-01,7:05 PM,AZ,Corbin Carroll,1,,,3,28.0,105.2,384.0,CH,Will Warren,NYY @ AZ,778492,682998,701542
2025-04-04,6:45 PM,AZ,Corbin Carroll,2,,,3,23.0,110.7,380.0,FF,Jake Irvin,WSH @ AZ,778457,682998,663623
2025-04-04,6:45 PM,AZ,Corbin Carroll,3,,,5,24.0,111.8,414.0,CU,Jake Irvin,WSH @ AZ,778457,682998,663623
2025-04-08,9:40 PM,AZ,Corbin Carroll,4,,,3,22.0,106.9,401.0,CU,Charlie Morton,BAL @ AZ,778396,682998,450203
2025-04-09,3:40 PM,AZ,Corbin Carroll,5,,,3,34.0,106.2,413.0,FS,Dean Kremer,BAL @ AZ,778380,682998,665152
2025-04-15,6:40 PM,AZ,Corbin Carroll,6,,,6,26.0,107.8,434.0,FF,George Soriano,MIA @ AZ,778318,682998,666277
2025-04-19,2:20 PM,AZ,Corbin Carroll,7,,,1,26.0,109.5,426.0,FF,Ben Brown,CHC @ AZ,778257,682998,676962
2025-04-23,9:40 PM,AZ,Corbin Carroll,8,,,1,29.0,106.7,419.0,FC,Taj Bradley,TB @ AZ,778199,682998,671737
2025-04-23,9:40 PM,AZ,Corbin Carroll,9,,,7,29.0,107.8,430.0,SL,Mason Montgomery,TB @ AZ,778199,682998,682254
2025-05-05,9:40 PM,AZ,Corbin Carroll,10,,,1,27.0,96.4,376.0,FF,Griffin Canning,NYM @ AZ,778039,682998,656288
2025-05-07,3:40 PM,AZ,Corbin Carroll,11,,,8,32.0,106.8,427.0,SL,Max Kranick,NYM @ AZ,778014,682998,668820
2025-05-12,9:45 PM,AZ,Corbin Carroll,12,,,3,26.0,103.0,381.0,FF,Justin Verlander,SF @ AZ,777939,682998,434378
2025-05-12,9:45 PM,AZ,Corbin Carroll,13,,,5,29.0,108.8,419.0,CU,Justin Verlander,SF @ AZ,777939,682998,434378
2025-05-13,9:45 PM,AZ,Corbin Carroll,14,,,7,29.0,107.2,399.0,FF,Kyle Harrison,SF @ AZ,777930,682998,690986
2025-05-20,10:10 PM,AZ,Corbin Carroll,15,,,10,22.0,107.9,404.0,FF,Tanner Scott,LAD @ AZ,777838,682998,656945
2025-05-27,9:40 PM,AZ,Corbin Carroll,16,,,1,33.0,102.9,393.0,FF,Mike Burrows,PIT @ AZ,777744,682998,681347
2025-06-03,7:15 PM,AZ,Corbin Carroll,17,,,5,29.0,106.1,438.0,FF,Spencer Strider,ATL @ AZ,777672,682998,675911
2025-06-03,7:15 PM,AZ,Corbin Carroll,18,,,9,29.0,107.4,416.0,FS,Rafael Montero,ATL @ AZ,777672,682998,606160
2025-06-09,9:40 PM,AZ,Corbin Carroll,19,,,1,35.0,96.4,348.0,SI,Emerson Hancock,SEA @ AZ,777577,682998,676106
2025-06-13,9:40 PM,AZ,Corbin Carroll,20,,,5,30.0,94.8,370.0,FF,Stephen Kolek,SD @ AZ,777521,682998,663568
2025-07-09,9:40 PM,AZ,Corbin Carroll,21,,,9,28.0,102.7,398.0,CU,Eduarniel Núñez,SD @ AZ,777162,682998,674384
2025-08-02,10:05 PM,AZ,Corbin Carroll,22,,,9,30.0,101.1,398.0,SL,Eduarniel Núñez,ATH @ AZ,776899,682998,674384
2025-08-06,9:40 PM,AZ,Corbin Carroll,23,,,1,22.0,110.0,443.0,FF,Nestor Cortes,SD @ AZ,776838,682998,641482
2025-08-08,9:40 PM,AZ,Corbin Carroll,24,,,5,37.0,109.5,424.0,KC,Austin Gomber,COL @ AZ,776825,682998,596295
2025-08-09,8:10 PM,AZ,Corbin Carroll,25,,,5,29.0,107.9,437.0,FS,Bradley Blalock,COL @ AZ,776809,682998,687134
2025-08-11,8:05 PM,AZ,Corbin Carroll,26,,,3,34.0,101.3,349.0,FF,Nathan Eovaldi,TEX @ AZ,776785,682998,543135
2025-08-17,3:10 PM,AZ,Corbin Carroll,27,,,6,29.0,106.7,474.0,FF,Luis Peralta,COL @ AZ,776701,682998,678821
2025-08-30,9:10 PM,AZ,Corbin Carroll,28,,,7,40.0,106.5,411.0,SL,Tyler Glasnow,LAD @ AZ,776523,682998,607192
2025-08-31,4:10 PM,AZ,Corbin Carroll,29,,,8,37.0,103.5,380.0,FF,Tanner Scott,LAD @ AZ,776509,682998,656945
2025-09-05,9:40 PM,AZ,Corbin Carroll,30,,,8,,,,CU,Justin Slaten,BOS @ AZ,776448,682998,686580
2025-09-21,4:10 PM,AZ,Corbin Carroll,31,,,2,30.0,107.1,428.0,SL,Ranger Suárez,PHI @ AZ,776230,682998,624133
2025-04-17,6:35 PM,BAL,Gunnar Henderson,1,,,1,18.0,109.4,393.0,FF,Tanner Bibee,CLE @ BAL,778292,683002,676440
2025-04-19,4:05 PM,BAL,Gunnar Henderson,2,,,1,23.0,105.8,395.0,FS,Hunter Greene,CIN @ BAL,778262,683002,668881
2025-04-29,6:35 PM,BAL,Gunnar Henderson,3,,,7,35.0,105.0,397.0,FF,Carlos Rodón,NYY @ BAL,778133,683002,607074
2025-05-09,9:38 PM,BAL,Gunnar Henderson,4,,,1,37.0,103.9,400.0,CH,Kyle Hendricks,LAA @ BAL,777986,683002,543294
2025-05-11,4:07 PM,BAL,Gunnar Henderson,5,,,6,39.0,104.7,386.0,CH,Connor Brogdon,LAA @ BAL,777961,683002,641401
2025-05-14,12:05 PM,BAL,Gunnar Henderson,6,,,3,28.0,107.3,405.0,CU,Bailey Ober,MIN @ BAL,777924,683002,641927
2025-05-18,1:35 PM,BAL,Gunnar Henderson,7,,,6,39.0,101.8,371.0,SV,Michael Soroka,WSH @ BAL,777873,683002,647336
2025-06-05,3:40 PM,BAL,Gunnar Henderson,8,,,6,36.0,103.1,361.0,FF,Bryan Woo,SEA @ BAL,777628,683002,693433
2025-06-27,7:05 PM,BAL,Gunnar Henderson,9,,,8,26.0,99.2,374.0,FA,José Caballero,TB @ BAL,777343,683002,676609
2025-06-30,8:05 PM,BAL,Gunnar Henderson,10,,,10,31.0,107.3,403.0,SL,Robert Garcia,TEX @ BAL,777292,683002,676395
2025-07-10,12:05 PM,BAL,Gunnar Henderson,11,,,8,38.0,106.6,400.0,SL,Ryne Stanek,NYM @ BAL,777165,683002,592773
2025-07-29,12:35 PM,BAL,Gunnar Henderson,12,,,7,22.0,105.8,417.0,FF,Chad Green,TOR @ BAL,778372,683002,643338
2025-08-02,2:20 PM,BAL,Gunnar Henderson,13,,,8,23.0,110.7,416.0,ST,Caleb Thielbar,CHC @ BAL,776902,683002,573204
2025-08-09,7:05 PM,BAL,Gunnar Henderson,14,,,1,26.0,101.4,401.0,FF,Jack Perkins,ATH @ BAL,776811,683002,678022
2025-08-18,7:10 PM,BAL,Gunnar Henderson,15,,,3,25.0,108.0,414.0,FF,Dustin May,BOS @ BAL,776695,683002,669160
2025-08-24,1:35 PM,BAL,Gunnar Henderson,16,,,1,29.0,102.2,392.0,CU,Spencer Arrighetti,HOU @ BAL,776612,683002,681293
2025-09-28,3:05 PM,BAL,Gunnar Henderson,17,,,4,41.0,103.7,355.0,FF,Luis Gil,NYY @ BAL,776140,683002,661563
2025-03-29,1:05 PM,NYY,Anthony Volpe,1,,,2,31.0,91.8,349.0,FC,Nestor Cortes,MIL @ NYY,778538,683011,641482
2025-04-01,7:05 PM,NYY,Anthony Volpe,2,,,4,29.0,106.7,418.0,FC,Corbin Burnes,AZ @ NYY,778492,683011,669203
2025-04-02,7:05 PM,NYY,Anthony Volpe,3,,,9,38.0,94.0,337.0,FF,A.J. Puk,AZ @ NYY,778484,683011,640462
2025-04-27,1:35 PM,NYY,Anthony Volpe,4,,,5,31.0,103.6,356.0,FF,Paxton Schultz,TOR @ NYY,778156,683011,687606
2025-05-12,9:40 PM,NYY,Anthony Volpe,5,,,9,28.0,106.6,411.0,FF,Troy Taylor,SEA @ NYY,777941,683011,700187
2025-06-03,7:05 PM,NYY,Anthony Volpe,6,,,7,27.0,102.2,372.0,ST,Tanner Bibee,CLE @ NYY,777664,683011,676440
2025-06-06,7:05 PM,NYY,Anthony Volpe,7,,,1,24.0,101.8,369.0,FF,Walker Buehler,BOS @ NYY,777627,683011,621111
2025-06-21,1:05 PM,NYY,Anthony Volpe,8,,,5,22.0,101.3,347.0,FF,Andrew Kittredge,BAL @ NYY,777422,683011,552640
2025-07-05,4:10 PM,NYY,Anthony Volpe,9,,,7,29.0,104.6,408.0,ST,Richard Lovelady,NYM @ NYY,777241,683011,663992
2025-07-19,7:15 PM,NYY,Anthony Volpe,10,,,5,30.0,102.0,420.0,FC,Wander Suero,ATL @ NYY,777097,683011,593833
2025-07-19,7:15 PM,NYY,Anthony Volpe,11,,,8,34.0,102.0,411.0,SL,Dylan Lee,ATL @ NYY,777097,683011,669276
2025-07-23,7:07 PM,NYY,Anthony Volpe,12,,,5,41.0,104.3,384.0,FC,Chris Bassitt,TOR @ NYY,777027,683011,605135
2025-07-25,7:05 PM,NYY,Anthony Volpe,13,,,7,37.0,92.1,347.0,SL,Jordan Romano,PHI @ NYY,777015,683011,605447
2025-07-29,7:05 PM,NYY,Anthony Volpe,14,,,8,27.0,109.8,442.0,SI,Kevin Kelly,TB @ NYY,776949,683011,687330
2025-07-30,7:05 PM,NYY,Anthony Volpe,15,,,9,33.0,97.7,366.0,SL,Pete Fairbanks,TB @ NYY,776938,683011,664126
2025-08-01,7:10 PM,NYY,Anthony Volpe,16,,,8,28.0,110.1,421.0,FF,Lake Bachar,MIA @ NYY,776925,683011,669199
2025-08-12,7:05 PM,NYY,Anthony Volpe,17,,,2,29.0,104.7,386.0,SI,Travis Adams,MIN @ NYY,776774,683011,701519
2025-08-29,7:40 PM,NYY,Anthony Volpe,18,,,7,25.0,106.8,406.0,SI,Mike Vasil,CWS @ NYY,776544,683011,678024
2025-09-30,6:08 PM,NYY,Anthony Volpe,19,,,2,22.0,105.2,382.0,SI,Garrett Crochet,BOS @ NYY,813074,683011,676979
2025-09-03,1:05 PM,WSH,Nasim Nuñez,1,,,2,31.0,101.4,371.0,FF,Eury Pérez,MIA @ WSH,776477,683083,691587
2025-09-03,1:05 PM,WSH,Nasim Nuñez,2,,,8,28.0,102.4,389.0,FF,Luarbert Arias,MIA @ WSH,776477,683083,678215
2025-09-21,1:40 PM,WSH,Nasim Nuñez,3,,,2,31.0,98.2,374.0,FF,Sean Manaea,NYM @ WSH,776237,683083,640455
2025-09-22,7:15 PM,WSH,Nasim Nuñez,4,,,1,33.0,97.2,361.0,FF,Chris Sale,ATL @ WSH,776221,683083,519242
2025-05-11,4:07 PM,LAA,Matthew Lugo,1,,,9,30.0,108.0,421.0,SI,Félix Bautista,BAL @ LAA,777961,683090,642585
2025-05-13,9:40 PM,LAA,Matthew Lugo,2,,,7,21.0,103.6,382.0,SL,Jeremiah Estrada,SD @ LAA,777932,683090,669093
2025-05-17,9:10 PM,LAA,Matthew Lugo,3,,,9,35.0,104.1,383.0,FF,Alex Vesia,LAD @ LAA,777884,683090,681911
2025-09-06,9:38 PM,LAA,Matthew Lugo,4,,,8,26.0,100.6,383.0,FF,Scott McGough,ATH @ LAA,776430,683090,543518
2025-04-23,1:10 PM,NYM,Brett Baty,1,,,2,27.0,113.9,425.0,FC,Zack Wheeler,PHI @ NYM,778203,683146,554430
2025-05-09,7:10 PM,NYM,Brett Baty,2,,,2,32.0,107.8,393.0,SI,Jameson Taillon,CHC @ NYM,778001,683146,592791
2025-05-10,7:15 PM,NYM,Brett Baty,3,,,4,31.0,98.9,386.0,ST,Cade Horton,CHC @ NYM,777982,683146,690990
2025-05-10,7:15 PM,NYM,Brett Baty,4,,,8,26.0,107.0,381.0,FF,Julian Merryweather,CHC @ NYM,777982,683146,657240
2025-05-13,7:10 PM,NYM,Brett Baty,5,,,7,24.0,104.4,365.0,CH,Mitch Keller,PIT @ NYM,777943,683146,656605
2025-05-23,7:10 PM,NYM,Brett Baty,6,,,3,30.0,98.7,385.0,FC,Matt Sauer,LAD @ NYM,777808,683146,669422
2025-06-08,3:10 PM,NYM,Brett Baty,7,,,7,24.0,107.2,424.0,SL,Seth Halvorsen,COL @ NYM,777583,683146,678020
2025-06-14,4:10 PM,NYM,Brett Baty,8,,,3,21.0,115.6,388.0,FF,Drew Rasmussen,TB @ NYM,777518,683146,656876
2025-07-04,3:10 PM,NYM,Brett Baty,9,,,6,27.0,99.4,370.0,SL,Ian Hamilton,NYY @ NYM,777250,683146,641656
2025-07-19,4:10 PM,NYM,Brett Baty,10,,,2,23.0,110.2,393.0,FF,Nick Martinez,CIN @ NYM,777092,683146,607259
2025-07-21,7:10 PM,NYM,Brett Baty,11,,,4,25.0,106.3,404.0,SI,Tyler Anderson,LAA @ NYM,777061,683146,542881
2025-08-10,2:10 PM,NYM,Brett Baty,12,,,2,27.0,106.1,412.0,SI,Quinn Priester,MIL @ NYM,776799,683146,682990
2025-08-12,7:10 PM,NYM,Brett Baty,13,,,7,30.0,101.8,401.0,FF,Austin Cox,ATL @ NYM,776772,683146,680735
2025-08-19,6:45 PM,NYM,Brett Baty,14,,,6,30.0,109.6,428.0,FF,Jake Irvin,WSH @ NYM,776678,683146,663623
2025-08-20,6:45 PM,NYM,Brett Baty,15,,,5,24.0,114.8,455.0,FF,Brad Lord,WSH @ NYM,776659,683146,695418
2025-09-07,1:40 PM,NYM,Brett Baty,16,,,3,30.0,104.5,381.0,SL,Hunter Greene,CIN @ NYM,776429,683146,668881
2025-09-16,7:10 PM,NYM,Brett Baty,17,,,1,29.0,108.2,416.0,FF,Michael King,SD @ NYM,776304,683146,650633
2025-09-25,7:40 PM,NYM,Brett Baty,18,,,4,29.0,101.2,371.0,FF,Shota Imanaga,CHC @ NYM,776187,683146,684007
2025-08-23,7:05 PM,TEX,Cody Freeman,1,,,2,29.0,101.0,385.0,FF,Logan Allen,CLE @ TEX,776623,683227,671106
2025-09-01,8:10 PM,TEX,Cody Freeman,2,,,3,26.0,99.7,391.0,FF,Ryne Nelson,AZ @ TEX,776495,683227,669194
2025-09-16,8:10 PM,TEX,Cody Freeman,3,,,5,24.0,100.8,373.0,FF,Colton Gordon,HOU @ TEX,776301,683227,676467
2025-08-19,2:20 PM,CHC,Owen Caissie,1,,,6,22.0,105.2,381.0,FF,Shelby Miller,MIL @ CHC,776691,683357,571946
2025-03-31,2:10 PM,CWS,Andrew Vaughn,1,,,1,19.0,108.5,371.0,SL,Chris Paddack,MIN @ CWS,778506,683734,663978
2025-04-15,7:40 PM,CWS,Andrew Vaughn,2,,,1,38.0,103.2,381.0,CH,Jeffrey Springs,ATH @ CWS,778309,683734,605488
2025-04-20,1:35 PM,CWS,Andrew Vaughn,3,,,8,25.0,110.5,405.0,FF,Liam Hendriks,BOS @ CWS,778245,683734,521230
2025-05-09,7:40 PM,CWS,Andrew Vaughn,4,,,2,33.0,106.2,403.0,FF,Max Meyer,MIA @ CWS,777991,683734,676974
2025-05-10,7:10 PM,CWS,Andrew Vaughn,5,,,1,33.0,105.6,393.0,SI,Edward Cabrera,MIA @ CWS,777978,683734,665795
2025-07-07,7:40 PM,MIL,Andrew Vaughn,6,,,1,30.0,101.8,409.0,SL,Yoshinobu Yamamoto,LAD @ MIL,777201,683734,808967
2025-07-11,8:10 PM,MIL,Andrew Vaughn,7,,,7,37.0,107.7,413.0,FF,Luis García,WSH @ MIL,777149,683734,472610
2025-07-26,7:10 PM,MIL,Andrew Vaughn,8,,,9,23.0,106.5,409.0,SI,Tyler Phillips,MIA @ MIL,776996,683734,663969
2025-07-28,7:40 PM,MIL,Andrew Vaughn,9,,,5,21.0,108.6,398.0,FF,Matthew Boyd,CHC @ MIL,776965,683734,571510
2025-07-29,7:40 PM,MIL,Andrew Vaughn,10,,,6,33.0,105.6,409.0,CU,Ryan Pressly,CHC @ MIL,776956,683734,519151
2025-08-01,6:45 PM,MIL,Andrew Vaughn,11,,,8,30.0,101.0,393.0,SL,Andry Lara,WSH @ MIL,776917,683734,691251
2025-08-06,7:15 PM,MIL,Andrew Vaughn,12,,,4,23.0,102.7,409.0,SL,Spencer Strider,ATL @ MIL,776853,683734,675911
2025-08-12,7:40 PM,MIL,Andrew Vaughn,13,,,6,28.0,109.4,441.0,SL,Ryan Borucki,PIT @ MIL,776771,683734,621366
2025-08-15,6:40 PM,MIL,Andrew Vaughn,14,,,3,29.0,102.3,406.0,FC,Nick Martinez,CIN @ MIL,776740,683734,607259
2025-10-06,9:08 PM,MIL,Andrew Vaughn,15,,,1,39.0,109.2,382.0,ST,Shota Imanaga,CHC @ MIL,813048,683734,684007
2025-10-11,8:08 PM,MIL,Andrew Vaughn,16,,,4,23.0,104.4,383.0,FC,Colin Rea,CHC @ MIL,813046,683734,607067
2025-03-31,10:05 PM,CHC,Michael Busch,1,,,1,24.0,103.8,387.0,SL,Joey Estes,ATH @ CHC,778501,683737,683155
2025-04-12,9:10 PM,CHC,Michael Busch,2,,,2,32.0,102.9,378.0,FF,Roki Sasaki,LAD @ CHC,778345,683737,808963
2025-04-13,7:10 PM,CHC,Michael Busch,3,,,6,35.0,107.8,403.0,SL,Tyler Glasnow,LAD @ CHC,778331,683737,607192
2025-04-14,9:40 PM,CHC,Michael Busch,4,,,4,29.0,103.8,397.0,SL,Dylan Cease,SD @ CHC,778315,683737,656302
2025-04-19,2:20 PM,CHC,Michael Busch,5,,,2,31.0,98.3,367.0,FF,Zac Gallen,AZ @ CHC,778257,683737,668678
2025-05-02,8:10 PM,CHC,Michael Busch,6,,,2,33.0,101.6,392.0,CU,Quinn Priester,MIL @ CHC,778080,683737,682990
2025-05-09,7:10 PM,CHC,Michael Busch,7,,,9,27.0,106.7,411.0,CH,José Buttó,NYM @ CHC,778001,683737,676130
2025-06-01,2:20 PM,CHC,Michael Busch,8,,,3,26.0,107.9,413.0,CH,Nick Martinez,CIN @ CHC,777687,683737,607259
2025-06-03,6:45 PM,CHC,Michael Busch,9,,,7,36.0,109.1,410.0,FF,Zach Brzykcy,WSH @ CHC,777659,683737,694350
2025-06-07,1:10 PM,CHC,Michael Busch,10,,,5,28.0,110.0,414.0,CH,Keider Montero,DET @ CHC,777609,683737,672456
2025-06-10,6:45 PM,CHC,Michael Busch,11,,,4,32.0,106.4,442.0,FF,Mick Abel,PHI @ CHC,777571,683737,690953
2025-06-21,2:20 PM,CHC,Michael Busch,12,,,3,26.0,111.9,375.0,CH,Emerson Hancock,SEA @ CHC,777419,683737,676106
2025-06-26,2:15 PM,CHC,Michael Busch,13,,,2,24.0,109.6,381.0,FF,Andre Pallante,STL @ CHC,777348,683737,669467
2025-06-28,7:15 PM,CHC,Michael Busch,14,,,4,28.0,98.0,358.0,CH,Lance McCullers Jr.,HOU @ CHC,777320,683737,621121
2025-07-04,2:20 PM,CHC,Michael Busch,15,,,2,37.0,107.1,408.0,FF,Miles Mikolas,STL @ CHC,777246,683737,571945
2025-07-04,2:20 PM,CHC,Michael Busch,16,,,3,34.0,109.6,428.0,FF,Miles Mikolas,STL @ CHC,777246,683737,571945
2025-07-04,2:20 PM,CHC,Michael Busch,17,,,7,29.0,103.6,369.0,CU,John King,STL @ CHC,777246,683737,667463
2025-07-05,2:20 PM,CHC,Michael Busch,18,,,2,25.0,104.6,402.0,FF,Matthew Liberatore,STL @ CHC,777229,683737,669461
2025-07-13,1:35 PM,CHC,Michael Busch,19,,,1,28.0,100.7,390.0,FF,Will Warren,NYY @ CHC,777122,683737,701542
2025-07-19,7:15 PM,CHC,Michael Busch,20,,,1,34.0,101.6,377.0,SI,Brayan Bello,BOS @ CHC,777096,683737,678394
2025-07-30,2:10 PM,CHC,Michael Busch,21,,,1,23.0,109.4,388.0,FF,Freddy Peralta,MIL @ CHC,776929,683737,642547
2025-08-09,7:15 PM,CHC,Michael Busch,22,,,2,25.0,106.7,374.0,SL,Andre Pallante,STL @ CHC,776818,683737,669467
2025-08-13,7:07 PM,CHC,Michael Busch,23,,,3,44.0,101.4,356.0,FF,Kevin Gausman,TOR @ CHC,776757,683737,592332
2025-08-14,3:07 PM,CHC,Michael Busch,24,,,6,31.0,104.8,409.0,CU,Max Scherzer,TOR @ CHC,776747,683737,453286
2025-08-28,3:45 PM,CHC,Michael Busch,25,,,6,35.0,105.8,412.0,SI,Logan Webb,SF @ CHC,776550,683737,657277
2025-08-29,8:40 PM,CHC,Michael Busch,26,,,7,27.0,109.0,466.0,FF,Antonio Senzatela,COL @ CHC,776542,683737,622608
2025-09-13,2:20 PM,CHC,Michael Busch,27,,,7,37.0,101.5,388.0,SL,Garrett Cleavinger,TB @ CHC,776338,683737,664076
2025-09-15,6:40 PM,CHC,Michael Busch,28,,,3,27.0,105.6,418.0,FF,Braxton Ashcraft,PIT @ CHC,776318,683737,677952
2025-09-16,6:40 PM,CHC,Michael Busch,29,,,1,40.0,107.0,385.0,CU,Paul Skenes,PIT @ CHC,776308,683737,694973
2025-09-20,6:40 PM,CHC,Michael Busch,30,,,3,30.0,110.2,432.0,SL,Zack Littell,CIN @ CHC,776254,683737,641793
2025-09-24,8:05 PM,CHC,Michael Busch,31,,,6,31.0,98.7,376.0,ST,Sean Manaea,NYM @ CHC,776205,683737,640455
2025-09-26,2:20 PM,CHC,Michael Busch,32,,,5,31.0,105.0,414.0,FF,Miles Mikolas,STL @ CHC,776167,683737,571945
2025-09-27,2:20 PM,CHC,Michael Busch,33,,,1,29.0,98.4,386.0,FC,Michael McGreevy,STL @ CHC,776164,683737,700241
2025-09-27,2:20 PM,CHC,Michael Busch,34,,,5,31.0,101.4,392.0,FF,Michael McGreevy,STL @ CHC,776164,683737,700241
2025-10-02,5:08 PM,CHC,Michael Busch,35,,,7,28.0,107.0,400.0,FF,Robert Suarez,SD @ CHC,813059,683737,663158
2025-10-04,2:08 PM,CHC,Michael Busch,36,,,1,35.0,98.9,389.0,FF,Freddy Peralta,MIL @ CHC,813047,683737,642547
2025-10-08,5:08 PM,CHC,Michael Busch,37,,,1,36.0,108.5,377.0,FC,Quinn Priester,MIL @ CHC,813049,683737,682990
2025-10-09,9:08 PM,CHC,Michael Busch,38,,,8,33.0,108.1,401.0,FF,Robert Gasser,MIL @ CHC,813050,683737,688107
2025-09-08,6:40 PM,MIA,Victor Mesa Jr.,1,,,8,34.0,102.1,394.0,SL,Shinnosuke Ogasawara,WSH @ MIA,776409,683748,829272
2025-05-13,9:45 PM,SF,Christian Koss,1,,,2,26.0,96.8,369.0,SI,Brandon Pfaadt,AZ @ SF,777930,683766,694297
2025-06-24,9:45 PM,SF,Christian Koss,2,,,5,20.0,107.6,376.0,SL,Cal Quantrill,MIA @ SF,777364,683766,615698
2025-08-05,6:40 PM,SF,Christian Koss,3,,,3,29.0,107.0,419.0,FF,Mike Burrows,PIT @ SF,776866,683766,681347
2025-04-24,9:29 PM,PIT,Matt Gorski,1,,,2,23.0,115.2,434.0,FF,Tyler Anderson,LAA @ PIT,778191,685301,542881
2025-05-14,7:10 PM,PIT,Matt Gorski,2,,,2,25.0,107.9,407.0,SL,Clay Holmes,NYM @ PIT,777919,685301,605280
2025-04-16,1:10 PM,MIL,Sal Frelick,1,,,6,27.0,101.0,408.0,CH,Keider Montero,DET @ MIL,778295,686217,672456
2025-05-14,1:10 PM,MIL,Sal Frelick,2,,,5,27.0,101.2,400.0,FF,Gavin Williams,CLE @ MIL,777925,686217,668909
2025-05-20,7:40 PM,MIL,Sal Frelick,3,,,4,26.0,105.2,412.0,SL,Chayce McDermott,BAL @ MIL,777844,686217,694646
2025-06-03,7:10 PM,MIL,Sal Frelick,4,,,4,20.0,103.8,357.0,FS,Hunter Greene,CIN @ MIL,777668,686217,668881
2025-06-29,2:10 PM,MIL,Sal Frelick,5,,,6,29.0,98.4,395.0,FF,Germán Márquez,COL @ MIL,777301,686217,608566
2025-07-02,1:10 PM,MIL,Sal Frelick,6,,,1,26.0,101.8,378.0,SI,Clay Holmes,NYM @ MIL,777289,686217,605280
2025-07-08,7:40 PM,MIL,Sal Frelick,7,,,8,21.0,99.3,391.0,FS,Kirby Yates,LAD @ MIL,777193,686217,489446
2025-07-28,7:40 PM,MIL,Sal Frelick,8,,,6,27.0,99.5,384.0,FF,Ryan Pressly,CHC @ MIL,776965,686217,519151
2025-08-12,7:40 PM,MIL,Sal Frelick,9,,,1,28.0,96.9,375.0,FF,Paul Skenes,PIT @ MIL,776771,686217,694973
2025-08-28,2:10 PM,MIL,Sal Frelick,10,,,1,24.0,107.0,377.0,FF,Nabil Crismatt,AZ @ MIL,776553,686217,622503
2025-09-17,7:40 PM,MIL,Sal Frelick,11,,,2,25.0,99.4,382.0,CH,Connor Brogdon,LAA @ MIL,776291,686217,641401
2025-09-19,8:15 PM,MIL,Sal Frelick,12,,,3,27.0,104.4,422.0,CH,Sonny Gray,STL @ MIL,776265,686217,543243
2025-04-12,6:10 PM,KC,Vinnie Pasquantino,1,,,4,25.0,103.8,383.0,FF,Luis L. Ortiz,CLE @ KC,778359,686469,682847
2025-04-26,7:10 PM,KC,Vinnie Pasquantino,2,,,5,34.0,108.4,412.0,CH,Framber Valdez,HOU @ KC,778167,686469,664285
2025-04-30,7:05 PM,KC,Vinnie Pasquantino,3,,,1,23.0,108.2,392.0,FF,Drew Rasmussen,TB @ KC,778113,686469,656876
2025-05-03,7:15 PM,KC,Vinnie Pasquantino,4,,,8,23.0,111.5,422.0,FF,Seranthony Domínguez,BAL @ KC,778072,686469,622554
2025-05-04,1:35 PM,KC,Vinnie Pasquantino,5,,,7,30.0,100.1,380.0,CH,Yennier Cano,BAL @ KC,778062,686469,666974
2025-05-16,7:40 PM,KC,Vinnie Pasquantino,6,,,4,24.0,108.5,448.0,FF,Andre Pallante,STL @ KC,777901,686469,669467
2025-05-19,9:45 PM,KC,Vinnie Pasquantino,7,,,8,27.0,100.3,399.0,SL,Tyler Rogers,SF @ KC,777855,686469,643511
2025-06-06,7:40 PM,KC,Vinnie Pasquantino,8,,,3,25.0,99.1,366.0,FC,Davis Martin,CWS @ KC,777618,686469,663436
2025-06-07,4:10 PM,KC,Vinnie Pasquantino,9,,,2,31.0,96.1,358.0,FF,Adrian Houser,CWS @ KC,777606,686469,605288
2025-06-19,2:35 PM,KC,Vinnie Pasquantino,10,,,1,25.0,103.6,388.0,SI,Shawn Armstrong,TEX @ KC,777443,686469,542888
2025-06-28,4:10 PM,KC,Vinnie Pasquantino,11,,,5,24.0,107.9,430.0,ST,Ben Casparius,LAD @ KC,777319,686469,676508
2025-07-04,9:40 PM,KC,Vinnie Pasquantino,12,,,1,27.0,105.5,394.0,FF,Eduardo Rodriguez,AZ @ KC,777248,686469,593958
2025-07-04,9:40 PM,KC,Vinnie Pasquantino,13,,,4,29.0,103.9,401.0,FF,Eduardo Rodriguez,AZ @ KC,777248,686469,593958
2025-07-07,7:40 PM,KC,Vinnie Pasquantino,14,,,1,28.0,95.0,378.0,FF,Andrew Heaney,PIT @ KC,777204,686469,571760
2025-07-23,2:20 PM,KC,Vinnie Pasquantino,15,,,1,26.0,102.1,406.0,FF,Colin Rea,CHC @ KC,777031,686469,607067
2025-07-23,2:20 PM,KC,Vinnie Pasquantino,16,,,5,27.0,100.9,414.0,SL,Colin Rea,CHC @ KC,777031,686469,607067
2025-07-29,7:40 PM,KC,Vinnie Pasquantino,17,,,1,30.0,103.7,412.0,FC,Erick Fedde,ATL @ KC,776955,686469,607200
2025-08-04,7:10 PM,KC,Vinnie Pasquantino,18,,,8,29.0,103.0,405.0,FF,Jorge Alcala,BOS @ KC,776880,686469,660896
2025-08-10,1:05 PM,KC,Vinnie Pasquantino,19,,,7,28.0,96.5,373.0,CU,Cole Sands,MIN @ KC,776796,686469,663485
2025-08-12,7:40 PM,KC,Vinnie Pasquantino,20,,,3,22.0,98.6,361.0,FF,Mitchell Parker,WSH @ KC,776770,686469,680730
2025-08-13,2:10 PM,KC,Vinnie Pasquantino,21,,,4,32.0,104.2,410.0,CH,Jake Irvin,WSH @ KC,776759,686469,663623
2025-08-18,7:40 PM,KC,Vinnie Pasquantino,22,,,3,19.0,105.6,374.0,FF,Jack Leiter,TEX @ KC,776690,686469,683004
2025-08-19,7:40 PM,KC,Vinnie Pasquantino,23,,,1,19.0,105.0,409.0,SI,Merrill Kelly,TEX @ KC,776675,686469,518876
2025-08-20,7:40 PM,KC,Vinnie Pasquantino,24,,,1,28.0,105.8,425.0,SL,Caleb Boushley,TEX @ KC,776666,686469,676961
2025-08-21,2:10 PM,KC,Vinnie Pasquantino,25,,,5,23.0,107.2,407.0,CH,Jacob Webb,TEX @ KC,776657,686469,657097
2025-08-22,7:10 PM,KC,Vinnie Pasquantino,26,,,9,30.0,106.1,411.0,FF,Will Vest,DET @ KC,776649,686469,676684
2025-08-24,1:40 PM,KC,Vinnie Pasquantino,27,,,3,25.0,106.6,429.0,KC,Jack Flaherty,DET @ KC,776615,686469,656427
2025-09-04,7:40 PM,KC,Vinnie Pasquantino,28,,,4,27.0,101.2,399.0,SI,Kyle Hendricks,LAA @ KC,776463,686469,543294
2025-09-11,7:15 PM,KC,Vinnie Pasquantino,29,,,1,25.0,101.0,398.0,FF,Gavin Williams,CLE @ KC,776370,686469,668909
2025-09-20,7:10 PM,KC,Vinnie Pasquantino,30,,,4,35.0,99.2,397.0,CH,Shane Bieber,TOR @ KC,776245,686469,669456
2025-09-25,9:38 PM,KC,Vinnie Pasquantino,31,,,1,23.0,101.6,391.0,SL,Mitch Farris,LAA @ KC,776178,686469,815083
2025-07-23,2:20 PM,KC,Tyler Tolbert,1,,,6,31.0,94.2,391.0,FF,Drew Pomeranz,CHC @ KC,777031,686475,519141
2025-06-09,9:40 PM,SEA,Dominic Canzone,1,,,9,25.0,115.9,450.0,FF,Player 656257,AZ @ SEA,777577,686527,656257
2025-06-22,2:20 PM,SEA,Dominic Canzone,2,,,2,38.0,98.1,394.0,FF,Colin Rea,CHC @ SEA,777403,686527,607067
2025-06-22,2:20 PM,SEA,Dominic Canzone,3,,,6,41.0,106.3,397.0,SL,Colin Rea,CHC @ SEA,777403,686527,607067
2025-06-23,7:40 PM,SEA,Dominic Canzone,4,,,6,36.0,107.8,407.0,ST,Bailey Ober,MIN @ SEA,777388,686527,641927
2025-06-28,4:05 PM,SEA,Dominic Canzone,5,,,3,31.0,109.5,425.0,CU,Kumar Rocker,TEX @ SEA,777322,686527,677958
2025-07-03,10:10 PM,SEA,Dominic Canzone,6,,,9,21.0,107.2,412.0,SL,Carlos Estévez,KC @ SEA,777251,686527,608032
2025-08-05,9:40 PM,SEA,Dominic Canzone,7,,,2,23.0,108.3,405.0,FF,Davis Martin,CWS @ SEA,776857,686527,663436
2025-09-16,7:40 PM,SEA,Dominic Canzone,8,,,2,32.0,110.3,419.0,SL,Michael Wacha,KC @ SEA,776302,686527,608379
2025-09-16,7:40 PM,SEA,Dominic Canzone,9,,,5,30.0,108.2,447.0,SI,Daniel Lynch IV,KC @ SEA,776302,686527,663738
2025-09-16,7:40 PM,SEA,Dominic Canzone,10,,,9,34.0,100.8,388.0,SL,Jonathan Bowlan,KC @ SEA,776302,686527,680742
2025-09-23,9:40 PM,SEA,Dominic Canzone,11,,,5,23.0,108.2,383.0,SI,McCade Brown,COL @ SEA,776212,686527,685326
2025-04-29,7:40 PM,MIL,Isaac Collins,1,,,1,32.0,102.8,372.0,FC,Tyler Gilbert,CWS @ MIL,778125,686555,656457
2025-06-04,12:40 PM,MIL,Isaac Collins,2,,,9,27.0,97.0,367.0,FC,Player 489119,CIN @ MIL,777647,686555,489119
2025-06-17,8:05 PM,MIL,Isaac Collins,3,,,2,33.0,99.9,388.0,KC,Ben Brown,CHC @ MIL,777482,686555,676962
2025-06-19,2:20 PM,MIL,Isaac Collins,4,,,5,25.0,99.9,388.0,CU,Génesis Cabrera,CHC @ MIL,777450,686555,650893
2025-07-02,1:10 PM,MIL,Isaac Collins,5,,,8,32.0,104.0,390.0,SL,Brandon Waddell,NYM @ MIL,777289,686555,663399
2025-07-19,9:10 PM,MIL,Isaac Collins,6,,,4,26.0,98.4,363.0,SL,Emmet Sheehan,LAD @ MIL,777085,686555,686218
2025-08-04,7:15 PM,MIL,Isaac Collins,7,,,4,26.0,101.3,376.0,ST,Erick Fedde,ATL @ MIL,776882,686555,607200
2025-08-10,2:10 PM,MIL,Isaac Collins,8,,,9,31.0,94.5,363.0,SL,Edwin Díaz,NYM @ MIL,776799,686555,621242
2025-09-03,7:40 PM,MIL,Isaac Collins,9,,,1,24.0,95.3,358.0,CH,Aaron Nola,PHI @ MIL,776471,686555,605400
2025-04-19,4:10 PM,WSH,Dylan Crews,1,,,2,29.0,102.5,407.0,FC,Chase Dollander,COL @ WSH,778247,686611,801403
2025-04-19,4:10 PM,WSH,Dylan Crews,2,,,5,23.0,108.4,428.0,FF,Chase Dollander,COL @ WSH,778247,686611,801403
2025-04-22,6:45 PM,WSH,Dylan Crews,3,,,6,22.0,109.0,429.0,SI,Dean Kremer,BAL @ WSH,778222,686611,665152
2025-04-27,1:35 PM,WSH,Dylan Crews,4,,,2,38.0,104.8,376.0,SI,Tylor Megill,NYM @ WSH,778153,686611,656731
2025-05-10,4:05 PM,WSH,Dylan Crews,5,,,8,25.0,105.1,393.0,SI,Andre Pallante,STL @ WSH,777980,686611,669467
2025-05-18,1:35 PM,WSH,Dylan Crews,6,,,2,33.0,106.0,393.0,SI,Zach Eflin,BAL @ WSH,777873,686611,621107
2025-05-20,6:45 PM,WSH,Dylan Crews,7,,,2,39.0,107.9,404.0,FF,Spencer Strider,ATL @ WSH,777841,686611,675911
2025-09-08,6:40 PM,WSH,Dylan Crews,8,,,5,26.0,104.4,409.0,SI,Seth Martinez,MIA @ WSH,776409,686611,661527
2025-09-12,6:45 PM,WSH,Dylan Crews,9,,,7,22.0,108.0,407.0,FF,Kyle Nicolas,PIT @ WSH,776351,686611,693312
2025-09-22,7:15 PM,WSH,Dylan Crews,10,,,4,33.0,105.0,389.0,FF,Chris Sale,ATL @ WSH,776221,686611,519242
2025-04-06,3:10 PM,COL,Brenton Doyle,1,,,1,22.0,109.5,385.0,FF,Joey Estes,ATH @ COL,778423,686668,683155
2025-04-08,8:40 PM,COL,Brenton Doyle,2,,,3,22.0,105.6,398.0,CU,Freddy Peralta,MIL @ COL,778394,686668,642547
2025-04-10,3:10 PM,COL,Brenton Doyle,3,,,1,29.0,99.3,391.0,SL,Quinn Priester,MIL @ COL,778371,686668,682990
2025-04-30,3:10 PM,COL,Brenton Doyle,4,,,3,22.0,108.5,421.0,FF,Chris Sale,ATL @ COL,778102,686668,519242
2025-05-27,8:05 PM,COL,Brenton Doyle,5,,,7,23.0,102.8,371.0,ST,Cade Horton,CHC @ COL,777751,686668,690990
2025-06-26,3:10 PM,COL,Brenton Doyle,6,,,2,21.0,109.3,394.0,SL,Clayton Kershaw,LAD @ COL,777344,686668,477132
2025-07-05,9:10 PM,COL,Brenton Doyle,7,,,8,27.0,109.3,431.0,FF,Brandon Eisert,CWS @ COL,777232,686668,685126
2025-08-01,8:10 PM,COL,Brenton Doyle,8,,,9,25.0,103.2,406.0,SL,Dennis Santana,PIT @ COL,776919,686668,642701
2025-08-09,8:10 PM,COL,Brenton Doyle,9,,,2,27.0,106.2,431.0,FF,Eduardo Rodriguez,AZ @ COL,776809,686668,593958
2025-08-10,4:10 PM,COL,Brenton Doyle,10,,,7,23.0,100.2,382.0,SL,Kendall Graveman,AZ @ COL,776794,686668,608665
2025-08-14,8:40 PM,COL,Brenton Doyle,11,,,9,37.0,103.3,419.0,FF,Jalen Beeks,AZ @ COL,776742,686668,656222
2025-08-19,8:40 PM,COL,Brenton Doyle,12,,,4,35.0,105.4,439.0,FF,Emmet Sheehan,LAD @ COL,776671,686668,686218
2025-08-21,3:10 PM,COL,Brenton Doyle,13,,,8,31.0,104.3,442.0,FS,Matt Sauer,LAD @ COL,776644,686668,669422
2025-08-23,6:40 PM,COL,Brenton Doyle,14,,,9,23.0,104.0,412.0,FF,Yohan Ramírez,PIT @ COL,776632,686668,670990
2025-09-27,4:05 PM,COL,Brenton Doyle,15,,,2,22.0,108.0,398.0,ST,Justin Verlander,SF @ COL,776146,686668,434378
2025-08-25,7:40 PM,CWS,Korey Lee,1,,,4,31.0,101.7,392.0,CH,Noah Cameron,KC @ CWS,776599,686676,702070
2025-05-04,1:35 PM,KC,Michael Massey,1,,,9,28.0,99.6,404.0,SI,Matt Bowman,BAL @ KC,778062,686681,621199
2025-05-12,8:10 PM,KC,Michael Massey,2,,,2,21.0,105.7,384.0,CH,Ryan Gusto,HOU @ KC,777948,686681,687473
2025-09-19,7:40 PM,KC,Michael Massey,3,,,1,27.0,105.1,393.0,CU,Max Scherzer,TOR @ KC,776260,686681,453286
2025-03-30,2:15 PM,STL,Pedro Pagés,1,,,3,25.0,102.2,399.0,SL,Bailey Ober,MIN @ STL,778517,686780,641927
2025-04-30,6:40 PM,STL,Pedro Pagés,2,,,2,31.0,95.5,375.0,ST,Chase Petty,CIN @ STL,778119,686780,695534
2025-05-19,7:45 PM,STL,Pedro Pagés,3,,,7,34.0,102.3,396.0,SL,John Brebbia,DET @ STL,777862,686780,605154
2025-05-26,3:05 PM,STL,Pedro Pagés,4,,,5,40.0,106.0,368.0,CU,Charlie Morton,BAL @ STL,777771,686780,450203
2025-06-06,8:15 PM,STL,Pedro Pagés,5,,,2,24.0,110.0,422.0,FC,Justin Wrobleski,LAD @ STL,777620,686780,680736
2025-06-27,7:10 PM,STL,Pedro Pagés,6,,,3,21.0,111.7,381.0,SI,Luis L. Ortiz,CLE @ STL,777349,686780,682847
2025-08-02,10:10 PM,STL,Pedro Pagés,7,,,4,29.0,103.2,422.0,CU,Randy Vásquez,SD @ STL,776896,686780,681190
2025-08-10,7:10 PM,STL,Pedro Pagés,8,,,3,31.0,104.9,407.0,FS,Shota Imanaga,CHC @ STL,776795,686780,684007
2025-08-16,7:15 PM,STL,Pedro Pagés,9,,,9,23.0,111.0,429.0,SI,Mark Leiter Jr.,NYY @ STL,776713,686780,643410
2025-08-29,6:40 PM,STL,Pedro Pagés,10,,,2,29.0,107.2,407.0,FS,Zack Littell,CIN @ STL,776551,686780,641793
2025-08-30,6:40 PM,STL,Pedro Pagés,11,,,8,31.0,103.2,395.0,SL,Zach Maxwell,CIN @ STL,776536,686780,687209
2025-04-15,7:40 PM,MIN,Brooks Lee,1,,,7,31.0,103.7,386.0,FF,Max Kranick,NYM @ MIN,778307,686797,668820
2025-04-30,6:10 PM,MIN,Brooks Lee,2,,,8,34.0,102.5,374.0,FF,Hunter Gaddis,CLE @ MIN,778116,686797,683769
2025-05-11,2:10 PM,MIN,Brooks Lee,3,,,4,30.0,100.9,390.0,CU,Landen Roupp,SF @ MIN,777956,686797,694738
2025-05-14,12:05 PM,MIN,Brooks Lee,4,,,4,28.0,99.3,401.0,CU,Dean Kremer,BAL @ MIN,777924,686797,665152
2025-06-08,2:10 PM,MIN,Brooks Lee,5,,,4,40.0,96.4,348.0,FF,Bowden Francis,TOR @ MIN,777585,686797,670102
2025-06-14,4:10 PM,MIN,Brooks Lee,6,,,5,30.0,96.5,345.0,FC,Hunter Brown,HOU @ MIN,777510,686797,686613
2025-06-15,2:10 PM,MIN,Brooks Lee,7,,,3,25.0,103.8,374.0,FC,Brandon Walter,HOU @ MIN,777494,686797,687888
2025-06-26,1:10 PM,MIN,Brooks Lee,8,,,6,30.0,100.3,387.0,SI,Zach Pop,SEA @ MIN,777356,686797,647315
2025-07-29,7:40 PM,MIN,Brooks Lee,9,,,7,30.0,104.7,415.0,FF,Justin Wilson,BOS @ MIN,776954,686797,458677
2025-07-29,7:40 PM,MIN,Brooks Lee,10,,,9,27.0,95.7,360.0,FF,Jorge Alcala,BOS @ MIN,776954,686797,660896
2025-08-06,1:10 PM,MIN,Brooks Lee,11,,,4,26.0,105.2,430.0,FF,Jack Flaherty,DET @ MIN,776859,686797,656427
2025-08-17,2:10 PM,MIN,Brooks Lee,12,,,3,34.0,98.4,373.0,FF,Chris Paddack,DET @ MIN,776700,686797,663978
2025-08-19,7:40 PM,MIN,Brooks Lee,13,,,4,31.0,102.3,393.0,FF,Jacob Lopez,ATH @ MIN,776674,686797,682052
2025-08-27,7:07 PM,MIN,Brooks Lee,14,,,5,23.0,108.0,393.0,FF,Eric Lauer,TOR @ MIN,776567,686797,641778
2025-09-15,7:40 PM,MIN,Brooks Lee,15,,,5,28.0,96.1,355.0,FF,Carlos Rodón,NYY @ MIN,776313,686797,607074
2025-09-21,2:10 PM,MIN,Brooks Lee,16,,,6,26.0,106.9,411.0,FF,Matt Festa,CLE @ MIN,776225,686797,670036
2025-09-03,1:05 PM,MIA,Joey Wiemer,1,,,5,26.0,107.6,403.0,FS,Mitchell Parker,WSH @ MIA,776477,686894,680730
2025-09-09,6:40 PM,MIA,Joey Wiemer,2,,,2,33.0,102.6,389.0,CU,Mitchell Parker,WSH @ MIA,776397,686894,680730
2025-09-12,7:10 PM,MIA,Joey Wiemer,3,,,6,24.0,106.7,417.0,SL,Chris Paddack,DET @ MIA,776366,686894,663978
2025-04-16,1:07 PM,ATL,Drake Baldwin,1,,,9,32.0,95.1,345.0,FS,Jeff Hoffman,TOR @ ATL,778297,686948,656546
2025-04-20,1:35 PM,ATL,Drake Baldwin,2,,,3,24.0,102.3,368.0,FF,Joe Ryan,MIN @ ATL,778249,686948,657746
2025-05-07,7:15 PM,ATL,Drake Baldwin,3,,,5,27.0,100.8,399.0,SL,Brent Suter,CIN @ ATL,778023,686948,608718
2025-05-13,7:15 PM,ATL,Drake Baldwin,4,,,4,24.0,100.5,376.0,SV,Michael Soroka,WSH @ ATL,777942,686948,647336
2025-05-17,7:15 PM,ATL,Drake Baldwin,5,,,3,28.0,112.3,416.0,SL,Lucas Giolito,BOS @ ATL,777893,686948,608337
2025-06-03,7:15 PM,ATL,Drake Baldwin,6,,,4,23.0,104.0,378.0,FC,Zac Gallen,AZ @ ATL,777672,686948,668678
2025-06-05,12:15 PM,ATL,Drake Baldwin,7,,,6,36.0,102.9,391.0,SL,Tommy Henry,AZ @ ATL,777640,686948,674072
2025-06-21,4:10 PM,ATL,Drake Baldwin,8,,,9,24.0,101.6,398.0,ST,Josh Simpson,MIA @ ATL,777424,686948,681006
2025-06-25,7:10 PM,ATL,Drake Baldwin,9,,,4,27.0,105.0,433.0,SL,Clay Holmes,NYM @ ATL,777369,686948,605280
2025-07-04,7:15 PM,ATL,Drake Baldwin,10,,,6,26.0,107.4,405.0,FF,Charlie Morton,BAL @ ATL,777252,686948,450203
2025-07-09,10:05 PM,ATL,Drake Baldwin,11,,,1,36.0,108.3,431.0,FC,Mitch Spence,ATH @ ATL,777176,686948,687765
2025-08-07,7:15 PM,ATL,Drake Baldwin,12,,,1,33.0,102.2,404.0,FF,Eury Pérez,MIA @ ATL,776842,686948,691587
2025-08-07,7:15 PM,ATL,Drake Baldwin,13,,,6,24.0,106.5,422.0,FF,Eury Pérez,MIA @ ATL,776842,686948,691587
2025-08-25,6:40 PM,ATL,Drake Baldwin,14,,,9,25.0,104.9,412.0,FC,Calvin Faucher,MIA @ ATL,776600,686948,676534
2025-08-31,7:10 PM,ATL,Drake Baldwin,15,,,9,28.0,100.8,368.0,SI,José Alvarado,PHI @ ATL,776522,686948,621237
2025-09-15,6:45 PM,ATL,Drake Baldwin,16,,,9,26.0,104.1,378.0,SL,Orlando Ribalta,WSH @ ATL,776315,686948,687377
2025-09-19,6:40 PM,ATL,Drake Baldwin,17,,,9,24.0,103.5,397.0,FF,Paul Sewald,DET @ ATL,776268,686948,623149
2025-09-20,1:10 PM,ATL,Drake Baldwin,18,,,3,28.0,105.4,416.0,KC,Keider Montero,DET @ ATL,776258,686948,672456
2025-09-24,12:15 PM,ATL,Drake Baldwin,19,,,6,23.0,107.7,419.0,FF,Julian Fernández,WSH @ ATL,776200,686948,642759
2025-05-31,7:15 PM,LAD,Dalton Rushing,1,,,8,32.0,104.2,393.0,FA,Pablo Reyes,NYY @ LAD,777698,687221,622569
2025-08-12,9:38 PM,LAD,Dalton Rushing,2,,,2,32.0,104.1,386.0,CH,Victor Mederos,LAA @ LAD,776763,687221,682989
2025-08-24,4:10 PM,LAD,Dalton Rushing,3,,,7,31.0,104.6,387.0,SL,Jeremiah Estrada,SD @ LAD,776603,687221,669093
2025-09-27,9:40 PM,LAD,Dalton Rushing,4,,,5,22.0,109.4,383.0,SL,Logan Gilbert,SEA @ LAD,776150,687221,669302
2025-07-30,10:05 PM,ATH,Darell Hernaiz,1,,,5,22.0,106.8,410.0,SL,Bryan Woo,SEA @ ATH,776930,687231,693433
2025-08-05,6:45 PM,ATH,Darell Hernaiz,2,,,1,29.0,101.4,400.0,FF,MacKenzie Gore,WSH @ ATH,776865,687231,669022
2025-04-20,4:07 PM,LAA,Zach Neto,1,,,5,30.0,109.3,428.0,FF,Justin Verlander,SF @ LAA,778232,687263,434378
2025-04-24,9:29 PM,LAA,Zach Neto,2,,,8,22.0,109.7,383.0,ST,Chase Shugart,PIT @ LAA,778191,687263,663767
2025-04-26,2:10 PM,LAA,Zach Neto,3,,,3,27.0,102.7,396.0,SL,Simeon Woods Richardson,MIN @ LAA,778166,687263,680573
2025-05-02,9:38 PM,LAA,Zach Neto,4,,,1,27.0,107.9,429.0,FF,Tarik Skubal,DET @ LAA,778085,687263,669373
2025-05-12,9:40 PM,LAA,Zach Neto,5,,,3,23.0,110.3,373.0,FF,Michael King,SD @ LAA,777947,687263,650633
2025-05-13,9:40 PM,LAA,Zach Neto,6,,,1,40.0,103.8,354.0,FF,Dylan Cease,SD @ LAA,777932,687263,656302
2025-05-18,4:10 PM,LAA,Zach Neto,7,,,1,24.0,109.2,425.0,FF,Tony Gonsolin,LAD @ LAA,777866,687263,664062
2025-05-21,10:05 PM,LAA,Zach Neto,8,,,3,36.0,103.7,409.0,ST,JP Sears,ATH @ LAA,777828,687263,676664
2025-05-26,9:38 PM,LAA,Zach Neto,9,,,1,28.0,106.1,440.0,CH,Ryan Yarbrough,NYY @ LAA,777763,687263,642232
2025-06-02,7:10 PM,LAA,Zach Neto,10,,,1,35.0,103.1,389.0,SL,Richard Fitts,BOS @ LAA,777670,687263,690916
2025-06-22,4:07 PM,LAA,Zach Neto,11,,,9,38.0,106.8,375.0,SI,Josh Hader,HOU @ LAA,777397,687263,623352
2025-06-23,9:38 PM,LAA,Zach Neto,12,,,1,24.0,104.4,412.0,FF,Walker Buehler,BOS @ LAA,777381,687263,621111
2025-07-03,7:15 PM,LAA,Zach Neto,13,,,4,33.0,104.9,408.0,SI,Bryce Elder,ATL @ LAA,777261,687263,693821
2025-07-10,9:38 PM,LAA,Zach Neto,14,,,9,30.0,105.5,424.0,FC,Dane Dunning,TEX @ LAA,777159,687263,641540
2025-07-11,9:38 PM,LAA,Zach Neto,15,,,1,36.0,106.9,447.0,FF,Ryne Nelson,AZ @ LAA,777150,687263,669194
2025-08-03,4:07 PM,LAA,Zach Neto,16,,,6,34.0,105.7,412.0,SL,Sean Burke,CWS @ LAA,776885,687263,680732
2025-08-08,7:10 PM,LAA,Zach Neto,17,,,5,34.0,107.3,421.0,FF,Tarik Skubal,DET @ LAA,776832,687263,669373
2025-08-11,9:38 PM,LAA,Zach Neto,18,,,1,36.0,106.5,401.0,FF,Yoshinobu Yamamoto,LAD @ LAA,776779,687263,808967
2025-08-11,9:38 PM,LAA,Zach Neto,19,,,6,23.0,106.7,397.0,SL,Alexis Díaz,LAD @ LAA,776779,687263,664747
2025-08-15,10:05 PM,LAA,Zach Neto,20,,,5,32.0,109.3,434.0,FC,Jack Perkins,ATH @ LAA,776734,687263,678022
2025-08-17,4:05 PM,LAA,Zach Neto,21,,,10,32.0,106.7,436.0,FF,Ben Bowden,ATH @ LAA,776699,687263,641386
2025-08-25,8:05 PM,LAA,Zach Neto,22,,,1,40.0,100.5,384.0,FF,Jacob deGrom,TEX @ LAA,776592,687263,594798
2025-08-26,8:05 PM,LAA,Zach Neto,23,,,9,38.0,105.1,396.0,FC,Danny Coulombe,TEX @ LAA,776575,687263,543056
2025-08-30,7:10 PM,LAA,Zach Neto,24,,,3,37.0,108.0,403.0,SI,Spencer Arrighetti,HOU @ LAA,776531,687263,681293
2025-09-01,2:10 PM,LAA,Zach Neto,25,,,4,25.0,105.4,339.0,FC,Luis Garcia,HOU @ LAA,776499,687263,677651
2025-09-10,4:07 PM,LAA,Zach Neto,26,,,3,25.0,108.2,384.0,FF,Taj Bradley,MIN @ LAA,776376,687263,671737
2025-03-30,2:15 PM,STL,Victor Scott II,1,,,2,30.0,100.1,396.0,FF,Bailey Ober,MIN @ STL,778517,687363,641927
2025-04-30,12:40 PM,STL,Victor Scott II,2,,,9,29.0,100.9,396.0,SL,Alexis Díaz,CIN @ STL,778134,687363,664747
2025-06-17,7:40 PM,STL,Victor Scott II,3,,,9,26.0,98.7,370.0,EP,Vinny Capra,CWS @ STL,777467,687363,681962
2025-06-29,12:05 PM,STL,Victor Scott II,4,,,7,29.0,103.0,401.0,FF,Hunter Gaddis,CLE @ STL,777309,687363,683769
2025-07-18,,STL,Victor Scott II,5,,,9,31.0,106.4,421.0,FC,John Curtiss,AZ @ STL,777100,687363,595928
2025-05-10,4:10 PM,MIL,Joey Ortiz,1,,,5,25.0,96.2,334.0,FF,Taj Bradley,TB @ MIL,777981,687401,671737
2025-05-22,6:40 PM,MIL,Joey Ortiz,2,,,2,20.0,109.1,382.0,FF,Mike Burrows,PIT @ MIL,777814,687401,681347
2025-06-24,7:40 PM,MIL,Joey Ortiz,3,,,3,21.0,104.6,397.0,FF,Andrew Heaney,PIT @ MIL,777374,687401,571760
2025-06-24,7:40 PM,MIL,Joey Ortiz,4,,,4,22.0,102.4,398.0,CH,Andrew Heaney,PIT @ MIL,777374,687401,571760
2025-06-28,4:10 PM,MIL,Joey Ortiz,5,,,4,22.0,102.7,406.0,FF,Antonio Senzatela,COL @ MIL,777321,687401,622608
2025-07-02,1:10 PM,MIL,Joey Ortiz,6,,,6,27.0,101.8,378.0,FC,Reed Garrett,NYM @ MIL,777289,687401,657585
2025-07-19,9:10 PM,MIL,Joey Ortiz,7,,,8,28.0,104.7,414.0,FC,Lou Trivino,LAD @ MIL,777085,687401,642152
2025-05-22,6:40 PM,PIT,Spencer Horwitz,1,,,4,27.0,104.8,409.0,FC,Aaron Civale,MIL @ PIT,777814,687462,650644
2025-06-30,6:40 PM,PIT,Spencer Horwitz,2,,,1,26.0,106.7,408.0,SI,Erick Fedde,STL @ PIT,777299,687462,607200
2025-07-23,12:35 PM,PIT,Spencer Horwitz,3,,,2,23.0,106.1,416.0,FC,Troy Melton,DET @ PIT,777029,687462,675512
2025-08-03,3:10 PM,PIT,Spencer Horwitz,4,,,2,29.0,101.6,416.0,FS,Bradley Blalock,COL @ PIT,776886,687462,687134
2025-08-03,3:10 PM,PIT,Spencer Horwitz,5,,,6,36.0,101.0,421.0,CU,Ryan Rolison,COL @ PIT,776886,687462,669020
2025-08-22,6:40 PM,PIT,Spencer Horwitz,6,,,6,22.0,106.7,374.0,FF,Anthony Molina,COL @ PIT,776637,687462,683627
2025-08-25,7:45 PM,PIT,Spencer Horwitz,7,,,3,33.0,106.3,413.0,FC,Michael McGreevy,STL @ PIT,776589,687462,700241
2025-09-10,6:35 PM,PIT,Spencer Horwitz,8,,,4,33.0,101.6,386.0,FC,Tyler Wells,BAL @ PIT,776387,687462,669330
2025-09-12,6:45 PM,PIT,Spencer Horwitz,9,,,5,29.0,100.6,375.0,CH,Brad Lord,WSH @ PIT,776351,687462,695418
2025-09-26,7:15 PM,PIT,Spencer Horwitz,10,,,7,36.0,105.2,403.0,SL,Joel Payamps,ATL @ PIT,776180,687462,606303
2025-09-26,7:15 PM,PIT,Spencer Horwitz,11,,,9,35.0,102.4,414.0,FF,Pierce Johnson,ATL @ PIT,776180,687462,572955
2025-08-07,12:05 PM,ATH,Colby Thomas,1,,,2,34.0,107.6,406.0,FF,Mitchell Parker,WSH @ ATH,776837,687515,680730
2025-08-15,10:05 PM,ATH,Colby Thomas,2,,,3,36.0,107.5,433.0,CU,Yusei Kikuchi,LAA @ ATH,776734,687515,579328
2025-08-16,10:05 PM,ATH,Colby Thomas,3,,,1,41.0,106.7,413.0,FF,Tyler Anderson,LAA @ ATH,776718,687515,542881
2025-08-25,10:05 PM,ATH,Colby Thomas,4,,,7,20.0,111.8,397.0,FF,Tarik Skubal,DET @ ATH,776590,687515,669373
2025-09-06,9:38 PM,ATH,Colby Thomas,5,,,2,22.0,110.0,411.0,FF,Yusei Kikuchi,LAA @ ATH,776430,687515,579328
2025-09-14,4:05 PM,ATH,Colby Thomas,6,,,4,37.0,99.5,381.0,FF,Nick Lodolo,CIN @ ATH,776327,687515,666157
2025-08-17,4:05 PM,SF,Drew Gilbert,1,,,7,29.0,102.1,384.0,FF,Mason Englert,TB @ SF,776703,687551,669438
2025-09-01,4:10 PM,SF,Drew Gilbert,2,,,3,34.0,98.1,388.0,FF,Chase Dollander,COL @ SF,776492,687551,801403
2025-09-03,8:40 PM,SF,Drew Gilbert,3,,,7,20.0,109.8,407.0,FF,Juan Mejia,COL @ SF,776467,687551,675848
2025-04-24,2:10 PM,COL,Jordan Beck,1,,,2,24.0,110.8,419.0,FF,Cole Ragans,KC @ COL,778190,687597,666142
2025-04-24,2:15 PM,COL,Jordan Beck,2,,,6,31.0,100.7,399.0,FF,Michael Lorenzen,KC @ COL,778195,687597,547179
2025-04-24,2:15 PM,COL,Jordan Beck,3,,,8,31.0,106.5,425.0,CH,Daniel Lynch IV,KC @ COL,778195,687597,663738
2025-04-25,8:40 PM,COL,Jordan Beck,4,,,3,36.0,103.9,404.0,CH,Andrew Abbott,CIN @ COL,778181,687597,671096
2025-04-25,8:40 PM,COL,Jordan Beck,5,,,8,28.0,107.2,437.0,SV,Tony Santillan,CIN @ COL,778181,687597,663574
2025-05-09,8:40 PM,COL,Jordan Beck,6,,,8,27.0,104.8,428.0,FF,Sean Reynolds,SD @ COL,777993,687597,669308
2025-05-17,8:10 PM,COL,Jordan Beck,7,,,1,29.0,103.8,419.0,FF,Zac Gallen,AZ @ COL,777887,687597,668678
2025-05-17,8:10 PM,COL,Jordan Beck,8,,,7,21.0,102.6,384.0,SL,Ryan Thompson,AZ @ COL,777887,687597,657044
2025-06-18,6:45 PM,COL,Jordan Beck,9,,,8,23.0,105.6,398.0,CH,Jose A. Ferrer,WSH @ COL,777461,687597,678606
2025-06-21,9:10 PM,COL,Jordan Beck,10,,,1,34.0,102.3,415.0,FC,Merrill Kelly,AZ @ COL,777410,687597,518876
2025-07-18,,COL,Jordan Beck,11,,,2,30.0,108.8,448.0,FF,Chris Paddack,MIN @ COL,777102,687597,663978
2025-07-29,6:40 PM,COL,Jordan Beck,12,,,4,26.0,101.2,389.0,ST,Logan Allen,CLE @ COL,776951,687597,671106
2025-08-02,3:10 PM,COL,Jordan Beck,13,,,6,24.0,104.9,394.0,SI,Paul Skenes,PIT @ COL,776904,687597,694973
2025-08-03,3:10 PM,COL,Jordan Beck,14,,,6,30.0,96.2,381.0,ST,Mitch Keller,PIT @ COL,776886,687597,656605
2025-09-06,8:10 PM,COL,Jordan Beck,15,,,7,26.0,106.0,447.0,FF,Jeremiah Estrada,SD @ COL,776431,687597,669093
2025-09-27,4:05 PM,COL,Jordan Beck,16,,,9,25.0,108.2,432.0,SL,Ryan Walker,SF @ COL,776146,687597,676254
2025-08-21,7:15 PM,BAL,Dylan Beavers,1,,,2,33.0,103.2,390.0,CH,Jason Alexander,HOU @ BAL,776655,687637,669920
2025-09-16,7:40 PM,BAL,Dylan Beavers,2,,,7,35.0,105.9,408.0,FF,Wikelman González,CWS @ BAL,776306,687637,682790
2025-09-17,2:10 PM,BAL,Dylan Beavers,3,,,4,28.0,107.0,398.0,SI,Martín Pérez,CWS @ BAL,776285,687637,527048
2025-09-25,1:05 PM,BAL,Dylan Beavers,4,,,9,30.0,107.7,417.0,FC,Kevin Kelly,TB @ BAL,776191,687637,687330
2025-08-16,4:10 PM,MIA,Troy Johnston,1,,,5,25.0,104.6,419.0,CH,Brayan Bello,BOS @ MIA,776724,687859,678394
2025-09-13,4:10 PM,MIA,Troy Johnston,2,,,6,28.0,105.5,434.0,FC,Troy Melton,DET @ MIA,776347,687859,675512
2025-09-13,4:10 PM,MIA,Troy Johnston,3,,,11,24.0,104.3,413.0,FS,Rafael Montero,DET @ MIA,776347,687859,606160
2025-09-20,7:05 PM,MIA,Troy Johnston,4,,,6,20.0,103.0,361.0,CU,Jack Leiter,TEX @ MIA,776242,687859,683004
2025-03-29,4:10 PM,CIN,Christian Encarnacion-Strand,1,,,6,25.0,103.6,354.0,SI,Spencer Bivens,SF @ CIN,778540,687952,702352
2025-04-05,7:10 PM,CIN,Christian Encarnacion-Strand,2,,,4,29.0,111.4,451.0,FF,Elvin Rodriguez,MIL @ CIN,778439,687952,660730
2025-06-06,,CIN,Christian Encarnacion-Strand,3,,,6,24.0,103.2,418.0,CU,Cristian Mena,AZ @ CIN,777623,687952,691441
2025-06-07,4:10 PM,CIN,Christian Encarnacion-Strand,4,,,1,41.0,103.0,369.0,FF,Ryne Nelson,AZ @ CIN,777612,687952,669194
2025-06-08,1:40 PM,CIN,Christian Encarnacion-Strand,5,,,4,25.0,104.6,403.0,KC,Zac Gallen,AZ @ CIN,777602,687952,668678
2025-07-02,7:10 PM,CIN,Christian Encarnacion-Strand,6,,,7,30.0,109.1,439.0,FF,Greg Weissert,BOS @ CIN,777277,687952,669711
2025-04-13,4:10 PM,TEX,Dustin Harris,1,,,2,28.0,102.9,408.0,SL,Logan Gilbert,SEA @ TEX,778334,687957,669302
2025-07-29,7:45 PM,MIA,Graham Pauley,1,,,2,25.0,103.0,384.0,CU,Sonny Gray,STL @ MIA,776946,688363,543243
2025-08-06,4:40 PM,MIA,Graham Pauley,2,,,5,29.0,102.8,394.0,FF,Héctor Neris,HOU @ MIA,776849,688363,593576
2025-08-07,7:15 PM,MIA,Graham Pauley,3,,,2,28.0,92.4,352.0,SI,Carlos Carrasco,ATL @ MIA,776842,688363,471911
2025-08-13,6:40 PM,MIA,Graham Pauley,4,,,6,25.0,101.5,403.0,FC,Matt Festa,CLE @ MIA,776766,688363,670036
2025-09-12,9:40 PM,COL,Blaine Crim,1,,,4,24.0,107.9,439.0,ST,JP Sears,SD @ COL,776357,688760,676664
2025-09-18,3:10 PM,COL,Blaine Crim,2,,,2,29.0,102.9,406.0,SL,Sandy Alcantara,MIA @ COL,776270,688760,645261
2025-09-18,3:10 PM,COL,Blaine Crim,3,,,9,30.0,102.5,424.0,FF,Valente Bellozo,MIA @ COL,776270,688760,678368
2025-09-21,3:10 PM,COL,Blaine Crim,4,,,4,33.0,100.9,402.0,FF,Caden Dana,LAA @ COL,776232,688760,702674
2025-09-24,9:40 PM,COL,Blaine Crim,5,,,4,28.0,105.7,412.0,FF,Luis Castillo,SEA @ COL,776194,688760,622491
2025-07-04,10:05 PM,SF,Brett Wisely,1,,,8,33.0,101.0,415.0,FF,Jack Perkins,ATH @ SF,777244,689172,678022
2025-04-19,1:05 PM,MIA,Liam Hicks,1,,,9,28.0,94.8,374.0,FF,Jordan Romano,PHI @ MIA,778252,689414,605447
2025-05-06,6:40 PM,MIA,Liam Hicks,2,,,5,25.0,108.5,380.0,FF,Tony Gonsolin,LAD @ MIA,778035,689414,664062
2025-05-09,7:40 PM,MIA,Liam Hicks,3,,,7,38.0,104.1,366.0,FF,Caleb Freeman,CWS @ MIA,777991,689414,673965
2025-05-18,1:40 PM,MIA,Liam Hicks,4,,,6,24.0,101.3,370.0,FF,Shane Baz,TB @ MIA,777877,689414,669358
2025-08-29,7:10 PM,MIA,Liam Hicks,5,,,9,29.0,100.6,361.0,FA,Luis Torrens,NYM @ MIA,776548,689414,620443
2025-09-18,3:10 PM,MIA,Liam Hicks,6,,,3,28.0,100.9,411.0,FF,Tanner Gordon,COL @ MIA,776270,689414,685299
2025-07-12,4:10 PM,COL,Ryan Ritter,1,,,3,42.0,102.6,354.0,FC,Brady Singer,CIN @ COL,777140,690022,663903
2025-04-20,3:10 PM,COL,Braxton Fulford,1,,,6,31.0,108.6,433.0,FF,Jake Irvin,WSH @ COL,778235,690924,663623
2025-08-22,9:40 PM,LAD,Alex Freeland,1,,,3,31.0,106.3,394.0,ST,Yu Darvish,SD @ LAD,776636,690976,506433
2025-08-23,8:40 PM,LAD,Alex Freeland,2,,,8,30.0,97.6,388.0,FF,Jeremiah Estrada,SD @ LAD,776617,690976,669093
2025-05-28,9:40 PM,WSH,Robert Hassell III,1,,,8,28.0,104.3,416.0,FF,Blas Castaño,SEA @ WSH,777730,690987,680604
2025-08-02,4:05 PM,WSH,Robert Hassell III,2,,,3,25.0,106.7,416.0,FF,Brandon Woodruff,MIL @ WSH,776903,690987,605540
2025-09-07,2:20 PM,WSH,Robert Hassell III,3,,,9,23.0,101.8,376.0,FF,Daniel Palencia,CHC @ WSH,776420,690987,694037
2025-04-30,2:10 PM,DET,Colt Keith,1,,,2,32.0,109.6,406.0,FF,AJ Blubaugh,HOU @ DET,778110,690993,805123
2025-05-02,9:38 PM,DET,Colt Keith,2,,,9,27.0,106.7,398.0,ST,Kenley Jansen,LAA @ DET,778085,690993,445276
2025-05-04,4:07 PM,DET,Colt Keith,3,,,3,23.0,106.5,392.0,FF,Jack Kochanowicz,LAA @ DET,778050,690993,686799
2025-05-08,3:15 PM,DET,Colt Keith,4,,,7,29.0,109.2,450.0,SL,Tyler Kinley,COL @ DET,778029,690993,641755
2025-06-19,6:10 PM,DET,Colt Keith,5,,,7,30.0,93.3,353.0,FF,Isaac Mattson,PIT @ DET,777464,690993,676755
2025-06-20,7:05 PM,DET,Colt Keith,6,,,9,21.0,105.6,350.0,SL,Eric Orze,TB @ DET,777431,690993,679358
2025-07-07,6:40 PM,DET,Colt Keith,7,,,7,39.0,106.9,390.0,FF,Paul Gervase,TB @ DET,777211,690993,801434
2025-07-08,6:40 PM,DET,Colt Keith,8,,,7,32.0,101.2,394.0,CH,Edwin Uceta,TB @ DET,777195,690993,670955
2025-08-02,4:05 PM,DET,Colt Keith,9,,,3,24.0,107.8,396.0,FF,Zack Wheeler,PHI @ DET,776912,690993,554430
2025-08-12,7:40 PM,DET,Colt Keith,10,,,9,32.0,106.5,402.0,SI,Mike Vasil,CWS @ DET,776773,690993,678024
2025-08-18,6:40 PM,DET,Colt Keith,11,,,7,29.0,97.1,374.0,FS,Tayler Scott,HOU @ DET,776692,690993,605463
2025-08-26,10:05 PM,DET,Colt Keith,12,,,5,25.0,104.5,394.0,FC,Justin Sterner,ATH @ DET,776573,690993,686993
2025-09-10,7:05 PM,DET,Colt Keith,13,,,9,22.0,108.2,367.0,FF,Luke Weaver,NYY @ DET,776383,690993,596133
2025-03-30,4:10 PM,ATH,Tyler Soderstrom,1,,,4,29.0,99.2,366.0,CH,Bryan Woo,SEA @ ATH,778513,691016,693433
2025-04-06,3:10 PM,ATH,Tyler Soderstrom,2,,,1,41.0,109.1,386.0,FF,Chase Dollander,COL @ ATH,778423,691016,801403
2025-04-07,10:05 PM,ATH,Tyler Soderstrom,3,,,3,20.0,111.7,385.0,FF,Michael King,SD @ ATH,778414,691016,650633
2025-04-07,10:05 PM,ATH,Tyler Soderstrom,4,,,7,30.0,101.1,389.0,FF,Jeremiah Estrada,SD @ ATH,778414,691016,669093
2025-04-15,7:40 PM,ATH,Tyler Soderstrom,5,,,1,20.0,107.2,388.0,CU,Sean Burke,CWS @ ATH,778309,691016,680732
2025-04-15,7:40 PM,ATH,Tyler Soderstrom,6,,,6,26.0,109.6,423.0,ST,Penn Murfee,CWS @ ATH,778309,691016,682171
2025-04-17,2:10 PM,ATH,Tyler Soderstrom,7,,,7,28.0,103.9,374.0,SL,Brandon Eisert,CWS @ ATH,778283,691016,685126
2025-05-14,10:10 PM,ATH,Tyler Soderstrom,8,,,3,29.0,108.0,414.0,CU,Yoshinobu Yamamoto,LAD @ ATH,777917,691016,808967
2025-05-30,7:07 PM,ATH,Tyler Soderstrom,9,,,2,28.0,103.5,404.0,FS,Chris Bassitt,TOR @ ATH,777716,691016,605135
2025-05-31,3:07 PM,ATH,Tyler Soderstrom,10,,,1,31.0,104.3,411.0,SL,Braydon Fisher,TOR @ ATH,777701,691016,680755
2025-06-05,3:35 PM,ATH,Tyler Soderstrom,11,,,3,24.0,108.0,433.0,FF,David Festa,MIN @ ATH,777636,691016,701581
2025-06-05,3:35 PM,ATH,Tyler Soderstrom,12,,,4,33.0,98.3,364.0,FF,Jorge Alcala,MIN @ ATH,777636,691016,660896
2025-07-06,10:05 PM,ATH,Tyler Soderstrom,13,,,4,39.0,105.3,389.0,CU,Hayden Birdsong,SF @ ATH,777210,691016,806185
2025-07-10,9:05 PM,ATH,Tyler Soderstrom,14,,,1,25.0,108.5,445.0,SL,Spencer Strider,ATL @ ATH,777156,691016,675911
2025-07-11,10:05 PM,ATH,Tyler Soderstrom,15,,,6,25.0,102.2,417.0,CH,Max Scherzer,TOR @ ATH,777152,691016,453286
2025-07-13,4:05 PM,ATH,Tyler Soderstrom,16,,,3,23.0,104.5,410.0,SI,José Berríos,TOR @ ATH,777116,691016,621244
2025-07-25,8:10 PM,ATH,Tyler Soderstrom,17,,,3,26.0,102.3,376.0,CH,Ryan Gusto,HOU @ ATH,777007,691016,687473
2025-08-06,6:45 PM,ATH,Tyler Soderstrom,18,,,6,19.0,105.9,393.0,SL,Konnor Pilkington,WSH @ ATH,776850,691016,663455
2025-08-07,12:05 PM,ATH,Tyler Soderstrom,19,,,8,27.0,97.0,354.0,ST,PJ Poulin,WSH @ ATH,776837,691016,676571
2025-08-11,10:05 PM,ATH,Tyler Soderstrom,20,,,7,31.0,104.3,414.0,CH,Ryan Pepiot,TB @ ATH,776787,691016,686752
2025-08-20,7:40 PM,ATH,Tyler Soderstrom,21,,,4,21.0,107.7,426.0,CH,Bailey Ober,MIN @ ATH,776665,691016,641927
2025-09-07,4:07 PM,ATH,Tyler Soderstrom,22,,,7,26.0,104.7,389.0,FF,Mitch Farris,LAA @ ATH,776414,691016,815083
2025-09-24,10:05 PM,ATH,Tyler Soderstrom,23,,,7,38.0,106.5,395.0,ST,Bryan King,HOU @ ATH,776195,691016,687911
2025-07-23,7:35 PM,CWS,Kyle Teel,1,,,6,29.0,96.7,336.0,FF,Joe Boyle,TB @ CWS,777030,691019,671212
2025-07-30,2:10 PM,CWS,Kyle Teel,2,,,2,26.0,107.8,366.0,FC,Taijuan Walker,PHI @ CWS,776939,691019,592836
2025-08-18,7:15 PM,CWS,Kyle Teel,3,,,7,30.0,103.2,392.0,SL,Daysbel Hernández,ATL @ CWS,776696,691019,678226
2025-08-19,7:15 PM,CWS,Kyle Teel,4,,,6,26.0,99.2,358.0,CH,Connor Seabold,ATL @ CWS,776687,691019,657756
2025-09-02,7:40 PM,CWS,Kyle Teel,5,,,7,39.0,103.9,385.0,FF,Thomas Hatch,MIN @ CWS,776484,691019,641672
2025-09-04,7:40 PM,CWS,Kyle Teel,6,,,7,29.0,113.7,413.0,FC,Travis Adams,MIN @ CWS,776462,691019,701519
2025-09-09,7:40 PM,CWS,Kyle Teel,7,,,1,30.0,107.5,405.0,SI,Adrian Houser,TB @ CWS,776388,691019,605288
2025-09-16,7:40 PM,CWS,Kyle Teel,8,,,1,28.0,102.0,406.0,FF,Dean Kremer,BAL @ CWS,776306,691019,665152
2025-04-01,7:45 PM,STL,Jordan Walker,1,,,4,27.0,107.0,419.0,FF,Kyle Hendricks,LAA @ STL,778495,691023,543294
2025-04-13,2:15 PM,STL,Jordan Walker,2,,,8,21.0,112.0,394.0,FF,Carlos Hernández,PHI @ STL,778336,691023,672578
2025-05-17,7:10 PM,STL,Jordan Walker,3,,,6,29.0,108.5,422.0,FF,Noah Cameron,KC @ STL,777885,691023,702070
2025-08-08,8:15 PM,STL,Jordan Walker,4,,,6,21.0,111.7,434.0,SI,Ryan Brasier,CHC @ STL,776826,691023,518489
2025-08-28,2:15 PM,STL,Jordan Walker,5,,,7,26.0,103.8,404.0,ST,Yohan Ramírez,PIT @ STL,776554,691023,670990
2025-09-27,2:20 PM,STL,Jordan Walker,6,,,7,26.0,104.7,411.0,CU,Caleb Thielbar,CHC @ STL,776164,691023,573204
2025-04-07,6:40 PM,STL,Masyn Winn,1,,,9,23.0,105.3,403.0,FF,Thomas Harrington,PIT @ STL,778415,691026,802419
2025-04-30,12:40 PM,STL,Masyn Winn,2,,,1,31.0,102.9,400.0,SI,Brady Singer,CIN @ STL,778134,691026,663903
2025-04-30,12:40 PM,STL,Masyn Winn,3,,,9,20.0,107.1,388.0,FF,Alexis Díaz,CIN @ STL,778134,691026,664747
2025-05-12,6:45 PM,STL,Masyn Winn,4,,,7,40.0,101.5,377.0,FF,Matt Strahm,PHI @ STL,777953,691026,621381
2025-05-14,6:15 PM,STL,Masyn Winn,5,,,4,32.0,98.5,381.0,FF,Aaron Nola,PHI @ STL,777933,691026,605400
2025-05-25,2:15 PM,STL,Masyn Winn,6,,,3,26.0,104.4,397.0,SI,Brandon Pfaadt,AZ @ STL,777766,691026,694297
2025-06-24,7:45 PM,STL,Masyn Winn,7,,,3,33.0,97.2,383.0,ST,Jameson Taillon,CHC @ STL,777373,691026,592791
2025-08-04,10:10 PM,STL,Masyn Winn,8,,,2,30.0,97.5,389.0,FF,Tyler Glasnow,LAD @ STL,776870,691026,607192
2025-08-16,7:15 PM,STL,Masyn Winn,9,,,2,34.0,100.4,375.0,FC,Max Fried,NYY @ STL,776713,691026,608331
2025-04-01,7:05 PM,NYY,Jasson Domínguez,1,,,3,25.0,100.0,377.0,FC,Corbin Burnes,AZ @ NYY,778492,691176,669203
2025-04-21,6:10 PM,NYY,Jasson Domínguez,2,,,7,27.0,107.9,445.0,CU,Gavin Williams,CLE @ NYY,778227,691176,668909
2025-05-09,10:05 PM,NYY,Jasson Domínguez,3,,,3,29.0,100.4,398.0,CH,Osvaldo Bido,ATH @ NYY,777994,691176,674370
2025-05-09,10:05 PM,NYY,Jasson Domínguez,4,,,7,22.0,111.9,431.0,CU,Hogan Harris,ATH @ NYY,777994,691176,663687
2025-05-09,10:05 PM,NYY,Jasson Domínguez,5,,,8,29.0,98.6,387.0,FF,Elvis Alvarado,ATH @ NYY,777994,691176,665660
2025-05-21,7:05 PM,NYY,Jasson Domínguez,6,,,9,27.0,109.7,398.0,SL,Luke Jackson,TEX @ NYY,777835,691176,592426
2025-07-04,3:10 PM,NYY,Jasson Domínguez,7,,,1,23.0,102.4,380.0,SI,Justin Hagenman,NYM @ NYY,777250,691176,663795
2025-07-04,3:10 PM,NYY,Jasson Domínguez,8,,,5,33.0,97.6,356.0,SI,Austin Warren,NYM @ NYY,777250,691176,681810
2025-07-23,7:07 PM,NYY,Jasson Domínguez,9,,,2,17.0,110.9,380.0,SL,Chris Bassitt,TOR @ NYY,777027,691176,605135
2025-08-25,7:05 PM,NYY,Jasson Domínguez,10,,,7,41.0,102.8,357.0,FF,Cole Henry,WSH @ NYY,776597,691176,669371
2025-04-26,3:10 PM,COL,Adael Amador,1,,,5,38.0,97.9,378.0,SL,Hunter Greene,CIN @ COL,778161,691182,668881
2025-08-20,6:40 PM,MIA,Maximo Acosta,1,,,6,30.0,104.8,418.0,FF,Andre Pallante,STL @ MIA,776670,691185,669467
2025-08-22,7:10 PM,MIA,Maximo Acosta,2,,,8,27.0,102.0,399.0,FF,Yariel Rodríguez,TOR @ MIA,776646,691185,684320
2025-08-25,6:40 PM,MIA,Maximo Acosta,3,,,8,27.0,102.5,404.0,CU,Pierce Johnson,ATL @ MIA,776600,691185,572955
2025-04-08,7:05 PM,TB,Junior Caminero,1,,,7,29.0,104.2,375.0,FF,Ben Joyce,LAA @ TB,778417,691406,690829
2025-04-12,4:10 PM,TB,Junior Caminero,2,,,1,25.0,103.6,405.0,SL,AJ Smith-Shawver,ATL @ TB,778353,691406,700363
2025-04-13,1:40 PM,TB,Junior Caminero,3,,,6,23.0,105.0,413.0,FF,Enyel De Los Santos,ATL @ TB,778340,691406,660853
2025-04-14,7:05 PM,TB,Junior Caminero,4,,,5,25.0,105.8,392.0,CH,Michael Fulmer,BOS @ TB,778328,691406,605242
2025-04-17,7:05 PM,TB,Junior Caminero,5,,,3,27.0,104.0,378.0,FF,Ryan Yarbrough,NYY @ TB,778282,691406,642232
2025-04-29,7:05 PM,TB,Junior Caminero,6,,,4,20.0,110.6,410.0,SI,Michael Lorenzen,KC @ TB,778128,691406,547179
2025-05-08,7:05 PM,TB,Junior Caminero,7,,,1,30.0,98.0,347.0,FF,Jesús Luzardo,PHI @ TB,778005,691406,666200
2025-05-13,7:07 PM,TB,Junior Caminero,8,,,9,28.0,108.8,419.0,SL,Jeff Hoffman,TOR @ TB,777935,691406,656546
2025-05-24,7:05 PM,TB,Junior Caminero,9,,,1,26.0,104.8,387.0,SV,José Berríos,TOR @ TB,777795,691406,621244
2025-05-28,1:10 PM,TB,Junior Caminero,10,,,4,36.0,103.1,406.0,SI,Pablo López,MIN @ TB,777732,691406,641154
2025-05-29,8:10 PM,TB,Junior Caminero,11,,,7,27.0,103.5,385.0,FF,Bryan King,HOU @ TB,777725,691406,687911
2025-05-31,4:10 PM,TB,Junior Caminero,12,,,4,39.0,101.3,355.0,ST,Colton Gordon,HOU @ TB,777693,691406,676467
2025-05-31,4:10 PM,TB,Junior Caminero,13,,,8,22.0,104.5,351.0,SI,Forrest Whitley,HOU @ TB,777693,691406,666215
2025-06-03,7:35 PM,TB,Junior Caminero,14,,,8,30.0,103.4,398.0,FF,Codi Heuer,TEX @ TB,777662,691406,676051
2025-06-05,7:35 PM,TB,Junior Caminero,15,,,2,23.0,105.3,417.0,FF,Jack Leiter,TEX @ TB,777629,691406,683004
2025-06-14,4:10 PM,TB,Junior Caminero,16,,,4,23.0,109.2,409.0,SI,Tylor Megill,NYM @ TB,777518,691406,656731
2025-06-15,1:40 PM,TB,Junior Caminero,17,,,9,21.0,103.6,365.0,ST,Ryne Stanek,NYM @ TB,777502,691406,592773
2025-06-21,12:10 PM,TB,Junior Caminero,18,,,4,22.0,109.6,408.0,FF,Sawyer Gipson-Long,DET @ TB,777420,691406,687830
2025-06-22,12:10 PM,TB,Junior Caminero,19,,,4,34.0,100.1,379.0,SV,Casey Mize,DET @ TB,777409,691406,663554
2025-06-26,2:10 PM,TB,Junior Caminero,20,,,6,22.0,106.0,366.0,SL,Michael Lorenzen,KC @ TB,777353,691406,547179
2025-06-30,7:35 PM,TB,Junior Caminero,21,,,4,29.0,107.5,425.0,FF,Jacob Lopez,ATH @ TB,777296,691406,682052
2025-07-09,5:10 PM,TB,Junior Caminero,22,,,7,32.0,104.8,398.0,ST,Chase Lee,DET @ TB,777182,691406,695445
2025-07-10,7:10 PM,TB,Junior Caminero,23,,,6,28.0,102.8,384.0,FC,Walker Buehler,BOS @ TB,777170,691406,621111
2025-07-18,,TB,Junior Caminero,24,,,1,20.0,114.6,439.0,CU,Charlie Morton,BAL @ TB,777110,691406,450203
2025-07-18,,TB,Junior Caminero,25,,,6,44.0,96.0,341.0,SI,Grant Wolfram,BAL @ TB,777110,691406,664991
2025-07-23,7:35 PM,TB,Junior Caminero,26,,,1,28.0,106.5,363.0,SI,Jonathan Cannon,CWS @ TB,777030,691406,686563
2025-07-28,7:05 PM,TB,Junior Caminero,27,,,1,38.0,108.6,397.0,FC,Cam Schlittler,NYY @ TB,776970,691406,693645
2025-08-02,1:10 PM,TB,Junior Caminero,28,,,6,35.0,104.3,400.0,CU,Jack Dreyer,LAD @ TB,776901,691406,676263
2025-08-06,4:07 PM,TB,Junior Caminero,29,,,1,31.0,108.7,447.0,CH,Tyler Anderson,LAA @ TB,776843,691406,542881
2025-08-06,4:07 PM,TB,Junior Caminero,30,,,3,34.0,106.1,404.0,FF,Tyler Anderson,LAA @ TB,776843,691406,542881
2025-08-08,9:40 PM,TB,Junior Caminero,31,,,6,43.0,105.2,356.0,FF,Luis Castillo,SEA @ TB,776824,691406,622491
2025-08-09,9:40 PM,TB,Junior Caminero,32,,,6,29.0,106.4,419.0,FF,Caleb Ferguson,SEA @ TB,776805,691406,657571
2025-08-11,10:05 PM,TB,Junior Caminero,33,,,7,32.0,105.4,419.0,SL,Osvaldo Bido,ATH @ TB,776787,691406,674370
2025-08-13,10:05 PM,TB,Junior Caminero,34,,,9,47.0,103.5,346.0,SL,Elvis Alvarado,ATH @ TB,776751,691406,665660
2025-08-15,10:15 PM,TB,Junior Caminero,35,,,2,27.0,100.3,381.0,CU,Landen Roupp,SF @ TB,776729,691406,694738
2025-08-22,7:35 PM,TB,Junior Caminero,36,,,8,31.0,111.2,426.0,CU,Jorge Alcala,STL @ TB,776633,691406,660896
2025-08-24,12:10 PM,TB,Junior Caminero,37,,,5,28.0,106.2,381.0,FF,Matt Svanson,STL @ TB,776606,691406,694335
2025-08-25,6:40 PM,TB,Junior Caminero,38,,,5,24.0,108.6,412.0,FF,Tanner Bibee,CLE @ TB,776601,691406,676440
2025-08-25,6:40 PM,TB,Junior Caminero,39,,,7,30.0,98.1,389.0,SL,Tim Herrin,CLE @ TB,776601,691406,682120
2025-09-02,7:35 PM,TB,Junior Caminero,40,,,6,27.0,105.2,390.0,FF,Bryan Woo,SEA @ TB,776485,691406,693433
2025-09-05,7:35 PM,TB,Junior Caminero,41,,,6,28.0,111.6,421.0,SI,Gavin Williams,CLE @ TB,776451,691406,668909
2025-09-10,7:40 PM,TB,Junior Caminero,42,,,5,26.0,99.5,368.0,CH,Brandon Eisert,CWS @ TB,776378,691406,685126
2025-09-13,2:20 PM,TB,Junior Caminero,43,,,8,22.0,105.2,423.0,FF,Porter Hodge,CHC @ TB,776338,691406,687863
2025-09-14,2:20 PM,TB,Junior Caminero,44,,,1,30.0,110.2,401.0,FS,Shota Imanaga,CHC @ TB,776321,691406,684007
2025-09-26,7:07 PM,TB,Junior Caminero,45,,,2,20.0,106.4,367.0,FF,Shane Bieber,TOR @ TB,776177,691406,669456
2025-04-20,1:35 PM,MIA,Javier Sanoja,1,,,8,26.0,102.7,367.0,ST,Orion Kerkering,PHI @ MIA,778248,691594,689147
2025-08-01,7:10 PM,MIA,Javier Sanoja,2,,,5,29.0,94.9,361.0,FF,Carlos Rodón,NYY @ MIA,776925,691594,607074
2025-08-01,7:10 PM,MIA,Javier Sanoja,3,,,7,21.0,102.7,378.0,FF,David Bednar,NYY @ MIA,776925,691594,670280
2025-08-04,6:40 PM,MIA,Javier Sanoja,4,,,7,23.0,103.7,402.0,FF,Bryan King,HOU @ MIA,776875,691594,687911
2025-08-22,7:10 PM,MIA,Javier Sanoja,5,,,2,29.0,100.3,397.0,FF,Shane Bieber,TOR @ MIA,776646,691594,669456
2025-09-19,8:05 PM,MIA,Javier Sanoja,6,,,7,36.0,101.5,368.0,SL,Robert Garcia,TEX @ MIA,776251,691594,676395
2025-04-13,7:10 PM,CHC,Pete Crow-Armstrong,1,,,3,42.0,103.3,370.0,FF,Tyler Glasnow,LAD @ CHC,778331,691718,607192
2025-04-13,7:10 PM,CHC,Pete Crow-Armstrong,2,,,7,29.0,106.1,412.0,FC,Blake Treinen,LAD @ CHC,778331,691718,595014
2025-04-16,4:10 PM,CHC,Pete Crow-Armstrong,3,,,8,40.0,106.3,370.0,SI,Wandy Peralta,SD @ CHC,778288,691718,593974
2025-04-22,7:40 PM,CHC,Pete Crow-Armstrong,4,,,5,33.0,103.6,398.0,FF,Dustin May,LAD @ CHC,778220,691718,669160
2025-04-23,7:00 PM,CHC,Pete Crow-Armstrong,5,,,4,32.0,101.1,367.0,SI,Noah Davis,LAD @ CHC,778205,691718,663562
2025-04-29,6:40 PM,CHC,Pete Crow-Armstrong,6,,,5,27.0,107.4,394.0,FF,Andrew Heaney,PIT @ CHC,778135,691718,571760
2025-05-02,8:10 PM,CHC,Pete Crow-Armstrong,7,,,2,27.0,106.7,418.0,CH,Quinn Priester,MIL @ CHC,778080,691718,682990
2025-05-02,8:10 PM,CHC,Pete Crow-Armstrong,8,,,7,28.0,107.3,399.0,SL,Joel Payamps,MIL @ CHC,778080,691718,606303
2025-05-03,7:10 PM,CHC,Pete Crow-Armstrong,9,,,4,26.0,103.7,398.0,FF,Jose Quintana,MIL @ CHC,778071,691718,500779
2025-05-11,12:05 PM,CHC,Pete Crow-Armstrong,10,,,6,37.0,105.3,376.0,FF,Griffin Canning,NYM @ CHC,777968,691718,656288
2025-05-13,7:40 PM,CHC,Pete Crow-Armstrong,11,,,3,32.0,108.1,397.0,FC,Valente Bellozo,MIA @ CHC,777936,691718,678368
2025-05-16,2:20 PM,CHC,Pete Crow-Armstrong,12,,,2,34.0,105.6,396.0,SL,Shane Smith,CWS @ CHC,777900,691718,681343
2025-05-23,6:40 PM,CHC,Pete Crow-Armstrong,13,,,4,28.0,104.1,410.0,FF,Hunter Greene,CIN @ CHC,777811,691718,668881
2025-05-23,6:40 PM,CHC,Pete Crow-Armstrong,14,,,7,43.0,106.3,350.0,SL,Tony Santillan,CIN @ CHC,777811,691718,663574
2025-05-28,8:05 PM,CHC,Pete Crow-Armstrong,15,,,4,36.0,103.7,379.0,CU,Tanner Gordon,COL @ CHC,777731,691718,685299
2025-06-05,6:45 PM,CHC,Pete Crow-Armstrong,16,,,1,26.0,104.5,412.0,CU,Jake Irvin,WSH @ CHC,777632,691718,663623
2025-06-07,1:10 PM,CHC,Pete Crow-Armstrong,17,,,7,43.0,104.4,359.0,KC,Keider Montero,DET @ CHC,777609,691718,672456
2025-06-12,8:05 PM,CHC,Pete Crow-Armstrong,18,,,4,29.0,103.9,393.0,FF,Andrew Heaney,PIT @ CHC,777541,691718,571760
2025-06-17,8:05 PM,CHC,Pete Crow-Armstrong,19,,,8,26.0,111.5,452.0,FC,Rob Zastryzny,MIL @ CHC,777482,691718,642239
2025-06-19,2:20 PM,CHC,Pete Crow-Armstrong,20,,,1,24.0,106.5,377.0,FF,Freddy Peralta,MIL @ CHC,777450,691718,642547
2025-06-21,2:20 PM,CHC,Pete Crow-Armstrong,21,,,5,22.0,110.4,382.0,FC,Zach Pop,SEA @ CHC,777419,691718,647315
2025-07-04,2:20 PM,CHC,Pete Crow-Armstrong,22,,,1,22.0,110.6,397.0,CU,Miles Mikolas,STL @ CHC,777246,691718,571945
2025-07-04,2:20 PM,CHC,Pete Crow-Armstrong,23,,,3,32.0,109.1,414.0,FF,Miles Mikolas,STL @ CHC,777246,691718,571945
2025-07-10,1:10 PM,CHC,Pete Crow-Armstrong,24,,,3,29.0,101.9,414.0,FF,Chris Paddack,MIN @ CHC,777166,691718,663978
2025-07-10,1:10 PM,CHC,Pete Crow-Armstrong,25,,,7,24.0,103.5,425.0,CU,Anthony Misiewicz,MIN @ CHC,777166,691718,664948
2025-07-19,7:15 PM,CHC,Pete Crow-Armstrong,26,,,8,32.0,100.8,387.0,CU,Chris Murphy,BOS @ CHC,777096,691718,669684
2025-07-23,2:20 PM,CHC,Pete Crow-Armstrong,27,,,8,22.0,106.8,383.0,SI,John Schreiber,KC @ CHC,777031,691718,670167
2025-08-22,9:38 PM,CHC,Pete Crow-Armstrong,28,,,9,31.0,102.6,396.0,FC,Kenley Jansen,LAA @ CHC,776640,691718,445276
2025-09-15,6:40 PM,CHC,Pete Crow-Armstrong,29,,,6,33.0,108.8,414.0,FF,Cam Sanders,PIT @ CHC,776318,691718,676742
2025-09-26,2:20 PM,CHC,Pete Crow-Armstrong,30,,,4,33.0,108.4,396.0,CU,Miles Mikolas,STL @ CHC,776167,691718,571945
2025-09-27,2:20 PM,CHC,Pete Crow-Armstrong,31,,,8,37.0,104.4,398.0,SL,Jorge Alcala,STL @ CHC,776164,691718,660896
2025-08-19,8:40 PM,COL,Kyle Karros,1,,,6,22.0,102.6,381.0,CH,Emmet Sheehan,LAD @ COL,776671,691720,686218
2025-06-27,7:05 PM,BAL,Coby Mayo,1,,,8,32.0,106.9,412.0,EP,José Caballero,TB @ BAL,777343,691723,676609
2025-07-25,7:05 PM,BAL,Coby Mayo,2,,,2,30.0,101.7,413.0,FF,Kyle Freeland,COL @ BAL,777020,691723,607536
2025-07-28,6:35 PM,BAL,Coby Mayo,3,,,2,27.0,108.1,413.0,SI,Chris Bassitt,TOR @ BAL,776966,691723,605135
2025-08-06,12:35 PM,BAL,Coby Mayo,4,,,4,25.0,108.5,421.0,CH,Ranger Suárez,PHI @ BAL,776851,691723,624133
2025-08-15,8:10 PM,BAL,Coby Mayo,5,,,4,22.0,103.5,353.0,CH,Framber Valdez,HOU @ BAL,776733,691723,664285
2025-08-29,10:15 PM,BAL,Coby Mayo,6,,,8,30.0,107.8,420.0,FS,Keaton Winn,SF @ BAL,776533,691723,676775
2025-09-03,4:10 PM,BAL,Coby Mayo,7,,,3,33.0,102.4,401.0,FC,Nestor Cortes,SD @ BAL,776465,691723,641482
2025-09-13,3:07 PM,BAL,Coby Mayo,8,,,9,23.0,108.2,403.0,CU,Braydon Fisher,TOR @ BAL,776343,691723,680755
2025-09-14,1:37 PM,BAL,Coby Mayo,9,,,2,29.0,104.1,412.0,FF,Shane Bieber,TOR @ BAL,776322,691723,669456
2025-09-25,1:05 PM,BAL,Coby Mayo,10,,,8,22.0,107.6,413.0,SI,Kevin Kelly,TB @ BAL,776191,691723,687330
2025-09-27,1:05 PM,BAL,Coby Mayo,11,,,8,39.0,105.4,389.0,SI,Paul Blackburn,NYY @ BAL,776162,691723,621112
2025-04-20,3:10 PM,COL,Zac Veen,1,,,3,28.0,103.4,412.0,CH,Jake Irvin,WSH @ COL,778235,691728,663623
2025-03-28,9:40 PM,ATH,Max Muncy,1,,,8,26.0,108.7,430.0,CH,Tayler Saucedo,SEA @ ATH,778541,691777,642048
2025-06-05,3:35 PM,ATH,Max Muncy,2,,,1,31.0,104.0,410.0,SL,David Festa,MIN @ ATH,777636,691777,701581
2025-06-08,4:05 PM,ATH,Max Muncy,3,,,8,31.0,104.7,431.0,FF,Bryan Baker,BAL @ ATH,777588,691777,641329
2025-06-09,9:38 PM,ATH,Max Muncy,4,,,9,28.0,104.2,387.0,FF,Shaun Anderson,LAA @ ATH,777576,691777,641312
2025-06-14,4:10 PM,ATH,Max Muncy,5,,,2,20.0,110.9,384.0,SL,Michael Lorenzen,KC @ ATH,777511,691777,547179
2025-07-01,7:05 PM,ATH,Max Muncy,6,,,4,30.0,102.8,376.0,FF,Shane Baz,TB @ ATH,777286,691777,669358
2025-07-02,12:10 PM,ATH,Max Muncy,7,,,9,28.0,100.8,400.0,SL,Eric Orze,TB @ ATH,777271,691777,679358
2025-07-08,10:05 PM,ATH,Max Muncy,8,,,1,40.0,106.7,416.0,FF,Didier Fuentes,ATL @ ATH,777189,691777,800311
2025-07-11,10:05 PM,ATH,Max Muncy,9,,,9,26.0,104.8,431.0,FF,Jeff Hoffman,TOR @ ATH,777152,691777,656546
2025-07-12,4:10 PM,WSH,Brady House,1,,,4,27.0,108.7,427.0,ST,Brandon Woodruff,MIL @ WSH,777135,691781,605540
2025-07-12,4:10 PM,WSH,Brady House,2,,,8,29.0,102.5,401.0,SL,Abner Uribe,MIL @ WSH,777135,691781,682842
2025-09-03,1:05 PM,WSH,Brady House,3,,,4,31.0,96.4,364.0,ST,Eury Pérez,MIA @ WSH,776477,691781,691587
2025-09-12,6:45 PM,WSH,Brady House,4,,,6,24.0,104.6,402.0,SL,Mitch Keller,PIT @ WSH,776351,691781,656605
2025-06-06,7:05 PM,BOS,Marcelo Mayer,1,,,5,26.0,103.3,410.0,FF,Will Warren,NYY @ BOS,777627,691785,701542
2025-06-11,7:10 PM,BOS,Marcelo Mayer,2,,,2,28.0,108.7,418.0,SL,Zack Littell,TB @ BOS,777561,691785,641793
2025-06-11,7:10 PM,BOS,Marcelo Mayer,3,,,4,28.0,104.9,410.0,FS,Zack Littell,TB @ BOS,777561,691785,641793
2025-06-18,4:10 PM,BOS,Marcelo Mayer,4,,,2,32.0,96.3,379.0,FF,Luis Castillo,SEA @ BOS,777453,691785,622491
2025-08-09,7:10 PM,CLE,C.J. Kayfus,1,,,6,34.0,104.6,376.0,FF,Bryan Hudson,CWS @ CLE,776814,692216,663542
2025-08-18,9:40 PM,CLE,C.J. Kayfus,2,,,2,35.0,105.1,406.0,FC,Zac Gallen,AZ @ CLE,776682,692216,668678
2025-09-11,7:15 PM,CLE,C.J. Kayfus,3,,,8,32.0,106.6,425.0,FF,John Schreiber,KC @ CLE,776370,692216,670167
2025-09-13,6:10 PM,CLE,C.J. Kayfus,4,,,2,25.0,105.1,358.0,FF,Davis Martin,CWS @ CLE,776348,692216,663436
2025-03-29,7:05 PM,BOS,Kristian Campbell,1,,,4,22.0,112.2,431.0,FF,Jacob Webb,TEX @ BOS,778531,692225,657097
2025-04-03,1:05 PM,BOS,Kristian Campbell,2,,,2,24.0,104.1,389.0,CU,Charlie Morton,BAL @ BOS,778470,692225,450203
2025-04-14,7:05 PM,BOS,Kristian Campbell,3,,,3,36.0,104.5,381.0,SL,Shane Baz,TB @ BOS,778328,692225,669358
2025-04-29,7:07 PM,BOS,Kristian Campbell,4,,,2,38.0,101.8,346.0,FF,Bowden Francis,TOR @ BOS,778127,692225,670102
2025-05-13,6:40 PM,BOS,Kristian Campbell,5,,,11,38.0,99.9,363.0,SI,Beau Brieske,DET @ BOS,777940,692225,689225
2025-06-08,7:10 PM,BOS,Kristian Campbell,6,,,5,38.0,99.0,349.0,FF,Carlos Rodón,NYY @ BOS,777593,692225,607074
2025-08-01,8:10 PM,COL,Yanquiel Fernández,1,,,8,25.0,104.2,426.0,FF,Yohan Ramírez,PIT @ COL,776919,692585,670990
2025-08-28,2:10 PM,COL,Yanquiel Fernández,2,,,5,19.0,102.7,368.0,CH,Jason Alexander,HOU @ COL,776555,692585,669920
2025-08-29,8:40 PM,COL,Yanquiel Fernández,3,,,4,28.0,106.0,426.0,FF,Cade Horton,CHC @ COL,776542,692585,690990
2025-09-18,3:10 PM,COL,Yanquiel Fernández,4,,,7,25.0,103.5,415.0,CU,Sandy Alcantara,MIA @ COL,776270,692585,645261
2025-06-19,6:10 PM,PIT,Nick Gonzales,1,,,2,28.0,106.1,395.0,FC,Tyler Holton,DET @ PIT,777464,693304,663947
2025-06-24,7:40 PM,PIT,Nick Gonzales,2,,,6,26.0,100.7,395.0,CU,Freddy Peralta,MIL @ PIT,777374,693304,642547
2025-07-08,7:40 PM,PIT,Nick Gonzales,3,,,7,30.0,106.5,427.0,SV,Seth Lugo,KC @ PIT,777194,693304,607625
2025-07-28,9:45 PM,PIT,Nick Gonzales,4,,,1,25.0,101.2,390.0,CH,Carson Whisenhunt,SF @ PIT,776964,693304,687931
2025-03-28,10:10 PM,DET,Dillon Dingler,1,,,2,27.0,104.7,410.0,FS,Yoshinobu Yamamoto,LAD @ DET,778544,693307,808967
2025-04-08,1:10 PM,DET,Dillon Dingler,2,,,4,29.0,98.5,379.0,SI,Carlos Carrasco,NYY @ DET,778403,693307,471911
2025-04-23,1:10 PM,DET,Dillon Dingler,3,,,8,29.0,103.3,399.0,FS,Yuki Matsui,SD @ DET,778209,693307,673513
2025-05-01,9:38 PM,DET,Dillon Dingler,4,,,8,30.0,101.0,409.0,SL,Reid Detmers,LAA @ DET,778101,693307,672282
2025-05-30,8:10 PM,DET,Dillon Dingler,5,,,2,28.0,105.6,394.0,FF,Seth Lugo,KC @ DET,777711,693307,607625
2025-06-02,7:40 PM,DET,Dillon Dingler,6,,,1,35.0,105.0,377.0,FC,Jonathan Cannon,CWS @ DET,777674,693307,686563
2025-06-12,6:35 PM,DET,Dillon Dingler,7,,,4,30.0,103.3,387.0,FC,Dean Kremer,BAL @ DET,777540,693307,665152
2025-06-24,6:40 PM,DET,Dillon Dingler,8,,,3,21.0,106.6,390.0,ST,Luis Severino,ATH @ DET,777386,693307,622663
2025-07-28,6:40 PM,DET,Dillon Dingler,9,,,6,28.0,99.4,379.0,CU,Eduardo Rodriguez,AZ @ DET,776973,693307,593958
2025-08-04,6:40 PM,DET,Dillon Dingler,10,,,7,19.0,106.8,368.0,SI,Erasmo Ramírez,MIN @ DET,776874,693307,541640
2025-08-12,7:40 PM,DET,Dillon Dingler,11,,,7,31.0,103.9,388.0,SI,Tyler Gilbert,CWS @ DET,776773,693307,656457
2025-08-29,8:10 PM,DET,Dillon Dingler,12,,,8,31.0,101.8,399.0,FF,Taylor Clarke,KC @ DET,776540,693307,664199
2025-09-11,7:05 PM,DET,Dillon Dingler,13,,,7,26.0,109.0,378.0,CH,Ryan Yarbrough,NYY @ DET,776368,693307,642232
2025-10-02,3:08 PM,DET,Dillon Dingler,14,,,6,32.0,104.1,401.0,CH,Joey Cantillo,CLE @ DET,813073,693307,676282
2025-04-02,1:10 PM,MIL,Jackson Chourio,1,,,1,31.0,101.7,389.0,CH,Cole Ragans,KC @ MIL,778477,694192,666142
2025-04-06,2:10 PM,MIL,Jackson Chourio,2,,,4,29.0,97.3,360.0,FF,Sam Moll,CIN @ MIL,778421,694192,594580
2025-04-06,2:10 PM,MIL,Jackson Chourio,3,,,7,22.0,107.9,415.0,ST,Ian Gibaut,CIN @ MIL,778421,694192,664139
2025-04-09,8:40 PM,MIL,Jackson Chourio,4,,,5,24.0,102.8,413.0,SL,Antonio Senzatela,COL @ MIL,778379,694192,622608
2025-04-12,8:10 PM,MIL,Jackson Chourio,5,,,6,25.0,110.0,448.0,SL,Corbin Burnes,AZ @ MIL,778350,694192,669203
2025-04-26,2:15 PM,MIL,Jackson Chourio,6,,,9,31.0,103.1,395.0,SL,Ryan Helsley,STL @ MIL,778164,694192,664854
2025-05-10,4:10 PM,MIL,Jackson Chourio,7,,,3,20.0,108.4,402.0,FS,Taj Bradley,TB @ MIL,777981,694192,671737
2025-05-26,2:10 PM,MIL,Jackson Chourio,8,,,1,27.0,105.8,413.0,FF,Garrett Crochet,BOS @ MIL,777764,694192,676979
2025-05-31,4:05 PM,MIL,Jackson Chourio,9,,,6,18.0,110.3,375.0,CU,José Ruiz,PHI @ MIL,777702,694192,614179
2025-06-04,12:40 PM,MIL,Jackson Chourio,10,,,5,32.0,101.0,389.0,FC,Andrew Abbott,CIN @ MIL,777647,694192,671096
2025-06-10,7:40 PM,MIL,Jackson Chourio,11,,,3,25.0,102.7,409.0,SL,Grant Holmes,ATL @ MIL,777568,694192,656550
2025-06-12,7:40 PM,MIL,Jackson Chourio,12,,,5,29.0,104.8,410.0,ST,Sonny Gray,STL @ MIL,777532,694192,543243
2025-06-27,8:10 PM,MIL,Jackson Chourio,13,,,4,25.0,100.4,363.0,CH,Kyle Freeland,COL @ MIL,777339,694192,607536
2025-07-02,7:10 PM,MIL,Jackson Chourio,14,,,6,26.0,104.9,401.0,FF,Blade Tidwell,NYM @ MIL,777276,694192,694918
2025-07-06,1:40 PM,MIL,Jackson Chourio,15,,,3,21.0,106.6,370.0,SL,Edward Cabrera,MIA @ MIL,777224,694192,665795
2025-07-13,2:10 PM,MIL,Jackson Chourio,16,,,8,21.0,110.0,425.0,SI,Jackson Rutledge,WSH @ MIL,777123,694192,671131
2025-07-25,4:10 PM,MIL,Jackson Chourio,17,,,4,27.0,100.2,405.0,FS,Cal Quantrill,MIA @ MIL,777008,694192,615698
2025-08-30,3:07 PM,MIL,Jackson Chourio,18,,,9,35.0,100.1,361.0,SL,Jeff Hoffman,TOR @ MIL,776527,694192,656546
2025-09-06,6:40 PM,MIL,Jackson Chourio,19,,,8,30.0,98.7,365.0,FC,Evan Sisk,PIT @ MIL,776441,694192,681895
2025-09-10,2:35 PM,MIL,Jackson Chourio,20,,,1,19.0,109.1,409.0,CH,Merrill Kelly,TEX @ MIL,776375,694192,518876
2025-09-27,7:15 PM,MIL,Jackson Chourio,21,,,6,26.0,103.8,411.0,ST,Andrew Abbott,CIN @ MIL,776153,694192,671096
2025-10-06,9:08 PM,MIL,Jackson Chourio,22,,,4,26.0,103.9,419.0,FF,Daniel Palencia,CHC @ MIL,813048,694192,694037
2025-10-14,8:08 PM,MIL,Jackson Chourio,23,,,1,27.0,106.4,389.0,FF,Yoshinobu Yamamoto,LAD @ MIL,813034,694192,808967
2025-09-16,7:40 PM,LAA,Denzer Guzman,1,,,5,32.0,101.9,409.0,FF,Freddy Peralta,MIL @ LAA,776295,694203,642547
2025-09-19,8:10 PM,LAA,Denzer Guzman,2,,,2,28.0,104.9,415.0,FF,Bradley Blalock,COL @ LAA,776253,694203,687134
2025-09-13,2:20 PM,CHC,Moisés Ballesteros,1,,,2,24.0,103.7,391.0,FF,Drew Rasmussen,TB @ CHC,776338,694208,656876
2025-09-17,12:35 PM,CHC,Moisés Ballesteros,2,,,1,26.0,112.8,410.0,FF,Johan Oviedo,PIT @ CHC,776287,694208,670912
2025-08-30,7:15 PM,BAL,Samuel Basallo,1,,,4,27.0,103.0,376.0,CU,Tristan Beck,SF @ BAL,776516,694212,663941
2025-09-05,7:05 PM,BAL,Samuel Basallo,2,,,9,35.0,109.3,433.0,FF,Tanner Scott,LAD @ BAL,776454,694212,656945
2025-09-16,7:40 PM,BAL,Samuel Basallo,3,,,4,31.0,108.3,420.0,CU,Shane Smith,CWS @ BAL,776306,694212,681343
2025-09-21,1:35 PM,BAL,Samuel Basallo,4,,,5,31.0,104.8,420.0,CU,Cam Schlittler,NYY @ BAL,776240,694212,693645
2025-04-05,7:10 PM,CIN,Blake Dunn,1,,,2,39.0,104.6,384.0,FF,Elvin Rodriguez,MIL @ CIN,778439,694362,660730
2025-04-16,6:40 PM,AZ,Tim Tawa,1,,,7,23.0,105.3,414.0,ST,Tyler Phillips,MIA @ AZ,778303,694374,663969
2025-04-19,2:20 PM,AZ,Tim Tawa,2,,,9,25.0,109.7,438.0,FF,Daniel Palencia,CHC @ AZ,778257,694374,694037
2025-04-22,9:40 PM,AZ,Tim Tawa,3,,,5,22.0,107.6,387.0,SL,Zack Littell,TB @ AZ,778212,694374,641793
2025-04-24,9:40 PM,AZ,Tim Tawa,4,,,5,27.0,101.1,385.0,SI,Drew Rasmussen,TB @ AZ,778188,694374,656876
2025-05-01,1:10 PM,AZ,Tim Tawa,5,,,9,35.0,103.9,366.0,FC,Reed Garrett,NYM @ AZ,778103,694374,657585
2025-05-28,3:40 PM,AZ,Tim Tawa,6,,,9,23.0,111.0,412.0,SI,Ryan Borucki,PIT @ AZ,777729,694374,621366
2025-09-21,4:10 PM,AZ,Tim Tawa,7,,,7,25.0,109.2,412.0,ST,Orion Kerkering,PHI @ AZ,776230,694374,689147
2025-07-02,8:40 PM,HOU,Shay Whitcomb,1,,,2,33.0,107.6,451.0,FF,Austin Gomber,COL @ HOU,777269,694376,596295
2025-09-20,6:40 PM,PIT,Nick Yorke,1,,,2,26.0,101.7,393.0,ST,Luis Morales,ATH @ PIT,776249,694377,806960
2025-04-12,7:10 PM,LAA,Nolan Schanuel,1,,,4,27.0,103.3,383.0,FF,Ryan Gusto,HOU @ LAA,778351,694384,687473
2025-04-13,2:10 PM,LAA,Nolan Schanuel,2,,,2,35.0,99.0,371.0,FC,Hayden Wesneski,HOU @ LAA,778329,694384,669713
2025-05-19,10:05 PM,LAA,Nolan Schanuel,3,,,1,28.0,103.1,418.0,SI,J.T. Ginn,ATH @ LAA,777853,694384,669372
2025-06-15,1:35 PM,LAA,Nolan Schanuel,4,,,1,31.0,104.5,416.0,SL,Scott Blewett,BAL @ LAA,777501,694384,656240
2025-06-18,7:05 PM,LAA,Nolan Schanuel,5,,,1,31.0,100.9,396.0,FF,Ryan Yarbrough,NYY @ LAA,777466,694384,642232
2025-06-22,4:07 PM,LAA,Nolan Schanuel,6,,,5,36.0,100.5,390.0,FF,Ryan Gusto,HOU @ LAA,777397,694384,687473
2025-06-27,9:38 PM,LAA,Nolan Schanuel,7,,,3,27.0,101.0,373.0,CU,Jake Irvin,WSH @ LAA,777331,694384,663623
2025-07-03,7:15 PM,LAA,Nolan Schanuel,8,,,2,31.0,103.1,415.0,SI,Bryce Elder,ATL @ LAA,777261,694384,693821
2025-07-30,9:38 PM,LAA,Nolan Schanuel,9,,,8,35.0,97.7,379.0,CH,Hoby Milner,TEX @ LAA,776932,694384,571948
2025-08-10,1:40 PM,LAA,Nolan Schanuel,10,,,5,33.0,98.1,371.0,FF,Casey Mize,DET @ LAA,776806,694384,663554
2025-09-20,8:10 PM,LAA,Nolan Schanuel,11,,,6,36.0,102.6,409.0,FF,Germán Márquez,COL @ LAA,776241,694384,608566
2025-09-25,9:38 PM,LAA,Nolan Schanuel,12,,,6,24.0,106.7,404.0,FC,Michael Lorenzen,KC @ LAA,776178,694384,547179
2025-07-07,7:40 PM,TOR,Joey Loperfido,1,,,5,33.0,106.8,393.0,FF,Sean Burke,CWS @ TOR,777212,694388,680732
2025-07-24,6:40 PM,TOR,Joey Loperfido,2,,,6,39.0,107.2,394.0,CH,Reese Olson,DET @ TOR,777021,694388,681857
2025-07-29,12:35 PM,TOR,Joey Loperfido,3,,,8,38.0,98.1,377.0,FF,Yaramil Hiraldo,BAL @ TOR,778372,694388,682274
2025-09-16,7:35 PM,TOR,Joey Loperfido,4,,,5,31.0,101.0,357.0,ST,Kevin Kelly,TB @ TOR,776305,694388,687330
2025-05-10,6:10 PM,TEX,Evan Carter,1,,,2,20.0,111.1,390.0,FF,Jack Flaherty,DET @ TEX,777987,694497,656427
2025-06-08,1:35 PM,TEX,Evan Carter,2,,,2,31.0,100.2,382.0,FF,Trevor Williams,WSH @ TEX,777596,694497,592866
2025-06-10,7:40 PM,TEX,Evan Carter,3,,,6,26.0,101.9,394.0,FC,Justin Topa,MIN @ TEX,777557,694497,623437
2025-06-12,1:10 PM,TEX,Evan Carter,4,,,5,32.0,103.3,403.0,SL,Bailey Ober,MIN @ TEX,777533,694497,641927
2025-08-17,1:37 PM,TEX,Evan Carter,5,,,9,32.0,100.1,395.0,KC,Louis Varland,TOR @ TEX,776710,694497,686973
2025-03-30,2:35 PM,TEX,Wyatt Langford,1,,,6,35.0,97.9,341.0,FF,Richard Fitts,BOS @ TEX,778516,694671,690916
2025-04-01,6:40 PM,TEX,Wyatt Langford,2,,,1,37.0,101.5,361.0,SI,Carson Spiers,CIN @ TEX,778498,694671,686730
2025-04-05,7:05 PM,TEX,Wyatt Langford,3,,,7,23.0,110.7,371.0,FF,Mason Montgomery,TB @ TEX,778438,694671,682254
2025-04-08,7:40 PM,TEX,Wyatt Langford,4,,,3,30.0,108.6,407.0,ST,Jameson Taillon,CHC @ TEX,778401,694671,592791
2025-04-22,10:05 PM,TEX,Wyatt Langford,5,,,3,34.0,101.2,403.0,FC,Osvaldo Bido,ATH @ TEX,778213,694671,674370
2025-04-23,10:05 PM,TEX,Wyatt Langford,6,,,4,36.0,107.5,431.0,FF,JP Sears,ATH @ TEX,778197,694671,676664
2025-05-12,8:05 PM,TEX,Wyatt Langford,7,,,6,29.0,106.7,412.0,FF,Chase Dollander,COL @ TEX,777949,694671,801403
2025-05-14,8:05 PM,TEX,Wyatt Langford,8,,,1,22.0,105.2,368.0,FF,Antonio Senzatela,COL @ TEX,777918,694671,622608
2025-05-17,7:05 PM,TEX,Wyatt Langford,9,,,7,26.0,108.1,431.0,SL,Bennett Sousa,HOU @ TEX,777882,694671,656986
2025-05-26,4:05 PM,TEX,Wyatt Langford,10,,,4,23.0,113.1,373.0,FF,Kevin Gausman,TOR @ TEX,777759,694671,592332
2025-05-30,8:05 PM,TEX,Wyatt Langford,11,,,2,36.0,106.1,390.0,FC,Matthew Liberatore,STL @ TEX,777709,694671,669461
2025-06-10,7:40 PM,TEX,Wyatt Langford,12,,,8,33.0,105.5,395.0,SI,Jorge Alcala,MIN @ TEX,777557,694671,660896
2025-06-12,1:10 PM,TEX,Wyatt Langford,13,,,2,29.0,100.2,371.0,SI,Bailey Ober,MIN @ TEX,777533,694671,641927
2025-07-08,9:38 PM,TEX,Wyatt Langford,14,,,8,35.0,108.5,437.0,EP,Kevin Newman,LAA @ TEX,777180,694671,621028
2025-07-11,8:10 PM,TEX,Wyatt Langford,15,,,7,23.0,108.2,392.0,SI,Ryan Gusto,HOU @ TEX,777154,694671,687473
2025-08-11,8:05 PM,TEX,Wyatt Langford,16,,,6,28.0,107.7,410.0,FF,Ryne Nelson,AZ @ TEX,776785,694671,669194
2025-08-17,1:37 PM,TEX,Wyatt Langford,17,,,6,32.0,111.0,401.0,FF,Braydon Fisher,TOR @ TEX,776710,694671,680755
2025-08-20,7:40 PM,TEX,Wyatt Langford,18,,,1,25.0,106.8,406.0,FF,Noah Cameron,KC @ TEX,776666,694671,702070
2025-08-22,8:05 PM,TEX,Wyatt Langford,19,,,6,33.0,103.2,398.0,FF,Slade Cecconi,CLE @ TEX,776641,694671,677944
2025-08-30,10:05 PM,TEX,Wyatt Langford,20,,,5,27.0,98.5,364.0,CH,Mason Barnett,ATH @ TEX,776524,694671,686930
2025-09-01,8:10 PM,TEX,Wyatt Langford,21,,,6,19.0,112.2,382.0,FF,Ryne Nelson,AZ @ TEX,776495,694671,669194
2025-09-21,2:35 PM,TEX,Wyatt Langford,22,,,6,30.0,109.6,412.0,FF,Lake Bachar,MIA @ TEX,776226,694671,669199
2025-07-21,9:40 PM,HOU,Brice Matthews,1,,,2,37.0,108.5,397.0,FF,Zac Gallen,AZ @ HOU,777055,694728,668678
2025-07-21,9:40 PM,HOU,Brice Matthews,2,,,7,31.0,108.7,423.0,FC,Zac Gallen,AZ @ HOU,777055,694728,668678
2025-07-22,9:40 PM,HOU,Brice Matthews,3,,,8,29.0,104.3,396.0,ST,Jake Woodford,AZ @ HOU,777040,694728,663765
2025-09-28,3:07 PM,HOU,Brice Matthews,4,,,5,32.0,104.3,420.0,FC,Connor Brogdon,LAA @ HOU,776135,694728,641401
2025-04-06,7:10 PM,STL,Thomas Saggese,1,,,9,28.0,109.0,430.0,ST,Cooper Criswell,BOS @ STL,778432,695336,681867
2025-09-16,7:45 PM,STL,Thomas Saggese,2,,,3,21.0,107.7,391.0,CH,Andrew Abbott,CIN @ STL,776300,695336,671096
2025-06-19,2:35 PM,KC,Jac Caglianone,1,,,2,35.0,106.5,387.0,FF,Jacob Latz,TEX @ KC,777443,695506,656641
2025-06-19,2:35 PM,KC,Jac Caglianone,2,,,9,27.0,110.2,439.0,SL,Robert Garcia,TEX @ KC,777443,695506,676395
2025-07-08,7:40 PM,KC,Jac Caglianone,3,,,2,19.0,114.1,421.0,CH,Mitch Keller,PIT @ KC,777194,695506,656605
2025-07-09,7:40 PM,KC,Jac Caglianone,4,,,4,27.0,110.8,466.0,SI,Bailey Falter,PIT @ KC,777177,695506,663559
2025-07-21,8:05 PM,KC,Jac Caglianone,5,,,2,20.0,106.1,363.0,KC,Ben Brown,CHC @ KC,777065,695506,676962
2025-09-14,1:35 PM,KC,Jac Caglianone,6,,,5,25.0,100.8,404.0,KC,Aaron Nola,PHI @ KC,776334,695506,605400
2025-09-19,7:40 PM,KC,Jac Caglianone,7,,,7,30.0,101.1,406.0,EP,Tyler Heineman,TOR @ KC,776260,695506,623168
2025-03-31,7:07 PM,WSH,James Wood,1,,,6,36.0,107.2,388.0,FF,Bowden Francis,TOR @ WSH,778507,695578,670102
2025-04-07,6:45 PM,WSH,James Wood,2,,,7,28.0,102.9,395.0,SL,Anthony Banda,LAD @ WSH,778418,695578,607455
2025-04-08,6:45 PM,WSH,James Wood,3,,,1,28.0,111.2,391.0,FF,Justin Wrobleski,LAD @ WSH,778409,695578,680736
2025-04-08,6:45 PM,WSH,James Wood,4,,,4,30.0,106.6,413.0,CU,Justin Wrobleski,LAD @ WSH,778409,695578,680736
2025-04-11,7:10 PM,WSH,James Wood,5,,,9,21.0,110.5,400.0,FF,Luarbert Arias,MIA @ WSH,778369,695578,678215
2025-04-15,6:40 PM,WSH,James Wood,6,,,1,29.0,112.6,445.0,FF,Mitch Keller,PIT @ WSH,778314,695578,656605
2025-04-19,4:10 PM,WSH,James Wood,7,,,4,25.0,109.8,426.0,FF,Chase Dollander,COL @ WSH,778247,695578,801403
2025-04-23,6:45 PM,WSH,James Wood,8,,,1,25.0,116.3,431.0,SI,Tomoyuki Sugano,BAL @ WSH,778204,695578,608372
2025-04-28,4:05 PM,WSH,James Wood,9,,,8,29.0,110.6,438.0,CH,José Ureña,NYM @ WSH,778138,695578,570632
2025-05-06,3:35 PM,WSH,James Wood,10,,,3,21.0,114.6,374.0,FC,Luis L. Ortiz,CLE @ WSH,778026,695578,682847
2025-05-12,7:15 PM,WSH,James Wood,11,,,4,29.0,108.7,413.0,FF,Grant Holmes,ATL @ WSH,777959,695578,656550
2025-05-16,7:05 PM,WSH,James Wood,12,,,8,30.0,106.8,421.0,SL,Keegan Akin,BAL @ WSH,777907,695578,669211
2025-05-24,4:05 PM,WSH,James Wood,13,,,1,22.0,109.7,390.0,SV,Kyle Harrison,SF @ WSH,777793,695578,690986
2025-05-27,9:40 PM,WSH,James Wood,14,,,4,27.0,112.8,448.0,FC,Logan Evans,SEA @ WSH,777743,695578,688138
2025-05-28,9:40 PM,WSH,James Wood,15,,,5,34.0,113.3,435.0,SL,George Kirby,SEA @ WSH,777730,695578,669923
2025-05-30,9:40 PM,WSH,James Wood,16,,,3,26.0,106.8,401.0,FC,Merrill Kelly,AZ @ WSH,777710,695578,518876
2025-06-13,6:45 PM,WSH,James Wood,17,,,3,25.0,113.0,451.0,FF,Edward Cabrera,MIA @ WSH,777530,695578,665795
2025-06-16,6:45 PM,WSH,James Wood,18,,,5,25.0,104.6,373.0,FC,Carson Palmquist,COL @ WSH,777488,695578,687223
2025-06-19,1:05 PM,WSH,James Wood,19,,,4,20.0,110.0,403.0,SI,Chase Dollander,COL @ WSH,777445,695578,801403
2025-06-19,1:05 PM,WSH,James Wood,20,,,11,34.0,110.2,428.0,FS,Seth Halvorsen,COL @ WSH,777445,695578,678020
2025-06-21,10:10 PM,WSH,James Wood,21,,,4,27.0,113.1,451.0,SI,Dustin May,LAD @ WSH,777416,695578,669160
2025-06-23,9:40 PM,WSH,James Wood,22,,,8,33.0,102.0,361.0,FS,Yuki Matsui,SD @ WSH,777382,695578,673513
2025-07-03,6:45 PM,WSH,James Wood,23,,,2,22.0,105.2,361.0,SI,Dietrich Enns,DET @ WSH,777258,695578,608650
2025-07-09,7:45 PM,WSH,James Wood,24,,,7,23.0,115.9,433.0,SI,John King,STL @ WSH,777178,695578,667463
2025-08-09,4:05 PM,WSH,James Wood,25,,,1,36.0,105.7,385.0,SI,Carson Whisenhunt,SF @ WSH,776802,695578,687931
2025-08-21,4:05 PM,WSH,James Wood,26,,,8,24.0,109.1,390.0,FF,Ryne Stanek,NYM @ WSH,776650,695578,592773
2025-09-02,6:45 PM,WSH,James Wood,27,,,4,33.0,107.5,394.0,FF,Adam Mazur,MIA @ WSH,776482,695578,800049
2025-09-23,7:15 PM,WSH,James Wood,28,,,8,26.0,102.7,416.0,SL,Dylan Lee,ATL @ WSH,776219,695578,669276
2025-09-24,12:15 PM,WSH,James Wood,29,,,6,29.0,111.6,445.0,SI,Bryce Elder,ATL @ WSH,776200,695578,693821
2025-09-24,12:15 PM,WSH,James Wood,30,,,8,29.0,109.2,436.0,SL,Tyler Kinley,ATL @ WSH,776200,695578,641755
2025-09-27,4:05 PM,WSH,James Wood,31,,,7,25.0,111.7,419.0,FF,Brandon Eisert,CWS @ WSH,776160,695578,685126
2025-09-16,7:40 PM,KC,Carter Jensen,1,,,4,26.0,103.4,382.0,FF,Logan Gilbert,SEA @ KC,776302,695600,669302
2025-09-16,7:40 PM,KC,Carter Jensen,2,,,6,21.0,110.8,394.0,CH,Carlos Vargas,SEA @ KC,776302,695600,672841
2025-09-28,3:05 PM,KC,Carter Jensen,3,,,7,27.0,112.7,482.0,FF,Michael Kelly,ATH @ KC,776138,695600,547184
2025-07-22,7:05 PM,CWS,Colson Montgomery,1,,,7,24.0,105.7,359.0,FF,Bryan Baker,TB @ CWS,777048,695657,641329
2025-07-23,7:35 PM,CWS,Colson Montgomery,2,,,2,27.0,109.8,414.0,FC,Taj Bradley,TB @ CWS,777030,695657,671737
2025-07-25,7:40 PM,CWS,Colson Montgomery,3,,,2,43.0,108.4,380.0,FF,Shota Imanaga,CHC @ CWS,777017,695657,684007
2025-07-28,7:40 PM,CWS,Colson Montgomery,4,,,3,29.0,104.0,395.0,SL,Cristopher Sánchez,PHI @ CWS,776972,695657,650911
2025-07-30,2:10 PM,CWS,Colson Montgomery,5,,,4,20.0,107.9,379.0,FS,Taijuan Walker,PHI @ CWS,776939,695657,592836
2025-08-01,9:38 PM,CWS,Colson Montgomery,6,,,6,28.0,108.5,433.0,SI,Tyler Anderson,LAA @ CWS,776916,695657,542881
2025-08-03,4:07 PM,CWS,Colson Montgomery,7,,,1,27.0,100.8,376.0,SI,Jack Kochanowicz,LAA @ CWS,776885,695657,686799
2025-08-05,9:40 PM,CWS,Colson Montgomery,8,,,9,29.0,110.9,411.0,SL,Jackson Kowar,SEA @ CWS,776857,695657,663804
2025-08-10,2:10 PM,CWS,Colson Montgomery,9,,,1,27.0,114.5,452.0,FC,Slade Cecconi,CLE @ CWS,776798,695657,677944
2025-08-11,7:40 PM,CWS,Colson Montgomery,10,,,5,24.0,109.4,401.0,CH,Chris Paddack,DET @ CWS,776781,695657,663978
2025-08-22,7:40 PM,CWS,Colson Montgomery,11,,,5,28.0,106.1,399.0,SL,Zebby Matthews,MIN @ CWS,776639,695657,805673
2025-08-23,7:10 PM,CWS,Colson Montgomery,12,,,2,34.0,106.2,412.0,FF,Mick Abel,MIN @ CWS,776619,695657,690953
2025-08-24,2:10 PM,CWS,Colson Montgomery,13,,,2,28.0,112.5,423.0,FC,Taj Bradley,MIN @ CWS,776607,695657,671737
2025-08-26,7:40 PM,CWS,Colson Montgomery,14,,,2,32.0,97.9,361.0,SI,Michael Lorenzen,KC @ CWS,776583,695657,547179
2025-08-31,2:10 PM,CWS,Colson Montgomery,15,,,6,22.0,107.6,412.0,SL,Luis Gil,NYY @ CWS,776514,695657,661563
2025-09-01,2:10 PM,CWS,Colson Montgomery,16,,,2,25.0,104.2,395.0,SL,Bailey Ober,MIN @ CWS,776502,695657,641927
2025-09-04,7:40 PM,CWS,Colson Montgomery,17,,,9,31.0,111.6,454.0,FF,Noah Davis,MIN @ CWS,776462,695657,663562
2025-09-05,6:40 PM,CWS,Colson Montgomery,18,,,7,27.0,101.1,379.0,SL,Keider Montero,DET @ CWS,776452,695657,672456
2025-09-23,7:05 PM,CWS,Colson Montgomery,19,,,6,31.0,113.7,428.0,CH,Luis Gil,NYY @ CWS,776216,695657,661563
2025-09-26,6:45 PM,CWS,Colson Montgomery,20,,,9,25.0,104.3,395.0,SI,Jose A. Ferrer,WSH @ CWS,776165,695657,678606
2025-09-27,4:05 PM,CWS,Colson Montgomery,21,,,4,40.0,104.2,386.0,FF,Jake Irvin,WSH @ CWS,776160,695657,663623
2025-06-20,9:38 PM,LAA,Christian Moore,1,,,7,25.0,108.7,411.0,FF,Bryan King,HOU @ LAA,777428,695681,687911
2025-06-24,9:38 PM,LAA,Christian Moore,2,,,8,26.0,108.4,387.0,FF,Greg Weissert,BOS @ LAA,777376,695681,669711
2025-06-24,9:38 PM,LAA,Christian Moore,3,,,10,20.0,107.7,392.0,SL,Justin Wilson,BOS @ LAA,777376,695681,458677
2025-08-27,8:05 PM,LAA,Christian Moore,4,,,5,27.0,102.7,401.0,CH,Jacob Latz,TEX @ LAA,776563,695681,656641
2025-09-14,4:10 PM,LAA,Christian Moore,5,,,5,28.0,106.1,420.0,SI,George Kirby,SEA @ LAA,776317,695681,669923
2025-09-16,7:40 PM,LAA,Christian Moore,6,,,7,34.0,103.6,391.0,FF,Grant Anderson,MIL @ LAA,776295,695681,681982
2025-09-19,8:10 PM,LAA,Christian Moore,7,,,2,22.0,111.6,430.0,FF,Bradley Blalock,COL @ LAA,776253,695681,687134
2025-06-16,6:45 PM,WSH,Daylen Lile,1,,,5,34.0,104.8,412.0,FF,Carson Palmquist,COL @ WSH,777488,695734,687223
2025-07-12,4:10 PM,WSH,Daylen Lile,2,,,2,29.0,93.0,369.0,FF,Brandon Woodruff,MIL @ WSH,777135,695734,605540
2025-08-15,6:45 PM,WSH,Daylen Lile,3,,,4,26.0,99.5,388.0,FS,Zack Wheeler,PHI @ WSH,776739,695734,554430
2025-09-06,2:20 PM,WSH,Daylen Lile,4,,,4,37.0,96.4,369.0,SL,Matthew Boyd,CHC @ WSH,776440,695734,571510
2025-09-09,6:40 PM,WSH,Daylen Lile,5,,,5,26.0,108.0,410.0,FF,Adam Mazur,MIA @ WSH,776397,695734,800049
2025-09-15,6:45 PM,WSH,Daylen Lile,6,,,2,23.0,107.4,382.0,FF,Spencer Strider,ATL @ WSH,776315,695734,675911
2025-09-20,4:10 PM,WSH,Daylen Lile,7,,,11,21.0,104.8,401.0,SI,Tyler Rogers,NYM @ WSH,776252,695734,643511
2025-09-26,6:45 PM,WSH,Daylen Lile,8,,,8,30.0,101.8,397.0,FF,Jordan Leasure,CWS @ WSH,776165,695734,673929
2025-09-27,4:05 PM,WSH,Daylen Lile,9,,,4,24.0,100.3,387.0,FF,Sean Burke,CWS @ WSH,776160,695734,680732
2025-07-01,8:05 PM,TEX,Alejandro Osuna,1,,,5,23.0,108.9,383.0,FC,Matt Bowman,BAL @ TEX,777282,696030,621199
2025-09-26,7:10 PM,TEX,Alejandro Osuna,2,,,1,23.0,105.8,406.0,CU,Slade Cecconi,CLE @ TEX,776175,696030,677944
2025-03-31,3:05 PM,COL,Hunter Goodman,1,,,6,30.0,106.1,405.0,SL,Cristopher Sánchez,PHI @ COL,778502,696100,650911
2025-04-02,6:45 PM,COL,Hunter Goodman,2,,,7,31.0,99.6,370.0,SI,Zack Wheeler,PHI @ COL,778482,696100,554430
2025-04-14,10:10 PM,COL,Hunter Goodman,3,,,7,28.0,102.0,402.0,FF,Anthony Banda,LAD @ COL,778326,696100,607455
2025-04-24,2:10 PM,COL,Hunter Goodman,4,,,3,33.0,96.0,361.0,CH,Cole Ragans,KC @ COL,778190,696100,666142
2025-04-28,8:40 PM,COL,Hunter Goodman,5,,,1,40.0,104.4,402.0,SL,Bryce Elder,ATL @ COL,778137,696100,693821
2025-05-11,3:10 PM,COL,Hunter Goodman,6,,,1,21.0,108.7,421.0,FC,Nick Pivetta,SD @ COL,777955,696100,601713
2025-05-17,8:10 PM,COL,Hunter Goodman,7,,,1,27.0,109.4,419.0,FF,Zac Gallen,AZ @ COL,777887,696100,668678
2025-06-02,6:40 PM,COL,Hunter Goodman,8,,,3,37.0,109.5,401.0,FF,Max Meyer,MIA @ COL,777673,696100,676974
2025-06-02,6:40 PM,COL,Hunter Goodman,9,,,5,27.0,106.9,418.0,SL,Max Meyer,MIA @ COL,777673,696100,676974
2025-06-03,6:40 PM,COL,Hunter Goodman,10,,,8,22.0,105.2,369.0,ST,Anthony Bender,MIA @ COL,777666,696100,669622
2025-06-11,8:40 PM,COL,Hunter Goodman,11,,,9,30.0,103.5,427.0,FC,Camilo Doval,SF @ COL,777547,696100,666808
2025-06-16,6:45 PM,COL,Hunter Goodman,12,,,1,33.0,101.8,393.0,CU,Jake Irvin,WSH @ COL,777488,696100,663623
2025-06-16,6:45 PM,COL,Hunter Goodman,13,,,9,26.0,105.2,400.0,FF,Kyle Finnegan,WSH @ COL,777488,696100,640448
2025-06-17,6:45 PM,COL,Hunter Goodman,14,,,7,26.0,106.7,407.0,CU,Cole Henry,WSH @ COL,777480,696100,669371
2025-07-01,8:40 PM,COL,Hunter Goodman,15,,,1,23.0,106.8,431.0,FF,Colton Gordon,HOU @ COL,777285,696100,676467
2025-07-01,8:40 PM,COL,Hunter Goodman,16,,,9,31.0,106.8,443.0,SI,Josh Hader,HOU @ COL,777285,696100,623352
2025-07-08,7:10 PM,COL,Hunter Goodman,17,,,9,25.0,104.8,398.0,ST,Brayan Bello,BOS @ COL,777196,696100,678394
2025-07-19,8:10 PM,COL,Hunter Goodman,18,,,8,34.0,100.5,394.0,CH,Anthony Misiewicz,MIN @ COL,777080,696100,664948
2025-07-28,6:40 PM,COL,Hunter Goodman,19,,,8,42.0,106.1,401.0,FF,Hunter Gaddis,CLE @ COL,776968,696100,683769
2025-08-01,8:10 PM,COL,Hunter Goodman,20,,,9,24.0,106.1,425.0,SL,Dennis Santana,PIT @ COL,776919,696100,642701
2025-08-03,3:10 PM,COL,Hunter Goodman,21,,,6,29.0,112.0,451.0,ST,Mitch Keller,PIT @ COL,776886,696100,656605
2025-08-05,8:40 PM,COL,Hunter Goodman,22,,,1,31.0,92.1,379.0,SV,José Berríos,TOR @ COL,776854,696100,621244
2025-08-12,7:45 PM,COL,Hunter Goodman,23,,,4,27.0,112.2,442.0,CH,Matthew Liberatore,STL @ COL,776775,696100,669461
2025-08-13,2:15 PM,COL,Hunter Goodman,24,,,9,32.0,110.0,436.0,SI,JoJo Romero,STL @ COL,776758,696100,668941
2025-08-15,8:40 PM,COL,Hunter Goodman,25,,,1,27.0,108.6,449.0,FF,Brandon Pfaadt,AZ @ COL,776730,696100,694297
2025-08-26,8:10 PM,COL,Hunter Goodman,26,,,3,32.0,94.2,362.0,SI,Hunter Brown,HOU @ COL,776587,696100,686613
2025-09-02,8:40 PM,COL,Hunter Goodman,27,,,7,34.0,108.9,440.0,SL,José Buttó,SF @ COL,776486,696100,676130
2025-09-05,8:40 PM,COL,Hunter Goodman,28,,,3,32.0,105.0,414.0,FF,Nick Pivetta,SD @ COL,776442,696100,601713
2025-09-06,8:10 PM,COL,Hunter Goodman,29,,,6,26.0,108.2,419.0,ST,Randy Vásquez,SD @ COL,776431,696100,681190
2025-09-09,10:10 PM,COL,Hunter Goodman,30,,,9,20.0,113.3,409.0,FF,Kirby Yates,LAD @ COL,776389,696100,489446
2025-09-27,4:05 PM,COL,Hunter Goodman,31,,,1,29.0,99.2,378.0,SL,Justin Verlander,SF @ COL,776146,696100,434378
2025-08-25,7:05 PM,WSH,Jacob Young,1,,,9,26.0,101.3,393.0,SI,Mark Leiter Jr.,NYY @ WSH,776597,696285,643410
2025-09-27,4:05 PM,WSH,Jacob Young,2,,,7,35.0,100.5,380.0,ST,Steven Wilson,CWS @ WSH,776160,696285,621051
2025-08-31,12:10 PM,STL,Jimmy Crooks,1,,,7,36.0,100.4,384.0,ST,Sam Moll,CIN @ STL,776518,699625,594580
2025-04-02,4:10 PM,DET,Trey Sweeney,1,,,5,34.0,103.5,378.0,SL,Luis Castillo,SEA @ DET,778469,700242,622491
2025-05-02,9:38 PM,DET,Trey Sweeney,2,,,7,23.0,103.1,362.0,ST,Ryan Johnson,LAA @ DET,778085,700242,696270
2025-05-04,4:07 PM,DET,Trey Sweeney,3,,,7,31.0,100.4,393.0,SL,José Fermin,LAA @ DET,778050,700242,820862
2025-05-12,6:40 PM,DET,Trey Sweeney,4,,,3,30.0,100.7,396.0,ST,Tanner Houck,BOS @ DET,777951,700242,656557
2025-07-06,1:40 PM,DET,Trey Sweeney,5,,,10,26.0,98.0,370.0,FF,Cade Smith,CLE @ DET,777226,700242,671922
2025-08-18,6:40 PM,DET,Trey Sweeney,6,,,7,22.0,105.0,402.0,SL,Tayler Scott,HOU @ DET,776692,700242,605463
2025-08-22,7:35 PM,TB,Carson Williams,1,,,7,29.0,104.7,410.0,FF,Ryan Fernandez,STL @ TB,776633,700246,681676
2025-09-07,12:10 PM,TB,Carson Williams,2,,,5,28.0,103.9,409.0,FF,Parker Messick,CLE @ TB,776421,700246,800048
2025-09-10,7:40 PM,TB,Carson Williams,3,,,5,27.0,105.6,416.0,SL,Sean Burke,CWS @ TB,776378,700246,680732
2025-09-18,1:10 PM,TB,Carson Williams,4,,,6,29.0,109.5,402.0,FC,Eric Lauer,TOR @ TB,776269,700246,641778
2025-09-19,7:35 PM,TB,Carson Williams,5,,,2,34.0,98.5,331.0,FC,Garrett Crochet,BOS @ TB,776261,700246,676979
2025-03-30,1:35 PM,NYY,Ben Rice,1,,,2,28.0,103.7,383.0,SI,Aaron Civale,MIL @ NYY,778523,700250,650644
2025-04-01,7:05 PM,NYY,Ben Rice,2,,,9,27.0,107.8,403.0,FF,A.J. Puk,AZ @ NYY,778492,700250,640462
2025-04-09,1:10 PM,NYY,Ben Rice,3,,,7,26.0,108.1,419.0,SI,Tyler Holton,DET @ NYY,778387,700250,663947
2025-04-12,3:05 PM,NYY,Ben Rice,4,,,6,22.0,113.2,372.0,FC,Lou Trivino,SF @ NYY,778355,700250,642152
2025-04-14,7:05 PM,NYY,Ben Rice,5,,,5,39.0,104.2,381.0,FC,Seth Lugo,KC @ NYY,778327,700250,607625
2025-04-22,6:10 PM,NYY,Ben Rice,6,,,1,28.0,105.1,377.0,FF,Tanner Bibee,CLE @ NYY,778218,700250,676440
2025-04-29,6:35 PM,NYY,Ben Rice,7,,,1,24.0,96.8,378.0,CH,Kyle Gibson,BAL @ NYY,778133,700250,502043
2025-04-29,6:35 PM,NYY,Ben Rice,8,,,2,31.0,100.3,389.0,CU,Kyle Gibson,BAL @ NYY,778133,700250,502043
2025-05-11,4:05 PM,NYY,Ben Rice,9,,,5,27.0,111.2,398.0,FC,Mitch Spence,ATH @ NYY,777957,700250,687765
2025-05-20,7:05 PM,NYY,Ben Rice,10,,,2,34.0,104.8,376.0,SL,Patrick Corbin,TEX @ NYY,777849,700250,571578
2025-05-27,9:38 PM,NYY,Ben Rice,11,,,4,30.0,108.1,423.0,CH,Tyler Anderson,LAA @ NYY,777745,700250,542881
2025-06-01,7:10 PM,NYY,Ben Rice,12,,,3,26.0,107.4,425.0,FS,Yoshinobu Yamamoto,LAD @ NYY,777682,700250,808967
2025-06-21,1:05 PM,NYY,Ben Rice,13,,,2,24.0,104.4,381.0,SI,Zach Eflin,BAL @ NYY,777422,700250,621107
2025-06-24,7:10 PM,NYY,Ben Rice,14,,,4,31.0,107.9,427.0,SL,Chase Burns,CIN @ NYY,777385,700250,695505
2025-07-22,7:07 PM,NYY,Ben Rice,15,,,9,35.0,107.1,389.0,FF,Jeff Hoffman,TOR @ NYY,777046,700250,656546
2025-07-31,1:05 PM,NYY,Ben Rice,16,,,2,22.0,110.0,400.0,FC,Ryan Pepiot,TB @ NYY,776927,700250,686752
2025-08-11,7:05 PM,NYY,Ben Rice,17,,,3,23.0,113.5,415.0,SL,Zebby Matthews,MIN @ NYY,776790,700250,805673
2025-08-16,7:15 PM,NYY,Ben Rice,18,,,4,29.0,108.3,429.0,SI,Sonny Gray,STL @ NYY,776713,700250,543243
2025-08-19,7:35 PM,NYY,Ben Rice,19,,,4,29.0,106.0,406.0,ST,Ian Seymour,TB @ NYY,776677,700250,693855
2025-08-21,7:15 PM,NYY,Ben Rice,20,,,2,28.0,107.6,419.0,FF,Lucas Giolito,BOS @ NYY,776654,700250,608337
2025-08-25,7:05 PM,NYY,Ben Rice,21,,,3,27.0,106.6,435.0,SL,Brad Lord,WSH @ NYY,776597,700250,695418
2025-08-27,1:05 PM,NYY,Ben Rice,22,,,3,25.0,100.3,372.0,SL,Shinnosuke Ogasawara,WSH @ NYY,776570,700250,829272
2025-09-07,1:35 PM,NYY,Ben Rice,23,,,1,22.0,109.4,380.0,FF,Max Scherzer,TOR @ NYY,776423,700250,453286
2025-09-21,1:35 PM,NYY,Ben Rice,24,,,10,24.0,110.3,413.0,FF,Keegan Akin,BAL @ NYY,776240,700250,669211
2025-09-28,3:05 PM,NYY,Ben Rice,25,,,1,29.0,106.1,421.0,FF,Kyle Bradish,BAL @ NYY,776140,700250,680694
2025-09-28,3:05 PM,NYY,Ben Rice,26,,,8,26.0,105.3,401.0,FF,Rico Garcia,BAL @ NYY,776140,700250,670329
2025-10-01,6:08 PM,NYY,Ben Rice,27,,,1,21.0,106.6,364.0,FC,Brayan Bello,BOS @ NYY,813070,700250,678394
2025-07-04,8:10 PM,CWS,Edgar Quero,1,,,6,37.0,99.9,401.0,CU,Antonio Senzatela,COL @ CWS,777243,700337,622608
2025-07-18,,CWS,Edgar Quero,2,,,1,21.0,107.4,391.0,FF,Bailey Falter,PIT @ CWS,777107,700337,663559
2025-07-30,2:10 PM,CWS,Edgar Quero,3,,,7,27.0,99.0,368.0,FS,Seth Johnson,PHI @ CWS,776939,700337,686751
2025-08-12,7:40 PM,CWS,Edgar Quero,4,,,7,26.0,102.3,383.0,FF,Codi Heuer,DET @ CWS,776773,700337,676051
2025-09-03,7:40 PM,CWS,Edgar Quero,5,,,2,39.0,96.2,,SI,Zebby Matthews,MIN @ CWS,776469,700337,805673
2025-03-30,2:10 PM,CLE,Kyle Manzardo,1,,,5,31.0,104.1,417.0,FF,Sam Long,KC @ CLE,778510,700932,669674
2025-04-06,4:07 PM,CLE,Kyle Manzardo,2,,,4,29.0,103.3,383.0,SL,Tyler Anderson,LAA @ CLE,778425,700932,542881
2025-04-10,1:10 PM,CLE,Kyle Manzardo,3,,,1,36.0,106.6,395.0,ST,Jonathan Cannon,CWS @ CLE,778378,700932,686563
2025-04-19,4:05 PM,CLE,Kyle Manzardo,4,,,7,32.0,107.8,411.0,FS,Paul Skenes,PIT @ CLE,778254,700932,694973
2025-04-20,1:35 PM,CLE,Kyle Manzardo,5,,,7,34.0,104.4,374.0,FF,Joey Wentz,PIT @ CLE,778242,700932,666214
2025-04-21,6:10 PM,CLE,Kyle Manzardo,6,,,3,37.0,97.0,366.0,SI,Clarke Schmidt,NYY @ CLE,778227,700932,657376
2025-04-29,6:10 PM,CLE,Kyle Manzardo,7,,,9,28.0,99.3,363.0,CH,Louis Varland,MIN @ CLE,778129,700932,686973
2025-05-09,7:10 PM,CLE,Kyle Manzardo,8,,,4,26.0,105.6,411.0,FF,Aaron Nola,PHI @ CLE,777997,700932,605400
2025-05-14,1:10 PM,CLE,Kyle Manzardo,9,,,2,35.0,102.7,395.0,SI,Logan Henderson,MIL @ CLE,777925,700932,701656
2025-06-04,7:05 PM,CLE,Kyle Manzardo,10,,,8,29.0,104.0,405.0,FF,Fernando Cruz,NYY @ CLE,777653,700932,518585
2025-06-24,6:40 PM,CLE,Kyle Manzardo,11,,,9,31.0,101.7,380.0,SI,Yariel Rodríguez,TOR @ CLE,777384,700932,684320
2025-06-28,4:10 PM,CLE,Kyle Manzardo,12,,,4,35.0,104.2,409.0,FF,Miles Mikolas,STL @ CLE,777329,700932,571945
2025-07-12,4:10 PM,CLE,Kyle Manzardo,13,,,6,30.0,99.6,381.0,FS,Jordan Leasure,CWS @ CLE,777138,700932,673929
2025-07-13,2:10 PM,CLE,Kyle Manzardo,14,,,6,31.0,108.4,418.0,FC,Aaron Civale,CWS @ CLE,777120,700932,650644
2025-07-21,6:40 PM,CLE,Kyle Manzardo,15,,,6,28.0,96.7,332.0,FF,Colin Selby,BAL @ CLE,777068,700932,681882
2025-07-29,6:40 PM,CLE,Kyle Manzardo,16,,,3,24.0,106.8,394.0,CH,Tanner Gordon,COL @ CLE,776951,700932,685299
2025-07-29,6:40 PM,CLE,Kyle Manzardo,17,,,6,28.0,95.4,385.0,CH,Jimmy Herget,COL @ CLE,776951,700932,623474
2025-08-10,2:10 PM,CLE,Kyle Manzardo,18,,,4,33.0,109.7,408.0,FC,Davis Martin,CWS @ CLE,776798,700932,663436
2025-08-10,2:10 PM,CLE,Kyle Manzardo,19,,,7,31.0,96.5,347.0,SL,Jordan Leasure,CWS @ CLE,776798,700932,673929
2025-08-12,6:40 PM,CLE,Kyle Manzardo,20,,,1,32.0,104.3,391.0,FF,Janson Junk,MIA @ CLE,776778,700932,676083
2025-08-29,7:10 PM,CLE,Kyle Manzardo,21,,,6,32.0,107.3,395.0,FF,George Kirby,SEA @ CLE,776547,700932,669923
2025-08-30,7:15 PM,CLE,Kyle Manzardo,22,,,6,24.0,109.2,356.0,SL,Logan Gilbert,SEA @ CLE,776537,700932,669302
2025-09-01,1:35 PM,CLE,Kyle Manzardo,23,,,8,28.0,104.9,418.0,CU,Steven Matz,BOS @ CLE,776505,700932,571927
2025-09-04,7:35 PM,CLE,Kyle Manzardo,24,,,9,31.0,97.5,376.0,SL,Pete Fairbanks,TB @ CLE,776458,700932,664126
2025-09-10,6:40 PM,CLE,Kyle Manzardo,25,,,1,34.0,111.3,432.0,SL,Jonathan Bowlan,KC @ CLE,776382,700932,680742
2025-09-26,7:10 PM,CLE,Kyle Manzardo,26,,,1,28.0,106.8,417.0,CH,Jack Leiter,TEX @ CLE,776175,700932,683004
2025-05-04,2:10 PM,HOU,Zach Dezenzo,1,,,5,27.0,107.2,393.0,CH,Bryse Wilson,CWS @ HOU,778055,701305,669060
2025-05-28,2:10 PM,HOU,Zach Dezenzo,2,,,7,29.0,106.5,416.0,FC,Justin Sterner,ATH @ HOU,777734,701305,686993
2025-06-16,9:40 PM,BOS,Roman Anthony,1,,,1,27.0,104.0,391.0,SI,Logan Gilbert,SEA @ BOS,777486,701350,669302
2025-07-07,7:10 PM,BOS,Roman Anthony,2,,,5,30.0,106.4,418.0,FF,Austin Gomber,COL @ BOS,777209,701350,596295
2025-08-11,8:10 PM,BOS,Roman Anthony,3,,,7,36.0,102.9,398.0,SL,Steven Okert,HOU @ BOS,776782,701350,595345
2025-08-12,8:10 PM,BOS,Roman Anthony,4,,,8,29.0,106.9,428.0,FF,Colton Gordon,HOU @ BOS,776769,701350,676467
2025-08-21,7:15 PM,BOS,Roman Anthony,5,,,9,35.0,107.4,370.0,SL,Yerry De los Santos,NYY @ BOS,776654,701350,660787
2025-08-25,6:35 PM,BOS,Roman Anthony,6,,,1,26.0,107.2,410.0,FF,Tomoyuki Sugano,BAL @ BOS,776604,701350,608372
2025-08-27,6:35 PM,BOS,Roman Anthony,7,,,1,26.0,108.1,416.0,FF,Dietrich Enns,BAL @ BOS,776579,701350,608650
2025-08-29,7:10 PM,BOS,Roman Anthony,8,,,5,29.0,108.6,408.0,FF,Paul Skenes,PIT @ BOS,776549,701350,694973
2025-04-11,8:10 PM,HOU,Cam Smith,1,,,8,37.0,104.8,370.0,CH,Ian Anderson,LAA @ HOU,778368,701358,666120
2025-04-18,8:10 PM,HOU,Cam Smith,2,,,2,24.0,107.8,403.0,FF,Kyle Hart,SD @ HOU,778269,701358,606996
2025-04-18,8:10 PM,HOU,Cam Smith,3,,,4,30.0,95.4,361.0,ST,Kyle Hart,SD @ HOU,778269,701358,606996
2025-06-17,10:05 PM,HOU,Cam Smith,4,,,2,40.0,101.5,415.0,CH,JP Sears,ATH @ HOU,777469,701358,676664
2025-06-17,10:05 PM,HOU,Cam Smith,5,,,4,30.0,100.4,431.0,CU,JP Sears,ATH @ HOU,777469,701358,676664
2025-06-27,8:10 PM,HOU,Cam Smith,6,,,4,33.0,105.0,398.0,FF,Cade Horton,CHC @ HOU,777336,701358,690990
2025-06-28,7:15 PM,HOU,Cam Smith,7,,,3,36.0,105.6,385.0,ST,Colin Rea,CHC @ HOU,777320,701358,607067
2025-08-27,8:10 PM,HOU,Cam Smith,8,,,7,31.0,91.6,346.0,FF,Nick Anderson,COL @ HOU,776571,701358,623433
2025-09-14,1:35 PM,HOU,Cam Smith,9,,,6,29.0,108.1,446.0,FF,Hunter Stratton,ATL @ HOU,776329,701358,676702
2025-09-06,6:40 PM,CIN,Sal Stewart,1,,,2,32.0,107.1,412.0,FF,Jonah Tong,NYM @ CIN,776439,701398,804636
2025-09-09,9:40 PM,CIN,Sal Stewart,2,,,1,32.0,106.7,419.0,SI,Michael King,SD @ CIN,776392,701398,650633
2025-09-14,4:05 PM,CIN,Sal Stewart,3,,,8,25.0,106.7,417.0,FF,Justin Sterner,ATH @ CIN,776327,701398,686993
2025-09-15,7:45 PM,CIN,Sal Stewart,4,,,2,24.0,112.6,417.0,FF,Matthew Liberatore,STL @ CIN,776312,701398,669461
2025-09-27,7:15 PM,CIN,Sal Stewart,5,,,6,25.0,102.3,387.0,SI,Grant Anderson,MIL @ CIN,776153,701398,681982
2025-04-01,9:40 PM,SD,Jackson Merrill,1,,,4,26.0,106.5,411.0,FC,Logan Allen,CLE @ SD,778485,701538,671106
2025-04-02,4:10 PM,SD,Jackson Merrill,2,,,3,23.0,108.5,388.0,CU,Ben Lively,CLE @ SD,778476,701538,594902
2025-04-06,2:20 PM,SD,Jackson Merrill,3,,,4,29.0,106.1,404.0,KC,Ben Brown,CHC @ SD,778430,701538,676962
2025-05-07,7:05 PM,SD,Jackson Merrill,4,,,4,28.0,107.5,417.0,ST,Max Fried,NYY @ SD,778019,701538,608331
2025-05-27,9:40 PM,SD,Jackson Merrill,5,,,8,33.0,101.8,369.0,FC,Valente Bellozo,MIA @ SD,777742,701538,678368
2025-07-12,7:35 PM,SD,Jackson Merrill,6,,,2,29.0,100.6,364.0,FF,Zack Wheeler,PHI @ SD,777126,701538,554430
2025-07-12,7:35 PM,SD,Jackson Merrill,7,,,6,26.0,104.0,402.0,FF,Zack Wheeler,PHI @ SD,777126,701538,554430
2025-08-02,10:10 PM,SD,Jackson Merrill,8,,,3,24.0,105.2,415.0,FF,Michael McGreevy,STL @ SD,776896,701538,700241
2025-08-12,9:45 PM,SD,Jackson Merrill,9,,,8,29.0,105.3,391.0,FF,Carson Seymour,SF @ SD,776767,701538,693313
2025-09-07,3:10 PM,SD,Jackson Merrill,10,,,2,23.0,103.1,372.0,FF,Tanner Gordon,COL @ SD,776417,701538,685299
2025-09-11,9:40 PM,SD,Jackson Merrill,11,,,4,33.0,101.4,366.0,SI,McCade Brown,COL @ SD,776365,701538,685326
2025-09-13,8:40 PM,SD,Jackson Merrill,12,,,3,25.0,105.8,408.0,FF,Bradley Blalock,COL @ SD,776341,701538,687134
2025-09-14,4:10 PM,SD,Jackson Merrill,13,,,2,25.0,105.8,378.0,SI,Germán Márquez,COL @ SD,776323,701538,608566
2025-09-16,7:10 PM,SD,Jackson Merrill,14,,,2,29.0,107.2,431.0,FF,Clay Holmes,NYM @ SD,776304,701538,605280
2025-09-20,7:10 PM,SD,Jackson Merrill,15,,,2,26.0,105.3,393.0,CH,Yoendrys Gómez,CWS @ SD,776250,701538,672782
2025-09-24,4:10 PM,SD,Jackson Merrill,16,,,6,34.0,98.2,344.0,FC,Erick Fedde,MIL @ SD,776198,701538,607200
2025-10-02,5:08 PM,SD,Jackson Merrill,17,,,9,36.0,104.5,369.0,CH,Brad Keller,CHC @ SD,813059,701538,641745
2025-08-22,7:35 PM,STL,Nathan Church,1,,,7,28.0,104.3,414.0,SL,Adrian Houser,TB @ STL,776633,701675,605288
2025-05-13,10:10 PM,ATH,Nick Kurtz,1,,,8,28.0,108.5,415.0,CH,J.P. Feyereisen,LAD @ ATH,777937,701762,656420
2025-05-20,10:05 PM,ATH,Nick Kurtz,2,,,4,23.0,105.9,392.0,FF,Kyle Hendricks,LAA @ ATH,777843,701762,543294
2025-05-21,10:05 PM,ATH,Nick Kurtz,3,,,5,24.0,107.0,435.0,CH,Jack Kochanowicz,LAA @ ATH,777828,701762,686799
2025-05-21,10:05 PM,ATH,Nick Kurtz,4,,,7,31.0,105.2,431.0,FF,Shaun Anderson,LAA @ ATH,777828,701762,641312
2025-05-23,10:05 PM,ATH,Nick Kurtz,5,,,9,27.0,104.3,425.0,FF,Jordan Romano,PHI @ ATH,777804,701762,605447
2025-06-15,2:10 PM,ATH,Nick Kurtz,6,,,9,25.0,108.0,411.0,FF,Carlos Estévez,KC @ ATH,777496,701762,608032
2025-06-16,10:05 PM,ATH,Nick Kurtz,7,,,9,33.0,111.7,447.0,SL,Bryan Abreu,HOU @ ATH,777485,701762,650556
2025-06-18,10:05 PM,ATH,Nick Kurtz,8,,,9,27.0,105.4,413.0,SL,Nick Hernandez,HOU @ ATH,777456,701762,663321
2025-06-19,10:05 PM,ATH,Nick Kurtz,9,,,10,31.0,105.6,416.0,SI,Josh Hader,HOU @ ATH,777441,701762,623352
2025-06-20,10:05 PM,ATH,Nick Kurtz,10,,,1,26.0,100.5,406.0,SI,Tanner Bibee,CLE @ ATH,777429,701762,676440
2025-06-25,6:40 PM,ATH,Nick Kurtz,11,,,3,29.0,108.1,438.0,SI,Jack Flaherty,DET @ ATH,777371,701762,656427
2025-06-28,1:05 PM,ATH,Nick Kurtz,12,,,6,40.0,98.7,356.0,FC,Clarke Schmidt,NYY @ ATH,777326,701762,657376
2025-07-04,10:05 PM,ATH,Nick Kurtz,13,,,6,25.0,106.0,379.0,FC,Mason Black,SF @ ATH,777244,701762,696131
2025-07-08,10:05 PM,ATH,Nick Kurtz,14,,,2,28.0,108.5,403.0,CH,Jesse Chavez,ATL @ ATH,777189,701762,445926
2025-07-10,9:05 PM,ATH,Nick Kurtz,15,,,8,39.0,102.6,358.0,FF,Dylan Lee,ATL @ ATH,777156,701762,669276
2025-07-11,10:05 PM,ATH,Nick Kurtz,16,,,6,33.0,106.2,433.0,FF,Max Scherzer,TOR @ ATH,777152,701762,453286
2025-07-13,4:05 PM,ATH,Nick Kurtz,17,,,5,37.0,103.4,388.0,ST,Justin Bruihl,TOR @ ATH,777116,701762,677865
2025-07-19,7:10 PM,ATH,Nick Kurtz,18,,,9,29.0,101.6,385.0,FC,Kolby Allard,CLE @ ATH,777104,701762,663465
2025-07-21,8:05 PM,ATH,Nick Kurtz,19,,,6,33.0,104.8,378.0,CU,Jack Leiter,TEX @ ATH,777057,701762,683004
2025-07-25,8:10 PM,ATH,Nick Kurtz,20,,,2,24.0,108.2,384.0,CU,Ryan Gusto,HOU @ ATH,777007,701762,687473
2025-07-25,8:10 PM,ATH,Nick Kurtz,21,,,6,31.0,99.2,368.0,FS,Nick Hernandez,HOU @ ATH,777007,701762,663321
2025-07-25,8:10 PM,ATH,Nick Kurtz,22,,,8,25.0,113.8,414.0,FF,Kaleb Ort,HOU @ ATH,777007,701762,672391
2025-07-25,8:10 PM,ATH,Nick Kurtz,23,,,9,21.0,107.4,383.0,SL,Cooper Hummel,HOU @ ATH,777007,701762,669450
2025-08-15,10:05 PM,ATH,Nick Kurtz,24,,,8,33.0,102.6,424.0,CH,Carson Fulmer,LAA @ ATH,776734,701762,608334
2025-08-17,4:05 PM,ATH,Nick Kurtz,25,,,3,36.0,100.8,,KC,José Soriano,LAA @ ATH,776699,701762,667755
2025-08-21,1:10 PM,ATH,Nick Kurtz,26,,,6,28.0,111.3,425.0,SI,Michael Tonkin,MIN @ ATH,776653,701762,543859
2025-08-25,10:05 PM,ATH,Nick Kurtz,27,,,8,40.0,103.3,380.0,SL,Drew Sommers,DET @ ATH,776590,701762,805427
2025-09-03,7:45 PM,ATH,Nick Kurtz,28,,,8,33.0,107.2,394.0,FF,Kyle Leahy,STL @ ATH,776470,701762,681517
2025-09-06,9:38 PM,ATH,Nick Kurtz,29,,,4,32.0,110.7,447.0,FF,Chase Silseth,LAA @ ATH,776430,701762,681217
2025-09-10,3:35 PM,ATH,Nick Kurtz,30,,,2,33.0,103.4,357.0,FF,Payton Tolle,BOS @ ATH,776379,701762,801139
2025-09-13,10:05 PM,ATH,Nick Kurtz,31,,,8,30.0,114.6,493.0,FF,Scott Barlow,CIN @ ATH,776340,701762,605130
2025-09-14,4:05 PM,ATH,Nick Kurtz,32,,,5,38.0,100.5,379.0,FF,Nick Lodolo,CIN @ ATH,776327,701762,666157
2025-09-19,6:40 PM,ATH,Nick Kurtz,33,,,4,43.0,101.5,363.0,FF,Mitch Keller,PIT @ ATH,776266,701762,656605
2025-09-25,3:35 PM,ATH,Nick Kurtz,34,,,6,35.0,102.2,393.0,CU,Framber Valdez,HOU @ ATH,776182,701762,664285
2025-09-25,3:35 PM,ATH,Nick Kurtz,35,,,8,40.0,105.0,389.0,FF,Enyel De Los Santos,HOU @ ATH,776182,701762,660853
2025-09-28,3:05 PM,ATH,Nick Kurtz,36,,,8,24.0,112.7,423.0,SI,Sam Long,KC @ ATH,776138,701762,669674
2025-04-15,7:07 PM,TOR,Alan Roden,1,,,5,23.0,106.4,397.0,CU,Spencer Schwellenbach,ATL @ TOR,778311,702176,680885
2025-08-06,1:10 PM,MIN,Alan Roden,2,,,6,33.0,102.2,406.0,ST,Tyler Holton,DET @ MIN,776859,702176,663947
2025-07-09,7:05 PM,SEA,Cole Young,1,,,7,23.0,96.9,362.0,CU,Jonathan Loáisiga,NYY @ SEA,777184,702284,642528
2025-07-13,1:40 PM,SEA,Cole Young,2,,,9,25.0,110.2,402.0,CH,Tommy Kahnle,DET @ SEA,777121,702284,592454
2025-07-31,9:40 PM,SEA,Cole Young,3,,,5,27.0,114.1,456.0,FF,Kumar Rocker,TEX @ SEA,776923,702284,677958
2025-08-18,6:45 PM,SEA,Cole Young,4,,,7,35.0,105.9,389.0,SL,Jordan Romano,PHI @ SEA,776689,702284,605447
2025-04-21,9:45 PM,MIL,Caleb Durbin,1,,,2,36.0,100.1,375.0,FF,Robbie Ray,SF @ MIL,778226,702332,592662
2025-06-07,7:35 PM,MIL,Caleb Durbin,2,,,9,28.0,101.6,386.0,FF,David Morgan,SD @ MIL,777597,702332,688158
2025-06-19,2:20 PM,MIL,Caleb Durbin,3,,,2,24.0,103.1,395.0,FC,Jameson Taillon,CHC @ MIL,777450,702332,592791
2025-06-24,7:40 PM,MIL,Caleb Durbin,4,,,4,31.0,103.8,387.0,FF,Andrew Heaney,PIT @ MIL,777374,702332,571760
2025-07-18,,MIL,Caleb Durbin,5,,,7,27.0,101.9,410.0,FF,Kirby Yates,LAD @ MIL,777103,702332,489446
2025-08-12,7:40 PM,MIL,Caleb Durbin,6,,,8,31.0,96.7,389.0,EP,Jared Triolo,PIT @ MIL,776771,702332,669707
2025-08-18,2:20 PM,MIL,Caleb Durbin,7,,,5,25.0,104.5,419.0,SI,Taylor Rogers,CHC @ MIL,777459,702332,573124
2025-08-24,2:10 PM,MIL,Caleb Durbin,8,,,5,23.0,100.6,381.0,FF,Robbie Ray,SF @ MIL,776608,702332,592662
2025-08-25,7:40 PM,MIL,Caleb Durbin,9,,,8,32.0,101.0,378.0,FF,Bryce Jarvis,AZ @ MIL,776593,702332,686826
2025-09-01,4:10 PM,MIL,Caleb Durbin,10,,,2,32.0,103.4,407.0,SI,Taijuan Walker,PHI @ MIL,776500,702332,592836
2025-09-14,2:10 PM,MIL,Caleb Durbin,11,,,4,33.0,93.3,359.0,SL,Miles Mikolas,STL @ MIL,776326,702332,571945
2025-03-28,7:07 PM,BAL,Jackson Holliday,1,,,3,23.0,109.0,425.0,FF,Kevin Gausman,TOR @ BAL,778549,702616,592332
2025-04-16,6:35 PM,BAL,Jackson Holliday,2,,,2,28.0,103.7,396.0,ST,Gavin Williams,CLE @ BAL,778301,702616,668909
2025-05-04,1:35 PM,BAL,Jackson Holliday,3,,,2,23.0,107.0,374.0,FF,Michael Lorenzen,KC @ BAL,778062,702616,547179
2025-05-04,1:35 PM,BAL,Jackson Holliday,4,,,4,32.0,109.6,422.0,CU,Michael Lorenzen,KC @ BAL,778062,702616,547179
2025-05-17,4:05 PM,BAL,Jackson Holliday,5,,,9,23.0,103.9,390.0,FF,Zach Brzykcy,WSH @ BAL,777890,702616,694350
2025-05-18,1:35 PM,BAL,Jackson Holliday,6,,,7,26.0,103.3,402.0,SL,Brad Lord,WSH @ BAL,777873,702616,695418
2025-05-31,4:05 PM,BAL,Jackson Holliday,7,,,1,25.0,108.8,394.0,FC,Davis Martin,CWS @ BAL,777699,702616,663436
2025-06-06,10:05 PM,BAL,Jackson Holliday,8,,,5,31.0,103.7,430.0,FF,JP Sears,ATH @ BAL,777613,702616,676664
2025-06-23,6:35 PM,BAL,Jackson Holliday,9,,,5,33.0,101.4,402.0,SI,Patrick Corbin,TEX @ BAL,777394,702616,571578
2025-06-27,7:05 PM,BAL,Jackson Holliday,10,,,8,30.0,103.4,393.0,SL,Paul Gervase,TB @ BAL,777343,702616,801434
2025-07-06,11:35 AM,BAL,Jackson Holliday,11,,,3,36.0,98.1,375.0,SL,Grant Holmes,ATL @ BAL,777222,702616,656550
2025-07-08,6:35 PM,BAL,Jackson Holliday,12,,,7,25.0,104.6,406.0,FF,Alex Carrillo,NYM @ BAL,777198,702616,692024
2025-07-20,12:10 PM,BAL,Jackson Holliday,13,,,1,25.0,95.5,373.0,CH,Ryan Pepiot,TB @ BAL,777076,702616,686752
2025-07-23,6:40 PM,BAL,Jackson Holliday,14,,,6,28.0,96.5,356.0,SL,Slade Cecconi,CLE @ BAL,777036,702616,677944
2025-08-16,7:10 PM,BAL,Jackson Holliday,15,,,8,26.0,102.4,381.0,SL,Bennett Sousa,HOU @ BAL,776722,702616,656986
2025-09-03,4:10 PM,BAL,Jackson Holliday,16,,,1,29.0,104.0,407.0,FC,Nestor Cortes,SD @ BAL,776465,702616,641482
2025-09-06,7:05 PM,BAL,Jackson Holliday,17,,,9,31.0,95.6,362.0,FC,Yoshinobu Yamamoto,LAD @ BAL,776443,702616,808967
2025-06-27,7:15 PM,PHI,Otto Kemp,1,,,3,30.0,100.7,405.0,SL,Bryce Elder,ATL @ PHI,777342,805249,693821
2025-07-20,1:35 PM,PHI,Otto Kemp,2,,,6,28.0,98.1,361.0,KC,José Soriano,LAA @ PHI,777078,805249,667755
2025-07-27,1:35 PM,PHI,Otto Kemp,3,,,2,26.0,99.4,378.0,SL,Carlos Rodón,NYY @ PHI,776988,805249,607074
2025-07-27,1:35 PM,PHI,Otto Kemp,4,,,5,29.0,105.2,434.0,FF,Carlos Rodón,NYY @ PHI,776988,805249,607074
2025-09-09,6:45 PM,PHI,Otto Kemp,5,,,2,25.0,100.8,385.0,CH,Sean Manaea,NYM @ PHI,776404,805249,640455
2025-09-11,7:15 PM,PHI,Otto Kemp,6,,,4,32.0,107.1,433.0,SL,David Peterson,NYM @ PHI,776371,805249,656849
2025-09-23,6:45 PM,PHI,Otto Kemp,7,,,2,21.0,106.0,379.0,SI,Edward Cabrera,MIA @ PHI,776215,805249,665795
2025-09-24,6:45 PM,PHI,Otto Kemp,8,,,7,25.0,107.4,414.0,FF,Valente Bellozo,MIA @ PHI,776201,805249,678368
2025-08-05,6:40 PM,MIA,Jakob Marsee,1,,,5,25.0,105.6,409.0,ST,AJ Blubaugh,HOU @ MIA,776862,805300,805123
2025-08-13,6:40 PM,MIA,Jakob Marsee,2,,,1,26.0,105.4,403.0,ST,Gavin Williams,CLE @ MIA,776766,805300,668909
2025-08-13,6:40 PM,MIA,Jakob Marsee,3,,,5,23.0,107.6,385.0,FF,Kolby Allard,CLE @ MIA,776766,805300,663465
2025-08-17,1:35 PM,MIA,Jakob Marsee,4,,,9,23.0,105.0,394.0,SI,Steven Matz,BOS @ MIA,776714,805300,571927
2025-09-08,6:40 PM,MIA,Jakob Marsee,5,,,9,26.0,101.8,402.0,FF,Shinnosuke Ogasawara,WSH @ MIA,776409,805300,829272
2025-05-17,2:20 PM,CWS,Chase Meidroth,1,,,1,35.0,101.2,368.0,FF,Matthew Boyd,CHC @ CWS,777881,805367,571510
2025-06-07,4:10 PM,CWS,Chase Meidroth,2,,,3,38.0,102.4,373.0,SI,Michael Wacha,KC @ CWS,777606,805367,608379
2025-07-25,7:40 PM,CWS,Chase Meidroth,3,,,1,38.0,102.6,370.0,FF,Shota Imanaga,CHC @ CWS,777017,805367,684007
2025-09-01,2:10 PM,CWS,Chase Meidroth,4,,,2,33.0,98.2,395.0,CU,Bailey Ober,MIN @ CWS,776502,805367,641927
2025-09-14,1:40 PM,CWS,Chase Meidroth,5,,,5,34.0,97.7,371.0,SI,Slade Cecconi,CLE @ CWS,776331,805367,677944
2025-09-20,1:10 PM,ATL,Nacho Alvarez Jr.,1,,,3,37.0,97.0,347.0,SL,Keider Montero,DET @ ATL,776258,805373,672456
2025-09-20,1:10 PM,ATL,Nacho Alvarez Jr.,2,,,8,28.0,97.7,388.0,FS,Kyle Finnegan,DET @ ATL,776258,805373,640448
2025-03-31,10:05 PM,ATH,Jacob Wilson,1,,,3,24.0,100.2,341.0,KC,Ben Brown,CHC @ ATH,778501,805779,676962
2025-04-04,4:10 PM,ATH,Jacob Wilson,2,,,4,28.0,102.4,414.0,SL,Ryan Feltner,COL @ ATH,778456,805779,663372
2025-04-25,10:05 PM,ATH,Jacob Wilson,3,,,5,30.0,97.8,376.0,SL,Sean Burke,CWS @ ATH,778178,805779,680732
2025-05-13,10:10 PM,ATH,Jacob Wilson,4,,,3,22.0,104.2,374.0,SL,Landon Knack,LAD @ ATH,777937,805779,689017
2025-05-13,10:10 PM,ATH,Jacob Wilson,5,,,5,28.0,102.2,392.0,FF,Landon Knack,LAD @ ATH,777937,805779,689017
2025-05-25,4:05 PM,ATH,Jacob Wilson,6,,,1,25.0,102.3,420.0,SI,Jesús Luzardo,PHI @ ATH,777765,805779,666200
2025-05-28,2:10 PM,ATH,Jacob Wilson,7,,,5,34.0,98.4,366.0,SL,Lance McCullers Jr.,HOU @ ATH,777734,805779,621121
2025-06-05,3:35 PM,ATH,Jacob Wilson,8,,,3,28.0,100.4,398.0,SL,David Festa,MIN @ ATH,777636,805779,701581
2025-06-19,10:05 PM,ATH,Jacob Wilson,9,,,7,33.0,99.5,387.0,SL,Steven Okert,HOU @ ATH,777441,805779,595345
2025-07-19,7:10 PM,ATH,Jacob Wilson,10,,,9,32.0,94.0,375.0,CH,Kolby Allard,CLE @ ATH,777104,805779,663465
2025-08-24,4:10 PM,ATH,Jacob Wilson,11,,,2,21.0,106.4,392.0,FF,Logan Gilbert,SEA @ ATH,776602,805779,669302
2025-08-26,10:05 PM,ATH,Jacob Wilson,12,,,1,28.0,96.7,363.0,SI,Charlie Morton,DET @ ATH,776573,805779,450203
2025-09-14,4:05 PM,ATH,Jacob Wilson,13,,,4,23.0,104.6,379.0,FF,Nick Lodolo,CIN @ ATH,776327,805779,666157
2025-09-12,7:15 PM,HOU,Zach Cole,1,,,3,21.0,114.3,423.0,FC,Hurston Waldrep,ATL @ HOU,776360,805904,694462
2025-09-15,8:10 PM,HOU,Zach Cole,2,,,5,31.0,103.0,390.0,FF,Jack Leiter,TEX @ HOU,776319,805904,683004
2025-09-21,7:10 PM,HOU,Zach Cole,3,,,3,29.0,109.9,443.0,SL,Logan Gilbert,SEA @ HOU,776228,805904,669302
2025-09-27,9:38 PM,HOU,Zach Cole,4,,,2,31.0,105.9,398.0,FF,Caden Dana,LAA @ HOU,776155,805904,702674
2025-08-05,6:40 PM,MIN,Luke Keaschall,1,,,1,32.0,102.4,402.0,FC,Chris Paddack,DET @ MIN,776861,807712,663978
2025-08-10,1:05 PM,MIN,Luke Keaschall,2,,,11,30.0,100.3,396.0,FF,Carlos Estévez,KC @ MIN,776796,807712,608032
2025-08-26,7:07 PM,MIN,Luke Keaschall,3,,,6,21.0,105.0,401.0,SI,Chris Bassitt,TOR @ MIN,776582,807712,605135
2025-08-27,7:07 PM,MIN,Luke Keaschall,4,,,3,29.0,101.0,395.0,SL,Eric Lauer,TOR @ MIN,776567,807712,641778
2025-03-29,8:10 PM,CHC,Matt Shaw,1,,,7,25.0,98.9,379.0,FF,Jalen Beeks,AZ @ CHC,778532,807713,656222
2025-06-07,1:10 PM,CHC,Matt Shaw,2,,,7,25.0,107.6,391.0,SL,Keider Montero,DET @ CHC,777609,807713,672456
2025-07-19,7:15 PM,CHC,Matt Shaw,3,,,7,29.0,98.3,373.0,FS,Chris Murphy,BOS @ CHC,777096,807713,669684
2025-07-21,8:05 PM,CHC,Matt Shaw,4,,,2,32.0,102.6,385.0,CH,Noah Cameron,KC @ CHC,777065,807713,702070
2025-07-23,2:20 PM,CHC,Matt Shaw,5,,,7,,,,FF,Steven Cruz,KC @ CHC,777031,807713,674444
2025-07-26,7:10 PM,CHC,Matt Shaw,6,,,7,31.0,103.9,388.0,FF,Jordan Leasure,CWS @ CHC,776994,807713,673929
2025-08-05,8:05 PM,CHC,Matt Shaw,7,,,5,29.0,102.6,396.0,FS,Zack Littell,CIN @ CHC,776860,807713,641793
2025-08-09,7:15 PM,CHC,Matt Shaw,8,,,5,27.0,102.6,395.0,SL,Ryan Fernandez,STL @ CHC,776818,807713,681676
2025-08-10,7:10 PM,CHC,Matt Shaw,9,,,5,34.0,98.2,379.0,ST,Sonny Gray,STL @ CHC,776795,807713,543243
2025-08-13,7:07 PM,CHC,Matt Shaw,10,,,5,24.0,101.4,358.0,FS,Kevin Gausman,TOR @ CHC,776757,807713,592332
2025-08-20,8:05 PM,CHC,Matt Shaw,11,,,8,33.0,100.1,390.0,CH,Jared Koenig,MIL @ CHC,776663,807713,657649
2025-09-19,6:40 PM,CHC,Matt Shaw,12,,,4,24.0,104.9,391.0,CH,Nick Lodolo,CIN @ CHC,776267,807713,666157
2025-09-24,8:05 PM,CHC,Matt Shaw,13,,,4,28.0,102.5,396.0,FF,Richard Lovelady,NYM @ CHC,776205,807713,663992
2025-07-30,1:10 PM,BOS,Masataka Yoshida,1,,,9,28.0,103.4,370.0,EP,Kody Clemens,MIN @ BOS,776935,807799,665019
2025-08-08,9:40 PM,BOS,Masataka Yoshida,2,,,9,27.0,103.0,377.0,FF,Sean Reynolds,SD @ BOS,776820,807799,669308
2025-09-24,7:07 PM,BOS,Masataka Yoshida,3,,,5,27.0,103.5,399.0,FF,Max Scherzer,TOR @ BOS,776206,807799,453286
2025-09-28,3:05 PM,BOS,Masataka Yoshida,4,,,1,24.0,104.8,384.0,CH,Chris Paddack,DET @ BOS,776151,807799,663978
2025-05-14,10:10 PM,LAD,Hyeseong Kim,1,,,5,26.0,104.3,385.0,FF,Gunnar Hoglund,ATH @ LAD,777917,808975,680684
2025-05-31,7:15 PM,LAD,Hyeseong Kim,2,,,2,31.0,102.8,412.0,FF,Brent Headrick,NYY @ LAD,777698,808975,687396
2025-09-28,3:10 PM,LAD,Hyeseong Kim,3,,,2,31.0,101.6,409.0,FF,Bryce Miller,SEA @ LAD,776139,808975,682243
2025-04-11,7:05 PM,SF,Jung Hoo Lee,1,,,1,24.0,100.5,387.0,SI,Marcus Stroman,NYY @ SF,778370,808982,573186
2025-04-13,1:35 PM,SF,Jung Hoo Lee,2,,,4,29.0,103.2,406.0,SL,Carlos Rodón,NYY @ SF,778339,808982,607074
2025-04-13,1:35 PM,SF,Jung Hoo Lee,3,,,6,25.0,94.5,363.0,CU,Carlos Rodón,NYY @ SF,778339,808982,607074
2025-05-06,7:40 PM,SF,Jung Hoo Lee,4,,,3,24.0,105.4,385.0,FF,Colin Rea,CHC @ SF,778027,808982,607067
2025-05-13,9:45 PM,SF,Jung Hoo Lee,5,,,8,22.0,101.2,352.0,CU,Joe Mantiply,AZ @ SF,777930,808982,573009
2025-05-14,3:45 PM,SF,Jung Hoo Lee,6,,,7,29.0,101.7,393.0,CH,Ryne Nelson,AZ @ SF,777916,808982,669194
2025-08-19,9:40 PM,SF,Jung Hoo Lee,7,,,1,27.0,101.8,400.0,FF,Nick Pivetta,SD @ SF,776667,808982,601713
2025-09-08,9:45 PM,SF,Jung Hoo Lee,8,,,2,33.0,93.7,364.0,CU,Nabil Crismatt,AZ @ SF,776399,808982,622503
2025-04-19,3:07 PM,SEA,Ben Williamson,1,,,7,33.0,102.9,398.0,SI,José Berríos,TOR @ SEA,778258,810938,621244
