Game ID,date,home_team,away_team,venue,n_balls,avg_ev,avg_dist,avg_deviation,park_adj_deviation,se,z,verdict,dead_threshold_ft,juiced_threshold_ft
776135,2025-09-28,LAA,HOU,Angel Stadium,8,103.28,381.88,12.95,8.61,7.93,1.09,NORMAL,-15.9,15.9
776136,2025-09-28,SD,AZ,Petco Park,7,100.79,354.43,3.98,4.18,8.48,0.49,NORMAL,-17.0,17.0
776137,2025-09-28,SF,COL,Oracle Park,6,101.25,368.5,8.69,7.24,9.15,0.79,NORMAL,-18.3,18.3
776138,2025-09-28,ATH,KC,Sutter Health Park,10,104.3,365.8,20.41,9.18,7.09,1.29,NORMAL,-14.2,14.2
776139,2025-09-28,SEA,LAD,T-Mobile Park,9,100.79,339.67,-9.85,-12.79,7.47,-1.71,NORMAL,-14.9,14.9
776142,2025-09-28,CHC,STL,Wrigley Field,7,100.43,323.43,-4.69,-5.32,8.48,-0.63,NORMAL,-17.0,17.0
776143,2025-09-28,WSH,CWS,Nationals Park,8,101.82,361.12,3.96,-0.92,7.93,-0.12,NORMAL,-15.9,15.9
776144,2025-09-28,MIL,CIN,American Family Field,7,101.81,374.43,4.55,-4.18,8.48,-0.49,NORMAL,-17.0,17.0
776145,2025-09-28,TOR,TB,Rogers Centre,7,103.73,383.14,16.78,12.82,8.48,1.51,NORMAL,-17.0,17.0
776146,2025-09-27,SF,COL,Oracle Park,6,103.45,387.83,11.82,10.37,9.15,1.13,NORMAL,-18.3,18.3
776147,2025-09-28,CLE,TEX,Progressive Field,14,101.26,353.29,-3.47,-5.18,5.99,-0.87,NORMAL,-12.0,12.0
776148,2025-09-28,MIA,NYM,loanDepot park,7,101.79,363.0,19.62,14.28,8.48,1.68,NORMAL,-17.0,17.0
776149,2025-09-28,ATL,PIT,Truist Park,5,100.98,369.2,14.96,4.19,10.03,0.42,NORMAL,-20.1,20.1
776150,2025-09-27,SEA,LAD,T-Mobile Park,6,101.7,352.17,-0.54,-3.48,9.15,-0.38,NORMAL,-18.3,18.3
776151,2025-09-28,BOS,DET,Fenway Park,9,101.11,360.89,9.72,7.57,7.47,1.01,NORMAL,-14.9,14.9
776152,2025-09-27,SD,AZ,Petco Park,7,101.51,357.71,6.94,7.14,8.48,0.84,NORMAL,-17.0,17.0
776153,2025-09-27,MIL,CIN,American Family Field,7,99.36,374.86,9.05,0.32,8.48,0.04,NORMAL,-17.0,17.0
776154,2025-09-27,ATH,KC,Sutter Health Park,5,100.0,334.6,9.49,-1.73,10.03,-0.17,NORMAL,-20.1,20.1
776155,2025-09-27,LAA,HOU,Angel Stadium,6,104.45,378.5,12.27,7.94,9.15,0.87,NORMAL,-18.3,18.3
776156,2025-09-27,ATL,PIT,Truist Park,6,102.37,366.5,15.72,4.94,9.15,0.54,NORMAL,-18.3,18.3
776158,2025-09-27,CLE,TEX,Progressive Field,6,101.3,349.17,16.88,15.16,9.15,1.66,NORMAL,-18.3,18.3
776160,2025-09-27,WSH,CWS,Nationals Park,10,102.2,345.8,2.56,-2.32,7.09,-0.33,NORMAL,-14.2,14.2
776161,2025-09-27,MIA,NYM,loanDepot park,7,101.33,361.57,4.38,-0.96,8.48,-0.11,NORMAL,-17.0,17.0
776162,2025-09-27,NYY,BAL,Yankee Stadium,10,102.66,340.1,-2.68,-3.12,7.09,-0.44,NORMAL,-14.2,14.2
776164,2025-09-27,CHC,STL,Wrigley Field,5,100.22,362.0,9.54,8.92,10.03,0.89,NORMAL,-20.1,20.1
776165,2025-09-26,WSH,CWS,Nationals Park,10,105.15,363.9,6.0,1.13,7.09,0.16,NORMAL,-14.2,14.2
776166,2025-09-26,SF,COL,Oracle Park,8,103.18,383.25,15.55,14.1,7.93,1.78,NORMAL,-15.9,15.9
776167,2025-09-26,CHC,STL,Wrigley Field,9,102.83,356.11,-0.97,-1.59,7.47,-0.21,NORMAL,-14.9,14.9
776168,2025-09-26,SEA,LAD,T-Mobile Park,10,101.36,334.4,-4.99,-7.93,7.09,-1.12,NORMAL,-14.2,14.2
776169,2025-09-26,LAA,HOU,Angel Stadium,9,103.61,368.22,10.14,5.8,7.47,0.78,NORMAL,-14.9,14.9
776170,2025-09-26,SD,AZ,Petco Park,11,104.65,362.18,0.2,0.4,6.76,0.06,NORMAL,-13.5,13.5
776171,2025-09-26,MIL,CIN,American Family Field,7,99.83,328.71,2.16,-6.57,8.48,-0.78,NORMAL,-17.0,17.0
776172,2025-09-26,ATH,KC,Sutter Health Park,5,104.94,343.6,1.62,-9.61,10.03,-0.96,NORMAL,-20.1,20.1
776174,2025-09-26,NYY,BAL,Yankee Stadium,11,104.65,363.18,8.44,8.0,6.76,1.18,NORMAL,-13.5,13.5
776175,2025-09-26,CLE,TEX,Progressive Field,5,101.56,391.2,12.83,11.11,10.03,1.11,NORMAL,-20.1,20.1
776177,2025-09-26,TOR,TB,Rogers Centre,5,102.82,371.4,14.8,10.84,10.03,1.08,NORMAL,-20.1,20.1
776178,2025-09-25,LAA,KC,Angel Stadium,8,103.81,384.62,15.37,11.03,7.93,1.39,NORMAL,-15.9,15.9
776179,2025-09-25,SEA,COL,T-Mobile Park,8,103.55,352.0,11.94,9.0,7.93,1.14,NORMAL,-15.9,15.9
776180,2025-09-26,ATL,PIT,Truist Park,10,102.99,375.8,20.63,9.85,7.09,1.39,NORMAL,-14.2,14.2
776181,2025-09-26,BOS,DET,Fenway Park,8,100.05,348.38,7.04,4.89,7.93,0.62,NORMAL,-15.9,15.9
776182,2025-09-25,ATH,HOU,Sutter Health Park,6,104.3,319.5,-12.3,-23.53,9.15,-2.57,DEAD,-18.3,18.3
776183,2025-09-25,TEX,MIN,Globe Life Field,5,106.68,400.8,23.56,19.96,10.03,1.99,NORMAL,-20.1,20.1
776184,2025-09-25,NYY,CWS,Yankee Stadium,10,103.19,358.9,8.56,8.11,7.09,1.14,NORMAL,-14.2,14.2
776185,2025-09-25,AZ,LAD,Chase Field,7,102.99,399.14,14.42,3.14,8.48,0.37,NORMAL,-17.0,17.0
776186,2025-09-25,TOR,BOS,Rogers Centre,7,100.17,348.57,-8.95,-12.91,8.48,-1.52,NORMAL,-17.0,17.0
776187,2025-09-25,CHC,NYM,Wrigley Field,12,103.17,366.42,2.43,1.8,6.47,0.28,NORMAL,-12.9,12.9
776189,2025-09-25,CLE,DET,Progressive Field,5,105.24,364.6,1.11,-0.61,10.03,-0.06,NORMAL,-20.1,20.1
776190,2025-09-25,CIN,PIT,Great American Ball Park,5,98.62,343.4,1.9,-4.35,10.03,-0.43,NORMAL,-20.1,20.1
776191,2025-09-25,BAL,TB,Oriole Park at Camden Yards,10,103.29,356.1,10.93,5.67,7.09,0.8,NORMAL,-14.2,14.2
776192,2025-09-24,TEX,MIN,Globe Life Field,8,100.44,366.25,7.81,4.21,7.93,0.53,NORMAL,-15.9,15.9
776193,2025-09-24,AZ,LAD,Chase Field,11,99.83,349.27,22.6,11.33,6.76,1.68,NORMAL,-13.5,13.5
776194,2025-09-24,SEA,COL,T-Mobile Park,9,105.94,380.11,7.12,4.18,7.47,0.56,NORMAL,-14.9,14.9
776195,2025-09-24,ATH,HOU,Sutter Health Park,8,100.59,340.38,-1.83,-13.05,7.93,-1.65,NORMAL,-15.9,15.9
776196,2025-09-24,SF,STL,Oracle Park,5,102.58,370.0,8.04,6.59,10.03,0.66,NORMAL,-20.1,20.1
776197,2025-09-24,LAA,KC,Angel Stadium,6,103.05,360.17,8.31,3.98,9.15,0.43,NORMAL,-18.3,18.3
776199,2025-09-24,NYY,CWS,Yankee Stadium,11,102.45,362.73,0.54,0.09,6.76,0.01,NORMAL,-13.5,13.5
776200,2025-09-24,ATL,WSH,Truist Park,10,105.57,398.6,16.94,6.16,7.09,0.87,NORMAL,-14.2,14.2
776201,2025-09-24,PHI,MIA,Citizens Bank Park,11,103.06,387.0,20.46,15.09,6.76,2.23,JUICED,-13.5,13.5
776202,2025-09-24,CIN,PIT,Great American Ball Park,11,101.85,350.73,4.95,-1.3,6.76,-0.19,NORMAL,-13.5,13.5
776204,2025-09-24,CLE,DET,Progressive Field,6,100.43,312.83,0.41,-1.31,9.15,-0.14,NORMAL,-18.3,18.3
776205,2025-09-24,CHC,NYM,Wrigley Field,10,102.1,360.3,-4.6,-5.23,7.09,-0.74,NORMAL,-14.2,14.2
776206,2025-09-24,TOR,BOS,Rogers Centre,6,100.53,348.0,9.72,5.76,9.15,0.63,NORMAL,-18.3,18.3
776207,2025-09-23,LAA,KC,Angel Stadium,8,100.68,338.0,-5.35,-9.69,7.93,-1.22,NORMAL,-15.9,15.9
776209,2025-09-23,CHC,NYM,Wrigley Field,8,101.69,358.38,7.5,6.87,7.93,0.87,NORMAL,-15.9,15.9
776210,2025-09-23,TEX,MIN,Globe Life Field,6,102.0,377.5,5.68,2.08,9.15,0.23,NORMAL,-18.3,18.3
776211,2025-09-23,SF,STL,Oracle Park,12,102.63,368.08,16.23,14.78,6.47,2.28,JUICED,-12.9,12.9
776213,2025-09-23,AZ,LAD,Chase Field,5,103.74,383.4,26.52,15.24,10.03,1.52,NORMAL,-20.1,20.1
776214,2025-09-23,SD,MIL,Petco Park,5,100.58,363.2,15.59,15.78,10.03,1.57,NORMAL,-20.1,20.1
776215,2025-09-23,PHI,MIA,Citizens Bank Park,7,101.31,340.29,16.35,10.99,8.48,1.3,NORMAL,-17.0,17.0
776216,2025-09-23,NYY,CWS,Yankee Stadium,9,101.5,322.67,-16.01,-16.45,7.47,-2.2,DEAD,-14.9,14.9
776217,2025-09-23,TOR,BOS,Rogers Centre,7,101.71,352.29,9.99,6.03,8.48,0.71,NORMAL,-17.0,17.0
776218,2025-09-23,CLE,DET,Progressive Field,6,101.55,348.17,1.54,-0.17,9.15,-0.02,NORMAL,-18.3,18.3
776219,2025-09-23,ATL,WSH,Truist Park,5,105.32,391.0,17.25,6.47,10.03,0.64,NORMAL,-20.1,20.1
776220,2025-09-22,SF,STL,Oracle Park,8,105.99,357.62,2.98,1.53,7.93,0.19,NORMAL,-15.9,15.9
776221,2025-09-22,ATL,WSH,Truist Park,7,101.91,367.29,12.57,1.8,8.48,0.21,NORMAL,-17.0,17.0
776222,2025-09-22,SD,MIL,Petco Park,12,100.74,337.33,5.59,5.79,6.47,0.89,NORMAL,-12.9,12.9
776223,2025-09-23,BAL,TB,Oriole Park at Camden Yards,5,101.3,364.4,0.12,-5.14,10.03,-0.51,NORMAL,-20.1,20.1
776224,2025-09-23,CIN,PIT,Great American Ball Park,5,102.38,309.6,-8.06,-14.31,10.03,-1.43,NORMAL,-20.1,20.1
776225,2025-09-21,MIN,CLE,Target Field,7,103.34,349.71,3.43,-2.99,8.48,-0.35,NORMAL,-17.0,17.0
776226,2025-09-21,TEX,MIA,Globe Life Field,7,103.11,381.14,16.54,12.94,8.48,1.53,NORMAL,-17.0,17.0
776228,2025-09-21,HOU,SEA,Daikin Park,8,102.56,372.62,-0.22,-2.01,7.93,-0.25,NORMAL,-15.9,15.9
776229,2025-09-21,KC,TOR,Kauffman Stadium,9,101.83,361.33,20.5,8.48,7.47,1.13,NORMAL,-14.9,14.9
776230,2025-09-21,AZ,PHI,Chase Field,7,103.43,377.0,7.39,-3.89,8.48,-0.46,NORMAL,-17.0,17.0
776231,2025-09-21,STL,MIL,Busch Stadium,6,102.88,372.5,9.03,4.72,9.15,0.52,NORMAL,-18.3,18.3
776233,2025-09-20,LAD,SF,Dodger Stadium,7,103.51,382.71,8.06,4.78,8.48,0.56,NORMAL,-17.0,17.0
776234,2025-09-21,PIT,ATH,PNC Park,8,102.48,376.75,4.95,-0.45,7.93,-0.06,NORMAL,-15.9,15.9
776236,2025-09-21,TB,BOS,George M. Steinbrenner Field,5,99.84,350.4,9.3,10.28,10.03,1.02,NORMAL,-20.1,20.1
776237,2025-09-21,NYM,WSH,Citi Field,7,102.33,376.43,16.76,17.88,8.48,2.11,JUICED,-17.0,17.0
776238,2025-09-21,DET,ATL,Comerica Park,8,103.44,329.25,9.45,6.68,7.93,0.84,NORMAL,-15.9,15.9
776239,2025-09-21,CIN,CHC,Great American Ball Park,7,99.67,308.14,-11.02,-17.27,8.48,-2.04,DEAD,-17.0,17.0
776240,2025-09-21,BAL,NYY,Oriole Park at Camden Yards,11,103.05,349.09,15.93,10.67,6.76,1.58,NORMAL,-13.5,13.5
776242,2025-09-20,TEX,MIA,Globe Life Field,6,101.13,356.0,4.78,1.19,9.15,0.13,NORMAL,-18.3,18.3
776243,2025-09-20,MIN,CLE,Target Field,5,103.22,347.6,0.32,-6.1,10.03,-0.61,NORMAL,-20.1,20.1
776244,2025-09-20,STL,MIL,Busch Stadium,10,102.4,346.7,10.03,5.71,7.09,0.81,NORMAL,-14.2,14.2
776245,2025-09-20,KC,TOR,Kauffman Stadium,10,101.84,365.9,6.84,-5.18,7.09,-0.73,NORMAL,-14.2,14.2
776246,2025-09-20,AZ,PHI,Chase Field,7,102.51,358.57,14.76,3.49,8.48,0.41,NORMAL,-17.0,17.0
776248,2025-09-20,HOU,SEA,Daikin Park,7,102.76,364.86,3.9,2.11,8.48,0.25,NORMAL,-17.0,17.0
776249,2025-09-20,PIT,ATH,PNC Park,6,103.4,378.17,13.71,8.31,9.15,0.91,NORMAL,-18.3,18.3
776250,2025-09-20,CWS,SD,Rate Field,11,101.33,349.18,1.81,1.56,6.76,0.23,NORMAL,-13.5,13.5
776251,2025-09-19,TEX,MIA,Globe Life Field,11,103.61,366.09,14.2,10.61,6.76,1.57,NORMAL,-13.5,13.5
776252,2025-09-20,NYM,WSH,Citi Field,7,102.23,338.71,13.13,14.26,8.48,1.68,NORMAL,-17.0,17.0
776253,2025-09-19,COL,LAA,Coors Field,8,104.39,385.75,28.24,7.96,7.93,1.0,NORMAL,-15.9,15.9
776254,2025-09-20,CIN,CHC,Great American Ball Park,7,102.06,377.14,18.56,12.31,8.48,1.45,NORMAL,-17.0,17.0
776255,2025-09-19,AZ,PHI,Chase Field,10,102.21,371.1,14.83,3.55,7.09,0.5,NORMAL,-14.2,14.2
776256,2025-09-19,LAD,SF,Dodger Stadium,9,102.2,373.0,18.56,15.28,7.47,2.04,JUICED,-14.9,14.9
776258,2025-09-20,DET,ATL,Comerica Park,7,100.56,371.71,10.4,7.62,8.48,0.9,NORMAL,-17.0,17.0
776260,2025-09-19,KC,TOR,Kauffman Stadium,15,102.33,349.27,3.61,-8.4,5.79,-1.45,NORMAL,-11.6,11.6
776261,2025-09-19,TB,BOS,George M. Steinbrenner Field,9,101.49,344.89,-12.22,-11.24,7.47,-1.5,NORMAL,-14.9,14.9
776262,2025-09-19,HOU,SEA,Daikin Park,8,103.86,377.38,7.25,5.46,7.93,0.69,NORMAL,-15.9,15.9
776264,2025-09-19,CWS,SD,Rate Field,6,100.67,364.33,8.47,8.21,9.15,0.9,NORMAL,-18.3,18.3
776265,2025-09-19,STL,MIL,Busch Stadium,6,102.62,341.0,5.04,0.73,9.15,0.08,NORMAL,-18.3,18.3
776266,2025-09-19,PIT,ATH,PNC Park,10,101.64,363.8,3.36,-2.04,7.09,-0.29,NORMAL,-14.2,14.2
776267,2025-09-19,CIN,CHC,Great American Ball Park,10,102.74,379.3,16.02,9.77,7.09,1.38,NORMAL,-14.2,14.2
776268,2025-09-19,DET,ATL,Comerica Park,10,102.86,364.7,6.96,4.18,7.09,0.59,NORMAL,-14.2,14.2
776269,2025-09-18,TB,TOR,George M. Steinbrenner Field,7,101.74,343.43,-1.58,-0.6,8.48,-0.07,NORMAL,-17.0,17.0
776270,2025-09-18,COL,MIA,Coors Field,14,102.48,390.5,24.08,3.8,5.99,0.63,NORMAL,-12.0,12.0
776272,2025-09-18,KC,SEA,Kauffman Stadium,6,101.08,343.67,16.38,4.36,9.15,0.48,NORMAL,-18.3,18.3
776273,2025-09-19,BAL,NYY,Oriole Park at Camden Yards,8,99.71,359.88,4.36,-0.9,7.93,-0.11,NORMAL,-15.9,15.9
776274,2025-09-18,MIL,LAA,American Family Field,7,101.66,355.57,12.49,3.76,8.48,0.44,NORMAL,-17.0,17.0
776275,2025-09-18,DET,CLE,Comerica Park,6,101.08,352.0,8.69,5.91,9.15,0.65,NORMAL,-18.3,18.3
776276,2025-09-18,NYM,SD,Citi Field,7,102.06,368.71,1.98,3.1,8.48,0.37,NORMAL,-17.0,17.0
776277,2025-09-17,COL,MIA,Coors Field,12,100.96,381.67,26.91,6.64,6.47,1.03,NORMAL,-12.9,12.9
776279,2025-09-17,AZ,SF,Chase Field,9,99.24,356.44,19.06,7.78,7.47,1.04,NORMAL,-14.9,14.9
776280,2025-09-17,LAD,PHI,Dodger Stadium,7,100.71,357.57,8.87,5.58,8.48,0.66,NORMAL,-17.0,17.0
776281,2025-09-18,BOS,ATH,Fenway Park,5,108.36,377.6,10.27,8.12,10.03,0.81,NORMAL,-20.1,20.1
776282,2025-09-18,CIN,CHC,Great American Ball Park,6,101.82,325.83,2.82,-3.43,9.15,-0.37,NORMAL,-18.3,18.3
776283,2025-09-17,STL,CIN,Busch Stadium,6,104.45,377.5,9.24,4.93,9.15,0.54,NORMAL,-18.3,18.3
776284,2025-09-17,MIN,NYY,Target Field,12,100.48,347.92,9.81,3.39,6.47,0.52,NORMAL,-12.9,12.9
776285,2025-09-17,CWS,BAL,Rate Field,6,103.23,356.83,-9.57,-9.82,9.15,-1.07,NORMAL,-18.3,18.3
776286,2025-09-17,WSH,ATL,Nationals Park,9,100.74,335.56,0.83,-4.05,7.47,-0.54,NORMAL,-14.9,14.9
776287,2025-09-17,PIT,CHC,PNC Park,13,105.17,369.92,-2.78,-8.18,6.22,-1.31,NORMAL,-12.4,12.4
776288,2025-09-17,NYM,SD,Citi Field,13,102.82,372.54,9.35,10.47,6.22,1.68,NORMAL,-12.4,12.4
776289,2025-09-17,KC,SEA,Kauffman Stadium,6,103.3,364.17,9.92,-2.1,9.15,-0.23,NORMAL,-18.3,18.3
776290,2025-09-17,TB,TOR,George M. Steinbrenner Field,7,102.34,344.43,-6.33,-5.35,8.48,-0.63,NORMAL,-17.0,17.0
776291,2025-09-17,MIL,LAA,American Family Field,6,102.95,358.83,-0.91,-9.65,9.15,-1.05,NORMAL,-18.3,18.3
776292,2025-09-17,HOU,TEX,Daikin Park,6,102.47,381.33,-0.04,-1.83,9.15,-0.2,NORMAL,-18.3,18.3
776293,2025-09-16,COL,MIA,Coors Field,10,100.66,371.9,16.93,-3.34,7.09,-0.47,NORMAL,-14.2,14.2
776294,2025-09-16,AZ,SF,Chase Field,8,102.72,367.38,21.47,10.19,7.93,1.29,NORMAL,-15.9,15.9
776295,2025-09-16,MIL,LAA,American Family Field,9,103.09,351.78,5.89,-2.84,7.47,-0.38,NORMAL,-14.9,14.9
776296,2025-09-17,DET,CLE,Comerica Park,10,100.67,332.9,4.3,1.52,7.09,0.21,NORMAL,-14.2,14.2
776297,2025-09-16,LAD,PHI,Dodger Stadium,9,100.58,357.0,5.35,2.07,7.47,0.28,NORMAL,-14.9,14.9
776298,2025-09-16,MIN,NYY,Target Field,13,101.43,357.0,7.81,1.39,6.22,0.22,NORMAL,-12.4,12.4
776299,2025-09-17,BOS,ATH,Fenway Park,8,101.09,336.88,-6.07,-8.22,7.93,-1.04,NORMAL,-15.9,15.9
776300,2025-09-16,STL,CIN,Busch Stadium,6,100.32,356.5,10.02,5.71,9.15,0.62,NORMAL,-18.3,18.3
776301,2025-09-16,HOU,TEX,Daikin Park,7,100.43,349.29,2.2,0.41,8.48,0.05,NORMAL,-17.0,17.0
776302,2025-09-16,KC,SEA,Kauffman Stadium,11,103.91,386.64,12.55,0.53,6.76,0.08,NORMAL,-13.5,13.5
776303,2025-09-16,DET,CLE,Comerica Park,11,104.35,355.91,2.62,-0.16,6.76,-0.02,NORMAL,-13.5,13.5
776304,2025-09-16,NYM,SD,Citi Field,10,106.01,374.0,-3.23,-2.11,7.09,-0.3,NORMAL,-14.2,14.2
776305,2025-09-16,TB,TOR,George M. Steinbrenner Field,7,101.79,344.29,-4.23,-3.25,8.48,-0.38,NORMAL,-17.0,17.0
776306,2025-09-16,CWS,BAL,Rate Field,7,103.09,377.86,-1.45,-1.7,8.48,-0.2,NORMAL,-17.0,17.0
776307,2025-09-16,WSH,ATL,Nationals Park,6,106.9,362.67,-6.03,-10.91,9.15,-1.19,NORMAL,-18.3,18.3
776308,2025-09-16,PIT,CHC,PNC Park,5,100.28,373.2,17.28,11.88,10.03,1.19,NORMAL,-20.1,20.1
776309,2025-09-15,AZ,SF,Chase Field,10,101.88,359.2,15.26,3.98,7.09,0.56,NORMAL,-14.2,14.2
776311,2025-09-15,LAD,PHI,Dodger Stadium,7,103.0,383.86,30.31,27.03,8.48,3.19,JUICED,-17.0,17.0
776312,2025-09-15,STL,CIN,Busch Stadium,11,103.17,342.55,3.74,-0.57,6.76,-0.08,NORMAL,-13.5,13.5
776313,2025-09-15,MIN,NYY,Target Field,6,102.5,312.33,2.06,-4.36,9.15,-0.48,NORMAL,-18.3,18.3
776315,2025-09-15,WSH,ATL,Nationals Park,10,105.36,361.9,1.02,-3.86,7.09,-0.54,NORMAL,-14.2,14.2
776316,2025-09-15,TB,TOR,George M. Steinbrenner Field,6,100.48,336.17,-11.79,-10.81,9.15,-1.18,NORMAL,-18.3,18.3
776317,2025-09-14,SEA,LAA,T-Mobile Park,5,106.82,371.6,10.35,7.41,10.03,0.74,NORMAL,-20.1,20.1
776318,2025-09-15,PIT,CHC,PNC Park,7,102.93,376.0,13.88,8.48,8.48,1.0,NORMAL,-17.0,17.0
776319,2025-09-15,HOU,TEX,Daikin Park,6,103.02,373.83,14.28,12.49,9.15,1.36,NORMAL,-18.3,18.3
776320,2025-09-14,WSH,PIT,Nationals Park,5,103.04,347.6,-7.99,-12.87,10.03,-1.28,NORMAL,-20.1,20.1
776321,2025-09-14,CHC,TB,Wrigley Field,5,104.0,352.2,4.06,3.43,10.03,0.34,NORMAL,-20.1,20.1
776322,2025-09-14,TOR,BAL,Rogers Centre,8,102.64,366.38,3.12,-0.84,7.93,-0.11,NORMAL,-15.9,15.9
776323,2025-09-14,SD,COL,Petco Park,10,103.45,359.2,-2.96,-2.76,7.09,-0.39,NORMAL,-14.2,14.2
776324,2025-09-14,MIN,AZ,Target Field,9,101.8,353.44,9.78,3.36,7.47,0.45,NORMAL,-14.9,14.9
776325,2025-09-14,SF,LAD,Oracle Park,6,98.8,314.83,-14.11,-15.56,9.15,-1.7,NORMAL,-18.3,18.3
776326,2025-09-14,MIL,STL,American Family Field,8,100.1,361.88,7.73,-1.0,7.93,-0.13,NORMAL,-15.9,15.9
776327,2025-09-14,ATH,CIN,Sutter Health Park,6,101.22,374.33,12.19,0.97,9.15,0.11,NORMAL,-18.3,18.3
776328,2025-09-13,SF,LAD,Oracle Park,9,104.36,327.0,-1.26,-2.71,7.47,-0.36,NORMAL,-14.9,14.9
776329,2025-09-14,ATL,HOU,Truist Park,8,103.16,382.75,22.7,11.92,7.93,1.5,NORMAL,-15.9,15.9
776330,2025-09-14,BOS,NYY,Fenway Park,9,103.91,368.0,4.25,2.1,7.47,0.28,NORMAL,-14.9,14.9
776331,2025-09-14,CLE,CWS,Progressive Field,6,100.68,368.0,14.2,12.48,9.15,1.36,NORMAL,-18.3,18.3
776333,2025-09-13,SEA,LAA,T-Mobile Park,6,103.83,348.67,10.2,7.26,9.15,0.79,NORMAL,-18.3,18.3
776334,2025-09-14,PHI,KC,Citizens Bank Park,15,103.87,365.47,7.97,2.6,5.79,0.45,NORMAL,-11.6,11.6
776335,2025-09-14,NYM,TEX,Citi Field,6,105.5,354.5,15.71,16.84,9.15,1.84,NORMAL,-18.3,18.3
776336,2025-09-13,WSH,PIT,Nationals Park,5,98.82,364.2,6.26,1.38,10.03,0.14,NORMAL,-20.1,20.1
776337,2025-09-13,MIN,AZ,Target Field,8,101.58,366.62,15.17,8.75,7.93,1.1,NORMAL,-15.9,15.9
776338,2025-09-13,CHC,TB,Wrigley Field,10,101.43,372.9,17.57,16.94,7.09,2.39,JUICED,-14.2,14.2
776339,2025-09-13,MIL,STL,American Family Field,10,99.69,336.5,2.12,-6.62,7.09,-0.93,NORMAL,-14.2,14.2
776340,2025-09-13,ATH,CIN,Sutter Health Park,9,104.27,383.78,15.84,4.61,7.47,0.62,NORMAL,-14.9,14.9
776341,2025-09-13,SD,COL,Petco Park,10,102.63,369.1,10.45,10.65,7.09,1.5,NORMAL,-14.2,14.2
776342,2025-09-13,PHI,KC,Citizens Bank Park,8,100.42,376.38,19.77,14.41,7.93,1.82,NORMAL,-15.9,15.9
776343,2025-09-13,TOR,BAL,Rogers Centre,7,103.24,371.86,-0.72,-4.68,8.48,-0.55,NORMAL,-17.0,17.0
776344,2025-09-13,BOS,NYY,Fenway Park,6,100.37,359.67,10.04,7.89,9.15,0.86,NORMAL,-18.3,18.3
776347,2025-09-13,MIA,DET,loanDepot park,15,98.95,350.87,11.91,6.57,5.79,1.13,NORMAL,-11.6,11.6
776348,2025-09-13,CLE,CWS,Progressive Field,6,103.85,344.0,-11.93,-13.64,9.15,-1.49,NORMAL,-18.3,18.3
776349,2025-09-13,NYM,TEX,Citi Field,7,104.37,312.71,-22.64,-21.51,8.48,-2.54,DEAD,-17.0,17.0
776350,2025-09-12,SF,LAD,Oracle Park,9,104.31,347.89,-5.0,-6.45,7.47,-0.86,NORMAL,-14.9,14.9
776351,2025-09-12,WSH,PIT,Nationals Park,10,103.52,366.0,17.19,12.31,7.09,1.74,NORMAL,-14.2,14.2
776352,2025-09-12,CHC,TB,Wrigley Field,6,102.97,344.33,-2.67,-3.3,9.15,-0.36,NORMAL,-18.3,18.3
776353,2025-09-12,TOR,BAL,Rogers Centre,8,101.14,346.62,7.19,3.24,7.93,0.41,NORMAL,-15.9,15.9
776354,2025-09-12,PHI,KC,Citizens Bank Park,10,103.06,362.5,3.45,-1.91,7.09,-0.27,NORMAL,-14.2,14.2
776355,2025-09-12,MIN,AZ,Target Field,14,102.81,356.86,12.59,6.17,5.99,1.03,NORMAL,-12.0,12.0
776356,2025-09-12,MIL,STL,American Family Field,5,102.88,364.8,0.05,-8.68,10.03,-0.87,NORMAL,-20.1,20.1
776357,2025-09-12,SD,COL,Petco Park,8,102.79,360.0,0.22,0.42,7.93,0.05,NORMAL,-15.9,15.9
776358,2025-09-12,ATH,CIN,Sutter Health Park,6,102.7,383.33,7.02,-4.21,9.15,-0.46,NORMAL,-18.3,18.3
776359,2025-09-12,NYM,TEX,Citi Field,6,104.28,344.17,-1.73,-0.61,9.15,-0.07,NORMAL,-18.3,18.3
776360,2025-09-12,ATL,HOU,Truist Park,7,105.86,392.57,10.15,-0.63,8.48,-0.07,NORMAL,-17.0,17.0
776362,2025-09-11,SEA,LAA,T-Mobile Park,9,100.04,346.89,10.44,7.5,7.47,1.0,NORMAL,-14.9,14.9
776363,2025-09-12,BOS,NYY,Fenway Park,8,102.7,359.62,7.64,5.49,7.93,0.69,NORMAL,-15.9,15.9
776364,2025-09-11,CWS,TB,Rate Field,7,102.3,341.14,-4.77,-5.02,8.48,-0.59,NORMAL,-17.0,17.0
776366,2025-09-12,MIA,DET,loanDepot park,5,104.42,369.6,14.97,9.63,10.03,0.96,NORMAL,-20.1,20.1
776368,2025-09-11,NYY,DET,Yankee Stadium,10,105.04,374.0,-4.26,-4.71,7.09,-0.66,NORMAL,-14.2,14.2
776369,2025-09-11,TOR,HOU,Rogers Centre,6,99.35,342.5,-3.7,-7.66,9.15,-0.84,NORMAL,-18.3,18.3
776370,2025-09-11,CLE,KC,Progressive Field,7,100.86,347.57,-3.75,-5.46,8.48,-0.64,NORMAL,-17.0,17.0
776371,2025-09-11,PHI,NYM,Citizens Bank Park,8,101.14,355.75,6.63,1.27,7.93,0.16,NORMAL,-15.9,15.9
776373,2025-09-10,SEA,STL,T-Mobile Park,7,101.04,358.71,6.8,3.86,8.48,0.46,NORMAL,-17.0,17.0
776374,2025-09-10,SF,AZ,Oracle Park,5,104.22,368.8,2.75,1.29,10.03,0.13,NORMAL,-20.1,20.1
776375,2025-09-10,TEX,MIL,Globe Life Field,6,107.75,408.0,18.46,14.87,9.15,1.62,NORMAL,-18.3,18.3
776376,2025-09-10,LAA,MIN,Angel Stadium,11,102.06,369.0,9.64,5.3,6.76,0.78,NORMAL,-13.5,13.5
776377,2025-09-10,SD,CIN,Petco Park,5,100.78,369.4,7.22,7.42,10.03,0.74,NORMAL,-20.1,20.1
776378,2025-09-10,CWS,TB,Rate Field,5,101.42,365.0,2.61,2.36,10.03,0.24,NORMAL,-20.1,20.1
776379,2025-09-10,ATH,BOS,Sutter Health Park,12,99.5,341.25,4.11,-7.12,6.47,-1.1,NORMAL,-12.9,12.9
776380,2025-09-10,LAD,COL,Dodger Stadium,9,101.8,361.11,14.78,11.5,7.47,1.54,NORMAL,-14.9,14.9
776381,2025-09-10,ATL,CHC,Truist Park,5,96.88,339.8,-7.65,-18.43,10.03,-1.84,NORMAL,-20.1,20.1
776382,2025-09-10,CLE,KC,Progressive Field,6,101.48,347.67,1.46,-0.25,9.15,-0.03,NORMAL,-18.3,18.3
776383,2025-09-10,NYY,DET,Yankee Stadium,11,101.87,351.18,-4.11,-4.55,6.76,-0.67,NORMAL,-13.5,13.5
776384,2025-09-10,PHI,NYM,Citizens Bank Park,7,106.46,369.29,3.1,-2.26,8.48,-0.27,NORMAL,-17.0,17.0
776385,2025-09-10,TOR,HOU,Rogers Centre,5,104.3,367.0,-1.46,-5.42,10.03,-0.54,NORMAL,-20.1,20.1
776386,2025-09-10,MIA,WSH,loanDepot park,8,101.54,357.38,3.62,-1.72,7.93,-0.22,NORMAL,-15.9,15.9
776388,2025-09-09,CWS,TB,Rate Field,5,107.56,382.4,-6.29,-6.54,10.03,-0.65,NORMAL,-20.1,20.1
776389,2025-09-09,LAD,COL,Dodger Stadium,11,101.98,382.91,9.09,5.81,6.76,0.86,NORMAL,-13.5,13.5
776390,2025-09-09,LAA,MIN,Angel Stadium,5,100.08,324.8,-15.52,-19.85,10.03,-1.98,NORMAL,-20.1,20.1
776391,2025-09-09,SEA,STL,T-Mobile Park,11,101.91,349.45,6.66,3.72,6.76,0.55,NORMAL,-13.5,13.5
776392,2025-09-09,SD,CIN,Petco Park,11,102.47,366.55,-7.32,-7.12,6.76,-1.05,NORMAL,-13.5,13.5
776393,2025-09-09,TOR,HOU,Rogers Centre,12,102.52,368.92,10.31,6.35,6.47,0.98,NORMAL,-12.9,12.9
776394,2025-09-09,SF,AZ,Oracle Park,9,99.9,355.11,-7.99,-9.45,7.47,-1.26,NORMAL,-14.9,14.9
776395,2025-09-09,TEX,MIL,Globe Life Field,9,103.03,365.89,12.5,8.9,7.47,1.19,NORMAL,-14.9,14.9
776396,2025-09-09,ATH,BOS,Sutter Health Park,9,100.53,365.56,15.81,4.58,7.47,0.61,NORMAL,-14.9,14.9
776397,2025-09-09,MIA,WSH,loanDepot park,9,101.34,373.67,6.58,1.24,7.47,0.17,NORMAL,-14.9,14.9
776398,2025-09-09,NYY,DET,Yankee Stadium,11,103.03,354.73,-15.41,-15.85,6.76,-2.34,DEAD,-13.5,13.5
776399,2025-09-08,SF,AZ,Oracle Park,11,102.58,365.18,16.9,15.45,6.76,2.29,JUICED,-13.5,13.5
776400,2025-09-08,SEA,STL,T-Mobile Park,6,104.47,344.83,-1.13,-4.06,9.15,-0.44,NORMAL,-18.3,18.3
776401,2025-09-09,BAL,PIT,Oriole Park at Camden Yards,8,102.58,336.12,-4.83,-10.09,7.93,-1.27,NORMAL,-15.9,15.9
776402,2025-09-09,ATL,CHC,Truist Park,6,101.97,368.83,9.24,-1.53,9.15,-0.17,NORMAL,-18.3,18.3
776404,2025-09-09,PHI,NYM,Citizens Bank Park,9,105.09,376.56,14.16,8.79,7.47,1.18,NORMAL,-14.9,14.9
776405,2025-09-08,PHI,NYM,Citizens Bank Park,7,102.36,340.0,-1.22,-6.59,8.48,-0.78,NORMAL,-17.0,17.0
776406,2025-09-08,TEX,MIL,Globe Life Field,11,100.28,355.82,-4.71,-8.3,6.76,-1.23,NORMAL,-13.5,13.5
776407,2025-09-08,SD,CIN,Petco Park,5,96.72,346.6,11.77,11.97,10.03,1.19,NORMAL,-20.1,20.1
776409,2025-09-08,MIA,WSH,loanDepot park,14,104.06,383.64,14.6,9.26,5.99,1.55,NORMAL,-12.0,12.0
776411,2025-09-08,LAA,MIN,Angel Stadium,9,102.28,355.67,3.16,-1.18,7.47,-0.16,NORMAL,-14.9,14.9
776412,2025-09-08,ATL,CHC,Truist Park,9,101.07,350.89,3.37,-7.41,7.47,-0.99,NORMAL,-14.9,14.9
776413,2025-09-08,CLE,KC,Progressive Field,7,100.11,334.0,13.43,11.72,8.48,1.38,NORMAL,-17.0,17.0
776414,2025-09-07,LAA,ATH,Angel Stadium,13,102.31,354.77,5.96,1.63,6.22,0.26,NORMAL,-12.4,12.4
776415,2025-09-07,AZ,BOS,Chase Field,5,98.84,346.8,32.04,20.76,10.03,2.07,JUICED,-20.1,20.1
776417,2025-09-07,COL,SD,Coors Field,11,103.18,375.45,32.23,11.95,6.76,1.77,NORMAL,-13.5,13.5
776418,2025-09-07,TEX,HOU,Globe Life Field,11,101.93,326.55,-8.3,-11.89,6.76,-1.76,NORMAL,-13.5,13.5
776419,2025-09-07,PIT,MIL,PNC Park,5,98.9,340.4,-5.83,-11.23,10.03,-1.12,NORMAL,-20.1,20.1
776420,2025-09-07,CHC,WSH,Wrigley Field,10,102.81,341.7,-0.18,-0.8,7.09,-0.11,NORMAL,-14.2,14.2
776422,2025-09-07,KC,MIN,Kauffman Stadium,5,102.14,388.4,22.11,10.1,10.03,1.01,NORMAL,-20.1,20.1
776423,2025-09-07,NYY,TOR,Yankee Stadium,6,105.07,325.33,-6.79,-7.23,9.15,-0.79,NORMAL,-18.3,18.3
776424,2025-09-06,AZ,BOS,Chase Field,7,98.27,373.43,15.08,3.8,8.48,0.45,NORMAL,-17.0,17.0
776425,2025-09-07,DET,CWS,Comerica Park,6,102.35,373.33,8.73,5.95,9.15,0.65,NORMAL,-18.3,18.3
776426,2025-09-07,MIA,PHI,loanDepot park,10,100.42,350.1,17.7,12.36,7.09,1.74,NORMAL,-14.2,14.2
776427,2025-09-07,BAL,LAD,Oriole Park at Camden Yards,7,106.09,374.0,1.92,-3.34,8.48,-0.39,NORMAL,-17.0,17.0
776428,2025-09-07,ATL,SEA,Truist Park,11,102.65,363.73,5.54,-5.24,6.76,-0.77,NORMAL,-13.5,13.5
776429,2025-09-07,CIN,NYM,Great American Ball Park,5,104.2,379.6,-0.94,-7.2,10.03,-0.72,NORMAL,-20.1,20.1
776430,2025-09-06,LAA,ATH,Angel Stadium,13,103.37,371.77,10.29,5.96,6.22,0.96,NORMAL,-12.4,12.4
776431,2025-09-06,COL,SD,Coors Field,9,104.39,392.78,27.76,7.48,7.47,1.0,NORMAL,-14.9,14.9
776432,2025-09-06,TEX,HOU,Globe Life Field,6,103.63,382.67,13.59,10.0,9.15,1.09,NORMAL,-18.3,18.3
776433,2025-09-06,MIA,PHI,loanDepot park,10,101.83,346.7,-2.9,-8.24,7.09,-1.16,NORMAL,-14.2,14.2
776434,2025-09-06,KC,MIN,Kauffman Stadium,11,103.67,352.64,9.04,-2.98,6.76,-0.44,NORMAL,-13.5,13.5
776435,2025-09-06,DET,CWS,Comerica Park,7,100.7,363.57,-4.27,-7.04,8.48,-0.83,NORMAL,-17.0,17.0
776436,2025-09-06,NYY,TOR,Yankee Stadium,9,102.12,350.11,-2.31,-2.76,7.47,-0.37,NORMAL,-14.9,14.9
776438,2025-09-06,TB,CLE,George M. Steinbrenner Field,5,101.02,355.6,-13.23,-12.25,10.03,-1.22,NORMAL,-20.1,20.1
776439,2025-09-06,CIN,NYM,Great American Ball Park,10,101.5,360.8,0.3,-5.95,7.09,-0.84,NORMAL,-14.2,14.2
776441,2025-09-06,PIT,MIL,PNC Park,6,99.32,351.17,11.18,5.78,9.15,0.63,NORMAL,-18.3,18.3
776442,2025-09-05,COL,SD,Coors Field,5,100.14,340.2,-0.33,-20.6,10.03,-2.05,DEAD,-20.1,20.1
776443,2025-09-06,BAL,LAD,Oriole Park at Camden Yards,11,100.78,327.36,-5.13,-10.39,6.76,-1.54,NORMAL,-13.5,13.5
776444,2025-09-05,LAA,ATH,Angel Stadium,5,103.3,348.2,-1.27,-5.61,10.03,-0.56,NORMAL,-20.1,20.1
776445,2025-09-05,STL,SF,Busch Stadium,8,102.78,369.62,12.72,8.41,7.93,1.06,NORMAL,-15.9,15.9
776446,2025-09-05,KC,MIN,Kauffman Stadium,9,101.07,368.67,6.28,-5.73,7.47,-0.77,NORMAL,-14.9,14.9
776447,2025-09-06,ATL,SEA,Truist Park,11,105.32,387.18,19.91,9.13,6.76,1.35,NORMAL,-13.5,13.5
776448,2025-09-05,AZ,BOS,Chase Field,8,102.96,379.38,19.54,8.27,7.93,1.04,NORMAL,-15.9,15.9
776449,2025-09-05,TEX,HOU,Globe Life Field,7,102.43,359.86,10.73,7.14,8.48,0.84,NORMAL,-17.0,17.0
776451,2025-09-05,TB,CLE,George M. Steinbrenner Field,10,100.74,340.0,-6.41,-5.43,7.09,-0.77,NORMAL,-14.2,14.2
776452,2025-09-05,DET,CWS,Comerica Park,11,100.08,338.64,7.6,4.83,6.76,0.71,NORMAL,-13.5,13.5
776453,2025-09-05,PIT,MIL,PNC Park,5,103.36,338.4,3.47,-1.93,10.03,-0.19,NORMAL,-20.1,20.1
776454,2025-09-05,BAL,LAD,Oriole Park at Camden Yards,5,103.44,379.2,7.15,1.88,10.03,0.19,NORMAL,-20.1,20.1
776455,2025-09-05,CHC,WSH,Wrigley Field,9,102.1,373.11,10.15,9.53,7.47,1.27,NORMAL,-14.9,14.9
776456,2025-09-05,MIA,PHI,loanDepot park,11,102.83,368.0,5.51,0.17,6.76,0.03,NORMAL,-13.5,13.5
776457,2025-09-05,NYY,TOR,Yankee Stadium,8,103.86,341.12,-4.84,-5.29,7.93,-0.67,NORMAL,-15.9,15.9
776458,2025-09-04,TB,CLE,George M. Steinbrenner Field,5,99.4,355.8,3.69,4.67,10.03,0.47,NORMAL,-20.1,20.1
776460,2025-09-05,ATL,SEA,Truist Park,6,99.85,342.83,10.21,-0.57,9.15,-0.06,NORMAL,-18.3,18.3
776462,2025-09-04,MIN,CWS,Target Field,9,105.14,383.89,13.72,7.3,7.47,0.98,NORMAL,-14.9,14.9
776463,2025-09-04,KC,LAA,Kauffman Stadium,5,103.4,395.4,12.59,0.58,10.03,0.06,NORMAL,-20.1,20.1
776464,2025-09-04,HOU,NYY,Daikin Park,9,105.01,369.22,4.45,2.66,7.47,0.36,NORMAL,-14.9,14.9
776465,2025-09-03,SD,BAL,Petco Park,11,102.64,359.36,-1.4,-1.2,6.76,-0.18,NORMAL,-13.5,13.5
776466,2025-09-03,KC,LAA,Kauffman Stadium,5,104.92,354.2,7.58,-4.44,10.03,-0.44,NORMAL,-20.1,20.1
776467,2025-09-03,COL,SF,Coors Field,7,102.6,379.86,34.79,14.51,8.48,1.71,NORMAL,-17.0,17.0
776469,2025-09-03,MIN,CWS,Target Field,6,102.48,331.67,-5.32,-11.74,9.15,-1.28,NORMAL,-18.3,18.3
776471,2025-09-03,MIL,PHI,American Family Field,7,100.73,351.43,8.39,-0.34,8.48,-0.04,NORMAL,-17.0,17.0
776472,2025-09-03,HOU,NYY,Daikin Park,11,102.65,348.0,9.05,7.26,6.76,1.07,NORMAL,-13.5,13.5
776473,2025-09-03,CHC,ATL,Wrigley Field,8,102.29,355.75,7.51,6.89,7.93,0.87,NORMAL,-15.9,15.9
776474,2025-09-03,BOS,CLE,Fenway Park,11,99.43,334.55,0.8,-1.35,6.76,-0.2,NORMAL,-13.5,13.5
776475,2025-09-03,CIN,TOR,Great American Ball Park,11,104.62,360.45,30.98,24.72,6.76,3.66,JUICED,-13.5,13.5
776476,2025-09-03,TB,SEA,George M. Steinbrenner Field,8,101.82,319.75,1.0,1.98,7.93,0.25,NORMAL,-15.9,15.9
776477,2025-09-03,WSH,MIA,Nationals Park,9,100.63,360.11,0.22,-4.66,7.47,-0.62,NORMAL,-14.9,14.9
776478,2025-09-03,DET,NYM,Comerica Park,7,104.99,366.29,1.3,-1.48,8.48,-0.17,NORMAL,-17.0,17.0
776479,2025-09-03,PIT,LAD,PNC Park,7,103.13,367.43,12.44,7.04,8.48,0.83,NORMAL,-17.0,17.0
776482,2025-09-02,WSH,MIA,Nationals Park,6,102.03,346.67,-9.78,-14.66,9.15,-1.6,NORMAL,-18.3,18.3
776483,2025-09-02,STL,ATH,Busch Stadium,8,101.1,349.38,-2.63,-6.95,7.93,-0.88,NORMAL,-15.9,15.9
776484,2025-09-02,MIN,CWS,Target Field,12,102.52,374.08,8.48,2.06,6.47,0.32,NORMAL,-12.9,12.9
776485,2025-09-02,TB,SEA,George M. Steinbrenner Field,5,103.32,370.0,-16.87,-15.89,10.03,-1.58,NORMAL,-20.1,20.1
776486,2025-09-02,COL,SF,Coors Field,6,102.28,389.5,28.23,7.96,9.15,0.87,NORMAL,-18.3,18.3
776487,2025-09-02,CHC,ATL,Wrigley Field,6,102.42,377.17,7.35,6.72,9.15,0.73,NORMAL,-18.3,18.3
776488,2025-09-02,KC,LAA,Kauffman Stadium,9,102.56,373.33,14.87,2.85,7.47,0.38,NORMAL,-14.9,14.9
776489,2025-09-02,HOU,NYY,Daikin Park,7,100.43,354.0,-4.28,-6.08,8.48,-0.72,NORMAL,-17.0,17.0
776490,2025-09-02,DET,NYM,Comerica Park,10,102.89,352.2,-6.27,-9.04,7.09,-1.28,NORMAL,-14.2,14.2
776491,2025-09-02,CIN,TOR,Great American Ball Park,11,102.67,377.36,16.88,10.63,6.76,1.57,NORMAL,-13.5,13.5
776493,2025-09-02,BOS,CLE,Fenway Park,15,101.33,336.47,-6.39,-8.54,5.79,-1.48,NORMAL,-11.6,11.6
776495,2025-09-01,AZ,TEX,Chase Field,9,102.42,359.0,7.56,-3.72,7.47,-0.5,NORMAL,-14.9,14.9
776496,2025-09-02,PIT,LAD,PNC Park,10,103.2,353.2,-4.76,-10.16,7.09,-1.43,NORMAL,-14.2,14.2
776497,2025-09-01,STL,ATH,Busch Stadium,8,102.94,368.88,-2.05,-6.36,7.93,-0.8,NORMAL,-15.9,15.9
776498,2025-09-01,WSH,MIA,Nationals Park,7,102.91,336.14,-1.17,-6.05,8.48,-0.71,NORMAL,-17.0,17.0
776499,2025-09-01,HOU,LAA,Daikin Park,8,105.54,345.88,-9.64,-11.43,7.93,-1.44,NORMAL,-15.9,15.9
776500,2025-09-01,MIL,PHI,American Family Field,9,102.04,366.44,5.0,-3.73,7.47,-0.5,NORMAL,-14.9,14.9
776501,2025-09-01,DET,NYM,Comerica Park,6,105.42,383.17,9.89,7.11,9.15,0.78,NORMAL,-18.3,18.3
776502,2025-09-01,MIN,CWS,Target Field,11,102.39,360.0,10.53,4.11,6.76,0.61,NORMAL,-13.5,13.5
776503,2025-09-01,CIN,TOR,Great American Ball Park,10,100.41,372.6,13.38,7.13,7.09,1.01,NORMAL,-14.2,14.2
776504,2025-09-01,TB,SEA,George M. Steinbrenner Field,9,102.59,352.56,-12.55,-11.57,7.47,-1.55,NORMAL,-14.9,14.9
776505,2025-09-01,BOS,CLE,Fenway Park,5,102.38,347.6,7.35,5.2,10.03,0.52,NORMAL,-20.1,20.1
776506,2025-09-01,CHC,ATL,Wrigley Field,13,102.3,335.15,-7.69,-8.32,6.22,-1.34,NORMAL,-12.4,12.4
776507,2025-08-31,SF,BAL,Oracle Park,7,102.96,327.86,-1.8,-3.26,8.48,-0.38,NORMAL,-17.0,17.0
776510,2025-08-31,HOU,LAA,Daikin Park,7,100.21,375.14,13.19,11.4,8.48,1.35,NORMAL,-17.0,17.0
776511,2025-08-31,COL,CHC,Coors Field,7,103.1,353.71,17.48,-2.79,8.48,-0.33,NORMAL,-17.0,17.0
776512,2025-08-31,KC,DET,Kauffman Stadium,6,100.0,348.5,8.45,-3.57,9.15,-0.39,NORMAL,-18.3,18.3
776514,2025-08-31,CWS,NYY,Rate Field,9,106.06,372.89,11.78,11.53,7.47,1.54,NORMAL,-14.9,14.9
776515,2025-08-31,TOR,MIL,Rogers Centre,9,103.18,345.22,-10.26,-14.22,7.47,-1.9,NORMAL,-14.9,14.9
776516,2025-08-30,SF,BAL,Oracle Park,11,101.47,374.64,14.86,13.41,6.76,1.98,NORMAL,-13.5,13.5
776518,2025-08-31,CIN,STL,Great American Ball Park,5,101.5,360.0,5.27,-0.98,10.03,-0.1,NORMAL,-20.1,20.1
776519,2025-08-31,NYM,MIA,Citi Field,5,103.38,346.4,33.13,34.26,10.03,3.42,JUICED,-20.1,20.1
776522,2025-08-31,PHI,ATL,Citizens Bank Park,5,101.68,357.2,2.75,-2.61,10.03,-0.26,NORMAL,-20.1,20.1
776523,2025-08-30,LAD,AZ,Dodger Stadium,7,100.09,356.43,13.88,10.6,8.48,1.25,NORMAL,-17.0,17.0
776524,2025-08-30,ATH,TEX,Sutter Health Park,14,101.2,361.0,14.58,3.36,5.99,0.56,NORMAL,-12.0,12.0
776525,2025-08-30,WSH,TB,Nationals Park,6,103.27,360.17,12.08,7.2,9.15,0.79,NORMAL,-18.3,18.3
776526,2025-08-30,COL,CHC,Coors Field,8,101.29,369.38,23.38,3.11,7.93,0.39,NORMAL,-15.9,15.9
776527,2025-08-30,TOR,MIL,Rogers Centre,9,100.98,350.0,8.8,4.84,7.47,0.65,NORMAL,-14.9,14.9
776528,2025-08-30,KC,DET,Kauffman Stadium,6,100.6,374.17,21.57,9.56,9.15,1.04,NORMAL,-18.3,18.3
776529,2025-08-30,CWS,NYY,Rate Field,8,101.65,360.88,-2.99,-3.24,7.93,-0.41,NORMAL,-15.9,15.9
776530,2025-08-30,MIN,SD,Target Field,10,102.7,366.8,-0.8,-7.22,7.09,-1.02,NORMAL,-14.2,14.2
776531,2025-08-30,HOU,LAA,Daikin Park,6,101.48,354.83,-0.03,-1.82,9.15,-0.2,NORMAL,-18.3,18.3
776532,2025-08-30,PHI,ATL,Citizens Bank Park,6,99.77,308.67,5.49,0.12,9.15,0.01,NORMAL,-18.3,18.3
776533,2025-08-29,SF,BAL,Oracle Park,10,101.59,337.2,-11.66,-13.11,7.09,-1.85,NORMAL,-14.2,14.2
776534,2025-08-29,LAD,AZ,Dodger Stadium,5,101.9,365.6,12.32,9.03,10.03,0.9,NORMAL,-20.1,20.1
776535,2025-08-30,NYM,MIA,Citi Field,12,102.82,319.08,-9.63,-8.51,6.47,-1.31,NORMAL,-12.9,12.9
776537,2025-08-30,CLE,SEA,Progressive Field,7,102.56,348.57,-3.35,-5.07,8.48,-0.6,NORMAL,-17.0,17.0
776539,2025-08-30,BOS,PIT,Fenway Park,8,106.51,354.25,-2.11,-4.26,7.93,-0.54,NORMAL,-15.9,15.9
776540,2025-08-29,KC,DET,Kauffman Stadium,14,102.26,350.29,4.48,-7.54,5.99,-1.26,NORMAL,-12.0,12.0
776541,2025-08-29,MIN,SD,Target Field,7,102.31,337.29,1.07,-5.35,8.48,-0.63,NORMAL,-17.0,17.0
776542,2025-08-29,COL,CHC,Coors Field,13,102.15,398.85,31.31,11.04,6.22,1.77,NORMAL,-12.4,12.4
776543,2025-08-29,HOU,LAA,Daikin Park,7,100.74,380.0,4.61,2.82,8.48,0.33,NORMAL,-17.0,17.0
776544,2025-08-29,CWS,NYY,Rate Field,6,102.92,368.5,-3.11,-3.36,9.15,-0.37,NORMAL,-18.3,18.3
776545,2025-08-29,WSH,TB,Nationals Park,7,105.29,363.71,-3.18,-8.05,8.48,-0.95,NORMAL,-17.0,17.0
776547,2025-08-29,CLE,SEA,Progressive Field,9,102.12,334.67,-7.26,-8.97,7.47,-1.2,NORMAL,-14.9,14.9
776548,2025-08-29,NYM,MIA,Citi Field,13,102.37,357.46,-3.21,-2.09,6.22,-0.34,NORMAL,-12.4,12.4
776549,2025-08-29,BOS,PIT,Fenway Park,5,101.94,364.2,13.9,11.75,10.03,1.17,NORMAL,-20.1,20.1
776550,2025-08-28,SF,CHC,Oracle Park,8,105.58,373.75,13.16,11.71,7.93,1.48,NORMAL,-15.9,15.9
776551,2025-08-29,CIN,STL,Great American Ball Park,10,102.94,364.9,1.38,-4.87,7.09,-0.69,NORMAL,-14.2,14.2
776552,2025-08-29,PHI,ATL,Citizens Bank Park,6,100.07,331.17,-10.38,-15.74,9.15,-1.72,NORMAL,-18.3,18.3
776553,2025-08-28,MIL,AZ,American Family Field,8,100.05,350.5,-6.84,-15.57,7.93,-1.96,NORMAL,-15.9,15.9
776554,2025-08-28,STL,PIT,Busch Stadium,8,102.11,373.0,11.66,7.34,7.93,0.93,NORMAL,-15.9,15.9
776555,2025-08-28,HOU,COL,Daikin Park,6,102.65,352.83,8.5,6.71,9.15,0.73,NORMAL,-18.3,18.3
776556,2025-08-28,CWS,NYY,Rate Field,11,102.6,347.45,1.07,0.81,6.76,0.12,NORMAL,-13.5,13.5
776557,2025-08-27,SF,CHC,Oracle Park,12,102.12,367.08,1.1,-0.35,6.47,-0.05,NORMAL,-12.9,12.9
776558,2025-08-28,NYM,MIA,Citi Field,7,101.53,331.71,11.48,12.61,8.48,1.49,NORMAL,-17.0,17.0
776559,2025-08-27,ATH,DET,Sutter Health Park,6,102.58,346.33,1.72,-9.51,9.15,-1.04,NORMAL,-18.3,18.3
776560,2025-08-28,PHI,ATL,Citizens Bank Park,14,103.54,382.07,16.39,11.03,5.99,1.84,NORMAL,-12.0,12.0
776561,2025-08-27,SEA,SD,T-Mobile Park,11,99.24,344.64,3.68,0.74,6.76,0.11,NORMAL,-13.5,13.5
776562,2025-08-27,LAD,CIN,Dodger Stadium,6,101.68,367.17,4.14,0.86,9.15,0.09,NORMAL,-18.3,18.3
776563,2025-08-27,TEX,LAA,Globe Life Field,13,101.95,354.92,3.36,-0.23,6.22,-0.04,NORMAL,-12.4,12.4
776564,2025-08-28,BAL,BOS,Oriole Park at Camden Yards,7,102.4,340.29,-3.63,-8.89,8.48,-1.05,NORMAL,-17.0,17.0
776565,2025-08-27,MIA,ATL,loanDepot park,8,103.18,359.62,-0.87,-6.21,7.93,-0.78,NORMAL,-15.9,15.9
776566,2025-08-27,NYM,PHI,Citi Field,9,100.26,362.33,6.83,7.96,7.47,1.06,NORMAL,-14.9,14.9
776567,2025-08-27,TOR,MIN,Rogers Centre,13,103.66,376.23,9.4,5.44,6.22,0.87,NORMAL,-12.4,12.4
776568,2025-08-27,STL,PIT,Busch Stadium,5,98.0,344.8,8.96,4.65,10.03,0.46,NORMAL,-20.1,20.1
776569,2025-08-27,CWS,KC,Rate Field,6,101.75,366.83,1.14,0.89,9.15,0.1,NORMAL,-18.3,18.3
776570,2025-08-27,NYY,WSH,Yankee Stadium,9,102.04,378.78,11.34,10.9,7.47,1.46,NORMAL,-14.9,14.9
776572,2025-08-27,MIL,AZ,American Family Field,12,100.27,343.33,10.51,1.77,6.47,0.27,NORMAL,-12.9,12.9
776573,2025-08-26,ATH,DET,Sutter Health Park,8,100.71,365.88,7.97,-3.26,7.93,-0.41,NORMAL,-15.9,15.9
776575,2025-08-26,TEX,LAA,Globe Life Field,11,101.32,377.36,2.4,-1.19,6.76,-0.18,NORMAL,-13.5,13.5
776576,2025-08-26,SF,CHC,Oracle Park,10,99.22,353.8,2.78,1.33,7.09,0.19,NORMAL,-14.2,14.2
776577,2025-08-26,SEA,SD,T-Mobile Park,8,100.0,365.38,4.22,1.29,7.93,0.16,NORMAL,-15.9,15.9
776578,2025-08-26,STL,PIT,Busch Stadium,8,103.58,347.5,-4.85,-9.17,7.93,-1.16,NORMAL,-15.9,15.9
776579,2025-08-27,BAL,BOS,Oriole Park at Camden Yards,9,101.21,361.0,1.83,-3.43,7.47,-0.46,NORMAL,-14.9,14.9
776580,2025-08-27,CLE,TB,Progressive Field,6,102.87,365.5,3.32,1.6,9.15,0.18,NORMAL,-18.3,18.3
776581,2025-08-26,MIA,ATL,loanDepot park,8,101.92,350.62,17.29,11.95,7.93,1.51,NORMAL,-15.9,15.9
776582,2025-08-26,TOR,MIN,Rogers Centre,7,104.06,383.71,10.65,6.69,8.48,0.79,NORMAL,-17.0,17.0
776583,2025-08-26,CWS,KC,Rate Field,6,101.7,343.5,18.48,18.23,9.15,1.99,NORMAL,-18.3,18.3
776586,2025-08-26,MIL,AZ,American Family Field,12,100.82,364.58,7.23,-1.5,6.47,-0.23,NORMAL,-12.9,12.9
776587,2025-08-26,HOU,COL,Daikin Park,7,104.31,353.14,8.76,6.97,8.48,0.82,NORMAL,-17.0,17.0
776588,2025-08-26,NYY,WSH,Yankee Stadium,6,106.83,384.5,4.07,3.62,9.15,0.4,NORMAL,-18.3,18.3
776589,2025-08-25,STL,PIT,Busch Stadium,7,103.96,357.29,0.94,-3.37,8.48,-0.4,NORMAL,-17.0,17.0
776590,2025-08-25,ATH,DET,Sutter Health Park,6,105.5,344.67,1.87,-9.35,9.15,-1.02,NORMAL,-18.3,18.3
776591,2025-08-26,BAL,BOS,Oriole Park at Camden Yards,7,99.11,356.57,5.39,0.13,8.48,0.01,NORMAL,-17.0,17.0
776592,2025-08-25,TEX,LAA,Globe Life Field,5,101.08,343.6,-11.1,-14.69,10.03,-1.46,NORMAL,-20.1,20.1
776593,2025-08-25,MIL,AZ,American Family Field,6,101.65,360.5,17.36,8.63,9.15,0.94,NORMAL,-18.3,18.3
776594,2025-08-25,LAD,CIN,Dodger Stadium,13,99.4,359.85,17.46,14.18,6.22,2.28,JUICED,-12.4,12.4
776595,2025-08-25,SEA,SD,T-Mobile Park,8,104.45,355.75,5.62,2.68,7.93,0.34,NORMAL,-15.9,15.9
776596,2025-08-25,TOR,MIN,Rogers Centre,7,103.5,378.29,20.94,16.98,8.48,2.0,JUICED,-17.0,17.0
776597,2025-08-25,NYY,WSH,Yankee Stadium,8,100.76,364.62,17.62,17.18,7.93,2.17,JUICED,-15.9,15.9
776598,2025-08-25,NYM,PHI,Citi Field,9,100.1,339.11,-3.19,-2.07,7.47,-0.28,NORMAL,-14.9,14.9
776599,2025-08-25,CWS,KC,Rate Field,10,99.04,349.2,23.49,23.24,7.09,3.28,JUICED,-14.2,14.2
776600,2025-08-25,MIA,ATL,loanDepot park,8,100.26,337.12,7.3,1.96,7.93,0.25,NORMAL,-15.9,15.9
776601,2025-08-25,CLE,TB,Progressive Field,5,102.54,388.0,13.79,12.08,10.03,1.2,NORMAL,-20.1,20.1
776602,2025-08-24,SEA,ATH,T-Mobile Park,9,103.03,345.44,7.76,4.82,7.47,0.64,NORMAL,-14.9,14.9
776603,2025-08-24,SD,LAD,Petco Park,10,104.45,357.7,-10.14,-9.94,7.09,-1.4,NORMAL,-14.2,14.2
776604,2025-08-25,BAL,BOS,Oriole Park at Camden Yards,5,103.5,384.4,19.75,14.49,10.03,1.45,NORMAL,-20.1,20.1
776605,2025-08-24,LAA,CHC,Angel Stadium,5,98.5,331.2,8.58,4.25,10.03,0.42,NORMAL,-20.1,20.1
776606,2025-08-24,TB,STL,George M. Steinbrenner Field,6,102.57,343.83,-2.13,-1.15,9.15,-0.13,NORMAL,-18.3,18.3
776607,2025-08-24,CWS,MIN,Rate Field,5,102.6,365.2,1.42,1.17,10.03,0.12,NORMAL,-20.1,20.1
776608,2025-08-24,MIL,SF,American Family Field,9,102.26,355.56,15.57,6.83,7.47,0.91,NORMAL,-14.9,14.9
776609,2025-08-24,AZ,CIN,Chase Field,5,103.32,362.0,17.46,6.19,10.03,0.62,NORMAL,-20.1,20.1
776610,2025-08-24,PIT,COL,PNC Park,5,100.36,375.2,21.14,15.74,10.03,1.57,NORMAL,-20.1,20.1
776611,2025-08-24,TEX,CLE,Globe Life Field,7,105.23,377.86,6.94,3.35,8.48,0.39,NORMAL,-17.0,17.0
776612,2025-08-24,BAL,HOU,Oriole Park at Camden Yards,6,100.35,337.33,2.2,-3.06,9.15,-0.33,NORMAL,-18.3,18.3
776613,2025-08-24,PHI,WSH,Citizens Bank Park,5,102.44,332.4,1.13,-4.23,10.03,-0.42,NORMAL,-20.1,20.1
776614,2025-08-24,MIA,TOR,loanDepot park,8,100.48,359.12,24.49,19.15,7.93,2.42,JUICED,-15.9,15.9
776615,2025-08-24,DET,KC,Comerica Park,13,102.97,356.77,16.62,13.84,6.22,2.23,JUICED,-12.4,12.4
776616,2025-08-24,NYY,BOS,Yankee Stadium,8,102.85,358.88,-7.97,-8.41,7.93,-1.06,NORMAL,-15.9,15.9
776617,2025-08-23,SD,LAD,Petco Park,7,98.74,316.57,2.43,2.62,8.48,0.31,NORMAL,-17.0,17.0
776618,2025-08-23,LAA,CHC,Angel Stadium,11,103.47,350.73,3.65,-0.69,6.76,-0.1,NORMAL,-13.5,13.5
776620,2025-08-23,SEA,ATH,T-Mobile Park,8,101.06,351.88,16.85,13.91,7.93,1.75,NORMAL,-15.9,15.9
776622,2025-08-23,AZ,CIN,Chase Field,10,101.5,366.0,16.79,5.51,7.09,0.78,NORMAL,-14.2,14.2
776623,2025-08-23,TEX,CLE,Globe Life Field,5,101.24,366.4,11.87,8.27,10.03,0.83,NORMAL,-20.1,20.1
776624,2025-08-24,ATL,NYM,Truist Park,5,100.98,352.8,6.79,-3.99,10.03,-0.4,NORMAL,-20.1,20.1
776625,2025-08-23,DET,KC,Comerica Park,8,102.05,327.5,2.57,-0.21,7.93,-0.03,NORMAL,-15.9,15.9
776626,2025-08-23,ATL,NYM,Truist Park,9,103.01,398.89,16.53,5.75,7.47,0.77,NORMAL,-14.9,14.9
776627,2025-08-23,NYY,BOS,Yankee Stadium,7,102.57,378.29,10.73,10.28,8.48,1.21,NORMAL,-17.0,17.0
776628,2025-08-23,PHI,WSH,Citizens Bank Park,8,103.45,358.38,12.29,6.92,7.93,0.87,NORMAL,-15.9,15.9
776629,2025-08-23,BAL,HOU,Oriole Park at Camden Yards,11,105.46,373.64,9.2,3.94,6.76,0.58,NORMAL,-13.5,13.5
776630,2025-08-23,MIA,TOR,loanDepot park,9,104.34,362.78,8.57,3.23,7.47,0.43,NORMAL,-14.9,14.9
776631,2025-08-21,TB,STL,George M. Steinbrenner Field,8,100.4,370.12,6.48,7.46,7.93,0.94,NORMAL,-15.9,15.9
776632,2025-08-23,PIT,COL,PNC Park,9,101.82,380.44,25.24,19.84,7.47,2.65,JUICED,-14.9,14.9
776633,2025-08-22,TB,STL,George M. Steinbrenner Field,12,103.42,371.08,-0.84,0.14,6.47,0.02,NORMAL,-12.9,12.9
776634,2025-08-22,MIL,SF,American Family Field,5,102.52,386.8,18.54,9.81,10.03,0.98,NORMAL,-20.1,20.1
776635,2025-08-22,AZ,CIN,Chase Field,8,103.2,355.5,13.42,2.14,7.93,0.27,NORMAL,-15.9,15.9
776636,2025-08-22,SD,LAD,Petco Park,5,105.56,344.4,-24.22,-24.03,10.03,-2.4,DEAD,-20.1,20.1
776637,2025-08-22,PIT,COL,PNC Park,11,103.61,374.27,22.71,17.31,6.76,2.56,JUICED,-13.5,13.5
776638,2025-08-22,SEA,ATH,T-Mobile Park,11,101.28,358.45,8.43,5.49,6.76,0.81,NORMAL,-13.5,13.5
776639,2025-08-22,CWS,MIN,Rate Field,5,101.14,356.0,6.18,5.93,10.03,0.59,NORMAL,-20.1,20.1
776640,2025-08-22,LAA,CHC,Angel Stadium,7,102.87,365.71,5.24,0.91,8.48,0.11,NORMAL,-17.0,17.0
776641,2025-08-22,TEX,CLE,Globe Life Field,6,102.2,366.17,5.48,1.89,9.15,0.21,NORMAL,-18.3,18.3
776643,2025-08-22,BAL,HOU,Oriole Park at Camden Yards,10,102.38,367.3,24.19,18.93,7.09,2.67,JUICED,-14.2,14.2
776644,2025-08-21,COL,LAD,Coors Field,10,101.89,381.2,27.57,7.3,7.09,1.03,NORMAL,-14.2,14.2
776645,2025-08-22,ATL,NYM,Truist Park,13,102.18,344.54,7.91,-2.87,6.22,-0.46,NORMAL,-12.4,12.4
776646,2025-08-22,MIA,TOR,loanDepot park,8,103.38,378.12,8.82,3.48,7.93,0.44,NORMAL,-15.9,15.9
776648,2025-08-22,PHI,WSH,Citizens Bank Park,6,102.48,341.17,6.83,1.46,9.15,0.16,NORMAL,-18.3,18.3
776649,2025-08-22,DET,KC,Comerica Park,11,102.67,368.55,10.17,7.4,6.76,1.09,NORMAL,-13.5,13.5
776650,2025-08-21,WSH,NYM,Nationals Park,11,103.85,364.27,-2.42,-7.3,6.76,-1.08,NORMAL,-13.5,13.5
776651,2025-08-21,CHC,MIL,Wrigley Field,7,100.61,342.86,4.47,3.84,8.48,0.45,NORMAL,-17.0,17.0
776652,2025-08-20,LAA,CIN,Angel Stadium,7,103.39,318.43,-1.98,-6.32,8.48,-0.75,NORMAL,-17.0,17.0
776653,2025-08-21,MIN,ATH,Target Field,18,101.46,349.44,6.02,-0.4,5.29,-0.08,NORMAL,-10.6,10.6
776655,2025-08-21,BAL,HOU,Oriole Park at Camden Yards,6,102.9,370.67,11.93,6.67,9.15,0.73,NORMAL,-18.3,18.3
776656,2025-08-20,SD,SF,Petco Park,6,103.4,368.83,10.41,10.61,9.15,1.16,NORMAL,-18.3,18.3
776657,2025-08-21,KC,TEX,Kauffman Stadium,8,102.44,362.75,8.04,-3.97,7.93,-0.5,NORMAL,-15.9,15.9
776659,2025-08-20,WSH,NYM,Nationals Park,5,108.12,366.8,10.06,5.18,10.03,0.52,NORMAL,-20.1,20.1
776660,2025-08-20,COL,LAD,Coors Field,6,99.52,361.67,25.04,4.77,9.15,0.52,NORMAL,-18.3,18.3
776662,2025-08-20,PHI,SEA,Citizens Bank Park,9,102.68,349.0,2.89,-2.47,7.47,-0.33,NORMAL,-14.9,14.9
776663,2025-08-20,CHC,MIL,Wrigley Field,9,100.79,337.33,0.9,0.27,7.47,0.04,NORMAL,-14.9,14.9
776664,2025-08-20,TB,NYY,George M. Steinbrenner Field,5,104.92,393.8,16.85,17.83,10.03,1.78,NORMAL,-20.1,20.1
776665,2025-08-20,MIN,ATH,Target Field,12,101.51,332.25,3.81,-2.61,6.47,-0.4,NORMAL,-12.9,12.9
776666,2025-08-20,KC,TEX,Kauffman Stadium,6,100.6,376.33,7.21,-4.8,9.15,-0.52,NORMAL,-18.3,18.3
776667,2025-08-19,SD,SF,Petco Park,5,99.28,336.0,-2.33,-2.13,10.03,-0.21,NORMAL,-20.1,20.1
776668,2025-08-19,LAA,CIN,Angel Stadium,5,105.28,372.2,17.67,13.33,10.03,1.33,NORMAL,-20.1,20.1
776670,2025-08-20,MIA,STL,loanDepot park,9,102.99,353.67,16.1,10.76,7.47,1.44,NORMAL,-14.9,14.9
776671,2025-08-19,COL,LAD,Coors Field,14,103.51,368.79,22.37,2.1,5.99,0.35,NORMAL,-12.0,12.0
776672,2025-08-19,AZ,CLE,Chase Field,8,103.29,374.12,10.06,-1.21,7.93,-0.15,NORMAL,-15.9,15.9
776673,2025-08-20,DET,HOU,Comerica Park,7,103.11,353.0,3.7,0.92,8.48,0.11,NORMAL,-17.0,17.0
776674,2025-08-19,MIN,ATH,Target Field,8,100.22,341.38,15.09,8.67,7.93,1.09,NORMAL,-15.9,15.9
776675,2025-08-19,KC,TEX,Kauffman Stadium,10,103.84,389.5,19.79,7.78,7.09,1.1,NORMAL,-14.2,14.2
776677,2025-08-19,TB,NYY,George M. Steinbrenner Field,12,104.27,363.58,-2.74,-1.76,6.47,-0.27,NORMAL,-12.9,12.9
776678,2025-08-19,WSH,NYM,Nationals Park,11,103.26,367.18,3.37,-1.51,6.76,-0.22,NORMAL,-13.5,13.5
776679,2025-08-19,PIT,TOR,PNC Park,7,101.39,378.71,11.47,6.07,8.48,0.72,NORMAL,-17.0,17.0
776680,2025-08-19,PHI,SEA,Citizens Bank Park,10,104.47,376.4,2.25,-3.12,7.09,-0.44,NORMAL,-14.2,14.2
776682,2025-08-18,AZ,CLE,Chase Field,8,101.94,349.88,5.29,-5.98,7.93,-0.75,NORMAL,-15.9,15.9
776683,2025-08-18,SD,SF,Petco Park,9,100.31,363.44,5.31,5.5,7.47,0.74,NORMAL,-14.9,14.9
776684,2025-08-19,BOS,BAL,Fenway Park,7,100.27,351.43,-2.86,-5.01,8.48,-0.59,NORMAL,-17.0,17.0
776686,2025-08-19,MIA,STL,loanDepot park,9,100.49,364.67,1.06,-4.28,7.47,-0.57,NORMAL,-14.9,14.9
776687,2025-08-19,ATL,CWS,Truist Park,8,101.52,374.38,29.57,18.79,7.93,2.37,JUICED,-15.9,15.9
776688,2025-08-18,MIA,STL,loanDepot park,8,101.16,335.75,-4.68,-10.02,7.93,-1.26,NORMAL,-15.9,15.9
776689,2025-08-18,PHI,SEA,Citizens Bank Park,8,104.1,374.12,-2.15,-7.51,7.93,-0.95,NORMAL,-15.9,15.9
776690,2025-08-18,KC,TEX,Kauffman Stadium,7,100.3,366.43,26.54,14.52,8.48,1.71,NORMAL,-17.0,17.0
776691,2025-08-19,CHC,MIL,Wrigley Field,11,101.85,367.36,13.65,13.03,6.76,1.93,NORMAL,-13.5,13.5
776692,2025-08-18,DET,HOU,Comerica Park,11,101.18,347.09,9.78,7.0,6.76,1.04,NORMAL,-13.5,13.5
776694,2025-08-18,PIT,TOR,PNC Park,6,101.62,328.33,5.13,-0.27,9.15,-0.03,NORMAL,-18.3,18.3
776695,2025-08-18,BOS,BAL,Fenway Park,10,101.87,360.6,4.5,2.35,7.09,0.33,NORMAL,-14.2,14.2
776696,2025-08-18,ATL,CWS,Truist Park,8,102.49,371.25,11.85,1.07,7.93,0.14,NORMAL,-15.9,15.9
776697,2025-08-17,LAD,SD,Dodger Stadium,9,100.52,364.67,8.73,5.44,7.47,0.73,NORMAL,-14.9,14.9
776698,2025-08-17,STL,NYY,Busch Stadium,7,102.8,376.71,3.94,-0.37,8.48,-0.04,NORMAL,-17.0,17.0
776699,2025-08-17,ATH,LAA,Sutter Health Park,11,103.71,377.82,24.7,13.47,6.76,1.99,NORMAL,-13.5,13.5
776700,2025-08-17,MIN,DET,Target Field,6,102.25,332.33,10.98,4.56,9.15,0.5,NORMAL,-18.3,18.3
776701,2025-08-17,COL,AZ,Coors Field,6,100.78,364.0,27.01,6.73,9.15,0.74,NORMAL,-18.3,18.3
776702,2025-08-17,KC,CWS,Kauffman Stadium,12,101.98,367.67,11.47,-0.55,6.47,-0.09,NORMAL,-12.9,12.9
776703,2025-08-17,SF,TB,Oracle Park,6,102.08,334.83,-7.47,-8.92,9.15,-0.97,NORMAL,-18.3,18.3
776704,2025-08-17,CHC,PIT,Wrigley Field,6,103.52,372.5,-4.47,-5.1,9.15,-0.56,NORMAL,-18.3,18.3
776707,2025-08-17,NYM,SEA,Journey Bank Ballpark,9,101.41,346.78,1.03,2.15,7.47,0.29,NORMAL,-14.9,14.9
776708,2025-08-17,WSH,PHI,Nationals Park,12,101.97,331.67,8.88,4.0,6.47,0.62,NORMAL,-12.9,12.9
776709,2025-08-17,CIN,MIL,Great American Ball Park,7,99.63,368.14,13.63,7.38,8.48,0.87,NORMAL,-17.0,17.0
776710,2025-08-17,TOR,TEX,Rogers Centre,13,102.09,373.69,6.85,2.89,6.22,0.46,NORMAL,-12.4,12.4
776712,2025-08-16,KC,CWS,Kauffman Stadium,7,102.41,372.71,17.06,5.04,8.48,0.59,NORMAL,-17.0,17.0
776713,2025-08-16,STL,NYY,Busch Stadium,12,103.41,373.58,17.42,13.11,6.47,2.03,JUICED,-12.9,12.9
776714,2025-08-17,BOS,MIA,Fenway Park,8,100.48,356.88,17.3,15.15,7.93,1.91,NORMAL,-15.9,15.9
776715,2025-08-16,COL,AZ,Coors Field,11,100.12,363.18,22.12,1.84,6.76,0.27,NORMAL,-13.5,13.5
776716,2025-08-16,MIN,DET,Target Field,7,102.16,319.86,-10.51,-16.93,8.48,-2.0,NORMAL,-17.0,17.0
776719,2025-08-16,CHC,PIT,Wrigley Field,5,101.52,365.4,4.4,3.77,10.03,0.38,NORMAL,-20.1,20.1
776720,2025-08-16,CLE,ATL,Progressive Field,8,101.31,347.5,-2.3,-4.01,7.93,-0.51,NORMAL,-15.9,15.9
776721,2025-08-16,CIN,MIL,Great American Ball Park,9,101.43,364.67,15.4,9.15,7.47,1.22,NORMAL,-14.9,14.9
776722,2025-08-16,HOU,BAL,Daikin Park,6,100.83,356.17,-14.44,-16.23,9.15,-1.77,NORMAL,-18.3,18.3
776723,2025-08-16,TOR,TEX,Rogers Centre,12,102.18,334.08,-7.6,-11.56,6.47,-1.79,NORMAL,-12.9,12.9
776724,2025-08-16,BOS,MIA,Fenway Park,11,101.87,364.64,8.41,6.26,6.76,0.93,NORMAL,-13.5,13.5
776725,2025-08-16,WSH,PHI,Nationals Park,11,101.01,337.18,6.54,1.66,6.76,0.25,NORMAL,-13.5,13.5
776726,2025-08-16,NYM,SEA,Citi Field,6,101.52,305.33,-21.72,-20.6,9.15,-2.25,DEAD,-18.3,18.3
776728,2025-08-15,KC,CWS,Kauffman Stadium,5,103.68,361.8,-1.53,-13.55,10.03,-1.35,NORMAL,-20.1,20.1
776729,2025-08-15,SF,TB,Oracle Park,6,101.78,366.0,12.59,11.14,9.15,1.22,NORMAL,-18.3,18.3
776730,2025-08-15,COL,AZ,Coors Field,7,101.2,373.43,27.88,7.61,8.48,0.9,NORMAL,-17.0,17.0
776731,2025-08-15,STL,NYY,Busch Stadium,5,103.38,326.4,4.61,0.3,10.03,0.03,NORMAL,-20.1,20.1
776732,2025-08-15,MIN,DET,Target Field,6,102.12,323.5,3.18,-3.24,9.15,-0.35,NORMAL,-18.3,18.3
776733,2025-08-15,HOU,BAL,Daikin Park,6,100.58,349.33,0.53,-1.26,9.15,-0.14,NORMAL,-18.3,18.3
776734,2025-08-15,ATH,LAA,Sutter Health Park,10,103.08,353.3,5.02,-6.2,7.09,-0.87,NORMAL,-14.2,14.2
776735,2025-08-15,TOR,TEX,Rogers Centre,9,101.89,344.78,11.21,7.25,7.47,0.97,NORMAL,-14.9,14.9
776736,2025-08-15,NYM,SEA,Citi Field,14,100.89,354.86,-3.25,-2.13,5.99,-0.36,NORMAL,-12.0,12.0
776738,2025-08-15,CLE,ATL,Progressive Field,5,101.7,354.6,5.17,3.45,10.03,0.34,NORMAL,-20.1,20.1
776739,2025-08-15,WSH,PHI,Nationals Park,11,101.76,369.18,12.19,7.31,6.76,1.08,NORMAL,-13.5,13.5
776740,2025-08-15,CIN,MIL,Great American Ball Park,5,100.7,364.4,14.54,8.28,10.03,0.83,NORMAL,-20.1,20.1
776741,2025-08-15,BOS,MIA,Fenway Park,7,101.59,341.29,19.09,16.94,8.48,2.0,NORMAL,-17.0,17.0
776744,2025-08-14,MIN,DET,Target Field,7,103.06,373.14,7.92,1.5,8.48,0.18,NORMAL,-17.0,17.0
776745,2025-08-14,CLE,MIA,Progressive Field,5,98.02,339.8,-6.1,-7.81,10.03,-0.78,NORMAL,-20.1,20.1
776746,2025-08-13,TEX,AZ,Globe Life Field,7,104.16,365.57,7.28,3.69,8.48,0.43,NORMAL,-17.0,17.0
776747,2025-08-14,TOR,CHC,Rogers Centre,7,101.67,380.29,10.11,6.15,8.48,0.73,NORMAL,-17.0,17.0
776748,2025-08-14,NYM,ATL,Citi Field,7,101.14,343.57,9.64,10.76,8.48,1.27,NORMAL,-17.0,17.0
776749,2025-08-13,SF,SD,Oracle Park,8,101.99,334.0,-8.66,-10.11,7.93,-1.28,NORMAL,-15.9,15.9
776750,2025-08-14,BAL,SEA,Oriole Park at Camden Yards,8,100.72,341.88,2.35,-2.92,7.93,-0.37,NORMAL,-15.9,15.9
776751,2025-08-13,ATH,TB,Sutter Health Park,6,101.55,370.17,17.66,6.44,9.15,0.7,NORMAL,-18.3,18.3
776752,2025-08-13,LAA,LAD,Angel Stadium,8,101.76,334.75,-7.72,-12.05,7.93,-1.52,NORMAL,-15.9,15.9
776753,2025-08-13,HOU,BOS,Daikin Park,6,102.58,368.0,7.03,5.24,9.15,0.57,NORMAL,-18.3,18.3
776755,2025-08-13,MIL,PIT,American Family Field,6,102.78,374.67,15.06,6.33,9.15,0.69,NORMAL,-18.3,18.3
776756,2025-08-13,NYM,ATL,Citi Field,11,101.78,319.82,-4.6,-3.48,6.76,-0.51,NORMAL,-13.5,13.5
776757,2025-08-13,TOR,CHC,Rogers Centre,7,100.4,334.71,-5.3,-9.26,8.48,-1.09,NORMAL,-17.0,17.0
776758,2025-08-13,STL,COL,Busch Stadium,12,102.91,365.17,18.28,13.97,6.47,2.16,JUICED,-12.9,12.9
776759,2025-08-13,KC,WSH,Kauffman Stadium,12,100.45,347.33,9.69,-2.33,6.47,-0.36,NORMAL,-12.9,12.9
776760,2025-08-13,NYY,MIN,Yankee Stadium,8,101.84,346.12,-0.09,-0.54,7.93,-0.07,NORMAL,-15.9,15.9
776761,2025-08-13,BAL,SEA,Oriole Park at Camden Yards,9,101.08,355.0,12.08,6.82,7.47,0.91,NORMAL,-14.9,14.9
776763,2025-08-12,LAA,LAD,Angel Stadium,6,104.25,373.67,-1.13,-5.46,9.15,-0.6,NORMAL,-18.3,18.3
776764,2025-08-12,TEX,AZ,Globe Life Field,10,103.27,378.9,10.77,7.17,7.09,1.01,NORMAL,-14.2,14.2
776765,2025-08-13,CIN,PHI,Great American Ball Park,5,96.6,355.6,-4.12,-10.37,10.03,-1.03,NORMAL,-20.1,20.1
776766,2025-08-13,CLE,MIA,Progressive Field,13,101.12,356.54,7.08,5.37,6.22,0.86,NORMAL,-12.4,12.4
776767,2025-08-12,SF,SD,Oracle Park,11,101.85,348.91,1.38,-0.07,6.76,-0.01,NORMAL,-13.5,13.5
776768,2025-08-12,TOR,CHC,Rogers Centre,8,99.44,358.75,-3.33,-7.29,7.93,-0.92,NORMAL,-15.9,15.9
776769,2025-08-12,HOU,BOS,Daikin Park,12,101.36,357.75,4.06,2.27,6.47,0.35,NORMAL,-12.9,12.9
776770,2025-08-12,KC,WSH,Kauffman Stadium,9,101.14,372.56,11.46,-0.56,7.47,-0.07,NORMAL,-14.9,14.9
776771,2025-08-12,MIL,PIT,American Family Field,12,102.12,373.75,21.68,12.94,6.47,2.0,NORMAL,-12.9,12.9
776772,2025-08-12,NYM,ATL,Citi Field,14,103.52,363.5,3.26,4.38,5.99,0.73,NORMAL,-12.0,12.0
776773,2025-08-12,CWS,DET,Rate Field,12,102.41,366.25,3.58,3.33,6.47,0.51,NORMAL,-12.9,12.9
776774,2025-08-12,NYY,MIN,Yankee Stadium,9,103.2,367.22,-0.29,-0.73,7.47,-0.1,NORMAL,-14.9,14.9
776775,2025-08-12,STL,COL,Busch Stadium,7,101.06,355.14,2.93,-1.39,8.48,-0.16,NORMAL,-17.0,17.0
776776,2025-08-12,BAL,SEA,Oriole Park at Camden Yards,5,100.8,319.0,-7.7,-12.96,10.03,-1.29,NORMAL,-20.1,20.1
776777,2025-08-12,CIN,PHI,Great American Ball Park,5,100.92,359.6,14.38,8.13,10.03,0.81,NORMAL,-20.1,20.1
776778,2025-08-12,CLE,MIA,Progressive Field,11,100.23,361.18,1.12,-0.59,6.76,-0.09,NORMAL,-13.5,13.5
776779,2025-08-11,LAA,LAD,Angel Stadium,9,99.49,334.67,-4.17,-8.5,7.47,-1.14,NORMAL,-14.9,14.9
776782,2025-08-11,HOU,BOS,Daikin Park,9,101.17,362.56,3.44,1.65,7.47,0.22,NORMAL,-14.9,14.9
776784,2025-08-11,KC,WSH,Kauffman Stadium,8,101.08,375.0,29.69,17.67,7.93,2.23,JUICED,-15.9,15.9
776785,2025-08-11,TEX,AZ,Globe Life Field,16,101.76,359.06,3.34,-0.25,5.61,-0.04,NORMAL,-11.2,11.2
776786,2025-08-11,MIL,PIT,American Family Field,10,102.29,363.9,11.19,2.45,7.09,0.35,NORMAL,-14.2,14.2
776787,2025-08-11,ATH,TB,Sutter Health Park,12,102.53,357.33,6.38,-4.85,6.47,-0.75,NORMAL,-12.9,12.9
776788,2025-08-10,LAD,TOR,Dodger Stadium,10,102.0,361.4,13.97,10.69,7.09,1.51,NORMAL,-14.2,14.2
776789,2025-08-10,SD,BOS,Petco Park,5,98.72,323.2,-14.79,-14.59,10.03,-1.46,NORMAL,-20.1,20.1
776790,2025-08-11,NYY,MIN,Yankee Stadium,9,104.01,381.22,1.2,0.76,7.47,0.1,NORMAL,-14.9,14.9
776791,2025-08-10,SEA,TB,T-Mobile Park,6,101.98,356.33,7.21,4.27,9.15,0.47,NORMAL,-18.3,18.3
776793,2025-08-10,SF,WSH,Oracle Park,6,103.93,335.17,-15.01,-16.46,9.15,-1.8,NORMAL,-18.3,18.3
776794,2025-08-10,AZ,COL,Chase Field,12,102.0,339.75,6.87,-4.4,6.47,-0.68,NORMAL,-12.9,12.9
776795,2025-08-10,STL,CHC,Busch Stadium,6,102.62,341.17,-3.7,-8.01,9.15,-0.88,NORMAL,-18.3,18.3
776796,2025-08-10,MIN,KC,Target Field,10,98.94,350.5,5.5,-0.92,7.09,-0.13,NORMAL,-14.2,14.2
776797,2025-08-10,NYY,HOU,Yankee Stadium,11,102.51,368.64,-5.46,-5.91,6.76,-0.87,NORMAL,-13.5,13.5
776798,2025-08-10,CWS,CLE,Rate Field,11,101.31,356.36,-4.84,-5.1,6.76,-0.75,NORMAL,-13.5,13.5
776799,2025-08-10,MIL,NYM,American Family Field,8,100.79,351.75,10.58,1.84,7.93,0.23,NORMAL,-15.9,15.9
776800,2025-08-10,TEX,PHI,Globe Life Field,5,99.1,363.0,17.08,13.49,10.03,1.35,NORMAL,-20.1,20.1
776801,2025-08-10,PIT,CIN,PNC Park,7,103.5,384.14,14.35,8.95,8.48,1.06,NORMAL,-17.0,17.0
776802,2025-08-09,SF,WSH,Oracle Park,12,104.08,368.0,14.63,13.17,6.47,2.04,JUICED,-12.9,12.9
776803,2025-08-10,ATL,MIA,Truist Park,12,100.76,350.83,17.12,6.34,6.47,0.98,NORMAL,-12.9,12.9
776804,2025-08-10,BAL,ATH,Oriole Park at Camden Yards,6,99.88,348.33,3.97,-1.29,9.15,-0.14,NORMAL,-18.3,18.3
776805,2025-08-09,SEA,TB,T-Mobile Park,11,103.63,363.18,2.23,-0.71,6.76,-0.1,NORMAL,-13.5,13.5
776806,2025-08-10,DET,LAA,Comerica Park,6,101.03,363.0,-7.66,-10.44,9.15,-1.14,NORMAL,-18.3,18.3
776807,2025-08-09,SD,BOS,Petco Park,7,101.17,308.71,-4.02,-3.82,8.48,-0.45,NORMAL,-17.0,17.0
776808,2025-08-09,LAD,TOR,Dodger Stadium,9,100.59,347.0,-5.78,-9.06,7.47,-1.21,NORMAL,-14.9,14.9
776809,2025-08-09,AZ,COL,Chase Field,8,102.76,368.5,11.91,0.63,7.93,0.08,NORMAL,-15.9,15.9
776810,2025-08-09,TEX,PHI,Globe Life Field,7,102.23,347.29,6.34,2.75,8.48,0.32,NORMAL,-17.0,17.0
776811,2025-08-09,BAL,ATH,Oriole Park at Camden Yards,12,103.58,347.92,-0.53,-5.79,6.47,-0.89,NORMAL,-12.9,12.9
776812,2025-08-09,PIT,CIN,PNC Park,9,100.08,317.44,4.85,-0.55,7.47,-0.07,NORMAL,-14.9,14.9
776813,2025-08-09,DET,LAA,Comerica Park,7,100.76,345.43,1.15,-1.63,8.48,-0.19,NORMAL,-17.0,17.0
776814,2025-08-09,CWS,CLE,Rate Field,8,100.12,341.88,-12.17,-12.43,7.93,-1.57,NORMAL,-15.9,15.9
776815,2025-08-09,NYY,HOU,Yankee Stadium,7,104.51,339.0,-5.85,-6.29,8.48,-0.74,NORMAL,-17.0,17.0
776817,2025-08-09,MIL,NYM,American Family Field,6,101.85,383.0,22.74,14.0,9.15,1.53,NORMAL,-18.3,18.3
776818,2025-08-09,STL,CHC,Busch Stadium,5,104.24,368.6,7.73,3.42,10.03,0.34,NORMAL,-20.1,20.1
776819,2025-08-09,ATL,MIA,Truist Park,9,102.03,364.33,2.65,-8.13,7.47,-1.09,NORMAL,-14.9,14.9
776820,2025-08-08,SD,BOS,Petco Park,8,101.28,354.5,2.22,2.41,7.93,0.3,NORMAL,-15.9,15.9
776821,2025-08-08,TEX,PHI,Globe Life Field,14,102.1,351.07,8.02,4.42,5.99,0.74,NORMAL,-12.0,12.0
776822,2025-08-08,SF,WSH,Oracle Park,6,102.1,345.5,4.83,3.38,9.15,0.37,NORMAL,-18.3,18.3
776823,2025-08-08,LAD,TOR,Dodger Stadium,5,100.84,322.2,-9.07,-12.36,10.03,-1.23,NORMAL,-20.1,20.1
776824,2025-08-08,SEA,TB,T-Mobile Park,8,100.95,373.62,-9.35,-12.29,7.93,-1.55,NORMAL,-15.9,15.9
776826,2025-08-08,STL,CHC,Busch Stadium,7,101.8,349.86,12.69,8.38,8.48,0.99,NORMAL,-17.0,17.0
776827,2025-08-08,MIN,KC,Target Field,10,102.63,345.3,20.63,14.21,7.09,2.0,JUICED,-14.2,14.2
776829,2025-08-08,PIT,CIN,PNC Park,5,98.04,327.4,-5.38,-10.78,10.03,-1.07,NORMAL,-20.1,20.1
776830,2025-08-07,SEA,CWS,T-Mobile Park,5,100.68,361.0,5.29,2.35,10.03,0.23,NORMAL,-20.1,20.1
776831,2025-08-08,BAL,ATH,Oriole Park at Camden Yards,7,102.34,358.86,5.36,0.1,8.48,0.01,NORMAL,-17.0,17.0
776832,2025-08-08,DET,LAA,Comerica Park,7,106.07,373.0,2.77,-0.0,8.48,-0.0,NORMAL,-17.0,17.0
776835,2025-08-08,NYY,HOU,Yankee Stadium,11,102.02,341.36,-6.7,-7.15,6.76,-1.06,NORMAL,-13.5,13.5
776836,2025-08-06,COL,TOR,Coors Field,14,101.99,381.21,21.38,1.1,5.99,0.18,NORMAL,-12.0,12.0
776837,2025-08-07,WSH,ATH,Nationals Park,10,101.48,344.4,-0.57,-5.45,7.09,-0.77,NORMAL,-14.2,14.2
776838,2025-08-06,AZ,SD,Chase Field,8,103.8,354.38,19.54,8.27,7.93,1.04,NORMAL,-15.9,15.9
776839,2025-08-06,LAD,STL,Dodger Stadium,7,100.37,359.71,7.97,4.69,8.48,0.55,NORMAL,-17.0,17.0
776840,2025-08-07,PIT,CIN,PNC Park,9,102.0,360.56,0.94,-4.46,7.47,-0.6,NORMAL,-14.9,14.9
776841,2025-08-06,SEA,CWS,T-Mobile Park,9,102.82,384.67,19.14,16.2,7.47,2.17,JUICED,-14.9,14.9
776842,2025-08-07,ATL,MIA,Truist Park,10,101.56,373.3,30.72,19.94,7.09,2.81,JUICED,-14.2,14.2
776843,2025-08-06,LAA,TB,Angel Stadium,12,103.35,373.75,14.78,10.45,6.47,1.61,NORMAL,-12.9,12.9
776844,2025-08-06,PIT,SF,PNC Park,7,100.57,349.0,7.97,2.57,8.48,0.3,NORMAL,-17.0,17.0
776845,2025-08-06,TEX,NYY,Globe Life Field,5,105.88,352.8,3.22,-0.38,10.03,-0.04,NORMAL,-20.1,20.1
776846,2025-08-06,NYM,CLE,Citi Field,8,102.54,378.5,11.89,13.01,7.93,1.64,NORMAL,-15.9,15.9
776847,2025-08-06,CHC,CIN,Wrigley Field,6,105.45,356.83,4.3,3.67,9.15,0.4,NORMAL,-18.3,18.3
776849,2025-08-06,MIA,HOU,loanDepot park,11,101.91,355.09,12.86,7.52,6.76,1.11,NORMAL,-13.5,13.5
776850,2025-08-06,WSH,ATH,Nationals Park,5,99.84,361.8,20.53,15.65,10.03,1.56,NORMAL,-20.1,20.1
776852,2025-08-05,AZ,SD,Chase Field,11,101.62,357.45,14.26,2.98,6.76,0.44,NORMAL,-13.5,13.5
776853,2025-08-06,ATL,MIL,Truist Park,10,101.58,355.1,3.92,-6.86,7.09,-0.97,NORMAL,-14.2,14.2
776854,2025-08-05,COL,TOR,Coors Field,14,101.91,386.36,28.31,8.04,5.99,1.34,NORMAL,-12.0,12.0
776855,2025-08-05,TEX,NYY,Globe Life Field,8,99.14,358.5,8.42,4.83,7.93,0.61,NORMAL,-15.9,15.9
776856,2025-08-06,BOS,KC,Fenway Park,7,100.74,326.71,-10.62,-12.77,8.48,-1.51,NORMAL,-17.0,17.0
776857,2025-08-05,SEA,CWS,T-Mobile Park,12,102.99,368.75,-8.38,-11.31,6.47,-1.75,NORMAL,-12.9,12.9
776858,2025-08-05,LAD,STL,Dodger Stadium,13,102.45,366.0,0.71,-2.57,6.22,-0.41,NORMAL,-12.4,12.4
776859,2025-08-06,DET,MIN,Comerica Park,10,102.26,367.2,10.82,8.05,7.09,1.14,NORMAL,-14.2,14.2
776860,2025-08-05,CHC,CIN,Wrigley Field,10,102.27,351.4,2.39,1.76,7.09,0.25,NORMAL,-14.2,14.2
776861,2025-08-05,DET,MIN,Comerica Park,10,104.81,356.6,15.87,13.09,7.09,1.85,NORMAL,-14.2,14.2
776862,2025-08-05,MIA,HOU,loanDepot park,10,102.61,372.9,-1.38,-6.72,7.09,-0.95,NORMAL,-14.2,14.2
776863,2025-08-05,NYM,CLE,Citi Field,5,103.6,337.6,6.87,8.0,10.03,0.8,NORMAL,-20.1,20.1
776864,2025-08-05,BOS,KC,Fenway Park,6,99.98,352.0,-19.13,-21.28,9.15,-2.33,DEAD,-18.3,18.3
776865,2025-08-05,WSH,ATH,Nationals Park,12,103.72,375.17,4.2,-0.68,6.47,-0.11,NORMAL,-12.9,12.9
776866,2025-08-05,PIT,SF,PNC Park,7,103.29,374.29,-4.07,-9.47,8.48,-1.12,NORMAL,-17.0,17.0
776867,2025-08-04,LAA,TB,Angel Stadium,7,102.87,329.86,5.34,1.0,8.48,0.12,NORMAL,-17.0,17.0
776868,2025-08-05,PHI,BAL,Citizens Bank Park,7,101.81,331.14,-2.58,-7.95,8.48,-0.94,NORMAL,-17.0,17.0
776869,2025-08-05,ATL,MIL,Truist Park,5,101.7,372.8,24.21,13.44,10.03,1.34,NORMAL,-20.1,20.1
776870,2025-08-04,LAD,STL,Dodger Stadium,6,102.2,345.0,1.85,-1.43,9.15,-0.16,NORMAL,-18.3,18.3
776871,2025-08-04,TEX,NYY,Globe Life Field,8,105.58,363.12,7.57,3.98,7.93,0.5,NORMAL,-15.9,15.9
776872,2025-08-04,COL,TOR,Coors Field,5,103.1,412.4,35.23,14.95,10.03,1.49,NORMAL,-20.1,20.1
776873,2025-08-04,AZ,SD,Chase Field,6,101.02,343.67,9.97,-1.31,9.15,-0.14,NORMAL,-18.3,18.3
776874,2025-08-04,DET,MIN,Comerica Park,12,104.13,361.25,7.76,4.98,6.47,0.77,NORMAL,-12.9,12.9
776875,2025-08-04,MIA,HOU,loanDepot park,8,101.69,339.12,11.7,6.36,7.93,0.8,NORMAL,-15.9,15.9
776876,2025-08-04,NYM,CLE,Citi Field,8,103.62,356.62,-9.25,-8.13,7.93,-1.03,NORMAL,-15.9,15.9
776877,2025-08-04,PHI,BAL,Citizens Bank Park,9,104.2,396.89,13.45,8.09,7.47,1.08,NORMAL,-14.9,14.9
776880,2025-08-04,BOS,KC,Fenway Park,8,101.66,373.88,14.79,12.64,7.93,1.59,NORMAL,-15.9,15.9
776881,2025-08-03,ATH,AZ,Sutter Health Park,7,100.2,337.86,9.92,-1.31,8.48,-0.15,NORMAL,-17.0,17.0
776882,2025-08-04,ATL,MIL,Truist Park,5,99.16,368.0,-0.08,-10.86,10.03,-1.08,NORMAL,-20.1,20.1
776883,2025-08-03,SEA,TEX,T-Mobile Park,13,103.17,369.54,8.79,5.85,6.22,0.94,NORMAL,-12.4,12.4
776885,2025-08-03,LAA,CWS,Angel Stadium,8,102.29,356.25,2.42,-1.91,7.93,-0.24,NORMAL,-15.9,15.9
776886,2025-08-03,COL,PIT,Coors Field,11,104.58,381.55,24.86,4.58,6.76,0.68,NORMAL,-13.5,13.5
776887,2025-08-03,NYM,SF,Citi Field,11,101.15,354.64,-5.91,-4.79,6.76,-0.71,NORMAL,-13.5,13.5
776888,2025-08-03,CHC,BAL,Wrigley Field,11,102.98,305.91,-14.99,-15.61,6.76,-2.31,DEAD,-13.5,13.5
776889,2025-08-03,TB,LAD,George M. Steinbrenner Field,5,100.98,356.4,19.11,20.09,10.03,2.0,JUICED,-20.1,20.1
776891,2025-08-03,MIA,NYY,loanDepot park,9,104.08,352.78,6.24,0.9,7.47,0.12,NORMAL,-14.9,14.9
776892,2025-08-03,CLE,MIN,Progressive Field,6,103.55,354.33,7.51,5.79,9.15,0.63,NORMAL,-18.3,18.3
776894,2025-08-03,WSH,MIL,Nationals Park,11,99.97,355.36,4.64,-0.24,6.76,-0.04,NORMAL,-13.5,13.5
776895,2025-08-03,BOS,HOU,Fenway Park,5,100.74,352.4,14.27,12.12,10.03,1.21,NORMAL,-20.1,20.1
776896,2025-08-02,SD,STL,Petco Park,7,103.43,367.14,11.44,11.64,8.48,1.37,NORMAL,-17.0,17.0
776897,2025-08-02,SEA,TEX,T-Mobile Park,10,103.62,363.8,8.08,5.15,7.09,0.73,NORMAL,-14.2,14.2
776899,2025-08-02,ATH,AZ,Sutter Health Park,5,100.4,364.8,28.71,17.48,10.03,1.74,NORMAL,-20.1,20.1
776900,2025-08-02,TOR,KC,Rogers Centre,12,99.97,332.42,-1.3,-5.26,6.47,-0.81,NORMAL,-12.9,12.9
776902,2025-08-02,CHC,BAL,Wrigley Field,8,100.7,346.12,-3.83,-4.46,7.93,-0.56,NORMAL,-15.9,15.9
776903,2025-08-02,WSH,MIL,Nationals Park,8,101.31,360.5,17.93,13.05,7.93,1.65,NORMAL,-15.9,15.9
776904,2025-08-02,COL,PIT,Coors Field,9,100.73,363.22,18.03,-2.25,7.47,-0.3,NORMAL,-14.9,14.9
776905,2025-08-02,CLE,MIN,Progressive Field,8,103.35,360.38,-5.68,-7.4,7.93,-0.93,NORMAL,-15.9,15.9
776906,2025-08-01,SD,STL,Petco Park,7,101.34,347.14,-12.21,-12.01,8.48,-1.42,NORMAL,-17.0,17.0
776907,2025-08-02,CIN,ATL,Bristol Motor Speedway,8,103.24,373.0,15.18,8.93,7.93,1.13,NORMAL,-15.9,15.9
776908,2025-08-01,SEA,TEX,T-Mobile Park,10,99.29,351.3,-0.66,-3.6,7.09,-0.51,NORMAL,-14.2,14.2
776909,2025-08-02,BOS,HOU,Fenway Park,9,103.24,364.67,6.08,3.93,7.47,0.53,NORMAL,-14.9,14.9
776910,2025-08-02,MIA,NYY,loanDepot park,8,102.04,371.75,22.84,17.5,7.93,2.21,JUICED,-15.9,15.9
776911,2025-08-02,NYM,SF,Citi Field,9,102.98,368.11,3.64,4.77,7.47,0.64,NORMAL,-14.9,14.9
776912,2025-08-02,PHI,DET,Citizens Bank Park,6,106.98,410.67,25.69,20.33,9.15,2.22,JUICED,-18.3,18.3
776913,2025-08-01,PHI,DET,Citizens Bank Park,5,101.44,352.4,-9.18,-14.55,10.03,-1.45,NORMAL,-20.1,20.1
776915,2025-08-01,CHC,BAL,Wrigley Field,10,101.59,344.1,-7.81,-8.43,7.09,-1.19,NORMAL,-14.2,14.2
776916,2025-08-01,LAA,CWS,Angel Stadium,8,103.19,376.38,15.48,11.14,7.93,1.41,NORMAL,-15.9,15.9
776917,2025-08-01,WSH,MIL,Nationals Park,20,100.48,345.85,11.81,6.93,5.01,1.38,NORMAL,-10.0,10.0
776918,2025-08-01,TB,LAD,George M. Steinbrenner Field,5,101.58,325.2,-11.61,-10.63,10.03,-1.06,NORMAL,-20.1,20.1
776919,2025-08-01,COL,PIT,Coors Field,14,103.66,378.86,22.27,1.99,5.99,0.33,NORMAL,-12.0,12.0
776920,2025-08-01,TOR,KC,Rogers Centre,18,101.84,357.5,0.13,-3.83,5.29,-0.73,NORMAL,-10.6,10.6
776922,2025-08-01,BOS,HOU,Fenway Park,9,101.92,350.0,3.0,0.85,7.47,0.11,NORMAL,-14.9,14.9
776925,2025-08-01,MIA,NYY,loanDepot park,13,103.82,364.77,-0.54,-5.89,6.22,-0.95,NORMAL,-12.4,12.4
776927,2025-07-31,NYY,TB,Yankee Stadium,7,103.21,369.71,4.21,3.77,8.48,0.44,NORMAL,-17.0,17.0
776928,2025-07-31,CIN,ATL,Great American Ball Park,10,101.2,334.7,4.09,-2.17,7.09,-0.31,NORMAL,-14.2,14.2
776929,2025-07-30,MIL,CHC,American Family Field,5,106.32,383.2,10.14,1.41,10.03,0.14,NORMAL,-20.1,20.1
776930,2025-07-30,ATH,SEA,Sutter Health Park,11,101.82,381.27,18.54,7.32,6.76,1.08,NORMAL,-13.5,13.5
776932,2025-07-30,LAA,TEX,Angel Stadium,9,101.12,337.56,-0.32,-4.65,7.47,-0.62,NORMAL,-14.9,14.9
776935,2025-07-30,MIN,BOS,Target Field,11,103.18,370.0,13.4,6.98,6.76,1.03,NORMAL,-13.5,13.5
776937,2025-07-30,HOU,WSH,Daikin Park,8,101.86,350.75,-1.31,-3.1,7.93,-0.39,NORMAL,-15.9,15.9
776938,2025-07-30,NYY,TB,Yankee Stadium,10,100.04,351.9,-1.91,-2.35,7.09,-0.33,NORMAL,-14.2,14.2
776939,2025-07-30,CWS,PHI,Rate Field,14,102.97,347.29,-5.98,-6.23,5.99,-1.04,NORMAL,-12.0,12.0
776940,2025-07-30,DET,AZ,Comerica Park,19,100.55,339.16,1.44,-1.33,5.14,-0.26,NORMAL,-10.3,10.3
776941,2025-07-30,CIN,LAD,Great American Ball Park,6,100.13,368.17,18.03,11.77,9.15,1.29,NORMAL,-18.3,18.3
776942,2025-07-30,CLE,COL,Progressive Field,9,100.48,338.44,9.98,8.27,7.47,1.11,NORMAL,-14.9,14.9
776943,2025-07-29,SF,PIT,Oracle Park,5,100.94,359.4,-1.31,-2.76,10.03,-0.28,NORMAL,-20.1,20.1
776944,2025-07-29,ATH,SEA,Sutter Health Park,6,102.28,372.83,27.98,16.75,9.15,1.83,NORMAL,-18.3,18.3
776946,2025-07-29,STL,MIA,Busch Stadium,9,101.69,334.67,9.27,4.95,7.47,0.66,NORMAL,-14.9,14.9
776948,2025-07-30,BAL,TOR,Oriole Park at Camden Yards,10,101.66,375.9,11.09,5.83,7.09,0.82,NORMAL,-14.2,14.2
776949,2025-07-29,NYY,TB,Yankee Stadium,7,101.87,379.0,24.22,23.78,8.48,2.81,JUICED,-17.0,17.0
776951,2025-07-29,CLE,COL,Progressive Field,13,100.82,373.85,14.38,12.66,6.22,2.04,JUICED,-12.4,12.4
776952,2025-07-29,CWS,PHI,Rate Field,13,101.75,355.85,4.18,3.92,6.22,0.63,NORMAL,-12.4,12.4
776953,2025-07-29,DET,AZ,Comerica Park,10,101.76,322.9,-2.93,-5.71,7.09,-0.81,NORMAL,-14.2,14.2
776954,2025-07-29,MIN,BOS,Target Field,12,101.18,371.17,22.33,15.91,6.47,2.46,JUICED,-12.9,12.9
776955,2025-07-29,KC,ATL,Kauffman Stadium,7,103.33,391.0,22.13,10.11,8.48,1.19,NORMAL,-17.0,17.0
776956,2025-07-29,MIL,CHC,American Family Field,9,102.48,372.44,18.99,10.25,7.47,1.37,NORMAL,-14.9,14.9
776958,2025-07-28,LAA,TEX,Angel Stadium,9,101.47,361.89,2.9,-1.43,7.47,-0.19,NORMAL,-14.9,14.9
776959,2025-07-28,SD,NYM,Petco Park,8,104.08,365.0,3.94,4.14,7.93,0.52,NORMAL,-15.9,15.9
776960,2025-07-28,STL,MIA,Busch Stadium,12,101.68,352.58,7.17,2.86,6.47,0.44,NORMAL,-12.9,12.9
776961,2025-07-28,MIN,BOS,Target Field,9,101.73,362.78,20.66,14.24,7.47,1.9,NORMAL,-14.9,14.9
776962,2025-07-29,BAL,TOR,Oriole Park at Camden Yards,5,102.56,354.2,6.74,1.48,10.03,0.15,NORMAL,-20.1,20.1
776963,2025-07-29,CIN,LAD,Great American Ball Park,7,100.46,351.57,8.2,1.95,8.48,0.23,NORMAL,-17.0,17.0
776964,2025-07-28,SF,PIT,Oracle Park,8,100.62,378.5,17.54,16.09,7.93,2.03,JUICED,-15.9,15.9
776965,2025-07-28,MIL,CHC,American Family Field,7,102.79,367.29,6.42,-2.31,8.48,-0.27,NORMAL,-17.0,17.0
776966,2025-07-28,BAL,TOR,Oriole Park at Camden Yards,10,104.84,380.3,9.72,4.46,7.09,0.63,NORMAL,-14.2,14.2
776968,2025-07-28,CLE,COL,Progressive Field,7,99.64,367.86,13.76,12.05,8.48,1.42,NORMAL,-17.0,17.0
776970,2025-07-28,NYY,TB,Yankee Stadium,5,99.08,310.6,10.55,10.11,10.03,1.01,NORMAL,-20.1,20.1
776971,2025-07-28,KC,ATL,Kauffman Stadium,8,106.75,399.62,35.83,23.81,7.93,3.0,JUICED,-15.9,15.9
776972,2025-07-28,CWS,PHI,Rate Field,6,103.03,340.33,-11.1,-11.36,9.15,-1.24,NORMAL,-18.3,18.3
776973,2025-07-28,DET,AZ,Comerica Park,7,101.8,353.71,12.69,9.92,8.48,1.17,NORMAL,-17.0,17.0
776974,2025-07-27,SF,NYM,Oracle Park,10,102.71,373.4,4.18,2.73,7.09,0.39,NORMAL,-14.2,14.2
776975,2025-07-27,KC,CLE,Kauffman Stadium,5,102.74,377.2,22.87,10.85,10.03,1.08,NORMAL,-20.1,20.1
776976,2025-07-27,HOU,ATH,Daikin Park,8,98.6,337.75,-2.67,-4.46,7.93,-0.56,NORMAL,-15.9,15.9
776977,2025-07-27,LAA,SEA,Angel Stadium,6,102.82,371.0,5.15,0.82,9.15,0.09,NORMAL,-18.3,18.3
776978,2025-07-27,MIL,MIA,American Family Field,8,100.44,367.75,5.67,-3.06,7.93,-0.39,NORMAL,-15.9,15.9
776979,2025-07-27,MIN,WSH,Target Field,11,100.58,346.45,12.58,6.16,6.76,0.91,NORMAL,-13.5,13.5
776980,2025-07-27,STL,SD,Busch Stadium,5,102.18,330.2,5.35,1.03,10.03,0.1,NORMAL,-20.1,20.1
776981,2025-07-27,TEX,ATL,Globe Life Field,8,100.99,354.12,14.41,10.81,7.93,1.36,NORMAL,-15.9,15.9
776983,2025-07-27,BOS,LAD,Fenway Park,9,101.18,357.89,-3.9,-6.05,7.47,-0.81,NORMAL,-14.9,14.9
776985,2025-07-26,SF,NYM,Oracle Park,9,100.5,345.67,8.16,6.7,7.47,0.9,NORMAL,-14.9,14.9
776987,2025-07-27,DET,TOR,Comerica Park,6,102.75,350.67,5.01,2.24,9.15,0.24,NORMAL,-18.3,18.3
776988,2025-07-27,NYY,PHI,Yankee Stadium,5,100.24,367.4,11.68,11.23,10.03,1.12,NORMAL,-20.1,20.1
776989,2025-07-27,CWS,CHC,Rate Field,6,101.83,345.33,-1.43,-1.68,9.15,-0.18,NORMAL,-18.3,18.3
776990,2025-07-26,KC,CLE,Kauffman Stadium,7,101.74,345.0,17.18,5.17,8.48,0.61,NORMAL,-17.0,17.0
776991,2025-07-26,HOU,ATH,Daikin Park,7,103.47,356.71,-3.06,-4.85,8.48,-0.57,NORMAL,-17.0,17.0
776992,2025-07-26,STL,SD,Busch Stadium,8,100.35,364.25,2.78,-1.54,7.93,-0.19,NORMAL,-15.9,15.9
776993,2025-07-26,TEX,ATL,Globe Life Field,9,103.22,347.44,9.5,5.91,7.47,0.79,NORMAL,-14.9,14.9
776994,2025-07-26,CWS,CHC,Rate Field,9,101.28,344.67,6.36,6.11,7.47,0.82,NORMAL,-14.9,14.9
776995,2025-07-26,LAA,SEA,Angel Stadium,8,103.78,367.75,-0.54,-4.88,7.93,-0.62,NORMAL,-15.9,15.9
776996,2025-07-26,MIL,MIA,American Family Field,7,105.74,368.71,11.2,2.46,8.48,0.29,NORMAL,-17.0,17.0
776997,2025-07-26,MIN,WSH,Target Field,8,100.68,362.62,5.49,-0.93,7.93,-0.12,NORMAL,-15.9,15.9
776998,2025-07-26,BOS,LAD,Fenway Park,10,102.12,348.3,9.46,7.31,7.09,1.03,NORMAL,-14.2,14.2
776999,2025-07-26,BAL,COL,Oriole Park at Camden Yards,12,102.87,372.25,15.05,9.79,6.47,1.51,NORMAL,-12.9,12.9
777000,2025-07-26,CIN,TB,Great American Ball Park,5,100.52,347.0,4.73,-1.52,10.03,-0.15,NORMAL,-20.1,20.1
777001,2025-07-26,NYY,PHI,Yankee Stadium,9,104.0,340.0,0.51,0.07,7.47,0.01,NORMAL,-14.9,14.9
777002,2025-07-26,PIT,AZ,PNC Park,5,98.42,335.2,17.14,11.74,10.03,1.17,NORMAL,-20.1,20.1
777003,2025-07-26,DET,TOR,Comerica Park,8,101.22,359.5,3.69,0.92,7.93,0.12,NORMAL,-15.9,15.9
777004,2025-07-25,SF,NYM,Oracle Park,8,100.62,327.0,-9.7,-11.15,7.93,-1.41,NORMAL,-15.9,15.9
777005,2025-07-25,STL,SD,Busch Stadium,8,101.89,334.5,6.25,1.93,7.93,0.24,NORMAL,-15.9,15.9
777006,2025-07-25,LAA,SEA,Angel Stadium,6,104.38,352.17,-3.96,-8.3,9.15,-0.91,NORMAL,-18.3,18.3
777007,2025-07-25,HOU,ATH,Daikin Park,11,103.97,368.64,3.92,2.13,6.76,0.32,NORMAL,-13.5,13.5
777008,2025-07-25,MIL,MIA,American Family Field,10,99.55,354.9,2.82,-5.91,7.09,-0.83,NORMAL,-14.2,14.2
777009,2025-07-25,TEX,ATL,Globe Life Field,7,101.56,332.14,-3.08,-6.67,8.48,-0.79,NORMAL,-17.0,17.0
777010,2025-07-26,KC,CLE,Kauffman Stadium,11,101.39,376.27,18.45,6.44,6.76,0.95,NORMAL,-13.5,13.5
777011,2025-07-25,MIN,WSH,Target Field,7,103.39,342.0,1.91,-4.51,8.48,-0.53,NORMAL,-17.0,17.0
777012,2025-07-25,BOS,LAD,Fenway Park,7,102.51,358.29,2.6,0.45,8.48,0.05,NORMAL,-17.0,17.0
777013,2025-07-25,CIN,TB,Great American Ball Park,10,101.18,328.5,5.8,-0.45,7.09,-0.06,NORMAL,-14.2,14.2
777015,2025-07-25,NYY,PHI,Yankee Stadium,11,103.65,356.18,-1.6,-2.04,6.76,-0.3,NORMAL,-13.5,13.5
777016,2025-07-25,DET,TOR,Comerica Park,8,101.08,340.5,0.25,-2.53,7.93,-0.32,NORMAL,-15.9,15.9
777017,2025-07-25,CWS,CHC,Rate Field,16,101.98,353.19,5.72,5.47,5.61,0.98,NORMAL,-11.2,11.2
777019,2025-07-24,CLE,BAL,Progressive Field,9,99.83,357.22,9.93,8.21,7.47,1.1,NORMAL,-14.9,14.9
777020,2025-07-25,BAL,COL,Oriole Park at Camden Yards,15,101.92,367.13,12.39,7.13,5.79,1.23,NORMAL,-11.6,11.6
777021,2025-07-24,DET,TOR,Comerica Park,11,102.86,350.18,3.37,0.6,6.76,0.09,NORMAL,-13.5,13.5
777023,2025-07-24,STL,SD,Busch Stadium,8,105.1,380.12,17.35,13.04,7.93,1.64,NORMAL,-15.9,15.9
777024,2025-07-23,SEA,MIL,T-Mobile Park,7,101.49,349.29,15.82,12.88,8.48,1.52,NORMAL,-17.0,17.0
777025,2025-07-24,HOU,ATH,Daikin Park,5,102.14,346.8,-3.72,-5.51,10.03,-0.55,NORMAL,-20.1,20.1
777026,2025-07-23,WSH,CIN,Nationals Park,6,99.65,364.83,6.62,1.74,9.15,0.19,NORMAL,-18.3,18.3
777027,2025-07-23,TOR,NYY,Rogers Centre,8,101.64,343.38,4.87,0.91,7.93,0.11,NORMAL,-15.9,15.9
777029,2025-07-23,PIT,DET,PNC Park,8,103.5,376.12,13.05,7.65,7.93,0.97,NORMAL,-15.9,15.9
777030,2025-07-23,TB,CWS,George M. Steinbrenner Field,10,104.71,346.4,-9.43,-8.45,7.09,-1.19,NORMAL,-14.2,14.2
777031,2025-07-23,CHC,KC,Wrigley Field,5,103.06,386.0,30.82,30.19,10.03,3.01,JUICED,-20.1,20.1
777032,2025-07-23,AZ,HOU,Chase Field,8,100.54,336.62,13.16,1.89,7.93,0.24,NORMAL,-15.9,15.9
777033,2025-07-23,TEX,ATH,Globe Life Field,7,101.26,348.86,1.28,-2.31,8.48,-0.27,NORMAL,-17.0,17.0
777034,2025-07-23,NYM,LAA,Citi Field,11,102.21,340.36,-8.85,-7.72,6.76,-1.14,NORMAL,-13.5,13.5
777036,2025-07-23,CLE,BAL,Progressive Field,11,99.19,345.0,-10.36,-12.07,6.76,-1.79,NORMAL,-13.5,13.5
777037,2025-07-23,MIA,SD,loanDepot park,5,101.58,345.8,4.41,-0.93,10.03,-0.09,NORMAL,-20.1,20.1
777038,2025-07-23,PHI,BOS,Citizens Bank Park,12,103.89,376.33,13.13,7.77,6.47,1.2,NORMAL,-12.9,12.9
777039,2025-07-22,LAD,MIN,Dodger Stadium,5,102.4,366.8,18.04,14.76,10.03,1.47,NORMAL,-20.1,20.1
777040,2025-07-22,AZ,HOU,Chase Field,6,102.85,350.67,6.13,-5.15,9.15,-0.56,NORMAL,-18.3,18.3
777041,2025-07-23,ATL,SF,Truist Park,6,100.67,350.83,9.62,-1.16,9.15,-0.13,NORMAL,-18.3,18.3
777042,2025-07-22,WSH,CIN,Nationals Park,5,104.84,346.6,4.98,0.1,10.03,0.01,NORMAL,-20.1,20.1
777043,2025-07-22,TEX,ATH,Globe Life Field,9,105.0,354.22,-1.2,-4.8,7.47,-0.64,NORMAL,-14.9,14.9
777044,2025-07-22,PIT,DET,PNC Park,15,101.02,343.27,11.7,6.3,5.79,1.09,NORMAL,-11.6,11.6
777046,2025-07-22,TOR,NYY,Rogers Centre,8,101.96,358.12,5.84,1.88,7.93,0.24,NORMAL,-15.9,15.9
777049,2025-07-22,COL,STL,Coors Field,9,102.98,391.11,24.41,4.14,7.47,0.55,NORMAL,-14.9,14.9
777050,2025-07-21,SEA,MIL,T-Mobile Park,5,101.58,348.4,2.0,-0.93,10.03,-0.09,NORMAL,-20.1,20.1
777051,2025-07-21,LAD,MIN,Dodger Stadium,10,104.05,373.4,6.96,3.68,7.09,0.52,NORMAL,-14.2,14.2
777052,2025-07-22,MIA,SD,loanDepot park,8,99.22,343.25,8.58,3.24,7.93,0.41,NORMAL,-15.9,15.9
777053,2025-07-21,COL,STL,Coors Field,6,105.63,361.33,15.7,-4.58,9.15,-0.5,NORMAL,-18.3,18.3
777054,2025-07-22,NYM,LAA,Citi Field,5,103.26,360.0,-0.48,0.65,10.03,0.06,NORMAL,-20.1,20.1
777055,2025-07-21,AZ,HOU,Chase Field,13,102.18,355.54,5.0,-6.28,6.22,-1.01,NORMAL,-12.4,12.4
777056,2025-07-22,CLE,BAL,Progressive Field,7,102.86,339.0,-0.61,-2.32,8.48,-0.27,NORMAL,-17.0,17.0
777057,2025-07-21,TEX,ATH,Globe Life Field,8,100.85,367.38,8.24,4.65,7.93,0.59,NORMAL,-15.9,15.9
777058,2025-07-22,ATL,SF,Truist Park,9,104.31,362.0,9.92,-0.86,7.47,-0.12,NORMAL,-14.9,14.9
777059,2025-07-21,TB,CWS,George M. Steinbrenner Field,7,99.33,338.57,6.34,7.32,8.48,0.86,NORMAL,-17.0,17.0
777061,2025-07-21,NYM,LAA,Citi Field,8,100.94,351.75,-7.5,-6.38,7.93,-0.8,NORMAL,-15.9,15.9
777062,2025-07-21,MIA,SD,loanDepot park,7,100.16,340.29,-7.17,-12.51,8.48,-1.48,NORMAL,-17.0,17.0
777063,2025-07-21,PHI,BOS,Citizens Bank Park,6,102.32,334.0,-6.02,-11.39,9.15,-1.24,NORMAL,-18.3,18.3
777064,2025-07-21,WSH,CIN,Nationals Park,11,101.83,348.45,6.36,1.48,6.76,0.22,NORMAL,-13.5,13.5
777065,2025-07-21,CHC,KC,Wrigley Field,11,104.35,374.27,7.88,7.25,6.76,1.07,NORMAL,-13.5,13.5
777066,2025-07-21,TOR,NYY,Rogers Centre,7,101.17,343.0,-7.85,-11.81,8.48,-1.39,NORMAL,-17.0,17.0
777067,2025-07-20,SEA,HOU,T-Mobile Park,9,100.71,356.0,6.79,3.85,7.47,0.52,NORMAL,-14.9,14.9
777068,2025-07-21,CLE,BAL,Progressive Field,10,102.33,344.3,-7.99,-9.71,7.09,-1.37,NORMAL,-14.2,14.2
777069,2025-07-21,ATL,SF,Truist Park,7,102.53,354.14,-1.66,-12.44,8.48,-1.47,NORMAL,-17.0,17.0
777070,2025-07-20,LAD,MIL,Dodger Stadium,7,105.24,360.14,7.52,4.24,8.48,0.5,NORMAL,-17.0,17.0
777071,2025-07-20,AZ,STL,Chase Field,6,100.7,341.67,-0.86,-12.13,9.15,-1.33,NORMAL,-18.3,18.3
777072,2025-07-20,COL,MIN,Coors Field,11,101.96,400.18,28.75,8.48,6.76,1.25,NORMAL,-13.5,13.5
777073,2025-07-20,TEX,DET,Globe Life Field,5,104.36,358.0,14.95,11.36,10.03,1.13,NORMAL,-20.1,20.1
777074,2025-07-20,PIT,CWS,PNC Park,9,102.27,387.22,15.71,10.31,7.47,1.38,NORMAL,-14.9,14.9
777075,2025-07-20,CHC,BOS,Wrigley Field,7,103.41,340.29,4.56,3.93,8.48,0.46,NORMAL,-17.0,17.0
777076,2025-07-20,TB,BAL,George M. Steinbrenner Field,10,100.16,367.2,2.59,3.57,7.09,0.5,NORMAL,-14.2,14.2
777077,2025-07-20,WSH,SD,Nationals Park,8,102.01,359.62,2.08,-2.8,7.93,-0.35,NORMAL,-15.9,15.9
777078,2025-07-20,PHI,LAA,Citizens Bank Park,7,102.7,378.86,7.87,2.51,8.48,0.3,NORMAL,-17.0,17.0
777079,2025-07-20,TOR,SF,Rogers Centre,7,102.81,361.71,6.14,2.18,8.48,0.26,NORMAL,-17.0,17.0
777080,2025-07-19,COL,MIN,Coors Field,11,102.49,373.18,24.19,3.91,6.76,0.58,NORMAL,-13.5,13.5
777081,2025-07-19,AZ,STL,Chase Field,11,101.18,347.55,2.16,-9.12,6.76,-1.35,NORMAL,-13.5,13.5
777082,2025-07-20,MIA,KC,loanDepot park,10,102.63,338.1,5.99,0.65,7.09,0.09,NORMAL,-14.2,14.2
777083,2025-07-20,ATL,NYY,Truist Park,10,105.05,380.2,17.24,6.46,7.09,0.91,NORMAL,-14.2,14.2
777084,2025-07-20,CLE,ATH,Progressive Field,9,99.86,333.78,1.0,-0.72,7.47,-0.1,NORMAL,-14.9,14.9
777085,2025-07-19,LAD,MIL,Dodger Stadium,9,103.13,375.44,12.4,9.12,7.47,1.22,NORMAL,-14.9,14.9
777086,2025-07-19,SEA,HOU,T-Mobile Park,9,101.28,343.22,-3.38,-6.32,7.47,-0.85,NORMAL,-14.9,14.9
777087,2025-07-20,NYM,CIN,Citi Field,5,100.18,342.2,-0.03,1.1,10.03,0.11,NORMAL,-20.1,20.1
777089,2025-07-19,PHI,LAA,Citizens Bank Park,6,103.5,350.0,3.81,-1.55,9.15,-0.17,NORMAL,-18.3,18.3
777090,2025-07-19,PIT,CWS,PNC Park,7,100.26,333.0,11.44,6.04,8.48,0.71,NORMAL,-17.0,17.0
777091,2025-07-19,WSH,SD,Nationals Park,9,100.62,368.0,8.48,3.6,7.47,0.48,NORMAL,-14.9,14.9
777092,2025-07-19,NYM,CIN,Citi Field,5,103.46,338.4,-16.15,-15.02,10.03,-1.5,NORMAL,-20.1,20.1
777093,2025-07-19,MIA,KC,loanDepot park,7,103.19,343.86,5.6,0.25,8.48,0.03,NORMAL,-17.0,17.0
777094,2025-07-19,TOR,SF,Rogers Centre,6,100.67,321.33,-3.44,-7.4,9.15,-0.81,NORMAL,-18.3,18.3
777096,2025-07-19,CHC,BOS,Wrigley Field,10,101.81,345.6,0.49,-0.14,7.09,-0.02,NORMAL,-14.2,14.2
777097,2025-07-19,ATL,NYY,Truist Park,10,102.15,372.2,15.93,5.15,7.09,0.73,NORMAL,-14.2,14.2
777099,2025-07-18,SEA,HOU,T-Mobile Park,6,103.5,346.5,4.08,1.15,9.15,0.13,NORMAL,-18.3,18.3
777100,2025-07-18,AZ,STL,Chase Field,8,101.86,368.25,7.77,-3.5,7.93,-0.44,NORMAL,-15.9,15.9
777101,2025-07-18,CHC,BOS,Wrigley Field,10,102.7,361.1,-11.99,-12.61,7.09,-1.78,NORMAL,-14.2,14.2
777102,2025-07-18,COL,MIN,Coors Field,9,102.2,359.44,31.03,10.76,7.47,1.44,NORMAL,-14.9,14.9
777104,2025-07-19,CLE,ATH,Progressive Field,9,102.03,354.22,9.11,7.39,7.47,0.99,NORMAL,-14.9,14.9
777105,2025-07-18,CLE,ATH,Progressive Field,9,103.12,382.67,26.85,25.13,7.47,3.36,JUICED,-14.9,14.9
777106,2025-07-18,PHI,LAA,Citizens Bank Park,10,102.99,361.3,12.26,6.9,7.09,0.97,NORMAL,-14.2,14.2
777107,2025-07-18,PIT,CWS,PNC Park,7,103.61,348.71,6.51,1.11,8.48,0.13,NORMAL,-17.0,17.0
777109,2025-07-18,MIA,KC,loanDepot park,16,103.23,369.88,12.79,7.45,5.61,1.33,NORMAL,-11.2,11.2
777110,2025-07-18,TB,BAL,George M. Steinbrenner Field,9,103.13,354.0,8.69,9.67,7.47,1.29,NORMAL,-14.9,14.9
777111,2025-07-18,NYM,CIN,Citi Field,11,103.88,362.45,-6.79,-5.67,6.76,-0.84,NORMAL,-13.5,13.5
777112,2025-07-18,WSH,SD,Nationals Park,5,103.24,385.2,19.4,14.52,10.03,1.45,NORMAL,-20.1,20.1
777113,2025-07-13,MIN,PIT,Target Field,5,101.08,375.4,3.87,-2.55,10.03,-0.25,NORMAL,-20.1,20.1
777114,2025-07-18,ATL,NYY,Truist Park,5,102.36,344.4,0.07,-10.71,10.03,-1.07,NORMAL,-20.1,20.1
777115,2025-07-13,LAA,AZ,Angel Stadium,5,102.02,366.6,8.97,4.64,10.03,0.46,NORMAL,-20.1,20.1
777116,2025-07-13,ATH,TOR,Sutter Health Park,7,103.73,391.71,26.2,14.97,8.48,1.77,NORMAL,-17.0,17.0
777117,2025-07-13,SD,PHI,Petco Park,9,99.39,335.22,-2.38,-2.18,7.47,-0.29,NORMAL,-14.9,14.9
777118,2025-07-13,STL,ATL,Busch Stadium,5,102.42,339.0,-13.0,-17.31,10.03,-1.73,NORMAL,-20.1,20.1
777119,2025-07-13,SF,LAD,Oracle Park,5,102.7,363.2,9.35,7.9,10.03,0.79,NORMAL,-20.1,20.1
777120,2025-07-13,CWS,CLE,Rate Field,7,100.79,357.14,1.51,1.25,8.48,0.15,NORMAL,-17.0,17.0
777121,2025-07-13,DET,SEA,Comerica Park,7,106.0,374.43,12.09,9.32,8.48,1.1,NORMAL,-17.0,17.0
777122,2025-07-13,NYY,CHC,Yankee Stadium,8,100.95,343.38,-9.06,-9.5,7.93,-1.2,NORMAL,-15.9,15.9
777123,2025-07-13,MIL,WSH,American Family Field,7,100.37,364.29,14.98,6.24,8.48,0.74,NORMAL,-17.0,17.0
777126,2025-07-12,SD,PHI,Petco Park,6,101.5,354.33,-3.12,-2.92,9.15,-0.32,NORMAL,-18.3,18.3
777127,2025-07-12,SF,LAD,Oracle Park,6,99.5,344.5,-16.21,-17.66,9.15,-1.93,NORMAL,-18.3,18.3
777128,2025-07-13,CIN,COL,Great American Ball Park,8,98.6,349.12,-4.22,-10.47,7.93,-1.32,NORMAL,-15.9,15.9
777129,2025-07-13,BAL,MIA,Oriole Park at Camden Yards,10,103.39,347.7,-1.02,-6.28,7.09,-0.89,NORMAL,-14.2,14.2
777130,2025-07-13,BOS,TB,Fenway Park,6,103.88,341.17,-5.19,-7.34,9.15,-0.8,NORMAL,-18.3,18.3
777131,2025-07-12,LAA,AZ,Angel Stadium,8,99.38,358.25,-0.27,-4.6,7.93,-0.58,NORMAL,-15.9,15.9
777132,2025-07-12,ATH,TOR,Sutter Health Park,8,99.38,345.62,19.19,7.96,7.93,1.0,NORMAL,-15.9,15.9
777133,2025-07-12,STL,ATL,Busch Stadium,8,102.1,384.62,22.19,17.88,7.93,2.26,JUICED,-15.9,15.9
777134,2025-07-12,MIN,PIT,Target Field,12,103.08,373.92,12.74,6.32,6.47,0.98,NORMAL,-12.9,12.9
777135,2025-07-12,MIL,WSH,American Family Field,8,101.12,351.25,14.04,5.3,7.93,0.67,NORMAL,-15.9,15.9
777136,2025-07-12,KC,NYM,Kauffman Stadium,11,100.48,356.73,15.56,3.54,6.76,0.52,NORMAL,-13.5,13.5
777137,2025-07-12,HOU,TEX,Daikin Park,7,102.01,349.29,6.36,4.57,8.48,0.54,NORMAL,-17.0,17.0
777138,2025-07-12,CWS,CLE,Rate Field,7,100.47,339.14,4.61,4.35,8.48,0.51,NORMAL,-17.0,17.0
777139,2025-07-11,SD,PHI,Petco Park,7,104.64,365.71,-4.22,-4.03,8.48,-0.48,NORMAL,-17.0,17.0
777140,2025-07-12,CIN,COL,Great American Ball Park,5,99.24,321.8,-0.29,-6.54,10.03,-0.65,NORMAL,-20.1,20.1
777141,2025-07-12,BAL,MIA,Oriole Park at Camden Yards,7,99.57,305.14,-7.99,-13.25,8.48,-1.56,NORMAL,-17.0,17.0
777142,2025-07-12,NYY,CHC,Yankee Stadium,10,102.58,357.9,-10.67,-11.11,7.09,-1.57,NORMAL,-14.2,14.2
777143,2025-07-11,SF,LAD,Oracle Park,12,102.3,377.67,13.04,11.58,6.47,1.79,NORMAL,-12.9,12.9
777145,2025-07-12,DET,SEA,Comerica Park,9,103.06,364.0,6.68,3.9,7.47,0.52,NORMAL,-14.9,14.9
777146,2025-07-11,CWS,CLE,Rate Field,6,105.03,374.67,2.71,2.46,9.15,0.27,NORMAL,-18.3,18.3
777147,2025-07-11,STL,ATL,Busch Stadium,10,104.27,352.4,4.2,-0.11,7.09,-0.02,NORMAL,-14.2,14.2
777149,2025-07-11,MIL,WSH,American Family Field,9,102.02,360.67,16.53,7.8,7.47,1.04,NORMAL,-14.9,14.9
777150,2025-07-11,LAA,AZ,Angel Stadium,6,103.43,385.5,8.94,4.61,9.15,0.5,NORMAL,-18.3,18.3
777151,2025-07-11,KC,NYM,Kauffman Stadium,8,106.26,352.5,3.8,-8.22,7.93,-1.04,NORMAL,-15.9,15.9
777152,2025-07-11,ATH,TOR,Sutter Health Park,11,100.75,379.64,20.06,8.83,6.76,1.31,NORMAL,-13.5,13.5
777153,2025-07-11,NYY,CHC,Yankee Stadium,5,98.7,350.6,6.19,5.75,10.03,0.57,NORMAL,-20.1,20.1
777154,2025-07-11,HOU,TEX,Daikin Park,9,102.12,330.78,-6.84,-8.63,7.47,-1.16,NORMAL,-14.9,14.9
777155,2025-07-11,BOS,TB,Fenway Park,5,102.98,356.2,21.98,19.83,10.03,1.98,NORMAL,-20.1,20.1
777156,2025-07-10,ATH,ATL,Sutter Health Park,6,101.03,332.67,4.64,-6.58,9.15,-0.72,NORMAL,-18.3,18.3
777157,2025-07-11,BAL,MIA,Oriole Park at Camden Yards,7,98.43,349.0,4.22,-1.04,8.48,-0.12,NORMAL,-17.0,17.0
777158,2025-07-10,SD,AZ,Petco Park,9,104.3,368.78,19.67,19.87,7.47,2.66,JUICED,-14.9,14.9
777159,2025-07-10,LAA,TEX,Angel Stadium,6,101.75,373.0,8.04,3.71,9.15,0.41,NORMAL,-18.3,18.3
777161,2025-07-11,DET,SEA,Comerica Park,8,101.04,371.62,8.42,5.65,7.93,0.71,NORMAL,-15.9,15.9
777162,2025-07-09,SD,AZ,Petco Park,9,103.8,359.78,5.26,5.46,7.47,0.73,NORMAL,-14.9,14.9
777163,2025-07-09,SF,PHI,Oracle Park,7,104.77,366.43,7.24,5.79,8.48,0.68,NORMAL,-17.0,17.0
777164,2025-07-11,CWS,CLE,Rate Field,6,105.07,361.67,6.21,5.96,9.15,0.65,NORMAL,-18.3,18.3
777165,2025-07-10,BAL,NYM,Oriole Park at Camden Yards,6,102.03,333.33,2.43,-2.83,9.15,-0.31,NORMAL,-18.3,18.3
777166,2025-07-10,MIN,CHC,Target Field,10,100.69,371.2,20.81,14.39,7.09,2.03,JUICED,-14.2,14.2
777167,2025-07-10,STL,WSH,Busch Stadium,5,102.66,369.4,8.64,4.32,10.03,0.43,NORMAL,-20.1,20.1
777169,2025-07-10,NYY,SEA,Yankee Stadium,8,102.41,376.12,9.4,8.95,7.93,1.13,NORMAL,-15.9,15.9
777170,2025-07-10,BOS,TB,Fenway Park,8,100.66,329.5,4.67,2.52,7.93,0.32,NORMAL,-15.9,15.9
777171,2025-07-09,LAA,TEX,Angel Stadium,12,103.43,373.92,10.09,5.76,6.47,0.89,NORMAL,-12.9,12.9
777172,2025-07-09,CWS,TOR,Rate Field,6,100.72,330.5,2.88,2.63,9.15,0.29,NORMAL,-18.3,18.3
777173,2025-07-09,MIN,CHC,Target Field,8,103.16,359.38,15.32,8.9,7.93,1.12,NORMAL,-15.9,15.9
777174,2025-07-09,HOU,CLE,Daikin Park,5,100.78,328.6,-7.67,-9.47,10.03,-0.94,NORMAL,-20.1,20.1
777175,2025-07-09,MIL,LAD,American Family Field,5,100.78,356.8,-0.86,-9.59,10.03,-0.96,NORMAL,-20.1,20.1
777176,2025-07-09,ATH,ATL,Sutter Health Park,13,101.08,350.54,9.9,-1.33,6.22,-0.21,NORMAL,-12.4,12.4
777177,2025-07-09,KC,PIT,Kauffman Stadium,11,104.02,389.91,14.75,2.73,6.76,0.4,NORMAL,-13.5,13.5
777178,2025-07-09,STL,WSH,Busch Stadium,8,105.21,380.75,14.6,10.28,7.93,1.3,NORMAL,-15.9,15.9
777179,2025-07-09,BOS,COL,Fenway Park,11,104.23,369.18,11.87,9.72,6.76,1.44,NORMAL,-13.5,13.5
777180,2025-07-08,LAA,TEX,Angel Stadium,8,103.25,363.88,5.29,0.96,7.93,0.12,NORMAL,-15.9,15.9
777181,2025-07-10,BAL,NYM,Oriole Park at Camden Yards,9,104.1,357.0,9.13,3.87,7.47,0.52,NORMAL,-14.9,14.9
777182,2025-07-09,DET,TB,Comerica Park,9,103.48,345.22,5.5,2.72,7.47,0.36,NORMAL,-14.9,14.9
777183,2025-07-09,CIN,MIA,Great American Ball Park,8,102.61,360.75,14.32,8.07,7.93,1.02,NORMAL,-15.9,15.9
777184,2025-07-09,NYY,SEA,Yankee Stadium,10,101.73,351.5,7.9,7.46,7.09,1.05,NORMAL,-14.2,14.2
777185,2025-07-08,SD,AZ,Petco Park,7,102.36,350.71,-7.51,-7.31,8.48,-0.86,NORMAL,-17.0,17.0
777186,2025-07-08,SF,PHI,Oracle Park,9,101.34,353.89,-10.02,-11.47,7.47,-1.54,NORMAL,-14.9,14.9
777187,2025-07-08,NYY,SEA,Yankee Stadium,11,103.88,367.45,-5.7,-6.15,6.76,-0.91,NORMAL,-13.5,13.5
777188,2025-07-08,CWS,TOR,Rate Field,8,103.09,356.25,-1.1,-1.35,7.93,-0.17,NORMAL,-15.9,15.9
777189,2025-07-08,ATH,ATL,Sutter Health Park,11,100.87,374.55,17.22,5.99,6.76,0.89,NORMAL,-13.5,13.5
777190,2025-07-08,MIN,CHC,Target Field,14,101.01,350.71,-0.89,-7.31,5.99,-1.22,NORMAL,-12.0,12.0
777191,2025-07-08,STL,WSH,Busch Stadium,11,101.43,353.36,7.47,3.16,6.76,0.47,NORMAL,-13.5,13.5
777192,2025-07-08,HOU,CLE,Daikin Park,10,100.06,360.3,7.22,5.43,7.09,0.77,NORMAL,-14.2,14.2
777193,2025-07-08,MIL,LAD,American Family Field,5,101.62,371.6,21.43,12.7,10.03,1.27,NORMAL,-20.1,20.1
777194,2025-07-08,KC,PIT,Kauffman Stadium,9,106.37,385.0,9.94,-2.07,7.47,-0.28,NORMAL,-14.9,14.9
777195,2025-07-08,DET,TB,Comerica Park,6,99.72,372.5,13.29,10.52,9.15,1.15,NORMAL,-18.3,18.3
777196,2025-07-08,BOS,COL,Fenway Park,9,102.84,359.67,14.04,11.89,7.47,1.59,NORMAL,-14.9,14.9
777197,2025-07-08,CIN,MIA,Great American Ball Park,7,100.84,353.14,3.85,-2.4,8.48,-0.28,NORMAL,-17.0,17.0
777198,2025-07-08,BAL,NYM,Oriole Park at Camden Yards,6,106.62,389.17,14.38,9.12,9.15,1.0,NORMAL,-18.3,18.3
777200,2025-07-07,LAA,TEX,Angel Stadium,9,101.6,343.22,6.88,2.55,7.47,0.34,NORMAL,-14.9,14.9
777202,2025-07-07,HOU,CLE,Daikin Park,8,103.28,339.75,-8.89,-10.68,7.93,-1.35,NORMAL,-15.9,15.9
777204,2025-07-07,KC,PIT,Kauffman Stadium,11,102.33,363.55,25.02,13.0,6.76,1.92,NORMAL,-13.5,13.5
777206,2025-07-06,LAD,HOU,Dodger Stadium,9,102.6,354.0,4.04,0.75,7.47,0.1,NORMAL,-14.9,14.9
777207,2025-07-06,SD,TEX,Petco Park,6,100.25,348.5,-3.84,-3.64,9.15,-0.4,NORMAL,-18.3,18.3
777208,2025-07-07,CIN,MIA,Great American Ball Park,6,101.52,346.5,5.64,-0.62,9.15,-0.07,NORMAL,-18.3,18.3
777209,2025-07-07,BOS,COL,Fenway Park,5,104.54,395.2,9.45,7.3,10.03,0.73,NORMAL,-20.1,20.1
777211,2025-07-07,DET,TB,Comerica Park,6,101.15,343.5,6.37,3.59,9.15,0.39,NORMAL,-18.3,18.3
777212,2025-07-07,CWS,TOR,Rate Field,8,103.38,355.38,-1.39,-1.64,7.93,-0.21,NORMAL,-15.9,15.9
777213,2025-07-06,WSH,BOS,Nationals Park,8,102.81,352.25,8.67,3.79,7.93,0.48,NORMAL,-15.9,15.9
777215,2025-07-06,COL,CWS,Coors Field,7,101.13,373.43,24.45,4.17,8.48,0.49,NORMAL,-17.0,17.0
777216,2025-07-06,NYM,NYY,Citi Field,6,102.42,345.0,-0.26,0.87,9.15,0.09,NORMAL,-18.3,18.3
777217,2025-07-06,PHI,CIN,Citizens Bank Park,6,100.77,355.5,-1.16,-6.52,9.15,-0.71,NORMAL,-18.3,18.3
777218,2025-07-06,AZ,KC,Chase Field,8,104.0,366.12,24.24,12.96,7.93,1.63,NORMAL,-15.9,15.9
777219,2025-07-06,CHC,STL,Wrigley Field,5,100.66,346.8,10.3,9.67,10.03,0.96,NORMAL,-20.1,20.1
777220,2025-07-06,MIN,TB,Target Field,8,101.36,350.12,-8.32,-14.74,7.93,-1.86,NORMAL,-15.9,15.9
777221,2025-07-05,LAD,HOU,Dodger Stadium,8,100.95,350.38,6.73,3.44,7.93,0.43,NORMAL,-15.9,15.9
777223,2025-07-05,SD,TEX,Petco Park,7,100.23,355.43,-1.32,-1.12,8.48,-0.13,NORMAL,-17.0,17.0
777224,2025-07-06,MIA,MIL,loanDepot park,7,103.99,322.29,-15.1,-20.44,8.48,-2.41,DEAD,-17.0,17.0
777225,2025-07-05,SEA,PIT,T-Mobile Park,5,104.5,341.2,-5.63,-8.57,10.03,-0.85,NORMAL,-20.1,20.1
777226,2025-07-06,CLE,DET,Progressive Field,5,98.1,342.0,8.3,6.58,10.03,0.66,NORMAL,-20.1,20.1
777227,2025-07-05,ATH,SF,Sutter Health Park,10,100.48,345.4,-0.33,-11.55,7.09,-1.63,NORMAL,-14.2,14.2
777228,2025-07-05,WSH,BOS,Nationals Park,9,103.11,353.11,8.44,3.56,7.47,0.48,NORMAL,-14.9,14.9
777229,2025-07-05,CHC,STL,Wrigley Field,9,103.21,387.89,17.63,17.0,7.47,2.27,JUICED,-14.9,14.9
777230,2025-07-05,MIN,TB,Target Field,8,100.76,365.75,2.71,-3.71,7.93,-0.47,NORMAL,-15.9,15.9
777231,2025-07-05,TOR,LAA,Rogers Centre,8,99.01,322.75,-12.58,-16.54,7.93,-2.09,DEAD,-15.9,15.9
777232,2025-07-05,COL,CWS,Coors Field,12,103.69,363.67,13.3,-6.98,6.47,-1.08,NORMAL,-12.9,12.9
777233,2025-07-05,PHI,CIN,Citizens Bank Park,8,100.21,349.75,-4.49,-9.86,7.93,-1.24,NORMAL,-15.9,15.9
777234,2025-07-05,AZ,KC,Chase Field,6,102.52,325.83,2.28,-9.0,9.15,-0.98,NORMAL,-18.3,18.3
777235,2025-07-04,LAD,HOU,Dodger Stadium,15,101.95,357.07,1.12,-2.16,5.79,-0.37,NORMAL,-11.6,11.6
777236,2025-07-04,SEA,PIT,T-Mobile Park,10,103.55,341.5,3.17,0.23,7.09,0.03,NORMAL,-14.2,14.2
777237,2025-07-05,ATL,BAL,Truist Park,10,103.62,382.0,15.45,4.67,7.09,0.66,NORMAL,-14.2,14.2
777238,2025-07-05,MIA,MIL,loanDepot park,7,101.81,353.86,-8.52,-13.86,8.48,-1.63,NORMAL,-17.0,17.0
777239,2025-07-04,SD,TEX,Petco Park,14,101.34,350.07,0.72,0.91,5.99,0.15,NORMAL,-12.0,12.0
777240,2025-07-05,CLE,DET,Progressive Field,7,98.9,359.86,8.61,6.9,8.48,0.81,NORMAL,-17.0,17.0
777241,2025-07-05,NYM,NYY,Citi Field,12,103.41,369.42,7.04,8.16,6.47,1.26,NORMAL,-12.9,12.9
777242,2025-07-04,TOR,LAA,Rogers Centre,6,108.77,343.0,-5.03,-8.99,9.15,-0.98,NORMAL,-18.3,18.3
777243,2025-07-04,COL,CWS,Coors Field,5,103.02,344.0,6.02,-14.25,10.03,-1.42,NORMAL,-20.1,20.1
777244,2025-07-04,ATH,SF,Sutter Health Park,8,102.21,381.25,26.26,15.03,7.93,1.9,NORMAL,-15.9,15.9
777245,2025-07-04,WSH,BOS,Nationals Park,10,100.68,349.5,5.89,1.02,7.09,0.14,NORMAL,-14.2,14.2
777246,2025-07-04,CHC,STL,Wrigley Field,17,102.44,363.47,6.82,6.19,5.44,1.14,NORMAL,-10.9,10.9
777247,2025-07-04,MIN,TB,Target Field,8,101.36,362.75,10.41,3.99,7.93,0.5,NORMAL,-15.9,15.9
777248,2025-07-04,AZ,KC,Chase Field,7,103.11,395.71,15.57,4.29,8.48,0.51,NORMAL,-17.0,17.0
777249,2025-07-04,CLE,DET,Progressive Field,6,101.58,339.67,-7.85,-9.56,9.15,-1.04,NORMAL,-18.3,18.3
777250,2025-07-04,NYM,NYY,Citi Field,15,103.45,362.2,6.41,7.53,5.79,1.3,NORMAL,-11.6,11.6
777251,2025-07-03,SEA,KC,T-Mobile Park,10,102.73,349.8,9.9,6.96,7.09,0.98,NORMAL,-14.2,14.2
777252,2025-07-04,ATL,BAL,Truist Park,6,101.67,376.0,3.58,-7.2,9.15,-0.79,NORMAL,-18.3,18.3
777253,2025-07-03,LAD,CWS,Dodger Stadium,7,102.16,360.14,0.81,-2.48,8.48,-0.29,NORMAL,-17.0,17.0
777254,2025-07-04,MIA,MIL,loanDepot park,5,101.4,365.8,5.73,0.39,10.03,0.04,NORMAL,-20.1,20.1
777255,2025-07-04,PHI,CIN,Citizens Bank Park,8,102.92,336.88,-3.2,-8.56,7.93,-1.08,NORMAL,-15.9,15.9
777256,2025-07-03,AZ,SF,Chase Field,9,102.91,383.67,7.04,-4.24,7.47,-0.57,NORMAL,-14.9,14.9
777257,2025-07-03,NYM,MIL,Citi Field,7,107.1,342.71,0.01,1.14,8.48,0.13,NORMAL,-17.0,17.0
777258,2025-07-03,WSH,DET,Nationals Park,8,101.66,351.75,10.38,5.5,7.93,0.69,NORMAL,-15.9,15.9
777260,2025-07-03,TOR,NYY,Rogers Centre,12,104.74,373.08,12.5,8.54,6.47,1.32,NORMAL,-12.9,12.9
777261,2025-07-03,ATL,LAA,Truist Park,9,102.08,368.44,10.48,-0.3,7.47,-0.04,NORMAL,-14.9,14.9
777262,2025-07-02,SEA,KC,T-Mobile Park,6,102.8,358.83,9.62,6.68,9.15,0.73,NORMAL,-18.3,18.3
777263,2025-07-03,MIA,MIN,loanDepot park,5,107.54,382.0,7.64,2.3,10.03,0.23,NORMAL,-20.1,20.1
777264,2025-07-03,COL,HOU,Coors Field,8,100.12,367.62,26.85,6.57,7.93,0.83,NORMAL,-15.9,15.9
777265,2025-07-02,WSH,DET,Nationals Park,7,101.87,363.43,20.04,15.16,8.48,1.79,NORMAL,-17.0,17.0
777266,2025-07-02,CHC,CLE,Wrigley Field,5,103.74,360.4,-1.62,-2.25,10.03,-0.22,NORMAL,-20.1,20.1
777267,2025-07-02,LAD,CWS,Dodger Stadium,10,101.43,338.7,1.91,-1.37,7.09,-0.19,NORMAL,-14.2,14.2
777268,2025-07-02,TEX,BAL,Globe Life Field,13,103.76,350.31,-10.69,-14.29,6.22,-2.3,DEAD,-12.4,12.4
777270,2025-07-02,AZ,SF,Chase Field,10,100.9,354.4,14.69,3.41,7.09,0.48,NORMAL,-14.2,14.2
777271,2025-07-02,TB,ATH,George M. Steinbrenner Field,12,105.45,363.33,-1.41,-0.43,6.47,-0.07,NORMAL,-12.9,12.9
777272,2025-07-02,PIT,STL,PNC Park,8,100.48,356.62,4.67,-0.73,7.93,-0.09,NORMAL,-15.9,15.9
777273,2025-07-02,PHI,SD,Citizens Bank Park,8,99.48,335.62,8.73,3.37,7.93,0.42,NORMAL,-15.9,15.9
777274,2025-07-02,TOR,NYY,Rogers Centre,11,104.91,385.64,4.15,0.19,6.76,0.03,NORMAL,-13.5,13.5
777275,2025-07-02,MIA,MIN,loanDepot park,7,102.01,341.57,-0.54,-5.88,8.48,-0.69,NORMAL,-17.0,17.0
777276,2025-07-02,NYM,MIL,Citi Field,6,101.0,337.5,-8.86,-7.73,9.15,-0.84,NORMAL,-18.3,18.3
777277,2025-07-02,BOS,CIN,Fenway Park,11,100.89,348.82,8.19,6.04,6.76,0.89,NORMAL,-13.5,13.5
777278,2025-07-01,AZ,SF,Chase Field,9,104.24,382.33,17.35,6.07,7.47,0.81,NORMAL,-14.9,14.9
777279,2025-07-02,ATL,LAA,Truist Park,8,104.0,382.75,16.52,5.74,7.93,0.72,NORMAL,-15.9,15.9
777280,2025-07-01,LAD,CWS,Dodger Stadium,5,99.86,339.8,-10.58,-13.87,10.03,-1.38,NORMAL,-20.1,20.1
777281,2025-07-01,SEA,KC,T-Mobile Park,12,102.79,353.25,4.7,1.77,6.47,0.27,NORMAL,-12.9,12.9
777282,2025-07-01,TEX,BAL,Globe Life Field,9,103.62,336.22,-10.36,-13.96,7.47,-1.87,NORMAL,-14.9,14.9
777283,2025-07-01,TOR,NYY,Rogers Centre,8,100.51,353.62,16.98,13.02,7.93,1.64,NORMAL,-15.9,15.9
777284,2025-07-02,WSH,DET,Nationals Park,10,101.24,347.3,-1.03,-5.91,7.09,-0.83,NORMAL,-14.2,14.2
777285,2025-07-01,COL,HOU,Coors Field,6,101.5,407.17,30.28,10.0,9.15,1.09,NORMAL,-18.3,18.3
777286,2025-07-01,TB,ATH,George M. Steinbrenner Field,5,104.44,384.8,6.67,7.65,10.03,0.76,NORMAL,-20.1,20.1
777287,2025-07-01,CHC,CLE,Wrigley Field,6,101.82,344.0,-0.27,-0.9,9.15,-0.1,NORMAL,-18.3,18.3
777289,2025-07-02,NYM,MIL,Citi Field,11,100.28,343.27,-8.14,-7.01,6.76,-1.04,NORMAL,-13.5,13.5
777291,2025-06-30,AZ,SF,Chase Field,9,100.84,359.44,12.82,1.55,7.47,0.21,NORMAL,-14.9,14.9
777292,2025-06-30,TEX,BAL,Globe Life Field,12,103.32,350.92,1.59,-2.01,6.47,-0.31,NORMAL,-12.9,12.9
777293,2025-07-01,MIA,MIN,loanDepot park,6,101.32,347.33,-8.44,-13.78,9.15,-1.51,NORMAL,-18.3,18.3
777295,2025-06-30,TOR,NYY,Rogers Centre,8,100.29,343.75,4.47,0.51,7.93,0.06,NORMAL,-15.9,15.9
777296,2025-06-30,TB,ATH,George M. Steinbrenner Field,5,106.56,343.2,8.07,9.05,10.03,0.9,NORMAL,-20.1,20.1
777297,2025-06-30,SEA,KC,T-Mobile Park,6,100.78,372.33,7.01,4.07,9.15,0.44,NORMAL,-18.3,18.3
777298,2025-07-01,ATL,LAA,Truist Park,6,105.83,343.17,8.13,-2.65,9.15,-0.29,NORMAL,-18.3,18.3
777299,2025-06-30,PIT,STL,PNC Park,5,103.02,346.6,3.28,-2.12,10.03,-0.21,NORMAL,-20.1,20.1
777300,2025-06-30,BOS,CIN,Fenway Park,14,101.74,363.36,10.19,8.04,5.99,1.34,NORMAL,-12.0,12.0
777301,2025-06-29,MIL,COL,American Family Field,8,99.68,364.38,16.52,7.79,7.93,0.98,NORMAL,-15.9,15.9
777302,2025-06-29,TEX,SEA,Globe Life Field,11,101.86,362.0,-2.12,-5.72,6.76,-0.85,NORMAL,-13.5,13.5
777304,2025-06-29,KC,LAD,Kauffman Stadium,7,100.86,376.14,16.58,4.56,8.48,0.54,NORMAL,-17.0,17.0
777306,2025-06-30,PHI,SD,Citizens Bank Park,6,101.68,364.67,2.6,-2.76,9.15,-0.3,NORMAL,-18.3,18.3
777307,2025-06-29,NYY,ATH,Yankee Stadium,7,102.23,377.14,9.01,8.57,8.48,1.01,NORMAL,-17.0,17.0
777308,2025-06-29,HOU,CHC,Daikin Park,5,98.36,299.2,-2.75,-4.54,10.03,-0.45,NORMAL,-20.1,20.1
777309,2025-06-29,CLE,STL,Progressive Field,5,104.14,346.0,1.18,-0.53,10.03,-0.05,NORMAL,-20.1,20.1
777310,2025-06-29,BOS,TOR,Fenway Park,9,100.48,328.56,-3.1,-5.25,7.47,-0.7,NORMAL,-14.9,14.9
777311,2025-06-29,CWS,SF,Rate Field,7,97.97,343.14,-4.2,-4.46,8.48,-0.53,NORMAL,-17.0,17.0
777312,2025-06-29,CIN,SD,Great American Ball Park,6,100.28,346.33,13.95,7.7,9.15,0.84,NORMAL,-18.3,18.3
777313,2025-06-29,PIT,NYM,PNC Park,12,101.94,369.25,13.46,8.06,6.47,1.25,NORMAL,-12.9,12.9
777314,2025-06-29,DET,MIN,Comerica Park,6,100.45,365.5,7.78,5.01,9.15,0.55,NORMAL,-18.3,18.3
777315,2025-06-28,LAA,WSH,Angel Stadium,8,101.35,383.0,12.45,8.11,7.93,1.02,NORMAL,-15.9,15.9
777316,2025-06-29,ATL,PHI,Truist Park,6,103.1,378.5,19.78,9.01,9.15,0.98,NORMAL,-18.3,18.3
777317,2025-06-29,BAL,TB,Oriole Park at Camden Yards,8,99.76,363.38,8.06,2.8,7.93,0.35,NORMAL,-15.9,15.9
777318,2025-06-28,AZ,MIA,Chase Field,14,104.3,345.36,-5.79,-17.06,5.99,-2.85,DEAD,-12.0,12.0
777319,2025-06-28,KC,LAD,Kauffman Stadium,9,101.1,366.89,3.98,-8.04,7.47,-1.08,NORMAL,-14.9,14.9
777320,2025-06-28,HOU,CHC,Daikin Park,11,102.11,344.0,-4.9,-6.69,6.76,-0.99,NORMAL,-13.5,13.5
777321,2025-06-28,MIL,COL,American Family Field,5,100.66,359.0,15.4,6.66,10.03,0.66,NORMAL,-20.1,20.1
777322,2025-06-28,TEX,SEA,Globe Life Field,5,101.66,372.6,0.91,-2.68,10.03,-0.27,NORMAL,-20.1,20.1
777323,2025-06-28,BOS,TOR,Fenway Park,5,103.82,367.2,10.92,8.77,10.03,0.87,NORMAL,-20.1,20.1
777324,2025-06-28,DET,MIN,Comerica Park,11,101.89,380.91,7.86,5.09,6.76,0.75,NORMAL,-13.5,13.5
777325,2025-06-28,PIT,NYM,PNC Park,6,101.35,331.33,13.43,8.03,9.15,0.88,NORMAL,-18.3,18.3
777326,2025-06-28,NYY,ATH,Yankee Stadium,5,102.5,370.4,-6.76,-7.21,10.03,-0.72,NORMAL,-20.1,20.1
777327,2025-06-28,CWS,SF,Rate Field,9,102.26,334.0,-3.32,-3.58,7.47,-0.48,NORMAL,-14.9,14.9
777328,2025-06-28,CIN,SD,Great American Ball Park,5,100.58,372.8,11.48,5.22,10.03,0.52,NORMAL,-20.1,20.1
777329,2025-06-28,CLE,STL,Progressive Field,17,101.98,354.53,2.2,0.49,5.44,0.09,NORMAL,-10.9,10.9
777330,2025-06-28,BAL,TB,Oriole Park at Camden Yards,10,104.01,363.6,8.98,3.72,7.09,0.52,NORMAL,-14.2,14.2
777331,2025-06-27,LAA,WSH,Angel Stadium,11,101.85,357.91,10.55,6.21,6.76,0.92,NORMAL,-13.5,13.5
777332,2025-06-27,AZ,MIA,Chase Field,11,103.35,378.73,13.93,2.66,6.76,0.39,NORMAL,-13.5,13.5
777333,2025-06-28,ATL,PHI,Truist Park,6,106.1,348.5,3.87,-6.91,9.15,-0.76,NORMAL,-18.3,18.3
777335,2025-06-27,KC,LAD,Kauffman Stadium,6,103.35,390.5,19.27,7.26,9.15,0.79,NORMAL,-18.3,18.3
777336,2025-06-27,HOU,CHC,Daikin Park,13,101.51,347.92,4.28,2.49,6.22,0.4,NORMAL,-12.4,12.4
777338,2025-06-27,CWS,SF,Rate Field,6,100.22,318.0,-23.36,-23.62,9.15,-2.58,DEAD,-18.3,18.3
777339,2025-06-27,MIL,COL,American Family Field,9,99.59,356.22,-2.23,-10.96,7.47,-1.47,NORMAL,-14.9,14.9
777340,2025-06-27,TEX,SEA,Globe Life Field,11,102.21,356.36,7.1,3.51,6.76,0.52,NORMAL,-13.5,13.5
777341,2025-06-27,PIT,NYM,PNC Park,11,102.05,353.82,6.11,0.71,6.76,0.11,NORMAL,-13.5,13.5
777342,2025-06-27,ATL,PHI,Truist Park,15,102.7,370.87,12.42,1.64,5.79,0.28,NORMAL,-11.6,11.6
777343,2025-06-27,BAL,TB,Oriole Park at Camden Yards,16,102.84,349.25,-6.59,-11.85,5.61,-2.11,DEAD,-11.2,11.2
777344,2025-06-26,COL,LAD,Coors Field,7,102.26,347.86,4.98,-15.29,8.48,-1.8,NORMAL,-17.0,17.0
777345,2025-06-27,BOS,TOR,Fenway Park,9,102.39,320.67,-4.1,-6.25,7.47,-0.84,NORMAL,-14.9,14.9
777346,2025-06-27,CIN,SD,Great American Ball Park,9,100.86,356.0,6.03,-0.22,7.47,-0.03,NORMAL,-14.9,14.9
777347,2025-06-26,SF,MIA,Oracle Park,11,103.83,357.18,-0.1,-1.55,6.76,-0.23,NORMAL,-13.5,13.5
777348,2025-06-26,STL,CHC,Busch Stadium,9,101.53,350.33,9.65,5.34,7.47,0.71,NORMAL,-14.9,14.9
777349,2025-06-27,CLE,STL,Progressive Field,7,102.26,360.14,-1.23,-2.95,8.48,-0.35,NORMAL,-17.0,17.0
777351,2025-06-26,DET,ATH,Comerica Park,5,100.9,383.4,10.09,7.32,10.03,0.73,NORMAL,-20.1,20.1
777352,2025-06-26,NYM,ATL,Citi Field,6,100.43,355.33,-3.15,-2.02,9.15,-0.22,NORMAL,-18.3,18.3
777353,2025-06-26,KC,TB,Kauffman Stadium,10,100.85,354.1,14.96,2.95,7.09,0.42,NORMAL,-14.2,14.2
777354,2025-06-26,CLE,TOR,Progressive Field,8,101.96,356.62,13.23,11.52,7.93,1.45,NORMAL,-15.9,15.9
777355,2025-06-25,SF,MIA,Oracle Park,11,101.73,328.73,-19.31,-20.76,6.76,-3.07,DEAD,-13.5,13.5
777356,2025-06-26,MIN,SEA,Target Field,13,101.21,356.31,10.7,4.28,6.22,0.69,NORMAL,-12.4,12.4
777357,2025-06-25,STL,CHC,Busch Stadium,11,100.76,345.36,1.07,-3.24,6.76,-0.48,NORMAL,-13.5,13.5
777358,2025-06-25,COL,LAD,Coors Field,5,101.56,385.8,16.59,-3.69,10.03,-0.37,NORMAL,-20.1,20.1
777361,2025-06-25,MIL,PIT,American Family Field,5,98.0,364.8,2.1,-6.63,10.03,-0.66,NORMAL,-20.1,20.1
777362,2025-06-25,LAA,BOS,Angel Stadium,6,102.53,343.5,3.58,-0.75,9.15,-0.08,NORMAL,-18.3,18.3
777364,2025-06-24,SF,MIA,Oracle Park,9,101.69,359.33,-0.79,-2.24,7.47,-0.3,NORMAL,-14.9,14.9
777365,2025-06-25,BAL,TEX,Oriole Park at Camden Yards,8,99.6,334.62,-1.17,-6.43,7.93,-0.81,NORMAL,-15.9,15.9
777366,2025-06-25,HOU,PHI,Daikin Park,5,101.24,335.0,-1.9,-3.69,10.03,-0.37,NORMAL,-20.1,20.1
777368,2025-06-25,CLE,TOR,Progressive Field,5,98.5,350.2,10.48,8.76,10.03,0.87,NORMAL,-20.1,20.1
777369,2025-06-25,NYM,ATL,Citi Field,11,103.01,362.82,-1.53,-0.4,6.76,-0.06,NORMAL,-13.5,13.5
777370,2025-06-25,CWS,AZ,Rate Field,13,102.42,359.15,-8.55,-8.81,6.22,-1.42,NORMAL,-12.4,12.4
777371,2025-06-25,DET,ATH,Comerica Park,6,101.68,373.33,21.57,18.8,9.15,2.05,JUICED,-18.3,18.3
777372,2025-06-24,SD,WSH,Petco Park,6,102.4,351.83,10.16,10.35,9.15,1.13,NORMAL,-18.3,18.3
777373,2025-06-24,STL,CHC,Busch Stadium,14,102.31,349.21,6.48,2.16,5.99,0.36,NORMAL,-12.0,12.0
777374,2025-06-24,MIL,PIT,American Family Field,11,99.76,351.0,12.6,3.87,6.76,0.57,NORMAL,-13.5,13.5
777375,2025-06-24,MIN,SEA,Target Field,5,98.86,364.0,4.84,-1.58,10.03,-0.16,NORMAL,-20.1,20.1
777376,2025-06-24,LAA,BOS,Angel Stadium,5,103.46,376.0,3.13,-1.21,10.03,-0.12,NORMAL,-20.1,20.1
777377,2025-06-24,HOU,PHI,Daikin Park,6,100.7,360.83,2.58,0.79,9.15,0.09,NORMAL,-18.3,18.3
777378,2025-06-24,KC,TB,Kauffman Stadium,9,101.96,342.22,11.75,-0.26,7.47,-0.04,NORMAL,-14.9,14.9
777379,2025-06-24,COL,LAD,Coors Field,7,103.66,366.86,20.88,0.6,8.48,0.07,NORMAL,-17.0,17.0
777380,2025-06-24,BAL,TEX,Oriole Park at Camden Yards,8,101.34,362.25,13.55,8.28,7.93,1.05,NORMAL,-15.9,15.9
777382,2025-06-23,SD,WSH,Petco Park,13,101.61,371.92,5.68,5.88,6.22,0.95,NORMAL,-12.4,12.4
777383,2025-06-24,CWS,AZ,Rate Field,12,100.35,347.25,-2.0,-2.25,6.47,-0.35,NORMAL,-12.9,12.9
777384,2025-06-24,CLE,TOR,Progressive Field,12,102.74,367.92,9.6,7.89,6.47,1.22,NORMAL,-12.9,12.9
777385,2025-06-24,CIN,NYY,Great American Ball Park,5,101.7,351.8,4.61,-1.64,10.03,-0.16,NORMAL,-20.1,20.1
777386,2025-06-24,DET,ATH,Comerica Park,10,102.84,360.2,3.27,0.49,7.09,0.07,NORMAL,-14.2,14.2
777388,2025-06-23,MIN,SEA,Target Field,9,104.32,373.44,18.59,12.17,7.47,1.63,NORMAL,-14.9,14.9
777389,2025-06-23,NYM,ATL,Citi Field,8,103.44,348.38,-2.28,-1.16,7.93,-0.15,NORMAL,-15.9,15.9
777390,2025-06-23,CIN,NYY,Great American Ball Park,9,100.8,358.0,3.87,-2.38,7.47,-0.32,NORMAL,-14.9,14.9
777391,2025-06-23,MIL,PIT,American Family Field,7,100.89,362.14,18.52,9.79,8.48,1.15,NORMAL,-17.0,17.0
777392,2025-06-23,STL,CHC,Busch Stadium,13,102.39,363.85,17.12,12.8,6.22,2.06,JUICED,-12.4,12.4
777393,2025-06-23,CWS,AZ,Rate Field,11,101.44,337.45,-5.74,-6.0,6.76,-0.89,NORMAL,-13.5,13.5
777394,2025-06-23,BAL,TEX,Oriole Park at Camden Yards,10,101.41,317.7,-9.06,-14.32,7.09,-2.02,DEAD,-14.2,14.2
777395,2025-06-22,SF,BOS,Oracle Park,9,103.1,364.33,-1.05,-2.5,7.47,-0.33,NORMAL,-14.9,14.9
777396,2025-06-22,SD,KC,Petco Park,7,102.26,360.43,-1.07,-0.87,8.48,-0.1,NORMAL,-17.0,17.0
777397,2025-06-22,LAA,HOU,Angel Stadium,9,100.54,364.89,13.1,8.77,7.47,1.17,NORMAL,-14.9,14.9
777398,2025-06-22,LAD,WSH,Dodger Stadium,8,102.02,349.5,5.3,2.02,7.93,0.25,NORMAL,-15.9,15.9
777400,2025-06-22,ATH,CLE,Sutter Health Park,6,99.08,327.83,-9.2,-20.43,9.15,-2.23,DEAD,-18.3,18.3
777401,2025-06-22,MIN,MIL,Target Field,8,103.26,356.38,11.74,5.33,7.93,0.67,NORMAL,-15.9,15.9
777402,2025-06-22,MIA,ATL,loanDepot park,8,100.14,338.5,-6.63,-11.97,7.93,-1.51,NORMAL,-15.9,15.9
777403,2025-06-22,CHC,SEA,Wrigley Field,9,100.73,373.33,15.98,15.35,7.47,2.05,JUICED,-14.9,14.9
777404,2025-06-22,PIT,TEX,PNC Park,8,101.19,331.75,5.85,0.45,7.93,0.06,NORMAL,-15.9,15.9
777405,2025-06-22,PHI,NYM,Citizens Bank Park,7,103.33,372.29,16.3,10.93,8.48,1.29,NORMAL,-17.0,17.0
777407,2025-06-22,STL,CIN,Busch Stadium,7,98.37,353.43,11.47,7.16,8.48,0.84,NORMAL,-17.0,17.0
777408,2025-06-22,TOR,CWS,Rogers Centre,5,97.94,340.8,2.17,-1.79,10.03,-0.18,NORMAL,-20.1,20.1
777409,2025-06-22,TB,DET,George M. Steinbrenner Field,6,100.83,376.33,10.95,11.93,9.15,1.3,NORMAL,-18.3,18.3
777410,2025-06-21,COL,AZ,Coors Field,7,100.9,391.14,37.72,17.44,8.48,2.06,JUICED,-17.0,17.0
777411,2025-06-21,ATH,CLE,Sutter Health Park,9,101.89,327.67,6.17,-5.06,7.47,-0.68,NORMAL,-14.9,14.9
777412,2025-06-21,MIN,MIL,Target Field,9,100.47,336.89,4.63,-1.79,7.47,-0.24,NORMAL,-14.9,14.9
777413,2025-06-21,SD,KC,Petco Park,8,102.65,323.5,-7.79,-7.6,7.93,-0.96,NORMAL,-15.9,15.9
777414,2025-06-21,LAA,HOU,Angel Stadium,8,102.96,343.88,-1.69,-6.02,7.93,-0.76,NORMAL,-15.9,15.9
777415,2025-06-21,STL,CIN,Busch Stadium,7,101.14,347.29,9.73,5.42,8.48,0.64,NORMAL,-17.0,17.0
777416,2025-06-21,LAD,WSH,Dodger Stadium,11,102.7,383.55,6.08,2.8,6.76,0.41,NORMAL,-13.5,13.5
777417,2025-06-21,SF,BOS,Oracle Park,6,101.83,355.17,-6.21,-7.66,9.15,-0.84,NORMAL,-18.3,18.3
777418,2025-06-21,TOR,CWS,Rogers Centre,10,100.18,335.3,-6.63,-10.59,7.09,-1.49,NORMAL,-14.2,14.2
777419,2025-06-21,CHC,SEA,Wrigley Field,8,103.7,372.75,6.89,6.26,7.93,0.79,NORMAL,-15.9,15.9
777420,2025-06-21,TB,DET,George M. Steinbrenner Field,7,103.9,364.86,2.69,3.67,8.48,0.43,NORMAL,-17.0,17.0
777421,2025-06-21,PIT,TEX,PNC Park,7,99.5,341.0,4.4,-1.0,8.48,-0.12,NORMAL,-17.0,17.0
777422,2025-06-21,NYY,BAL,Yankee Stadium,7,101.26,352.71,4.73,4.29,8.48,0.51,NORMAL,-17.0,17.0
777423,2025-06-21,PHI,NYM,Citizens Bank Park,12,104.81,392.08,15.0,9.64,6.47,1.49,NORMAL,-12.9,12.9
777424,2025-06-21,MIA,ATL,loanDepot park,7,99.93,351.0,-1.59,-6.93,8.48,-0.82,NORMAL,-17.0,17.0
777425,2025-06-20,SF,BOS,Oracle Park,5,102.62,355.6,-16.77,-18.22,10.03,-1.82,NORMAL,-20.1,20.1
777426,2025-06-20,SD,KC,Petco Park,10,103.54,332.2,-15.06,-14.86,7.09,-2.1,DEAD,-14.2,14.2
777427,2025-06-20,LAD,WSH,Dodger Stadium,10,101.88,365.1,8.8,5.51,7.09,0.78,NORMAL,-14.2,14.2
777428,2025-06-20,LAA,HOU,Angel Stadium,8,103.02,377.0,12.2,7.87,7.93,0.99,NORMAL,-15.9,15.9
777429,2025-06-20,ATH,CLE,Sutter Health Park,7,100.09,337.71,12.55,1.33,8.48,0.16,NORMAL,-17.0,17.0
777430,2025-06-20,COL,AZ,Coors Field,16,103.21,397.56,29.87,9.59,5.61,1.71,NORMAL,-11.2,11.2
777431,2025-06-20,TB,DET,George M. Steinbrenner Field,9,104.62,340.89,-3.63,-2.65,7.47,-0.35,NORMAL,-14.9,14.9
777432,2025-06-20,PIT,TEX,PNC Park,8,102.21,368.12,9.49,4.09,7.93,0.52,NORMAL,-15.9,15.9
777434,2025-06-20,MIN,MIL,Target Field,11,101.38,323.36,7.49,1.08,6.76,0.16,NORMAL,-13.5,13.5
777435,2025-06-20,TOR,CWS,Rogers Centre,9,104.03,374.67,10.9,6.94,7.47,0.93,NORMAL,-14.9,14.9
777436,2025-06-20,CHC,SEA,Wrigley Field,9,103.33,368.89,15.11,14.49,7.47,1.94,NORMAL,-14.9,14.9
777437,2025-06-20,PHI,NYM,Citizens Bank Park,7,101.7,351.14,4.18,-1.18,8.48,-0.14,NORMAL,-17.0,17.0
777438,2025-06-20,NYY,BAL,Yankee Stadium,9,99.54,351.89,-7.05,-7.5,7.47,-1.0,NORMAL,-14.9,14.9
777439,2025-06-20,MIA,ATL,loanDepot park,8,104.08,377.12,8.95,3.61,7.93,0.46,NORMAL,-15.9,15.9
777441,2025-06-19,ATH,HOU,Sutter Health Park,11,101.26,352.91,20.63,9.4,6.76,1.39,NORMAL,-13.5,13.5
777442,2025-06-19,LAD,SD,Dodger Stadium,9,99.89,352.0,7.96,4.67,7.47,0.62,NORMAL,-14.9,14.9
777443,2025-06-19,TEX,KC,Globe Life Field,11,100.88,362.73,-1.24,-4.83,6.76,-0.71,NORMAL,-13.5,13.5
777444,2025-06-19,MIA,PHI,loanDepot park,6,103.15,370.5,3.04,-2.3,9.15,-0.25,NORMAL,-18.3,18.3
777445,2025-06-19,WSH,COL,Nationals Park,10,105.52,339.3,3.69,-1.19,7.09,-0.17,NORMAL,-14.2,14.2
777446,2025-06-19,TB,BAL,George M. Steinbrenner Field,6,101.57,336.33,-0.27,0.71,9.15,0.08,NORMAL,-18.3,18.3
777447,2025-06-19,CWS,STL,Rate Field,7,103.41,360.71,-9.85,-10.11,8.48,-1.19,NORMAL,-17.0,17.0
777448,2025-06-19,TOR,AZ,Rogers Centre,7,102.0,376.57,11.53,7.57,8.48,0.89,NORMAL,-17.0,17.0
777449,2025-06-19,NYY,LAA,Yankee Stadium,11,103.79,370.64,9.22,8.78,6.76,1.3,NORMAL,-13.5,13.5
777450,2025-06-19,CHC,MIL,Wrigley Field,12,102.23,355.42,7.36,6.73,6.47,1.04,NORMAL,-12.9,12.9
777452,2025-06-19,CIN,MIN,Great American Ball Park,12,103.12,377.58,13.62,7.37,6.47,1.14,NORMAL,-12.9,12.9
777453,2025-06-18,SEA,BOS,T-Mobile Park,5,100.56,354.2,12.2,9.27,10.03,0.92,NORMAL,-20.1,20.1
777455,2025-06-19,ATL,NYM,Truist Park,6,99.32,346.33,5.9,-4.88,9.15,-0.53,NORMAL,-18.3,18.3
777456,2025-06-18,ATH,HOU,Sutter Health Park,8,100.85,341.38,8.38,-2.85,7.93,-0.36,NORMAL,-15.9,15.9
777457,2025-06-18,LAD,SD,Dodger Stadium,9,103.41,320.11,-16.67,-19.95,7.47,-2.67,DEAD,-14.9,14.9
777458,2025-06-19,CWS,STL,Rate Field,12,101.87,362.08,17.44,17.19,6.47,2.66,JUICED,-12.9,12.9
777459,2025-08-18,CHC,MIL,Wrigley Field,5,99.76,350.2,4.45,3.82,10.03,0.38,NORMAL,-20.1,20.1
777460,2025-06-18,TEX,KC,Globe Life Field,6,99.77,369.5,7.3,3.7,9.15,0.4,NORMAL,-18.3,18.3
777461,2025-06-18,WSH,COL,Nationals Park,7,102.69,333.71,3.33,-1.55,8.48,-0.18,NORMAL,-17.0,17.0
777462,2025-06-18,TOR,AZ,Rogers Centre,7,99.5,350.86,12.06,8.1,8.48,0.96,NORMAL,-17.0,17.0
777463,2025-06-18,TB,BAL,George M. Steinbrenner Field,14,102.51,357.21,2.7,3.68,5.99,0.61,NORMAL,-12.0,12.0
777464,2025-06-19,DET,PIT,Comerica Park,6,102.82,373.17,7.02,4.24,9.15,0.46,NORMAL,-18.3,18.3
777465,2025-06-18,MIA,PHI,loanDepot park,12,101.19,354.58,-8.27,-13.61,6.47,-2.1,DEAD,-12.9,12.9
777466,2025-06-18,NYY,LAA,Yankee Stadium,7,105.49,351.86,0.76,0.32,8.48,0.04,NORMAL,-17.0,17.0
777467,2025-06-17,CWS,STL,Rate Field,10,101.1,340.6,8.82,8.57,7.09,1.21,NORMAL,-14.2,14.2
777468,2025-06-17,TEX,KC,Globe Life Field,7,103.1,344.57,11.04,7.44,8.48,0.88,NORMAL,-17.0,17.0
777469,2025-06-17,ATH,HOU,Sutter Health Park,8,100.76,371.62,34.49,23.27,7.93,2.94,JUICED,-15.9,15.9
777471,2025-06-17,LAD,SD,Dodger Stadium,9,102.1,377.22,13.82,10.54,7.47,1.41,NORMAL,-14.9,14.9
777472,2025-06-17,SF,CLE,Oracle Park,6,103.7,361.5,9.98,8.53,9.15,0.93,NORMAL,-18.3,18.3
777473,2025-06-17,SEA,BOS,T-Mobile Park,5,104.52,352.4,-9.61,-12.54,10.03,-1.25,NORMAL,-20.1,20.1
777475,2025-06-17,DET,PIT,Comerica Park,12,101.15,360.67,10.52,7.74,6.47,1.2,NORMAL,-12.9,12.9
777477,2025-06-17,TB,BAL,George M. Steinbrenner Field,9,100.54,347.78,0.15,1.13,7.47,0.15,NORMAL,-14.9,14.9
777478,2025-06-17,CIN,MIN,Great American Ball Park,6,101.88,364.5,-7.56,-13.81,9.15,-1.51,NORMAL,-18.3,18.3
777479,2025-06-17,TOR,AZ,Rogers Centre,13,105.35,360.23,12.48,8.52,6.22,1.37,NORMAL,-12.4,12.4
777480,2025-06-17,WSH,COL,Nationals Park,19,102.07,376.0,10.77,5.89,5.14,1.15,NORMAL,-10.3,10.3
777481,2025-06-17,MIA,PHI,loanDepot park,10,103.71,364.9,8.89,3.55,7.09,0.5,NORMAL,-14.2,14.2
777482,2025-06-17,CHC,MIL,Wrigley Field,9,99.72,365.22,25.65,25.03,7.47,3.35,JUICED,-14.9,14.9
777483,2025-06-16,MIA,PHI,loanDepot park,7,102.63,347.0,6.37,1.03,8.48,0.12,NORMAL,-17.0,17.0
777484,2025-06-16,TB,BAL,George M. Steinbrenner Field,6,100.52,331.67,-5.71,-4.73,9.15,-0.52,NORMAL,-18.3,18.3
777486,2025-06-16,SEA,BOS,T-Mobile Park,5,99.2,357.4,-7.58,-10.52,10.03,-1.05,NORMAL,-20.1,20.1
777487,2025-06-16,NYY,LAA,Yankee Stadium,8,102.21,348.75,-21.4,-21.84,7.93,-2.76,DEAD,-15.9,15.9
777488,2025-06-16,WSH,COL,Nationals Park,10,102.33,365.6,1.28,-3.6,7.09,-0.51,NORMAL,-14.2,14.2
777489,2025-06-17,ATL,NYM,Truist Park,6,102.07,354.33,-3.28,-14.06,9.15,-1.54,NORMAL,-18.3,18.3
777490,2025-06-16,LAD,SD,Dodger Stadium,5,103.84,314.0,-7.93,-11.21,10.03,-1.12,NORMAL,-20.1,20.1
777491,2025-06-15,AZ,SD,Chase Field,5,102.02,405.4,13.6,2.32,10.03,0.23,NORMAL,-20.1,20.1
777492,2025-06-15,MIL,STL,American Family Field,7,101.47,359.0,13.72,4.98,8.48,0.59,NORMAL,-17.0,17.0
777493,2025-06-15,TEX,CWS,Globe Life Field,7,100.1,324.43,-5.94,-9.53,8.48,-1.12,NORMAL,-17.0,17.0
777494,2025-06-15,HOU,MIN,Daikin Park,7,101.06,332.86,3.77,1.98,8.48,0.23,NORMAL,-17.0,17.0
777495,2025-06-15,SEA,CLE,T-Mobile Park,7,101.01,331.29,3.72,0.78,8.48,0.09,NORMAL,-17.0,17.0
777496,2025-06-15,KC,ATH,Kauffman Stadium,8,102.88,361.38,13.37,1.36,7.93,0.17,NORMAL,-15.9,15.9
777497,2025-06-15,CHC,PIT,Wrigley Field,7,102.49,347.71,-12.27,-12.9,8.48,-1.52,NORMAL,-17.0,17.0
777499,2025-06-15,PHI,TOR,Citizens Bank Park,10,101.34,356.1,10.73,5.36,7.09,0.76,NORMAL,-14.2,14.2
777501,2025-06-15,BAL,LAA,Oriole Park at Camden Yards,15,99.94,356.87,-2.22,-7.48,5.79,-1.29,NORMAL,-11.6,11.6
777502,2025-06-15,NYM,TB,Citi Field,5,99.5,361.4,-2.11,-0.99,10.03,-0.1,NORMAL,-20.1,20.1
777503,2025-06-15,WSH,MIA,Nationals Park,7,102.59,347.57,-0.18,-5.06,8.48,-0.6,NORMAL,-17.0,17.0
777505,2025-06-15,DET,CIN,Comerica Park,11,104.15,371.18,5.01,2.23,6.76,0.33,NORMAL,-13.5,13.5
777506,2025-06-14,LAD,SF,Dodger Stadium,10,103.33,344.4,-10.5,-13.79,7.09,-1.94,NORMAL,-14.2,14.2
777507,2025-06-14,SEA,CLE,T-Mobile Park,6,100.93,312.0,-17.14,-20.08,9.15,-2.19,DEAD,-18.3,18.3
777508,2025-06-14,TEX,CWS,Globe Life Field,11,100.76,334.45,-2.07,-5.66,6.76,-0.84,NORMAL,-13.5,13.5
777509,2025-06-14,PHI,TOR,Citizens Bank Park,6,100.55,362.17,1.71,-3.65,9.15,-0.4,NORMAL,-18.3,18.3
777510,2025-06-14,HOU,MIN,Daikin Park,8,100.38,351.5,-0.4,-2.19,7.93,-0.28,NORMAL,-15.9,15.9
777511,2025-06-14,KC,ATH,Kauffman Stadium,10,100.91,370.9,10.39,-1.63,7.09,-0.23,NORMAL,-14.2,14.2
777512,2025-06-14,MIL,STL,American Family Field,5,101.48,359.8,17.57,8.84,10.03,0.88,NORMAL,-20.1,20.1
777513,2025-06-14,CHC,PIT,Wrigley Field,9,102.58,347.56,-15.44,-16.07,7.47,-2.15,DEAD,-14.9,14.9
777514,2025-06-14,WSH,MIA,Nationals Park,5,104.1,358.0,16.07,11.19,10.03,1.12,NORMAL,-20.1,20.1
777515,2025-06-14,AZ,SD,Chase Field,6,103.57,371.17,8.54,-2.74,9.15,-0.3,NORMAL,-18.3,18.3
777516,2025-06-14,BOS,NYY,Fenway Park,10,102.82,321.8,-23.44,-25.59,7.09,-3.61,DEAD,-14.2,14.2
777517,2025-06-14,DET,CIN,Comerica Park,14,102.72,340.71,-5.47,-8.24,5.99,-1.38,NORMAL,-12.0,12.0
777518,2025-06-14,NYM,TB,Citi Field,5,108.2,379.8,-7.82,-6.7,10.03,-0.67,NORMAL,-20.1,20.1
777519,2025-06-14,BAL,LAA,Oriole Park at Camden Yards,12,102.92,343.5,-2.18,-7.44,6.47,-1.15,NORMAL,-12.9,12.9
777520,2025-06-13,SEA,CLE,T-Mobile Park,6,101.28,387.67,9.06,6.12,9.15,0.67,NORMAL,-18.3,18.3
777521,2025-06-13,AZ,SD,Chase Field,8,99.19,351.75,16.19,4.91,7.93,0.62,NORMAL,-15.9,15.9
777522,2025-06-13,LAD,SF,Dodger Stadium,6,103.72,362.0,-5.41,-8.69,9.15,-0.95,NORMAL,-18.3,18.3
777524,2025-06-13,TEX,CWS,Globe Life Field,5,98.68,343.6,-0.68,-4.27,10.03,-0.43,NORMAL,-20.1,20.1
777526,2025-06-13,CHC,PIT,Wrigley Field,9,101.61,342.78,4.55,3.93,7.47,0.53,NORMAL,-14.9,14.9
777527,2025-06-13,HOU,MIN,Daikin Park,12,102.55,346.83,6.12,4.33,6.47,0.67,NORMAL,-12.9,12.9
777528,2025-06-13,NYM,TB,Citi Field,10,105.61,339.7,-13.61,-12.48,7.09,-1.76,NORMAL,-14.2,14.2
777529,2025-06-13,KC,ATH,Kauffman Stadium,9,100.72,364.33,20.73,8.72,7.47,1.17,NORMAL,-14.9,14.9
777530,2025-06-13,WSH,MIA,Nationals Park,7,105.34,392.86,13.88,9.0,8.48,1.06,NORMAL,-17.0,17.0
777531,2025-06-13,PHI,TOR,Citizens Bank Park,6,103.58,357.67,-0.7,-6.06,9.15,-0.66,NORMAL,-18.3,18.3
777533,2025-06-12,MIN,TEX,Target Field,14,101.79,359.79,13.15,6.73,5.99,1.12,NORMAL,-12.0,12.0
777534,2025-06-12,COL,SF,Coors Field,9,99.62,349.22,21.36,1.09,7.47,0.15,NORMAL,-14.9,14.9
777535,2025-06-13,ATL,COL,Truist Park,9,105.57,373.56,22.91,12.13,7.47,1.62,NORMAL,-14.9,14.9
777536,2025-06-12,KC,NYY,Kauffman Stadium,6,101.45,360.83,16.97,4.96,9.15,0.54,NORMAL,-18.3,18.3
777537,2025-06-13,BOS,NYY,Fenway Park,6,106.37,370.33,-2.26,-4.41,9.15,-0.48,NORMAL,-18.3,18.3
777538,2025-06-13,DET,CIN,Comerica Park,16,102.66,337.44,-1.37,-4.14,5.61,-0.74,NORMAL,-11.2,11.2
777540,2025-06-12,BAL,DET,Oriole Park at Camden Yards,7,102.79,357.29,-0.36,-5.62,8.48,-0.66,NORMAL,-17.0,17.0
777541,2025-06-12,CHC,PIT,Wrigley Field,5,102.26,336.8,7.22,6.59,10.03,0.66,NORMAL,-20.1,20.1
777542,2025-06-11,LAA,ATH,Angel Stadium,5,104.9,396.8,16.1,11.76,10.03,1.17,NORMAL,-20.1,20.1
777543,2025-06-11,SD,LAD,Petco Park,7,104.33,374.0,-2.74,-2.54,8.48,-0.3,NORMAL,-17.0,17.0
777544,2025-06-12,NYM,WSH,Citi Field,6,99.08,371.83,7.56,8.69,9.15,0.95,NORMAL,-18.3,18.3
777545,2025-06-11,STL,TOR,Busch Stadium,8,100.84,348.88,14.71,10.4,7.93,1.31,NORMAL,-15.9,15.9
777546,2025-06-12,HOU,CWS,Daikin Park,11,101.25,353.09,2.18,0.39,6.76,0.06,NORMAL,-13.5,13.5
777547,2025-06-11,COL,SF,Coors Field,10,101.39,374.8,17.23,-3.04,7.09,-0.43,NORMAL,-14.2,14.2
777548,2025-06-11,AZ,SEA,Chase Field,7,99.57,357.57,16.1,4.83,8.48,0.57,NORMAL,-17.0,17.0
777549,2025-06-11,CLE,CIN,Progressive Field,7,99.94,357.43,12.06,10.35,8.48,1.22,NORMAL,-17.0,17.0
777550,2025-06-11,HOU,CWS,Daikin Park,12,101.41,342.0,-5.64,-7.44,6.47,-1.15,NORMAL,-12.9,12.9
777551,2025-06-11,KC,NYY,Kauffman Stadium,6,103.43,352.17,16.81,4.79,9.15,0.52,NORMAL,-18.3,18.3
777552,2025-06-11,PIT,MIA,PNC Park,6,101.72,323.5,-13.48,-18.88,9.15,-2.06,DEAD,-18.3,18.3
777553,2025-06-11,PHI,CHC,Citizens Bank Park,8,102.54,361.5,11.84,6.48,7.93,0.82,NORMAL,-15.9,15.9
777554,2025-06-11,MIL,ATL,American Family Field,5,104.26,375.2,-1.68,-10.42,10.03,-1.04,NORMAL,-20.1,20.1
777555,2025-06-11,NYM,WSH,Citi Field,9,103.38,367.11,-0.48,0.65,7.47,0.09,NORMAL,-14.9,14.9
777556,2025-06-11,MIN,TEX,Target Field,8,101.05,358.62,17.89,11.47,7.93,1.45,NORMAL,-15.9,15.9
777557,2025-06-10,MIN,TEX,Target Field,15,102.68,353.67,0.68,-5.74,5.79,-0.99,NORMAL,-11.6,11.6
777558,2025-06-10,STL,TOR,Busch Stadium,11,102.93,353.36,-4.44,-8.75,6.76,-1.29,NORMAL,-13.5,13.5
777559,2025-06-10,AZ,SEA,Chase Field,10,104.2,378.1,9.91,-1.36,7.09,-0.19,NORMAL,-14.2,14.2
777560,2025-06-10,SD,LAD,Petco Park,8,101.65,339.12,3.8,4.0,7.93,0.5,NORMAL,-15.9,15.9
777563,2025-06-10,COL,SF,Coors Field,12,101.74,387.67,24.51,4.23,6.47,0.65,NORMAL,-12.9,12.9
777564,2025-06-10,LAA,ATH,Angel Stadium,8,103.09,364.25,9.36,5.02,7.93,0.63,NORMAL,-15.9,15.9
777565,2025-06-10,BOS,TB,Fenway Park,7,100.54,354.43,-1.59,-3.74,8.48,-0.44,NORMAL,-17.0,17.0
777566,2025-06-10,PIT,MIA,PNC Park,8,101.32,356.62,19.35,13.95,7.93,1.76,NORMAL,-15.9,15.9
777567,2025-06-10,HOU,CWS,Daikin Park,5,102.18,354.6,8.31,6.52,10.03,0.65,NORMAL,-20.1,20.1
777568,2025-06-10,MIL,ATL,American Family Field,6,102.53,373.83,13.5,4.76,9.15,0.52,NORMAL,-18.3,18.3
777569,2025-06-10,CLE,CIN,Progressive Field,8,100.21,340.88,18.61,16.9,7.93,2.13,JUICED,-15.9,15.9
777570,2025-06-10,NYM,WSH,Citi Field,9,104.71,361.67,11.49,12.62,7.47,1.69,NORMAL,-14.9,14.9
777571,2025-06-10,PHI,CHC,Citizens Bank Park,6,100.48,381.33,18.64,13.28,9.15,1.45,NORMAL,-18.3,18.3
777573,2025-06-10,BAL,DET,Oriole Park at Camden Yards,11,101.59,346.82,-3.51,-8.77,6.76,-1.3,NORMAL,-13.5,13.5
777574,2025-06-09,PIT,MIA,PNC Park,10,101.86,350.4,11.11,5.71,7.09,0.8,NORMAL,-14.2,14.2
777575,2025-06-09,MIL,ATL,American Family Field,8,102.04,369.0,1.59,-7.15,7.93,-0.9,NORMAL,-15.9,15.9
777576,2025-06-09,LAA,ATH,Angel Stadium,9,103.96,367.89,-0.55,-4.88,7.47,-0.65,NORMAL,-14.9,14.9
777577,2025-06-09,AZ,SEA,Chase Field,5,102.1,394.4,13.03,1.76,10.03,0.18,NORMAL,-20.1,20.1
777578,2025-06-09,PHI,CHC,Citizens Bank Park,13,101.21,343.69,-4.81,-10.17,6.22,-1.64,NORMAL,-12.4,12.4
777579,2025-06-09,SD,LAD,Petco Park,11,101.85,339.09,-9.39,-9.19,6.76,-1.36,NORMAL,-13.5,13.5
777580,2025-06-09,CLE,CIN,Progressive Field,5,100.86,354.4,12.33,10.62,10.03,1.06,NORMAL,-20.1,20.1
777581,2025-06-09,STL,TOR,Busch Stadium,11,100.66,349.0,-1.9,-6.22,6.76,-0.92,NORMAL,-13.5,13.5
777582,2025-06-08,STL,LAD,Busch Stadium,9,102.12,358.22,6.82,2.51,7.47,0.34,NORMAL,-14.9,14.9
777583,2025-06-08,COL,NYM,Coors Field,11,103.29,371.18,20.32,0.04,6.76,0.01,NORMAL,-13.5,13.5
777585,2025-06-08,MIN,TOR,Target Field,7,101.37,338.57,-6.3,-12.72,8.48,-1.5,NORMAL,-17.0,17.0
777588,2025-06-08,ATH,BAL,Sutter Health Park,5,100.8,366.4,5.49,-5.74,10.03,-0.57,NORMAL,-20.1,20.1
777589,2025-06-08,LAA,SEA,Angel Stadium,7,100.87,349.86,2.16,-2.18,8.48,-0.26,NORMAL,-17.0,17.0
777590,2025-06-08,CWS,KC,Rate Field,7,104.4,361.14,16.24,15.99,8.48,1.89,NORMAL,-17.0,17.0
777592,2025-06-08,TB,MIA,George M. Steinbrenner Field,8,100.25,341.75,-2.77,-1.79,7.93,-0.23,NORMAL,-15.9,15.9
777593,2025-06-08,NYY,BOS,Yankee Stadium,8,104.3,374.62,3.04,2.59,7.93,0.33,NORMAL,-15.9,15.9
777594,2025-06-08,DET,CHC,Comerica Park,9,100.33,331.11,-14.74,-17.52,7.47,-2.34,DEAD,-14.9,14.9
777596,2025-06-08,WSH,TEX,Nationals Park,8,100.32,354.38,11.79,6.91,7.93,0.87,NORMAL,-15.9,15.9
777597,2025-06-07,MIL,SD,American Family Field,5,99.2,336.6,-3.22,-11.95,10.03,-1.19,NORMAL,-20.1,20.1
777599,2025-06-07,ATH,BAL,Sutter Health Park,5,103.2,340.2,3.41,-7.81,10.03,-0.78,NORMAL,-20.1,20.1
777600,2025-06-07,MIN,TOR,Target Field,5,102.6,382.8,11.11,4.69,10.03,0.47,NORMAL,-20.1,20.1
777601,2025-06-07,STL,LAD,Busch Stadium,5,100.18,351.4,-10.16,-14.48,10.03,-1.44,NORMAL,-20.1,20.1
777602,2025-06-08,CIN,AZ,Great American Ball Park,10,100.23,367.3,3.86,-2.4,7.09,-0.34,NORMAL,-14.2,14.2
777603,2025-06-07,LAA,SEA,Angel Stadium,14,103.29,375.43,12.85,8.51,5.99,1.42,NORMAL,-12.0,12.0
777604,2025-06-07,COL,NYM,Coors Field,11,103.12,354.36,5.19,-15.09,6.76,-2.23,DEAD,-13.5,13.5
777605,2025-06-07,NYY,BOS,Yankee Stadium,7,99.67,355.43,22.23,21.79,8.48,2.57,JUICED,-17.0,17.0
777606,2025-06-07,CWS,KC,Rate Field,5,100.94,360.4,-0.16,-0.41,10.03,-0.04,NORMAL,-20.1,20.1
777607,2025-06-07,PIT,PHI,PNC Park,6,101.6,358.5,16.31,10.91,9.15,1.19,NORMAL,-18.3,18.3
777608,2025-06-07,CLE,HOU,Progressive Field,9,100.38,327.44,-0.4,-2.11,7.47,-0.28,NORMAL,-14.9,14.9
777609,2025-06-07,DET,CHC,Comerica Park,8,104.38,372.12,-2.98,-5.75,7.93,-0.73,NORMAL,-15.9,15.9
777610,2025-06-07,WSH,TEX,Nationals Park,6,100.67,347.67,8.32,3.44,9.15,0.38,NORMAL,-18.3,18.3
777611,2025-06-07,TB,MIA,George M. Steinbrenner Field,9,101.62,359.78,12.31,13.29,7.47,1.78,NORMAL,-14.9,14.9
777612,2025-06-07,CIN,AZ,Great American Ball Park,6,98.65,351.33,2.56,-3.7,9.15,-0.4,NORMAL,-18.3,18.3
777613,2025-06-06,ATH,BAL,Sutter Health Park,7,103.74,377.14,26.44,15.21,8.48,1.79,NORMAL,-17.0,17.0
777614,2025-06-06,LAA,SEA,Angel Stadium,7,102.11,382.86,12.93,8.6,8.48,1.01,NORMAL,-17.0,17.0
777615,2025-06-06,MIN,TOR,Target Field,11,102.11,371.82,12.43,6.01,6.76,0.89,NORMAL,-13.5,13.5
777616,2025-06-06,COL,NYM,Coors Field,10,98.64,353.2,8.46,-11.82,7.09,-1.67,NORMAL,-14.2,14.2
777617,2025-06-06,MIL,SD,American Family Field,6,101.68,348.67,2.86,-5.87,9.15,-0.64,NORMAL,-18.3,18.3
777618,2025-06-06,CWS,KC,Rate Field,10,102.88,351.1,15.6,15.35,7.09,2.17,JUICED,-14.2,14.2
777619,2025-06-06,SF,ATL,Oracle Park,5,101.22,330.4,-10.76,-12.21,10.03,-1.22,NORMAL,-20.1,20.1
777620,2025-06-06,STL,LAD,Busch Stadium,6,101.1,344.67,-9.11,-13.43,9.15,-1.47,NORMAL,-18.3,18.3
777621,2025-06-06,PIT,PHI,PNC Park,7,104.03,365.29,1.59,-3.81,8.48,-0.45,NORMAL,-17.0,17.0
777622,2025-06-06,CLE,HOU,Progressive Field,9,101.72,346.56,-1.54,-3.26,7.47,-0.44,NORMAL,-14.9,14.9
777623,2025-06-06,CIN,AZ,Great American Ball Park,12,101.33,368.42,10.75,4.5,6.47,0.69,NORMAL,-12.9,12.9
777625,2025-06-06,TB,MIA,George M. Steinbrenner Field,6,102.17,368.33,12.46,13.44,9.15,1.47,NORMAL,-18.3,18.3
777626,2025-06-06,DET,CHC,Comerica Park,9,101.78,351.78,-3.84,-6.61,7.47,-0.88,NORMAL,-14.9,14.9
777627,2025-06-06,NYY,BOS,Yankee Stadium,9,101.53,369.0,9.26,8.81,7.47,1.18,NORMAL,-14.9,14.9
777628,2025-06-05,SEA,BAL,T-Mobile Park,9,102.51,350.33,0.68,-2.25,7.47,-0.3,NORMAL,-14.9,14.9
777630,2025-06-05,PIT,HOU,PNC Park,7,102.67,349.14,6.1,0.7,8.48,0.08,NORMAL,-17.0,17.0
777631,2025-06-05,LAD,NYM,Dodger Stadium,9,102.08,363.11,3.6,0.31,7.47,0.04,NORMAL,-14.9,14.9
777632,2025-06-05,WSH,CHC,Nationals Park,14,103.64,350.57,4.43,-0.45,5.99,-0.08,NORMAL,-12.0,12.0
777633,2025-06-05,SF,SD,Oracle Park,6,102.97,371.67,5.05,3.6,9.15,0.39,NORMAL,-18.3,18.3
777634,2025-06-05,CWS,DET,Rate Field,8,100.82,342.0,-0.48,-0.73,7.93,-0.09,NORMAL,-15.9,15.9
777635,2025-06-05,STL,KC,Busch Stadium,6,103.73,356.0,-7.7,-12.01,9.15,-1.31,NORMAL,-18.3,18.3
777636,2025-06-05,ATH,MIN,Sutter Health Park,12,101.88,360.42,13.68,2.45,6.47,0.38,NORMAL,-12.9,12.9
777637,2025-06-05,TOR,PHI,Rogers Centre,8,100.81,345.0,21.55,17.59,7.93,2.22,JUICED,-15.9,15.9
777638,2025-06-04,LAD,NYM,Dodger Stadium,7,104.56,369.71,10.98,7.69,8.48,0.91,NORMAL,-17.0,17.0
777639,2025-06-04,CWS,DET,Rate Field,10,101.62,334.7,-11.58,-11.83,7.09,-1.67,NORMAL,-14.2,14.2
777640,2025-06-05,ATL,AZ,Truist Park,12,104.02,377.58,14.93,4.15,6.47,0.64,NORMAL,-12.9,12.9
777641,2025-06-04,SF,SD,Oracle Park,8,101.74,356.0,3.04,1.59,7.93,0.2,NORMAL,-15.9,15.9
777642,2025-06-05,STL,KC,Busch Stadium,10,100.26,343.2,-4.18,-8.49,7.09,-1.2,NORMAL,-14.2,14.2
777643,2025-06-04,ATH,MIN,Sutter Health Park,6,100.4,376.83,13.55,2.32,9.15,0.25,NORMAL,-18.3,18.3
777644,2025-06-05,NYY,CLE,Yankee Stadium,7,99.74,358.57,9.36,8.92,8.48,1.05,NORMAL,-17.0,17.0
777647,2025-06-04,CIN,MIL,Great American Ball Park,7,103.17,359.0,20.39,14.13,8.48,1.67,NORMAL,-17.0,17.0
777648,2025-06-04,PIT,HOU,PNC Park,9,104.18,346.11,13.38,7.98,7.47,1.07,NORMAL,-14.9,14.9
777649,2025-06-04,BOS,LAA,Fenway Park,8,99.1,335.0,3.39,1.24,7.93,0.16,NORMAL,-15.9,15.9
777651,2025-06-04,TOR,PHI,Rogers Centre,8,99.79,359.12,8.8,4.84,7.93,0.61,NORMAL,-15.9,15.9
777652,2025-06-04,MIA,COL,loanDepot park,10,101.47,343.8,-0.56,-5.91,7.09,-0.83,NORMAL,-14.2,14.2
777653,2025-06-04,NYY,CLE,Yankee Stadium,7,102.04,324.57,-7.15,-7.59,8.48,-0.9,NORMAL,-17.0,17.0
777655,2025-06-03,SEA,BAL,T-Mobile Park,7,101.77,361.29,8.07,5.13,8.48,0.61,NORMAL,-17.0,17.0
777656,2025-06-03,SF,SD,Oracle Park,7,100.57,330.43,7.67,6.21,8.48,0.73,NORMAL,-17.0,17.0
777657,2025-06-03,LAD,NYM,Dodger Stadium,8,103.98,359.25,-4.97,-8.26,7.93,-1.04,NORMAL,-15.9,15.9
777658,2025-06-03,ATH,MIN,Sutter Health Park,10,103.12,375.7,23.93,12.71,7.09,1.79,NORMAL,-14.2,14.2
777659,2025-06-03,WSH,CHC,Nationals Park,10,102.11,365.7,2.0,-2.88,7.09,-0.41,NORMAL,-14.2,14.2
777660,2025-06-03,STL,KC,Busch Stadium,8,101.14,360.12,6.68,2.36,7.93,0.3,NORMAL,-15.9,15.9
777661,2025-06-03,CWS,DET,Rate Field,5,102.04,340.6,-2.48,-2.73,10.03,-0.27,NORMAL,-20.1,20.1
777663,2025-06-03,PIT,HOU,PNC Park,11,100.7,369.55,6.85,1.45,6.76,0.22,NORMAL,-13.5,13.5
777664,2025-06-03,NYY,CLE,Yankee Stadium,6,102.52,342.5,5.59,5.15,9.15,0.56,NORMAL,-18.3,18.3
777665,2025-06-03,TOR,PHI,Rogers Centre,8,100.9,358.5,7.59,3.63,7.93,0.46,NORMAL,-15.9,15.9
777666,2025-06-03,MIA,COL,loanDepot park,6,100.77,345.83,-3.59,-8.93,9.15,-0.98,NORMAL,-18.3,18.3
777667,2025-06-03,BOS,LAA,Fenway Park,10,101.96,353.1,-2.12,-4.27,7.09,-0.6,NORMAL,-14.2,14.2
777668,2025-06-03,CIN,MIL,Great American Ball Park,8,102.35,349.75,-5.88,-12.14,7.93,-1.53,NORMAL,-15.9,15.9
777669,2025-06-02,ATH,MIN,Sutter Health Park,6,104.02,362.33,22.4,11.18,9.15,1.22,NORMAL,-18.3,18.3
777670,2025-06-02,BOS,LAA,Fenway Park,13,104.97,361.15,-1.72,-3.87,6.22,-0.62,NORMAL,-12.4,12.4
777671,2025-06-02,CIN,MIL,Great American Ball Park,7,102.46,337.86,1.64,-4.61,8.48,-0.54,NORMAL,-17.0,17.0
777672,2025-06-03,ATL,AZ,Truist Park,10,106.14,386.1,9.33,-1.45,7.09,-0.2,NORMAL,-14.2,14.2
777673,2025-06-02,MIA,COL,loanDepot park,11,103.41,355.36,4.16,-1.18,6.76,-0.17,NORMAL,-13.5,13.5
777674,2025-06-02,CWS,DET,Rate Field,9,100.8,354.22,-5.29,-5.55,7.47,-0.74,NORMAL,-14.9,14.9
777675,2025-06-02,LAD,NYM,Dodger Stadium,8,102.42,374.0,8.52,5.24,7.93,0.66,NORMAL,-15.9,15.9
777677,2025-06-01,KC,DET,Kauffman Stadium,7,101.73,328.71,0.04,-11.97,8.48,-1.41,NORMAL,-17.0,17.0
777678,2025-06-01,TEX,STL,Globe Life Field,9,103.78,340.0,-6.92,-10.51,7.47,-1.41,NORMAL,-14.9,14.9
777679,2025-06-01,AZ,WSH,Chase Field,10,100.73,338.1,7.92,-3.36,7.09,-0.47,NORMAL,-14.2,14.2
777680,2025-06-01,SEA,MIN,T-Mobile Park,5,102.2,356.2,1.54,-1.4,10.03,-0.14,NORMAL,-20.1,20.1
777681,2025-06-01,SD,PIT,Petco Park,10,101.95,357.2,2.28,2.48,7.09,0.35,NORMAL,-14.2,14.2
777682,2025-06-01,LAD,NYY,Dodger Stadium,7,101.3,363.86,4.56,1.28,8.48,0.15,NORMAL,-17.0,17.0
777684,2025-06-01,BAL,CWS,Oriole Park at Camden Yards,11,98.57,337.09,2.1,-3.16,6.76,-0.47,NORMAL,-13.5,13.5
777685,2025-06-01,TOR,ATH,Rogers Centre,6,106.82,325.33,2.94,-1.02,9.15,-0.11,NORMAL,-18.3,18.3
777686,2025-06-01,NYM,COL,Citi Field,7,104.33,376.0,5.65,6.78,8.48,0.8,NORMAL,-17.0,17.0
777687,2025-06-01,CHC,CIN,Wrigley Field,8,103.51,331.5,-18.26,-18.88,7.93,-2.38,DEAD,-15.9,15.9
777689,2025-06-01,MIA,SF,loanDepot park,5,98.64,335.2,-1.67,-7.01,10.03,-0.7,NORMAL,-20.1,20.1
777690,2025-06-01,HOU,TB,Daikin Park,5,100.24,347.4,2.35,0.56,10.03,0.06,NORMAL,-20.1,20.1
777692,2025-06-01,ATL,BOS,Truist Park,5,101.74,386.6,16.29,5.51,10.03,0.55,NORMAL,-20.1,20.1
777693,2025-05-31,HOU,TB,Daikin Park,11,103.28,362.64,10.42,8.63,6.76,1.28,NORMAL,-13.5,13.5
777695,2025-05-31,SEA,MIN,T-Mobile Park,8,101.99,352.88,-6.52,-9.46,7.93,-1.19,NORMAL,-15.9,15.9
777696,2025-05-31,AZ,WSH,Chase Field,11,100.97,350.18,13.11,1.84,6.76,0.27,NORMAL,-13.5,13.5
777697,2025-05-31,TEX,STL,Globe Life Field,5,99.14,340.2,-12.78,-16.37,10.03,-1.63,NORMAL,-20.1,20.1
777698,2025-05-31,LAD,NYY,Dodger Stadium,10,103.99,384.4,9.48,6.2,7.09,0.87,NORMAL,-14.2,14.2
777699,2025-05-31,BAL,CWS,Oriole Park at Camden Yards,8,102.86,361.75,-6.72,-11.98,7.93,-1.51,NORMAL,-15.9,15.9
777700,2025-05-31,NYM,COL,Citi Field,7,103.56,381.14,0.51,1.64,8.48,0.19,NORMAL,-17.0,17.0
777701,2025-05-31,TOR,ATH,Rogers Centre,12,104.29,377.42,6.79,2.83,6.47,0.44,NORMAL,-12.9,12.9
777702,2025-05-31,PHI,MIL,Citizens Bank Park,12,103.03,345.5,-10.71,-16.08,6.47,-2.48,DEAD,-12.9,12.9
777703,2025-05-31,CLE,LAA,Progressive Field,12,100.42,341.92,-13.4,-15.11,6.47,-2.34,DEAD,-12.9,12.9
777706,2025-05-31,ATL,BOS,Truist Park,5,102.94,393.0,21.76,10.98,10.03,1.09,NORMAL,-20.1,20.1
777707,2025-05-30,SD,PIT,Petco Park,5,99.74,296.6,3.6,3.8,10.03,0.38,NORMAL,-20.1,20.1
777708,2025-05-30,LAD,NYY,Dodger Stadium,12,101.15,358.42,1.9,-1.38,6.47,-0.21,NORMAL,-12.9,12.9
777709,2025-05-30,TEX,STL,Globe Life Field,8,100.98,348.38,-5.27,-8.87,7.93,-1.12,NORMAL,-15.9,15.9
777710,2025-05-30,AZ,WSH,Chase Field,6,102.87,374.5,4.55,-6.73,9.15,-0.73,NORMAL,-18.3,18.3
777711,2025-05-30,KC,DET,Kauffman Stadium,9,105.04,398.67,12.96,0.95,7.47,0.13,NORMAL,-14.9,14.9
777712,2025-05-30,CHC,CIN,Wrigley Field,9,102.97,362.0,5.8,5.17,7.47,0.69,NORMAL,-14.9,14.9
777713,2025-05-30,SEA,MIN,T-Mobile Park,9,103.72,376.22,8.11,5.17,7.47,0.69,NORMAL,-14.9,14.9
777714,2025-05-30,HOU,TB,Daikin Park,6,104.83,372.17,7.75,5.96,9.15,0.65,NORMAL,-18.3,18.3
777715,2025-05-30,PHI,MIL,Citizens Bank Park,6,102.03,349.83,0.31,-5.05,9.15,-0.55,NORMAL,-18.3,18.3
777716,2025-05-30,TOR,ATH,Rogers Centre,13,104.06,385.31,14.75,10.79,6.22,1.74,NORMAL,-12.4,12.4
777717,2025-05-30,MIA,SF,loanDepot park,7,101.24,349.0,15.0,9.65,8.48,1.14,NORMAL,-17.0,17.0
777718,2025-05-30,NYM,COL,Citi Field,9,101.19,365.44,7.14,8.26,7.47,1.11,NORMAL,-14.9,14.9
777720,2025-05-30,BAL,CWS,Oriole Park at Camden Yards,6,100.35,333.0,-6.22,-11.48,9.15,-1.25,NORMAL,-18.3,18.3
777722,2025-05-29,SEA,WSH,T-Mobile Park,6,103.05,375.5,10.44,7.5,9.15,0.82,NORMAL,-18.3,18.3
777723,2025-05-29,PHI,ATL,Citizens Bank Park,8,101.55,372.5,4.96,-0.4,7.93,-0.05,NORMAL,-15.9,15.9
777725,2025-05-29,HOU,TB,Daikin Park,9,105.78,378.22,10.07,8.28,7.47,1.11,NORMAL,-14.9,14.9
777726,2025-05-28,SD,MIA,Petco Park,8,103.65,351.25,12.26,12.46,7.93,1.57,NORMAL,-15.9,15.9
777727,2025-05-29,TOR,ATH,Rogers Centre,10,99.74,352.2,4.91,0.95,7.09,0.13,NORMAL,-14.2,14.2
777729,2025-05-28,AZ,PIT,Chase Field,10,101.4,343.7,5.08,-6.2,7.09,-0.87,NORMAL,-14.2,14.2
777730,2025-05-28,SEA,WSH,T-Mobile Park,9,104.76,379.56,14.96,12.02,7.47,1.61,NORMAL,-14.9,14.9
777731,2025-05-28,CHC,COL,Wrigley Field,5,103.54,348.6,-10.33,-10.95,10.03,-1.09,NORMAL,-20.1,20.1
777732,2025-05-28,TB,MIN,George M. Steinbrenner Field,7,99.49,337.14,11.74,12.72,8.48,1.5,NORMAL,-17.0,17.0
777733,2025-05-28,KC,CIN,Kauffman Stadium,7,100.0,338.29,2.21,-9.81,8.48,-1.16,NORMAL,-17.0,17.0
777734,2025-05-28,HOU,ATH,Daikin Park,11,101.99,359.55,12.72,10.93,6.76,1.62,NORMAL,-13.5,13.5
777735,2025-05-29,PHI,ATL,Citizens Bank Park,13,102.66,383.69,-0.32,-5.68,6.22,-0.91,NORMAL,-12.4,12.4
777736,2025-05-28,MIL,BOS,American Family Field,10,102.09,363.2,8.03,-0.71,7.09,-0.1,NORMAL,-14.2,14.2
777737,2025-05-28,NYM,CWS,Citi Field,7,102.93,323.0,-19.79,-18.67,8.48,-2.2,DEAD,-17.0,17.0
777739,2025-05-28,CLE,LAD,Progressive Field,10,103.82,333.7,0.03,-1.68,7.09,-0.24,NORMAL,-14.2,14.2
777740,2025-05-28,BAL,STL,Oriole Park at Camden Yards,10,102.52,343.9,12.8,7.54,7.09,1.06,NORMAL,-14.2,14.2
777742,2025-05-27,SD,MIA,Petco Park,10,101.64,353.6,-4.04,-3.84,7.09,-0.54,NORMAL,-14.2,14.2
777743,2025-05-27,SEA,WSH,T-Mobile Park,12,101.92,365.42,1.15,-1.79,6.47,-0.28,NORMAL,-12.9,12.9
777744,2025-05-27,AZ,PIT,Chase Field,8,104.6,399.88,17.77,6.49,7.93,0.82,NORMAL,-15.9,15.9
777745,2025-05-27,LAA,NYY,Angel Stadium,11,104.11,355.91,-2.41,-6.74,6.76,-1.0,NORMAL,-13.5,13.5
777746,2025-05-27,TB,MIN,George M. Steinbrenner Field,6,101.92,339.67,-2.44,-1.46,9.15,-0.16,NORMAL,-18.3,18.3
777749,2025-05-27,NYM,CWS,Citi Field,11,100.6,343.45,8.37,9.49,6.76,1.4,NORMAL,-13.5,13.5
777750,2025-05-27,KC,CIN,Kauffman Stadium,8,104.4,368.38,16.21,4.19,7.93,0.53,NORMAL,-15.9,15.9
777751,2025-05-27,CHC,COL,Wrigley Field,13,100.59,330.38,-15.65,-16.27,6.22,-2.62,DEAD,-12.4,12.4
777752,2025-05-27,HOU,ATH,Daikin Park,9,104.0,356.56,1.94,0.15,7.47,0.02,NORMAL,-14.9,14.9
777753,2025-05-27,CLE,LAD,Progressive Field,8,103.91,377.62,-1.72,-3.44,7.93,-0.43,NORMAL,-15.9,15.9
777754,2025-05-27,BAL,STL,Oriole Park at Camden Yards,6,104.1,363.33,9.15,3.89,9.15,0.42,NORMAL,-18.3,18.3
777755,2025-05-27,DET,SF,Comerica Park,9,100.33,317.56,-11.9,-14.67,7.47,-1.96,NORMAL,-14.9,14.9
777756,2025-05-26,SD,MIA,Petco Park,9,104.98,353.22,-6.07,-5.87,7.47,-0.79,NORMAL,-14.9,14.9
777757,2025-05-26,CHC,COL,Wrigley Field,8,100.16,343.5,1.05,0.42,7.93,0.05,NORMAL,-15.9,15.9
777759,2025-05-26,TEX,TOR,Globe Life Field,9,102.56,338.11,9.95,6.35,7.47,0.85,NORMAL,-14.9,14.9
777760,2025-05-26,KC,CIN,Kauffman Stadium,5,101.78,351.2,2.34,-9.68,10.03,-0.96,NORMAL,-20.1,20.1
777761,2025-05-26,AZ,PIT,Chase Field,9,101.3,348.33,2.61,-8.67,7.47,-1.16,NORMAL,-14.9,14.9
777762,2025-05-26,TB,MIN,George M. Steinbrenner Field,9,101.59,365.89,13.22,14.2,7.47,1.9,NORMAL,-14.9,14.9
777765,2025-05-25,ATH,PHI,Sutter Health Park,6,100.9,364.83,29.43,18.2,9.15,1.99,NORMAL,-18.3,18.3
777766,2025-05-25,STL,AZ,Busch Stadium,10,102.15,337.2,-11.58,-15.9,7.09,-2.24,DEAD,-14.2,14.2
777767,2025-05-25,LAA,MIA,Angel Stadium,5,103.1,327.0,12.17,7.84,10.03,0.78,NORMAL,-20.1,20.1
777768,2025-05-25,COL,NYY,Coors Field,7,104.3,386.29,29.75,9.47,8.48,1.12,NORMAL,-17.0,17.0
777769,2025-05-26,CLE,LAD,Progressive Field,8,104.41,341.62,-10.75,-12.46,7.93,-1.57,NORMAL,-15.9,15.9
777770,2025-05-26,DET,SF,Comerica Park,8,101.0,316.12,-24.38,-27.15,7.93,-3.43,DEAD,-15.9,15.9
777772,2025-05-25,MIN,KC,Target Field,5,102.08,349.8,-3.51,-9.93,10.03,-0.99,NORMAL,-20.1,20.1
777773,2025-05-25,NYM,LAD,Citi Field,10,102.37,354.0,7.89,9.01,7.09,1.27,NORMAL,-14.2,14.2
777774,2025-05-25,HOU,SEA,Daikin Park,6,99.2,316.5,-5.01,-6.8,9.15,-0.74,NORMAL,-18.3,18.3
777775,2025-05-25,TB,TOR,George M. Steinbrenner Field,6,100.4,358.0,20.28,21.26,9.15,2.32,JUICED,-18.3,18.3
777776,2025-05-25,PIT,MIL,PNC Park,6,105.82,357.83,5.52,0.12,9.15,0.01,NORMAL,-18.3,18.3
777777,2025-05-25,CWS,TEX,Rate Field,8,103.14,358.75,3.14,2.88,7.93,0.36,NORMAL,-15.9,15.9
777778,2025-05-25,WSH,SF,Nationals Park,8,100.48,340.25,1.53,-3.34,7.93,-0.42,NORMAL,-15.9,15.9
777779,2025-05-25,CIN,CHC,Great American Ball Park,6,104.1,361.5,5.7,-0.56,9.15,-0.06,NORMAL,-18.3,18.3
777780,2025-05-25,DET,CLE,Comerica Park,8,100.02,348.62,-1.03,-3.81,7.93,-0.48,NORMAL,-15.9,15.9
777781,2025-05-24,LAA,MIA,Angel Stadium,6,101.5,329.83,-12.9,-17.24,9.15,-1.88,NORMAL,-18.3,18.3
777782,2025-05-24,COL,NYY,Coors Field,10,100.8,352.0,17.96,-2.31,7.09,-0.33,NORMAL,-14.2,14.2
777783,2025-05-25,ATL,SD,Truist Park,8,101.99,363.62,6.11,-4.67,7.93,-0.59,NORMAL,-15.9,15.9
777784,2025-05-24,ATH,PHI,Sutter Health Park,11,103.54,348.09,1.94,-9.28,6.76,-1.37,NORMAL,-13.5,13.5
777785,2025-05-25,BOS,BAL,Fenway Park,6,100.83,330.33,-1.94,-4.09,9.15,-0.45,NORMAL,-18.3,18.3
777786,2025-05-24,STL,AZ,Busch Stadium,5,104.46,365.4,-0.02,-4.33,10.03,-0.43,NORMAL,-20.1,20.1
777788,2025-05-24,MIN,KC,Target Field,7,102.61,351.0,9.77,3.35,8.48,0.39,NORMAL,-17.0,17.0
777789,2025-05-24,NYM,LAD,Citi Field,6,101.58,366.67,14.0,15.12,9.15,1.65,NORMAL,-18.3,18.3
777790,2025-05-24,BOS,BAL,Fenway Park,5,101.18,353.8,15.37,13.22,10.03,1.32,NORMAL,-20.1,20.1
777791,2025-05-24,CIN,CHC,Great American Ball Park,10,103.06,376.0,1.16,-5.09,7.09,-0.72,NORMAL,-14.2,14.2
777792,2025-05-24,CWS,TEX,Rate Field,14,101.22,347.86,-10.27,-10.53,5.99,-1.76,NORMAL,-12.0,12.0
777795,2025-05-24,TB,TOR,George M. Steinbrenner Field,9,102.58,362.67,4.72,5.7,7.47,0.76,NORMAL,-14.9,14.9
777796,2025-05-24,DET,CLE,Comerica Park,8,101.35,336.5,-13.89,-16.67,7.93,-2.1,DEAD,-15.9,15.9
777797,2025-05-23,STL,AZ,Busch Stadium,10,103.11,366.4,2.31,-2.0,7.09,-0.28,NORMAL,-14.2,14.2
777799,2025-05-23,MIN,KC,Target Field,6,101.75,377.5,-3.14,-9.56,9.15,-1.04,NORMAL,-18.3,18.3
777802,2025-05-23,COL,NYY,Coors Field,5,103.74,369.6,15.99,-4.29,10.03,-0.43,NORMAL,-20.1,20.1
777804,2025-05-23,ATH,PHI,Sutter Health Park,6,102.75,357.0,8.56,-2.67,9.15,-0.29,NORMAL,-18.3,18.3
777805,2025-05-23,CWS,TEX,Rate Field,6,101.6,338.33,-3.62,-3.87,9.15,-0.42,NORMAL,-18.3,18.3
777806,2025-05-23,PIT,MIL,PNC Park,10,104.5,363.4,-2.62,-8.02,7.09,-1.13,NORMAL,-14.2,14.2
777807,2025-05-23,DET,CLE,Comerica Park,7,103.4,375.29,4.84,2.06,8.48,0.24,NORMAL,-17.0,17.0
777808,2025-05-23,NYM,LAD,Citi Field,12,100.55,341.33,-8.85,-7.72,6.47,-1.19,NORMAL,-12.9,12.9
777809,2025-05-24,BOS,BAL,Fenway Park,7,101.46,363.57,6.61,4.46,8.48,0.53,NORMAL,-17.0,17.0
777810,2025-05-23,TB,TOR,George M. Steinbrenner Field,5,101.08,325.2,-9.89,-8.91,10.03,-0.89,NORMAL,-20.1,20.1
777811,2025-05-23,CIN,CHC,Great American Ball Park,9,103.67,367.67,2.02,-4.23,7.47,-0.57,NORMAL,-14.9,14.9
777812,2025-05-22,ATH,LAA,Sutter Health Park,8,101.51,385.25,20.14,8.92,7.93,1.12,NORMAL,-15.9,15.9
777813,2025-05-23,ATL,SD,Truist Park,6,105.33,388.83,19.94,9.17,9.15,1.0,NORMAL,-18.3,18.3
777814,2025-05-22,PIT,MIL,PNC Park,8,105.91,364.88,8.01,2.61,7.93,0.33,NORMAL,-15.9,15.9
777815,2025-05-23,BOS,BAL,Fenway Park,12,102.82,350.33,-4.8,-6.95,6.47,-1.07,NORMAL,-12.9,12.9
777816,2025-05-22,TOR,SD,Rogers Centre,7,101.29,351.57,2.5,-1.46,8.48,-0.17,NORMAL,-17.0,17.0
777818,2025-05-22,NYY,TEX,Yankee Stadium,7,100.26,360.86,1.83,1.39,8.48,0.16,NORMAL,-17.0,17.0
777819,2025-05-21,SF,KC,Oracle Park,9,104.03,354.78,-11.9,-13.35,7.47,-1.79,NORMAL,-14.9,14.9
777820,2025-05-22,WSH,ATL,Nationals Park,12,102.76,358.67,1.74,-3.14,6.47,-0.48,NORMAL,-12.9,12.9
777821,2025-05-22,DET,CLE,Comerica Park,7,102.13,329.86,10.08,7.3,8.48,0.86,NORMAL,-17.0,17.0
777822,2025-05-22,HOU,SEA,Daikin Park,8,101.69,349.88,15.21,13.42,7.93,1.69,NORMAL,-15.9,15.9
777823,2025-05-21,COL,PHI,Coors Field,14,102.26,364.14,22.8,2.52,5.99,0.42,NORMAL,-12.0,12.0
777824,2025-05-21,LAD,AZ,Dodger Stadium,8,101.79,353.38,4.64,1.36,7.93,0.17,NORMAL,-15.9,15.9
777825,2025-09-16,WSH,ATL,Nationals Park,9,102.5,348.67,-4.61,-9.48,7.47,-1.27,NORMAL,-14.9,14.9
777826,2025-05-21,MIL,BAL,American Family Field,8,102.42,353.88,9.39,0.65,7.93,0.08,NORMAL,-15.9,15.9
777827,2025-05-21,STL,DET,Busch Stadium,6,99.63,332.83,-6.45,-10.76,9.15,-1.18,NORMAL,-18.3,18.3
777828,2025-05-21,ATH,LAA,Sutter Health Park,12,104.05,397.08,26.25,15.02,6.47,2.32,JUICED,-12.9,12.9
777829,2025-05-21,MIN,CLE,Target Field,8,102.7,339.5,3.71,-2.71,7.93,-0.34,NORMAL,-15.9,15.9
777830,2025-05-21,CWS,SEA,Rate Field,12,101.22,339.0,3.09,2.83,6.47,0.44,NORMAL,-12.9,12.9
777831,2025-05-21,BOS,NYM,Fenway Park,10,102.06,335.4,-29.27,-31.42,7.09,-4.43,DEAD,-14.2,14.2
777832,2025-05-21,TB,HOU,George M. Steinbrenner Field,7,103.3,372.29,5.66,6.64,8.48,0.78,NORMAL,-17.0,17.0
777833,2025-05-21,MIA,CHC,loanDepot park,8,98.81,350.88,5.09,-0.25,7.93,-0.03,NORMAL,-15.9,15.9
777834,2025-05-21,PIT,CIN,PNC Park,11,100.87,323.36,-3.24,-8.64,6.76,-1.28,NORMAL,-13.5,13.5
777835,2025-05-21,NYY,TEX,Yankee Stadium,8,106.79,372.5,-7.11,-7.55,7.93,-0.95,NORMAL,-15.9,15.9
777837,2025-05-21,TOR,SD,Rogers Centre,11,100.39,342.09,-3.69,-7.65,6.76,-1.13,NORMAL,-13.5,13.5
777838,2025-05-20,LAD,AZ,Dodger Stadium,7,105.34,340.71,0.39,-2.9,8.48,-0.34,NORMAL,-17.0,17.0
777839,2025-09-20,MIN,CLE,Target Field,8,103.56,367.5,13.16,6.74,7.93,0.85,NORMAL,-15.9,15.9
777840,2025-05-20,STL,DET,Busch Stadium,14,103.06,353.29,-8.85,-13.17,5.99,-2.2,DEAD,-12.0,12.0
777841,2025-05-20,WSH,ATL,Nationals Park,5,99.32,354.6,13.49,8.61,10.03,0.86,NORMAL,-20.1,20.1
777842,2025-05-20,COL,PHI,Coors Field,9,104.29,345.22,12.9,-7.38,7.47,-0.99,NORMAL,-14.9,14.9
777843,2025-05-20,ATH,LAA,Sutter Health Park,14,103.21,357.21,9.62,-1.61,5.99,-0.27,NORMAL,-12.0,12.0
777844,2025-05-20,MIL,BAL,American Family Field,7,101.79,374.71,13.0,4.26,8.48,0.5,NORMAL,-17.0,17.0
777845,2025-05-20,TOR,SD,Rogers Centre,6,102.17,354.5,8.8,4.84,9.15,0.53,NORMAL,-18.3,18.3
777846,2025-05-20,CWS,SEA,Rate Field,7,98.9,333.43,2.92,2.67,8.48,0.31,NORMAL,-17.0,17.0
777849,2025-05-20,NYY,TEX,Yankee Stadium,6,103.17,359.17,1.49,1.05,9.15,0.11,NORMAL,-18.3,18.3
777850,2025-05-20,MIA,CHC,loanDepot park,11,99.93,354.91,0.87,-4.47,6.76,-0.66,NORMAL,-13.5,13.5
777851,2025-05-20,BOS,NYM,Fenway Park,7,102.2,361.0,-3.51,-5.66,8.48,-0.67,NORMAL,-17.0,17.0
777852,2025-05-19,COL,PHI,Coors Field,8,102.75,387.5,13.52,-6.76,7.93,-0.85,NORMAL,-15.9,15.9
777853,2025-05-19,ATH,LAA,Sutter Health Park,8,103.35,348.5,-1.99,-13.22,7.93,-1.67,NORMAL,-15.9,15.9
777854,2025-05-19,LAD,AZ,Dodger Stadium,16,102.28,361.62,7.61,4.32,5.61,0.77,NORMAL,-11.2,11.2
777855,2025-05-19,SF,KC,Oracle Park,6,98.82,358.83,19.25,17.8,9.15,1.94,NORMAL,-18.3,18.3
777857,2025-05-19,CWS,SEA,Rate Field,6,102.1,338.5,-15.47,-15.72,9.15,-1.72,NORMAL,-18.3,18.3
777858,2025-05-19,TB,HOU,George M. Steinbrenner Field,9,101.09,322.11,-8.46,-7.48,7.47,-1.0,NORMAL,-14.9,14.9
777859,2025-05-19,PIT,CIN,PNC Park,9,101.82,335.89,-6.54,-11.94,7.47,-1.6,NORMAL,-14.9,14.9
777860,2025-05-19,MIL,BAL,American Family Field,8,102.91,359.12,1.64,-7.1,7.93,-0.89,NORMAL,-15.9,15.9
777861,2025-05-19,MIN,CLE,Target Field,9,104.28,352.0,11.24,4.82,7.47,0.65,NORMAL,-14.9,14.9
777862,2025-05-19,STL,DET,Busch Stadium,7,102.84,357.57,13.64,9.33,8.48,1.1,NORMAL,-17.0,17.0
777863,2025-05-19,MIA,CHC,loanDepot park,12,103.95,371.67,8.06,2.72,6.47,0.42,NORMAL,-12.9,12.9
777864,2025-05-18,KC,STL,Kauffman Stadium,6,101.95,334.67,-21.93,-33.95,9.15,-3.71,DEAD,-18.3,18.3
777865,2025-05-18,MIL,MIN,American Family Field,6,102.93,355.83,7.96,-0.77,9.15,-0.08,NORMAL,-18.3,18.3
777866,2025-05-18,LAD,LAA,Dodger Stadium,12,101.08,350.42,4.05,0.77,6.47,0.12,NORMAL,-12.9,12.9
777867,2025-05-18,SF,ATH,Oracle Park,8,101.14,359.25,7.83,6.38,7.93,0.81,NORMAL,-15.9,15.9
777868,2025-05-18,SD,SEA,Petco Park,10,102.4,342.4,-9.36,-9.16,7.09,-1.29,NORMAL,-14.2,14.2
777869,2025-05-18,TEX,HOU,Globe Life Field,9,100.96,350.67,4.07,0.48,7.47,0.06,NORMAL,-14.9,14.9
777871,2025-05-18,TOR,DET,Rogers Centre,9,100.74,333.33,-0.53,-4.49,7.47,-0.6,NORMAL,-14.9,14.9
777872,2025-05-18,CHC,CWS,Wrigley Field,11,102.77,312.0,-18.48,-19.11,6.76,-2.83,DEAD,-13.5,13.5
777873,2025-05-18,BAL,WSH,Oriole Park at Camden Yards,10,101.85,379.9,7.4,2.14,7.09,0.3,NORMAL,-14.2,14.2
777875,2025-05-17,SD,SEA,Petco Park,6,101.35,360.17,-1.46,-1.27,9.15,-0.14,NORMAL,-18.3,18.3
777876,2025-05-18,BOS,ATL,Fenway Park,12,103.07,354.17,10.48,8.33,6.47,1.29,NORMAL,-12.9,12.9
777881,2025-05-17,CHC,CWS,Wrigley Field,8,101.84,357.88,4.73,4.1,7.93,0.52,NORMAL,-15.9,15.9
777882,2025-05-17,TEX,HOU,Globe Life Field,8,106.12,372.62,16.79,13.19,7.93,1.66,NORMAL,-15.9,15.9
777883,2025-05-17,MIL,MIN,American Family Field,7,101.16,356.29,18.73,9.99,8.48,1.18,NORMAL,-17.0,17.0
777884,2025-05-17,LAD,LAA,Dodger Stadium,15,102.11,329.27,-11.21,-14.5,5.79,-2.5,DEAD,-11.6,11.6
777885,2025-05-17,KC,STL,Kauffman Stadium,7,100.61,371.29,13.03,1.01,8.48,0.12,NORMAL,-17.0,17.0
777887,2025-05-17,AZ,COL,Chase Field,15,103.9,377.53,20.11,8.83,5.79,1.53,NORMAL,-11.6,11.6
777888,2025-05-17,NYY,NYM,Yankee Stadium,8,103.49,350.12,6.52,6.08,7.93,0.77,NORMAL,-15.9,15.9
777889,2025-05-17,MIA,TB,loanDepot park,5,99.88,338.4,13.89,8.55,10.03,0.85,NORMAL,-20.1,20.1
777890,2025-05-17,BAL,WSH,Oriole Park at Camden Yards,12,101.08,351.0,14.28,9.02,6.47,1.39,NORMAL,-12.9,12.9
777891,2025-05-16,SF,ATH,Oracle Park,8,99.82,351.25,7.71,6.26,7.93,0.79,NORMAL,-15.9,15.9
777892,2025-05-17,CIN,CLE,Great American Ball Park,6,103.35,352.17,7.54,1.29,9.15,0.14,NORMAL,-18.3,18.3
777893,2025-05-17,BOS,ATL,Fenway Park,9,105.32,391.22,2.76,0.61,7.47,0.08,NORMAL,-14.9,14.9
777895,2025-05-16,TEX,HOU,Globe Life Field,9,103.42,366.89,-1.24,-4.84,7.47,-0.65,NORMAL,-14.9,14.9
777896,2025-05-16,SD,SEA,Petco Park,8,101.25,355.62,-2.2,-2.0,7.93,-0.25,NORMAL,-15.9,15.9
777897,2025-05-16,AZ,COL,Chase Field,5,103.76,336.2,15.89,4.61,10.03,0.46,NORMAL,-20.1,20.1
777899,2025-05-16,LAD,LAA,Dodger Stadium,6,108.1,315.67,-21.61,-24.89,9.15,-2.72,DEAD,-18.3,18.3
777900,2025-05-16,CHC,CWS,Wrigley Field,11,104.05,346.64,12.34,11.71,6.76,1.73,NORMAL,-13.5,13.5
777901,2025-05-16,KC,STL,Kauffman Stadium,9,101.94,357.89,26.72,14.7,7.47,1.97,NORMAL,-14.9,14.9
777902,2025-05-16,CIN,CLE,Great American Ball Park,8,101.0,345.38,0.24,-6.02,7.93,-0.76,NORMAL,-15.9,15.9
777906,2025-05-16,TOR,DET,Rogers Centre,9,103.01,358.33,2.65,-1.31,7.47,-0.17,NORMAL,-14.9,14.9
777907,2025-05-16,BAL,WSH,Oriole Park at Camden Yards,10,103.72,368.9,9.18,3.92,7.09,0.55,NORMAL,-14.2,14.2
777909,2025-05-15,ATL,WSH,Truist Park,5,100.12,338.4,-1.85,-12.63,10.03,-1.26,NORMAL,-20.1,20.1
777910,2025-05-15,TEX,HOU,Globe Life Field,8,103.12,333.0,-3.24,-6.84,7.93,-0.86,NORMAL,-15.9,15.9
777911,2025-05-15,BAL,MIN,Oriole Park at Camden Yards,6,101.38,349.33,-3.41,-8.68,9.15,-0.95,NORMAL,-18.3,18.3
777912,2025-05-15,CIN,CWS,Great American Ball Park,8,101.55,379.88,4.33,-1.92,7.93,-0.24,NORMAL,-15.9,15.9
777913,2025-05-15,TOR,TB,Rogers Centre,11,104.4,380.27,8.03,4.07,6.76,0.6,NORMAL,-13.5,13.5
777915,2025-05-14,SEA,NYY,T-Mobile Park,8,106.85,357.88,-5.37,-8.3,7.93,-1.05,NORMAL,-15.9,15.9
777916,2025-05-14,SF,AZ,Oracle Park,8,101.62,339.0,-7.1,-8.55,7.93,-1.08,NORMAL,-15.9,15.9
777917,2025-05-14,LAD,ATH,Dodger Stadium,10,104.98,380.2,7.1,3.81,7.09,0.54,NORMAL,-14.2,14.2
777918,2025-05-14,TEX,COL,Globe Life Field,6,102.82,387.0,18.29,14.7,9.15,1.61,NORMAL,-18.3,18.3
777919,2025-05-14,NYM,PIT,Citi Field,12,100.98,345.33,-7.55,-6.42,6.47,-0.99,NORMAL,-12.9,12.9
777920,2025-05-14,HOU,KC,Daikin Park,7,104.0,355.57,10.81,9.01,8.48,1.06,NORMAL,-17.0,17.0
777921,2025-05-14,CHC,MIA,Wrigley Field,13,101.12,351.38,0.28,-0.34,6.22,-0.06,NORMAL,-12.4,12.4
777923,2025-05-14,TOR,TB,Rogers Centre,5,101.22,359.6,8.94,4.98,10.03,0.5,NORMAL,-20.1,20.1
777924,2025-05-14,BAL,MIN,Oriole Park at Camden Yards,7,102.04,371.43,26.81,21.55,8.48,2.54,JUICED,-17.0,17.0
777925,2025-05-14,CLE,MIL,Progressive Field,11,101.82,359.09,1.79,0.07,6.76,0.01,NORMAL,-13.5,13.5
777926,2025-05-13,SEA,NYY,T-Mobile Park,8,100.68,366.62,-0.01,-2.94,7.93,-0.37,NORMAL,-15.9,15.9
777927,2025-05-14,DET,BOS,Comerica Park,7,105.81,357.71,5.36,2.58,8.48,0.3,NORMAL,-17.0,17.0
777928,2025-05-14,CIN,CWS,Great American Ball Park,12,102.46,367.08,12.08,5.82,6.47,0.9,NORMAL,-12.9,12.9
777929,2025-05-14,ATL,WSH,Truist Park,6,101.23,327.17,2.5,-8.28,9.15,-0.9,NORMAL,-18.3,18.3
777930,2025-05-13,SF,AZ,Oracle Park,14,102.04,346.07,-3.73,-5.18,5.99,-0.87,NORMAL,-12.0,12.0
777932,2025-05-13,SD,LAA,Petco Park,10,103.77,359.9,5.27,5.47,7.09,0.77,NORMAL,-14.2,14.2
777933,2025-05-14,PHI,STL,Citizens Bank Park,15,101.57,356.93,17.95,12.59,5.79,2.17,JUICED,-11.6,11.6
777934,2025-05-13,TEX,COL,Globe Life Field,11,103.7,358.27,2.71,-0.88,6.76,-0.13,NORMAL,-13.5,13.5
777935,2025-05-13,TOR,TB,Rogers Centre,10,105.05,383.2,6.65,2.69,7.09,0.38,NORMAL,-14.2,14.2
777936,2025-05-13,CHC,MIA,Wrigley Field,6,102.72,365.0,-14.11,-14.74,9.15,-1.61,NORMAL,-18.3,18.3
777937,2025-05-13,LAD,ATH,Dodger Stadium,15,102.4,345.6,2.16,-1.12,5.79,-0.19,NORMAL,-11.6,11.6
777938,2025-05-14,BAL,MIN,Oriole Park at Camden Yards,7,103.5,373.86,-6.78,-12.04,8.48,-1.42,NORMAL,-17.0,17.0
777939,2025-05-12,SF,AZ,Oracle Park,9,104.76,361.67,6.42,4.97,7.47,0.66,NORMAL,-14.9,14.9
777940,2025-05-13,DET,BOS,Comerica Park,5,102.1,371.4,2.74,-0.04,10.03,-0.0,NORMAL,-20.1,20.1
777941,2025-05-12,SEA,NYY,T-Mobile Park,12,103.46,372.92,8.4,5.46,6.47,0.84,NORMAL,-12.9,12.9
777943,2025-05-13,NYM,PIT,Citi Field,7,100.7,337.0,-6.18,-5.06,8.48,-0.6,NORMAL,-17.0,17.0
777945,2025-05-13,CIN,CWS,Great American Ball Park,10,101.53,366.5,12.52,6.26,7.09,0.88,NORMAL,-14.2,14.2
777946,2025-05-15,LAD,ATH,Dodger Stadium,7,105.41,390.43,-2.08,-5.36,8.48,-0.63,NORMAL,-17.0,17.0
777947,2025-05-12,SD,LAA,Petco Park,8,104.52,350.12,-4.92,-4.72,7.93,-0.6,NORMAL,-15.9,15.9
777948,2025-05-12,HOU,KC,Daikin Park,7,102.79,336.14,7.93,6.14,8.48,0.72,NORMAL,-17.0,17.0
777949,2025-05-12,TEX,COL,Globe Life Field,6,101.75,360.67,4.82,1.23,9.15,0.13,NORMAL,-18.3,18.3
777950,2025-05-12,NYM,PIT,Citi Field,8,102.09,335.38,1.06,2.19,7.93,0.28,NORMAL,-15.9,15.9
777951,2025-05-12,DET,BOS,Comerica Park,8,101.42,355.12,3.85,1.08,7.93,0.14,NORMAL,-15.9,15.9
777952,2025-05-12,CHC,MIA,Wrigley Field,12,101.59,330.0,-4.54,-5.16,6.47,-0.8,NORMAL,-12.9,12.9
777953,2025-05-12,PHI,STL,Citizens Bank Park,12,101.85,346.17,9.5,4.14,6.47,0.64,NORMAL,-12.9,12.9
777954,2025-05-11,AZ,LAD,Chase Field,10,102.33,323.7,-5.88,-17.16,7.09,-2.42,DEAD,-14.2,14.2
777955,2025-05-11,COL,SD,Coors Field,9,103.36,369.44,18.79,-1.48,7.47,-0.2,NORMAL,-14.9,14.9
777956,2025-05-11,MIN,SF,Target Field,9,102.23,365.44,-0.22,-6.64,7.47,-0.89,NORMAL,-14.9,14.9
777957,2025-05-11,ATH,NYY,Sutter Health Park,9,104.32,342.33,5.53,-5.7,7.47,-0.76,NORMAL,-14.9,14.9
777958,2025-05-11,SEA,TOR,T-Mobile Park,6,103.92,376.83,-0.28,-3.22,9.15,-0.35,NORMAL,-18.3,18.3
777959,2025-05-12,ATL,WSH,Truist Park,14,103.24,359.64,8.78,-2.0,5.99,-0.33,NORMAL,-12.0,12.0
777960,2025-05-12,CLE,MIL,Progressive Field,7,100.4,346.29,0.08,-1.63,8.48,-0.19,NORMAL,-17.0,17.0
777961,2025-05-11,LAA,BAL,Angel Stadium,7,102.63,343.43,-3.78,-8.12,8.48,-0.96,NORMAL,-17.0,17.0
777962,2025-05-11,WSH,STL,Nationals Park,11,100.03,345.0,-3.73,-8.61,6.76,-1.27,NORMAL,-13.5,13.5
777964,2025-05-11,TB,MIL,George M. Steinbrenner Field,6,101.82,314.5,-21.72,-20.74,9.15,-2.27,DEAD,-18.3,18.3
777965,2025-05-11,KC,BOS,Kauffman Stadium,6,105.03,356.33,-2.01,-14.03,9.15,-1.53,NORMAL,-18.3,18.3
777967,2025-05-11,PIT,ATL,PNC Park,8,102.99,335.0,-8.24,-13.64,7.93,-1.72,NORMAL,-15.9,15.9
777968,2025-05-11,NYM,CHC,Citi Field,6,100.17,356.67,1.79,2.91,9.15,0.32,NORMAL,-18.3,18.3
777969,2025-05-11,DET,TEX,Comerica Park,11,102.28,344.18,-2.98,-5.76,6.76,-0.85,NORMAL,-13.5,13.5
777970,2025-05-10,SEA,TOR,T-Mobile Park,6,101.0,328.0,1.42,-1.52,9.15,-0.17,NORMAL,-18.3,18.3
777971,2025-05-11,CLE,PHI,Progressive Field,11,103.03,350.09,4.43,2.71,6.76,0.4,NORMAL,-13.5,13.5
777972,2025-05-10,ATH,NYY,Sutter Health Park,12,101.98,378.75,16.26,5.03,6.47,0.78,NORMAL,-12.9,12.9
777973,2025-05-10,LAA,BAL,Angel Stadium,6,102.85,378.33,10.76,6.43,9.15,0.7,NORMAL,-18.3,18.3
777974,2025-05-10,MIN,SF,Target Field,6,102.83,371.67,-3.52,-9.94,9.15,-1.09,NORMAL,-18.3,18.3
777976,2025-05-10,COL,SD,Coors Field,9,101.57,377.67,15.78,-4.5,7.47,-0.6,NORMAL,-14.9,14.9
777977,2025-05-10,KC,BOS,Kauffman Stadium,9,100.22,364.22,7.46,-4.56,7.47,-0.61,NORMAL,-14.9,14.9
777978,2025-05-10,CWS,MIA,Rate Field,6,101.3,350.0,-2.43,-2.69,9.15,-0.29,NORMAL,-18.3,18.3
777979,2025-05-10,HOU,CIN,Daikin Park,8,100.09,349.75,-0.82,-2.61,7.93,-0.33,NORMAL,-15.9,15.9
777982,2025-05-10,NYM,CHC,Citi Field,9,101.1,320.56,-15.49,-14.37,7.47,-1.92,NORMAL,-14.9,14.9
777983,2025-05-10,CLE,PHI,Progressive Field,5,104.32,364.4,1.61,-0.1,10.03,-0.01,NORMAL,-20.1,20.1
777984,2025-05-09,SEA,TOR,T-Mobile Park,5,104.26,361.6,13.04,10.11,10.03,1.01,NORMAL,-20.1,20.1
777985,2025-05-10,PIT,ATL,PNC Park,6,103.45,361.67,3.61,-1.79,9.15,-0.2,NORMAL,-18.3,18.3
777986,2025-05-09,LAA,BAL,Angel Stadium,6,101.98,365.67,10.19,5.86,9.15,0.64,NORMAL,-18.3,18.3
777987,2025-05-10,DET,TEX,Comerica Park,12,102.72,363.5,7.87,5.1,6.47,0.79,NORMAL,-12.9,12.9
777988,2025-05-09,AZ,LAD,Chase Field,16,105.42,395.0,11.91,0.63,5.61,0.11,NORMAL,-11.2,11.2
777989,2025-05-09,HOU,CIN,Daikin Park,5,99.36,347.0,9.21,7.41,10.03,0.74,NORMAL,-20.1,20.1
777990,2025-05-09,KC,BOS,Kauffman Stadium,11,98.38,357.55,20.19,8.17,6.76,1.21,NORMAL,-13.5,13.5
777991,2025-05-09,CWS,MIA,Rate Field,7,101.84,370.86,-14.62,-14.87,8.48,-1.75,NORMAL,-17.0,17.0
777993,2025-05-09,COL,SD,Coors Field,8,102.68,388.25,20.0,-0.27,7.93,-0.03,NORMAL,-15.9,15.9
777994,2025-05-09,ATH,NYY,Sutter Health Park,12,104.69,379.08,17.33,6.1,6.47,0.94,NORMAL,-12.9,12.9
777995,2025-05-09,WSH,STL,Nationals Park,7,97.46,313.0,-16.43,-21.31,8.48,-2.51,DEAD,-17.0,17.0
777997,2025-05-09,CLE,PHI,Progressive Field,6,101.28,360.5,-9.78,-11.49,9.15,-1.26,NORMAL,-18.3,18.3
777998,2025-05-09,PIT,ATL,PNC Park,9,100.17,355.89,-8.13,-13.53,7.47,-1.81,NORMAL,-14.9,14.9
777999,2025-05-08,AZ,LAD,Chase Field,12,104.53,360.33,11.05,-0.23,6.47,-0.04,NORMAL,-12.9,12.9
778000,2025-05-08,LAA,TOR,Angel Stadium,11,101.88,353.18,-6.56,-10.9,6.76,-1.61,NORMAL,-13.5,13.5
778001,2025-05-09,NYM,CHC,Citi Field,11,103.76,367.91,-3.49,-2.37,6.76,-0.35,NORMAL,-13.5,13.5
778003,2025-05-08,ATL,CIN,Truist Park,10,100.14,327.7,3.4,-7.37,7.09,-1.04,NORMAL,-14.2,14.2
778004,2025-05-08,COL,DET,Coors Field,6,101.65,349.5,2.37,-17.91,9.15,-1.96,NORMAL,-18.3,18.3
778005,2025-05-08,TB,PHI,George M. Steinbrenner Field,11,99.92,351.82,-0.95,0.03,6.76,0.0,NORMAL,-13.5,13.5
778006,2025-05-08,BOS,TEX,Fenway Park,6,103.42,358.17,10.28,8.13,9.15,0.89,NORMAL,-18.3,18.3
778007,2025-05-08,MIN,BAL,Target Field,7,101.13,351.14,7.12,0.7,8.48,0.08,NORMAL,-17.0,17.0
778008,2025-05-08,KC,CWS,Kauffman Stadium,7,102.99,369.14,12.6,0.58,8.48,0.07,NORMAL,-17.0,17.0
778009,2025-05-07,LAA,TOR,Angel Stadium,8,101.02,340.38,0.17,-4.17,7.93,-0.53,NORMAL,-15.9,15.9
778010,2025-05-07,ATH,SEA,Sutter Health Park,8,102.16,335.5,14.92,3.69,7.93,0.47,NORMAL,-15.9,15.9
778011,2025-05-07,MIN,BAL,Target Field,6,103.12,360.33,11.22,4.81,9.15,0.52,NORMAL,-18.3,18.3
778012,2025-05-07,KC,CWS,Kauffman Stadium,7,101.54,371.71,23.33,11.31,8.48,1.33,NORMAL,-17.0,17.0
778013,2025-05-07,COL,DET,Coors Field,9,102.54,360.11,11.14,-9.14,7.47,-1.22,NORMAL,-14.9,14.9
778014,2025-05-07,AZ,NYM,Chase Field,9,106.53,360.0,3.58,-7.69,7.47,-1.03,NORMAL,-14.9,14.9
778015,2025-05-07,MIL,HOU,American Family Field,7,103.27,364.0,1.17,-7.56,8.48,-0.89,NORMAL,-17.0,17.0
778016,2025-05-07,STL,PIT,Busch Stadium,5,101.28,349.4,-4.42,-8.73,10.03,-0.87,NORMAL,-20.1,20.1
778017,2025-05-07,MIA,LAD,loanDepot park,12,102.05,346.58,1.32,-4.02,6.47,-0.62,NORMAL,-12.9,12.9
778018,2025-05-07,BOS,TEX,Fenway Park,9,104.42,365.33,1.33,-0.82,7.47,-0.11,NORMAL,-14.9,14.9
778019,2025-05-07,NYY,SD,Yankee Stadium,10,101.1,351.7,0.72,0.28,7.09,0.04,NORMAL,-14.2,14.2
778020,2025-05-07,CHC,SF,Wrigley Field,6,99.9,320.17,-9.44,-10.07,9.15,-1.1,NORMAL,-18.3,18.3
778022,2025-05-07,WSH,CLE,Nationals Park,6,97.93,313.33,-7.25,-12.12,9.15,-1.32,NORMAL,-18.3,18.3
778023,2025-05-07,ATL,CIN,Truist Park,7,99.36,367.71,27.38,16.6,8.48,1.96,NORMAL,-17.0,17.0
778024,2025-05-06,ATH,SEA,Sutter Health Park,7,101.09,349.43,13.44,2.22,8.48,0.26,NORMAL,-17.0,17.0
778025,2025-05-06,LAA,TOR,Angel Stadium,12,103.92,353.0,-13.87,-18.2,6.47,-2.81,DEAD,-12.9,12.9
778026,2025-05-06,WSH,CLE,Nationals Park,14,101.22,349.0,-9.49,-14.37,5.99,-2.4,DEAD,-12.0,12.0
778027,2025-05-06,CHC,SF,Wrigley Field,13,101.74,349.38,3.89,3.26,6.22,0.52,NORMAL,-12.4,12.4
778028,2025-05-06,MIN,BAL,Target Field,5,104.48,394.0,11.77,5.35,10.03,0.53,NORMAL,-20.1,20.1
778029,2025-05-08,COL,DET,Coors Field,10,102.81,328.2,5.98,-14.3,7.09,-2.02,DEAD,-14.2,14.2
778030,2025-05-06,STL,PIT,Busch Stadium,7,101.3,327.29,16.3,11.99,8.48,1.41,NORMAL,-17.0,17.0
778031,2025-05-06,MIL,HOU,American Family Field,6,100.95,379.67,9.04,0.3,9.15,0.03,NORMAL,-18.3,18.3
778032,2025-05-06,AZ,NYM,Chase Field,6,101.32,338.67,2.48,-8.8,9.15,-0.96,NORMAL,-18.3,18.3
778033,2025-05-06,KC,CWS,Kauffman Stadium,10,101.85,358.4,6.55,-5.47,7.09,-0.77,NORMAL,-14.2,14.2
778035,2025-05-06,MIA,LAD,loanDepot park,9,104.03,363.0,-0.34,-5.68,7.47,-0.76,NORMAL,-14.9,14.9
778036,2025-05-05,STL,PIT,Busch Stadium,11,102.77,355.27,1.62,-2.69,6.76,-0.4,NORMAL,-13.5,13.5
778038,2025-05-05,ATH,SEA,Sutter Health Park,10,102.72,335.0,4.83,-6.4,7.09,-0.9,NORMAL,-14.2,14.2
778039,2025-05-05,AZ,NYM,Chase Field,10,103.61,370.5,-0.12,-11.4,7.09,-1.61,NORMAL,-14.2,14.2
778040,2025-05-06,TB,PHI,George M. Steinbrenner Field,7,100.64,359.57,-3.73,-2.75,8.48,-0.32,NORMAL,-17.0,17.0
778041,2025-05-06,NYY,SD,Yankee Stadium,9,100.47,346.33,-8.71,-9.15,7.47,-1.22,NORMAL,-14.9,14.9
778042,2025-05-05,MIL,HOU,American Family Field,5,102.98,328.0,-10.59,-19.32,10.03,-1.93,NORMAL,-20.1,20.1
778044,2025-05-05,CHC,SF,Wrigley Field,9,100.22,337.89,-2.84,-3.47,7.47,-0.46,NORMAL,-14.9,14.9
778045,2025-05-05,NYY,SD,Yankee Stadium,5,101.58,337.2,-11.43,-11.87,10.03,-1.18,NORMAL,-20.1,20.1
778046,2025-05-06,WSH,CLE,Nationals Park,8,103.06,365.38,11.73,6.85,7.93,0.86,NORMAL,-15.9,15.9
778047,2025-05-05,MIA,LAD,loanDepot park,11,102.98,358.18,14.82,9.48,6.76,1.4,NORMAL,-13.5,13.5
778048,2025-05-04,SF,COL,Oracle Park,11,101.42,361.45,0.69,-0.76,6.76,-0.11,NORMAL,-13.5,13.5
778049,2025-05-05,ATL,CIN,Truist Park,6,98.03,354.67,-1.58,-12.36,9.15,-1.35,NORMAL,-18.3,18.3
778050,2025-05-04,LAA,DET,Angel Stadium,8,102.45,367.12,-3.3,-7.63,7.93,-0.96,NORMAL,-15.9,15.9
778052,2025-05-04,TEX,SEA,Globe Life Field,5,102.52,329.0,6.49,2.9,10.03,0.29,NORMAL,-20.1,20.1
778053,2025-05-04,STL,NYM,Busch Stadium,8,102.24,347.12,-4.86,-9.17,7.93,-1.16,NORMAL,-15.9,15.9
778054,2025-05-04,MIL,CHC,American Family Field,6,98.27,325.67,2.4,-6.33,9.15,-0.69,NORMAL,-18.3,18.3
778056,2025-05-04,TOR,CLE,Rogers Centre,7,100.27,322.57,-8.91,-12.87,8.48,-1.52,NORMAL,-17.0,17.0
778057,2025-05-04,NYY,TB,Yankee Stadium,10,101.69,327.2,-6.27,-6.72,7.09,-0.95,NORMAL,-14.2,14.2
778058,2025-05-04,CIN,WSH,Great American Ball Park,5,100.42,363.6,0.92,-5.33,10.03,-0.53,NORMAL,-20.1,20.1
778059,2025-05-04,PHI,AZ,Citizens Bank Park,9,99.98,348.11,9.08,3.72,7.47,0.5,NORMAL,-14.9,14.9
778060,2025-05-04,ATL,LAD,Truist Park,8,101.18,335.62,-0.65,-11.43,7.93,-1.44,NORMAL,-15.9,15.9
778062,2025-05-04,BAL,KC,Oriole Park at Camden Yards,18,102.96,374.5,14.38,9.12,5.29,1.73,NORMAL,-10.6,10.6
778063,2025-05-04,BOS,MIN,Fenway Park,9,102.21,341.33,-5.55,-7.7,7.47,-1.03,NORMAL,-14.9,14.9
778064,2025-05-03,TOR,CLE,Rogers Centre,9,103.04,355.89,-16.57,-20.53,7.47,-2.75,DEAD,-14.9,14.9
778066,2025-05-03,CWS,HOU,Rate Field,12,102.98,349.42,7.38,7.13,6.47,1.1,NORMAL,-12.9,12.9
778067,2025-05-03,LAA,DET,Angel Stadium,9,102.4,344.78,-10.39,-14.72,7.47,-1.97,NORMAL,-14.9,14.9
778068,2025-05-04,STL,NYM,Busch Stadium,8,102.95,347.25,6.06,1.74,7.93,0.22,NORMAL,-15.9,15.9
778069,2025-05-03,SF,COL,Oracle Park,7,101.21,325.43,-17.11,-18.56,8.48,-2.19,DEAD,-17.0,17.0
778070,2025-05-03,TEX,SEA,Globe Life Field,8,100.6,336.75,-0.54,-4.13,7.93,-0.52,NORMAL,-15.9,15.9
778072,2025-05-03,BAL,KC,Oriole Park at Camden Yards,6,103.12,382.33,10.19,4.93,9.15,0.54,NORMAL,-18.3,18.3
778073,2025-05-03,BOS,MIN,Fenway Park,5,105.42,327.4,-18.09,-20.24,10.03,-2.02,DEAD,-20.1,20.1
778074,2025-05-03,NYY,TB,Yankee Stadium,6,102.02,367.67,2.76,2.31,9.15,0.25,NORMAL,-18.3,18.3
778075,2025-05-03,MIA,ATH,loanDepot park,12,103.98,374.33,0.44,-4.9,6.47,-0.76,NORMAL,-12.9,12.9
778076,2025-05-03,ATL,LAD,Truist Park,9,101.87,357.78,-4.45,-15.23,7.47,-2.04,DEAD,-14.9,14.9
778077,2025-05-03,CIN,WSH,Great American Ball Park,12,102.06,358.25,0.18,-6.07,6.47,-0.94,NORMAL,-12.9,12.9
778078,2025-05-03,PHI,AZ,Citizens Bank Park,13,100.95,338.92,0.71,-4.65,6.22,-0.75,NORMAL,-12.4,12.4
778079,2025-05-02,CWS,HOU,Rate Field,10,103.24,365.5,3.86,3.61,7.09,0.51,NORMAL,-14.2,14.2
778080,2025-05-02,MIL,CHC,American Family Field,11,103.07,345.55,-6.36,-15.09,6.76,-2.23,DEAD,-13.5,13.5
778081,2025-05-02,TOR,CLE,Rogers Centre,8,101.66,350.75,7.64,3.68,7.93,0.46,NORMAL,-15.9,15.9
778082,2025-05-02,SF,COL,Oracle Park,5,102.08,359.0,17.76,16.31,10.03,1.63,NORMAL,-20.1,20.1
778083,2025-05-02,TEX,SEA,Globe Life Field,10,102.85,376.3,1.07,-2.53,7.09,-0.36,NORMAL,-14.2,14.2
778084,2025-05-02,STL,NYM,Busch Stadium,15,102.53,352.53,4.11,-0.21,5.79,-0.04,NORMAL,-11.6,11.6
778085,2025-05-02,LAA,DET,Angel Stadium,12,102.44,340.08,-10.48,-14.81,6.47,-2.29,DEAD,-12.9,12.9
778086,2025-05-02,PHI,AZ,Citizens Bank Park,10,100.73,358.0,9.73,4.36,7.09,0.62,NORMAL,-14.2,14.2
778088,2025-05-02,NYY,TB,Yankee Stadium,5,102.12,353.2,-2.44,-2.89,10.03,-0.29,NORMAL,-20.1,20.1
778089,2025-05-02,BOS,MIN,Fenway Park,7,102.46,351.29,13.89,11.74,8.48,1.38,NORMAL,-17.0,17.0
778090,2025-05-02,PIT,SD,PNC Park,8,102.05,369.38,4.49,-0.91,7.93,-0.11,NORMAL,-15.9,15.9
778093,2025-05-02,BAL,KC,Oriole Park at Camden Yards,6,99.73,335.5,3.43,-1.83,9.15,-0.2,NORMAL,-18.3,18.3
778094,2025-05-01,CWS,MIL,Rate Field,7,102.07,344.29,0.62,0.37,8.48,0.04,NORMAL,-17.0,17.0
778095,2025-05-01,TOR,BOS,Rogers Centre,9,103.23,350.78,0.23,-3.73,7.47,-0.5,NORMAL,-14.9,14.9
778097,2025-05-01,TB,KC,George M. Steinbrenner Field,7,103.31,371.86,11.6,12.58,8.48,1.48,NORMAL,-17.0,17.0
778098,2025-05-01,SF,COL,Oracle Park,10,102.64,355.0,-4.41,-5.86,7.09,-0.83,NORMAL,-14.2,14.2
778099,2025-05-01,PHI,WSH,Citizens Bank Park,5,101.28,341.6,3.81,-1.55,10.03,-0.16,NORMAL,-20.1,20.1
778100,2025-05-01,PIT,CHC,PNC Park,16,101.04,353.25,1.4,-4.0,5.61,-0.71,NORMAL,-11.2,11.2
778101,2025-05-01,LAA,DET,Angel Stadium,11,103.48,370.64,-0.14,-4.48,6.76,-0.66,NORMAL,-13.5,13.5
778102,2025-04-30,COL,ATL,Coors Field,6,103.8,360.0,11.0,-9.27,9.15,-1.01,NORMAL,-18.3,18.3
778103,2025-05-01,NYM,AZ,Citi Field,11,102.13,363.55,-8.51,-7.39,6.76,-1.09,NORMAL,-13.5,13.5
778104,2025-04-30,SEA,LAA,T-Mobile Park,5,103.42,360.4,6.61,3.68,10.03,0.37,NORMAL,-20.1,20.1
778105,2025-04-30,SD,SF,Petco Park,7,101.33,359.57,9.58,9.78,8.48,1.15,NORMAL,-17.0,17.0
778106,2025-04-30,TEX,ATH,Globe Life Field,5,103.98,322.8,-1.69,-5.29,10.03,-0.53,NORMAL,-20.1,20.1
778108,2025-05-01,CLE,MIN,Progressive Field,6,104.05,358.33,0.96,-0.75,9.15,-0.08,NORMAL,-18.3,18.3
778109,2025-04-30,LAD,MIA,Dodger Stadium,12,104.38,355.67,-3.27,-6.56,6.47,-1.01,NORMAL,-12.9,12.9
778110,2025-04-30,HOU,DET,Daikin Park,13,100.68,341.85,-5.63,-7.42,6.22,-1.19,NORMAL,-12.4,12.4
778111,2025-04-30,CWS,MIL,Rate Field,8,99.06,345.12,13.71,13.46,7.93,1.7,NORMAL,-15.9,15.9
778113,2025-04-30,TB,KC,George M. Steinbrenner Field,5,99.2,343.4,-12.52,-11.54,10.03,-1.15,NORMAL,-20.1,20.1
778114,2025-04-30,TOR,BOS,Rogers Centre,13,104.87,374.0,14.31,10.35,6.22,1.66,NORMAL,-12.4,12.4
778115,2025-04-30,BAL,NYY,Oriole Park at Camden Yards,7,104.03,365.86,1.39,-3.87,8.48,-0.46,NORMAL,-17.0,17.0
778116,2025-04-30,CLE,MIN,Progressive Field,5,102.78,374.2,-11.76,-13.47,10.03,-1.34,NORMAL,-20.1,20.1
778117,2025-04-30,NYM,AZ,Citi Field,10,102.33,345.8,-0.38,0.75,7.09,0.11,NORMAL,-14.2,14.2
778118,2025-04-30,PHI,WSH,Citizens Bank Park,8,100.84,355.88,7.14,1.78,7.93,0.22,NORMAL,-15.9,15.9
778119,2025-04-30,CIN,STL,Great American Ball Park,10,102.64,336.0,10.25,4.0,7.09,0.56,NORMAL,-14.2,14.2
778120,2025-04-29,COL,ATL,Coors Field,11,101.39,334.91,11.52,-8.76,6.76,-1.3,NORMAL,-13.5,13.5
778121,2025-04-29,SEA,LAA,T-Mobile Park,7,104.33,365.71,-4.48,-7.42,8.48,-0.88,NORMAL,-17.0,17.0
778122,2025-04-29,TEX,ATH,Globe Life Field,6,99.1,345.5,1.14,-2.45,9.15,-0.27,NORMAL,-18.3,18.3
778123,2025-04-29,LAD,MIA,Dodger Stadium,5,104.68,355.4,4.35,1.06,10.03,0.11,NORMAL,-20.1,20.1
778124,2025-04-29,HOU,DET,Daikin Park,8,103.25,373.38,8.17,6.38,7.93,0.81,NORMAL,-15.9,15.9
778125,2025-04-29,CWS,MIL,Rate Field,6,102.63,367.83,-11.42,-11.67,9.15,-1.28,NORMAL,-18.3,18.3
778126,2025-04-29,SD,SF,Petco Park,7,103.71,345.43,-0.67,-0.47,8.48,-0.06,NORMAL,-17.0,17.0
778127,2025-04-29,TOR,BOS,Rogers Centre,11,104.14,371.36,5.89,1.93,6.76,0.29,NORMAL,-13.5,13.5
778128,2025-04-29,TB,KC,George M. Steinbrenner Field,7,101.39,324.14,2.43,3.41,8.48,0.4,NORMAL,-17.0,17.0
778129,2025-04-29,CLE,MIN,Progressive Field,6,101.38,359.5,-7.94,-9.65,9.15,-1.05,NORMAL,-18.3,18.3
778130,2025-04-29,NYM,AZ,Citi Field,11,100.14,337.27,1.09,2.22,6.76,0.33,NORMAL,-13.5,13.5
778131,2025-04-29,PHI,WSH,Citizens Bank Park,7,101.76,379.71,13.53,8.16,8.48,0.96,NORMAL,-17.0,17.0
778132,2025-04-28,LAD,MIA,Dodger Stadium,10,100.63,327.6,0.99,-2.29,7.09,-0.32,NORMAL,-14.2,14.2
778133,2025-04-29,BAL,NYY,Oriole Park at Camden Yards,12,100.13,355.17,8.18,2.92,6.47,0.45,NORMAL,-12.9,12.9
778134,2025-04-30,CIN,STL,Great American Ball Park,10,102.41,374.1,4.66,-1.59,7.09,-0.22,NORMAL,-14.2,14.2
778135,2025-04-29,PIT,CHC,PNC Park,15,100.93,363.0,8.67,3.27,5.79,0.56,NORMAL,-11.6,11.6
778136,2025-04-27,SEA,MIA,T-Mobile Park,8,103.34,370.0,6.23,3.29,7.93,0.42,NORMAL,-15.9,15.9
778137,2025-04-28,COL,ATL,Coors Field,5,100.86,343.8,19.33,-0.95,10.03,-0.09,NORMAL,-20.1,20.1
778138,2025-04-28,WSH,NYM,Nationals Park,11,102.77,373.64,12.09,7.21,6.76,1.07,NORMAL,-13.5,13.5
778139,2025-04-28,CLE,MIN,Progressive Field,7,102.37,375.29,13.87,12.16,8.48,1.43,NORMAL,-17.0,17.0
778140,2025-04-28,BAL,NYY,Oriole Park at Camden Yards,5,101.56,372.6,7.82,2.56,10.03,0.26,NORMAL,-20.1,20.1
778141,2025-04-28,CIN,STL,Great American Ball Park,5,102.04,361.8,14.67,8.42,10.03,0.84,NORMAL,-20.1,20.1
778142,2025-04-28,HOU,DET,Daikin Park,10,102.02,357.4,-5.66,-7.45,7.09,-1.05,NORMAL,-14.2,14.2
778144,2025-04-27,MIN,LAA,Target Field,8,102.92,332.25,-7.98,-14.4,7.93,-1.82,NORMAL,-15.9,15.9
778145,2025-04-27,LAD,PIT,Dodger Stadium,7,104.07,351.43,-14.17,-17.45,8.48,-2.06,DEAD,-17.0,17.0
778146,2025-04-27,SD,TB,Petco Park,6,102.55,354.33,-21.43,-21.23,9.15,-2.32,DEAD,-18.3,18.3
778147,2025-04-27,AZ,ATL,Chase Field,5,101.86,325.4,-1.53,-12.81,10.03,-1.28,NORMAL,-20.1,20.1
778148,2025-04-27,COL,CIN,Coors Field,8,99.88,350.25,22.7,2.42,7.93,0.31,NORMAL,-15.9,15.9
778149,2025-04-27,ATH,CWS,Sutter Health Park,6,101.83,367.0,9.9,-1.33,9.15,-0.14,NORMAL,-18.3,18.3
778152,2025-04-27,KC,HOU,Kauffman Stadium,12,102.92,347.33,10.87,-1.15,6.47,-0.18,NORMAL,-12.9,12.9
778154,2025-04-26,SEA,MIA,T-Mobile Park,10,101.61,368.0,-1.09,-4.03,7.09,-0.57,NORMAL,-14.2,14.2
778155,2025-04-27,DET,BAL,Comerica Park,7,101.47,336.14,-10.44,-13.22,8.48,-1.56,NORMAL,-17.0,17.0
778156,2025-04-27,NYY,TOR,Yankee Stadium,9,103.89,353.22,-3.43,-3.88,7.47,-0.52,NORMAL,-14.9,14.9
778157,2025-04-27,CLE,BOS,Progressive Field,13,102.87,348.69,-17.27,-18.99,6.22,-3.05,DEAD,-12.4,12.4
778158,2025-04-27,CHC,PHI,Wrigley Field,9,103.23,342.56,-18.36,-18.99,7.47,-2.54,DEAD,-14.9,14.9
778159,2025-04-26,SF,TEX,Oracle Park,9,99.78,321.67,-2.0,-3.45,7.47,-0.46,NORMAL,-14.9,14.9
778160,2025-04-26,SD,TB,Petco Park,8,102.64,369.12,10.3,10.5,7.93,1.32,NORMAL,-15.9,15.9
778161,2025-04-26,COL,CIN,Coors Field,10,103.4,377.0,15.62,-4.66,7.09,-0.66,NORMAL,-14.2,14.2
778162,2025-04-26,AZ,ATL,Chase Field,12,103.48,383.25,19.64,8.36,6.47,1.29,NORMAL,-12.9,12.9
778163,2025-04-26,LAD,PIT,Dodger Stadium,14,101.32,344.29,10.68,7.4,5.99,1.23,NORMAL,-12.0,12.0
778164,2025-04-26,STL,MIL,Busch Stadium,11,101.9,350.18,7.12,2.8,6.76,0.41,NORMAL,-13.5,13.5
778165,2025-04-26,ATH,CWS,Sutter Health Park,13,100.61,347.0,3.87,-7.36,6.22,-1.18,NORMAL,-12.4,12.4
778166,2025-04-26,MIN,LAA,Target Field,8,101.56,337.75,-10.56,-16.98,7.93,-2.14,DEAD,-15.9,15.9
778167,2025-04-26,KC,HOU,Kauffman Stadium,8,100.98,351.38,-5.77,-17.79,7.93,-2.24,DEAD,-15.9,15.9
778168,2025-04-26,DET,BAL,Comerica Park,8,99.75,363.38,3.45,0.67,7.93,0.09,NORMAL,-15.9,15.9
778169,2025-04-26,CLE,BOS,Progressive Field,10,100.52,326.7,-11.59,-13.3,7.09,-1.88,NORMAL,-14.2,14.2
778170,2025-04-27,NYY,TOR,Yankee Stadium,6,103.8,369.33,6.5,6.05,9.15,0.66,NORMAL,-18.3,18.3
778171,2025-04-25,SF,TEX,Oracle Park,7,103.84,350.43,0.2,-1.25,8.48,-0.15,NORMAL,-17.0,17.0
778174,2025-04-26,CHC,PHI,Wrigley Field,6,103.58,345.67,2.23,1.61,9.15,0.18,NORMAL,-18.3,18.3
778175,2025-04-25,SEA,MIA,T-Mobile Park,12,103.2,368.67,9.07,6.13,6.47,0.95,NORMAL,-12.9,12.9
778177,2025-04-25,AZ,ATL,Chase Field,6,101.93,318.33,2.65,-8.63,9.15,-0.94,NORMAL,-18.3,18.3
778178,2025-04-25,ATH,CWS,Sutter Health Park,10,100.83,333.2,-1.12,-12.34,7.09,-1.74,NORMAL,-14.2,14.2
778179,2025-04-26,CLE,BOS,Progressive Field,10,100.73,327.3,-2.13,-3.84,7.09,-0.54,NORMAL,-14.2,14.2
778180,2025-04-26,DET,BAL,Comerica Park,6,104.25,360.83,5.33,2.55,9.15,0.28,NORMAL,-18.3,18.3
778181,2025-04-25,COL,CIN,Coors Field,10,102.5,379.8,19.3,-0.98,7.09,-0.14,NORMAL,-14.2,14.2
778182,2025-04-25,CHC,PHI,Wrigley Field,8,102.04,297.12,-14.5,-15.13,7.93,-1.91,NORMAL,-15.9,15.9
778183,2025-04-25,WSH,NYM,Nationals Park,6,100.67,353.33,15.36,10.48,9.15,1.14,NORMAL,-18.3,18.3
778184,2025-04-25,STL,MIL,Busch Stadium,7,100.51,319.57,3.27,-1.04,8.48,-0.12,NORMAL,-17.0,17.0
778185,2025-04-25,NYY,TOR,Yankee Stadium,6,103.08,352.33,33.67,33.23,9.15,3.63,JUICED,-18.3,18.3
778186,2025-04-25,MIN,LAA,Target Field,11,102.91,344.18,3.21,-3.21,6.76,-0.47,NORMAL,-13.5,13.5
778188,2025-04-24,AZ,TB,Chase Field,10,102.15,366.5,14.67,3.39,7.09,0.48,NORMAL,-14.2,14.2
778189,2025-04-24,MIN,CWS,Target Field,5,101.72,389.0,9.27,2.85,10.03,0.28,NORMAL,-20.1,20.1
778190,2025-04-24,KC,COL,Kauffman Stadium,5,100.98,365.4,17.34,5.33,10.03,0.53,NORMAL,-20.1,20.1
778191,2025-04-24,LAA,PIT,Angel Stadium,9,106.88,362.33,-11.56,-15.9,7.47,-2.13,DEAD,-14.9,14.9
778192,2025-04-24,ATH,TEX,Sutter Health Park,6,103.97,359.0,9.36,-1.87,9.15,-0.2,NORMAL,-18.3,18.3
778193,2025-04-24,WSH,BAL,Nationals Park,5,102.78,327.2,2.96,-1.92,10.03,-0.19,NORMAL,-20.1,20.1
778194,2025-04-24,SF,MIL,Oracle Park,5,100.48,339.8,-4.79,-6.24,10.03,-0.62,NORMAL,-20.1,20.1
778195,2025-04-24,KC,COL,Kauffman Stadium,5,104.12,394.4,22.59,10.58,10.03,1.05,NORMAL,-20.1,20.1
778196,2025-04-24,BOS,SEA,Fenway Park,11,100.41,346.0,-11.03,-13.18,6.76,-1.95,NORMAL,-13.5,13.5
778197,2025-04-23,ATH,TEX,Sutter Health Park,7,102.57,362.43,13.73,2.5,8.48,0.3,NORMAL,-17.0,17.0
778199,2025-04-23,AZ,TB,Chase Field,9,102.91,389.11,23.45,12.17,7.47,1.63,NORMAL,-14.9,14.9
778200,2025-04-23,HOU,TOR,Daikin Park,5,100.04,350.2,-6.97,-8.76,10.03,-0.87,NORMAL,-20.1,20.1
778201,2025-04-23,MIN,CWS,Target Field,8,101.94,352.25,-6.27,-12.69,7.93,-1.6,NORMAL,-15.9,15.9
778202,2025-04-23,LAA,PIT,Angel Stadium,6,102.73,347.5,1.95,-2.38,9.15,-0.26,NORMAL,-18.3,18.3
778203,2025-04-23,NYM,PHI,Citi Field,9,103.52,344.44,1.45,2.57,7.47,0.34,NORMAL,-14.9,14.9
778204,2025-04-23,WSH,BAL,Nationals Park,7,101.9,349.86,0.15,-4.73,8.48,-0.56,NORMAL,-17.0,17.0
778205,2025-04-23,CHC,LAD,Wrigley Field,7,100.81,340.86,-2.94,-3.57,8.48,-0.42,NORMAL,-17.0,17.0
778206,2025-04-23,CLE,NYY,Progressive Field,9,102.76,362.0,-9.23,-10.95,7.47,-1.46,NORMAL,-14.9,14.9
778207,2025-04-23,BOS,SEA,Fenway Park,9,100.21,336.33,-6.69,-8.83,7.47,-1.18,NORMAL,-14.9,14.9
778208,2025-04-23,MIA,CIN,loanDepot park,6,101.9,355.83,3.56,-1.78,9.15,-0.19,NORMAL,-18.3,18.3
778209,2025-04-23,DET,SD,Comerica Park,7,103.76,376.0,1.14,-1.63,8.48,-0.19,NORMAL,-17.0,17.0
778210,2025-04-22,SF,MIL,Oracle Park,7,102.83,368.57,0.89,-0.56,8.48,-0.07,NORMAL,-17.0,17.0
778211,2025-04-22,LAA,PIT,Angel Stadium,8,100.44,345.88,9.45,5.12,7.93,0.65,NORMAL,-15.9,15.9
778212,2025-04-22,AZ,TB,Chase Field,8,104.82,364.5,20.24,8.96,7.93,1.13,NORMAL,-15.9,15.9
778213,2025-04-22,ATH,TEX,Sutter Health Park,10,103.4,398.2,24.79,13.56,7.09,1.91,NORMAL,-14.2,14.2
778214,2025-04-23,ATL,STL,Truist Park,6,103.92,346.67,-3.19,-13.97,9.15,-1.53,NORMAL,-18.3,18.3
778215,2025-04-22,KC,COL,Kauffman Stadium,8,99.19,351.5,0.29,-11.73,7.93,-1.48,NORMAL,-15.9,15.9
778216,2025-04-22,MIN,CWS,Target Field,9,102.86,355.78,11.08,4.66,7.47,0.62,NORMAL,-14.9,14.9
778219,2025-04-22,MIA,CIN,loanDepot park,8,100.42,361.75,8.42,3.08,7.93,0.39,NORMAL,-15.9,15.9
778220,2025-04-22,CHC,LAD,Wrigley Field,13,103.4,368.08,4.59,3.97,6.22,0.64,NORMAL,-12.4,12.4
778222,2025-04-22,WSH,BAL,Nationals Park,6,104.92,380.17,11.32,6.45,9.15,0.7,NORMAL,-18.3,18.3
778223,2025-04-22,NYM,PHI,Citi Field,7,100.89,338.0,-13.4,-12.27,8.48,-1.45,NORMAL,-17.0,17.0
778224,2025-04-22,BOS,SEA,Fenway Park,7,101.53,352.0,2.23,0.08,8.48,0.01,NORMAL,-17.0,17.0
778225,2025-04-21,NYM,PHI,Citi Field,6,103.02,362.83,-7.29,-6.16,9.15,-0.67,NORMAL,-18.3,18.3
778226,2025-04-21,SF,MIL,Oracle Park,6,101.92,347.17,7.68,6.23,9.15,0.68,NORMAL,-18.3,18.3
778227,2025-04-21,CLE,NYY,Progressive Field,7,103.93,359.0,6.58,4.87,8.48,0.57,NORMAL,-17.0,17.0
778228,2025-04-21,DET,SD,Comerica Park,7,100.19,340.0,-8.35,-11.12,8.48,-1.31,NORMAL,-17.0,17.0
778229,2025-04-22,ATL,STL,Truist Park,9,100.54,357.67,4.2,-6.58,7.47,-0.88,NORMAL,-14.9,14.9
778230,2025-04-21,MIA,CIN,loanDepot park,6,102.92,361.33,14.04,8.7,9.15,0.95,NORMAL,-18.3,18.3
778231,2025-04-21,HOU,TOR,Daikin Park,6,104.42,309.0,-35.76,-37.55,9.15,-4.1,DEAD,-18.3,18.3
778233,2025-04-21,ATL,STL,Truist Park,7,103.07,354.86,5.13,-5.65,8.48,-0.67,NORMAL,-17.0,17.0
778234,2025-04-20,TEX,LAD,Globe Life Field,10,103.91,362.6,0.0,-3.59,7.09,-0.51,NORMAL,-14.2,14.2
778235,2025-04-20,COL,WSH,Coors Field,5,101.02,373.4,7.49,-12.78,10.03,-1.27,NORMAL,-20.1,20.1
778236,2025-04-20,CHC,AZ,Wrigley Field,7,100.99,333.0,-19.45,-20.07,8.48,-2.37,DEAD,-17.0,17.0
778237,2025-04-20,HOU,SD,Daikin Park,7,102.97,362.71,10.99,9.2,8.48,1.09,NORMAL,-17.0,17.0
778238,2025-04-21,BOS,CWS,Fenway Park,7,101.47,336.0,11.78,9.63,8.48,1.14,NORMAL,-17.0,17.0
778239,2025-04-20,MIL,ATH,American Family Field,6,100.02,371.17,0.01,-8.73,9.15,-0.95,NORMAL,-18.3,18.3
778240,2025-04-20,TB,NYY,George M. Steinbrenner Field,8,100.96,347.75,-5.72,-4.74,7.93,-0.6,NORMAL,-15.9,15.9
778241,2025-04-20,TOR,SEA,Rogers Centre,6,105.0,384.5,3.87,-0.09,9.15,-0.01,NORMAL,-18.3,18.3
778242,2025-04-20,PIT,CLE,PNC Park,12,101.62,339.42,-18.19,-23.59,6.47,-3.64,DEAD,-12.9,12.9
778243,2025-04-19,LAA,SF,Angel Stadium,9,103.92,360.89,10.82,6.48,7.47,0.87,NORMAL,-14.9,14.9
778244,2025-04-20,NYM,STL,Citi Field,7,101.57,351.43,10.25,11.37,8.48,1.34,NORMAL,-17.0,17.0
778245,2025-04-20,BOS,CWS,Fenway Park,5,102.64,350.4,-16.93,-19.08,10.03,-1.9,NORMAL,-20.1,20.1
778247,2025-04-19,COL,WSH,Coors Field,10,101.82,379.1,14.73,-5.55,7.09,-0.78,NORMAL,-14.2,14.2
778248,2025-04-20,PHI,MIA,Citizens Bank Park,10,99.59,337.6,2.34,-3.02,7.09,-0.43,NORMAL,-14.2,14.2
778249,2025-04-20,ATL,MIN,Truist Park,7,104.66,386.0,25.84,15.06,8.48,1.78,NORMAL,-17.0,17.0
778250,2025-04-20,BAL,CIN,Oriole Park at Camden Yards,12,102.19,352.0,2.29,-2.97,6.47,-0.46,NORMAL,-12.9,12.9
778251,2025-04-19,TEX,LAD,Globe Life Field,11,101.58,357.82,-1.4,-4.99,6.76,-0.74,NORMAL,-13.5,13.5
778252,2025-04-19,PHI,MIA,Citizens Bank Park,8,104.74,343.62,-3.83,-9.19,7.93,-1.16,NORMAL,-15.9,15.9
778253,2025-04-19,MIL,ATH,American Family Field,9,102.78,348.0,14.38,5.65,7.47,0.76,NORMAL,-14.9,14.9
778254,2025-04-19,PIT,CLE,PNC Park,5,101.3,350.4,-13.16,-18.56,10.03,-1.85,NORMAL,-20.1,20.1
778255,2025-04-19,TB,NYY,George M. Steinbrenner Field,5,100.92,344.8,-7.78,-6.8,10.03,-0.68,NORMAL,-20.1,20.1
778257,2025-04-19,CHC,AZ,Wrigley Field,13,102.63,351.69,-4.9,-5.53,6.22,-0.89,NORMAL,-12.4,12.4
778258,2025-04-19,TOR,SEA,Rogers Centre,9,101.0,350.89,-1.26,-5.22,7.47,-0.7,NORMAL,-14.9,14.9
778259,2025-04-19,HOU,SD,Daikin Park,9,102.82,357.0,10.71,8.92,7.47,1.19,NORMAL,-14.9,14.9
778260,2025-04-18,LAA,SF,Angel Stadium,7,99.23,345.43,11.27,6.93,8.48,0.82,NORMAL,-17.0,17.0
778261,2025-04-18,MIL,ATH,American Family Field,6,101.93,333.0,8.34,-0.39,9.15,-0.04,NORMAL,-18.3,18.3
778262,2025-04-19,BAL,CIN,Oriole Park at Camden Yards,14,102.43,364.29,13.4,8.14,5.99,1.36,NORMAL,-12.0,12.0
778263,2025-04-18,TEX,LAD,Globe Life Field,5,105.04,341.2,-11.84,-15.43,10.03,-1.54,NORMAL,-20.1,20.1
778264,2025-04-19,BOS,CWS,Fenway Park,7,102.86,363.57,10.53,8.38,8.48,0.99,NORMAL,-17.0,17.0
778265,2025-04-19,DET,KC,Comerica Park,9,99.64,355.56,1.59,-1.18,7.47,-0.16,NORMAL,-14.9,14.9
778266,2025-04-20,COL,WSH,Coors Field,5,101.0,330.2,8.98,-11.29,10.03,-1.13,NORMAL,-20.1,20.1
778267,2025-04-19,ATL,MIN,Truist Park,13,102.7,357.54,8.73,-2.05,6.22,-0.33,NORMAL,-12.4,12.4
778268,2025-04-18,CHC,AZ,Wrigley Field,13,102.08,365.38,18.93,18.31,6.22,2.94,JUICED,-12.4,12.4
778269,2025-04-18,HOU,SD,Daikin Park,8,101.48,347.12,13.98,12.19,7.93,1.54,NORMAL,-15.9,15.9
778270,2025-04-18,NYM,STL,Citi Field,8,104.04,345.12,-15.12,-14.0,7.93,-1.77,NORMAL,-15.9,15.9
778271,2025-04-18,PIT,CLE,PNC Park,11,102.19,358.73,5.13,-0.27,6.76,-0.04,NORMAL,-13.5,13.5
778272,2025-04-18,TB,NYY,George M. Steinbrenner Field,6,104.55,353.33,-14.72,-13.74,9.15,-1.5,NORMAL,-18.3,18.3
778273,2025-04-18,TOR,SEA,Rogers Centre,8,103.19,343.88,-11.47,-15.43,7.93,-1.95,NORMAL,-15.9,15.9
778274,2025-04-18,PHI,MIA,Citizens Bank Park,5,104.86,387.8,14.19,8.83,10.03,0.88,NORMAL,-20.1,20.1
778275,2025-04-18,BOS,CWS,Fenway Park,16,102.52,356.12,-4.67,-6.82,5.61,-1.22,NORMAL,-11.2,11.2
778276,2025-04-18,BAL,CIN,Oriole Park at Camden Yards,8,103.65,380.88,4.61,-0.65,7.93,-0.08,NORMAL,-15.9,15.9
778277,2025-04-18,DET,KC,Comerica Park,6,100.13,329.0,-13.83,-16.6,9.15,-1.81,NORMAL,-18.3,18.3
778279,2025-04-17,PHI,SF,Citizens Bank Park,5,104.46,372.6,16.38,11.02,10.03,1.1,NORMAL,-20.1,20.1
778280,2025-04-17,PIT,WSH,PNC Park,5,103.68,351.2,1.54,-3.86,10.03,-0.39,NORMAL,-20.1,20.1
778281,2025-04-17,TEX,LAA,Globe Life Field,7,101.5,371.86,2.49,-1.11,8.48,-0.13,NORMAL,-17.0,17.0
778282,2025-04-17,TB,NYY,George M. Steinbrenner Field,7,99.73,329.71,-0.28,0.7,8.48,0.08,NORMAL,-17.0,17.0
778283,2025-04-17,CWS,ATH,Rate Field,6,103.73,364.5,2.36,2.1,9.15,0.23,NORMAL,-18.3,18.3
778284,2025-04-18,ATL,MIN,Truist Park,11,102.93,355.64,5.83,-4.95,6.76,-0.73,NORMAL,-13.5,13.5
778285,2025-04-17,CIN,SEA,Great American Ball Park,12,104.42,352.08,-6.02,-12.27,6.47,-1.9,NORMAL,-12.9,12.9
778286,2025-04-17,DET,KC,Comerica Park,5,100.62,345.8,-19.93,-22.71,10.03,-2.26,DEAD,-20.1,20.1
778287,2025-04-16,LAD,COL,Dodger Stadium,9,103.33,367.33,11.45,8.16,7.47,1.09,NORMAL,-14.9,14.9
778288,2025-04-16,SD,CHC,Petco Park,7,101.04,341.57,3.18,3.38,8.48,0.4,NORMAL,-17.0,17.0
778289,2025-04-16,TEX,LAA,Globe Life Field,10,101.31,333.8,-4.62,-8.21,7.09,-1.16,NORMAL,-14.2,14.2
778290,2025-04-16,STL,HOU,Busch Stadium,10,101.23,351.9,-8.91,-13.22,7.09,-1.86,NORMAL,-14.2,14.2
778291,2025-04-17,MIA,AZ,loanDepot park,7,101.66,340.57,2.28,-3.06,8.48,-0.36,NORMAL,-17.0,17.0
778292,2025-04-17,BAL,CLE,Oriole Park at Camden Yards,7,104.06,386.29,8.11,2.85,8.48,0.34,NORMAL,-17.0,17.0
778293,2025-04-16,PIT,WSH,PNC Park,8,102.34,334.12,11.33,5.93,7.93,0.75,NORMAL,-15.9,15.9
778294,2025-04-16,CWS,ATH,Rate Field,6,102.32,372.17,7.62,7.36,9.15,0.8,NORMAL,-18.3,18.3
778295,2025-04-16,MIL,DET,American Family Field,8,100.54,360.62,5.42,-3.32,7.93,-0.42,NORMAL,-15.9,15.9
778296,2025-04-16,PHI,SF,Citizens Bank Park,10,100.26,350.7,-1.27,-6.63,7.09,-0.94,NORMAL,-14.2,14.2
778297,2025-04-16,TOR,ATL,Rogers Centre,5,99.32,363.4,4.62,0.66,10.03,0.07,NORMAL,-20.1,20.1
778298,2025-04-16,TB,BOS,George M. Steinbrenner Field,9,102.97,359.78,-13.95,-12.97,7.47,-1.74,NORMAL,-14.9,14.9
778300,2025-04-16,NYY,KC,Yankee Stadium,10,101.32,322.4,-9.25,-9.69,7.09,-1.37,NORMAL,-14.2,14.2
778301,2025-04-16,BAL,CLE,Oriole Park at Camden Yards,10,103.76,370.6,-3.82,-9.08,7.09,-1.28,NORMAL,-14.2,14.2
778302,2025-04-15,LAD,COL,Dodger Stadium,8,100.75,301.75,-24.04,-27.32,7.93,-3.45,DEAD,-15.9,15.9
778303,2025-04-16,MIA,AZ,loanDepot park,6,105.95,392.17,2.01,-3.33,9.15,-0.36,NORMAL,-18.3,18.3
778304,2025-04-16,CIN,SEA,Great American Ball Park,7,103.03,369.29,11.53,5.27,8.48,0.62,NORMAL,-17.0,17.0
778305,2025-04-15,SD,CHC,Petco Park,5,100.3,344.4,1.66,1.85,10.03,0.18,NORMAL,-20.1,20.1
778306,2025-04-15,TEX,LAA,Globe Life Field,6,102.8,340.5,-14.19,-17.78,9.15,-1.94,NORMAL,-18.3,18.3
778307,2025-04-15,MIN,NYM,Target Field,7,103.5,361.14,9.16,2.74,8.48,0.32,NORMAL,-17.0,17.0
778308,2025-04-15,STL,HOU,Busch Stadium,7,102.43,362.14,5.92,1.61,8.48,0.19,NORMAL,-17.0,17.0
778309,2025-04-15,CWS,ATH,Rate Field,9,106.63,370.44,13.47,13.22,7.47,1.77,NORMAL,-14.9,14.9
778310,2025-04-15,MIL,DET,American Family Field,6,103.62,365.33,12.02,3.28,9.15,0.36,NORMAL,-18.3,18.3
778311,2025-04-15,TOR,ATL,Rogers Centre,12,104.2,369.67,7.26,3.3,6.47,0.51,NORMAL,-12.9,12.9
778312,2025-04-15,NYY,KC,Yankee Stadium,10,103.76,363.6,10.83,10.39,7.09,1.47,NORMAL,-14.2,14.2
778313,2025-04-15,PHI,SF,Citizens Bank Park,8,102.34,333.62,3.91,-1.45,7.93,-0.18,NORMAL,-15.9,15.9
778314,2025-04-15,PIT,WSH,PNC Park,5,102.84,346.6,3.78,-1.62,10.03,-0.16,NORMAL,-20.1,20.1
778315,2025-04-14,SD,CHC,Petco Park,8,103.1,344.75,-13.41,-13.21,7.93,-1.67,NORMAL,-15.9,15.9
778316,2025-04-15,CIN,SEA,Great American Ball Park,10,103.35,370.7,3.03,-3.23,7.09,-0.46,NORMAL,-14.2,14.2
778317,2025-04-15,BAL,CLE,Oriole Park at Camden Yards,8,99.99,335.75,-0.91,-6.17,7.93,-0.78,NORMAL,-15.9,15.9
778318,2025-04-15,MIA,AZ,loanDepot park,12,101.9,353.75,7.43,2.09,6.47,0.32,NORMAL,-12.9,12.9
778319,2025-04-15,TB,BOS,George M. Steinbrenner Field,11,101.98,358.73,9.54,10.52,6.76,1.56,NORMAL,-13.5,13.5
778320,2025-04-14,PHI,SF,Citizens Bank Park,9,101.02,352.67,5.54,0.17,7.47,0.02,NORMAL,-14.9,14.9
778322,2025-04-14,TOR,ATL,Rogers Centre,10,103.71,377.0,10.81,6.85,7.09,0.97,NORMAL,-14.2,14.2
778323,2025-04-14,MIL,DET,American Family Field,6,100.72,366.83,9.63,0.9,9.15,0.1,NORMAL,-18.3,18.3
778324,2025-04-14,MIN,NYM,Target Field,8,102.15,337.88,2.49,-3.93,7.93,-0.5,NORMAL,-15.9,15.9
778325,2025-04-14,STL,HOU,Busch Stadium,7,102.77,352.86,4.88,0.57,8.48,0.07,NORMAL,-17.0,17.0
778326,2025-04-14,LAD,COL,Dodger Stadium,9,102.44,359.33,-4.7,-7.98,7.47,-1.07,NORMAL,-14.9,14.9
778327,2025-04-14,NYY,KC,Yankee Stadium,9,103.93,346.33,1.73,1.28,7.47,0.17,NORMAL,-14.9,14.9
778328,2025-04-14,TB,BOS,George M. Steinbrenner Field,8,102.91,382.5,6.6,7.58,7.93,0.96,NORMAL,-15.9,15.9
778329,2025-04-13,HOU,LAA,Daikin Park,8,101.39,352.75,0.78,-1.01,7.93,-0.13,NORMAL,-15.9,15.9
778330,2025-04-13,SD,COL,Petco Park,6,97.67,323.33,2.42,2.62,9.15,0.29,NORMAL,-18.3,18.3
778333,2025-04-13,ATH,NYM,Sutter Health Park,6,102.07,353.5,4.62,-6.6,9.15,-0.72,NORMAL,-18.3,18.3
778334,2025-04-13,SEA,TEX,T-Mobile Park,5,99.48,346.8,4.98,2.04,10.03,0.2,NORMAL,-20.1,20.1
778335,2025-04-13,MIN,DET,Target Field,7,102.54,371.86,-10.64,-17.05,8.48,-2.01,DEAD,-17.0,17.0
778336,2025-04-13,STL,PHI,Busch Stadium,10,103.02,358.5,2.51,-1.81,7.09,-0.25,NORMAL,-14.2,14.2
778337,2025-04-13,MIA,WSH,loanDepot park,5,102.24,368.2,2.62,-2.72,10.03,-0.27,NORMAL,-20.1,20.1
778339,2025-04-13,NYY,SF,Yankee Stadium,9,100.93,349.78,-5.28,-5.72,7.47,-0.77,NORMAL,-14.9,14.9
778340,2025-04-13,TB,ATL,George M. Steinbrenner Field,5,104.02,385.4,4.76,5.74,10.03,0.57,NORMAL,-20.1,20.1
778341,2025-04-12,SEA,TEX,T-Mobile Park,9,102.41,346.89,-4.89,-7.83,7.47,-1.05,NORMAL,-14.9,14.9
778342,2025-04-13,CLE,KC,Progressive Field,9,101.37,338.0,1.38,-0.33,7.47,-0.04,NORMAL,-14.9,14.9
778343,2025-04-13,CIN,PIT,Great American Ball Park,6,101.57,325.17,0.67,-5.58,9.15,-0.61,NORMAL,-18.3,18.3
778344,2025-04-13,BAL,TOR,Oriole Park at Camden Yards,8,104.0,368.88,19.85,14.59,7.93,1.84,NORMAL,-15.9,15.9
778345,2025-04-12,LAD,CHC,Dodger Stadium,16,101.27,340.69,-10.4,-13.69,5.61,-2.44,DEAD,-11.2,11.2
778347,2025-04-12,STL,PHI,Busch Stadium,6,99.98,351.33,-6.02,-10.33,9.15,-1.13,NORMAL,-18.3,18.3
778348,2025-04-12,MIN,DET,Target Field,9,100.28,352.0,0.09,-6.33,7.47,-0.85,NORMAL,-14.9,14.9
778349,2025-04-12,CWS,BOS,Rate Field,6,100.68,341.5,-17.21,-17.47,9.15,-1.91,NORMAL,-18.3,18.3
778350,2025-04-12,AZ,MIL,Chase Field,7,104.37,366.57,11.27,-0.0,8.48,-0.0,NORMAL,-17.0,17.0
778351,2025-04-12,HOU,LAA,Daikin Park,5,102.46,341.2,-7.04,-8.83,10.03,-0.88,NORMAL,-20.1,20.1
778352,2025-04-12,SD,COL,Petco Park,12,102.39,352.67,3.19,3.39,6.47,0.52,NORMAL,-12.9,12.9
778353,2025-04-12,TB,ATL,George M. Steinbrenner Field,16,103.1,351.75,1.36,2.34,5.61,0.42,NORMAL,-11.2,11.2
778354,2025-04-12,MIA,WSH,loanDepot park,10,101.02,345.6,-7.19,-12.53,7.09,-1.77,NORMAL,-14.2,14.2
778355,2025-04-12,NYY,SF,Yankee Stadium,9,101.83,350.11,-8.97,-9.42,7.47,-1.26,NORMAL,-14.9,14.9
778356,2025-04-11,LAD,CHC,Dodger Stadium,5,99.58,361.2,2.24,-1.04,10.03,-0.1,NORMAL,-20.1,20.1
778358,2025-04-11,ATH,NYM,Sutter Health Park,14,102.11,346.79,4.22,-7.0,5.99,-1.17,NORMAL,-12.0,12.0
778359,2025-04-12,CLE,KC,Progressive Field,7,102.21,371.14,1.85,0.14,8.48,0.02,NORMAL,-17.0,17.0
778360,2025-04-11,SEA,TEX,T-Mobile Park,8,102.82,353.25,-10.34,-13.28,7.93,-1.67,NORMAL,-15.9,15.9
778361,2025-04-11,SD,COL,Petco Park,7,104.31,339.0,-7.25,-7.05,8.48,-0.83,NORMAL,-17.0,17.0
778362,2025-04-12,BAL,TOR,Oriole Park at Camden Yards,9,104.84,366.89,9.94,4.67,7.47,0.63,NORMAL,-14.9,14.9
778363,2025-04-11,MIN,DET,Target Field,6,99.28,320.83,-3.16,-9.58,9.15,-1.05,NORMAL,-18.3,18.3
778364,2025-04-11,AZ,MIL,Chase Field,9,98.51,322.11,7.45,-3.83,7.47,-0.51,NORMAL,-14.9,14.9
778366,2025-04-11,CWS,BOS,Rate Field,5,101.4,340.8,-10.3,-10.55,10.03,-1.05,NORMAL,-20.1,20.1
778367,2025-04-11,TB,ATL,George M. Steinbrenner Field,7,102.16,340.71,-11.29,-10.31,8.48,-1.22,NORMAL,-17.0,17.0
778368,2025-04-11,HOU,LAA,Daikin Park,9,99.81,344.56,-3.07,-4.86,7.47,-0.65,NORMAL,-14.9,14.9
778369,2025-04-11,MIA,WSH,loanDepot park,10,102.1,348.1,8.14,2.8,7.09,0.39,NORMAL,-14.2,14.2
778371,2025-04-10,COL,MIL,Coors Field,6,103.93,372.67,21.56,1.29,9.15,0.14,NORMAL,-18.3,18.3
778372,2025-07-29,BAL,TOR,Oriole Park at Camden Yards,13,102.2,368.0,17.1,11.84,6.22,1.9,NORMAL,-12.4,12.4
778373,2025-04-10,KC,MIN,Kauffman Stadium,9,102.21,370.0,6.92,-5.09,7.47,-0.68,NORMAL,-14.9,14.9
778374,2025-04-11,CIN,PIT,Great American Ball Park,6,99.85,372.17,5.08,-1.17,9.15,-0.13,NORMAL,-18.3,18.3
778375,2025-04-11,CLE,KC,Progressive Field,5,100.9,344.8,-16.39,-18.11,10.03,-1.81,NORMAL,-20.1,20.1
778376,2025-04-09,SF,CIN,Oracle Park,8,101.82,365.25,2.22,0.77,7.93,0.1,NORMAL,-15.9,15.9
778377,2025-04-10,BOS,TOR,Fenway Park,6,102.57,339.83,-3.74,-5.89,9.15,-0.64,NORMAL,-18.3,18.3
778379,2025-04-09,COL,MIL,Coors Field,10,102.15,376.7,22.3,2.02,7.09,0.29,NORMAL,-14.2,14.2
778380,2025-04-09,AZ,BAL,Chase Field,10,102.5,365.5,11.18,-0.1,7.09,-0.01,NORMAL,-14.2,14.2
778381,2025-04-09,ATH,SD,Sutter Health Park,6,100.9,342.0,-0.69,-11.91,9.15,-1.3,NORMAL,-18.3,18.3
778382,2025-04-10,TB,LAA,George M. Steinbrenner Field,11,102.32,362.55,-10.77,-9.79,6.76,-1.45,NORMAL,-13.5,13.5
778383,2025-04-09,SEA,HOU,T-Mobile Park,7,101.87,346.0,-21.71,-24.65,8.48,-2.91,DEAD,-17.0,17.0
778384,2025-04-10,ATL,PHI,Truist Park,9,102.73,376.89,11.62,0.84,7.47,0.11,NORMAL,-14.9,14.9
778385,2025-04-09,CHC,TEX,Wrigley Field,12,101.47,358.08,-3.93,-4.56,6.47,-0.7,NORMAL,-12.9,12.9
778386,2025-04-09,BOS,TOR,Fenway Park,6,99.75,317.17,-4.27,-6.42,9.15,-0.7,NORMAL,-18.3,18.3
778388,2025-04-09,KC,MIN,Kauffman Stadium,5,100.8,354.2,22.0,9.98,10.03,1.0,NORMAL,-20.1,20.1
778389,2025-04-09,PIT,STL,PNC Park,10,101.8,336.2,-14.2,-19.6,7.09,-2.76,DEAD,-14.2,14.2
778390,2025-04-09,NYM,MIA,Citi Field,6,101.27,346.5,-25.57,-24.44,9.15,-2.67,DEAD,-18.3,18.3
778391,2025-04-09,CLE,CWS,Progressive Field,5,104.48,374.2,-15.03,-16.74,10.03,-1.67,NORMAL,-20.1,20.1
778392,2025-04-09,WSH,LAD,Nationals Park,9,101.74,363.56,3.83,-1.04,7.47,-0.14,NORMAL,-14.9,14.9
778393,2025-04-09,ATL,PHI,Truist Park,7,102.59,364.43,2.6,-8.18,8.48,-0.97,NORMAL,-17.0,17.0
778394,2025-04-08,COL,MIL,Coors Field,8,101.96,375.5,31.08,10.81,7.93,1.36,NORMAL,-15.9,15.9
778395,2025-04-08,ATH,SD,Sutter Health Park,9,99.82,331.67,-6.09,-17.32,7.47,-2.32,DEAD,-14.9,14.9
778396,2025-04-08,AZ,BAL,Chase Field,7,101.81,356.57,-7.01,-18.28,8.48,-2.16,DEAD,-17.0,17.0
778397,2025-04-08,SF,CIN,Oracle Park,5,97.76,360.6,-7.67,-9.12,10.03,-0.91,NORMAL,-20.1,20.1
778399,2025-04-09,TB,LAA,George M. Steinbrenner Field,10,101.99,348.6,-1.18,-0.2,7.09,-0.03,NORMAL,-14.2,14.2
778400,2025-04-08,KC,MIN,Kauffman Stadium,5,98.6,366.4,13.65,1.64,10.03,0.16,NORMAL,-20.1,20.1
778401,2025-04-08,CHC,TEX,Wrigley Field,10,102.38,344.2,-6.94,-7.56,7.09,-1.07,NORMAL,-14.2,14.2
778402,2025-04-08,CLE,CWS,Progressive Field,6,99.88,324.83,5.0,3.29,9.15,0.36,NORMAL,-18.3,18.3
778403,2025-04-08,DET,NYY,Comerica Park,6,101.27,368.67,10.58,7.8,9.15,0.85,NORMAL,-18.3,18.3
778404,2025-04-08,BOS,TOR,Fenway Park,5,99.7,335.2,-6.24,-8.39,10.03,-0.84,NORMAL,-20.1,20.1
778406,2025-04-08,ATL,PHI,Truist Park,9,103.23,384.11,24.24,13.47,7.47,1.8,NORMAL,-14.9,14.9
778407,2025-04-08,NYM,MIA,Citi Field,10,100.89,357.8,4.54,5.67,7.09,0.8,NORMAL,-14.2,14.2
778408,2025-04-08,PIT,STL,PNC Park,8,100.66,347.12,7.02,1.62,7.93,0.2,NORMAL,-15.9,15.9
778409,2025-04-08,WSH,LAD,Nationals Park,8,103.32,373.25,-1.5,-6.38,7.93,-0.8,NORMAL,-15.9,15.9
778411,2025-04-07,CHC,TEX,Wrigley Field,5,99.24,339.0,-1.38,-2.01,10.03,-0.2,NORMAL,-20.1,20.1
778412,2025-04-07,KC,MIN,Kauffman Stadium,7,101.46,377.43,13.71,1.69,8.48,0.2,NORMAL,-17.0,17.0
778413,2025-04-07,AZ,BAL,Chase Field,5,102.12,339.2,-13.49,-24.77,10.03,-2.47,DEAD,-20.1,20.1
778414,2025-04-07,ATH,SD,Sutter Health Park,8,101.32,374.25,7.76,-3.46,7.93,-0.44,NORMAL,-15.9,15.9
778415,2025-04-07,PIT,STL,PNC Park,10,101.18,365.4,7.26,1.86,7.09,0.26,NORMAL,-14.2,14.2
778416,2025-04-07,NYM,MIA,Citi Field,6,103.57,344.17,-4.01,-2.88,9.15,-0.31,NORMAL,-18.3,18.3
778417,2025-04-08,TB,LAA,George M. Steinbrenner Field,6,102.12,375.5,8.35,9.34,9.15,1.02,NORMAL,-18.3,18.3
778418,2025-04-07,WSH,LAD,Nationals Park,9,102.04,327.22,-13.69,-18.56,7.47,-2.48,DEAD,-14.9,14.9
778419,2025-04-06,MIN,HOU,Target Field,12,101.37,353.83,-4.59,-11.01,6.47,-1.7,NORMAL,-12.9,12.9
778421,2025-04-06,MIL,CIN,American Family Field,8,101.15,334.62,3.6,-5.13,7.93,-0.65,NORMAL,-15.9,15.9
778422,2025-04-06,KC,BAL,Kauffman Stadium,6,101.62,364.17,5.51,-6.51,9.15,-0.71,NORMAL,-18.3,18.3
778423,2025-04-06,COL,ATH,Coors Field,8,102.32,368.5,8.34,-11.94,7.93,-1.51,NORMAL,-15.9,15.9
778424,2025-04-07,DET,NYY,Comerica Park,6,103.78,334.17,3.74,0.97,9.15,0.11,NORMAL,-18.3,18.3
778426,2025-04-07,BOS,TOR,Fenway Park,8,102.21,348.0,4.82,2.67,7.93,0.34,NORMAL,-15.9,15.9
778427,2025-04-06,SF,SEA,Oracle Park,8,100.36,342.0,4.44,2.99,7.93,0.38,NORMAL,-15.9,15.9
778428,2025-04-06,PIT,NYY,PNC Park,10,100.65,341.4,1.1,-4.3,7.09,-0.61,NORMAL,-14.2,14.2
778429,2025-04-06,WSH,AZ,Nationals Park,5,99.54,322.2,2.47,-2.41,10.03,-0.24,NORMAL,-20.1,20.1
778430,2025-04-06,CHC,SD,Wrigley Field,6,100.97,353.33,-0.45,-1.08,9.15,-0.12,NORMAL,-18.3,18.3
778431,2025-08-09,ATL,MIA,Truist Park,7,101.4,343.57,5.59,-5.19,8.48,-0.61,NORMAL,-17.0,17.0
778432,2025-04-06,BOS,STL,Fenway Park,13,102.25,357.77,10.57,8.43,6.22,1.35,NORMAL,-12.4,12.4
778434,2025-04-06,PHI,LAD,Citizens Bank Park,10,100.66,351.6,-5.04,-10.4,7.09,-1.47,NORMAL,-14.2,14.2
778435,2025-04-06,NYM,TOR,Citi Field,6,100.83,300.67,-15.53,-14.41,9.15,-1.57,NORMAL,-18.3,18.3
778436,2025-04-05,SF,SEA,Oracle Park,6,101.02,358.33,13.08,11.63,9.15,1.27,NORMAL,-18.3,18.3
778437,2025-04-05,LAA,CLE,Angel Stadium,11,100.68,357.64,5.77,1.43,6.76,0.21,NORMAL,-13.5,13.5
778438,2025-04-05,TEX,TB,Globe Life Field,9,103.01,363.33,1.71,-1.88,7.47,-0.25,NORMAL,-14.9,14.9
778439,2025-04-05,MIL,CIN,American Family Field,9,101.09,359.11,8.63,-0.11,7.47,-0.01,NORMAL,-14.9,14.9
778440,2025-04-05,MIN,HOU,Target Field,8,102.68,343.12,11.95,5.53,7.93,0.7,NORMAL,-15.9,15.9
778441,2025-04-05,KC,BAL,Kauffman Stadium,12,100.51,345.58,2.48,-9.54,6.47,-1.47,NORMAL,-12.9,12.9
778442,2025-04-05,COL,ATH,Coors Field,11,101.58,373.55,13.51,-6.76,6.76,-1.0,NORMAL,-13.5,13.5
778443,2025-04-06,BOS,STL,Fenway Park,6,102.08,353.67,3.82,1.67,9.15,0.18,NORMAL,-18.3,18.3
778444,2025-04-04,SF,SEA,Oracle Park,10,103.13,364.4,-0.6,-2.05,7.09,-0.29,NORMAL,-14.2,14.2
778445,2025-04-05,DET,CWS,Comerica Park,9,101.5,337.78,-2.33,-5.11,7.47,-0.68,NORMAL,-14.9,14.9
778446,2025-04-05,NYM,TOR,Citi Field,11,100.68,336.55,-5.35,-4.23,6.76,-0.63,NORMAL,-13.5,13.5
778447,2025-04-04,LAA,CLE,Angel Stadium,7,104.09,385.14,20.46,16.12,8.48,1.9,NORMAL,-17.0,17.0
778448,2025-04-05,PHI,LAD,Citizens Bank Park,8,102.29,351.88,1.62,-3.75,7.93,-0.47,NORMAL,-15.9,15.9
778449,2025-04-05,PIT,NYY,PNC Park,8,101.02,365.0,3.26,-2.14,7.93,-0.27,NORMAL,-15.9,15.9
778450,2025-04-05,CHC,SD,Wrigley Field,8,101.8,332.38,-7.34,-7.96,7.93,-1.0,NORMAL,-15.9,15.9
778451,2025-04-05,ATL,MIA,Truist Park,12,101.16,355.58,17.63,6.85,6.47,1.06,NORMAL,-12.9,12.9
778452,2025-04-05,WSH,AZ,Nationals Park,6,100.78,352.83,17.51,12.63,9.15,1.38,NORMAL,-18.3,18.3
778453,2025-04-04,MIL,CIN,American Family Field,5,101.32,370.0,3.62,-5.11,10.03,-0.51,NORMAL,-20.1,20.1
778454,2025-04-04,TEX,TB,Globe Life Field,7,102.39,332.71,-1.6,-5.19,8.48,-0.61,NORMAL,-17.0,17.0
778455,2025-04-04,KC,BAL,Kauffman Stadium,8,100.35,296.62,-16.3,-28.32,7.93,-3.57,DEAD,-15.9,15.9
778457,2025-04-04,WSH,AZ,Nationals Park,11,105.62,375.09,6.65,1.78,6.76,0.26,NORMAL,-13.5,13.5
778458,2025-04-04,DET,CWS,Comerica Park,9,104.16,350.67,-5.21,-7.98,7.47,-1.07,NORMAL,-14.9,14.9
778459,2025-04-04,PHI,LAD,Citizens Bank Park,6,101.62,334.5,-17.99,-23.35,9.15,-2.55,DEAD,-18.3,18.3
778460,2025-04-04,CHC,SD,Wrigley Field,7,102.33,350.71,-3.33,-3.96,8.48,-0.47,NORMAL,-17.0,17.0
778461,2025-04-04,PIT,NYY,PNC Park,10,102.22,354.5,-4.69,-10.09,7.09,-1.42,NORMAL,-14.2,14.2
778462,2025-04-03,MIN,HOU,Target Field,6,104.0,369.0,22.16,15.74,9.15,1.72,NORMAL,-18.3,18.3
778463,2025-04-04,BOS,STL,Fenway Park,13,102.21,354.08,-7.86,-10.0,6.22,-1.61,NORMAL,-12.4,12.4
778464,2025-04-04,ATL,MIA,Truist Park,5,103.54,376.6,13.24,2.47,10.03,0.25,NORMAL,-20.1,20.1
778465,2025-04-04,NYM,TOR,Citi Field,6,101.88,358.83,8.74,9.87,9.15,1.08,NORMAL,-18.3,18.3
778466,2025-04-03,NYY,AZ,Yankee Stadium,10,103.01,356.5,-11.24,-11.69,7.09,-1.65,NORMAL,-14.2,14.2
778467,2025-04-03,PHI,COL,Citizens Bank Park,8,101.64,351.12,16.13,10.77,7.93,1.36,NORMAL,-15.9,15.9
778468,2025-04-03,MIL,CIN,American Family Field,5,97.5,346.0,9.28,0.54,10.03,0.05,NORMAL,-20.1,20.1
778469,2025-04-02,SEA,DET,T-Mobile Park,5,99.84,339.2,-11.09,-14.03,10.03,-1.4,NORMAL,-20.1,20.1
778470,2025-04-03,BAL,BOS,Oriole Park at Camden Yards,11,101.67,348.82,0.16,-5.1,6.76,-0.75,NORMAL,-13.5,13.5
778471,2025-04-02,ATH,CHC,Sutter Health Park,5,104.44,352.0,-17.98,-29.21,10.03,-2.91,DEAD,-20.1,20.1
778472,2025-04-02,LAD,ATL,Dodger Stadium,9,102.94,348.11,2.4,-0.89,7.47,-0.12,NORMAL,-14.9,14.9
778473,2025-04-02,STL,LAA,Busch Stadium,9,105.68,371.44,6.39,2.08,7.47,0.28,NORMAL,-14.9,14.9
778474,2025-04-02,CWS,MIN,Rate Field,9,103.72,376.33,8.53,8.28,7.47,1.11,NORMAL,-14.9,14.9
778475,2025-04-02,HOU,SF,Daikin Park,6,100.62,341.83,3.02,1.23,9.15,0.13,NORMAL,-18.3,18.3
778476,2025-04-02,SD,CLE,Petco Park,7,100.99,366.43,2.67,2.87,8.48,0.34,NORMAL,-17.0,17.0
778478,2025-04-02,TOR,WSH,Rogers Centre,8,101.45,332.25,-9.22,-13.18,7.93,-1.66,NORMAL,-15.9,15.9
778479,2025-04-02,TB,PIT,George M. Steinbrenner Field,6,102.7,344.5,-13.81,-12.83,9.15,-1.4,NORMAL,-18.3,18.3
778480,2025-04-02,CIN,TEX,Great American Ball Park,5,101.78,358.8,4.49,-1.76,10.03,-0.18,NORMAL,-20.1,20.1
778481,2025-04-02,MIA,NYM,loanDepot park,10,103.82,341.6,-1.34,-6.69,7.09,-0.94,NORMAL,-14.2,14.2
778482,2025-04-02,PHI,COL,Citizens Bank Park,7,101.86,320.57,-9.9,-15.26,8.48,-1.8,NORMAL,-17.0,17.0
778484,2025-04-02,NYY,AZ,Yankee Stadium,5,104.22,383.6,-2.99,-3.44,10.03,-0.34,NORMAL,-20.1,20.1
778488,2025-04-01,MIL,KC,American Family Field,5,103.34,386.6,21.15,12.42,10.03,1.24,NORMAL,-20.1,20.1
778489,2025-04-01,HOU,SF,Daikin Park,7,102.01,345.0,-4.6,-6.39,8.48,-0.75,NORMAL,-17.0,17.0
778492,2025-04-01,NYY,AZ,Yankee Stadium,8,102.69,345.88,-3.27,-3.71,7.93,-0.47,NORMAL,-15.9,15.9
778494,2025-04-01,ATH,CHC,Sutter Health Park,7,102.19,373.29,13.55,2.32,8.48,0.27,NORMAL,-17.0,17.0
778495,2025-04-01,STL,LAA,Busch Stadium,9,102.9,335.89,2.24,-2.08,7.47,-0.28,NORMAL,-14.9,14.9
778496,2025-03-31,SEA,DET,T-Mobile Park,15,101.33,329.27,-9.71,-12.65,5.79,-2.19,DEAD,-11.6,11.6
778497,2025-04-01,MIA,NYM,loanDepot park,8,102.02,360.5,11.78,6.44,7.93,0.81,NORMAL,-15.9,15.9
778498,2025-04-01,CIN,TEX,Great American Ball Park,5,103.12,358.4,18.22,11.96,10.03,1.19,NORMAL,-20.1,20.1
778499,2025-03-31,SD,CLE,Petco Park,10,102.87,333.8,3.66,3.86,7.09,0.54,NORMAL,-14.2,14.2
778500,2025-03-31,LAD,ATL,Dodger Stadium,10,103.68,362.5,12.21,8.93,7.09,1.26,NORMAL,-14.2,14.2
778501,2025-03-31,ATH,CHC,Sutter Health Park,18,100.93,355.06,11.19,-0.04,5.29,-0.01,NORMAL,-10.6,10.6
778502,2025-03-31,PHI,COL,Citizens Bank Park,9,100.11,361.67,9.62,4.26,7.47,0.57,NORMAL,-14.9,14.9
778504,2025-03-31,MIL,KC,American Family Field,6,102.08,370.17,23.37,14.64,9.15,1.6,NORMAL,-18.3,18.3
778505,2025-03-31,HOU,SF,Daikin Park,6,100.57,326.5,-1.04,-2.83,9.15,-0.31,NORMAL,-18.3,18.3
778506,2025-03-31,CWS,MIN,Rate Field,5,103.96,340.4,-9.21,-9.46,10.03,-0.94,NORMAL,-20.1,20.1
778507,2025-03-31,TOR,WSH,Rogers Centre,10,102.5,343.0,3.92,-0.04,7.09,-0.01,NORMAL,-14.2,14.2
778508,2025-03-31,TB,PIT,George M. Steinbrenner Field,5,101.26,331.4,-8.72,-7.74,10.03,-0.77,NORMAL,-20.1,20.1
778509,2025-03-31,MIA,NYM,loanDepot park,11,104.56,363.09,7.61,2.27,6.76,0.34,NORMAL,-13.5,13.5
778510,2025-03-30,KC,CLE,Kauffman Stadium,5,102.7,353.6,11.41,-0.61,10.03,-0.06,NORMAL,-20.1,20.1
778511,2025-03-31,CIN,TEX,Great American Ball Park,11,103.91,360.18,-2.02,-8.27,6.76,-1.22,NORMAL,-13.5,13.5
778512,2025-03-31,BAL,BOS,Oriole Park at Camden Yards,7,101.11,337.57,0.31,-4.95,8.48,-0.58,NORMAL,-17.0,17.0
778513,2025-03-30,SEA,ATH,T-Mobile Park,8,102.7,375.25,-4.56,-7.5,7.93,-0.95,NORMAL,-15.9,15.9
778514,2025-03-30,SD,ATL,Petco Park,6,102.28,354.67,-9.28,-9.08,9.15,-0.99,NORMAL,-18.3,18.3
778515,2025-03-30,AZ,CHC,Chase Field,11,103.44,370.27,19.75,8.47,6.76,1.25,NORMAL,-13.5,13.5
778516,2025-03-30,TEX,BOS,Globe Life Field,7,101.03,351.57,-0.38,-3.98,8.48,-0.47,NORMAL,-17.0,17.0
778517,2025-03-30,STL,MIN,Busch Stadium,11,101.9,362.55,14.56,10.24,6.76,1.51,NORMAL,-13.5,13.5
778518,2025-03-28,HOU,NYM,Daikin Park,8,102.84,356.38,3.73,1.94,7.93,0.24,NORMAL,-15.9,15.9
778519,2025-03-30,MIA,PIT,loanDepot park,6,101.32,371.83,10.58,5.24,9.15,0.57,NORMAL,-18.3,18.3
778520,2025-03-29,SD,ATL,Petco Park,5,101.48,331.4,3.4,3.6,10.03,0.36,NORMAL,-20.1,20.1
778521,2025-03-29,SEA,ATH,T-Mobile Park,7,98.59,363.43,7.23,4.29,8.48,0.51,NORMAL,-17.0,17.0
778522,2025-03-30,CIN,SF,Great American Ball Park,5,103.54,375.6,3.42,-2.84,10.03,-0.28,NORMAL,-20.1,20.1
778523,2025-03-30,NYY,MIL,Yankee Stadium,9,105.77,368.0,-13.32,-13.77,7.47,-1.84,NORMAL,-14.9,14.9
778524,2025-03-30,TB,COL,George M. Steinbrenner Field,9,102.23,346.0,4.45,5.43,7.47,0.73,NORMAL,-14.9,14.9
778525,2025-03-30,TOR,BAL,Rogers Centre,6,100.28,362.83,1.13,-2.83,9.15,-0.31,NORMAL,-18.3,18.3
778526,2025-03-30,WSH,PHI,Nationals Park,10,104.16,342.1,1.55,-3.33,7.09,-0.47,NORMAL,-14.2,14.2
778527,2025-03-30,CWS,LAA,Rate Field,9,102.17,354.44,16.22,15.97,7.47,2.14,JUICED,-14.9,14.9
778528,2025-03-29,STL,MIN,Busch Stadium,10,99.75,348.8,-7.81,-12.12,7.09,-1.71,NORMAL,-14.2,14.2
778529,2025-03-29,KC,CLE,Kauffman Stadium,7,100.34,347.14,6.28,-5.74,8.48,-0.68,NORMAL,-17.0,17.0
778531,2025-03-29,TEX,BOS,Globe Life Field,8,103.89,381.38,18.88,15.29,7.93,1.93,NORMAL,-15.9,15.9
778532,2025-03-29,AZ,CHC,Chase Field,6,102.35,347.83,13.35,2.07,9.15,0.23,NORMAL,-18.3,18.3
778533,2025-03-29,LAD,DET,Dodger Stadium,5,103.98,362.2,-9.02,-12.31,10.03,-1.23,NORMAL,-20.1,20.1
778535,2025-03-29,WSH,PHI,Nationals Park,14,102.52,351.07,5.88,1.0,5.99,0.17,NORMAL,-12.0,12.0
778536,2025-03-29,TOR,BAL,Rogers Centre,8,107.48,378.62,7.28,3.32,7.93,0.42,NORMAL,-15.9,15.9
778537,2025-03-29,TB,COL,George M. Steinbrenner Field,10,104.02,332.9,-20.56,-19.58,7.09,-2.76,DEAD,-14.2,14.2
778538,2025-03-29,NYY,MIL,Yankee Stadium,15,105.11,364.13,2.86,2.41,5.79,0.42,NORMAL,-11.6,11.6
778539,2025-03-29,MIA,PIT,loanDepot park,11,100.35,362.64,4.18,-1.16,6.76,-0.17,NORMAL,-13.5,13.5
778540,2025-03-29,CIN,SF,Great American Ball Park,7,100.11,332.86,-2.9,-9.15,8.48,-1.08,NORMAL,-17.0,17.0
778541,2025-03-28,SEA,ATH,T-Mobile Park,8,103.0,365.0,16.03,13.09,7.93,1.65,NORMAL,-15.9,15.9
778542,2025-03-28,SD,ATL,Petco Park,6,101.95,349.5,-1.6,-1.41,9.15,-0.15,NORMAL,-18.3,18.3
778543,2025-03-28,AZ,CHC,Chase Field,10,102.52,351.2,11.32,0.04,7.09,0.01,NORMAL,-14.2,14.2
778544,2025-03-28,LAD,DET,Dodger Stadium,9,100.52,351.56,4.58,1.3,7.47,0.17,NORMAL,-14.9,14.9
778549,2025-03-28,TOR,BAL,Rogers Centre,7,102.77,352.43,-7.08,-11.04,8.48,-1.3,NORMAL,-17.0,17.0
778550,2025-03-28,TEX,BOS,Globe Life Field,7,100.5,365.57,-5.14,-8.73,8.48,-1.03,NORMAL,-17.0,17.0
778560,2025-03-28,TB,COL,George M. Steinbrenner Field,7,101.96,331.29,-7.18,-6.2,8.48,-0.73,NORMAL,-17.0,17.0
813022,2025-10-29,,,,6,103.17,357.17,3.64,,9.15,,,-18.3,18.3
813023,2025-10-28,,,,12,100.32,337.58,2.61,,6.47,,,-12.9,12.9
813024,2025-11-01,,,,14,102.76,362.64,4.9,,5.99,,,-12.0,12.0
813025,2025-10-31,,,,7,102.57,349.86,10.22,,8.48,,,-17.0,17.0
813026,2025-10-25,,,,8,102.9,328.12,-20.54,,7.93,,,-15.9,15.9
813027,2025-10-24,,,,8,100.65,373.38,-1.76,,7.93,,,-15.9,15.9
813031,2025-10-17,,,,10,105.25,361.7,-5.18,,7.09,,,-14.2,14.2
813032,2025-10-27,,,,17,102.86,355.94,-13.54,,5.44,,,-10.9,10.9
813034,2025-10-14,,,,6,106.32,356.83,-6.86,,9.15,,,-18.3,18.3
813035,2025-10-16,,,,8,103.75,343.38,-1.72,,7.93,,,-15.9,15.9
813036,2025-10-13,,,,9,102.0,342.56,-3.8,,7.47,,,-14.9,14.9
813037,2025-10-20,,,,7,100.99,351.86,9.07,,8.48,,,-17.0,17.0
813038,2025-10-19,,,,6,101.02,371.67,15.53,,9.15,,,-18.3,18.3
813039,2025-10-17,,,,8,103.9,360.5,-2.72,,7.93,,,-15.9,15.9
813040,2025-10-12,,,,9,102.49,352.0,-13.84,,7.47,,,-14.9,14.9
813041,2025-10-08,,,,10,103.32,356.4,4.65,,7.09,,,-14.2,14.2
813042,2025-10-09,,,,6,101.92,345.33,15.96,,9.15,,,-18.3,18.3
813043,2025-10-15,,,,14,105.71,365.36,3.56,,5.99,,,-12.0,12.0
813044,2025-10-13,,,,10,100.34,346.3,7.04,,7.09,,,-14.2,14.2
813046,2025-10-11,,,,11,101.18,349.45,4.47,,6.76,,,-13.5,13.5
813047,2025-10-04,,,,9,102.26,357.11,12.7,,7.47,,,-14.9,14.9
813048,2025-10-06,,,,7,102.59,344.43,5.73,,8.48,,,-17.0,17.0
813054,2025-10-10,,,,10,100.6,321.4,-6.32,,7.09,,,-14.2,14.2
813055,2025-10-08,,,,7,103.83,357.0,-1.47,,8.48,,,-17.0,17.0
813056,2025-10-07,,,,8,102.31,366.0,-1.11,,7.93,,,-15.9,15.9
813058,2025-10-04,,,,10,102.58,352.4,1.8,,7.09,,,-14.2,14.2
813059,2025-10-02,,,,5,101.98,346.6,-10.17,,10.03,,,-20.1,20.1
813060,2025-10-08,,,,9,105.51,348.22,-5.87,,7.47,,,-14.9,14.9
813061,2025-10-07,,,,10,104.36,361.3,-8.15,,7.09,,,-14.2,14.2
813062,2025-10-05,,,,10,103.3,356.9,1.4,,7.09,,,-14.2,14.2
813063,2025-10-04,,,,7,101.3,338.71,1.71,,8.48,,,-17.0,17.0
813064,2025-10-01,,,,11,98.99,318.27,-7.39,,6.76,,,-13.5,13.5
813066,2025-09-30,,,,10,101.39,349.2,14.96,,7.09,,,-14.2,14.2
813068,2025-10-01,,,,5,100.8,324.6,6.77,,10.03,,,-20.1,20.1
813069,2025-09-30,,,,11,104.65,357.73,0.52,,6.76,,,-13.5,13.5
813070,2025-10-01,,,,6,100.38,335.83,-8.51,,9.15,,,-18.3,18.3
813073,2025-10-02,,,,7,102.96,318.57,-5.63,,8.48,,,-17.0,17.0
813074,2025-09-30,,,,6,101.53,336.17,-6.63,,9.15,,,-18.3,18.3
