export_date,Grade,Pitcher Grade,Gone Yard,Is Key Matchup,Team,Batter,Hand,P.Hand,vs Pitcher,Top Pitches,Game Time,Lineup Slot,Position,In Weak Slot,Pitcher Weak Slots,Yard Score,⚡ Sig,💥 Boom,Form Class,gHR,ISO,L7 ISO,Arsenal Fit ISO,Recent ISO (BF),Zone Fit,HR Upside,Zone Edges,xwOBA,wOBA,SwStr%,Flags,Recent EV,Recent Barrel%,Recent FB%,Recent LA,BvP EV,BvP Barrel%,BvP FB%,BvP LA,Sim H,Sim 2B,Sim BB,Sim K,Sim TB,Sim RBI,Wind,Temp,Condition,AB,H,HR,R,TB,RBI,BB,K,Avg EV,Launch Angle,Live Close Calls,Live CC Max EV,Live CC Max Dist,Plate IQ,IQ Grade,Zone Risk,Bullpen HR Rank,Bullpen HR9,Bullpen WHIP,Game ID,Batter ID,Pitcher ID,recent_avg_attack_angle,recent_chase_pct,la_stddev,season_swstr_pct,recent_zone_swing_pct,recent_avg_swing_length
2026-10-05,B,🎯 Target,,YES,CLE,Jo Adell,R,Left,Anthony Kay,"FF, SI, ST, CH",05:00 PM,4.0,DH,,"7,8",55,8.0,67,Whiff,38,0.172,0.333,0.26,0.172,2.6,STR,,0.314,0.3,17.4,6,94.8,20.0,20.0,9.4,92.7,4.8,25.2,17.2,1.072,0.073,0.382,1.18,2.126,0.418,Wind Out (↖️ NW),60.6,Sunny,3.0,1.0,0.0,0.0,3.0,1.0,1.0,2.0,108.2,32.0,1.0,108.2,413.0,27,F,,16,1.09,1.27,849834,666176,641743.0,7.1,60.0,29.48,17.4,70.0,7.6
2026-10-05,A,💥 Hittable,YES,YES,NYY,Ben Rice,L,Right,Freddy Peralta,"FF, CH, CU, SL",08:00 PM,1.0,DH,,2,55,10.0,64,Moonshot,41,0.298,0.583,0.339,0.298,4.7,STR,,0.385,0.393,16.1,7,102.3,21.4,21.4,21.0,93.6,6.2,25.4,17.0,1.217,0.244,0.621,1.152,2.81,0.77,Wind Out (⬆️ N),80.8,Overcast,3.0,2.0,2.0,2.0,8.0,2.0,1.0,0.0,97.1,31.0,,,,52,C,,15,1.11,1.12,849839,700250,642547.0,16.3,50.0,15.7,16.1,78.6,7.8
2026-10-05,A,💥 Hittable,,YES,NYY,Luis García Jr.,L,Right,Freddy Peralta,"FF, CH, CU, SL",08:00 PM,3.0,1B,,2,45,7.0,49,Gap,40,0.247,0.3,0.238,0.247,4.1,STR,,0.342,0.355,12.5,7,94.6,10.0,40.0,22.7,92.1,5.1,17.5,13.0,1.028,0.114,0.082,0.636,1.974,0.367,Wind Out (⬆️ N),80.8,Overcast,4.0,0.0,0.0,0.0,0.0,0.0,0.0,2.0,78.5,56.5,,,,49,C,,15,1.11,1.12,849839,671277,642547.0,9.2,60.0,32.97,12.5,90.0,7.6
2026-10-05,B,🎯 Target,,,CLE,David Fry,R,Left,Anthony Kay,"FF, SI, ST, CH",05:00 PM,,,,"7,8",39,6.0,47,Gap,33,0.172,0.3,0.169,0.172,3.0,STR,,0.275,0.306,17.7,5,89.7,10.0,40.0,18.0,89.4,1.0,14.6,18.8,0.631,0.047,0.22,0.645,1.128,0.221,Wind Out (↖️ NW),60.6,Sunny,,,,,,,,,,,,,,47,C,,16,1.09,1.27,849834,681807,641743.0,15.8,40.0,27.41,17.7,90.0,8.1
2026-10-05,B,💥 Hittable,,,NYY,Giancarlo Stanton,R,Right,Freddy Peralta,"FF, CH, CU, SL",08:00 PM,,,,2,38,8.0,59,Whiff,18,0.163,0.1,0.2,0.163,2.9,GOOD,,0.367,0.35,25.4,9,101.3,0.0,10.0,24.6,96.4,0.0,19.2,27.1,0.975,0.307,0.09,1.445,1.554,0.0,Wind Out (⬆️ N),80.8,Overcast,,,,,,,,,,,,,,38,D,,15,1.11,1.12,849839,519317,642547.0,13.7,50.0,29.41,25.4,90.0,8.7
2026-10-05,C,💥 Hittable,,,NYY,Austin Wells,L,Right,Freddy Peralta,"FF, CH, CU, SL",08:00 PM,8.0,C,,2,38,4.0,47,Gap,18,0.145,0.111,0.157,0.145,2.5,STR,,0.306,0.289,17.6,2,94.2,0.0,9.1,24.7,89.8,3.4,17.9,18.7,0.801,0.138,0.283,0.633,1.187,0.542,Wind Out (⬆️ N),80.8,Overcast,3.0,1.0,0.0,0.0,2.0,0.0,0.0,2.0,108.6,20.0,,,,47,C,,15,1.11,1.12,849839,669224,642547.0,18.6,36.4,29.27,17.6,100.0,7.6
2026-10-05,B,💥 Hittable,,,NYY,Cody Bellinger,L,Right,Freddy Peralta,"FF, CH, CU, SL",08:00 PM,2.0,LF,YES,2,37,4.0,52,Gap,27,0.17,0.231,0.179,0.17,2.8,GOOD,,0.335,0.339,11.4,5,89.5,0.0,23.1,19.2,89.3,2.2,25.1,20.3,0.939,0.136,0.32,0.791,1.73,0.599,Wind Out (⬆️ N),80.8,Overcast,4.0,1.0,0.0,0.0,1.0,0.0,0.0,0.0,87.3,29.3,1.0,102.9,405.0,56,B,,15,1.11,1.12,849839,641355,642547.0,15.0,61.5,23.16,11.4,100.0,8.0
2026-10-05,B,💥 Hittable,,,NYY,Jasson Domínguez,L,Right,Freddy Peralta,"FF, CH, CU, SL",08:00 PM,,,,2,37,5.0,48,,17,0.144,0.0,0.128,0.144,2.3,STR,,0.282,0.28,12.9,5,91.4,10.0,20.0,24.3,88.1,1.1,15.4,16.0,0.662,0.144,0.286,0.862,0.98,0.0,Wind Out (⬆️ N),80.8,Overcast,,,,,,,,,,,,,,38,D,,15,1.11,1.12,849839,691176,642547.0,3.3,40.0,32.35,12.9,90.0,7.5
2026-10-05,B,🤔 Average,,YES,CWS,Andrew Benintendi,L,Right,Gavin Williams,"ST, FF, CU, SI",05:00 PM,5.0,DH,,8,36,5.0,53,Whiff,35,0.189,0.429,0.239,0.189,1.8,ELITE,,0.317,0.322,16.9,6,89.9,10.0,20.0,22.2,91.9,5.2,28.3,21.7,0.725,0.143,0.596,0.79,1.525,0.686,Wind Out (↖️ NW),60.6,Sunny,2.0,0.0,0.0,0.0,0.0,0.0,0.0,2.0,88.9,17.2,,,,31,F,,23,0.93,1.26,849834,643217,668909.0,18.8,80.0,32.03,16.9,70.0,7.5
2026-10-05,B,🤔 Average,,,CWS,Randal Grichuk,R,Right,Gavin Williams,"ST, FF, CU, SI",05:00 PM,5.0,DH,,8,34,4.0,50,Moonshot,41,0.282,0.333,0.254,0.282,3.5,STR,,0.348,0.372,16.4,5,98.0,10.0,10.0,22.0,90.0,0.0,16.9,10.2,0.6,0.112,0.088,0.423,1.283,0.372,Wind Out (↖️ NW),60.6,Sunny,1.0,0.0,0.0,1.0,0.0,0.0,1.0,1.0,91.5,16.9,,,,52,C,,23,0.93,1.26,849834,545341,668909.0,8.6,40.0,19.86,16.4,80.0,7.9
2026-10-05,D,🎯 Target,,,CLE,Austin Hedges,R,Left,Anthony Kay,"FF, SI, ST, CH",05:00 PM,,,,"7,8",32,4.0,40,Cold,24,0.153,0.5,0.025,0.153,1.4,STR,,0.277,0.303,9.6,1,79.8,10.0,20.0,12.8,83.3,1.0,18.2,11.9,0.458,0.043,0.758,0.444,0.844,0.136,Wind Out (↖️ NW),60.6,Sunny,,,,,,,,,,,,,,65,B,,16,1.09,1.27,849834,595978,641743.0,12.9,20.0,27.26,9.6,70.0,7.5
2026-10-05,D,💥 Hittable,,,NYY,Trent Grisham,L,Right,Freddy Peralta,"FF, CH, CU, SL",08:00 PM,7.0,CF,,2,32,1.0,48,,12,0.184,0.0,0.242,0.184,2.9,GOOD,,0.345,0.311,9.6,2,85.2,0.0,10.0,6.0,91.5,4.5,24.0,19.8,0.949,0.105,0.545,0.664,1.513,0.246,Wind Out (⬆️ N),80.8,Overcast,3.0,0.0,0.0,0.0,0.0,0.0,0.0,0.0,93.2,24.7,,,,73,A,,15,1.11,1.12,849839,663757,642547.0,12.0,10.0,31.99,9.6,80.0,7.4
2026-10-05,C,💥 Hittable,,,NYY,Heliot Ramos,R,Right,Freddy Peralta,"FF, CH, CU, SL",08:00 PM,,,,2,32,4.0,51,Whiff,19,0.17,0.222,0.139,0.17,2.6,GOOD,,0.332,0.319,20.0,3,93.2,10.0,20.0,4.2,93.5,2.6,14.9,12.7,0.971,0.068,0.312,1.363,1.595,0.159,Wind Out (⬆️ N),80.8,Overcast,,,,,,,,,,,,,,27,F,,15,1.11,1.12,849839,671218,642547.0,11.6,50.0,27.99,20.0,60.0,7.0
2026-10-05,C,💥 Hittable,,,NYY,Paul Goldschmidt,R,Right,Freddy Peralta,"FF, CH, CU, SL",08:00 PM,9.0,1B,,2,31,3.0,35,Cold,17,0.2,0.0,0.149,0.2,2.9,LOW,,0.324,0.333,15.5,2,86.3,0.0,40.0,20.2,86.0,0.9,22.6,13.2,0.509,0.066,0.341,0.642,0.841,0.022,Wind Out (⬆️ N),80.8,Overcast,1.0,0.0,0.0,0.0,0.0,0.0,0.0,0.0,90.0,61.0,,,,43,D,,15,1.11,1.12,849839,502671,642547.0,13.9,70.0,25.12,15.5,70.0,7.9
2026-10-05,C,🤔 Average,,,CWS,Chase Meidroth,R,Right,Gavin Williams,"ST, FF, CU, SI",05:00 PM,8.0,2B,YES,8,29,3.0,44,Cold,28,0.15,0.273,0.103,0.15,1.9,GOOD,,0.303,0.338,14.7,2,89.5,8.3,16.7,11.4,85.7,1.7,13.5,8.8,1.085,0.102,0.408,0.835,1.687,0.556,Wind Out (↖️ NW),60.6,Sunny,4.0,2.0,0.0,0.0,2.0,1.0,0.0,1.0,72.9,5.0,,,,45,C,,23,0.93,1.26,849834,805367,668909.0,17.1,58.3,30.62,14.7,75.0,6.8
2026-10-05,A,🤔 Average,,YES,CWS,Munetaka Murakami,L,Right,Gavin Williams,"ST, FF, CU, SI",05:00 PM,4.0,1B,,8,29,6.0,45,Whiff,33,0.269,0.25,0.322,0.269,4.8,STR,,0.361,0.362,27.0,8,95.1,16.7,33.3,30.6,96.5,7.3,20.5,20.0,0.827,0.188,0.548,1.809,1.925,0.382,Wind Out (↖️ NW),60.6,Sunny,4.0,1.0,0.0,0.0,1.0,1.0,0.0,1.0,92.4,,,,,38,D,,23,0.93,1.26,849834,808959,668909.0,17.2,33.3,34.55,27.0,94.4,7.7
2026-10-05,C,🎯 Target,,,CLE,Rhys Hoskins,R,Left,Anthony Kay,"FF, SI, ST, CH",05:00 PM,,,,"7,8",29,2.0,29,Whiff,15,0.198,0.0,0.212,0.198,3.6,GOOD,,0.309,0.308,22.9,3,94.2,0.0,0.0,12.5,92.0,5.3,21.3,30.7,0.466,0.046,0.374,1.004,0.862,0.116,Wind Out (↖️ NW),60.6,Sunny,,,,,,,,,,,,,,28,F,,16,1.09,1.27,849834,656555,641743.0,10.3,50.0,25.15,22.9,60.0,8.0
2026-10-05,C,💥 Hittable,,,NYY,George Lombard Jr.,R,Right,Freddy Peralta,"FF, CH, CU, SL",08:00 PM,5.0,SS,,2,29,2.0,47,,14,0.178,0.0,0.085,0.178,3.3,GOOD,,0.299,0.304,20.9,3,91.1,27.3,18.2,12.5,91.2,6.2,15.6,17.0,0.926,0.082,0.206,1.331,1.131,0.293,Wind Out (⬆️ N),80.8,Overcast,4.0,0.0,0.0,0.0,0.0,0.0,0.0,1.0,93.7,14.7,,,,43,D,,15,1.11,1.12,849839,806146,642547.0,9.5,54.5,20.65,20.9,81.8,7.3
2026-10-05,C,🤔 Average,,,CWS,Tommy Pham,R,Right,Gavin Williams,"ST, FF, CU, SI",05:00 PM,6.0,PH,,8,28,2.0,47,,23,0.1,0.0,0.0,0.1,1.9,GOOD,,0.35,0.212,18.4,2,90.0,10.0,10.0,21.7,96.1,0.0,0.0,8.0,0.356,0.0,0.192,0.904,0.356,0.0,Wind Out (↖️ NW),60.6,Sunny,1.0,0.0,0.0,0.0,0.0,0.0,0.0,0.0,92.2,59.0,,,,48,C,,23,0.93,1.26,849834,502054,668909.0,11.3,30.0,28.72,18.4,90.0,7.2
2026-10-05,B,‼️ Elite,,,TB,Junior Caminero,R,Right,Cam Schlittler,"FF, FC, SI, CU",08:00 PM,3.0,3B,YES,"3,4",28,7.0,54,Moonshot,40,0.259,0.429,0.265,0.259,5.4,STR,,0.37,0.386,12.8,5,103.8,10.0,10.0,22.5,94.0,5.0,17.2,10.3,1.027,0.086,0.736,0.919,2.151,0.476,Wind Out (⬆️ N),80.8,Overcast,4.0,2.0,0.0,1.0,3.0,0.0,0.0,0.0,94.1,,,,,60,B,,13,1.18,1.26,849839,691406,693645.0,6.5,10.0,30.96,12.8,80.0,8.3
2026-10-05,C,🤔 Average,,,CWS,Jake Rogers,R,Right,Gavin Williams,"ST, FF, CU, SI",05:00 PM,,,,8,24,3.0,33,Cold,16,0.126,0.0,0.159,0.126,1.9,GOOD,,0.278,0.265,17.3,3,78.3,0.0,20.0,27.7,86.6,2.7,20.3,22.1,0.327,0.055,0.544,1.034,0.6,0.055,Wind Out (↖️ NW),60.6,Sunny,,,,,,,,,,,,,,19,F,,23,0.93,1.26,849834,668670,668909.0,17.9,60.0,30.67,17.3,50.0,7.5
2026-10-05,D,💥 Hittable,,,NYY,Ryan McMahon,L,Right,Freddy Peralta,"FF, CH, CU, SL",08:00 PM,9.0,3B,,2,24,1.0,37,Cold,9,0.141,0.111,0.182,0.141,2.0,GOOD,,0.299,0.286,20.8,1,72.1,0.0,10.0,2.0,91.4,3.8,20.2,16.8,0.669,0.189,0.245,0.936,1.127,0.389,Wind Out (⬆️ N),80.8,Overcast,1.0,0.0,0.0,0.0,0.0,0.0,1.0,0.0,72.8,73.0,,,,23,F,,15,1.11,1.12,849839,641857,642547.0,2.2,70.0,29.41,20.8,70.0,6.7
2026-10-05,B,💥 Hittable,,YES,NYY,Spencer Jones,L,Right,Freddy Peralta,"FF, CH, CU, SL",08:00 PM,4.0,RF,,2,24,1.0,34,Cold,10,0.184,0.0,0.11,0.184,3.0,GOOD,,0.318,0.322,28.6,8,74.3,0.0,0.0,17.8,94.0,6.7,20.7,19.9,0.615,0.118,0.301,1.532,0.851,0.196,Wind Out (⬆️ N),80.8,Overcast,4.0,0.0,0.0,0.0,0.0,0.0,0.0,1.0,85.5,10.3,,,,40,D,,15,1.11,1.12,849839,682987,642547.0,19.1,83.3,23.07,28.6,91.7,8.0
2026-10-05,D,💥 Hittable,,,NYY,Jazz Chisholm Jr.,L,Right,Freddy Peralta,"FF, CH, CU, SL",08:00 PM,6.0,2B,,2,23,1.0,35,Cold,11,0.168,0.0,0.199,0.168,2.3,GOOD,,0.304,0.317,21.8,0,84.3,0.0,0.0,3.5,89.2,1.9,19.4,15.1,0.8,0.05,0.533,0.988,1.256,0.059,Wind Out (⬆️ N),80.8,Overcast,4.0,0.0,0.0,0.0,0.0,0.0,0.0,1.0,76.2,,,,,36,D,,15,1.11,1.12,849839,665862,642547.0,13.5,70.0,35.41,21.8,70.0,7.6
2026-10-05,B,🤔 Average,,YES,CWS,Miguel Vargas,R,Right,Gavin Williams,"ST, FF, CU, SI",05:00 PM,3.0,3B,,8,22,0.0,40,,15,0.224,0.0,0.218,0.224,3.2,LOW,,0.38,0.365,11.7,5,91.7,0.0,14.3,4.5,90.2,5.0,25.2,21.8,0.671,0.17,0.755,0.84,1.198,0.145,Wind Out (↖️ NW),60.6,Sunny,2.0,1.0,0.0,1.0,1.0,0.0,2.0,0.0,100.5,28.5,,,,57,B,,23,0.93,1.26,849834,678246,668909.0,13.9,28.6,31.64,11.7,85.7,7.9
2026-10-05,D,🤔 Average,,,CWS,Joey Bart,R,Right,Gavin Williams,"ST, FF, CU, SI",05:00 PM,,,,8,22,0.0,35,Cold,10,0.143,0.0,0.212,0.143,1.9,GOOD,,0.317,0.309,19.8,0,72.0,0.0,0.0,30.0,84.5,2.8,19.4,13.0,0.608,0.055,0.487,0.815,0.995,0.0,Wind Out (↖️ NW),60.6,Sunny,,,,,,,,,,,,,,24,F,,23,0.93,1.26,849834,663698,668909.0,6.5,80.0,31.26,19.8,70.0,7.1
2026-10-05,C,🤔 Average,,,CWS,Brenton Doyle,R,Right,Gavin Williams,"ST, FF, CU, SI",05:00 PM,6.0,CF,,8,22,0.0,29,Gap,31,0.14,0.3,0.019,0.14,1.9,GOOD,,0.24,0.277,23.8,3,94.2,0.0,40.0,9.5,89.4,1.8,14.5,2.5,0.622,0.037,0.11,0.659,0.986,0.291,Wind Out (↖️ NW),60.6,Sunny,1.0,0.0,0.0,0.0,0.0,0.0,0.0,0.0,61.6,,,,,40,D,,23,0.93,1.26,849834,686668,668909.0,21.2,50.0,29.39,23.8,90.0,7.8
2026-10-05,D,💥 Hittable,,,NYY,Amed Rosario,R,Right,Freddy Peralta,"FF, CH, CU, SL",08:00 PM,,,,2,22,1.0,41,Cold,11,0.167,0.0,0.265,0.167,2.4,LOW,,0.31,0.288,17.2,0,86.8,0.0,20.0,10.1,91.7,2.8,19.4,12.8,0.918,0.0,0.203,0.818,1.381,0.1,Wind Out (⬆️ N),80.8,Overcast,,,,,,,,,,,,,,38,D,,15,1.11,1.12,849839,642708,642547.0,7.0,50.0,30.2,17.2,90.0,7.1
2026-10-05,C,💥 Hittable,,,NYY,Max Schuemann,R,Right,Freddy Peralta,"FF, CH, CU, SL",08:00 PM,,,,2,22,2.0,28,Gap,15,0.163,0.1,0.0,0.163,1.0,LOW,,0.313,0.318,13.5,3,88.5,0.0,20.0,23.0,90.5,3.6,25.0,21.3,0.212,0.091,0.242,0.606,0.303,0.182,Wind Out (⬆️ N),80.8,Overcast,,,,,,,,,,,,,,49,C,,15,1.11,1.12,849839,680474,642547.0,14.5,60.0,37.86,13.5,80.0,7.3
2026-10-05,D,🤔 Average,,,CWS,Junior Perez,R,Right,Gavin Williams,"ST, FF, CU, SI",05:00 PM,,,,8,21,2.0,27,Whiff,20,0.26,0.3,0.6,0.26,5.1,LOW,,0.296,0.268,22.2,2,97.6,0.0,20.0,18.0,100.9,0.0,20.0,16.0,0.664,0.0,0.0,1.193,1.778,0.0,Wind Out (↖️ NW),60.6,Sunny,,,,,,,,,,,,,,28,F,,23,0.93,1.26,849834,678577,668909.0,10.6,50.0,39.77,22.2,70.0,7.4
2026-10-05,B,‼️ Elite,,YES,TB,Jonathan Aranda,L,Right,Cam Schlittler,"FF, FC, SI, CU",08:00 PM,2.0,1B,,"3,4",21,4.0,56,Moonshot,33,0.178,0.444,0.178,0.178,2.4,STR,,0.346,0.352,13.9,7,97.4,10.0,40.0,32.7,93.6,2.8,20.1,18.6,1.0,0.274,0.553,1.121,2.01,0.255,Wind Out (⬆️ N),80.8,Overcast,5.0,2.0,0.0,1.0,2.0,0.0,0.0,0.0,103.0,13.0,,,,42,D,YES,13,1.18,1.26,849839,666018,693645.0,10.3,50.0,29.45,13.9,90.0,7.0
2026-10-05,D,🤔 Average,,,CWS,Luisangel Acuña,R,Right,Gavin Williams,"ST, FF, CU, SI",05:00 PM,,,,8,20,2.0,28,Cold,21,0.064,0.3,0.0,0.064,1.0,GOOD,,0.264,0.241,14.6,1,86.0,10.0,20.0,13.5,84.3,0.0,8.2,1.3,0.577,0.0,0.248,0.329,0.858,0.094,Wind Out (↖️ NW),60.6,Sunny,,,,,,,,,,,,,,50,C,,23,0.93,1.26,849834,682668,668909.0,9.2,30.0,29.2,14.6,90.0,7.6
2026-10-05,D,💥 Hittable,,,NYY,José Caballero,R,Right,Freddy Peralta,"FF, CH, CU, SL",08:00 PM,3.0,3B,,2,20,0.0,33,Cold,7,0.134,0.0,0.178,0.134,3.4,LOW,,0.275,0.291,15.5,3,76.2,0.0,10.0,10.5,81.7,3.0,15.4,12.5,0.515,0.081,0.423,1.05,0.881,0.095,Wind Out (⬆️ N),80.8,Overcast,0.0,0.0,0.0,0.0,0.0,0.0,0.0,0.0,81.0,13.1,,,,40,D,,15,1.11,1.12,849839,676609,642547.0,8.9,80.0,24.52,15.5,90.0,6.2
2026-10-05,B,💥 Hittable,,,NYY,J.C. Escarra,L,Right,Freddy Peralta,"FF, CH, CU, SL",08:00 PM,,,,2,20,2.0,15,Contact,16,0.082,0.0,0.086,0.082,0.0,GOOD,,0.275,0.236,17.4,5,87.9,0.0,60.0,13.4,87.9,0.0,21.1,14.9,0.497,0.165,0.165,0.55,0.662,0.0,Wind Out (⬆️ N),80.8,Overcast,,,,,,,,,,,,,,42,D,,15,1.11,1.12,849839,641555,642547.0,8.5,30.0,46.88,17.4,90.0,7.1
2026-10-05,D,‼️ Elite,,,TB,Jonny DeLuca,R,Right,Cam Schlittler,"FF, FC, SI, CU",08:00 PM,7.0,CF,,"3,4",19,1.0,46,Moonshot,25,0.195,0.667,0.176,0.195,2.5,GOOD,,0.249,0.32,13.5,1,82.9,20.0,10.0,-1.6,85.2,2.3,17.2,18.1,1.056,0.165,0.273,0.582,2.198,0.399,Wind Out (⬆️ N),80.8,Overcast,4.0,1.0,0.0,1.0,2.0,0.0,0.0,0.0,89.6,,,,,43,D,YES,13,1.18,1.26,849839,676356,693645.0,3.7,40.0,24.99,13.5,100.0,7.3
2026-10-05,D,🤔 Average,,,CWS,Edgar Quero,L,Right,Gavin Williams,"ST, FF, CU, SI",05:00 PM,,,,8,18,0.0,23,Contact,8,0.053,0.0,0.014,0.053,1.5,GOOD,,0.285,0.245,12.2,2,93.6,0.0,0.0,12.2,92.0,1.2,14.8,4.9,0.63,0.026,0.613,0.54,0.656,0.142,Wind Out (↖️ NW),60.6,Sunny,,,,,,,,,,,,,,64,B,,23,0.93,1.26,849834,700337,668909.0,6.0,20.0,28.69,12.2,80.0,6.8
2026-10-05,B,🤔 Average,,,CWS,Colson Montgomery,L,Right,Gavin Williams,"ST, FF, CU, SI",05:00 PM,9.0,SS,,8,18,2.0,30,Whiff,20,0.215,0.308,0.128,0.215,4.0,LOW,,0.295,0.304,25.0,3,89.5,6.7,26.7,14.5,88.2,2.0,17.8,31.1,0.632,0.182,0.46,1.551,1.329,0.279,Wind Out (↖️ NW),60.6,Sunny,3.0,0.0,0.0,0.0,0.0,0.0,1.0,2.0,65.1,71.0,,,,36,D,,23,0.93,1.26,849834,695657,668909.0,10.2,66.7,28.47,25.0,80.0,7.7
2026-10-05,D,🤔 Average,,,CWS,Kyle Teel,L,Right,Gavin Williams,"ST, FF, CU, SI",05:00 PM,2.0,C,,8,18,0.0,39,Whiff,16,0.151,0.0,0.236,0.151,2.8,GOOD,,0.328,0.309,22.2,2,93.3,7.1,14.3,11.1,87.0,4.3,21.4,15.8,0.806,0.035,0.548,1.204,1.26,0.444,Wind Out (↖️ NW),60.6,Sunny,4.0,1.0,0.0,1.0,1.0,0.0,0.0,2.0,80.9,22.5,,,,47,C,,23,0.93,1.26,849834,691019,668909.0,11.9,28.6,23.34,22.2,78.6,6.7
2026-10-05,D,🤔 Average,,,CWS,Sam Antonacci,L,Right,Gavin Williams,"ST, FF, CU, SI",05:00 PM,1.0,LF,,8,17,0.0,32,Gap,10,0.124,0.182,0.18,0.124,1.2,LOW,,0.348,0.339,9.5,1,91.8,0.0,21.4,17.6,89.4,3.0,19.2,14.5,1.101,0.326,0.699,0.451,1.69,0.277,Wind Out (↖️ NW),60.6,Sunny,4.0,0.0,0.0,0.0,0.0,0.0,0.0,1.0,79.6,,,,,57,B,,23,0.93,1.26,849834,803011,668909.0,9.9,50.0,17.65,9.5,71.4,6.9
2026-10-05,D,🎯 Target,,,CLE,Chase DeLauter,L,Left,Anthony Kay,"FF, SI, ST, CH",05:00 PM,3.0,RF,,"7,8",17,5.0,55,Gap,27,0.183,0.375,0.155,0.183,1.5,GOOD,,0.343,0.356,9.0,1,87.4,10.0,10.0,19.9,89.9,0.8,11.6,7.6,0.951,0.16,0.528,0.504,1.788,0.149,Wind Out (↖️ NW),60.6,Sunny,4.0,2.0,0.0,1.0,2.0,0.0,0.0,0.0,90.7,,,,,69,A,,16,1.09,1.27,849834,800050,641743.0,4.8,10.0,28.66,9.0,100.0,7.0
2026-10-05,B,🎯 Target,,,CLE,Patrick Bailey,L,Left,Anthony Kay,"FF, SI, ST, CH",05:00 PM,8.0,C,YES,"7,8",17,5.0,53,Moonshot,31,0.163,0.667,0.031,0.163,2.2,STR,,0.32,0.278,19.7,4,92.8,20.0,30.0,18.0,96.7,0.0,19.0,16.3,0.57,0.053,0.542,1.165,1.339,0.517,Wind Out (↖️ NW),60.6,Sunny,4.0,0.0,0.0,0.0,0.0,0.0,0.0,1.0,94.2,18.0,1.0,103.5,387.0,32,D,,16,1.09,1.27,849834,672275,641743.0,8.2,60.0,22.08,19.7,70.0,7.1
2026-10-05,C,‼️ Elite,,,TB,Yandy Díaz,R,Right,Cam Schlittler,"FF, FC, SI, CU",08:00 PM,1.0,DH,,"3,4",17,0.0,47,Gap,15,0.15,0.1,0.086,0.15,2.8,LOW,,0.358,0.352,9.2,2,86.8,0.0,30.0,9.3,91.0,2.3,11.1,0.5,1.326,0.234,0.253,0.555,1.707,0.117,Wind Out (⬆️ N),80.8,Overcast,4.0,1.0,0.0,1.0,1.0,0.0,1.0,1.0,103.1,0.7,1.0,103.0,370.0,49,C,,13,1.18,1.26,849839,650490,693645.0,-1.7,30.0,21.0,9.2,90.0,7.5
2026-10-05,C,🤔 Average,,,CWS,Tristan Peters,L,Right,Gavin Williams,"ST, FF, CU, SI",05:00 PM,6.0,CF,,8,16,0.0,30,Cold,19,0.172,0.0,0.217,0.172,2.3,GOOD,,0.312,0.342,12.0,3,82.5,0.0,25.0,20.7,86.0,3.4,21.9,18.9,0.768,0.134,0.346,0.521,1.17,0.193,Wind Out (↖️ NW),60.6,Sunny,2.0,0.0,0.0,0.0,0.0,0.0,0.0,1.0,91.6,47.0,,,,44,C,,23,0.93,1.26,849834,671976,668909.0,9.5,66.7,38.28,12.0,75.0,6.7
2026-10-05,D,🤔 Average,,,CWS,Drew Romo,L,Right,Gavin Williams,"ST, FF, CU, SI",05:00 PM,,,,8,16,1.0,36,Cold,10,0.15,0.143,0.125,0.15,2.7,GOOD,,0.266,0.246,17.2,3,83.9,0.0,0.0,-0.3,86.0,1.1,22.5,22.5,0.468,0.144,0.582,0.593,0.836,0.05,Wind Out (↖️ NW),60.6,Sunny,,,,,,,,,,,,,,38,D,,23,0.93,1.26,849834,691011,668909.0,10.1,30.0,35.03,17.2,60.0,7.0
2026-10-05,C,💥 Hittable,,,NYY,Anthony Volpe,R,Right,Freddy Peralta,"FF, CH, CU, SL",08:00 PM,,,,2,16,1.0,23,Cold,13,0.092,0.111,0.078,0.092,0.8,LOW,,0.293,0.295,17.0,2,80.9,10.0,30.0,8.8,88.9,2.3,12.6,12.6,1.101,0.296,0.277,0.878,1.397,0.371,Wind Out (⬆️ N),80.8,Overcast,,,,,,,,,,,,,,40,D,,15,1.11,1.12,849839,683011,642547.0,5.7,40.0,41.25,17.0,100.0,6.2
2026-10-05,C,‼️ Elite,,YES,TB,Liam Hicks,L,Right,Cam Schlittler,"FF, FC, SI, CU",08:00 PM,4.0,C,YES,"3,4",16,2.0,51,Gap,26,0.161,0.333,0.179,0.161,2.7,STR,,0.33,0.364,6.2,3,90.9,10.0,20.0,10.0,85.3,3.4,22.0,16.8,1.135,0.484,0.466,0.16,1.93,0.16,Wind Out (⬆️ N),80.8,Overcast,3.0,0.0,0.0,0.0,0.0,1.0,0.0,0.0,68.9,4.0,,,,71,A,,13,1.18,1.26,849839,689414,693645.0,6.9,20.0,25.69,6.2,100.0,7.0
2026-10-05,D,🤔 Average,,,CWS,Braden Montgomery,L,Right,Gavin Williams,"ST, FF, CU, SI",05:00 PM,7.0,RF,,8,15,0.0,24,Whiff,9,0.124,0.0,0.14,0.124,1.3,LOW,,0.317,0.294,15.7,0,88.9,0.0,20.0,6.5,89.5,2.2,13.0,0.0,0.967,0.149,0.447,0.723,1.265,0.131,Wind Out (↖️ NW),60.6,Sunny,4.0,1.0,0.0,1.0,2.0,2.0,0.0,2.0,90.0,,,,,40,D,,23,0.93,1.26,849834,695731,668909.0,13.6,53.3,35.97,15.7,80.0,7.0
2026-10-05,D,🎯 Target,,,CLE,George Valera,L,Left,Anthony Kay,"FF, SI, ST, CH",05:00 PM,,,,"7,8",15,3.0,29,Whiff,13,0.082,0.1,0.167,0.082,0.0,GOOD,,0.22,0.235,10.5,3,97.3,0.0,0.0,23.7,93.3,0.0,0.0,5.0,0.629,0.42,0.0,0.94,1.05,0.0,Wind Out (↖️ NW),60.6,Sunny,,,,,,,,,,,,,,46,C,,16,1.09,1.27,849834,671655,641743.0,8.6,30.0,36.69,10.5,100.0,6.9
2026-10-05,C,🎯 Target,,,CLE,Kyle Manzardo,L,Left,Anthony Kay,"FF, SI, ST, CH",05:00 PM,,,,"7,8",15,3.0,38,Cold,14,0.16,0.111,0.114,0.16,2.4,GOOD,,0.298,0.309,24.1,2,89.7,10.0,20.0,21.0,87.5,2.3,18.2,14.2,0.914,0.18,0.554,0.934,1.255,0.127,Wind Out (↖️ NW),60.6,Sunny,,,,,,,,,,,,,,33,D,,16,1.09,1.27,849834,700932,641743.0,20.0,60.0,37.88,24.1,80.0,7.6
2026-10-05,D,‼️ Elite,,,TB,Ryan Vilade,R,Right,Cam Schlittler,"FF, FC, SI, CU",08:00 PM,,,,"3,4",15,0.0,34,Cold,12,0.184,0.0,0.108,0.184,3.0,LOW,,0.318,0.325,14.4,1,77.4,0.0,0.0,16.4,86.5,1.3,12.0,8.8,0.503,0.026,0.237,0.82,0.688,0.292,Wind Out (⬆️ N),80.8,Overcast,,,,,,,,,,,,,,38,D,YES,13,1.18,1.26,849839,668723,693645.0,2.3,40.0,22.97,14.4,80.0,7.5
2026-10-05,B,‼️ Elite,,,TB,Carson Williams,R,Right,Cam Schlittler,"FF, FC, SI, CU",08:00 PM,,,,"3,4",15,0.0,33,Gap,23,0.12,0.3,0.091,0.12,3.1,GOOD,,0.234,0.181,25.0,5,86.9,10.0,40.0,39.9,78.7,0.0,15.4,15.4,0.504,0.136,0.136,0.327,0.926,0.286,Wind Out (⬆️ N),80.8,Overcast,,,,,,,,,,,,,,43,D,YES,13,1.18,1.26,849839,700246,693645.0,17.8,70.0,29.96,25.0,100.0,7.7
2026-10-05,C,🎯 Target,,,CLE,Brayan Rocchio,L,Left,Anthony Kay,"FF, SI, ST, CH",05:00 PM,9.0,SS,,"7,8",14,4.0,45,Moonshot,26,0.185,0.875,0.168,0.185,1.6,LOW,,0.302,0.309,11.4,2,91.7,0.0,20.0,35.3,85.2,3.0,24.1,13.8,1.117,0.251,0.464,0.654,2.454,0.368,Wind Out (↖️ NW),60.6,Sunny,3.0,0.0,0.0,0.0,0.0,0.0,0.0,0.0,87.8,48.3,,,,43,D,,16,1.09,1.27,849834,677587,641743.0,12.5,40.0,38.56,11.4,70.0,7.4
2026-10-05,C,🎯 Target,,,CLE,Daniel Schneemann,L,Left,Anthony Kay,"FF, SI, ST, CH",05:00 PM,,,,"7,8",14,4.0,40,Gap,25,0.133,0.3,0.132,0.133,2.2,STR,,0.296,0.28,21.0,3,92.0,20.0,30.0,18.0,87.1,0.0,15.9,16.8,0.823,0.096,0.289,0.92,1.406,0.228,Wind Out (↖️ NW),60.6,Sunny,,,,,,,,,,,,,,43,D,,16,1.09,1.27,849834,682177,641743.0,14.3,50.0,26.55,21.0,90.0,6.7
2026-10-05,C,‼️ Elite,,,TB,Nick Fortes,R,Right,Cam Schlittler,"FF, FC, SI, CU",08:00 PM,,,,"3,4",14,0.0,28,Cold,24,0.128,0.3,0.14,0.128,1.9,GOOD,,0.278,0.298,10.6,4,72.2,10.0,10.0,-22.2,83.6,0.0,16.2,4.9,0.731,0.085,0.106,0.844,1.348,0.113,Wind Out (⬆️ N),80.8,Overcast,,,,,,,,,,,,,,33,D,YES,13,1.18,1.26,849839,663743,693645.0,2.5,70.0,25.26,10.6,70.0,7.6
2026-10-05,C,‼️ Elite,,,TB,Jorge Mateo,R,Right,Cam Schlittler,"FF, FC, SI, CU",08:00 PM,1.0,DH,,"3,4",14,0.0,27,Cold,20,0.11,0.1,0.059,0.11,0.5,GOOD,,0.26,0.232,23.8,3,83.4,10.0,30.0,18.4,84.9,4.1,12.3,8.5,0.505,0.202,0.127,0.734,0.707,0.0,Wind Out (⬆️ N),80.8,Overcast,0.0,0.0,0.0,0.0,0.0,0.0,0.0,0.0,85.5,13.5,,,,41,D,YES,13,1.18,1.26,849839,622761,693645.0,6.7,40.0,24.37,23.8,100.0,8.0
2026-10-05,D,🎯 Target,,,CLE,José Ramírez,L,Left,Anthony Kay,"FF, SI, ST, CH",05:00 PM,2.0,3B,,"7,8",13,2.0,40,,12,0.133,0.0,0.194,0.133,1.7,GOOD,,0.333,0.309,9.7,2,89.8,0.0,0.0,24.9,92.3,2.9,19.6,16.5,0.834,0.195,0.236,0.403,1.362,0.111,Wind Out (↖️ NW),60.6,Sunny,3.0,0.0,0.0,1.0,0.0,0.0,1.0,2.0,106.6,,,,,44,C,,16,1.09,1.27,849834,608070,641743.0,8.0,40.0,24.52,9.7,60.0,7.3
2026-10-05,D,‼️ Elite,,,TB,Jake Fraley,L,Right,Cam Schlittler,"FF, FC, SI, CU",08:00 PM,,,,"3,4",13,0.0,29,Cold,8,0.148,0.0,0.136,0.148,1.1,GOOD,,0.233,0.298,15.4,0,83.4,0.0,0.0,15.5,82.9,2.2,17.4,19.9,0.389,0.13,0.194,1.226,0.648,0.0,Wind Out (⬆️ N),80.8,Overcast,,,,,,,,,,,,,,43,D,YES,13,1.18,1.26,849839,641584,693645.0,7.5,40.0,17.65,15.4,100.0,6.9
2026-10-05,C,‼️ Elite,,,TB,Cedric Mullins,L,Right,Cam Schlittler,"FF, FC, SI, CU",08:00 PM,,,,"3,4",13,0.0,34,,12,0.139,0.0,0.15,0.139,2.6,GOOD,,0.273,0.281,13.9,3,95.4,0.0,10.0,14.0,86.5,1.5,23.8,22.5,0.849,0.057,0.245,0.831,1.17,0.349,Wind Out (⬆️ N),80.8,Overcast,,,,,,,,,,,,,,37,D,YES,13,1.18,1.26,849839,656775,693645.0,10.7,70.0,28.53,13.9,70.0,7.3
2026-10-05,D,🎯 Target,,,CLE,Angel Genao,L,Left,Anthony Kay,"FF, SI, ST, CH",05:00 PM,,,,"7,8",12,0.0,25,,7,0.079,0.0,0.156,0.079,0.0,LOW,,0.29,0.261,12.2,1,89.6,0.0,0.0,4.6,91.2,5.7,11.4,3.5,0.522,0.132,0.323,0.514,0.853,0.199,Wind Out (↖️ NW),60.6,Sunny,,,,,,,,,,,,,,63,B,,16,1.09,1.27,849834,694197,641743.0,5.6,10.0,44.71,12.2,100.0,7.4
2026-10-05,B,‼️ Elite,,,TB,Kenny Piper,R,Right,Cam Schlittler,"FF, FC, SI, CU",08:00 PM,,,,"3,4",12,0.0,31,Whiff,44,0.333,0.333,0.0,0.333,8.8,GOOD,,0.267,0.398,27.3,4,89.8,10.0,30.0,35.8,88.5,0.0,20.0,43.7,0.44,0.0,0.363,0.517,0.671,0.154,Wind Out (⬆️ N),80.8,Overcast,,,,,,,,,,,,,,66,B,,13,1.18,1.26,849839,700652,693645.0,15.1,20.0,,27.3,90.0,7.6
2026-10-05,D,🤔 Average,,,CWS,Rikuu Nishida,L,Right,Gavin Williams,"ST, FF, CU, SI",05:00 PM,,,,8,11,0.0,14,Cold,2,0.0,0.0,0.0,0.0,0.0,LOW,,0.239,0.206,6.7,1,87.4,0.0,10.0,8.5,79.4,0.0,5.9,-1.0,0.505,0.0,0.0,0.332,0.505,0.0,Wind Out (↖️ NW),60.6,Sunny,,,,,,,,,,,,,,48,C,,23,0.93,1.26,849834,807747,668909.0,8.8,40.0,27.85,6.7,70.0,6.0
2026-10-05,D,🎯 Target,,,CLE,Travis Bazzana,L,Left,Anthony Kay,"FF, SI, ST, CH",05:00 PM,7.0,2B,YES,"7,8",11,2.0,39,Cold,14,0.159,0.1,0.019,0.159,2.0,GOOD,,0.304,0.329,13.7,2,79.5,0.0,20.0,26.9,83.6,1.6,15.3,15.6,0.7,0.194,0.357,0.751,0.893,0.045,Wind Out (↖️ NW),60.6,Sunny,3.0,0.0,0.0,0.0,0.0,0.0,1.0,1.0,100.8,39.5,,,,48,C,,16,1.09,1.27,849834,683953,641743.0,9.6,40.0,33.31,13.7,90.0,6.9
2026-10-05,D,🎯 Target,,,CLE,Petey Halpin,L,Left,Anthony Kay,"FF, SI, ST, CH",05:00 PM,,,,"7,8",11,2.0,25,Cold,8,0.101,0.0,0.097,0.101,1.2,LOW,,0.299,0.257,14.4,0,81.1,0.0,20.0,17.4,74.7,2.8,19.4,12.6,0.411,0.0,0.309,0.47,0.569,0.26,Wind Out (↖️ NW),60.6,Sunny,,,,,,,,,,,,,,43,D,,16,1.09,1.27,849834,690984,641743.0,9.0,40.0,28.54,14.4,70.0,7.0
2026-10-05,D,💥 Hittable,,,NYY,Ali Sánchez,R,Right,Freddy Peralta,"FF, CH, CU, SL",08:00 PM,,,,2,11,0.0,13,Contact,6,0.058,0.0,0.0,0.058,0.0,LOW,,0.254,0.255,19.6,4,87.1,0.0,0.0,19.1,84.3,3.2,16.1,19.7,0.446,0.0,0.175,0.382,0.446,0.0,Wind Out (⬆️ N),80.8,Overcast,,,,,,,,,,,,,,36,D,,15,1.11,1.12,849839,645305,642547.0,13.2,40.0,29.18,19.6,70.0,7.3
2026-10-05,D,‼️ Elite,,,TB,Oliver Dunn,L,Right,Cam Schlittler,"FF, FC, SI, CU",08:00 PM,,,,"3,4",11,0.0,30,Cold,3,0.0,0.0,0.0,0.0,0.0,GOOD,,0.199,0.132,8.3,0,76.9,0.0,0.0,-6.0,75.4,0.0,0.0,20.0,0.078,0.0,0.288,0.731,0.078,0.0,Wind Out (⬆️ N),80.8,Overcast,,,,,,,,,,,,,,35,D,YES,13,1.18,1.26,849839,686554,693645.0,7.1,50.0,40.72,8.3,60.0,6.9
2026-10-05,D,‼️ Elite,,,TB,Nick Madrigal,R,Right,Cam Schlittler,"FF, FC, SI, CU",08:00 PM,,,,"3,4",11,0.0,15,Gap,5,0.042,0.111,0.0,0.042,0.0,LOW,,0.289,0.312,3.2,0,87.4,0.0,20.0,9.3,89.3,0.0,3.8,3.7,1.094,0.116,0.414,0.0,1.21,0.116,Wind Out (⬆️ N),80.8,Overcast,,,,,,,,,,,,,,77,A,,13,1.18,1.26,849839,663611,693645.0,7.3,20.0,20.73,3.2,100.0,6.9
2026-10-05,C,🎯 Target,,,CLE,Angel Martínez,L,Left,Anthony Kay,"FF, SI, ST, CH",05:00 PM,6.0,LF,,"7,8",10,1.0,31,Cold,16,0.211,0.0,0.17,0.211,3.0,LOW,,0.291,0.312,16.0,5,87.0,0.0,30.0,37.7,87.4,4.5,19.1,15.4,0.625,0.134,0.045,0.909,1.027,0.268,Wind Out (↖️ NW),60.6,Sunny,4.0,0.0,0.0,0.0,0.0,0.0,0.0,2.0,91.5,,,,,34,D,,16,1.09,1.27,849834,682657,641743.0,11.0,80.0,27.0,16.0,70.0,7.2
2026-10-05,C,🎯 Target,,,CLE,Cooper Ingle,L,Left,Anthony Kay,"FF, SI, ST, CH",05:00 PM,,,,"7,8",10,0.0,27,Cold,2,0.0,0.0,0.0,0.0,0.0,LOW,,0.184,0.161,29.2,2,87.2,0.0,10.0,8.2,93.9,0.0,0.0,-3.8,0.491,0.0,0.557,1.528,0.491,0.0,Wind Out (↖️ NW),60.6,Sunny,,,,,,,,,,,,,,40,D,,16,1.09,1.27,849834,694876,641743.0,11.9,40.0,24.68,29.2,90.0,6.6
2026-10-05,C,🎯 Target,,YES,CLE,Nathaniel Lowe,L,Left,Anthony Kay,"FF, SI, ST, CH",05:00 PM,5.0,1B,,"7,8",10,0.0,35,Gap,16,0.188,0.125,0.0,0.188,2.9,GOOD,,0.332,0.334,17.0,2,93.4,0.0,10.0,6.1,88.9,0.0,9.1,7.5,0.645,0.123,0.33,0.468,0.767,0.645,Wind Out (↖️ NW),60.6,Sunny,4.0,0.0,0.0,0.0,0.0,1.0,0.0,1.0,97.4,5.5,,,,65,B,,16,1.09,1.27,849834,663993,641743.0,7.8,20.0,22.25,17.0,100.0,7.5
2026-10-05,D,‼️ Elite,,,TB,Ben Williamson,R,Right,Cam Schlittler,"FF, FC, SI, CU",08:00 PM,,,,"3,4",10,0.0,21,Whiff,6,0.08,0.0,0.096,0.08,0.4,LOW,,0.273,0.28,9.7,0,90.0,0.0,10.0,-5.8,82.0,0.0,5.7,1.2,0.638,0.025,0.581,0.623,0.812,0.025,Wind Out (⬆️ N),80.8,Overcast,,,,,,,,,,,,,,33,D,YES,13,1.18,1.26,849839,810938,693645.0,4.0,40.0,35.81,9.7,70.0,7.1
2026-10-05,B,‼️ Elite,,YES,TB,Victor Mesa Jr.,L,Right,Cam Schlittler,"FF, FC, SI, CU",08:00 PM,6.0,RF,,"3,4",10,0.0,27,Gap,16,0.229,0.1,0.277,0.229,4.3,LOW,,0.315,0.349,16.2,5,87.7,0.0,10.0,3.0,89.3,8.3,26.7,27.8,0.995,0.145,0.33,0.919,1.664,0.57,Wind Out (⬆️ N),80.8,Overcast,3.0,0.0,0.0,0.0,0.0,0.0,1.0,1.0,92.1,8.0,,,,30,F,YES,13,1.18,1.26,849839,683748,693645.0,8.7,70.0,37.65,16.2,70.0,8.1
2026-10-05,C,‼️ Elite,,,TB,Taylor Walls,L,Right,Cam Schlittler,"FF, FC, SI, CU",08:00 PM,9.0,SS,,"3,4",9,1.0,22,Cold,21,0.084,0.2,0.099,0.084,0.4,STR,,0.251,0.272,14.6,1,89.3,10.0,20.0,29.8,83.8,2.1,20.3,13.5,0.798,0.372,0.326,1.136,1.257,0.1,Wind Out (⬆️ N),80.8,Overcast,4.0,0.0,0.0,0.0,0.0,0.0,0.0,1.0,79.7,5.3,,,,24,F,YES,13,1.18,1.26,849839,670764,693645.0,9.1,50.0,38.09,14.6,60.0,6.8
2026-10-05,D,‼️ Elite,,,TB,Richie Palacios,L,Right,Cam Schlittler,"FF, FC, SI, CU",08:00 PM,8.0,2B,,"3,4",9,0.0,28,Cold,15,0.144,0.222,0.158,0.144,2.1,GOOD,,0.295,0.307,10.9,3,80.2,0.0,10.0,23.2,86.0,1.8,15.5,16.3,0.658,0.312,0.452,0.423,1.177,0.44,Wind Out (⬆️ N),80.8,Overcast,4.0,1.0,0.0,0.0,1.0,2.0,0.0,1.0,87.8,,,,,51,C,,13,1.18,1.26,849839,680700,693645.0,4.3,30.0,34.43,10.9,80.0,7.0
2026-10-05,D,‼️ Elite,,,TB,Austin Slater,R,Right,Cam Schlittler,"FF, FC, SI, CU",08:00 PM,,,,"3,4",9,0.0,13,,4,0.046,0.0,0.0,0.046,0.0,LOW,,0.255,0.287,14.8,1,84.3,0.0,0.0,-15.5,85.7,0.0,0.0,-34.0,0.177,0.0,0.726,0.726,0.177,0.0,Wind Out (⬆️ N),80.8,Overcast,,,,,,,,,,,,,,62,B,,13,1.18,1.26,849839,596103,693645.0,7.3,20.0,23.78,14.8,90.0,6.8
2026-10-05,D,🤔 Average,,,CWS,Reese McGuire,L,Right,Gavin Williams,"ST, FF, CU, SI",05:00 PM,,,,8,8,0.0,10,Cold,3,0.0,0.0,0.0,0.0,0.0,LOW,,0.195,0.194,22.7,2,72.8,0.0,10.0,15.9,83.6,0.0,20.0,17.4,0.47,0.0,0.1,0.569,0.47,0.0,Wind Out (↖️ NW),60.6,Sunny,,,,,,,,,,,,,,40,D,,23,0.93,1.26,849834,624512,668909.0,5.7,40.0,24.46,22.7,80.0,7.1
2026-10-05,D,🎯 Target,,,CLE,Kahlil Watson,L,Left,Anthony Kay,"FF, SI, ST, CH",05:00 PM,,,,"7,8",8,0.0,20,Whiff,8,0.108,0.2,0.1,0.108,0.0,LOW,,0.243,0.266,25.3,2,88.6,0.0,10.0,-0.5,86.7,0.0,10.0,8.8,1.05,0.473,0.0,0.945,1.522,0.0,Wind Out (↖️ NW),60.6,Sunny,,,,,,,,,,,,,,41,D,,16,1.09,1.27,849834,696135,641743.0,11.3,50.0,21.96,25.3,80.0,7.5
2026-10-05,D,‼️ Elite,,,TB,Chandler Simpson,L,Right,Cam Schlittler,"FF, FC, SI, CU",08:00 PM,5.0,LF,,"3,4",7,0.0,10,Cold,5,0.049,0.0,0.048,0.049,0.0,LOW,,0.251,0.299,4.1,0,80.4,0.0,0.0,-16.9,83.4,0.0,14.3,-0.3,0.995,0.098,0.156,0.404,1.112,0.068,Wind Out (⬆️ N),80.8,Overcast,4.0,1.0,0.0,1.0,1.0,1.0,0.0,0.0,78.1,6.3,,,,54,C,,13,1.18,1.26,849839,802415,693645.0,7.3,50.0,28.59,4.1,80.0,5.8
2026-10-05,D,🎯 Target,,,CLE,Steven Kwan,L,Left,Anthony Kay,"FF, SI, ST, CH",05:00 PM,1.0,CF,,"7,8",6,0.0,20,Cold,7,0.081,0.286,0.008,0.081,0.3,LOW,,0.33,0.329,3.7,1,83.1,0.0,0.0,4.3,81.3,0.0,14.1,11.7,0.871,0.019,0.984,0.34,1.192,0.152,Wind Out (↖️ NW),60.6,Sunny,4.0,1.0,0.0,1.0,1.0,0.0,0.0,0.0,85.1,,,,,37,D,,16,1.09,1.27,849834,680757,641743.0,-4.9,30.0,30.94,3.7,70.0,5.6
2026-10-07,B,⚠️ Tough,,YES,CLE,Jo Adell,R,Left,Sean Newcomb,"FF, SI, SV",04:00 PM,4.0,DH,,"9,8",57,9.0,74,Whiff,29,0.186,0.556,0.238,0.186,2.9,ELITE,3.0,0.316,0.302,17.4,5,107.2,20.0,20.0,14.3,93.2,2.2,27.5,17.2,0.996,0.118,0.38,1.338,2.279,0.495,Wind Out (⬅️ W),73.1,Sunny,4.0,2.0,0.0,0.0,4.0,3.0,1.0,1.0,89.3,8.7,,,,24,F,,16,1.09,1.27,849833,666176,656794.0,11.0,50.0,29.48,17.4,60.0,7.8
2026-10-07,A,🤔 Average,,YES,LAD,Freddie Freeman,L,Right,Tyler Mahle,"FS, FF, FC, SL",06:00 PM,2.0,1B,,1,54,9.0,74,Moonshot,39,0.174,0.545,0.2,0.174,1.5,STR,1.0,0.371,0.348,13.7,8,97.8,30.8,38.5,17.8,89.2,5.2,22.9,16.6,1.273,0.144,0.493,0.708,2.452,0.313,Wind In (↘️ SE),80.4,Sunny,4.0,0.0,0.0,0.0,0.0,0.0,0.0,0.0,101.1,9.8,,,,42,D,,27,0.84,1.1,849822,518692,641816.0,13.5,38.5,26.74,13.7,61.5,7.1
2026-10-07,A+,🤔 Average,,YES,NYY,Ben Rice,L,Right,Nick Martinez,"SI, CH, FC, FF",08:00 PM,2.0,DH,YES,2,52,9.0,70,Moonshot,55,0.335,0.867,0.341,0.335,5.2,ELITE,2.0,0.386,0.398,16.0,11,100.9,27.8,33.3,23.7,93.5,7.4,27.0,16.8,1.366,0.217,0.6,0.806,3.324,0.834,Crosswind (↙️ SW),64.0,Clear,4.0,1.0,0.0,0.0,1.0,1.0,0.0,2.0,80.4,,,,,55,C,,15,1.11,1.12,849838,700250,607259.0,15.5,44.4,15.7,16.0,77.8,7.7
2026-10-07,B,🤔 Average,,YES,LAD,Teoscar Hernández,R,Right,Tyler Mahle,"FS, FF, FC, SL",06:00 PM,5.0,LF,,1,48,6.0,53,Whiff,39,0.165,0.25,0.129,0.165,2.1,GOOD,,0.322,0.324,21.8,5,97.4,16.7,41.7,14.9,90.3,4.9,20.8,17.0,0.759,0.098,0.181,1.239,1.409,0.397,Wind In (↘️ SE),80.4,Sunny,4.0,1.0,0.0,1.0,1.0,0.0,0.0,2.0,94.4,10.0,,,,47,C,,27,0.84,1.1,849822,606192,641816.0,8.6,25.0,26.44,21.8,100.0,8.0
2026-10-07,B,💥 Hittable,,YES,MIL,William Contreras,R,Right,Walker Buehler,"FC, SI, FF, SL",10:00 PM,3.0,C,,9,46,5.0,66,Moonshot,31,0.179,0.545,0.139,0.179,2.2,GOOD,1.0,0.341,0.334,9.1,4,96.2,7.7,30.8,15.9,91.4,4.2,20.8,12.1,1.156,0.083,0.49,0.458,2.202,0.34,Wind Out (↖️ NW),78.7,Clear,5.0,2.0,0.0,0.0,2.0,0.0,0.0,0.0,96.5,31.4,,,,54,C,,30,0.75,1.16,849827,661388,621111.0,8.8,38.5,29.57,9.1,100.0,7.5
2026-10-07,B,🤔 Average,,,CWS,Tommy Pham,R,Right,Daniel Espino,"FF, SL, CU",04:00 PM,,,,"3,1",45,5.0,53,,30,0.1,0.0,0.0,0.1,2.0,STR,,0.341,0.206,17.9,4,90.3,10.0,20.0,27.0,96.1,0.0,0.0,8.0,0.289,0.0,0.093,1.053,0.289,0.0,Wind Out (⬅️ W),73.1,Sunny,,,,,,,,,,,,,,50,C,,23,0.93,1.26,849833,502054,682982.0,13.1,30.0,28.72,17.9,90.0,7.3
2026-10-07,B,🤔 Average,YES,YES,LAD,Max Muncy,L,Right,Tyler Mahle,"FS, FF, FC, SL",06:00 PM,6.0,3B,,1,45,8.0,61,Moonshot,41,0.265,0.667,0.307,0.265,4.5,STR,1.0,0.363,0.376,18.7,6,97.3,10.0,20.0,9.9,92.4,5.5,22.5,22.8,1.336,0.184,0.578,1.232,3.304,0.595,Wind In (↘️ SE),80.4,Sunny,4.0,1.0,1.0,1.0,4.0,1.0,0.0,0.0,94.5,28.8,1.0,100.5,393.0,51,C,,27,0.84,1.1,849822,571970,641816.0,15.5,50.0,20.82,18.7,90.0,6.6
2026-10-07,C,🤔 Average,,,CWS,Randal Grichuk,R,Right,Daniel Espino,"FF, SL, CU",04:00 PM,8.0,LF,,"3,1",44,4.0,53,Gap,38,0.282,0.333,0.163,0.282,3.7,STR,,0.348,0.372,16.6,4,100.9,10.0,10.0,15.1,90.3,0.0,16.0,13.2,0.659,0.164,0.088,0.603,1.186,0.341,Wind Out (⬅️ W),73.1,Sunny,4.0,1.0,0.0,0.0,1.0,0.0,0.0,1.0,88.3,24.7,,,,48,C,,23,0.93,1.26,849833,545341,682982.0,8.8,40.0,19.86,16.6,80.0,7.9
2026-10-07,D,💥 Hittable,,,MIL,Brice Turang,L,Right,Walker Buehler,"FC, SI, FF, SL",10:00 PM,4.0,2B,,9,44,3.0,53,Cold,13,0.182,0.0,0.256,0.182,2.6,STR,2.0,0.341,0.36,17.2,1,76.6,0.0,15.4,4.1,93.2,4.4,17.4,14.2,0.877,0.211,0.737,1.091,1.501,0.181,Wind Out (↖️ NW),78.7,Clear,5.0,1.0,0.0,0.0,1.0,0.0,0.0,0.0,86.4,29.2,,,,48,C,,30,0.75,1.16,849827,668930,621111.0,8.8,46.2,16.28,17.2,92.3,6.4
2026-10-07,B,🤔 Average,,YES,NYY,Austin Wells,L,Right,Nick Martinez,"SI, CH, FC, FF",08:00 PM,6.0,C,,2,42,6.0,56,Gap,29,0.149,0.167,0.19,0.149,2.8,STR,,0.307,0.29,18.0,4,95.5,7.1,7.1,24.3,89.5,5.5,20.4,19.9,0.866,0.215,0.325,0.652,1.364,0.45,Crosswind (↙️ SW),64.0,Clear,3.0,0.0,0.0,0.0,0.0,0.0,0.0,1.0,87.6,12.0,,,,44,C,,15,1.11,1.12,849838,669224,607259.0,16.7,35.7,29.27,18.0,100.0,7.5
2026-10-07,B,💥 Hittable,,,MIL,Jackson Chourio,R,Right,Walker Buehler,"FC, SI, FF, SL",10:00 PM,1.0,LF,,9,42,6.0,55,Gap,28,0.2,0.25,0.154,0.2,3.2,STR,,0.355,0.365,15.6,4,92.4,14.3,35.7,17.2,92.5,3.8,19.8,12.0,0.981,0.14,0.361,0.779,1.726,0.79,Wind Out (↖️ NW),78.7,Clear,4.0,1.0,0.0,0.0,1.0,1.0,1.0,0.0,90.8,,,,,70,A,,30,0.75,1.16,849827,694192,621111.0,12.3,14.3,33.44,15.6,92.9,7.4
2026-10-07,C,💥 Hittable,,YES,MIL,Christian Yelich,L,Right,Walker Buehler,"FC, SI, FF, SL",10:00 PM,2.0,DH,,9,42,5.0,50,Gap,16,0.139,0.091,0.129,0.139,1.7,GOOD,,0.323,0.309,20.1,2,97.5,7.7,7.7,10.6,89.9,3.5,12.1,4.8,1.074,0.236,0.57,0.858,1.506,0.29,Wind Out (↖️ NW),78.7,Clear,4.0,1.0,0.0,0.0,1.0,0.0,0.0,1.0,97.4,,,,,45,C,,30,0.75,1.16,849827,592885,621111.0,8.6,33.3,25.97,20.1,75.0,7.4
2026-10-07,A,🤔 Average,,,NYY,Luis García Jr.,L,Right,Nick Martinez,"SI, CH, FC, FF",08:00 PM,3.0,1B,,2,41,7.0,47,Gap,35,0.243,0.231,0.278,0.243,4.5,GOOD,1.0,0.34,0.352,12.6,6,92.4,7.7,30.8,26.6,92.5,6.0,20.8,13.4,0.933,0.119,0.111,0.651,1.874,0.346,Crosswind (↙️ SW),64.0,Clear,3.0,1.0,0.0,0.0,1.0,0.0,0.0,1.0,104.8,2.0,,,,44,C,,15,1.11,1.12,849838,671277,607259.0,10.2,61.5,32.97,12.6,92.3,7.5
2026-10-07,A,🤔 Average,,,NYY,Cody Bellinger,L,Right,Nick Martinez,"SI, CH, FC, FF",08:00 PM,4.0,LF,,2,40,5.0,60,Gap,29,0.166,0.176,0.133,0.166,3.1,STR,2.0,0.337,0.338,11.3,5,88.9,5.9,23.5,22.1,90.8,2.0,20.1,16.2,0.984,0.069,0.378,0.667,1.571,0.48,Crosswind (↙️ SW),64.0,Clear,4.0,0.0,0.0,0.0,0.0,0.0,0.0,0.0,81.6,21.8,,,,58,B,,15,1.11,1.12,849838,641355,607259.0,14.2,64.7,23.16,11.3,94.1,7.9
2026-10-07,B,🤔 Average,,,LAD,Kyle Tucker,L,Right,Tyler Mahle,"FS, FF, FC, SL",06:00 PM,8.0,RF,,1,38,7.0,52,Gap,27,0.159,0.25,0.141,0.159,2.2,STR,,0.327,0.314,11.2,5,87.3,8.3,25.0,30.9,89.4,1.6,28.7,21.7,0.952,0.065,0.334,0.789,1.633,0.303,Wind In (↘️ SE),80.4,Sunny,3.0,1.0,0.0,0.0,1.0,0.0,1.0,0.0,68.3,,,,,39,D,,27,0.84,1.1,849822,663656,641816.0,2.3,33.3,31.55,11.2,100.0,6.8
2026-10-07,C,🤔 Average,,,LAD,Will Smith,R,Right,Tyler Mahle,"FS, FF, FC, SL",06:00 PM,3.0,C,,1,37,3.0,52,Whiff,15,0.166,0.0,0.183,0.166,3.2,GOOD,1.0,0.372,0.332,9.5,4,90.8,0.0,16.7,25.0,89.5,4.2,27.1,19.1,0.619,0.076,0.356,0.853,1.0,0.102,Wind In (↘️ SE),80.4,Sunny,4.0,0.0,0.0,0.0,0.0,0.0,0.0,2.0,69.3,,,,,51,C,,27,0.84,1.1,849822,669257,641816.0,12.8,41.7,23.66,9.5,83.3,7.1
2026-10-07,C,🤔 Average,,,LAD,Dalton Rushing,L,Right,Tyler Mahle,"FS, FF, FC, SL",06:00 PM,,,,1,36,4.0,46,Whiff,19,0.214,0.0,0.225,0.214,2.7,GOOD,,0.329,0.321,16.3,4,88.7,0.0,30.0,24.4,92.4,4.3,16.5,20.2,0.397,0.036,0.328,1.097,0.812,0.054,Wind In (↘️ SE),80.4,Sunny,,,,,,,,,,,,,,46,C,,27,0.84,1.1,849822,687221,641816.0,16.3,40.0,21.68,16.3,80.0,7.6
2026-10-07,A,⚠️ Tough,,,ATL,Ozzie Albies,L,Right,Tyler Glasnow,"FF, CU, SI, SL",06:00 PM,4.0,2B,,"8,9",35,6.0,58,Moonshot,38,0.198,0.45,0.182,0.198,2.8,STR,,0.284,0.304,12.7,6,94.2,15.4,26.9,15.9,88.3,2.8,26.9,23.8,0.809,0.121,0.628,0.72,1.746,0.357,Wind In (↘️ SE),80.4,Sunny,4.0,1.0,0.0,0.0,2.0,0.0,0.0,0.0,92.2,3.0,1.0,98.6,384.0,58,B,,14,1.17,1.34,849822,645277,607192.0,13.8,46.2,20.99,12.7,80.8,7.2
2026-10-07,B,⚠️ Tough,,,CLE,David Fry,R,Left,Sean Newcomb,"FF, SI, SV",04:00 PM,,,,"9,8",34,6.0,46,Gap,33,0.172,0.3,0.197,0.172,3.4,STR,,0.275,0.306,17.7,6,89.7,10.0,40.0,18.0,90.4,1.3,16.5,24.7,0.594,0.02,0.266,0.604,1.122,0.236,Wind Out (⬅️ W),73.1,Sunny,,,,,,,,,,,,,,47,C,,16,1.09,1.27,849833,681807,656794.0,15.8,40.0,27.41,17.7,90.0,8.1
2026-10-07,B,⚠️ Tough,,YES,ATL,Drake Baldwin,L,Right,Tyler Glasnow,"FF, CU, SI, SL",06:00 PM,5.0,DH,,"8,9",34,4.0,63,Gap,12,0.155,0.043,0.205,0.155,3.3,GOOD,2.0,0.38,0.351,16.3,6,88.4,0.0,19.2,-5.7,93.8,6.9,24.0,15.8,0.946,0.171,0.501,1.014,1.525,0.354,Wind In (↘️ SE),80.4,Sunny,4.0,0.0,0.0,0.0,0.0,0.0,0.0,2.0,82.4,35.0,,,,38,D,,14,1.17,1.34,849822,686948,607192.0,11.2,53.8,27.06,16.3,69.2,7.6
2026-10-07,A+,⚠️ Tough,,,ATL,Rowdy Tellez,L,Right,Tyler Glasnow,"FF, CU, SI, SL",06:00 PM,6.0,PH,,"8,9",34,5.0,65,Gap,33,0.308,0.429,0.75,0.308,11.7,STR,,0.563,0.362,21.4,7,97.1,20.0,30.0,22.8,90.4,16.7,16.7,28.0,0.38,0.0,0.686,0.537,1.298,0.0,Wind In (↘️ SE),80.4,Sunny,1.0,0.0,0.0,0.0,0.0,0.0,0.0,1.0,93.8,25.0,,,,44,C,,14,1.17,1.34,849822,642133,607192.0,6.1,50.0,24.31,21.4,80.0,7.7
2026-10-07,C,,,,SD,Xander Bogaerts,R,?,Unknown (nan),---,10:00 PM,6.0,SS,,,34,7.0,38,Gap,31,0.127,0.235,,0.127,0.0,GOOD,,0.327,0.309,11.8,2,90.3,5.3,15.8,27.2,,,,,1.227,0.204,0.409,0.818,2.045,0.409,Wind Out (↖️ NW),78.7,Clear,4.0,0.0,0.0,0.0,0.0,0.0,0.0,0.0,82.3,17.3,,,,51,C,,26,0.86,1.23,849827,593428,,11.7,31.6,31.28,11.8,78.9,7.0
2026-10-07,C,⚠️ Tough,,,CLE,Chase DeLauter,L,Left,Sean Newcomb,"FF, SI, SV",04:00 PM,3.0,RF,,"9,8",33,4.0,57,Worm,26,0.178,0.3,0.175,0.178,1.7,STR,1.0,0.342,0.356,8.9,1,91.7,10.0,10.0,7.3,89.9,0.9,11.3,8.8,1.31,0.183,0.209,0.497,2.202,0.149,Wind Out (⬅️ W),73.1,Sunny,4.0,1.0,0.0,1.0,1.0,1.0,1.0,0.0,104.9,,,,,52,C,,16,1.09,1.27,849833,800050,656794.0,5.8,30.0,28.66,8.9,100.0,7.1
2026-10-07,B,🤔 Average,,,NYY,Jasson Domínguez,L,Right,Nick Martinez,"SI, CH, FC, FF",08:00 PM,,,,2,33,4.0,48,,17,0.144,0.0,0.084,0.144,2.5,GOOD,,0.282,0.28,12.9,5,91.4,10.0,20.0,24.3,90.5,1.0,16.7,15.2,0.658,0.129,0.322,0.877,0.864,0.0,Crosswind (↙️ SW),64.0,Clear,,,,,,,,,,,,,,38,D,,15,1.11,1.12,849838,691176,607259.0,3.3,40.0,32.35,12.9,90.0,7.5
2026-10-07,D,🤔 Average,,,CWS,Chase Meidroth,R,Right,Daniel Espino,"FF, SL, CU",04:00 PM,5.0,2B,,"3,1",32,2.0,43,Cold,31,0.146,0.2,0.153,0.146,2.1,GOOD,,0.304,0.339,14.8,1,85.3,6.2,12.5,9.8,86.3,2.4,16.5,11.6,1.098,0.101,0.343,0.954,1.736,0.591,Wind Out (⬅️ W),73.1,Sunny,4.0,1.0,0.0,1.0,2.0,0.0,0.0,2.0,85.1,,,,,41,D,,23,0.93,1.26,849833,805367,682982.0,16.5,62.5,30.62,14.8,68.8,6.7
2026-10-07,A,🤔 Average,,YES,CWS,Munetaka Murakami,L,Right,Daniel Espino,"FF, SL, CU",04:00 PM,3.0,1B,YES,"3,1",32,7.0,45,Whiff,33,0.262,0.188,0.308,0.262,5.1,GOOD,,0.36,0.36,26.8,8,94.9,11.1,22.2,19.7,97.7,6.2,21.1,21.2,0.823,0.081,0.584,1.741,1.791,0.472,Wind Out (⬅️ W),73.1,Sunny,4.0,0.0,0.0,0.0,0.0,0.0,0.0,3.0,70.5,,,,,43,D,,23,0.93,1.26,849833,808959,682982.0,17.9,27.8,34.55,26.8,88.9,7.7
2026-10-07,C,🤔 Average,,,LAD,Mookie Betts,R,Right,Tyler Mahle,"FS, FF, FC, SL",06:00 PM,1.0,SS,YES,1,32,2.0,45,Cold,13,0.197,0.0,0.217,0.197,2.9,LOW,,0.335,0.338,6.4,3,90.0,0.0,15.4,3.1,89.2,2.8,26.3,18.8,1.005,0.167,0.593,0.593,1.56,0.245,Wind In (↘️ SE),80.4,Sunny,4.0,0.0,0.0,0.0,0.0,0.0,0.0,0.0,84.5,31.0,,,,59,B,,27,0.84,1.1,849822,605141,641816.0,2.3,23.1,22.81,6.4,69.2,6.6
2026-10-07,C,🤔 Average,,,LAD,Alex Call,R,Right,Tyler Mahle,"FS, FF, FC, SL",06:00 PM,,,,1,32,5.0,29,Cold,23,0.076,0.111,0.045,0.076,0.5,GOOD,,0.263,0.29,8.7,2,82.1,10.0,40.0,29.1,83.9,1.8,21.8,12.2,0.334,0.151,0.426,0.456,0.485,0.121,Wind In (↘️ SE),80.4,Sunny,,,,,,,,,,,,,,63,B,,27,0.84,1.1,849822,669743,641816.0,12.0,50.0,22.07,8.7,80.0,6.8
2026-10-07,B,💥 Hittable,,,MIL,Bo Naylor,L,Right,Walker Buehler,"FC, SI, FF, SL",10:00 PM,,,,9,32,4.0,43,Cold,21,0.134,0.333,0.06,0.134,2.4,STR,1.0,0.301,0.22,15.3,9,80.1,10.0,20.0,15.2,90.7,5.6,31.5,25.8,0.5,0.0,0.292,0.999,0.995,0.411,Wind Out (↖️ NW),78.7,Clear,,,,,,,,,,,,,,28,F,,30,0.75,1.16,849827,666310,621111.0,15.8,60.0,36.11,15.3,60.0,7.7
2026-10-07,C,⚠️ Tough,,YES,CLE,Brayan Rocchio,L,Left,Sean Newcomb,"FF, SI, SV",04:00 PM,9.0,SS,YES,"9,8",31,4.0,49,Moonshot,28,0.179,0.778,0.2,0.179,1.8,STR,2.0,0.3,0.308,11.3,3,90.3,0.0,50.0,42.5,85.9,3.3,29.3,17.2,1.069,0.274,0.384,0.494,2.463,0.41,Wind Out (⬅️ W),73.1,Sunny,4.0,2.0,0.0,0.0,2.0,1.0,0.0,0.0,74.2,28.0,,,,57,B,,16,1.09,1.27,849833,677587,656794.0,11.1,30.0,38.56,11.3,90.0,7.2
2026-10-07,C,🤔 Average,,,CWS,Jake Rogers,R,Right,Daniel Espino,"FF, SL, CU",04:00 PM,,,,"3,1",31,4.0,35,Cold,16,0.126,0.0,0.123,0.126,2.0,GOOD,,0.278,0.265,17.3,3,78.3,0.0,20.0,27.7,85.6,3.1,20.3,24.8,0.252,0.063,0.547,1.159,0.473,0.063,Wind Out (⬅️ W),73.1,Sunny,,,,,,,,,,,,,,19,F,,23,0.93,1.26,849833,668670,682982.0,17.9,60.0,30.67,17.3,50.0,7.5
2026-10-07,B,🤔 Average,,,LAD,Shohei Ohtani,L,Right,Tyler Mahle,"FS, FF, FC, SL",06:00 PM,4.0,DH,,1,31,3.0,47,,22,0.237,0.0,0.215,0.237,3.9,GOOD,,0.392,0.379,16.9,5,95.2,0.0,25.0,30.1,94.5,4.8,18.2,13.2,0.899,0.167,0.561,1.113,1.427,0.083,Wind In (↘️ SE),80.4,Sunny,3.0,0.0,0.0,1.0,0.0,0.0,1.0,1.0,91.9,,,,,38,D,,27,0.84,1.1,849822,660271,641816.0,10.0,50.0,36.21,16.9,83.3,7.6
2026-10-07,D,🤔 Average,,,LAD,Tommy Edman,L,Right,Tyler Mahle,"FS, FF, FC, SL",06:00 PM,7.0,LF,,1,31,4.0,38,Cold,9,0.135,0.111,0.16,0.135,1.9,GOOD,,0.297,0.313,13.3,2,77.0,0.0,20.0,29.1,85.8,2.0,26.0,19.3,0.763,0.226,0.399,0.676,1.266,0.19,Wind In (↘️ SE),80.4,Sunny,1.0,0.0,0.0,1.0,0.0,0.0,0.0,0.0,93.1,73.0,,,,57,B,,27,0.84,1.1,849822,669242,641816.0,2.0,20.0,33.57,13.3,100.0,6.4
2026-10-07,B,🤔 Average,,,LAD,Josue De Paula,L,Right,Tyler Mahle,"FS, FF, FC, SL",06:00 PM,7.0,PH,,1,31,3.0,60,Cold,21,0.263,0.333,0.556,0.263,3.0,LOW,,0.438,0.456,2.3,4,77.8,0.0,0.0,7.3,92.4,18.8,25.0,29.1,1.084,0.416,1.145,0.542,2.188,0.582,Wind In (↘️ SE),80.4,Sunny,0.0,0.0,0.0,0.0,0.0,0.0,1.0,0.0,88.6,12.4,,,,37,D,,27,0.84,1.1,849822,800543,641816.0,5.3,40.0,34.67,2.3,60.0,7.0
2026-10-07,C,⚠️ Tough,,YES,ATL,Michael Harris II,L,Right,Tyler Glasnow,"FF, CU, SI, SL",06:00 PM,1.0,CF,,"8,9",31,4.0,58,Cold,27,0.204,0.25,0.202,0.204,4.4,STR,2.0,0.333,0.357,14.8,5,84.1,7.7,7.7,-0.9,94.5,5.4,17.0,10.7,1.231,0.254,0.16,0.716,2.063,0.383,Wind In (↘️ SE),80.4,Sunny,3.0,2.0,0.0,1.0,3.0,0.0,1.0,1.0,107.0,11.0,,,,44,C,,14,1.17,1.34,849822,671739,607192.0,5.5,69.2,28.19,14.8,80.8,7.4
2026-10-07,C,💥 Hittable,,,MIL,Garrett Mitchell,L,Right,Walker Buehler,"FC, SI, FF, SL",10:00 PM,8.0,CF,,9,31,2.0,37,Cold,11,0.154,0.0,0.19,0.154,1.9,LOW,,0.332,0.333,18.0,3,85.5,0.0,8.3,-6.4,95.9,3.4,10.2,7.9,0.814,0.174,0.411,1.451,1.217,0.092,Wind Out (↖️ NW),78.7,Clear,4.0,2.0,0.0,1.0,4.0,1.0,0.0,0.0,88.9,,,,,23,F,,30,0.75,1.16,849827,669003,621111.0,6.6,33.3,32.49,18.0,66.7,7.3
2026-10-07,B,🤔 Average,,,NYY,Giancarlo Stanton,R,Right,Nick Martinez,"SI, CH, FC, FF",08:00 PM,6.0,PH,,2,30,5.0,52,Whiff,18,0.163,0.1,0.103,0.163,3.3,GOOD,,0.367,0.35,25.4,8,101.3,0.0,10.0,24.6,94.7,3.3,13.3,21.9,0.957,0.126,0.078,1.258,1.319,0.0,Crosswind (↙️ SW),64.0,Clear,1.0,0.0,0.0,0.0,0.0,0.0,0.0,1.0,95.9,20.8,,,,38,D,,15,1.11,1.12,849838,519317,607259.0,13.7,50.0,29.41,25.4,90.0,8.7
2026-10-07,B,,,,SD,Gavin Sheets,L,?,Unknown (nan),---,10:00 PM,7.0,PH,,,30,5.0,44,Moonshot,41,0.222,0.778,,0.222,0.0,GOOD,,0.323,0.324,14.3,3,89.1,20.0,40.0,57.4,,,,,0.99,0.33,0.33,0.33,3.301,1.32,Wind Out (↖️ NW),78.7,Clear,1.0,0.0,0.0,0.0,0.0,0.0,0.0,1.0,87.2,13.7,,,,50,C,,26,0.86,1.23,849827,657757,,11.9,40.0,21.53,14.3,70.0,7.6
2026-10-07,B,🤔 Average,,YES,CWS,Miguel Vargas,R,Right,Daniel Espino,"FF, SL, CU",04:00 PM,2.0,3B,,"3,1",29,1.0,39,Contact,19,0.224,0.0,0.168,0.224,3.5,LOW,,0.381,0.366,11.7,6,93.5,0.0,16.7,9.3,89.6,4.8,25.7,22.1,0.703,0.117,0.854,0.853,1.108,0.149,Wind Out (⬅️ W),73.1,Sunny,4.0,1.0,0.0,0.0,1.0,0.0,1.0,2.0,94.4,9.0,,,,59,B,,23,0.93,1.26,849833,678246,682982.0,14.4,27.8,31.64,11.7,77.8,7.9
2026-10-07,C,🤔 Average,,,CWS,Junior Perez,R,Right,Daniel Espino,"FF, SL, CU",04:00 PM,,,,"3,1",29,3.0,36,Whiff,20,0.26,0.3,1.5,0.26,5.5,LOW,,0.296,0.268,22.2,2,97.6,0.0,20.0,18.0,99.0,0.0,25.0,5.3,0.81,0.0,0.0,0.681,3.24,0.0,Wind Out (⬅️ W),73.1,Sunny,,,,,,,,,,,,,,28,F,,23,0.93,1.26,849833,678577,682982.0,10.6,50.0,39.77,22.2,70.0,7.4
2026-10-07,B,🤔 Average,,,LAD,Enrique Hernández,R,Right,Tyler Mahle,"FS, FF, FC, SL",06:00 PM,7.0,2B,,1,29,4.0,36,Moonshot,42,0.204,0.6,0.259,0.204,3.0,GOOD,,0.272,0.304,24.0,5,95.0,20.0,30.0,15.3,90.7,6.9,17.2,18.9,0.774,0.07,0.139,0.813,1.913,0.535,Wind In (↘️ SE),80.4,Sunny,2.0,0.0,0.0,0.0,0.0,0.0,0.0,0.0,85.0,3.5,,,,31,F,,27,0.84,1.1,849822,571771,641816.0,6.3,40.0,33.92,24.0,90.0,7.0
2026-10-07,B,‼️ Elite,,YES,TB,Jonathan Aranda,L,Left,Max Fried,"FC, SI, FF, CH",08:00 PM,2.0,1B,,"7,6,4",29,7.0,63,Moonshot,40,0.169,0.3,0.049,0.169,2.3,STR,,0.348,0.352,13.8,4,99.4,20.0,40.0,22.2,90.9,2.2,16.7,10.8,1.031,0.121,0.281,0.953,1.599,0.189,Crosswind (↙️ SW),64.0,Clear,3.0,1.0,0.0,0.0,1.0,1.0,0.0,0.0,97.6,7.3,,,,49,C,,13,1.18,1.26,849838,666018,608331.0,9.2,40.0,29.45,13.8,90.0,7.1
2026-10-07,C,💥 Hittable,,,MIL,Braden Shewmake,L,Right,Walker Buehler,"FC, SI, FF, SL",10:00 PM,,,,9,29,0.0,36,Cold,11,0.169,0.222,0.111,0.169,3.3,GOOD,,0.313,0.29,14.3,2,83.2,0.0,0.0,4.6,90.5,1.8,24.6,14.2,0.803,0.316,0.035,0.699,1.223,0.0,Wind Out (↖️ NW),78.7,Clear,,,,,,,,,,,,,,40,D,,30,0.75,1.16,849827,669699,621111.0,11.2,60.0,32.12,14.3,80.0,6.7
2026-10-07,C,,,YES,SD,Manny Machado,R,?,Unknown (nan),---,10:00 PM,3.0,3B,,,29,4.0,41,Gap,32,0.205,0.312,,0.205,0.0,STR,,0.34,0.321,14.8,2,96.1,14.3,4.8,12.1,,,,,1.203,0.401,1.003,0.401,2.206,0.602,Wind Out (↖️ NW),78.7,Clear,4.0,1.0,0.0,0.0,1.0,0.0,0.0,1.0,77.0,,1.0,106.7,406.0,60,B,,26,0.86,1.23,849827,592518,,6.0,19.0,34.79,14.8,85.7,7.8
2026-10-07,A,🤔 Average,,YES,CWS,Andrew Benintendi,L,Right,Daniel Espino,"FF, SL, CU",04:00 PM,,,,"3,1",28,5.0,53,Whiff,35,0.189,0.429,0.235,0.189,1.9,STR,,0.315,0.32,17.0,7,89.9,10.0,20.0,22.2,90.9,6.5,25.8,23.8,0.698,0.151,0.559,0.907,1.501,0.698,Wind Out (⬅️ W),73.1,Sunny,,,,,,,,,,,,,,29,F,,23,0.93,1.26,849833,643217,682982.0,15.6,80.0,32.03,17.0,60.0,7.3
2026-10-07,B,⚠️ Tough,,YES,ATL,Matt Olson,L,Right,Tyler Glasnow,"FF, CU, SI, SL",06:00 PM,3.0,1B,,"8,9",28,5.0,46,Whiff,18,0.233,0.13,0.248,0.233,4.6,LOW,1.0,0.355,0.346,17.0,8,88.3,7.7,7.7,18.1,94.0,6.0,23.8,19.8,0.8,0.121,0.356,1.229,1.586,0.282,Wind In (↘️ SE),80.4,Sunny,4.0,0.0,0.0,0.0,0.0,0.0,0.0,1.0,90.0,,,,,27,F,,14,1.17,1.34,849822,621566,607192.0,9.2,53.8,33.41,17.0,69.2,7.6
2026-10-07,C,🤔 Average,,,NYY,Trent Grisham,L,Right,Nick Martinez,"SI, CH, FC, FF",08:00 PM,1.0,CF,,2,28,0.0,46,,16,0.184,0.0,0.21,0.184,3.3,GOOD,2.0,0.343,0.309,9.6,3,88.3,0.0,27.3,12.2,91.6,4.3,23.1,16.6,0.709,0.082,0.478,0.606,1.181,0.113,Crosswind (↙️ SW),64.0,Clear,5.0,0.0,0.0,0.0,0.0,0.0,0.0,3.0,95.6,42.5,,,,76,A,,15,1.11,1.12,849838,663757,607259.0,14.1,9.1,31.99,9.6,81.8,7.5
2026-10-07,C,🤔 Average,,,NYY,Heliot Ramos,R,Right,Nick Martinez,"SI, CH, FC, FF",08:00 PM,,,,2,28,3.0,52,Whiff,19,0.17,0.222,0.159,0.17,2.9,GOOD,1.0,0.332,0.319,20.0,2,93.2,10.0,20.0,4.2,90.5,4.0,13.6,4.1,0.914,0.132,0.353,1.138,1.58,0.195,Crosswind (↙️ SW),64.0,Clear,,,,,,,,,,,,,,27,F,,15,1.11,1.12,849838,671218,607259.0,11.6,50.0,27.99,20.0,60.0,7.0
2026-10-07,B,💥 Hittable,,,MIL,Jake Bauers,L,Right,Walker Buehler,"FC, SI, FF, SL",10:00 PM,5.0,1B,,9,28,0.0,37,Whiff,21,0.218,0.0,0.252,0.218,3.5,GOOD,1.0,0.374,0.389,18.1,5,93.3,0.0,7.7,14.4,93.7,4.0,17.8,12.3,0.812,0.084,0.709,1.314,1.335,0.112,Wind Out (↖️ NW),78.7,Clear,1.0,1.0,0.0,1.0,1.0,0.0,3.0,0.0,91.2,,,,,43,D,,30,0.75,1.16,849827,641343,621111.0,15.3,30.8,27.67,18.1,76.9,8.1
2026-10-07,C,💥 Hittable,,,MIL,David Hamilton,L,Right,Walker Buehler,"FC, SI, FF, SL",10:00 PM,,,,9,28,3.0,28,Cold,21,0.092,0.111,0.127,0.092,1.0,GOOD,,0.264,0.27,14.7,2,77.9,10.0,10.0,-14.5,81.6,1.9,23.1,13.4,0.873,0.217,0.233,0.596,1.222,0.166,Wind Out (↖️ NW),78.7,Clear,,,,,,,,,,,,,,33,D,,30,0.75,1.16,849827,666152,621111.0,5.7,60.0,35.39,14.7,70.0,6.5
2026-10-07,C,⚠️ Tough,,,CLE,Austin Hedges,R,Left,Sean Newcomb,"FF, SI, SV",04:00 PM,,,,"9,8",27,3.0,40,Cold,24,0.153,0.5,0.016,0.153,1.5,STR,1.0,0.277,0.303,9.6,1,79.8,10.0,20.0,12.8,86.3,1.3,19.7,15.8,0.422,0.028,0.821,0.425,0.793,0.114,Wind Out (⬅️ W),73.1,Sunny,,,,,,,,,,,,,,65,B,,16,1.09,1.27,849833,595978,656794.0,12.9,20.0,27.26,9.6,70.0,7.5
2026-10-07,B,⚠️ Tough,,YES,CLE,Patrick Bailey,L,Left,Sean Newcomb,"FF, SI, SV",04:00 PM,8.0,C,YES,"9,8",27,2.0,46,Whiff,27,0.14,0.3,0.038,0.14,2.5,STR,1.0,0.322,0.274,19.5,5,94.4,10.0,30.0,18.0,96.0,0.0,22.9,18.6,0.493,0.064,0.444,1.17,0.916,0.366,Wind Out (⬅️ W),73.1,Sunny,4.0,2.0,0.0,1.0,2.0,0.0,1.0,1.0,81.1,8.3,,,,25,F,,16,1.09,1.27,849833,672275,656794.0,7.2,60.0,22.08,19.5,60.0,7.1
2026-10-07,D,🤔 Average,,,LAD,Andy Pages,R,Right,Tyler Mahle,"FS, FF, FC, SL",06:00 PM,9.0,CF,,1,27,0.0,45,Cold,13,0.194,0.0,0.119,0.194,2.5,GOOD,1.0,0.344,0.348,12.9,0,92.8,0.0,0.0,-0.8,88.7,1.3,20.5,20.7,0.814,0.085,0.352,1.131,1.105,0.073,Wind In (↘️ SE),80.4,Sunny,3.0,2.0,0.0,0.0,2.0,2.0,0.0,0.0,102.3,7.0,,,,50,C,,27,0.84,1.1,849822,681624,641816.0,12.9,50.0,19.56,12.9,83.3,8.2
2026-10-07,C,🤔 Average,,,LAD,Alex Freeland,L,Right,Tyler Mahle,"FS, FF, FC, SL",06:00 PM,,,,1,27,3.0,35,Contact,10,0.091,0.0,0.196,0.091,0.8,LOW,,0.304,0.3,19.7,2,90.3,10.0,20.0,17.6,87.7,3.6,17.9,18.0,0.593,0.104,0.716,0.54,0.906,0.035,Wind In (↘️ SE),80.4,Sunny,,,,,,,,,,,,,,42,D,,27,0.84,1.1,849822,690976,641816.0,7.7,40.0,29.68,19.7,80.0,6.7
2026-10-07,D,🤔 Average,,,CWS,Luisangel Acuña,R,Right,Daniel Espino,"FF, SL, CU",04:00 PM,,,,"3,1",26,3.0,30,Cold,21,0.064,0.3,0.0,0.064,1.1,GOOD,,0.264,0.241,14.6,1,86.0,10.0,20.0,13.5,83.2,0.0,5.7,-7.0,0.515,0.0,0.164,0.679,0.796,0.094,Wind Out (⬅️ W),73.1,Sunny,,,,,,,,,,,,,,50,C,,23,0.93,1.26,849833,682668,682982.0,9.2,30.0,29.2,14.6,90.0,7.6
2026-10-07,D,🤔 Average,,,CWS,Joey Bart,R,Right,Daniel Espino,"FF, SL, CU",04:00 PM,,,,"3,1",26,0.0,34,Cold,10,0.143,0.0,0.143,0.143,2.0,GOOD,,0.317,0.309,19.8,1,72.0,0.0,0.0,30.0,85.8,0.0,20.8,12.3,0.58,0.0,0.487,0.843,0.829,0.0,Wind Out (⬅️ W),73.1,Sunny,,,,,,,,,,,,,,24,F,,23,0.93,1.26,849833,663698,682982.0,6.5,80.0,31.26,19.8,70.0,7.1
2026-10-07,C,🤔 Average,,,CWS,Brenton Doyle,R,Right,Daniel Espino,"FF, SL, CU",04:00 PM,,,,"3,1",26,0.0,28,Worm,29,0.14,0.3,0.0,0.14,2.1,LOW,,0.239,0.276,23.7,2,89.8,0.0,30.0,2.8,87.6,1.9,11.5,5.9,0.679,0.0,0.116,1.026,1.003,0.293,Wind Out (⬅️ W),73.1,Sunny,,,,,,,,,,,,,,40,D,,23,0.93,1.26,849833,686668,682982.0,21.2,60.0,29.39,23.7,90.0,7.8
2026-10-07,C,⚠️ Tough,,,ATL,Sean Murphy,R,Right,Tyler Glasnow,"FF, CU, SI, SL",06:00 PM,9.0,C,YES,"8,9",26,6.0,53,Gap,25,0.142,0.5,0.14,0.142,3.8,GOOD,,0.291,0.272,22.3,3,98.3,20.0,10.0,19.5,88.7,3.2,11.1,4.8,0.706,0.202,0.48,0.856,1.516,0.428,Wind In (↘️ SE),80.4,Sunny,3.0,0.0,0.0,0.0,0.0,0.0,0.0,0.0,90.7,22.3,,,,60,B,,14,1.17,1.34,849822,669221,607192.0,14.3,20.0,31.38,22.3,80.0,8.3
2026-10-07,C,⚠️ Tough,,,CLE,Rhys Hoskins,R,Left,Sean Newcomb,"FF, SI, SV",04:00 PM,,,,"9,8",25,1.0,32,Whiff,15,0.198,0.0,0.204,0.198,4.1,STR,2.0,0.309,0.308,22.9,2,94.2,0.0,0.0,12.5,92.8,4.7,20.3,29.0,0.562,0.068,0.425,0.9,0.937,0.103,Wind Out (⬅️ W),73.1,Sunny,,,,,,,,,,,,,,28,F,,16,1.09,1.27,849833,656555,656794.0,10.3,50.0,25.15,22.9,60.0,8.0
2026-10-07,B,‼️ Elite,,YES,TB,Junior Caminero,R,Left,Max Fried,"FC, SI, FF, CH",08:00 PM,3.0,3B,,"7,6,4",25,3.0,48,Gap,24,0.24,0.125,0.205,0.24,5.1,GOOD,1.0,0.37,0.387,12.7,4,97.7,10.0,0.0,9.7,94.8,5.0,15.6,13.0,1.042,0.272,0.782,0.663,1.673,0.231,Crosswind (↙️ SW),64.0,Clear,4.0,1.0,0.0,1.0,1.0,0.0,0.0,1.0,92.1,,,,,42,D,,13,1.18,1.26,849838,691406,608331.0,6.6,40.0,30.96,12.7,80.0,8.3
2026-10-07,D,💥 Hittable,,,MIL,Jihwan Bae,L,Right,Walker Buehler,"FC, SI, FF, SL",10:00 PM,,,,9,25,0.0,38,Cold,4,0.0,0.0,0.0,0.0,0.0,GOOD,,,,,0,29.8,0.0,0.0,-54.5,29.8,0.0,0.0,-54.5,1.156,0.0,1.156,0.332,1.156,0.0,Wind Out (↖️ NW),78.7,Clear,,,,,,,,,,,,,,12,F,,30,0.75,1.16,849827,678225,621111.0,-0.9,75.0,,,50.0,4.9
2026-10-07,D,⚠️ Tough,,,CLE,George Valera,L,Left,Sean Newcomb,"FF, SI, SV",04:00 PM,,,,"9,8",24,2.0,27,Whiff,13,0.082,0.1,0.273,0.082,0.0,GOOD,,0.22,0.235,10.5,2,97.3,0.0,0.0,23.7,91.8,0.0,9.1,2.3,0.725,0.623,0.0,0.757,1.348,0.0,Wind Out (⬅️ W),73.1,Sunny,,,,,,,,,,,,,,46,C,,16,1.09,1.27,849833,671655,656794.0,8.6,30.0,36.69,10.5,100.0,6.9
2026-10-07,D,‼️ Elite,,YES,TB,Yandy Díaz,R,Left,Max Fried,"FC, SI, FF, CH",08:00 PM,1.0,DH,,"7,6,4",24,1.0,55,Contact,12,0.153,0.0,0.153,0.153,2.6,STR,3.0,0.358,0.352,9.1,2,92.1,0.0,20.0,6.0,92.1,2.6,21.8,10.4,1.121,0.075,0.361,0.529,1.531,0.093,Crosswind (↙️ SW),64.0,Clear,4.0,1.0,0.0,0.0,1.0,0.0,0.0,2.0,94.2,19.0,,,,50,C,,13,1.18,1.26,849838,650490,608331.0,-0.8,50.0,21.0,9.1,80.0,7.5
2026-10-07,C,💥 Hittable,,,MIL,Gary Sánchez,R,Right,Walker Buehler,"FC, SI, FF, SL",10:00 PM,,,,9,24,2.0,40,Whiff,19,0.221,0.333,0.22,0.221,2.7,LOW,,0.341,0.348,13.8,2,91.9,10.0,20.0,8.4,89.2,3.6,17.1,11.6,0.529,0.092,0.475,0.913,1.224,0.274,Wind Out (↖️ NW),78.7,Clear,,,,,,,,,,,,,,28,F,,30,0.75,1.16,849827,596142,621111.0,9.1,40.0,27.45,13.8,60.0,7.1
2026-10-07,C,⚠️ Tough,,,CLE,Kyle Manzardo,L,Left,Sean Newcomb,"FF, SI, SV",04:00 PM,,,,"9,8",23,2.0,34,Cold,14,0.16,0.111,0.16,0.16,2.7,GOOD,,0.297,0.309,24.1,2,89.7,10.0,20.0,21.0,88.2,3.1,15.6,11.5,1.041,0.2,0.568,0.801,1.462,0.127,Wind Out (⬅️ W),73.1,Sunny,,,,,,,,,,,,,,33,D,,16,1.09,1.27,849833,700932,656794.0,20.0,60.0,37.88,24.1,80.0,7.6
2026-10-07,B,⚠️ Tough,,,CLE,Daniel Schneemann,L,Left,Sean Newcomb,"FF, SI, SV",04:00 PM,,,,"9,8",23,3.0,41,Gap,25,0.133,0.3,0.192,0.133,2.5,STR,,0.296,0.28,21.0,3,92.0,20.0,30.0,18.0,91.8,0.0,19.4,17.8,0.684,0.137,0.341,0.957,1.367,0.228,Wind Out (⬅️ W),73.1,Sunny,,,,,,,,,,,,,,43,D,,16,1.09,1.27,849833,682177,656794.0,14.3,50.0,26.55,21.0,90.0,6.7
2026-10-07,D,⚠️ Tough,,,CLE,Angel Genao,L,Left,Sean Newcomb,"FF, SI, SV",04:00 PM,7.0,2B,,"9,8",23,0.0,28,,7,0.079,0.0,0.2,0.079,0.0,LOW,,0.29,0.261,12.2,1,89.6,0.0,0.0,4.6,91.0,7.7,15.4,6.5,0.659,0.178,0.214,0.428,1.105,0.267,Wind Out (⬅️ W),73.1,Sunny,1.0,1.0,0.0,0.0,2.0,1.0,0.0,0.0,83.9,,,,,63,B,,16,1.09,1.27,849833,694197,656794.0,5.6,10.0,44.71,12.2,100.0,7.4
2026-10-07,C,🤔 Average,,,CWS,Colson Montgomery,L,Right,Daniel Espino,"FF, SL, CU",04:00 PM,9.0,SS,,"3,1",23,4.0,33,Whiff,20,0.218,0.333,0.119,0.218,4.3,GOOD,,0.295,0.303,25.0,2,87.2,6.7,20.0,23.9,86.7,1.6,19.4,34.5,0.601,0.161,0.547,1.661,1.277,0.258,Wind Out (⬅️ W),73.1,Sunny,3.0,0.0,0.0,0.0,0.0,0.0,0.0,3.0,88.7,24.1,,,,30,F,,23,0.93,1.26,849833,695657,682982.0,8.4,66.7,28.47,25.0,73.3,7.6
2026-10-07,C,🤔 Average,,,LAD,Ryan Ward,L,Right,Tyler Mahle,"FS, FF, FC, SL",06:00 PM,,,,1,23,3.0,27,Cold,18,0.236,0.0,0.129,0.236,4.5,LOW,,0.315,0.321,20.0,2,84.7,0.0,30.0,36.9,91.7,0.0,14.3,23.6,0.384,0.056,0.328,0.774,0.606,0.0,Wind In (↘️ SE),80.4,Sunny,,,,,,,,,,,,,,50,C,,27,0.84,1.1,849822,669899,641816.0,12.4,50.0,25.5,20.0,90.0,7.9
2026-10-07,C,‼️ Elite,,,TB,Jonny DeLuca,R,Left,Max Fried,"FC, SI, FF, CH",08:00 PM,7.0,RF,YES,"7,6,4",23,2.0,46,Worm,27,0.178,0.4,0.117,0.178,2.4,STR,2.0,0.249,0.32,13.4,2,84.7,10.0,10.0,-5.2,85.8,0.0,16.5,13.6,0.862,0.274,0.092,0.588,1.626,0.256,Crosswind (↙️ SW),64.0,Clear,3.0,1.0,0.0,1.0,1.0,0.0,0.0,0.0,88.4,22.0,,,,47,C,,13,1.18,1.26,849838,676356,608331.0,3.6,50.0,24.99,13.4,90.0,7.2
2026-10-07,C,⚠️ Tough,,,CLE,José Ramírez,L,Left,Sean Newcomb,"FF, SI, SV",04:00 PM,2.0,3B,,"9,8",22,0.0,40,Cold,12,0.133,0.0,0.152,0.133,1.9,STR,2.0,0.332,0.308,10.0,4,92.8,0.0,0.0,23.0,93.2,2.8,19.7,17.9,0.678,0.16,0.465,0.697,1.077,0.08,Wind Out (⬅️ W),73.1,Sunny,4.0,2.0,0.0,2.0,5.0,2.0,1.0,0.0,95.7,30.3,,,,32,D,,16,1.09,1.27,849833,608070,656794.0,4.6,60.0,24.52,10.0,60.0,7.1
2026-10-07,B,⚠️ Tough,,,CLE,Travis Bazzana,L,Left,Sean Newcomb,"FF, SI, SV",04:00 PM,7.0,2B,,"9,8",22,1.0,36,Gap,18,0.16,0.111,0.023,0.16,2.3,GOOD,,0.304,0.328,13.5,3,87.5,0.0,30.0,24.1,87.5,1.9,14.6,13.4,0.498,0.202,0.552,0.888,0.701,0.054,Wind Out (⬅️ W),73.1,Sunny,2.0,0.0,0.0,2.0,0.0,0.0,2.0,0.0,85.2,,,,,64,B,,16,1.09,1.27,849833,683953,656794.0,9.8,20.0,26.68,13.5,90.0,7.0
2026-10-07,B,🤔 Average,,YES,NYY,Spencer Jones,L,Right,Nick Martinez,"SI, CH, FC, FF",08:00 PM,8.0,RF,,2,22,0.0,34,Cold,12,0.184,0.0,0.181,0.184,3.3,LOW,,0.316,0.318,28.2,9,78.5,0.0,6.2,15.0,94.3,9.1,23.6,21.7,0.612,0.128,0.292,1.376,0.996,0.27,Crosswind (↙️ SW),64.0,Clear,2.0,1.0,0.0,1.0,2.0,1.0,2.0,1.0,105.0,21.0,,,,40,D,,15,1.11,1.12,849838,682987,607259.0,18.5,62.5,24.6,28.2,93.8,7.9
2026-10-07,B,🤔 Average,,,NYY,George Lombard Jr.,R,Right,Nick Martinez,"SI, CH, FC, FF",08:00 PM,5.0,SS,,2,22,0.0,41,,14,0.178,0.0,0.122,0.178,3.6,LOW,,0.295,0.297,21.0,3,91.8,20.0,13.3,13.1,86.6,6.5,14.0,4.8,0.992,0.074,0.172,0.967,1.287,0.34,Crosswind (↙️ SW),64.0,Clear,3.0,2.0,0.0,1.0,2.0,0.0,1.0,0.0,86.8,,,,,43,D,,15,1.11,1.12,849838,806146,607259.0,10.3,53.3,22.67,21.0,86.7,7.5
2026-10-07,C,💥 Hittable,,,MIL,Blake Perkins,R,Right,Walker Buehler,"FC, SI, FF, SL",10:00 PM,,,,9,22,4.0,27,Gap,8,0.103,0.125,0.0,0.103,1.2,LOW,,0.268,0.24,13.4,2,87.9,0.0,20.0,19.7,81.9,0.0,22.2,26.2,0.25,0.082,0.338,0.338,0.332,0.0,Wind Out (↖️ NW),78.7,Clear,,,,,,,,,,,,,,53,C,,30,0.75,1.16,849827,663368,621111.0,9.6,30.0,39.11,13.4,80.0,7.6
2026-10-07,C,💥 Hittable,,,MIL,Tyler Black,L,Right,Walker Buehler,"FC, SI, FF, SL",10:00 PM,,,,9,22,2.0,23,Whiff,12,0.153,0.222,0.188,0.153,0.0,LOW,,0.192,0.364,14.3,4,87.7,0.0,10.0,5.7,83.9,0.0,31.2,23.2,0.943,0.663,0.121,0.924,1.606,0.0,Wind Out (↖️ NW),78.7,Clear,,,,,,,,,,,,,,43,D,,30,0.75,1.16,849827,672012,621111.0,6.1,40.0,20.16,14.3,90.0,7.0
2026-10-07,C,⚠️ Tough,,,CLE,Angel Martínez,L,Left,Sean Newcomb,"FF, SI, SV",04:00 PM,6.0,LF,,"9,8",21,0.0,35,Whiff,13,0.211,0.0,0.143,0.211,3.4,GOOD,1.0,0.29,0.309,16.4,5,88.8,0.0,20.0,14.3,89.0,6.0,20.9,16.1,0.697,0.11,0.073,0.969,1.027,0.257,Wind Out (⬅️ W),73.1,Sunny,4.0,0.0,0.0,0.0,0.0,0.0,0.0,3.0,59.5,,,,,40,D,,16,1.09,1.27,849833,682657,656794.0,11.9,90.0,27.0,16.4,80.0,7.1
2026-10-07,C,🤔 Average,,,LAD,Alek Thomas,L,Right,Tyler Mahle,"FS, FF, FC, SL",06:00 PM,,,,1,21,1.0,21,Gap,13,0.139,0.1,0.152,0.139,0.0,GOOD,1.0,0.271,0.248,20.2,4,87.7,0.0,40.0,16.2,88.3,0.0,20.4,8.5,0.686,0.298,0.09,0.747,1.119,0.253,Wind In (↘️ SE),80.4,Sunny,,,,,,,,,,,,,,49,C,,27,0.84,1.1,849822,677950,641816.0,10.2,30.0,34.38,20.2,80.0,7.2
2026-10-07,C,⚠️ Tough,,,ATL,Mike Yastrzemski,L,Right,Tyler Glasnow,"FF, CU, SI, SL",06:00 PM,6.0,LF,,"8,9",21,2.0,41,Cold,11,0.155,0.0,0.216,0.155,3.2,LOW,,0.314,0.31,14.2,3,74.0,0.0,25.0,13.1,91.0,2.6,21.4,19.4,0.489,0.124,0.182,0.802,0.853,0.151,Wind In (↘️ SE),80.4,Sunny,1.0,0.0,0.0,0.0,0.0,0.0,1.0,0.0,95.3,,,,,31,F,,14,1.17,1.34,849822,573262,607192.0,1.8,41.7,30.24,14.2,91.7,6.8
2026-10-07,A+,‼️ Elite,,,TB,Kenny Piper,R,Left,Max Fried,"FC, SI, FF, CH",08:00 PM,,,,"7,6,4",21,2.0,40,Whiff,44,0.333,0.333,1.0,0.333,8.4,GOOD,,0.267,0.398,27.3,7,89.8,10.0,30.0,35.8,102.5,25.0,25.0,32.0,0.512,0.0,0.435,0.946,1.815,0.869,Crosswind (↙️ SW),64.0,Clear,,,,,,,,,,,,,,66,B,,13,1.18,1.26,849838,700652,608331.0,15.1,20.0,,27.3,90.0,7.6
2026-10-07,D,🤔 Average,,,NYY,Jazz Chisholm Jr.,L,Right,Nick Martinez,"SI, CH, FC, FF",08:00 PM,9.0,2B,,2,21,0.0,37,Cold,11,0.168,0.0,0.147,0.168,2.6,GOOD,1.0,0.303,0.314,21.8,0,79.3,0.0,0.0,-10.0,89.4,1.6,18.9,12.6,0.818,0.074,0.576,0.797,1.144,0.031,Crosswind (↙️ SW),64.0,Clear,2.0,0.0,0.0,0.0,0.0,0.0,0.0,0.0,98.4,35.5,,,,43,D,,15,1.11,1.12,849838,665862,607259.0,13.6,63.6,35.41,21.8,81.8,7.5
2026-10-07,C,🤔 Average,,,NYY,Ryan McMahon,L,Right,Nick Martinez,"SI, CH, FC, FF",08:00 PM,,,,2,21,0.0,38,Cold,7,0.143,0.0,0.205,0.143,2.2,GOOD,2.0,0.299,0.287,20.7,2,66.5,0.0,10.0,11.8,89.3,4.9,22.2,18.2,0.596,0.088,0.375,0.728,0.983,0.243,Crosswind (↙️ SW),64.0,Clear,,,,,,,,,,,,,,28,F,,15,1.11,1.12,849838,641857,607259.0,2.8,60.0,29.41,20.7,70.0,6.4
2026-10-07,B,🤔 Average,,,NYY,Max Schuemann,R,Right,Nick Martinez,"SI, CH, FC, FF",08:00 PM,,,,2,21,2.0,32,Gap,15,0.163,0.1,0.174,0.163,1.1,LOW,,0.313,0.318,13.5,4,88.5,0.0,20.0,23.0,88.2,6.7,20.0,24.0,0.26,0.148,0.395,0.634,0.577,0.182,Crosswind (↙️ SW),64.0,Clear,,,,,,,,,,,,,,49,C,,15,1.11,1.12,849838,680474,607259.0,14.5,60.0,37.86,13.5,80.0,7.3
2026-10-07,D,🤔 Average,,,CWS,Sam Antonacci,L,Right,Daniel Espino,"FF, SL, CU",04:00 PM,1.0,DH,YES,"3,1",20,1.0,33,Gap,9,0.116,0.083,0.193,0.116,1.2,LOW,,0.346,0.336,9.6,2,90.9,0.0,21.4,11.0,89.3,2.7,23.3,15.1,0.837,0.262,0.582,0.547,1.354,0.292,Wind Out (⬅️ W),73.1,Sunny,2.0,1.0,0.0,1.0,1.0,1.0,1.0,1.0,92.2,,,,,61,B,,23,0.93,1.26,849833,803011,682982.0,11.9,50.0,20.06,9.6,85.7,7.0
2026-10-07,D,🤔 Average,,,LAD,Santiago Espinal,R,Right,Tyler Mahle,"FS, FF, FC, SL",06:00 PM,,,,1,20,0.0,27,Cold,8,0.107,0.0,0.125,0.107,1.9,LOW,,0.288,0.281,7.3,0,86.3,0.0,0.0,17.4,78.1,0.0,5.9,4.3,1.147,0.182,0.0,0.357,1.329,0.0,Wind In (↘️ SE),80.4,Sunny,,,,,,,,,,,,,,78,A,,27,0.84,1.1,849822,669289,641816.0,9.8,20.0,23.14,7.3,100.0,7.6
2026-10-07,D,💥 Hittable,,,MIL,Andrew Vaughn,R,Right,Walker Buehler,"FC, SI, FF, SL",10:00 PM,,,,9,20,0.0,27,,11,0.139,0.0,0.129,0.139,1.2,LOW,,0.34,0.367,9.6,0,91.3,0.0,10.0,14.1,91.7,1.4,17.5,12.1,0.697,0.075,0.384,0.514,0.936,0.149,Wind Out (↖️ NW),78.7,Clear,,,,,,,,,,,,,,47,C,,30,0.75,1.16,849827,683734,621111.0,5.3,60.0,18.85,9.6,70.0,6.7
2026-10-07,D,💥 Hittable,,,MIL,Luis Matos,R,Right,Walker Buehler,"FC, SI, FF, SL",10:00 PM,,,,9,20,0.0,34,Cold,2,0.0,0.0,0.0,0.0,0.0,LOW,,0.135,0.241,9.1,0,84.1,0.0,0.0,18.4,81.3,0.0,0.0,49.3,0.707,0.0,0.0,0.522,0.707,0.0,Wind Out (↖️ NW),78.7,Clear,,,,,,,,,,,,,,47,C,,30,0.75,1.16,849827,682641,621111.0,8.3,80.0,29.5,9.1,70.0,7.4
2026-10-07,D,,YES,,SD,Fernando Tatis Jr.,R,?,Unknown (nan),---,10:00 PM,1.0,2B,,,20,1.0,34,Whiff,29,0.176,0.143,,0.176,0.0,GOOD,,0.38,0.364,12.1,1,85.1,13.6,13.6,-14.5,,,,,0.595,0.0,0.199,1.19,1.19,0.397,Wind Out (↖️ NW),78.7,Clear,3.0,1.0,1.0,1.0,4.0,1.0,1.0,0.0,97.2,33.7,,,,41,D,,26,0.86,1.23,849827,665487,,4.5,54.5,26.51,12.1,86.4,7.0
2026-10-07,D,⚠️ Tough,,,CLE,Nathaniel Lowe,L,Left,Sean Newcomb,"FF, SI, SV",04:00 PM,5.0,1B,,"9,8",19,0.0,31,Gap,12,0.187,0.111,0.0,0.187,3.3,GOOD,,0.33,0.331,17.1,1,92.4,0.0,10.0,-9.3,90.0,0.0,10.7,-2.0,0.572,0.123,0.286,0.409,0.695,0.735,Wind Out (⬅️ W),73.1,Sunny,2.0,0.0,0.0,1.0,0.0,0.0,3.0,0.0,88.7,7.5,,,,43,D,,16,1.09,1.27,849833,663993,656794.0,6.0,40.0,22.25,17.1,90.0,7.3
2026-10-07,C,🤔 Average,,,CWS,Kyle Teel,L,Right,Daniel Espino,"FF, SL, CU",04:00 PM,4.0,C,,"3,1",19,1.0,36,Cold,13,0.151,0.0,0.123,0.151,3.0,GOOD,,0.326,0.307,22.8,2,90.8,5.6,11.1,13.4,84.9,3.0,22.4,18.7,0.622,0.037,0.402,1.426,0.878,0.256,Wind Out (⬅️ W),73.1,Sunny,4.0,1.0,0.0,0.0,2.0,1.0,0.0,2.0,99.3,17.0,,,,49,C,,23,0.93,1.26,849833,691019,682982.0,11.9,27.8,23.25,22.8,83.3,6.7
2026-10-07,C,‼️ Elite,,,TB,Carson Williams,R,Left,Max Fried,"FC, SI, FF, CH",08:00 PM,,,,"7,6,4",19,2.0,34,Gap,23,0.12,0.3,0.0,0.12,3.0,GOOD,,0.234,0.181,25.0,2,86.9,10.0,40.0,39.9,84.9,0.0,16.7,18.1,0.095,0.0,0.148,0.78,0.381,0.286,Crosswind (↙️ SW),64.0,Clear,,,,,,,,,,,,,,43,D,,13,1.18,1.26,849838,700246,608331.0,17.8,70.0,29.96,25.0,100.0,7.7
2026-10-07,C,💥 Hittable,,,MIL,Luis Lara,L,Right,Walker Buehler,"FC, SI, FF, SL",10:00 PM,,,,9,19,1.0,20,Contact,10,0.079,0.0,0.046,0.079,0.5,GOOD,,0.306,0.284,9.2,2,93.1,0.0,10.0,-1.0,88.0,3.0,10.0,5.4,0.732,0.096,0.548,0.515,0.828,0.25,Wind Out (↖️ NW),78.7,Clear,,,,,,,,,,,,,,35,D,,30,0.75,1.16,849827,800325,621111.0,-1.9,40.0,33.19,9.2,70.0,6.7
2026-10-07,D,⚠️ Tough,,,CLE,Petey Halpin,L,Left,Sean Newcomb,"FF, SI, SV",04:00 PM,6.0,CF,,"9,8",18,1.0,25,Cold,8,0.101,0.0,0.143,0.101,1.3,LOW,,0.298,0.257,14.4,0,81.1,0.0,20.0,17.4,73.7,4.2,12.5,11.9,0.464,0.0,0.362,0.575,0.7,0.338,Wind Out (⬅️ W),73.1,Sunny,0.0,0.0,0.0,1.0,0.0,0.0,1.0,0.0,81.9,18.8,,,,43,D,,16,1.09,1.27,849833,690984,656794.0,9.0,40.0,28.54,14.4,70.0,7.0
2026-10-07,C,⚠️ Tough,,,CLE,Cooper Ingle,L,Left,Sean Newcomb,"FF, SI, SV",04:00 PM,,,,"9,8",18,0.0,28,Cold,2,0.0,0.0,0.0,0.0,0.0,LOW,,0.184,0.161,29.2,2,87.2,0.0,10.0,8.2,93.2,0.0,0.0,-3.0,0.323,0.0,0.608,1.613,0.323,0.0,Wind Out (⬅️ W),73.1,Sunny,,,,,,,,,,,,,,40,D,,16,1.09,1.27,849833,694876,656794.0,11.9,40.0,24.68,29.2,90.0,6.6
2026-10-07,C,🤔 Average,,,CWS,Edgar Quero,L,Right,Daniel Espino,"FF, SL, CU",04:00 PM,,,,"3,1",18,0.0,22,Contact,8,0.053,0.0,0.019,0.053,1.6,GOOD,,0.285,0.245,12.2,2,93.6,0.0,0.0,12.2,91.9,1.6,17.7,11.1,0.613,0.035,0.625,0.705,0.648,0.15,Wind Out (⬅️ W),73.1,Sunny,,,,,,,,,,,,,,64,B,,23,0.93,1.26,849833,700337,682982.0,6.0,20.0,28.69,12.2,80.0,6.8
2026-10-07,C,🤔 Average,,,CWS,Tristan Peters,L,Right,Daniel Espino,"FF, SL, CU",04:00 PM,6.0,CF,,"3,1",18,1.0,32,Cold,19,0.172,0.0,0.216,0.172,2.5,GOOD,,0.311,0.34,12.2,4,83.0,0.0,23.1,21.6,86.1,3.6,22.3,20.9,0.743,0.173,0.299,0.695,1.147,0.184,Wind Out (⬅️ W),73.1,Sunny,4.0,1.0,0.0,0.0,2.0,1.0,0.0,3.0,92.6,20.0,,,,34,D,,23,0.93,1.26,849833,671976,682982.0,10.2,69.2,38.28,12.2,61.5,6.6
2026-10-07,D,🤔 Average,,,CWS,Drew Romo,L,Right,Daniel Espino,"FF, SL, CU",04:00 PM,,,,"3,1",18,2.0,38,Cold,10,0.15,0.143,0.173,0.15,2.9,GOOD,,0.266,0.246,17.2,2,83.9,0.0,0.0,-0.3,84.9,3.5,21.2,22.9,0.458,0.145,0.619,0.589,0.917,0.13,Wind Out (⬅️ W),73.1,Sunny,,,,,,,,,,,,,,38,D,,23,0.93,1.26,849833,691011,682982.0,10.1,30.0,35.03,17.2,60.0,7.0
2026-10-07,D,🤔 Average,,,LAD,Miguel Rojas,R,Right,Tyler Mahle,"FS, FF, FC, SL",06:00 PM,,,,1,18,0.0,23,Gap,8,0.123,0.111,0.05,0.123,1.1,LOW,,0.315,0.314,6.6,1,92.7,0.0,10.0,12.9,84.2,0.0,22.9,18.3,0.612,0.154,0.222,0.342,0.766,0.087,Wind In (↘️ SE),80.4,Sunny,,,,,,,,,,,,,,51,C,,27,0.84,1.1,849822,500743,641816.0,4.4,40.0,25.99,6.6,90.0,6.9
2026-10-07,C,⚠️ Tough,,,ATL,Dominic Smith,L,Right,Tyler Glasnow,"FF, CU, SI, SL",06:00 PM,,,,"8,9",18,1.0,33,Cold,9,0.13,0.0,0.086,0.13,2.0,GOOD,1.0,0.306,0.296,10.2,3,87.3,0.0,0.0,14.4,90.1,0.6,20.1,14.0,0.671,0.034,0.256,0.696,0.808,0.034,Wind In (↘️ SE),80.4,Sunny,,,,,,,,,,,,,,56,B,,14,1.17,1.34,849822,642086,607192.0,6.8,30.0,14.19,10.2,80.0,6.8
2026-10-07,C,‼️ Elite,YES,,TB,Ryan Vilade,R,Left,Max Fried,"FC, SI, FF, CH",08:00 PM,5.0,RF,,"7,6,4",18,0.0,36,Cold,12,0.184,0.0,0.243,0.184,2.9,LOW,,0.318,0.325,14.4,4,77.4,0.0,0.0,16.4,90.2,3.0,23.5,22.5,0.752,0.09,0.225,0.739,1.172,0.288,Crosswind (↙️ SW),64.0,Clear,2.0,1.0,1.0,1.0,4.0,1.0,0.0,0.0,96.2,34.0,,,,38,D,,13,1.18,1.26,849838,668723,608331.0,2.3,40.0,22.97,14.4,80.0,7.5
2026-10-07,D,🤔 Average,,,NYY,Amed Rosario,R,Right,Nick Martinez,"SI, CH, FC, FF",08:00 PM,,,,2,18,0.0,37,Cold,11,0.167,0.0,0.103,0.167,2.6,LOW,,0.31,0.288,17.2,0,86.8,0.0,20.0,10.1,88.9,0.0,16.7,6.7,0.697,0.044,0.188,0.641,0.873,0.1,Crosswind (↙️ SW),64.0,Clear,,,,,,,,,,,,,,38,D,,15,1.11,1.12,849838,642708,607259.0,7.0,50.0,30.2,17.2,90.0,7.1
2026-10-07,C,🤔 Average,,,NYY,Paul Goldschmidt,R,Right,Nick Martinez,"SI, CH, FC, FF",08:00 PM,3.0,1B,,2,18,1.0,30,,17,0.2,0.0,0.153,0.2,3.3,GOOD,1.0,0.323,0.332,15.4,1,87.6,0.0,40.0,31.1,86.8,2.3,22.0,14.9,0.459,0.071,0.357,0.671,0.795,0.053,Crosswind (↙️ SW),64.0,Clear,1.0,0.0,0.0,0.0,0.0,0.0,0.0,0.0,92.8,,,,,43,D,,15,1.11,1.12,849838,502671,607259.0,13.6,70.0,25.12,15.4,70.0,7.8
2026-10-07,C,🤔 Average,,,NYY,José Caballero,R,Right,Nick Martinez,"SI, CH, FC, FF",08:00 PM,9.0,3B,,2,18,0.0,31,Cold,7,0.134,0.0,0.139,0.134,3.8,LOW,,0.275,0.291,15.5,3,76.2,0.0,10.0,10.5,81.0,2.3,13.6,10.2,0.482,0.0,0.507,0.923,0.755,0.104,Crosswind (↙️ SW),64.0,Clear,2.0,0.0,0.0,0.0,0.0,0.0,0.0,1.0,62.7,,,,,40,D,,15,1.11,1.12,849838,676609,607259.0,8.9,80.0,24.52,15.5,90.0,6.2
2026-10-07,D,💥 Hittable,,,MIL,Joey Ortiz,R,Right,Walker Buehler,"FC, SI, FF, SL",10:00 PM,9.0,3B,YES,9,18,0.0,29,Cold,9,0.132,0.0,0.094,0.132,2.0,LOW,,0.29,0.324,13.9,0,81.7,0.0,10.0,3.3,87.3,2.6,14.8,4.1,0.831,0.092,0.329,0.577,1.015,0.161,Wind Out (↖️ NW),78.7,Clear,4.0,0.0,0.0,0.0,0.0,0.0,0.0,1.0,100.9,,,,,40,D,,30,0.75,1.16,849827,687401,621111.0,6.1,60.0,34.36,13.9,80.0,6.7
2026-10-07,D,💥 Hittable,,,MIL,Cooper Pratt,R,Right,Walker Buehler,"FC, SI, FF, SL",10:00 PM,6.0,SS,,9,18,0.0,22,Worm,7,0.088,0.0,0.071,0.088,0.8,LOW,,0.301,0.313,14.4,0,88.3,0.0,9.1,-7.7,87.9,0.7,13.0,6.4,1.017,0.065,0.293,0.526,1.164,0.163,Wind Out (↖️ NW),78.7,Clear,4.0,1.0,0.0,0.0,2.0,0.0,0.0,0.0,92.3,18.8,,,,39,D,,30,0.75,1.16,849827,806198,621111.0,2.9,54.5,29.17,14.4,90.9,6.7
2026-10-07,D,🤔 Average,,,CWS,Braden Montgomery,L,Right,Daniel Espino,"FF, SL, CU",04:00 PM,7.0,RF,,"3,1",17,0.0,24,Cold,8,0.119,0.067,0.129,0.119,1.3,LOW,,0.315,0.294,16.1,0,88.2,0.0,13.3,2.7,91.5,1.7,13.3,1.8,0.985,0.221,0.407,0.833,1.356,0.356,Wind Out (⬅️ W),73.1,Sunny,3.0,0.0,0.0,1.0,0.0,0.0,1.0,2.0,93.4,1.0,,,,36,D,,23,0.93,1.26,849833,695731,682982.0,10.4,53.3,34.03,16.1,80.0,6.9
2026-10-07,C,🤔 Average,,,LAD,Hyeseong Kim,L,Right,Tyler Mahle,"FS, FF, FC, SL",06:00 PM,5.0,2B,,1,17,0.0,15,,11,0.069,0.0,0.073,0.069,0.8,LOW,,0.288,0.279,21.2,1,95.7,0.0,10.0,3.6,85.9,2.1,12.5,13.4,0.791,0.043,0.373,0.66,0.922,0.0,Wind In (↘️ SE),80.4,Sunny,0.0,0.0,0.0,0.0,0.0,0.0,0.0,0.0,85.9,8.7,,,,45,C,,27,0.84,1.1,849822,808975,641816.0,8.0,50.0,19.58,21.2,80.0,7.1
2026-10-07,C,‼️ Elite,,,TB,Nick Fortes,R,Left,Max Fried,"FC, SI, FF, CH",08:00 PM,,,,"7,6,4",17,1.0,30,Cold,24,0.128,0.3,0.1,0.128,1.9,GOOD,1.0,0.277,0.298,10.6,3,72.2,10.0,10.0,-22.2,83.3,1.5,13.6,6.9,0.577,0.144,0.128,0.871,1.109,0.209,Crosswind (↙️ SW),64.0,Clear,,,,,,,,,,,,,,33,D,,13,1.18,1.26,849838,663743,608331.0,2.5,70.0,25.26,10.6,70.0,7.6
2026-10-07,B,‼️ Elite,,,TB,Jorge Mateo,R,Left,Max Fried,"FC, SI, FF, CH",08:00 PM,,,,"7,6,4",17,1.0,30,Cold,20,0.11,0.1,0.113,0.11,0.5,LOW,,0.26,0.232,23.8,5,83.4,10.0,30.0,18.4,86.2,0.0,27.3,16.3,0.594,0.128,0.113,0.65,0.89,0.028,Crosswind (↙️ SW),64.0,Clear,,,,,,,,,,,,,,41,D,,13,1.18,1.26,849838,622761,608331.0,6.7,40.0,24.37,23.8,100.0,8.0
2026-10-07,D,💥 Hittable,,,MIL,Sal Frelick,L,Right,Walker Buehler,"FC, SI, FF, SL",10:00 PM,7.0,RF,,9,17,0.0,18,Worm,7,0.088,0.0,0.071,0.088,0.5,LOW,,0.276,0.272,5.1,0,88.2,0.0,0.0,3.5,86.0,1.4,19.5,14.0,0.727,0.111,0.494,0.244,0.871,0.17,Wind Out (↖️ NW),78.7,Clear,3.0,1.0,0.0,1.0,1.0,1.0,0.0,1.0,94.1,12.7,,,,52,C,,30,0.75,1.16,849827,686217,621111.0,4.9,40.0,26.62,5.1,80.0,7.1
2026-10-07,B,🤔 Average,,,LAD,Eliezer Alfonzo,L,Right,Tyler Mahle,"FS, FF, FC, SL",06:00 PM,,,,1,16,2.0,22,Contact,9,0.071,0.0,0.222,0.071,0.0,LOW,,0.225,0.185,7.1,5,96.6,0.0,20.0,3.9,86.0,0.0,33.3,23.4,0.419,0.337,0.0,0.419,0.756,0.163,Wind In (↘️ SE),80.4,Sunny,,,,,,,,,,,,,,60,B,,27,0.84,1.1,849822,672613,641816.0,6.6,30.0,28.99,7.1,100.0,7.1
2026-10-07,C,⚠️ Tough,,,ATL,Ronald Acuña Jr.,R,Right,Tyler Glasnow,"FF, CU, SI, SL",06:00 PM,2.0,RF,,"8,9",16,0.0,46,Contact,14,0.196,0.0,0.218,0.196,4.1,GOOD,2.0,0.366,0.35,16.1,3,91.7,3.8,7.7,7.8,90.7,6.7,19.7,16.3,0.891,0.089,0.601,0.733,1.439,0.242,Wind In (↘️ SE),80.4,Sunny,3.0,0.0,0.0,0.0,0.0,0.0,1.0,2.0,92.0,,,,,44,C,,14,1.17,1.34,849822,660670,607192.0,8.4,30.8,24.83,16.1,69.2,7.6
2026-10-07,D,⚠️ Tough,,,ATL,Austin Riley,R,Right,Tyler Glasnow,"FF, CU, SI, SL",06:00 PM,8.0,3B,YES,"8,9",16,1.0,39,Cold,19,0.147,0.158,0.144,0.147,2.7,LOW,1.0,0.301,0.29,21.8,0,86.2,4.2,12.5,8.3,91.1,4.0,20.8,20.3,0.615,0.076,0.526,1.067,1.119,0.292,Wind In (↘️ SE),80.4,Sunny,3.0,0.0,0.0,0.0,0.0,0.0,1.0,1.0,93.7,19.0,,,,42,D,,14,1.17,1.34,849822,663586,607192.0,11.0,45.8,25.34,21.8,79.2,7.5
2026-10-07,C,‼️ Elite,,,TB,Liam Hicks,L,Left,Max Fried,"FC, SI, FF, CH",08:00 PM,6.0,C,YES,"7,6,4",16,0.0,45,Cold,26,0.156,0.25,0.016,0.156,2.5,GOOD,,0.329,0.362,6.1,1,82.1,10.0,20.0,13.9,79.8,0.0,8.5,0.6,0.7,0.308,0.457,0.285,1.008,0.243,Crosswind (↙️ SW),64.0,Clear,4.0,0.0,0.0,0.0,0.0,0.0,0.0,2.0,96.0,,,,,73,A,,13,1.18,1.26,849838,689414,608331.0,3.0,10.0,25.69,6.1,90.0,6.7
2026-10-07,D,,,,SD,Jackson Merrill,L,?,Unknown (nan),---,10:00 PM,2.0,CF,,,16,2.0,22,Whiff,18,0.186,0.0,,0.186,0.0,LOW,,0.338,0.325,18.9,0,89.4,4.8,19.0,17.4,,,,,1.192,0.0,0.199,1.391,1.192,0.397,Wind Out (↖️ NW),78.7,Clear,4.0,1.0,0.0,0.0,1.0,0.0,0.0,1.0,89.8,12.3,,,,37,D,,26,0.86,1.23,849827,701538,,11.2,38.1,28.69,18.9,100.0,7.5
2026-10-07,C,,,,SD,Jake Cronenworth,L,?,Unknown (nan),---,10:00 PM,8.0,2B,,,16,2.0,18,Cold,30,0.106,0.2,,0.106,0.0,LOW,,0.263,0.286,17.5,2,79.7,5.9,23.5,12.9,,,,,0.682,0.0,0.227,0.682,1.364,0.455,Wind Out (↖️ NW),78.7,Clear,2.0,0.0,0.0,0.0,0.0,0.0,0.0,1.0,84.0,,,,,37,D,,26,0.86,1.23,849827,630105,,3.6,47.1,24.56,17.5,76.5,6.4
2026-10-07,C,⚠️ Tough,,,CLE,Kahlil Watson,L,Left,Sean Newcomb,"FF, SI, SV",04:00 PM,,,,"9,8",15,0.0,21,Whiff,8,0.108,0.2,0.1,0.108,0.0,LOW,,0.243,0.266,25.3,3,88.6,0.0,10.0,-0.5,88.9,10.0,20.0,2.2,1.05,0.473,0.0,0.945,1.522,0.0,Wind Out (⬅️ W),73.1,Sunny,,,,,,,,,,,,,,41,D,,16,1.09,1.27,849833,696135,656794.0,11.3,50.0,21.96,25.3,80.0,7.5
2026-10-07,B,🤔 Average,,,NYY,J.C. Escarra,L,Right,Nick Martinez,"SI, CH, FC, FF",08:00 PM,,,,2,15,1.0,13,Contact,16,0.082,0.0,0.114,0.082,0.0,LOW,,0.275,0.236,17.4,5,87.9,0.0,60.0,13.4,86.3,0.0,21.3,14.6,0.557,0.133,0.133,0.133,0.779,0.0,Crosswind (↙️ SW),64.0,Clear,,,,,,,,,,,,,,42,D,,15,1.11,1.12,849838,641555,607259.0,8.5,30.0,46.88,17.4,90.0,7.1
2026-10-07,B,💥 Hittable,,,MIL,Jonathan Ornelas,R,Right,Walker Buehler,"FC, SI, FF, SL",10:00 PM,,,,9,15,0.0,10,Whiff,12,0.0,0.0,0.0,0.0,0.0,LOW,,0.174,0.192,31.8,5,94.7,0.0,20.0,12.2,,0.0,0.0,,0.163,0.0,0.0,1.925,0.163,0.082,Wind Out (↖️ NW),78.7,Clear,,,,,,,,,,,,,,33,D,,30,0.75,1.16,849827,680716,621111.0,9.9,60.0,42.12,31.8,90.0,6.9
2026-10-07,C,🤔 Average,,,LAD,Hunter Feduccia,L,Right,Tyler Mahle,"FS, FF, FC, SL",06:00 PM,,,,1,14,0.0,16,Cold,10,0.092,0.0,0.12,0.092,0.8,LOW,,0.302,0.27,15.5,1,87.4,0.0,40.0,10.5,91.3,3.7,20.6,15.3,0.43,0.086,0.357,0.495,0.619,0.086,Wind In (↘️ SE),80.4,Sunny,,,,,,,,,,,,,,47,C,,27,0.84,1.1,849822,676439,641816.0,5.3,30.0,33.62,15.5,80.0,6.7
2026-10-07,D,⚠️ Tough,,,CLE,Steven Kwan,L,Left,Sean Newcomb,"FF, SI, SV",04:00 PM,1.0,LF,,"9,8",13,0.0,19,Cold,4,0.067,0.0,0.02,0.067,0.3,LOW,,0.329,0.328,3.7,1,81.9,0.0,0.0,-2.6,82.1,0.0,12.1,10.9,0.945,0.042,0.749,0.235,0.987,0.0,Wind Out (⬅️ W),73.1,Sunny,6.0,1.0,0.0,1.0,1.0,1.0,0.0,1.0,75.9,6.4,,,,35,D,,16,1.09,1.27,849833,680757,656794.0,-1.2,50.0,30.94,3.7,70.0,5.7
2026-10-07,C,‼️ Elite,,,TB,Jake Fraley,L,Left,Max Fried,"FC, SI, FF, CH",08:00 PM,,,,"7,6,4",13,0.0,30,Cold,8,0.148,0.0,0.143,0.148,1.1,LOW,,0.233,0.298,15.4,5,83.4,0.0,0.0,15.5,74.0,0.0,0.0,3.4,0.852,0.284,0.107,1.103,1.135,0.0,Crosswind (↙️ SW),64.0,Clear,,,,,,,,,,,,,,43,D,,13,1.18,1.26,849838,641584,608331.0,7.5,40.0,17.65,15.4,100.0,6.9
2026-10-07,C,‼️ Elite,,,TB,Cedric Mullins,L,Left,Max Fried,"FC, SI, FF, CH",08:00 PM,5.0,CF,,"7,6,4",13,0.0,37,,12,0.139,0.0,0.065,0.139,2.5,GOOD,1.0,0.272,0.281,13.9,3,95.4,0.0,10.0,14.0,79.3,1.3,19.2,18.0,0.9,0.063,0.409,0.805,1.026,0.264,Crosswind (↙️ SW),64.0,Clear,2.0,0.0,0.0,0.0,0.0,0.0,0.0,0.0,98.4,,,,,37,D,,13,1.18,1.26,849838,656775,608331.0,10.7,70.0,28.53,13.9,70.0,7.3
2026-10-07,B,🤔 Average,,,NYY,Anthony Volpe,R,Right,Nick Martinez,"SI, CH, FC, FF",08:00 PM,7.0,3B,,2,13,0.0,22,Cold,13,0.092,0.111,0.109,0.092,0.8,LOW,,0.293,0.295,17.0,2,80.9,10.0,30.0,8.8,89.1,2.6,11.5,12.0,1.045,0.253,0.402,0.748,1.391,0.507,Crosswind (↙️ SW),64.0,Clear,4.0,2.0,0.0,1.0,3.0,1.0,0.0,2.0,97.3,23.5,,,,40,D,,15,1.11,1.12,849838,683011,607259.0,5.7,40.0,41.25,17.0,100.0,6.2
2026-10-07,D,🤔 Average,,,LAD,Ben Rortvedt,L,Right,Tyler Mahle,"FS, FF, FC, SL",06:00 PM,,,,1,12,0.0,12,Cold,0,0.0,0.0,0.0,0.0,0.0,LOW,,0.214,0.158,25.0,1,79.5,0.0,20.0,0.8,65.0,0.0,37.5,-0.8,0.162,0.0,0.0,0.89,0.162,0.0,Wind In (↘️ SE),80.4,Sunny,,,,,,,,,,,,,,35,D,,27,0.84,1.1,849822,666163,641816.0,11.7,40.0,38.33,25.0,80.0,5.9
2026-10-07,D,⚠️ Tough,,,ATL,José Azocar,R,Right,Tyler Glasnow,"FF, CU, SI, SL",06:00 PM,,,,"8,9",12,0.0,34,Cold,11,0.124,0.222,0.0,0.124,0.0,LOW,,0.294,0.376,16.7,0,80.3,0.0,10.0,0.6,62.3,0.0,0.0,-10.0,1.323,0.162,0.581,0.162,1.485,0.0,Wind In (↘️ SE),80.4,Sunny,,,,,,,,,,,,,,16,F,,14,1.17,1.34,849822,640492,607192.0,-2.4,60.0,32.58,16.7,60.0,6.5
2026-10-07,D,⚠️ Tough,,,ATL,DaShawn Keirsey Jr.,L,Right,Tyler Glasnow,"FF, CU, SI, SL",06:00 PM,,,,"8,9",12,0.0,30,Whiff,0,0.0,0.0,0.0,0.0,0.0,LOW,,,,,0,84.8,0.0,20.0,-1.3,86.8,0.0,50.0,28.0,0.76,0.0,0.0,1.52,0.76,0.76,Wind In (↘️ SE),80.4,Sunny,,,,,,,,,,,,,,38,D,,14,1.17,1.34,849822,680577,607192.0,3.7,60.0,,,80.0,6.7
2026-10-07,D,‼️ Elite,,,TB,Ben Williamson,R,Left,Max Fried,"FC, SI, FF, CH",08:00 PM,,,,"7,6,4",12,0.0,22,Whiff,6,0.08,0.0,0.085,0.08,0.4,LOW,1.0,0.273,0.28,9.7,2,90.0,0.0,10.0,-5.8,87.5,2.0,14.7,4.8,0.54,0.064,0.381,0.731,0.71,0.0,Crosswind (↙️ SW),64.0,Clear,,,,,,,,,,,,,,33,D,,13,1.18,1.26,849838,810938,608331.0,4.0,40.0,35.81,9.7,70.0,7.1
2026-10-07,D,💥 Hittable,,,MIL,Brandon Lockridge,R,Right,Walker Buehler,"FC, SI, FF, SL",10:00 PM,,,,9,12,0.0,14,Cold,6,0.054,0.111,0.079,0.054,0.0,LOW,,0.263,0.319,16.8,0,82.5,0.0,10.0,17.2,79.9,0.0,4.8,-4.2,0.738,0.25,0.298,1.108,0.988,0.0,Wind Out (↖️ NW),78.7,Clear,,,,,,,,,,,,,,32,D,,30,0.75,1.16,849827,663604,621111.0,13.2,80.0,32.59,16.8,70.0,7.5
2026-10-07,D,🤔 Average,,,CWS,Rikuu Nishida,L,Right,Daniel Espino,"FF, SL, CU",04:00 PM,,,,"3,1",11,0.0,13,Cold,2,0.0,0.0,0.0,0.0,0.0,LOW,,0.239,0.206,6.7,1,87.4,0.0,10.0,8.5,80.7,0.0,0.0,-7.7,0.419,0.0,0.0,0.419,0.419,0.0,Wind Out (⬅️ W),73.1,Sunny,,,,,,,,,,,,,,48,C,,23,0.93,1.26,849833,807747,682982.0,8.8,40.0,27.85,6.7,70.0,6.0
2026-10-07,D,⚠️ Tough,,,ATL,Jim Jarvis,L,Right,Tyler Glasnow,"FF, CU, SI, SL",06:00 PM,,,,"8,9",11,0.0,19,,7,0.09,0.0,0.094,0.09,0.9,LOW,,0.259,0.246,11.3,0,92.7,0.0,10.0,2.3,85.5,1.7,15.0,2.0,0.385,0.07,0.401,0.646,0.56,0.0,Wind In (↘️ SE),80.4,Sunny,,,,,,,,,,,,,,45,C,,14,1.17,1.34,849822,805347,607192.0,3.5,40.0,25.33,11.3,80.0,7.1
2026-10-07,D,‼️ Elite,,,TB,Oliver Dunn,L,Left,Max Fried,"FC, SI, FF, CH",08:00 PM,,,,"7,6,4",11,0.0,32,Cold,3,0.0,0.0,0.0,0.0,0.0,LOW,,0.199,0.132,8.3,0,76.9,0.0,0.0,-6.0,64.0,0.0,0.0,-23.3,0.437,0.0,0.0,0.515,0.437,0.0,Crosswind (↙️ SW),64.0,Clear,,,,,,,,,,,,,,35,D,,13,1.18,1.26,849838,686554,608331.0,7.1,50.0,40.72,8.3,60.0,6.9
2026-10-07,D,‼️ Elite,,,TB,Austin Slater,R,Left,Max Fried,"FC, SI, FF, CH",08:00 PM,,,,"7,6,4",11,0.0,16,,4,0.046,0.0,0.027,0.046,0.0,LOW,,0.255,0.287,14.8,0,84.3,0.0,0.0,-15.5,87.0,0.0,18.2,11.6,0.439,0.037,0.402,0.552,0.477,0.0,Crosswind (↙️ SW),64.0,Clear,,,,,,,,,,,,,,62,B,,13,1.18,1.26,849838,596103,608331.0,7.3,20.0,23.78,14.8,90.0,6.8
2026-10-07,C,‼️ Elite,,,TB,Nick Madrigal,R,Left,Max Fried,"FC, SI, FF, CH",08:00 PM,,,,"7,6,4",11,0.0,13,Gap,5,0.042,0.111,0.091,0.042,0.0,LOW,,0.289,0.312,3.2,2,87.4,0.0,20.0,9.3,85.2,0.0,33.3,13.0,0.528,0.296,0.18,0.0,0.823,0.116,Crosswind (↙️ SW),64.0,Clear,,,,,,,,,,,,,,77,A,,13,1.18,1.26,849838,663611,608331.0,7.3,20.0,20.73,3.2,100.0,6.9
2026-10-07,D,🤔 Average,,,LAD,Chuckie Robinson,R,Right,Tyler Mahle,"FS, FF, FC, SL",06:00 PM,,,,1,10,0.0,11,Cold,0,0.0,0.0,0.0,0.0,0.0,LOW,,0.124,0.068,15.4,0,60.7,0.0,10.0,10.9,78.0,0.0,16.7,25.4,0.114,0.0,0.0,0.466,0.114,0.0,Wind In (↘️ SE),80.4,Sunny,,,,,,,,,,,,,,34,D,,27,0.84,1.1,849822,642020,641816.0,-2.2,40.0,45.17,15.4,90.0,5.8
2026-10-07,D,⚠️ Tough,,,ATL,Mauricio Dubón,R,Right,Tyler Glasnow,"FF, CU, SI, SL",06:00 PM,7.0,SS,,"8,9",10,0.0,26,Cold,8,0.111,0.043,0.092,0.111,1.5,LOW,1.0,0.304,0.309,8.9,0,87.2,0.0,20.0,14.2,86.5,1.9,18.4,16.3,0.949,0.125,0.329,0.78,1.221,0.135,Wind In (↘️ SE),80.4,Sunny,3.0,0.0,0.0,0.0,0.0,0.0,1.0,0.0,88.8,32.7,,,,38,D,,14,1.17,1.34,849822,643289,607192.0,4.8,76.0,27.8,8.9,68.0,7.5
2026-10-07,D,🤔 Average,,,NYY,Ali Sánchez,R,Right,Nick Martinez,"SI, CH, FC, FF",08:00 PM,6.0,C,,2,10,0.0,14,Contact,6,0.058,0.0,0.0,0.058,0.0,LOW,,0.254,0.255,19.6,4,87.1,0.0,0.0,19.1,86.1,2.9,14.7,15.8,0.508,0.0,0.211,0.305,0.508,0.044,Crosswind (↙️ SW),64.0,Clear,0.0,0.0,0.0,0.0,0.0,0.0,0.0,0.0,82.0,17.6,,,,36,D,,15,1.11,1.12,849838,645305,607259.0,13.2,40.0,29.18,19.6,70.0,7.3
2026-10-07,C,⚠️ Tough,,,ATL,Kyle Farmer,R,Right,Tyler Glasnow,"FF, CU, SI, SL",06:00 PM,,,,"8,9",9,0.0,25,Cold,8,0.056,0.0,0.0,0.056,0.0,LOW,,0.203,0.179,23.5,2,81.9,10.0,10.0,-3.3,82.2,33.3,33.3,13.5,0.096,0.0,0.0,0.977,0.096,0.0,Wind In (↘️ SE),80.4,Sunny,,,,,,,,,,,,,,33,D,,14,1.17,1.34,849822,571657,607192.0,9.9,50.0,32.51,23.5,100.0,6.8
2026-10-07,D,⚠️ Tough,,,ATL,Sandy León,L,Right,Tyler Glasnow,"FF, CU, SI, SL",06:00 PM,,,,"8,9",9,0.0,14,Cold,2,0.0,0.0,0.0,0.0,0.0,LOW,,0.146,0.088,20.0,3,81.8,0.0,0.0,1.0,86.6,0.0,17.6,20.6,0.33,0.0,0.0,1.003,0.33,0.0,Wind In (↘️ SE),80.4,Sunny,,,,,,,,,,,,,,43,D,,14,1.17,1.34,849822,506702,607192.0,14.3,30.0,33.3,20.0,100.0,6.8
2026-10-07,D,‼️ Elite,,,TB,Richie Palacios,L,Left,Max Fried,"FC, SI, FF, CH",08:00 PM,8.0,2B,,"7,6,4",9,0.0,25,Cold,11,0.137,0.1,0.024,0.137,2.0,LOW,,0.296,0.306,11.0,0,80.3,0.0,10.0,12.3,82.7,0.0,6.4,8.6,0.556,0.163,0.23,0.578,0.719,0.372,Crosswind (↙️ SW),64.0,Clear,3.0,0.0,0.0,0.0,0.0,0.0,0.0,2.0,77.7,57.0,,,,47,C,,13,1.18,1.26,849838,680700,608331.0,5.9,60.0,34.43,11.0,90.0,7.1
2026-10-07,D,‼️ Elite,YES,,TB,Victor Mesa Jr.,L,Left,Max Fried,"FC, SI, FF, CH",08:00 PM,4.0,LF,YES,"7,6,4",9,0.0,23,Cold,15,0.238,0.0,0.119,0.238,4.0,LOW,,0.316,0.347,16.4,0,83.1,0.0,10.0,1.6,83.9,2.1,10.4,9.2,0.903,0.097,0.368,0.745,1.146,0.146,Crosswind (↙️ SW),64.0,Clear,4.0,1.0,1.0,1.0,4.0,2.0,0.0,2.0,97.6,45.5,,,,34,D,,13,1.18,1.26,849838,683748,608331.0,7.9,70.0,29.73,16.4,90.0,8.0
2026-10-07,D,🤔 Average,,,CWS,Reese McGuire,L,Right,Daniel Espino,"FF, SL, CU",04:00 PM,,,,"3,1",8,0.0,9,Cold,3,0.0,0.0,0.0,0.0,0.0,LOW,,0.195,0.194,22.7,2,72.8,0.0,10.0,15.9,79.8,0.0,20.0,21.9,0.47,0.0,0.1,0.569,0.47,0.0,Wind Out (⬅️ W),73.1,Sunny,,,,,,,,,,,,,,40,D,,23,0.93,1.26,849833,624512,682982.0,5.7,40.0,24.46,22.7,80.0,7.1
2026-10-07,D,,,,SD,Freddy Fermin,R,?,Unknown (nan),---,10:00 PM,,,,,8,0.0,14,Cold,8,0.111,0.1,,0.111,0.0,LOW,,0.277,0.255,14.5,0,83.5,0.0,0.0,9.5,,,,,0.96,0.32,0.0,0.64,1.28,1.28,Wind Out (↖️ NW),78.7,Clear,,,,,,,,,,,,,,46,C,,26,0.86,1.23,849827,666023,,10.2,50.0,27.63,14.5,90.0,7.4
2026-10-07,D,‼️ Elite,,,TB,Taylor Walls,L,Left,Max Fried,"FC, SI, FF, CH",08:00 PM,9.0,SS,,"7,6,4",6,0.0,13,Cold,4,0.076,0.0,0.071,0.076,0.4,LOW,,0.25,0.269,14.7,1,82.3,0.0,20.0,19.7,80.9,0.0,20.3,19.9,0.47,0.094,0.188,0.988,0.62,0.113,Crosswind (↙️ SW),64.0,Clear,3.0,1.0,0.0,0.0,1.0,0.0,0.0,0.0,84.9,5.3,,,,38,D,,13,1.18,1.26,849838,670764,608331.0,11.5,60.0,38.09,14.7,90.0,6.8
2026-10-07,D,⚠️ Tough,,,ATL,Ha-Seong Kim,R,Right,Tyler Glasnow,"FF, CU, SI, SL",06:00 PM,,,,"8,9",5,0.0,8,Cold,3,0.023,0.0,0.019,0.023,0.0,LOW,,0.214,0.178,15.9,0,64.9,0.0,10.0,44.5,82.1,1.6,13.1,19.4,0.235,0.034,0.598,0.766,0.268,0.067,Wind In (↘️ SE),80.4,Sunny,,,,,,,,,,,,,,8,F,,14,1.17,1.34,849822,673490,607192.0,-1.3,60.0,32.33,15.9,50.0,6.5
2026-10-07,C,⚠️ Tough,,,ATL,Brewer Hicklen,R,Right,Tyler Glasnow,"FF, CU, SI, SL",06:00 PM,,,,"8,9",5,0.0,7,Cold,10,0.128,0.0,0.125,0.128,0.0,LOW,,0.29,0.341,27.1,2,85.0,0.0,20.0,16.4,85.8,3.7,7.4,1.6,0.61,0.217,0.322,0.86,0.827,0.0,Wind In (↘️ SE),80.4,Sunny,,,,,,,,,,,,,,42,D,,14,1.17,1.34,849822,676551,607192.0,13.3,40.0,36.78,27.1,90.0,7.8
2026-10-07,D,‼️ Elite,,,TB,Chandler Simpson,L,Left,Max Fried,"FC, SI, FF, CH",08:00 PM,,,,"7,6,4",5,0.0,11,Cold,5,0.049,0.0,0.048,0.049,0.0,LOW,,0.252,0.299,4.0,0,82.8,0.0,10.0,-4.8,79.1,0.0,14.7,-6.0,0.826,0.051,0.051,0.457,0.945,0.263,Crosswind (↙️ SW),64.0,Clear,,,,,,,,,,,,,,50,C,,13,1.18,1.26,849838,802415,608331.0,3.9,40.0,28.59,4.0,80.0,6.7
2026-10-07,D,,,,SD,Ty France,R,?,Unknown (nan),---,10:00 PM,4.0,1B,,,16,1.0,24,Gap,15,0.188,0.053,,0.188,0.0,GOOD,,0.34,0.379,17.7,0,92.3,4.8,19.0,11.0,,,,,1.297,0.185,0.37,0.741,1.482,0.37,Wind Out (↖️ NW),78.7,Clear,3.0,0.0,0.0,0.0,0.0,0.0,1.0,0.0,85.8,24.3,,,,49,C,,26,0.86,1.23,849827,664034,,8.9,33.3,20.18,17.7,81.0,7.3
2026-10-07,D,,,,SD,Luis Campusano,R,?,Unknown (nan),---,10:00 PM,7.0,C,,,11,0.0,14,Contact,12,0.167,0.0,,0.167,0.0,LOW,,0.326,0.35,14.1,0,89.7,0.0,18.2,17.3,,,,,0.953,0.0,0.635,0.0,0.953,0.318,Wind Out (↖️ NW),78.7,Clear,3.0,0.0,0.0,0.0,0.0,0.0,0.0,2.0,92.4,2.0,,,,33,D,,26,0.86,1.23,849827,669134,,3.0,45.5,26.78,14.1,72.7,7.5
2026-10-07,C,,,,SD,Nick Castellanos,R,?,Unknown (nan),---,10:00 PM,,,,,7,0.0,6,Cold,13,0.148,0.0,,0.148,0.0,LOW,,0.268,0.234,22.5,1,83.1,0.0,30.0,5.8,,,,,0.653,0.0,0.0,0.653,0.653,0.0,Wind Out (↖️ NW),78.7,Clear,,,,,,,,,,,,,,42,D,,26,0.86,1.23,849827,592206,,10.3,70.0,19.4,22.5,70.0,7.5
2026-10-07,D,,,,SD,Sung-Mun Song,L,?,Unknown (nan),---,10:00 PM,,,,,8,,9,Cold,5,0.053,0.0,,0.053,0.0,LOW,,0.252,0.247,16.8,0,82.0,0.0,0.0,0.2,,,,,0.523,0.0,0.262,1.047,0.523,0.262,Wind Out (↖️ NW),78.7,Clear,,,,,,,,,,,,,,29,F,,26,0.86,1.23,849827,823550,,9.6,50.0,30.25,16.8,70.0,7.8
2026-10-07,D,,,,SD,Samad Taylor,R,?,Unknown (nan),---,10:00 PM,9.0,LF,,,8,,7,Cold,8,0.092,0.0,,0.092,0.0,LOW,,0.305,0.35,15.8,0,69.3,0.0,10.0,8.0,,,,,0.712,0.0,0.0,1.067,0.712,0.0,Wind Out (↖️ NW),78.7,Clear,3.0,0.0,0.0,0.0,0.0,0.0,0.0,2.0,81.4,,,,,42,D,,26,0.86,1.23,849827,669392,,9.2,30.0,39.64,15.8,80.0,5.8
2026-10-07,D,,,,SD,Will Wagner,L,?,Unknown (nan),---,10:00 PM,,,,,14,,14,Cold,2,0.029,0.0,,0.029,0.0,LOW,,0.332,0.34,11.1,0,75.0,0.0,0.0,4.4,,,,,0.304,0.0,0.609,0.304,0.304,0.0,Wind Out (↖️ NW),78.7,Clear,,,,,,,,,,,,,,35,D,,26,0.86,1.23,849827,695238,,-0.6,50.0,30.41,11.1,70.0,5.8
2026-10-07,C,,,,SD,Nick Solak,R,?,Unknown (nan),---,10:00 PM,,,,,14,,23,Contact,6,0.0,0.0,,0.0,0.0,GOOD,,0.38,0.231,0.0,1,90.2,10.0,20.0,-2.6,,,,,0.243,0.0,0.486,0.0,0.243,0.0,Wind Out (↖️ NW),78.7,Clear,,,,,,,,,,,,,,39,D,,26,0.86,1.23,849827,669256,,6.9,30.0,34.7,0.0,70.0,7.2
2026-10-07,D,,,,SD,Gage Workman,L,?,Unknown (nan),---,10:00 PM,,,,,10,,10,Cold,17,0.235,0.1,,0.235,0.0,LOW,,0.273,0.268,39.5,1,88.4,0.0,30.0,13.1,,,,,0.219,0.219,0.0,0.438,0.438,0.657,Wind Out (↖️ NW),78.7,Clear,,,,,,,,,,,,,,41,D,,26,0.86,1.23,849827,669398,,11.0,40.0,22.46,39.5,70.0,6.8
2026-10-07,D,,,,SD,Austin Hays,R,?,Unknown (nan),---,10:00 PM,5.0,DH,,,7,,6,Whiff,6,0.12,0.0,,0.12,0.0,LOW,,0.265,0.287,19.4,0,85.3,0.0,10.0,4.5,,,,,0.274,0.0,0.0,1.098,0.274,0.0,Wind Out (↖️ NW),78.7,Clear,2.0,0.0,0.0,0.0,0.0,0.0,1.0,0.0,82.6,,,,,26,F,,26,0.86,1.23,849827,669720,,13.4,80.0,30.38,19.4,60.0,7.1
2026-10-07,C,,,,SD,Dustin Harris,L,?,Unknown (nan),---,10:00 PM,,,,,12,,17,Cold,13,0.09,0.0,,0.09,0.0,GOOD,,0.29,0.3,5.0,2,80.7,0.0,27.8,25.1,,,,,0.58,0.0,0.193,0.387,0.58,0.193,Wind Out (↖️ NW),78.7,Clear,,,,,,,,,,,,,,61,B,,26,0.86,1.23,849827,687957,,6.8,33.3,25.63,5.0,100.0,5.9
2026-10-07,D,,,,SD,Ethan Salas,L,?,Unknown (nan),---,10:00 PM,5.0,PH,,,8,,8,Cold,13,0.205,0.0,,0.205,0.0,LOW,,0.255,0.291,14.0,0,87.9,0.0,10.0,21.0,,,,,0.26,0.0,0.26,0.78,0.26,0.26,Wind Out (↖️ NW),78.7,Clear,1.0,0.0,0.0,0.0,0.0,0.0,0.0,1.0,89.9,24.6,,,,40,D,,26,0.86,1.23,849827,806956,,6.3,40.0,25.93,14.0,90.0,6.9
2026-10-08,A,⚠️ Tough,,,CWS,Tommy Pham,R,Left,Parker Messick,"FF, CH, SI, SL",08:00 PM,5.0,DH,,"4,6",33,6.0,53,,30,0.1,0.0,0.0,0.1,1.9,STR,,0.341,0.206,17.9,6,90.3,10.0,20.0,27.0,93.1,3.4,17.2,16.7,0.06,0.0,0.452,0.545,0.06,0.0,Wind Out (↖️ NW),66.8,Clear,0.0,0.0,0.0,0.0,0.0,0.0,1.0,0.0,94.2,15.8,,,,50,C,,23,0.93,1.26,849832,502054,800048.0,13.1,30.0,28.72,17.9,90.0,7.3
2026-10-08,C,‼️ Elite,,YES,CLE,Jo Adell,R,Left,Hagen Smith,"SL, FF, FC",08:00 PM,4.0,DH,,1,29,4.0,57,Whiff,18,0.177,0.364,0.226,0.177,2.4,GOOD,,0.317,0.304,17.5,5,94.0,7.7,15.4,14.5,90.4,1.1,25.3,22.4,1.125,0.141,0.449,1.316,2.108,0.728,Wind Out (↖️ NW),66.8,Clear,4.0,1.0,0.0,0.0,1.0,2.0,1.0,1.0,90.3,21.7,1.0,108.3,383.0,28,F,,16,1.09,1.27,849832,666176,696146.0,9.2,38.5,29.48,17.5,69.2,7.6
2026-10-08,D,⚠️ Tough,,,CWS,Chase Meidroth,R,Left,Parker Messick,"FF, CH, SI, SL",08:00 PM,1.0,2B,,"4,6",29,4.0,51,Cold,32,0.152,0.267,0.222,0.152,1.9,STR,2.0,0.303,0.338,15.0,1,82.9,6.2,12.5,10.3,89.5,3.4,13.7,7.2,1.241,0.329,0.439,0.929,2.117,0.49,Wind Out (↖️ NW),66.8,Clear,4.0,1.0,0.0,2.0,2.0,0.0,1.0,0.0,78.6,,,,,36,D,,23,0.93,1.26,849832,805367,800048.0,16.0,62.5,30.62,15.0,68.8,6.7
2026-10-08,B,⚠️ Tough,,,CWS,Andrew Benintendi,L,Left,Parker Messick,"FF, CH, SI, SL",08:00 PM,6.0,PH,YES,"4,6",27,4.0,50,Whiff,35,0.189,0.429,0.029,0.189,1.8,STR,,0.315,0.32,17.0,5,89.9,10.0,20.0,22.2,80.0,2.8,5.6,11.5,0.773,0.06,0.409,1.37,1.183,0.762,Wind Out (↖️ NW),66.8,Clear,1.0,0.0,0.0,0.0,0.0,0.0,0.0,1.0,88.9,17.2,,,,29,F,,23,0.93,1.26,849832,643217,800048.0,15.6,80.0,32.03,17.0,60.0,7.3
2026-10-08,A,⚠️ Tough,,YES,CWS,Randal Grichuk,R,Left,Parker Messick,"FF, CH, SI, SL",08:00 PM,2.0,LF,,"4,6",25,1.0,40,,27,0.279,0.0,0.252,0.279,3.4,STR,,0.347,0.37,16.7,8,93.5,0.0,20.0,17.7,92.4,7.1,23.4,21.2,0.703,0.187,0.194,0.547,1.089,0.058,Wind Out (↖️ NW),66.8,Clear,2.0,0.0,0.0,0.0,0.0,0.0,0.0,1.0,64.9,26.0,,,,43,D,,23,0.93,1.26,849832,545341,800048.0,8.5,50.0,19.86,16.7,80.0,7.9
2026-10-08,D,⚠️ Tough,,,CWS,Luisangel Acuña,R,Left,Parker Messick,"FF, CH, SI, SL",08:00 PM,,,,"4,6",23,4.0,32,Cold,21,0.064,0.3,0.067,0.064,1.0,GOOD,,0.264,0.241,14.6,1,86.0,10.0,20.0,13.5,90.8,1.1,15.2,4.4,0.546,0.057,0.038,0.471,0.94,0.113,Wind Out (↖️ NW),66.8,Clear,,,,,,,,,,,,,,50,C,,23,0.93,1.26,849832,682668,800048.0,9.2,30.0,29.2,14.6,90.0,7.6
2026-10-08,B,⚠️ Tough,YES,YES,CWS,Miguel Vargas,R,Left,Parker Messick,"FF, CH, SI, SL",08:00 PM,3.0,3B,,"4,6",23,0.0,43,,20,0.224,0.0,0.233,0.224,3.2,LOW,1.0,0.381,0.366,11.7,7,96.7,0.0,11.1,13.3,93.7,5.1,22.8,23.3,0.838,0.073,0.827,0.833,1.4,0.091,Wind Out (↖️ NW),66.8,Clear,2.0,1.0,1.0,2.0,4.0,1.0,3.0,0.0,102.4,51.0,,,,53,C,,23,0.93,1.26,849832,678246,800048.0,14.0,27.8,31.64,11.7,72.2,7.7
2026-10-08,B,⚠️ Tough,,YES,CWS,Munetaka Murakami,L,Left,Parker Messick,"FF, CH, SI, SL",08:00 PM,4.0,1B,YES,"4,6",23,2.0,34,Whiff,30,0.261,0.176,0.214,0.261,4.7,GOOD,1.0,0.358,0.358,27.2,7,97.7,11.8,17.6,10.2,94.5,5.5,14.8,15.0,0.708,0.088,0.551,1.772,1.46,0.488,Wind Out (↖️ NW),66.8,Clear,3.0,1.0,0.0,0.0,1.0,1.0,2.0,1.0,98.6,,,,,33,D,,23,0.93,1.26,849832,808959,800048.0,19.8,41.2,34.55,27.2,94.1,7.8
2026-10-08,D,⚠️ Tough,,,CWS,Joey Bart,R,Left,Parker Messick,"FF, CH, SI, SL",08:00 PM,,,,"4,6",22,2.0,35,Cold,10,0.143,0.0,0.106,0.143,1.9,GOOD,,0.317,0.309,19.8,2,72.0,0.0,0.0,30.0,85.0,1.9,28.3,20.0,0.263,0.075,0.547,0.954,0.45,0.0,Wind Out (↖️ NW),66.8,Clear,,,,,,,,,,,,,,24,F,,23,0.93,1.26,849832,663698,800048.0,6.5,80.0,31.26,19.8,70.0,7.1
2026-10-08,C,⚠️ Tough,,,CWS,Brenton Doyle,R,Left,Parker Messick,"FF, CH, SI, SL",08:00 PM,6.0,CF,YES,"4,6",22,1.0,31,Worm,29,0.14,0.3,0.187,0.14,1.9,GOOD,,0.239,0.276,23.7,2,89.8,0.0,30.0,2.8,87.8,3.7,19.5,7.0,0.681,0.073,0.147,0.754,1.347,0.387,Wind Out (↖️ NW),66.8,Clear,3.0,1.0,0.0,0.0,1.0,1.0,0.0,1.0,82.2,,,,,40,D,,23,0.93,1.26,849832,686668,800048.0,21.2,60.0,29.39,23.7,90.0,7.8
2026-10-08,B,⚠️ Tough,,,CWS,Jake Rogers,R,Left,Parker Messick,"FF, CH, SI, SL",08:00 PM,,,,"4,6",21,2.0,32,Cold,16,0.126,0.0,0.226,0.126,1.9,GOOD,,0.278,0.265,17.3,7,78.3,0.0,20.0,27.7,91.8,5.0,22.5,16.1,0.353,0.051,0.729,0.939,0.706,0.151,Wind Out (↖️ NW),66.8,Clear,,,,,,,,,,,,,,19,F,,23,0.93,1.26,849832,668670,800048.0,17.9,60.0,30.67,17.3,50.0,7.5
2026-10-08,B,‼️ Elite,,,CLE,David Fry,R,Left,Hagen Smith,"SL, FF, FC",08:00 PM,,,,1,20,3.0,42,Gap,33,0.172,0.3,0.2,0.172,2.8,STR,,0.275,0.306,17.7,5,89.7,10.0,40.0,18.0,86.5,2.6,20.5,37.8,0.556,0.021,0.27,0.672,1.087,0.257,Wind Out (↖️ NW),66.8,Clear,,,,,,,,,,,,,,47,C,,16,1.09,1.27,849832,681807,696146.0,15.8,40.0,27.41,17.7,90.0,8.1
2026-10-08,C,⚠️ Tough,,,CWS,Edgar Quero,L,Left,Parker Messick,"FF, CH, SI, SL",08:00 PM,,,,"4,6",19,0.0,23,Contact,8,0.053,0.0,0.1,0.053,1.5,GOOD,,0.285,0.245,12.2,3,93.6,0.0,0.0,12.2,88.5,2.9,21.4,6.0,0.539,0.0,0.562,0.484,0.723,0.208,Wind Out (↖️ NW),66.8,Clear,,,,,,,,,,,,,,64,B,,23,0.93,1.26,849832,700337,800048.0,6.0,20.0,28.69,12.2,80.0,6.8
2026-10-08,C,‼️ Elite,,,CLE,Austin Hedges,R,Left,Hagen Smith,"SL, FF, FC",08:00 PM,8.0,C,,1,18,2.0,39,Cold,24,0.153,0.5,0.183,0.153,1.3,STR,,0.277,0.303,9.6,2,79.8,10.0,20.0,12.8,85.4,2.9,22.1,14.0,0.614,0.156,0.614,0.572,1.301,0.271,Wind Out (↖️ NW),66.8,Clear,1.0,0.0,0.0,0.0,0.0,0.0,0.0,0.0,62.1,,,,,65,B,,16,1.09,1.27,849832,595978,696146.0,12.9,20.0,27.26,9.6,70.0,7.5
2026-10-08,B,⚠️ Tough,,,CWS,Junior Perez,R,Left,Parker Messick,"FF, CH, SI, SL",08:00 PM,,,,"4,6",18,4.0,25,Whiff,20,0.26,0.3,0.125,0.26,5.1,LOW,,0.296,0.268,22.2,5,97.6,0.0,20.0,18.0,89.3,0.0,25.0,24.8,0.261,0.0,0.0,0.742,0.681,0.0,Wind Out (↖️ NW),66.8,Clear,,,,,,,,,,,,,,28,F,,23,0.93,1.26,849832,678577,800048.0,10.6,50.0,39.77,22.2,70.0,7.4
2026-10-08,B,‼️ Elite,YES,YES,CLE,José Ramírez,L,Left,Hagen Smith,"SL, FF, FC",08:00 PM,2.0,3B,,1,17,1.0,40,Cold,16,0.146,0.3,0.197,0.146,1.5,GOOD,,0.333,0.312,9.9,6,94.2,0.0,7.7,27.3,93.1,2.4,21.4,24.3,0.877,0.32,0.589,0.623,1.735,0.302,Wind Out (↖️ NW),66.8,Clear,5.0,2.0,1.0,2.0,5.0,3.0,0.0,0.0,97.2,15.4,1.0,98.9,355.0,37,D,,16,1.09,1.27,849832,608070,696146.0,5.9,61.5,24.52,9.9,61.5,7.2
2026-10-08,D,‼️ Elite,,,CLE,Chase DeLauter,L,Left,Hagen Smith,"SL, FF, FC",08:00 PM,3.0,RF,,1,17,0.0,42,Worm,15,0.17,0.0,0.228,0.17,1.4,GOOD,,0.342,0.356,8.8,1,94.7,0.0,7.7,-2.8,90.5,3.4,14.8,15.8,1.385,0.158,0.367,0.441,1.953,0.21,Wind Out (↖️ NW),66.8,Clear,4.0,1.0,0.0,0.0,1.0,1.0,1.0,0.0,93.8,5.3,,,,51,C,,16,1.09,1.27,849832,800050,696146.0,5.2,30.8,28.66,8.8,92.3,7.1
2026-10-08,C,⚠️ Tough,,,CWS,Colson Montgomery,L,Left,Parker Messick,"FF, CH, SI, SL",08:00 PM,9.0,SS,,"4,6",19,1.0,31,Cold,12,0.195,0.083,0.254,0.195,4.0,LOW,2.0,0.294,0.302,25.2,3,86.4,0.0,13.3,29.0,85.7,5.4,18.9,17.4,0.758,0.261,0.619,1.443,1.456,0.297,Wind Out (↖️ NW),66.8,Clear,4.0,2.0,0.0,1.0,2.0,0.0,0.0,1.0,94.9,14.7,,,,34,D,,23,0.93,1.26,849832,695657,800048.0,8.2,53.3,28.47,25.2,80.0,7.6
2026-10-08,D,⚠️ Tough,,,CWS,Sam Antonacci,L,Left,Parker Messick,"FF, CH, SI, SL",08:00 PM,5.0,DH,,"4,6",17,0.0,28,Gap,9,0.117,0.091,0.051,0.117,1.1,LOW,,0.347,0.339,9.5,0,88.9,0.0,14.3,7.8,83.5,1.1,8.6,4.6,0.701,0.211,0.661,0.773,0.912,0.211,Wind Out (↖️ NW),66.8,Clear,2.0,1.0,0.0,0.0,1.0,2.0,0.0,0.0,100.0,14.0,,,,57,B,,23,0.93,1.26,849832,803011,800048.0,11.1,42.9,20.02,9.5,78.6,6.7
2026-10-08,D,⚠️ Tough,,,CWS,Kyle Teel,L,Left,Parker Messick,"FF, CH, SI, SL",08:00 PM,7.0,C,,"4,6",17,0.0,33,Cold,9,0.142,0.062,0.032,0.142,2.6,LOW,,0.325,0.307,22.9,0,91.0,0.0,5.9,20.4,85.2,2.6,2.6,11.5,0.698,0.142,0.529,1.474,0.84,0.284,Wind Out (↖️ NW),66.8,Clear,4.0,0.0,0.0,0.0,0.0,0.0,1.0,2.0,93.9,15.5,,,,47,C,,23,0.93,1.26,849832,691019,800048.0,13.8,35.3,16.74,22.9,82.4,6.8
2026-10-08,C,‼️ Elite,YES,,CLE,Patrick Bailey,L,Left,Hagen Smith,"SL, FF, FC",08:00 PM,8.0,C,,1,16,0.0,40,,12,0.129,0.0,0.138,0.129,2.1,GOOD,,0.323,0.278,19.5,1,88.7,10.0,20.0,12.3,88.8,0.0,21.1,21.8,0.595,0.059,0.531,0.945,0.83,0.117,Wind Out (↖️ NW),66.8,Clear,3.0,2.0,1.0,2.0,5.0,2.0,0.0,0.0,99.3,14.3,,,,31,F,,16,1.09,1.27,849832,672275,696146.0,6.8,40.0,22.08,19.5,60.0,7.3
2026-10-08,D,⚠️ Tough,,,CWS,Tristan Peters,L,Left,Parker Messick,"FF, CH, SI, SL",08:00 PM,2.0,LF,,"4,6",16,0.0,29,Cold,12,0.166,0.091,0.104,0.166,2.3,LOW,,0.309,0.34,12.5,2,88.7,0.0,16.7,16.2,71.0,1.7,15.0,11.9,0.567,0.165,0.413,0.863,0.839,0.261,Wind Out (↖️ NW),66.8,Clear,3.0,1.0,0.0,0.0,1.0,0.0,0.0,1.0,93.9,11.0,,,,28,F,,23,0.93,1.26,849832,671976,800048.0,11.2,75.0,38.28,12.5,58.3,6.7
2026-10-08,C,‼️ Elite,,,CLE,Rhys Hoskins,R,Left,Hagen Smith,"SL, FF, FC",08:00 PM,,,,1,15,0.0,27,Whiff,15,0.198,0.0,0.286,0.198,3.4,GOOD,,0.309,0.308,22.9,3,94.2,0.0,0.0,12.5,92.9,6.9,17.2,33.2,0.57,0.075,0.419,1.031,1.098,0.113,Wind Out (↖️ NW),66.8,Clear,,,,,,,,,,,,,,28,F,,16,1.09,1.27,849832,656555,696146.0,10.3,50.0,25.15,22.9,60.0,8.0
2026-10-08,C,‼️ Elite,,,CLE,Nathaniel Lowe,L,Left,Hagen Smith,"SL, FF, FC",08:00 PM,5.0,1B,,1,15,0.0,38,Gap,16,0.187,0.125,0.067,0.187,2.7,GOOD,,0.333,0.332,16.9,2,95.1,0.0,8.3,-4.0,89.2,0.0,0.0,17.6,0.532,0.246,0.554,0.921,0.778,0.492,Wind Out (↖️ NW),66.8,Clear,4.0,2.0,0.0,0.0,2.0,0.0,1.0,0.0,84.2,,,,,43,D,,16,1.09,1.27,849832,663993,696146.0,5.0,50.0,22.25,16.9,83.3,7.2
2026-10-08,D,⚠️ Tough,,,CWS,Drew Romo,L,Left,Parker Messick,"FF, CH, SI, SL",08:00 PM,,,,"4,6",15,0.0,34,Cold,10,0.15,0.143,0.172,0.15,2.7,LOW,,0.266,0.246,17.2,0,83.9,0.0,0.0,-0.3,81.5,2.8,11.1,14.4,0.366,0.242,0.727,0.612,0.793,0.0,Wind Out (↖️ NW),66.8,Clear,,,,,,,,,,,,,,38,D,,23,0.93,1.26,849832,691011,800048.0,10.1,30.0,35.03,17.2,60.0,7.0
2026-10-08,C,‼️ Elite,,,CLE,George Valera,L,Left,Hagen Smith,"SL, FF, FC",08:00 PM,,,,1,14,0.0,23,Whiff,13,0.082,0.1,0.154,0.082,0.0,GOOD,,0.22,0.235,10.5,3,97.3,0.0,0.0,23.7,93.2,0.0,7.7,19.8,0.645,0.396,0.0,1.144,1.041,0.0,Wind Out (↖️ NW),66.8,Clear,,,,,,,,,,,,,,46,C,,16,1.09,1.27,849832,671655,696146.0,8.6,30.0,36.69,10.5,100.0,6.9
2026-10-08,C,‼️ Elite,,,CLE,Kyle Manzardo,L,Left,Hagen Smith,"SL, FF, FC",08:00 PM,,,,1,14,0.0,31,Cold,14,0.16,0.111,0.103,0.16,2.3,GOOD,,0.297,0.309,24.1,2,89.7,10.0,20.0,21.0,80.8,0.0,8.6,10.2,0.783,0.127,0.463,1.313,1.111,0.127,Wind Out (↖️ NW),66.8,Clear,,,,,,,,,,,,,,33,D,,16,1.09,1.27,849832,700932,696146.0,20.0,60.0,37.88,24.1,80.0,7.6
2026-10-08,C,‼️ Elite,,YES,CLE,Angel Martínez,L,Left,Hagen Smith,"SL, FF, FC",08:00 PM,6.0,LF,,1,14,0.0,33,Cold,13,0.211,0.0,0.286,0.211,2.8,LOW,,0.287,0.306,16.7,6,86.2,0.0,8.3,0.4,87.2,7.2,23.2,19.1,0.606,0.214,0.143,1.378,1.247,0.249,Wind Out (↖️ NW),66.8,Clear,3.0,0.0,0.0,1.0,0.0,0.0,0.0,1.0,71.4,,,,,42,D,,16,1.09,1.27,849832,682657,696146.0,14.2,83.3,27.0,16.7,83.3,7.3
2026-10-08,D,‼️ Elite,,,CLE,Travis Bazzana,L,Left,Hagen Smith,"SL, FF, FC",08:00 PM,7.0,2B,,1,14,0.0,34,Cold,12,0.159,0.111,0.122,0.159,1.9,GOOD,,0.306,0.328,13.4,2,92.5,0.0,16.7,6.4,86.8,2.4,25.0,19.5,0.617,0.223,0.701,0.972,1.037,0.033,Wind Out (↖️ NW),66.8,Clear,4.0,1.0,0.0,1.0,2.0,1.0,0.0,0.0,89.9,22.8,1.0,100.9,383.0,66,B,,16,1.09,1.27,849832,683953,696146.0,10.5,16.7,27.36,13.4,75.0,7.0
2026-10-08,D,‼️ Elite,,,CLE,Brayan Rocchio,L,Left,Hagen Smith,"SL, FF, FC",08:00 PM,9.0,SS,,1,13,0.0,31,Cold,12,0.139,0.0,0.149,0.139,1.4,LOW,,0.299,0.308,11.2,1,79.9,0.0,27.3,34.1,84.7,3.8,21.9,14.5,0.852,0.121,0.341,0.583,1.19,0.221,Wind Out (↖️ NW),66.8,Clear,2.0,0.0,0.0,1.0,0.0,0.0,2.0,0.0,92.7,33.5,,,,47,C,,16,1.09,1.27,849832,677587,696146.0,5.7,36.4,38.56,11.2,90.9,6.3
2026-10-08,B,‼️ Elite,,,CLE,Daniel Schneemann,L,Left,Hagen Smith,"SL, FF, FC",08:00 PM,,,,1,13,1.0,35,Gap,25,0.133,0.3,0.233,0.133,2.1,STR,,0.296,0.28,21.0,3,92.0,20.0,30.0,18.0,86.6,2.9,20.6,14.7,0.654,0.062,0.249,1.027,1.432,0.228,Wind Out (↖️ NW),66.8,Clear,,,,,,,,,,,,,,43,D,,16,1.09,1.27,849832,682177,696146.0,14.3,50.0,26.55,21.0,90.0,6.7
2026-10-08,D,⚠️ Tough,,,CWS,Braden Montgomery,L,Left,Parker Messick,"FF, CH, SI, SL",08:00 PM,8.0,RF,,"4,6",13,0.0,22,Cold,8,0.119,0.071,0.133,0.119,1.2,LOW,,0.315,0.293,16.4,0,86.7,0.0,13.3,2.5,87.4,1.2,14.1,10.5,0.546,0.244,0.365,1.372,0.941,0.397,Wind Out (↖️ NW),66.8,Clear,5.0,0.0,0.0,0.0,0.0,0.0,0.0,4.0,81.5,22.0,,,,33,D,,23,0.93,1.26,849832,695731,800048.0,8.4,46.7,33.8,16.4,86.7,6.7
2026-10-08,C,‼️ Elite,,,CLE,Cooper Ingle,L,Left,Hagen Smith,"SL, FF, FC",08:00 PM,,,,1,12,0.0,25,Cold,2,0.0,0.0,0.0,0.0,0.0,LOW,,0.184,0.161,29.2,3,87.2,0.0,10.0,8.2,95.2,0.0,7.1,25.5,0.12,0.0,0.478,2.033,0.12,0.0,Wind Out (↖️ NW),66.8,Clear,,,,,,,,,,,,,,40,D,,16,1.09,1.27,849832,694876,696146.0,11.9,40.0,24.68,29.2,90.0,6.6
2026-10-08,D,‼️ Elite,,,CLE,Angel Genao,L,Left,Hagen Smith,"SL, FF, FC",08:00 PM,7.0,2B,,1,12,0.0,26,Worm,7,0.081,0.111,0.105,0.081,0.0,LOW,,0.288,0.268,12.1,1,88.9,0.0,0.0,1.5,88.3,5.0,15.0,4.0,0.7,0.35,0.236,0.464,1.05,0.236,Wind Out (↖️ NW),66.8,Clear,1.0,0.0,0.0,0.0,0.0,0.0,0.0,0.0,71.1,8.0,,,,67,B,,16,1.09,1.27,849832,694197,696146.0,5.6,10.0,45.04,12.1,100.0,7.2
2026-10-08,D,⚠️ Tough,,,CWS,Rikuu Nishida,L,Left,Parker Messick,"FF, CH, SI, SL",08:00 PM,,,,"4,6",12,0.0,15,Cold,2,0.0,0.0,0.0,0.0,0.0,LOW,,0.239,0.206,6.7,0,87.4,0.0,10.0,8.5,91.0,0.0,0.0,1.3,0.65,0.0,0.0,0.159,0.65,0.0,Wind Out (↖️ NW),66.8,Clear,,,,,,,,,,,,,,48,C,,23,0.93,1.26,849832,807747,800048.0,8.8,40.0,27.85,6.7,70.0,6.0
2026-10-08,D,‼️ Elite,,,CLE,Steven Kwan,L,Left,Hagen Smith,"SL, FF, FC",08:00 PM,1.0,LF,YES,1,10,0.0,18,Cold,4,0.067,0.0,0.026,0.067,0.2,LOW,,0.328,0.326,3.8,1,78.2,0.0,7.1,0.6,82.6,0.0,15.3,16.2,0.821,0.058,0.627,0.483,0.879,0.223,Wind Out (↖️ NW),66.8,Clear,3.0,1.0,0.0,2.0,1.0,0.0,2.0,0.0,68.4,12.0,,,,39,D,,16,1.09,1.27,849832,680757,696146.0,-0.4,50.0,30.94,3.8,64.3,6.0
2026-10-08,C,‼️ Elite,,,CLE,Kahlil Watson,L,Left,Hagen Smith,"SL, FF, FC",08:00 PM,,,,1,9,0.0,17,Whiff,8,0.108,0.2,0.091,0.108,0.0,LOW,,0.243,0.266,25.3,4,88.6,0.0,10.0,-0.5,95.0,0.0,36.4,31.3,0.574,0.452,0.0,1.524,1.026,0.0,Wind Out (↖️ NW),66.8,Clear,,,,,,,,,,,,,,41,D,,16,1.09,1.27,849832,696135,696146.0,11.3,50.0,21.96,25.3,80.0,7.5
2026-10-08,D,‼️ Elite,,,CLE,Petey Halpin,L,Left,Hagen Smith,"SL, FF, FC",08:00 PM,6.0,CF,,1,8,0.0,21,Cold,7,0.101,0.0,0.0,0.101,1.1,LOW,,0.3,0.26,14.3,0,82.7,0.0,10.0,13.2,69.4,0.0,8.3,31.4,0.436,0.0,0.459,0.804,0.436,0.101,Wind Out (↖️ NW),66.8,Clear,1.0,0.0,0.0,0.0,0.0,0.0,0.0,1.0,81.9,18.8,,,,48,C,,16,1.09,1.27,849832,690984,696146.0,8.7,30.0,28.54,14.3,70.0,7.0
2026-10-08,D,⚠️ Tough,,,CWS,Reese McGuire,L,Left,Parker Messick,"FF, CH, SI, SL",08:00 PM,,,,"4,6",8,0.0,11,Cold,3,0.0,0.0,0.0,0.0,0.0,LOW,,0.195,0.194,22.7,3,72.8,0.0,10.0,15.9,90.7,0.0,0.0,12.0,0.716,0.0,0.716,0.816,0.716,0.0,Wind Out (↖️ NW),66.8,Clear,,,,,,,,,,,,,,40,D,,23,0.93,1.26,849832,624512,800048.0,5.7,40.0,24.46,22.7,80.0,7.1
