Game ID,date,home_team,away_team,venue,n_bip,actual_hr,xhr,diff,z,verdict
822686.0,2026-09-02,,,,49,2,3.05,-1.05,-0.79,NORMAL
822687.0,2026-09-01,,,,48,3,1.77,1.23,1.27,NORMAL
822688.0,2026-08-30,,,,46,1,1.72,-0.72,-0.89,NORMAL
822689.0,2026-08-31,,,,51,2,1.43,0.57,0.82,NORMAL
822690.0,2026-08-29,,,,50,1,1.23,-0.23,-0.28,NORMAL
822691.0,2026-08-28,,,,48,3,2.72,0.28,0.29,NORMAL
822692.0,2026-08-26,,,,61,5,4.22,0.78,0.58,NORMAL
822693.0,2026-08-25,,,,43,2,2.41,-0.41,-0.52,NORMAL
822694.0,2026-08-27,,,,52,2,2.35,-0.35,-0.36,NORMAL
822695.0,2026-08-24,,,,54,3,2.93,0.07,0.07,NORMAL
822696.0,2026-08-13,,,,42,1,1.48,-0.48,-0.59,NORMAL
822697.0,2026-08-11,,,,57,6,3.47,2.53,1.86,NORMAL
822698.0,2026-08-12,,,,59,6,3.1,2.9,2.37,JUICED
822699.0,2026-08-07,,,,42,5,4.33,0.67,0.53,NORMAL
822700.0,2026-08-09,,,,51,1,0.61,0.39,0.58,NORMAL
822701.0,2026-08-08,,,,51,1,0.63,0.37,0.63,NORMAL
822702.0,2026-07-29,,,,61,0,0.41,-0.41,-0.71,NORMAL
822703.0,2026-07-28,,,,55,4,2.43,1.57,1.34,NORMAL
822704.0,2026-07-25,,,,55,1,0.6,0.4,0.58,NORMAL
822705.0,2026-07-27,,,,51,2,1.1,0.9,1.15,NORMAL
822706.0,2026-07-26,,,,67,6,5.8,0.2,0.12,NORMAL
822707.0,2026-07-24,,,,51,1,3.26,-2.26,-2.23,DEAD
822708.0,2026-07-12,,,,50,2,2.25,-0.25,-0.21,NORMAL
822709.0,2026-07-10,,,,53,6,3.79,2.21,1.84,NORMAL
822710.0,2026-07-08,,,,54,2,2.12,-0.12,-0.13,NORMAL
822711.0,2026-07-11,,,,52,5,4.28,0.72,0.58,NORMAL
822712.0,2026-07-06,,,,59,6,4.32,1.68,1.19,NORMAL
822713.0,2026-07-07,,,,51,3,2.8,0.2,0.2,NORMAL
822714.0,2026-07-03,,,,67,6,4.63,1.37,0.86,NORMAL
822715.0,2026-07-05,,,,59,4,2.99,1.01,0.98,NORMAL
822716.0,2026-07-04,,,,45,1,1.24,-0.24,-0.42,NORMAL
822717.0,2026-06-25,,,,53,4,3.26,0.74,0.75,NORMAL
822718.0,2026-06-23,,,,49,5,3.13,1.87,1.72,NORMAL
822719.0,2026-06-24,,,,52,4,3.43,0.57,0.49,NORMAL
822720.0,2026-06-22,,,,49,3,3.25,-0.25,-0.2,NORMAL
822721.0,2026-06-17,,,,58,4,1.84,2.16,1.89,NORMAL
822722.0,2026-06-14,,,,56,2,2.58,-0.58,-0.57,NORMAL
822723.0,2026-06-16,,,,55,2,3.34,-1.34,-1.17,NORMAL
822724.0,2026-06-15,,,,52,1,1.57,-0.57,-0.65,NORMAL
822725.0,2026-06-13,,,,52,2,1.14,0.86,0.94,NORMAL
822726.0,2026-06-12,,,,52,5,4.63,0.37,0.3,NORMAL
822727.0,2026-06-03,,,,44,1,1.23,-0.23,-0.4,NORMAL
822728.0,2026-06-02,,,,50,4,3.04,0.96,1.43,NORMAL
822729.0,2026-05-31,,,,48,2,2.12,-0.12,-0.14,NORMAL
822730.0,2026-06-01,,,,52,4,4.01,-0.01,-0.01,NORMAL
822731.0,2026-05-30,,,,50,4,4.5,-0.5,-0.46,NORMAL
822732.0,2026-05-29,,,,58,4,3.0,1.0,1.04,NORMAL
822733.0,2026-05-21,,,,46,0,2.12,-2.12,-2.35,DEAD
822734.0,2026-05-18,,,,82,2,2.13,-0.13,-0.12,NORMAL
822736.0,2026-05-19,,,,54,5,2.61,2.39,2.03,JUICED
822737.0,2026-05-16,,,,57,5,4.6,0.4,0.36,NORMAL
822738.0,2026-05-17,,,,51,4,4.15,-0.15,-0.17,NORMAL
822739.0,2026-05-15,,,,45,1,4.25,-3.25,-2.43,DEAD
822740.0,2026-05-06,,,,57,5,4.05,0.95,0.8,NORMAL
822741.0,2026-05-07,,,,51,2,2.05,-0.05,-0.05,NORMAL
822742.0,2026-05-03,,,,46,0,1.33,-1.33,-1.71,NORMAL
822743.0,2026-05-05,,,,56,1,2.71,-1.71,-1.4,NORMAL
822744.0,2026-05-01,,,,49,0,1.29,-1.29,-1.57,NORMAL
822745.0,2026-04-23,,,,46,3,2.95,0.05,0.06,NORMAL
822746.0,2026-05-02,,,,58,0,0.57,-0.57,-0.81,NORMAL
822747.0,2026-04-21,,,,53,4,2.44,1.56,1.59,NORMAL
822748.0,2026-04-22,,,,60,7,6.24,0.76,0.53,NORMAL
822749.0,2026-04-20,,,,51,2,4.16,-2.16,-1.58,NORMAL
822750.0,2026-04-19,,,,49,1,2.49,-1.49,-1.55,NORMAL
822751.0,2026-04-18,,,,77,2,2.38,-0.38,-0.34,NORMAL
822752.0,2026-04-17,,,,59,5,5.64,-0.64,-0.43,NORMAL
822766.0,2026-08-30,,,,41,2,2.28,-0.28,-0.29,NORMAL
822769.0,2026-08-28,,,,54,4,4.82,-0.82,-0.65,NORMAL
822770.0,2026-08-29,,,,45,1,0.93,0.07,0.15,NORMAL
822771.0,2026-08-27,,,,63,4,3.22,0.78,0.74,NORMAL
822772.0,2026-08-26,,,,49,1,1.06,-0.06,-0.06,NORMAL
822773.0,2026-08-25,,,,55,0,0.75,-0.75,-1.18,NORMAL
822774.0,2026-08-16,,,,52,1,2.3,-1.3,-1.63,NORMAL
822775.0,2026-08-15,,,,45,0,0.95,-0.95,-1.37,NORMAL
822776.0,2026-08-13,,,,53,1,0.94,0.06,0.08,NORMAL
822777.0,2026-08-14,,,,49,2,1.4,0.6,0.6,NORMAL
822778.0,2026-08-11,,,,50,2,0.79,1.21,1.49,NORMAL
822779.0,2026-08-12,,,,57,1,1.83,-0.83,-0.93,NORMAL
822780.0,2026-08-10,,,,52,1,0.33,0.67,1.3,NORMAL
822781.0,2026-08-01,,,,59,0,0.4,-0.4,-0.65,NORMAL
822782.0,2026-07-31,,,,47,0,1.53,-1.53,-1.86,NORMAL
822783.0,2026-08-02,,,,52,0,0.55,-0.55,-0.8,NORMAL
822784.0,2026-07-22,,,,46,1,1.66,-0.66,-0.75,NORMAL
822785.0,2026-07-23,,,,43,0,0.89,-0.89,-1.09,NORMAL
822786.0,2026-07-19,,,,44,1,2.28,-1.28,-1.46,NORMAL
822787.0,2026-07-21,,,,67,2,1.38,0.62,0.72,NORMAL
822788.0,2026-07-20,,,,60,3,2.7,0.3,0.23,NORMAL
822789.0,2026-07-17,,,,57,4,2.78,1.22,0.91,NORMAL
822790.0,2026-07-18,,,,42,0,0.83,-0.83,-1.0,NORMAL
822791.0,2026-07-01,,,,46,4,2.53,1.47,1.38,NORMAL
822792.0,2026-06-29,,,,47,1,2.16,-1.16,-0.98,NORMAL
822793.0,2026-06-30,,,,47,2,0.83,1.17,1.6,NORMAL
822794.0,2026-06-27,,,,51,3,2.58,0.42,0.39,NORMAL
822795.0,2026-06-28,,,,48,2,2.6,-0.6,-0.68,NORMAL
822796.0,2026-06-26,,,,49,2,1.63,0.37,0.48,NORMAL
822797.0,2026-06-25,,,,52,4,3.28,0.72,0.8,NORMAL
822798.0,2026-06-24,,,,48,1,0.73,0.27,0.33,NORMAL
822799.0,2026-06-23,,,,74,6,6.32,-0.32,-0.23,NORMAL
822800.0,2026-06-22,,,,46,1,0.53,0.47,0.76,NORMAL
822801.0,2026-06-14,,,,61,3,2.34,0.66,0.69,NORMAL
822802.0,2026-06-13,,,,43,3,1.61,1.39,1.67,NORMAL
822803.0,2026-06-12,,,,51,3,3.0,-0.0,-0.0,NORMAL
822804.0,2026-06-10,,,,49,2,0.95,1.05,1.93,NORMAL
822805.0,2026-06-09,,,,41,1,0.78,0.22,0.33,NORMAL
822806.0,2026-06-08,,,,45,2,1.63,0.37,0.41,NORMAL
822807.0,2026-06-07,,,,54,4,4.77,-0.77,-0.68,NORMAL
822808.0,2026-06-06,,,,46,4,3.04,0.96,0.94,NORMAL
822809.0,2026-05-27,,,,38,1,2.26,-1.26,-1.19,NORMAL
822810.0,2026-06-05,,,,60,3,2.49,0.51,0.53,NORMAL
822811.0,2026-05-26,,,,55,3,2.56,0.44,0.38,NORMAL
822812.0,2026-05-25,,,,57,1,1.8,-0.8,-0.81,NORMAL
822813.0,2026-05-24,,,,42,2,1.63,0.37,0.47,NORMAL
822814.0,2026-05-23,,,,48,2,2.02,-0.02,-0.02,NORMAL
822815.0,2026-05-13,,,,51,1,0.96,0.04,0.05,NORMAL
822816.0,2026-05-22,,,,38,0,1.41,-1.41,-1.37,NORMAL
822817.0,2026-05-12,,,,60,1,1.66,-0.66,-0.68,NORMAL
822818.0,2026-05-11,,,,54,3,2.13,0.87,0.9,NORMAL
822819.0,2026-05-10,,,,50,3,2.98,0.02,0.02,NORMAL
822820.0,2026-05-09,,,,68,3,2.54,0.46,0.43,NORMAL
822821.0,2026-04-29,,,,58,2,2.43,-0.43,-0.43,NORMAL
822822.0,2026-05-08,,,,40,0,0.86,-0.86,-1.04,NORMAL
822823.0,2026-04-28,,,,43,0,0.66,-0.66,-0.94,NORMAL
822824.0,2026-04-26,,,,45,1,1.0,0.0,0.0,NORMAL
822825.0,2026-04-27,,,,45,1,1.14,-0.14,-0.15,NORMAL
822826.0,2026-04-25,,,,52,2,1.34,0.66,0.84,NORMAL
822827.0,2026-04-24,,,,59,5,4.86,0.14,0.11,NORMAL
822828.0,2026-04-12,,,,50,2,1.96,0.04,0.07,NORMAL
822829.0,2026-04-10,,,,55,4,5.0,-1.0,-0.78,NORMAL
822830.0,2026-04-11,,,,52,4,2.37,1.63,1.83,NORMAL
822834.0,2026-03-30,,,,60,6,4.73,1.27,0.94,NORMAL
822835.0,2026-04-01,,,,47,0,0.3,-0.3,-0.57,NORMAL
822836.0,2026-03-31,,,,52,1,1.69,-0.69,-0.91,NORMAL
822837.0,2026-03-29,,,,39,4,2.21,1.79,1.75,NORMAL
822838.0,2026-03-28,,,,57,2,1.27,0.73,0.84,NORMAL
822839.0,2026-03-27,,,,43,2,1.37,0.63,0.67,NORMAL
822850.0,2026-09-05,,,,56,5,3.53,1.47,1.44,NORMAL
822851.0,2026-09-02,,,,55,7,3.96,3.04,2.43,JUICED
822852.0,2026-09-04,,,,59,4,2.65,1.35,1.4,NORMAL
822853.0,2026-09-03,,,,51,1,1.47,-0.47,-0.54,NORMAL
822854.0,2026-09-01,,,,54,1,2.03,-1.03,-0.97,NORMAL
822855.0,2026-08-31,,,,47,1,2.31,-1.31,-1.11,NORMAL
822856.0,2026-08-23,,,,49,3,3.56,-0.56,-0.47,NORMAL
822857.0,2026-08-21,,,,46,0,1.68,-1.68,-1.66,NORMAL
822858.0,2026-08-22,,,,51,0,1.16,-1.16,-1.23,NORMAL
822859.0,2026-08-18,,,,50,1,2.31,-1.31,-1.37,NORMAL
822860.0,2026-08-19,,,,50,2,2.09,-0.09,-0.09,NORMAL
822861.0,2026-08-20,,,,34,1,1.2,-0.2,-0.22,NORMAL
822862.0,2026-08-09,,,,60,5,3.65,1.35,0.97,NORMAL
822863.0,2026-08-07,,,,45,1,2.13,-1.13,-1.63,NORMAL
822864.0,2026-08-08,,,,40,2,2.8,-0.8,-0.88,NORMAL
822865.0,2026-08-04,,,,57,1,0.79,0.21,0.26,NORMAL
822866.0,2026-08-05,,,,47,1,1.45,-0.45,-0.45,NORMAL
822867.0,2026-08-03,,,,51,3,1.81,1.19,1.39,NORMAL
822868.0,2026-07-27,,,,48,5,2.91,2.09,1.84,NORMAL
822869.0,2026-07-25,,,,49,0,0.37,-0.37,-0.65,NORMAL
822870.0,2026-07-26,,,,53,3,2.95,0.05,0.05,NORMAL
822871.0,2026-07-21,,,,60,2,2.39,-0.39,-0.35,NORMAL
822872.0,2026-07-24,,,,58,2,1.04,0.96,1.06,NORMAL
822873.0,2026-07-22,,,,44,1,0.4,0.6,1.01,NORMAL
822874.0,2026-07-20,,,,50,2,2.93,-0.93,-0.83,NORMAL
822875.0,2026-07-11,,,,49,5,2.41,2.59,2.45,JUICED
822876.0,2026-07-12,,,,53,3,3.17,-0.17,-0.12,NORMAL
822877.0,2026-07-09,,,,48,3,2.57,0.43,0.34,NORMAL
822878.0,2026-07-10,,,,54,5,4.6,0.4,0.45,NORMAL
822879.0,2026-07-05,,,,54,3,2.61,0.39,0.51,NORMAL
822880.0,2026-07-08,,,,47,4,2.7,1.3,1.23,NORMAL
822881.0,2026-07-07,,,,51,2,1.79,0.21,0.2,NORMAL
822882.0,2026-07-04,,,,53,1,1.8,-0.8,-0.91,NORMAL
822883.0,2026-06-21,,,,47,1,1.13,-0.13,-0.25,NORMAL
822884.0,2026-07-02,,,,62,5,4.09,0.91,0.69,NORMAL
822885.0,2026-06-20,,,,50,2,1.89,0.11,0.1,NORMAL
822886.0,2026-06-19,,,,59,4,4.34,-0.34,-0.31,NORMAL
822887.0,2026-06-15,,,,44,3,2.71,0.29,0.32,NORMAL
822888.0,2026-06-16,,,,63,2,2.61,-0.61,-0.57,NORMAL
822889.0,2026-06-18,,,,58,6,2.01,3.99,3.65,JUICED
822890.0,2026-06-07,,,,56,4,3.35,0.65,0.53,NORMAL
822891.0,2026-06-06,,,,55,2,1.59,0.41,0.51,NORMAL
822892.0,2026-06-05,,,,46,3,2.64,0.36,0.34,NORMAL
822893.0,2026-05-30,,,,63,3,2.71,0.29,0.22,NORMAL
822894.0,2026-05-29,,,,51,3,1.47,1.53,2.19,JUICED
822895.0,2026-05-31,,,,46,1,1.67,-0.67,-0.71,NORMAL
822896.0,2026-05-28,,,,46,3,3.36,-0.36,-0.32,NORMAL
822897.0,2026-05-27,,,,50,4,3.29,0.71,0.65,NORMAL
822898.0,2026-05-26,,,,55,6,4.63,1.37,1.27,NORMAL
822899.0,2026-05-25,,,,52,2,1.57,0.43,0.47,NORMAL
822900.0,2026-05-13,,,,55,1,0.94,0.06,0.07,NORMAL
822901.0,2026-05-11,,,,47,0,1.37,-1.37,-1.48,NORMAL
822902.0,2026-05-10,,,,42,1,2.03,-1.03,-0.91,NORMAL
822903.0,2026-05-12,,,,51,3,3.28,-0.28,-0.28,NORMAL
822904.0,2026-05-08,,,,54,1,2.7,-1.7,-1.59,NORMAL
822905.0,2026-05-09,,,,46,2,0.95,1.05,1.41,NORMAL
822906.0,2026-04-27,,,,52,4,3.88,0.12,0.11,NORMAL
822907.0,2026-04-29,,,,46,0,1.04,-1.04,-1.51,NORMAL
822908.0,2026-04-28,,,,49,2,3.5,-1.5,-1.22,NORMAL
822909.0,2026-04-24,,,,58,5,5.62,-0.62,-0.5,NORMAL
822910.0,2026-04-25,,,,49,1,1.06,-0.06,-0.07,NORMAL
822911.0,2026-04-26,,,,53,0,1.56,-1.56,-1.7,NORMAL
822912.0,2026-04-23,,,,44,3,3.0,0.0,0.0,NORMAL
822913.0,2026-04-22,,,,49,2,1.62,0.38,0.51,NORMAL
822914.0,2026-04-21,,,,46,0,1.55,-1.55,-2.14,DEAD
822929.0,2026-09-01,,,,53,2,2.27,-0.27,-0.32,NORMAL
822931.0,2026-09-02,,,,62,2,2.51,-0.51,-0.47,NORMAL
822932.0,2026-08-31,,,,53,1,1.18,-0.18,-0.22,NORMAL
822933.0,2026-08-30,,,,53,2,1.73,0.27,0.35,NORMAL
822934.0,2026-08-20,,,,50,3,2.66,0.34,0.4,NORMAL
822935.0,2026-08-28,,,,57,3,2.37,0.63,0.64,NORMAL
822936.0,2026-08-29,,,,56,3,1.3,1.7,2.19,JUICED
822937.0,2026-08-19,,,,56,2,1.4,0.6,0.74,NORMAL
822938.0,2026-08-18,,,,73,3,2.87,0.13,0.13,NORMAL
822939.0,2026-08-17,,,,57,6,3.98,2.02,1.6,NORMAL
822940.0,2026-08-16,,,,53,2,2.16,-0.16,-0.14,NORMAL
822941.0,2026-08-15,,,,59,2,2.21,-0.21,-0.25,NORMAL
822942.0,2026-08-14,,,,59,2,3.02,-1.02,-0.93,NORMAL
822943.0,2026-08-02,,,,56,4,3.41,0.59,0.47,NORMAL
822944.0,2026-08-01,,,,36,0,1.49,-1.49,-1.58,NORMAL
822945.0,2026-07-31,,,,55,5,5.23,-0.23,-0.2,NORMAL
822946.0,2026-07-30,,,,43,2,2.38,-0.38,-0.37,NORMAL
822947.0,2026-07-29,,,,41,2,1.6,0.4,0.53,NORMAL
822948.0,2026-07-25,,,,46,0,0.36,-0.36,-0.63,NORMAL
822949.0,2026-07-28,,,,43,1,0.34,0.66,1.25,NORMAL
822950.0,2026-07-26,,,,41,0,0.3,-0.3,-0.58,NORMAL
822951.0,2026-07-12,,,,49,3,1.46,1.54,1.74,NORMAL
822952.0,2026-07-24,,,,57,3,2.45,0.55,0.52,NORMAL
822953.0,2026-07-11,,,,52,1,2.84,-1.84,-1.57,NORMAL
822954.0,2026-07-09,,,,60,4,3.4,0.6,0.49,NORMAL
822955.0,2026-07-10,,,,58,5,3.09,1.91,1.64,NORMAL
822956.0,2026-07-07,,,,46,4,2.29,1.71,1.52,NORMAL
822957.0,2026-07-08,,,,46,0,0.8,-0.8,-1.15,NORMAL
822958.0,2026-07-06,,,,35,3,2.55,0.45,0.47,NORMAL
822959.0,2026-06-28,,,,50,4,2.61,1.39,1.41,NORMAL
822960.0,2026-06-27,,,,46,3,3.29,-0.29,-0.23,NORMAL
822961.0,2026-06-25,,,,52,5,3.65,1.35,1.34,NORMAL
822962.0,2026-06-26,,,,60,3,4.97,-1.97,-1.51,NORMAL
822963.0,2026-06-23,,,,60,4,4.28,-0.28,-0.25,NORMAL
822964.0,2026-06-22,,,,47,0,1.53,-1.53,-1.82,NORMAL
822965.0,2026-06-24,,,,50,1,1.51,-0.51,-0.69,NORMAL
822966.0,2026-06-19,,,,54,4,3.63,0.37,0.34,NORMAL
822967.0,2026-06-20,,,,50,2,2.14,-0.14,-0.15,NORMAL
822968.0,2026-06-21,,,,45,3,2.21,0.79,0.73,NORMAL
822969.0,2026-06-09,,,,57,0,0.8,-0.8,-1.01,NORMAL
822970.0,2026-06-10,,,,49,4,3.58,0.42,0.39,NORMAL
822971.0,2026-06-02,,,,52,3,3.61,-0.61,-0.53,NORMAL
822972.0,2026-06-08,,,,40,2,1.68,0.32,0.41,NORMAL
822973.0,2026-06-03,,,,59,3,2.71,0.29,0.28,NORMAL
822974.0,2026-06-01,,,,58,7,6.0,1.0,0.74,NORMAL
822975.0,2026-05-30,,,,53,5,4.15,0.85,0.77,NORMAL
822976.0,2026-05-31,,,,56,2,2.31,-0.31,-0.3,NORMAL
822978.0,2026-05-29,,,,54,3,2.55,0.45,0.5,NORMAL
822979.0,2026-05-19,,,,39,2,1.91,0.09,0.09,NORMAL
822980.0,2026-05-18,,,,65,3,2.99,0.01,0.01,NORMAL
822981.0,2026-05-16,,,,63,1,2.75,-1.75,-1.58,NORMAL
822982.0,2026-05-17,,,,55,2,1.62,0.38,0.38,NORMAL
822983.0,2026-05-15,,,,54,4,3.0,1.0,0.9,NORMAL
822984.0,2026-05-04,,,,56,1,1.55,-0.55,-0.74,NORMAL
822985.0,2026-05-06,,,,49,0,0.76,-0.76,-1.14,NORMAL
822986.0,2026-05-05,,,,56,1,2.19,-1.19,-1.02,NORMAL
822987.0,2026-05-03,,,,58,0,0.09,-0.09,-0.31,NORMAL
822988.0,2026-05-02,,,,45,0,1.2,-1.2,-1.83,NORMAL
822989.0,2026-04-25,,,,46,1,1.17,-0.17,-0.23,NORMAL
822990.0,2026-05-01,,,,45,2,1.54,0.46,0.63,NORMAL
822991.0,2026-04-26,,,,52,2,0.93,1.07,1.21,NORMAL
822992.0,2026-04-24,,,,54,6,4.69,1.31,1.14,NORMAL
822993.0,2026-04-22,,,,51,1,2.31,-1.31,-1.39,NORMAL
822994.0,2026-04-20,,,,56,1,1.43,-0.43,-0.42,NORMAL
822995.0,2026-04-21,,,,50,6,3.61,2.39,1.97,NORMAL
822996.0,2026-04-11,,,,58,1,2.41,-1.41,-1.37,NORMAL
822997.0,2026-04-10,,,,48,2,1.48,0.52,0.54,NORMAL
822998.0,2026-04-12,,,,51,1,2.25,-1.25,-1.49,NORMAL
823010.0,2026-08-30,,,,51,2,2.68,-0.68,-0.59,NORMAL
823011.0,2026-08-29,,,,50,3,2.07,0.93,0.86,NORMAL
823013.0,2026-08-28,,,,46,1,1.41,-0.41,-0.53,NORMAL
823014.0,2026-08-27,,,,43,3,2.26,0.74,0.7,NORMAL
823015.0,2026-08-26,,,,62,3,3.01,-0.01,-0.01,NORMAL
823016.0,2026-08-25,,,,53,3,3.52,-0.52,-0.54,NORMAL
823017.0,2026-08-12,,,,46,0,0.79,-0.79,-0.99,NORMAL
823018.0,2026-08-10,,,,48,0,2.26,-2.26,-2.1,DEAD
823019.0,2026-08-11,,,,42,1,0.89,0.11,0.13,NORMAL
823020.0,2026-08-09,,,,64,3,4.15,-1.15,-0.97,NORMAL
823021.0,2026-08-08,,,,63,3,3.46,-0.46,-0.49,NORMAL
823022.0,2026-07-29,,,,49,1,2.63,-1.63,-1.49,NORMAL
823023.0,2026-07-30,,,,63,1,2.3,-1.3,-1.31,NORMAL
823024.0,2026-08-07,,,,47,1,1.4,-0.4,-0.45,NORMAL
823025.0,2026-07-27,,,,58,3,2.16,0.84,0.78,NORMAL
823026.0,2026-07-28,,,,64,0,1.69,-1.69,-1.42,NORMAL
823027.0,2026-07-25,,,,46,0,0.43,-0.43,-0.72,NORMAL
823028.0,2026-07-26,,,,54,3,2.99,0.01,0.01,NORMAL
823029.0,2026-07-12,,,,51,0,0.87,-0.87,-1.07,NORMAL
823030.0,2026-07-11,,,,44,2,1.79,0.21,0.33,NORMAL
823031.0,2026-07-24,,,,45,1,1.96,-0.96,-1.1,NORMAL
823032.0,2026-07-08,,,,49,2,2.17,-0.17,-0.18,NORMAL
823033.0,2026-07-10,,,,39,1,2.83,-1.83,-1.73,NORMAL
823034.0,2026-07-09,,,,55,3,2.62,0.38,0.4,NORMAL
823035.0,2026-07-07,,,,58,2,2.34,-0.34,-0.38,NORMAL
823036.0,2026-07-06,,,,54,0,0.76,-0.76,-0.92,NORMAL
823037.0,2026-06-28,,,,47,1,1.41,-0.41,-0.41,NORMAL
823038.0,2026-06-27,,,,54,0,0.34,-0.34,-0.6,NORMAL
823039.0,2026-06-26,,,,51,0,1.26,-1.26,-1.31,NORMAL
823040.0,2026-06-22,,,,56,1,2.16,-1.16,-1.26,NORMAL
823041.0,2026-06-24,,,,63,3,1.94,1.06,0.99,NORMAL
823042.0,2026-07-23,,,,72,1,3.48,-2.48,-1.88,NORMAL
823043.0,2026-06-23,,,,51,0,1.79,-1.79,-1.51,NORMAL
823044.0,2026-06-17,,,,56,1,1.02,-0.02,-0.03,NORMAL
823045.0,2026-06-16,,,,50,0,0.94,-0.94,-1.33,NORMAL
823046.0,2026-06-15,,,,43,0,0.75,-0.75,-1.04,NORMAL
823047.0,2026-06-07,,,,53,4,2.26,1.74,1.61,NORMAL
823048.0,2026-06-06,,,,58,3,2.8,0.2,0.18,NORMAL
823049.0,2026-06-05,,,,52,1,2.15,-1.15,-1.16,NORMAL
823050.0,2026-06-01,,,,47,1,0.58,0.42,0.68,NORMAL
823051.0,2026-06-03,,,,52,0,0.47,-0.47,-0.73,NORMAL
823052.0,2026-06-02,,,,51,1,0.75,0.25,0.32,NORMAL
823053.0,2026-05-31,,,,51,1,2.08,-1.08,-1.14,NORMAL
823054.0,2026-05-30,,,,55,1,3.22,-2.22,-1.97,NORMAL
823055.0,2026-05-29,,,,57,4,4.36,-0.36,-0.31,NORMAL
823056.0,2026-05-21,,,,50,3,1.58,1.42,1.67,NORMAL
823058.0,2026-05-17,,,,52,1,0.89,0.11,0.14,NORMAL
823059.0,2026-05-19,,,,52,4,4.0,0.0,0.0,NORMAL
823060.0,2026-05-16,,,,58,1,3.02,-2.02,-1.87,NORMAL
823061.0,2026-05-15,,,,62,2,1.85,0.15,0.13,NORMAL
823062.0,2026-07-07,,,,54,2,2.43,-0.43,-0.39,NORMAL
823063.0,2026-05-06,,,,51,1,1.49,-0.49,-0.52,NORMAL
823064.0,2026-05-04,,,,56,1,1.82,-0.82,-0.72,NORMAL
823065.0,2026-05-03,,,,60,0,1.23,-1.23,-1.33,NORMAL
823066.0,2026-05-01,,,,52,2,2.59,-0.59,-0.59,NORMAL
823067.0,2026-05-02,,,,48,1,1.9,-0.9,-0.77,NORMAL
823068.0,2026-04-26,,,,50,4,5.95,-1.95,-1.82,NORMAL
823069.0,2026-04-24,,,,48,1,2.4,-1.4,-1.41,NORMAL
823070.0,2026-04-25,,,,69,8,7.7,0.3,0.24,NORMAL
823071.0,2026-04-15,,,,49,0,0.41,-0.41,-0.68,NORMAL
823072.0,2026-04-14,,,,57,5,4.91,0.09,0.09,NORMAL
823073.0,2026-04-13,,,,61,3,3.25,-0.25,-0.23,NORMAL
823074.0,2026-04-11,,,,52,1,1.85,-0.85,-0.89,NORMAL
823075.0,2026-04-12,,,,63,3,2.96,0.04,0.03,NORMAL
823076.0,2026-04-10,,,,48,0,2.0,-2.0,-2.06,DEAD
823077.0,2026-03-31,,,,43,1,2.54,-1.54,-1.37,NORMAL
823078.0,2026-04-01,,,,55,1,2.83,-1.83,-1.66,NORMAL
823079.0,2026-03-29,,,,70,3,3.38,-0.38,-0.43,NORMAL
823080.0,2026-03-30,,,,54,1,1.85,-0.85,-1.01,NORMAL
823081.0,2026-03-26,,,,75,3,2.71,0.29,0.3,NORMAL
823082.0,2026-03-28,,,,53,0,3.1,-3.1,-3.26,DEAD
823093.0,2026-09-04,,,,55,5,3.28,1.72,1.53,NORMAL
823094.0,2026-09-05,,,,51,2,1.75,0.25,0.31,NORMAL
823095.0,2026-09-03,,,,49,2,1.35,0.65,0.77,NORMAL
823096.0,2026-08-26,,,,44,2,2.72,-0.72,-0.66,NORMAL
823097.0,2026-08-24,,,,45,6,3.38,2.62,2.26,JUICED
823098.0,2026-08-25,,,,43,1,1.38,-0.38,-0.51,NORMAL
823099.0,2026-08-23,,,,61,5,2.25,2.75,2.67,JUICED
823100.0,2026-08-22,,,,45,4,3.03,0.97,0.83,NORMAL
823101.0,2026-08-21,,,,62,5,4.4,0.6,0.51,NORMAL
823102.0,2026-08-08,,,,55,3,2.46,0.54,0.63,NORMAL
823103.0,2026-08-07,,,,41,3,2.52,0.48,0.52,NORMAL
823104.0,2026-08-09,,,,61,0,1.65,-1.65,-1.52,NORMAL
823105.0,2026-08-06,,,,55,2,1.92,0.08,0.09,NORMAL
823106.0,2026-08-05,,,,45,3,2.42,0.58,0.54,NORMAL
823107.0,2026-08-02,,,,66,4,3.87,0.13,0.1,NORMAL
823108.0,2026-08-04,,,,49,3,1.49,1.51,1.53,NORMAL
823109.0,2026-08-01,,,,48,3,2.64,0.36,0.31,NORMAL
823110.0,2026-07-22,,,,57,2,2.05,-0.05,-0.05,NORMAL
823111.0,2026-07-31,,,,42,4,2.07,1.93,2.03,JUICED
823112.0,2026-07-20,,,,49,1,0.86,0.14,0.24,NORMAL
823113.0,2026-07-19,,,,43,3,2.32,0.68,0.65,NORMAL
823114.0,2026-07-21,,,,52,5,3.28,1.72,1.8,NORMAL
823115.0,2026-07-17,,,,55,2,1.44,0.56,0.61,NORMAL
823116.0,2026-07-18,,,,49,3,1.04,1.96,3.09,JUICED
823117.0,2026-07-05,,,,44,1,0.74,0.26,0.37,NORMAL
823118.0,2026-07-04,,,,46,3,2.69,0.31,0.39,NORMAL
823119.0,2026-07-02,,,,37,0,0.45,-0.45,-0.73,NORMAL
823120.0,2026-07-03,,,,48,0,1.3,-1.3,-1.45,NORMAL
823121.0,2026-06-29,,,,48,4,3.38,0.62,0.63,NORMAL
823122.0,2026-06-30,,,,46,0,0.23,-0.23,-0.5,NORMAL
823123.0,2026-06-21,,,,42,2,2.07,-0.07,-0.07,NORMAL
823124.0,2026-06-19,,,,45,2,0.73,1.27,1.73,NORMAL
823125.0,2026-06-18,,,,38,0,0.89,-0.89,-1.13,NORMAL
823126.0,2026-06-20,,,,39,1,0.49,0.51,0.81,NORMAL
823127.0,2026-06-17,,,,43,4,3.42,0.58,0.53,NORMAL
823128.0,2026-06-16,,,,44,0,1.26,-1.26,-2.14,DEAD
823129.0,2026-06-02,,,,47,5,4.13,0.87,0.85,NORMAL
823130.0,2026-06-03,,,,54,1,0.7,0.3,0.48,NORMAL
823131.0,2026-06-01,,,,41,4,3.01,0.99,0.86,NORMAL
823132.0,2026-05-30,,,,51,4,3.47,0.53,0.53,NORMAL
823133.0,2026-05-31,,,,53,2,1.7,0.3,0.42,NORMAL
823135.0,2026-05-29,,,,65,5,3.01,1.99,1.54,NORMAL
823136.0,2026-05-19,,,,32,0,0.45,-0.45,-0.76,NORMAL
823137.0,2026-05-18,,,,45,3,2.33,0.67,0.58,NORMAL
823138.0,2026-05-17,,,,47,2,4.01,-2.01,-1.61,NORMAL
823139.0,2026-05-16,,,,52,4,2.23,1.77,1.53,NORMAL
823140.0,2026-05-15,,,,51,0,1.81,-1.81,-1.62,NORMAL
823141.0,2026-05-06,,,,41,1,2.04,-1.04,-1.12,NORMAL
823142.0,2026-05-05,,,,37,2,1.93,0.07,0.07,NORMAL
823143.0,2026-05-04,,,,50,6,5.29,0.71,0.54,NORMAL
823144.0,2026-05-02,,,,47,0,0.15,-0.15,-0.4,NORMAL
823145.0,2026-05-03,,,,46,0,1.2,-1.2,-1.52,NORMAL
823146.0,2026-05-01,,,,50,6,4.49,1.51,1.51,NORMAL
823147.0,2026-04-22,,,,59,2,2.04,-0.04,-0.05,NORMAL
823148.0,2026-04-21,,,,58,3,3.25,-0.25,-0.21,NORMAL
823149.0,2026-04-20,,,,61,5,3.63,1.37,1.27,NORMAL
823150.0,2026-04-19,,,,46,3,3.67,-0.67,-0.54,NORMAL
823151.0,2026-04-18,,,,57,2,1.94,0.06,0.07,NORMAL
823152.0,2026-04-17,,,,53,1,1.99,-0.99,-0.93,NORMAL
823153.0,2026-04-13,,,,60,2,3.38,-1.38,-1.09,NORMAL
823154.0,2026-04-12,,,,45,1,0.58,0.42,0.64,NORMAL
823155.0,2026-04-11,,,,56,3,4.32,-1.32,-1.06,NORMAL
823156.0,2026-04-10,,,,46,2,3.31,-1.31,-1.32,NORMAL
823157.0,2026-04-01,,,,46,2,2.56,-0.56,-0.65,NORMAL
823158.0,2026-03-31,,,,46,0,0.26,-0.26,-0.54,NORMAL
823159.0,2026-03-30,,,,46,0,0.14,-0.14,-0.39,NORMAL
823160.0,2026-03-29,,,,39,1,1.47,-0.47,-0.47,NORMAL
823161.0,2026-03-28,,,,50,2,2.14,-0.14,-0.14,NORMAL
823162.0,2026-03-27,,,,36,3,1.86,1.14,1.22,NORMAL
823163.0,2026-03-26,,,,45,6,5.79,0.21,0.19,NORMAL
823176.0,2026-08-29,,,,49,0,0.59,-0.59,-1.0,NORMAL
823177.0,2026-08-29,,,,52,1,2.0,-1.0,-1.35,NORMAL
823178.0,2026-08-28,,,,53,5,3.39,1.61,1.35,NORMAL
823179.0,2026-08-27,,,,51,2,2.18,-0.18,-0.18,NORMAL
823180.0,2026-08-26,,,,59,6,5.76,0.24,0.18,NORMAL
823181.0,2026-08-25,,,,50,2,2.98,-0.98,-0.8,NORMAL
823182.0,2026-08-16,,,,57,3,2.48,0.52,0.51,NORMAL
823183.0,2026-08-24,,,,46,1,2.67,-1.67,-1.73,NORMAL
823184.0,2026-08-15,,,,50,1,1.26,-0.26,-0.32,NORMAL
823185.0,2026-08-14,,,,52,2,3.72,-1.72,-1.48,NORMAL
823186.0,2026-08-11,,,,53,1,1.56,-0.56,-0.63,NORMAL
823187.0,2026-08-12,,,,47,0,2.94,-2.94,-2.84,DEAD
823188.0,2026-08-08,,,,52,0,0.67,-0.67,-0.88,NORMAL
823189.0,2026-08-10,,,,58,3,3.57,-0.57,-0.44,NORMAL
823190.0,2026-08-09,,,,49,0,0.34,-0.34,-0.61,NORMAL
823191.0,2026-08-07,,,,52,2,1.39,0.61,0.76,NORMAL
823192.0,2026-07-29,,,,63,2,0.75,1.25,1.57,NORMAL
823193.0,2026-07-28,,,,58,1,0.82,0.18,0.24,NORMAL
823194.0,2026-07-26,,,,44,2,1.93,0.07,0.08,NORMAL
823195.0,2026-07-27,,,,42,1,0.77,0.23,0.29,NORMAL
823196.0,2026-07-24,,,,54,3,2.83,0.17,0.14,NORMAL
823197.0,2026-07-25,,,,54,2,0.8,1.2,1.6,NORMAL
823198.0,2026-07-11,,,,49,2,1.84,0.16,0.2,NORMAL
823199.0,2026-07-12,,,,51,1,1.25,-0.25,-0.32,NORMAL
823200.0,2026-07-10,,,,59,1,1.13,-0.13,-0.14,NORMAL
823201.0,2026-07-09,,,,50,4,5.15,-1.15,-0.86,NORMAL
823202.0,2026-07-08,,,,54,3,1.48,1.52,1.49,NORMAL
823203.0,2026-07-07,,,,62,1,0.7,0.3,0.45,NORMAL
823204.0,2026-06-28,,,,52,0,0.4,-0.4,-0.68,NORMAL
823205.0,2026-07-06,,,,48,3,3.64,-0.64,-0.6,NORMAL
823206.0,2026-06-26,,,,58,0,2.39,-2.39,-2.34,DEAD
823207.0,2026-06-27,,,,42,2,1.59,0.41,0.38,NORMAL
823208.0,2026-06-24,,,,39,3,3.31,-0.31,-0.25,NORMAL
823209.0,2026-06-25,,,,53,2,1.89,0.11,0.12,NORMAL
823210.0,2026-06-23,,,,41,1,1.03,-0.03,-0.05,NORMAL
823211.0,2026-06-12,,,,49,2,2.83,-0.83,-0.76,NORMAL
823212.0,2026-06-14,,,,54,1,0.28,0.72,1.43,NORMAL
823213.0,2026-06-13,,,,51,3,2.79,0.21,0.17,NORMAL
823214.0,2026-06-09,,,,55,2,2.55,-0.55,-0.52,NORMAL
823215.0,2026-06-10,,,,66,6,4.1,1.9,1.34,NORMAL
823216.0,2026-05-26,,,,51,5,4.95,0.05,0.05,NORMAL
823217.0,2026-05-27,,,,52,0,0.82,-0.82,-1.32,NORMAL
823218.0,2026-06-08,,,,58,0,1.15,-1.15,-1.2,NORMAL
823219.0,2026-05-25,,,,54,1,1.77,-0.77,-0.82,NORMAL
823220.0,2026-05-24,,,,51,4,4.41,-0.41,-0.32,NORMAL
823221.0,2026-05-10,,,,72,3,2.65,0.35,0.34,NORMAL
823222.0,2026-05-23,,,,54,3,1.89,1.11,0.99,NORMAL
823223.0,2026-05-22,,,,13,0,0.02,-0.02,-0.14,NORMAL
823224.0,2026-05-09,,,,61,1,1.09,-0.09,-0.1,NORMAL
823225.0,2026-05-08,,,,50,2,1.85,0.15,0.17,NORMAL
823226.0,2026-05-06,,,,47,3,2.12,0.88,0.96,NORMAL
823227.0,2026-05-05,,,,62,3,2.25,0.75,0.78,NORMAL
823228.0,2026-05-04,,,,46,3,1.8,1.2,1.53,NORMAL
823229.0,2026-04-25,,,,53,3,2.38,0.62,0.55,NORMAL
823230.0,2026-04-26,,,,48,2,1.89,0.11,0.12,NORMAL
823231.0,2026-04-22,,,,50,1,1.14,-0.14,-0.18,NORMAL
823232.0,2026-04-24,,,,66,3,3.17,-0.17,-0.15,NORMAL
823233.0,2026-04-23,,,,44,0,0.3,-0.3,-0.56,NORMAL
823236.0,2026-04-21,,,,38,0,1.54,-1.54,-1.54,NORMAL
823241.0,2026-03-28,,,,47,1,2.56,-1.56,-1.39,NORMAL
823243.0,2026-03-27,,,,42,2,2.41,-0.41,-0.61,NORMAL
823244.0,2026-03-25,,,,49,0,1.09,-1.09,-1.3,NORMAL
823255.0,2026-08-26,,,,49,0,1.35,-1.35,-1.39,NORMAL
823256.0,2026-09-04,,,,43,2,1.75,0.25,0.28,NORMAL
823257.0,2026-09-05,,,,46,1,1.04,-0.04,-0.05,NORMAL
823258.0,2026-08-23,,,,51,4,3.26,0.74,0.72,NORMAL
823259.0,2026-08-25,,,,43,1,1.36,-0.36,-0.41,NORMAL
823260.0,2026-08-24,,,,58,1,1.19,-0.19,-0.32,NORMAL
823261.0,2026-08-22,,,,60,4,3.45,0.55,0.47,NORMAL
823262.0,2026-08-21,,,,43,1,2.42,-1.42,-1.51,NORMAL
823263.0,2026-08-12,,,,50,2,2.19,-0.19,-0.22,NORMAL
823264.0,2026-08-11,,,,63,3,1.78,1.22,1.2,NORMAL
823265.0,2026-08-10,,,,41,3,1.77,1.23,1.14,NORMAL
823266.0,2026-08-07,,,,56,3,2.25,0.75,0.85,NORMAL
823267.0,2026-08-08,,,,44,2,1.78,0.22,0.28,NORMAL
823268.0,2026-08-09,,,,54,5,4.86,0.14,0.11,NORMAL
823269.0,2026-08-01,,,,50,2,1.67,0.33,0.42,NORMAL
823270.0,2026-08-02,,,,47,3,2.32,0.68,0.8,NORMAL
823271.0,2026-07-30,,,,55,1,2.24,-1.24,-1.57,NORMAL
823272.0,2026-07-31,,,,51,1,1.86,-0.86,-0.9,NORMAL
823273.0,2026-07-29,,,,44,0,0.85,-0.85,-1.05,NORMAL
823274.0,2026-07-12,,,,52,2,1.75,0.25,0.22,NORMAL
823275.0,2026-07-28,,,,59,2,1.96,0.04,0.06,NORMAL
823276.0,2026-07-11,,,,50,3,2.78,0.22,0.18,NORMAL
823277.0,2026-07-09,,,,42,2,1.2,0.8,0.91,NORMAL
823278.0,2026-07-10,,,,58,2,2.09,-0.09,-0.11,NORMAL
823279.0,2026-07-08,,,,64,2,1.44,0.56,0.71,NORMAL
823280.0,2026-07-07,,,,46,1,2.28,-1.28,-1.57,NORMAL
823281.0,2026-06-28,,,,44,1,1.42,-0.42,-0.61,NORMAL
823282.0,2026-07-06,,,,53,3,1.71,1.29,1.53,NORMAL
823283.0,2026-06-27,,,,66,4,4.54,-0.54,-0.4,NORMAL
823284.0,2026-06-24,,,,49,2,2.18,-0.18,-0.27,NORMAL
823285.0,2026-06-26,,,,48,2,1.81,0.19,0.17,NORMAL
823286.0,2026-06-23,,,,54,2,2.86,-0.86,-0.66,NORMAL
823287.0,2026-06-10,,,,60,4,2.71,1.29,1.53,NORMAL
823288.0,2026-06-22,,,,43,1,1.06,-0.06,-0.07,NORMAL
823289.0,2026-06-08,,,,52,1,2.38,-1.38,-1.24,NORMAL
823290.0,2026-06-09,,,,56,1,1.24,-0.24,-0.26,NORMAL
823291.0,2026-06-07,,,,58,4,5.24,-1.24,-0.86,NORMAL
823292.0,2026-06-06,,,,43,2,1.71,0.29,0.29,NORMAL
823293.0,2026-06-05,,,,52,2,2.24,-0.24,-0.27,NORMAL
823294.0,2026-05-26,,,,51,5,4.5,0.5,0.47,NORMAL
823295.0,2026-05-27,,,,51,1,3.38,-2.38,-1.85,NORMAL
823296.0,2026-05-25,,,,41,2,3.56,-1.56,-1.4,NORMAL
823297.0,2026-05-24,,,,51,2,1.33,0.67,0.76,NORMAL
823298.0,2026-05-22,,,,26,2,1.8,0.2,0.29,NORMAL
823300.0,2026-05-23,,,,38,0,0.08,-0.08,-0.29,NORMAL
823301.0,2026-05-18,,,,38,1,0.48,0.52,0.79,NORMAL
823302.0,2026-05-19,,,,50,4,2.8,1.2,0.96,NORMAL
823303.0,2026-05-08,,,,46,0,0.04,-0.04,-0.21,NORMAL
823304.0,2026-05-09,,,,41,1,1.91,-0.91,-0.76,NORMAL
823305.0,2026-05-10,,,,45,2,3.73,-1.73,-1.65,NORMAL
823306.0,2026-05-07,,,,40,1,1.43,-0.43,-0.57,NORMAL
823307.0,2026-05-03,,,,39,4,4.07,-0.07,-0.06,NORMAL
823308.0,2026-05-02,,,,43,0,0.74,-0.74,-0.94,NORMAL
823309.0,2026-05-01,,,,55,2,2.2,-0.2,-0.25,NORMAL
823310.0,2026-04-28,,,,52,2,2.26,-0.26,-0.25,NORMAL
823311.0,2026-04-27,,,,57,3,4.1,-1.1,-0.99,NORMAL
823312.0,2026-04-29,,,,53,4,3.37,0.63,0.46,NORMAL
823313.0,2026-04-16,,,,47,0,1.22,-1.22,-1.2,NORMAL
823314.0,2026-04-15,,,,52,2,5.65,-3.65,-2.4,DEAD
823315.0,2026-04-14,,,,52,0,0.66,-0.66,-0.89,NORMAL
823316.0,2026-04-11,,,,51,5,4.78,0.22,0.16,NORMAL
823317.0,2026-04-12,,,,45,3,2.85,0.15,0.17,NORMAL
823318.0,2026-04-10,,,,50,3,3.41,-0.41,-0.38,NORMAL
823320.0,2026-03-30,,,,43,2,1.95,0.05,0.08,NORMAL
823321.0,2026-04-01,,,,44,1,1.08,-0.08,-0.09,NORMAL
823322.0,2026-03-31,,,,58,2,1.32,0.68,0.74,NORMAL
823323.0,2026-03-28,,,,41,0,1.57,-1.57,-1.61,NORMAL
823324.0,2026-03-27,,,,44,0,0.91,-0.91,-1.14,NORMAL
823325.0,2026-03-26,,,,55,2,3.18,-1.18,-1.25,NORMAL
823335.0,2026-09-05,,,,49,2,2.81,-0.81,-0.79,NORMAL
823337.0,2026-09-03,,,,41,0,1.5,-1.5,-1.74,NORMAL
823338.0,2026-09-04,,,,36,0,0.13,-0.13,-0.37,NORMAL
823339.0,2026-09-02,,,,60,1,2.0,-1.0,-1.03,NORMAL
823340.0,2026-09-01,,,,69,2,1.28,0.72,1.04,NORMAL
823341.0,2026-08-18,,,,50,2,2.84,-0.84,-0.97,NORMAL
823342.0,2026-08-19,,,,45,3,3.18,-0.18,-0.2,NORMAL
823343.0,2026-08-17,,,,55,1,1.11,-0.11,-0.15,NORMAL
823344.0,2026-08-16,,,,45,1,2.66,-1.66,-1.58,NORMAL
823345.0,2026-08-09,,,,49,3,2.77,0.23,0.25,NORMAL
823346.0,2026-08-14,,,,50,2,1.74,0.26,0.23,NORMAL
823347.0,2026-08-15,,,,44,1,1.64,-0.64,-0.78,NORMAL
823348.0,2026-08-08,,,,47,1,2.1,-1.1,-1.1,NORMAL
823349.0,2026-08-07,,,,58,0,0.61,-0.61,-0.87,NORMAL
823350.0,2026-07-28,,,,81,2,2.99,-0.99,-0.82,NORMAL
823351.0,2026-07-29,,,,52,1,0.45,0.55,0.88,NORMAL
823352.0,2026-07-24,,,,55,1,1.57,-0.57,-0.59,NORMAL
823353.0,2026-07-27,,,,58,0,1.01,-1.01,-1.2,NORMAL
823354.0,2026-07-26,,,,54,4,4.31,-0.31,-0.29,NORMAL
823355.0,2026-07-25,,,,52,1,0.97,0.03,0.03,NORMAL
823356.0,2026-07-11,,,,48,1,2.0,-1.0,-1.07,NORMAL
823357.0,2026-07-11,,,,49,4,2.56,1.44,1.4,NORMAL
823358.0,2026-07-12,,,,54,3,1.97,1.03,0.93,NORMAL
823359.0,2026-07-09,,,,55,6,6.62,-0.62,-0.43,NORMAL
823360.0,2026-07-08,,,,39,1,1.86,-0.86,-0.94,NORMAL
823361.0,2026-07-07,,,,63,3,1.75,1.25,1.24,NORMAL
823362.0,2026-06-28,,,,51,4,4.52,-0.52,-0.46,NORMAL
823363.0,2026-06-26,,,,48,4,3.37,0.63,0.71,NORMAL
823364.0,2026-06-27,,,,52,4,3.39,0.61,0.55,NORMAL
823365.0,2026-06-23,,,,51,2,1.99,0.01,0.0,NORMAL
823366.0,2026-06-25,,,,44,2,1.64,0.36,0.45,NORMAL
823367.0,2026-06-24,,,,53,0,1.52,-1.52,-1.5,NORMAL
823368.0,2026-06-14,,,,46,3,1.84,1.16,1.27,NORMAL
823369.0,2026-06-13,,,,45,0,1.04,-1.04,-1.73,NORMAL
823370.0,2026-06-12,,,,54,3,2.07,0.93,0.85,NORMAL
823371.0,2026-06-11,,,,59,3,2.73,0.27,0.22,NORMAL
823372.0,2026-06-10,,,,54,5,4.45,0.55,0.43,NORMAL
823373.0,2026-05-31,,,,40,4,2.48,1.52,1.23,NORMAL
823374.0,2026-06-09,,,,53,3,3.17,-0.17,-0.15,NORMAL
823375.0,2026-05-30,,,,63,3,3.54,-0.54,-0.42,NORMAL
823376.0,2026-05-27,,,,54,4,3.12,0.88,0.73,NORMAL
823377.0,2026-05-29,,,,43,4,3.14,0.86,1.03,NORMAL
823378.0,2026-05-28,,,,45,2,2.03,-0.03,-0.03,NORMAL
823379.0,2026-05-26,,,,58,2,1.97,0.03,0.02,NORMAL
823380.0,2026-05-25,,,,48,2,2.45,-0.45,-0.47,NORMAL
823381.0,2026-05-17,,,,44,2,2.25,-0.25,-0.25,NORMAL
823382.0,2026-05-16,,,,43,1,2.15,-1.15,-1.14,NORMAL
823383.0,2026-05-14,,,,50,1,1.35,-0.35,-0.33,NORMAL
823384.0,2026-05-15,,,,65,5,4.87,0.13,0.11,NORMAL
823385.0,2026-05-12,,,,44,0,1.24,-1.24,-1.35,NORMAL
823386.0,2026-05-13,,,,59,3,3.71,-0.71,-0.59,NORMAL
823387.0,2026-05-03,,,,41,0,1.42,-1.42,-1.64,NORMAL
823388.0,2026-05-02,,,,56,2,2.99,-0.99,-0.78,NORMAL
823389.0,2026-05-01,,,,53,4,2.69,1.31,1.1,NORMAL
823390.0,2026-04-28,,,,54,5,4.82,0.18,0.14,NORMAL
823391.0,2026-04-30,,,,54,3,5.12,-2.12,-1.74,NORMAL
823392.0,2026-04-29,,,,51,2,2.28,-0.28,-0.25,NORMAL
823393.0,2026-04-19,,,,52,3,4.54,-1.54,-1.24,NORMAL
823394.0,2026-04-18,,,,71,3,4.23,-1.23,-0.9,NORMAL
823395.0,2026-04-27,,,,50,2,1.59,0.41,0.47,NORMAL
823396.0,2026-04-16,,,,62,1,2.69,-1.69,-1.61,NORMAL
823397.0,2026-04-17,,,,54,1,1.68,-0.68,-0.7,NORMAL
823398.0,2026-04-14,,,,52,3,2.29,0.71,0.67,NORMAL
823399.0,2026-04-15,,,,43,0,0.73,-0.73,-0.98,NORMAL
823400.0,2026-04-13,,,,58,4,3.88,0.12,0.09,NORMAL
823418.0,2026-09-04,,,,51,2,2.0,-0.0,-0.0,NORMAL
823419.0,2026-09-05,,,,46,3,2.63,0.37,0.41,NORMAL
823420.0,2026-08-21,,,,58,2,2.12,-0.12,-0.1,NORMAL
823421.0,2026-08-23,,,,56,2,1.91,0.09,0.1,NORMAL
823422.0,2026-08-22,,,,60,3,4.3,-1.3,-0.91,NORMAL
823423.0,2026-08-18,,,,47,1,0.54,0.46,0.7,NORMAL
823424.0,2026-08-19,,,,56,2,1.09,0.91,0.99,NORMAL
823425.0,2026-08-09,,,,64,2,1.62,0.38,0.52,NORMAL
823426.0,2026-08-08,,,,63,4,2.09,1.91,1.76,NORMAL
823427.0,2026-08-17,,,,61,1,0.55,0.45,0.78,NORMAL
823428.0,2026-08-07,,,,54,2,2.01,-0.01,-0.01,NORMAL
823429.0,2026-08-05,,,,62,2,2.08,-0.08,-0.09,NORMAL
823430.0,2026-08-06,,,,55,1,1.08,-0.08,-0.09,NORMAL
823431.0,2026-08-03,,,,43,4,2.59,1.41,1.31,NORMAL
823432.0,2026-08-04,,,,52,0,0.8,-0.8,-1.06,NORMAL
823433.0,2026-07-26,,,,47,2,1.44,0.56,0.73,NORMAL
823434.0,2026-07-24,,,,35,1,0.36,0.64,1.15,NORMAL
823435.0,2026-07-25,,,,49,2,1.63,0.37,0.5,NORMAL
823436.0,2026-07-20,,,,54,7,3.63,3.37,2.77,JUICED
823437.0,2026-07-21,,,,42,1,0.39,0.61,1.07,NORMAL
823438.0,2026-07-22,,,,54,4,2.84,1.16,0.92,NORMAL
823439.0,2026-07-19,,,,49,2,1.95,0.05,0.07,NORMAL
823440.0,2026-07-16,,,,46,4,2.17,1.83,1.63,NORMAL
823441.0,2026-07-18,,,,46,3,2.46,0.54,0.66,NORMAL
823442.0,2026-07-02,,,,48,2,1.77,0.23,0.22,NORMAL
823444.0,2026-06-29,,,,48,7,5.17,1.83,1.44,NORMAL
823445.0,2026-06-30,,,,47,1,0.28,0.72,1.41,NORMAL
823446.0,2026-07-01,,,,49,4,1.22,2.78,2.86,JUICED
823447.0,2026-06-20,,,,62,6,4.36,1.64,1.58,NORMAL
823448.0,2026-06-18,,,,53,2,1.95,0.05,0.05,NORMAL
823449.0,2026-06-21,,,,43,3,1.88,1.12,2.12,JUICED
823450.0,2026-06-17,,,,57,5,4.58,0.42,0.38,NORMAL
823451.0,2026-06-16,,,,45,4,2.07,1.93,1.9,NORMAL
823452.0,2026-06-15,,,,50,2,3.11,-1.11,-1.18,NORMAL
823453.0,2026-06-07,,,,50,2,2.0,0.0,0.0,NORMAL
823454.0,2026-06-06,,,,43,4,2.28,1.72,1.81,NORMAL
823455.0,2026-06-05,,,,56,5,3.89,1.11,0.8,NORMAL
823456.0,2026-06-03,,,,44,2,2.29,-0.29,-0.29,NORMAL
823457.0,2026-06-04,,,,44,3,3.03,-0.03,-0.04,NORMAL
823458.0,2026-05-23,,,,40,0,0.3,-0.3,-0.58,NORMAL
823459.0,2026-05-24,,,,49,1,1.15,-0.15,-0.24,NORMAL
823460.0,2026-06-02,,,,46,2,1.59,0.41,0.47,NORMAL
823461.0,2026-05-22,,,,41,1,1.55,-0.55,-0.53,NORMAL
823463.0,2026-05-10,,,,53,3,1.65,1.35,1.44,NORMAL
823464.0,2026-05-19,,,,39,1,1.1,-0.1,-0.17,NORMAL
823465.0,2026-05-18,,,,51,3,1.03,1.97,2.24,JUICED
823466.0,2026-05-08,,,,58,4,2.7,1.3,1.28,NORMAL
823467.0,2026-05-07,,,,54,5,6.16,-1.16,-0.86,NORMAL
823468.0,2026-05-09,,,,53,4,3.48,0.52,0.44,NORMAL
823469.0,2026-05-05,,,,51,3,2.77,0.23,0.2,NORMAL
823470.0,2026-05-06,,,,56,2,1.79,0.21,0.22,NORMAL
823471.0,2026-04-30,,,,63,2,2.6,-0.6,-0.59,NORMAL
823472.0,2026-04-30,,,,51,1,1.54,-0.54,-0.78,NORMAL
823473.0,2026-04-28,,,,44,0,0.43,-0.43,-0.73,NORMAL
823474.0,2026-04-18,,,,46,1,1.15,-0.15,-0.2,NORMAL
823475.0,2026-04-19,,,,52,2,2.27,-0.27,-0.27,NORMAL
823476.0,2026-04-17,,,,61,4,4.13,-0.13,-0.09,NORMAL
823477.0,2026-04-15,,,,52,4,2.82,1.18,1.05,NORMAL
823478.0,2026-04-14,,,,55,2,1.26,0.74,0.77,NORMAL
823479.0,2026-04-12,,,,53,1,1.44,-0.44,-0.49,NORMAL
823480.0,2026-04-11,,,,39,3,3.2,-0.2,-0.24,NORMAL
823481.0,2026-04-13,,,,60,3,1.3,1.7,1.76,NORMAL
823482.0,2026-04-10,,,,41,1,0.93,0.07,0.08,NORMAL
823483.0,2026-04-01,,,,61,3,2.39,0.61,0.54,NORMAL
823484.0,2026-03-30,,,,64,1,1.19,-0.19,-0.2,NORMAL
823485.0,2026-03-31,,,,51,2,1.27,0.73,0.95,NORMAL
823486.0,2026-03-26,,,,48,3,1.15,1.85,2.24,JUICED
823487.0,2026-03-29,,,,43,2,1.95,0.05,0.05,NORMAL
823488.0,2026-03-28,,,,51,2,2.48,-0.48,-0.45,NORMAL
823501.0,2026-08-29,,,,55,1,0.9,0.1,0.11,NORMAL
823502.0,2026-08-30,,,,60,5,3.42,1.58,1.37,NORMAL
823503.0,2026-08-27,,,,50,2,2.33,-0.33,-0.28,NORMAL
823504.0,2026-08-28,,,,37,1,1.73,-0.73,-0.99,NORMAL
823505.0,2026-08-25,,,,64,5,4.6,0.4,0.29,NORMAL
823506.0,2026-08-26,,,,48,3,2.49,0.51,0.47,NORMAL
823507.0,2026-08-23,,,,50,2,1.57,0.43,0.41,NORMAL
823508.0,2026-08-13,,,,40,1,0.8,0.2,0.32,NORMAL
823509.0,2026-08-22,,,,53,2,2.62,-0.62,-0.74,NORMAL
823510.0,2026-08-21,,,,42,1,1.82,-0.82,-0.89,NORMAL
823511.0,2026-08-12,,,,53,5,2.82,2.18,1.85,NORMAL
823512.0,2026-08-11,,,,43,1,0.63,0.37,0.51,NORMAL
823513.0,2026-08-09,,,,42,2,3.28,-1.28,-1.14,NORMAL
823514.0,2026-08-08,,,,43,3,2.42,0.58,0.57,NORMAL
823515.0,2026-08-07,,,,45,2,2.29,-0.29,-0.29,NORMAL
823516.0,2026-08-05,,,,47,0,0.67,-0.67,-0.89,NORMAL
823517.0,2026-08-04,,,,44,2,2.01,-0.01,-0.01,NORMAL
823518.0,2026-07-22,,,,44,3,2.12,0.88,0.81,NORMAL
823519.0,2026-07-22,,,,39,0,0.4,-0.4,-0.68,NORMAL
823520.0,2026-08-03,,,,52,10,6.62,3.38,2.19,JUICED
823521.0,2026-07-19,,,,44,2,2.08,-0.08,-0.09,NORMAL
823522.0,2026-07-20,,,,52,3,2.99,0.01,0.01,NORMAL
823523.0,2026-07-19,,,,49,1,2.4,-1.4,-1.45,NORMAL
823524.0,2026-07-17,,,,44,1,3.47,-2.47,-2.44,DEAD
823525.0,2026-07-05,,,,47,0,2.02,-2.02,-1.69,NORMAL
823526.0,2026-07-04,,,,52,8,5.48,2.52,1.68,NORMAL
823527.0,2026-07-03,,,,45,3,2.18,0.82,0.73,NORMAL
823528.0,2026-06-30,,,,50,6,4.46,1.54,1.23,NORMAL
823529.0,2026-06-29,,,,48,1,0.97,0.03,0.03,NORMAL
823530.0,2026-07-01,,,,56,2,1.57,0.43,0.5,NORMAL
823531.0,2026-06-21,,,,50,2,1.73,0.27,0.4,NORMAL
823532.0,2026-06-20,,,,59,2,2.45,-0.45,-0.42,NORMAL
823533.0,2026-06-18,,,,41,3,3.16,-0.16,-0.14,NORMAL
823534.0,2026-06-19,,,,39,2,2.17,-0.17,-0.18,NORMAL
823535.0,2026-06-16,,,,41,3,1.3,1.7,2.31,JUICED
823536.0,2026-06-17,,,,58,6,3.85,2.15,1.47,NORMAL
823537.0,2026-06-07,,,,48,2,2.68,-0.68,-0.6,NORMAL
823538.0,2026-06-05,,,,54,4,3.14,0.86,1.01,NORMAL
823539.0,2026-08-29,,,,52,1,1.62,-0.62,-0.59,NORMAL
823540.0,2026-06-03,,,,50,5,4.06,0.94,0.72,NORMAL
823541.0,2026-06-02,,,,52,2,1.56,0.44,0.47,NORMAL
823542.0,2026-06-04,,,,41,0,0.37,-0.37,-0.63,NORMAL
823544.0,2026-05-24,,,,46,1,0.93,0.07,0.11,NORMAL
823545.0,2026-05-21,,,,38,1,1.38,-0.38,-0.43,NORMAL
823546.0,2026-05-22,,,,59,1,2.03,-1.03,-1.03,NORMAL
823548.0,2026-05-19,,,,46,2,0.87,1.13,1.64,NORMAL
823549.0,2026-05-18,,,,51,5,4.16,0.84,0.66,NORMAL
823550.0,2026-05-06,,,,41,3,2.53,0.47,0.44,NORMAL
823551.0,2026-05-07,,,,58,1,1.64,-0.64,-0.56,NORMAL
823552.0,2026-05-04,,,,56,1,2.43,-1.43,-1.3,NORMAL
823553.0,2026-05-05,,,,54,3,3.08,-0.08,-0.06,NORMAL
823554.0,2026-05-02,,,,46,4,3.67,0.33,0.31,NORMAL
823555.0,2026-05-03,,,,61,3,3.74,-0.74,-0.54,NORMAL
823556.0,2026-04-19,,,,44,3,3.15,-0.15,-0.14,NORMAL
823557.0,2026-05-01,,,,43,3,3.33,-0.33,-0.33,NORMAL
823558.0,2026-04-18,,,,51,5,6.06,-1.06,-0.79,NORMAL
823559.0,2026-04-17,,,,42,3,2.7,0.3,0.23,NORMAL
823560.0,2026-04-16,,,,53,6,4.45,1.55,1.31,NORMAL
823561.0,2026-04-15,,,,49,4,3.39,0.61,0.61,NORMAL
823562.0,2026-04-14,,,,45,5,3.61,1.39,1.26,NORMAL
823563.0,2026-04-13,,,,63,7,8.05,-1.05,-0.84,NORMAL
823577.0,2026-09-05,,,,50,7,4.32,2.68,1.8,NORMAL
823579.0,2026-09-04,,,,57,6,3.71,2.29,1.77,NORMAL
823580.0,2026-08-30,,,,52,4,2.78,1.22,1.2,NORMAL
823581.0,2026-08-27,,,,53,2,1.58,0.42,0.42,NORMAL
823582.0,2026-08-29,,,,54,1,3.33,-2.33,-1.82,NORMAL
823583.0,2026-08-28,,,,39,0,0.45,-0.45,-0.79,NORMAL
823584.0,2026-08-26,,,,60,1,1.64,-0.64,-0.88,NORMAL
823585.0,2026-08-25,,,,59,2,1.66,0.34,0.41,NORMAL
823586.0,2026-08-18,,,,51,5,3.44,1.56,1.29,NORMAL
823587.0,2026-08-19,,,,43,1,1.15,-0.15,-0.18,NORMAL
823588.0,2026-08-15,,,,40,3,2.49,0.51,0.48,NORMAL
823589.0,2026-08-17,,,,44,0,1.88,-1.88,-2.16,DEAD
823590.0,2026-08-16,,,,44,2,1.0,1.0,1.16,NORMAL
823591.0,2026-08-14,,,,47,2,3.38,-1.38,-1.21,NORMAL
823592.0,2026-08-02,,,,48,1,1.2,-0.2,-0.22,NORMAL
823593.0,2026-07-31,,,,49,2,3.14,-1.14,-1.08,NORMAL
823594.0,2026-08-01,,,,59,3,2.39,0.61,0.7,NORMAL
823595.0,2026-07-30,,,,46,2,1.86,0.14,0.18,NORMAL
823596.0,2026-07-29,,,,46,1,2.71,-1.71,-1.36,NORMAL
823597.0,2026-07-27,,,,57,5,4.66,0.34,0.27,NORMAL
823598.0,2026-07-29,,,,39,0,0.56,-0.56,-0.99,NORMAL
823599.0,2026-07-26,,,,47,2,1.64,0.36,0.42,NORMAL
823600.0,2026-07-25,,,,47,1,0.89,0.11,0.19,NORMAL
823601.0,2026-07-24,,,,50,3,2.82,0.18,0.18,NORMAL
823602.0,2026-07-12,,,,49,1,1.29,-0.29,-0.29,NORMAL
823603.0,2026-07-11,,,,45,2,2.01,-0.01,-0.01,NORMAL
823604.0,2026-07-10,,,,60,3,2.59,0.41,0.37,NORMAL
823605.0,2026-07-08,,,,55,1,2.83,-1.83,-1.48,NORMAL
823606.0,2026-07-09,,,,48,4,3.93,0.07,0.06,NORMAL
823607.0,2026-07-07,,,,68,4,5.72,-1.72,-1.27,NORMAL
823608.0,2026-06-28,,,,54,2,2.31,-0.31,-0.35,NORMAL
823609.0,2026-06-27,,,,44,1,2.35,-1.35,-1.24,NORMAL
823610.0,2026-06-26,,,,48,0,1.88,-1.88,-1.99,NORMAL
823611.0,2026-06-24,,,,56,4,3.75,0.25,0.27,NORMAL
823612.0,2026-06-25,,,,56,2,1.83,0.17,0.18,NORMAL
823613.0,2026-06-24,,,,48,5,4.06,0.94,0.83,NORMAL
823614.0,2026-06-23,,,,46,4,1.98,2.02,1.87,NORMAL
823615.0,2026-06-14,,,,54,2,0.35,1.65,2.94,JUICED
823616.0,2026-06-13,,,,45,2,2.08,-0.08,-0.08,NORMAL
823617.0,2026-06-12,,,,45,4,2.5,1.5,1.62,NORMAL
823618.0,2026-06-10,,,,54,4,4.38,-0.38,-0.29,NORMAL
823619.0,2026-06-11,,,,50,6,5.25,0.75,0.57,NORMAL
823620.0,2026-06-09,,,,52,1,1.57,-0.57,-0.54,NORMAL
823621.0,2026-05-31,,,,49,3,3.19,-0.19,-0.16,NORMAL
823622.0,2026-05-30,,,,46,2,3.12,-1.12,-0.88,NORMAL
823623.0,2026-05-29,,,,58,3,3.1,-0.1,-0.1,NORMAL
823624.0,2026-05-26,,,,48,1,1.16,-0.16,-0.23,NORMAL
823625.0,2026-05-25,,,,41,3,2.54,0.46,0.68,NORMAL
823626.0,2026-05-27,,,,53,2,3.46,-1.46,-1.01,NORMAL
823627.0,2026-05-16,,,,41,0,1.17,-1.17,-1.31,NORMAL
823628.0,2026-05-17,,,,63,2,2.28,-0.28,-0.27,NORMAL
823629.0,2026-05-15,,,,46,2,2.71,-0.71,-0.64,NORMAL
823630.0,2026-05-14,,,,55,7,6.93,0.07,0.05,NORMAL
823631.0,2026-05-13,,,,48,0,0.57,-0.57,-0.88,NORMAL
823632.0,2026-05-12,,,,56,1,1.24,-0.24,-0.27,NORMAL
823633.0,2026-04-29,,,,51,3,3.15,-0.15,-0.11,NORMAL
823634.0,2026-04-30,,,,54,2,2.83,-0.83,-0.84,NORMAL
823635.0,2026-04-26,,,,43,1,1.21,-0.21,-0.23,NORMAL
823636.0,2026-04-28,,,,47,2,1.17,0.83,1.09,NORMAL
823637.0,2026-04-26,,,,46,1,1.32,-0.32,-0.37,NORMAL
823638.0,2026-04-24,,,,53,0,0.61,-0.61,-0.81,NORMAL
823639.0,2026-04-23,,,,56,4,5.11,-1.11,-0.83,NORMAL
823640.0,2026-04-21,,,,42,2,2.17,-0.17,-0.19,NORMAL
823641.0,2026-04-22,,,,48,1,1.85,-0.85,-0.96,NORMAL
823642.0,2026-04-12,,,,46,1,1.9,-0.9,-1.02,NORMAL
823643.0,2026-04-10,,,,52,0,0.9,-0.9,-1.36,NORMAL
823644.0,2026-04-11,,,,56,6,4.32,1.68,1.26,NORMAL
823647.0,2026-03-29,,,,45,1,1.46,-0.46,-0.56,NORMAL
823649.0,2026-03-26,,,,52,5,3.03,1.97,2.17,JUICED
823651.0,2026-03-28,,,,63,0,0.66,-0.66,-0.99,NORMAL
823660.0,2026-09-02,,,,66,1,2.3,-1.3,-1.21,NORMAL
823661.0,2026-09-01,,,,59,3,3.97,-0.97,-0.75,NORMAL
823662.0,2026-08-30,,,,56,1,1.57,-0.57,-0.6,NORMAL
823663.0,2026-08-31,,,,47,5,3.91,1.09,0.95,NORMAL
823664.0,2026-08-19,,,,50,0,1.66,-1.66,-2.01,DEAD
823665.0,2026-08-29,,,,46,1,1.85,-0.85,-0.75,NORMAL
823666.0,2026-08-28,,,,58,3,2.65,0.35,0.31,NORMAL
823667.0,2026-08-18,,,,53,2,2.87,-0.87,-0.75,NORMAL
823668.0,2026-08-17,,,,55,0,0.86,-0.86,-1.0,NORMAL
823669.0,2026-08-13,,,,50,4,4.18,-0.18,-0.14,NORMAL
823670.0,2026-08-16,,,,51,3,2.91,0.09,0.09,NORMAL
823671.0,2026-08-15,,,,52,1,1.21,-0.21,-0.21,NORMAL
823672.0,2026-08-12,,,,54,2,2.5,-0.5,-0.45,NORMAL
823673.0,2026-08-11,,,,53,3,3.84,-0.84,-0.82,NORMAL
823674.0,2026-07-30,,,,49,2,2.61,-0.61,-0.68,NORMAL
823675.0,2026-08-10,,,,52,2,3.16,-1.16,-0.85,NORMAL
823676.0,2026-07-28,,,,44,0,0.99,-0.99,-1.27,NORMAL
823677.0,2026-07-29,,,,58,1,1.02,-0.02,-0.02,NORMAL
823678.0,2026-07-26,,,,60,1,2.41,-1.41,-1.15,NORMAL
823679.0,2026-07-25,,,,43,0,0.39,-0.39,-0.68,NORMAL
823680.0,2026-07-24,,,,45,0,0.83,-0.83,-0.98,NORMAL
823681.0,2026-07-12,,,,47,3,2.59,0.41,0.43,NORMAL
823682.0,2026-07-11,,,,52,1,1.71,-0.71,-0.87,NORMAL
823683.0,2026-07-09,,,,40,4,2.76,1.24,1.14,NORMAL
823684.0,2026-07-08,,,,52,2,2.99,-0.99,-0.94,NORMAL
823685.0,2026-07-10,,,,59,1,1.68,-0.68,-0.61,NORMAL
823686.0,2026-06-28,,,,50,2,2.01,-0.01,-0.01,NORMAL
823687.0,2026-07-07,,,,44,1,0.74,0.26,0.39,NORMAL
823688.0,2026-06-26,,,,69,4,4.15,-0.15,-0.12,NORMAL
823689.0,2026-06-27,,,,67,4,5.27,-1.27,-1.04,NORMAL
823690.0,2026-06-23,,,,64,3,2.35,0.65,0.52,NORMAL
823691.0,2026-06-24,,,,45,1,1.6,-0.6,-0.65,NORMAL
823692.0,2026-06-22,,,,52,3,3.8,-0.8,-0.69,NORMAL
823693.0,2026-06-14,,,,53,3,3.57,-0.57,-0.54,NORMAL
823694.0,2026-06-13,,,,56,7,5.83,1.17,1.02,NORMAL
823695.0,2026-06-12,,,,55,5,4.64,0.36,0.29,NORMAL
823696.0,2026-06-07,,,,50,2,1.72,0.28,0.36,NORMAL
823697.0,2026-06-06,,,,52,2,2.65,-0.65,-0.59,NORMAL
823698.0,2026-06-04,,,,63,5,3.41,1.59,1.28,NORMAL
823699.0,2026-06-05,,,,56,1,1.24,-0.24,-0.28,NORMAL
823700.0,2026-06-02,,,,49,0,1.14,-1.14,-1.33,NORMAL
823701.0,2026-06-03,,,,53,1,1.54,-0.54,-0.58,NORMAL
823702.0,2026-06-01,,,,55,4,4.47,-0.47,-0.35,NORMAL
823704.0,2026-05-19,,,,52,1,2.23,-1.23,-1.19,NORMAL
823705.0,2026-05-18,,,,50,2,1.03,0.97,1.18,NORMAL
823706.0,2026-05-16,,,,47,2,1.83,0.17,0.16,NORMAL
823707.0,2026-05-15,,,,54,0,0.92,-0.92,-1.14,NORMAL
823708.0,2026-05-17,,,,53,3,4.66,-1.66,-1.44,NORMAL
823709.0,2026-05-14,,,,48,0,1.06,-1.06,-1.24,NORMAL
823710.0,2026-05-13,,,,54,4,4.86,-0.86,-0.72,NORMAL
823711.0,2026-05-03,,,,51,1,2.05,-1.05,-1.12,NORMAL
823712.0,2026-05-12,,,,40,1,1.42,-0.42,-0.65,NORMAL
823713.0,2026-05-01,,,,60,3,3.89,-0.89,-0.71,NORMAL
823714.0,2026-04-30,,,,55,3,4.2,-1.2,-0.94,NORMAL
823715.0,2026-05-02,,,,55,5,4.23,0.77,0.68,NORMAL
823716.0,2026-04-28,,,,58,2,2.38,-0.38,-0.34,NORMAL
823717.0,2026-04-29,,,,51,1,1.86,-0.86,-0.77,NORMAL
823718.0,2026-04-19,,,,57,0,1.22,-1.22,-1.19,NORMAL
823719.0,2026-04-27,,,,52,3,3.03,-0.03,-0.03,NORMAL
823720.0,2026-04-17,,,,50,0,1.71,-1.71,-1.56,NORMAL
823721.0,2026-04-18,,,,55,0,0.68,-0.68,-0.91,NORMAL
823722.0,2026-04-15,,,,56,3,4.24,-1.24,-1.02,NORMAL
823723.0,2026-04-14,,,,46,3,2.61,0.39,0.53,NORMAL
823725.0,2026-04-13,,,,56,5,4.79,0.21,0.18,NORMAL
823740.0,2026-08-30,,,,52,3,2.45,0.55,0.44,NORMAL
823741.0,2026-08-29,,,,45,4,4.2,-0.2,-0.17,NORMAL
823743.0,2026-08-22,,,,54,1,1.5,-0.5,-0.47,NORMAL
823744.0,2026-08-28,,,,52,1,1.96,-0.96,-0.95,NORMAL
823745.0,2026-08-23,,,,53,1,0.62,0.38,0.52,NORMAL
823746.0,2026-08-21,,,,47,0,0.28,-0.28,-0.55,NORMAL
823747.0,2026-08-20,,,,45,1,1.18,-0.18,-0.24,NORMAL
823748.0,2026-08-19,,,,50,1,1.19,-0.19,-0.21,NORMAL
823749.0,2026-08-18,,,,61,4,3.74,0.26,0.18,NORMAL
823750.0,2026-08-07,,,,57,3,2.88,0.12,0.11,NORMAL
823751.0,2026-08-09,,,,45,4,2.86,1.14,1.02,NORMAL
823752.0,2026-08-08,,,,44,0,1.05,-1.05,-1.17,NORMAL
823753.0,2026-08-05,,,,31,2,1.41,0.59,0.68,NORMAL
823754.0,2026-08-06,,,,40,3,1.78,1.22,1.17,NORMAL
823755.0,2026-07-26,,,,50,3,3.05,-0.05,-0.05,NORMAL
823756.0,2026-08-04,,,,47,4,2.7,1.3,1.25,NORMAL
823757.0,2026-08-03,,,,42,0,0.05,-0.05,-0.23,NORMAL
823758.0,2026-07-25,,,,54,1,1.68,-0.68,-0.72,NORMAL
823759.0,2026-07-24,,,,54,2,2.89,-0.89,-0.85,NORMAL
823760.0,2026-07-21,,,,57,2,2.65,-0.65,-0.76,NORMAL
823761.0,2026-07-22,,,,43,2,1.57,0.43,0.48,NORMAL
823762.0,2026-07-20,,,,44,3,1.23,1.77,1.93,NORMAL
823763.0,2026-07-18,,,,47,1,2.05,-1.05,-0.98,NORMAL
823764.0,2026-07-19,,,,38,2,1.38,0.62,0.99,NORMAL
823765.0,2026-07-02,,,,49,4,2.3,1.7,1.38,NORMAL
823766.0,2026-07-17,,,,47,2,0.82,1.18,1.56,NORMAL
823767.0,2026-07-01,,,,51,1,1.15,-0.15,-0.19,NORMAL
823768.0,2026-06-30,,,,46,3,1.62,1.38,1.45,NORMAL
823769.0,2026-06-28,,,,48,1,1.69,-0.69,-0.87,NORMAL
823770.0,2026-06-27,,,,49,4,2.71,1.29,1.23,NORMAL
823771.0,2026-06-29,,,,50,3,1.8,1.2,1.24,NORMAL
823772.0,2026-06-18,,,,42,3,2.19,0.81,0.86,NORMAL
823773.0,2026-06-26,,,,46,3,2.72,0.28,0.29,NORMAL
823774.0,2026-06-17,,,,43,3,1.84,1.16,1.1,NORMAL
823775.0,2026-06-16,,,,42,2,2.05,-0.05,-0.06,NORMAL
823776.0,2026-06-13,,,,62,5,2.16,2.84,2.46,JUICED
823777.0,2026-06-14,,,,53,2,2.22,-0.22,-0.18,NORMAL
823778.0,2026-06-12,,,,37,1,0.22,0.78,1.72,NORMAL
823779.0,2026-06-04,,,,71,5,3.05,1.95,1.46,NORMAL
823780.0,2026-06-03,,,,49,1,0.71,0.29,0.44,NORMAL
823781.0,2026-06-01,,,,55,1,1.6,-0.6,-0.56,NORMAL
823782.0,2026-06-02,,,,51,2,1.58,0.42,0.53,NORMAL
823783.0,2026-05-27,,,,44,0,1.72,-1.72,-1.88,NORMAL
823784.0,2026-05-25,,,,35,1,0.62,0.38,0.54,NORMAL
823785.0,2026-05-26,,,,50,2,1.42,0.58,0.71,NORMAL
823786.0,2026-05-24,,,,45,1,1.14,-0.14,-0.26,NORMAL
823787.0,2026-05-23,,,,52,1,1.23,-0.23,-0.32,NORMAL
823788.0,2026-05-22,,,,48,1,1.22,-0.22,-0.38,NORMAL
823789.0,2026-05-14,,,,47,0,0.77,-0.77,-1.21,NORMAL
823790.0,2026-05-12,,,,45,2,1.42,0.58,0.62,NORMAL
823791.0,2026-05-13,,,,48,1,0.31,0.69,1.37,NORMAL
823792.0,2026-05-09,,,,48,2,1.95,0.05,0.07,NORMAL
823793.0,2026-05-10,,,,40,2,1.3,0.7,0.71,NORMAL
823794.0,2026-05-08,,,,40,0,0.18,-0.18,-0.44,NORMAL
823795.0,2026-04-30,,,,50,2,1.81,0.19,0.2,NORMAL
823796.0,2026-04-29,,,,50,4,3.56,0.44,0.39,NORMAL
823797.0,2026-04-26,,,,35,0,1.25,-1.25,-1.3,NORMAL
823798.0,2026-04-28,,,,55,1,2.34,-1.34,-1.37,NORMAL
823799.0,2026-04-25,,,,48,0,1.06,-1.06,-1.26,NORMAL
823800.0,2026-04-24,,,,51,1,0.82,0.18,0.23,NORMAL
823801.0,2026-04-16,,,,45,0,1.06,-1.06,-1.25,NORMAL
823802.0,2026-04-14,,,,63,4,3.38,0.62,0.53,NORMAL
823803.0,2026-04-15,,,,48,0,0.73,-0.73,-1.0,NORMAL
823804.0,2026-04-12,,,,64,5,4.29,0.71,0.62,NORMAL
823805.0,2026-04-11,,,,50,1,1.49,-0.49,-0.48,NORMAL
823806.0,2026-04-01,,,,44,2,1.01,0.99,1.16,NORMAL
823807.0,2026-03-31,,,,51,4,3.2,0.8,0.87,NORMAL
823808.0,2026-04-10,,,,53,1,2.05,-1.05,-1.13,NORMAL
823809.0,2026-03-30,,,,45,3,1.77,1.23,1.52,NORMAL
823810.0,2026-03-29,,,,44,5,4.5,0.5,0.48,NORMAL
823811.0,2026-03-28,,,,48,1,1.99,-0.99,-1.02,NORMAL
823812.0,2026-03-26,,,,42,4,4.07,-0.07,-0.08,NORMAL
823823.0,2026-09-05,,,,52,3,3.06,-0.06,-0.06,NORMAL
823824.0,2026-09-04,,,,52,1,1.71,-0.71,-0.92,NORMAL
823825.0,2026-08-26,,,,54,0,0.78,-0.78,-0.98,NORMAL
823826.0,2026-08-25,,,,58,4,2.82,1.18,1.43,NORMAL
823827.0,2026-08-23,,,,49,0,1.52,-1.52,-1.54,NORMAL
823828.0,2026-08-24,,,,57,0,1.86,-1.86,-1.96,NORMAL
823829.0,2026-08-13,,,,51,5,4.32,0.68,0.6,NORMAL
823830.0,2026-08-21,,,,51,1,1.04,-0.04,-0.06,NORMAL
823831.0,2026-08-22,,,,48,2,2.12,-0.12,-0.13,NORMAL
823832.0,2026-08-11,,,,38,1,1.96,-0.96,-1.08,NORMAL
823833.0,2026-08-12,,,,55,2,2.24,-0.24,-0.28,NORMAL
823834.0,2026-08-08,,,,44,0,1.9,-1.9,-1.79,NORMAL
823835.0,2026-08-09,,,,51,3,1.74,1.26,1.92,NORMAL
823836.0,2026-08-07,,,,56,2,2.12,-0.12,-0.11,NORMAL
823837.0,2026-07-29,,,,51,3,2.81,0.19,0.22,NORMAL
823838.0,2026-07-28,,,,46,1,1.63,-0.63,-0.88,NORMAL
823839.0,2026-07-27,,,,56,3,2.69,0.31,0.23,NORMAL
823840.0,2026-07-26,,,,53,3,2.85,0.15,0.16,NORMAL
823841.0,2026-07-25,,,,55,0,0.35,-0.35,-0.67,NORMAL
823842.0,2026-07-12,,,,50,3,3.04,-0.04,-0.04,NORMAL
823843.0,2026-07-24,,,,48,3,2.2,0.8,0.72,NORMAL
823844.0,2026-07-11,,,,53,0,0.11,-0.11,-0.34,NORMAL
823845.0,2026-07-10,,,,50,3,2.53,0.47,0.48,NORMAL
823846.0,2026-07-09,,,,55,3,1.98,1.02,1.12,NORMAL
823847.0,2026-07-07,,,,59,3,3.86,-0.86,-0.71,NORMAL
823848.0,2026-07-08,,,,45,1,1.25,-0.25,-0.26,NORMAL
823849.0,2026-06-23,,,,59,5,3.86,1.14,0.79,NORMAL
823850.0,2026-06-24,,,,42,3,2.57,0.43,0.41,NORMAL
823851.0,2026-06-22,,,,47,1,0.4,0.6,1.08,NORMAL
823852.0,2026-06-21,,,,46,1,1.63,-0.63,-0.77,NORMAL
823853.0,2026-06-19,,,,55,2,2.21,-0.21,-0.2,NORMAL
823854.0,2026-06-20,,,,50,2,2.25,-0.25,-0.24,NORMAL
823855.0,2026-06-11,,,,39,0,0.37,-0.37,-0.65,NORMAL
823856.0,2026-06-10,,,,52,2,2.12,-0.12,-0.19,NORMAL
823857.0,2026-06-07,,,,39,0,0.93,-0.93,-1.3,NORMAL
823858.0,2026-06-09,,,,59,2,2.86,-0.86,-0.98,NORMAL
823859.0,2026-06-06,,,,41,1,1.17,-0.17,-0.18,NORMAL
823860.0,2026-06-05,,,,47,1,0.94,0.06,0.11,NORMAL
823861.0,2026-05-24,,,,50,1,0.76,0.24,0.31,NORMAL
823862.0,2026-05-23,,,,40,2,0.56,1.44,2.22,JUICED
823863.0,2026-05-22,,,,41,1,2.68,-1.68,-1.54,NORMAL
823864.0,2026-05-21,,,,46,6,3.23,2.77,2.39,JUICED
823865.0,2026-05-19,,,,48,2,2.21,-0.21,-0.19,NORMAL
823867.0,2026-05-18,,,,47,2,1.42,0.58,0.57,NORMAL
823868.0,2026-05-10,,,,49,0,0.85,-0.85,-1.05,NORMAL
823869.0,2026-05-09,,,,59,4,5.46,-1.46,-0.96,NORMAL
823870.0,2026-05-07,,,,54,1,2.71,-1.71,-1.39,NORMAL
823871.0,2026-05-08,,,,47,2,1.79,0.21,0.28,NORMAL
823872.0,2026-05-06,,,,48,1,1.57,-0.57,-0.8,NORMAL
823873.0,2026-05-05,,,,52,2,2.82,-0.82,-0.8,NORMAL
823874.0,2026-05-04,,,,52,1,1.08,-0.08,-0.11,NORMAL
823875.0,2026-05-03,,,,55,2,2.6,-0.6,-0.6,NORMAL
823876.0,2026-05-02,,,,40,1,1.41,-0.41,-0.44,NORMAL
823877.0,2026-05-01,,,,49,1,1.74,-0.74,-0.75,NORMAL
823878.0,2026-04-22,,,,51,1,1.17,-0.17,-0.22,NORMAL
823879.0,2026-04-20,,,,42,1,0.7,0.3,0.4,NORMAL
823880.0,2026-04-21,,,,48,2,1.77,0.23,0.27,NORMAL
823881.0,2026-04-19,,,,40,0,0.5,-0.5,-0.78,NORMAL
823882.0,2026-04-18,,,,58,1,1.68,-0.68,-0.75,NORMAL
823883.0,2026-04-17,,,,56,1,2.24,-1.24,-1.12,NORMAL
823888.0,2026-03-31,,,,47,1,1.34,-0.34,-0.43,NORMAL
823889.0,2026-04-01,,,,54,2,3.03,-1.03,-0.88,NORMAL
823890.0,2026-03-30,,,,47,3,2.2,0.8,0.82,NORMAL
823891.0,2026-03-29,,,,46,1,2.7,-1.7,-1.66,NORMAL
823892.0,2026-03-28,,,,49,3,3.92,-0.92,-0.75,NORMAL
823893.0,2026-03-27,,,,51,0,0.58,-0.58,-0.88,NORMAL
823904.0,2026-09-05,,,,44,1,2.06,-1.06,-1.0,NORMAL
823905.0,2026-09-04,,,,50,1,1.71,-0.71,-0.7,NORMAL
823906.0,2026-09-02,,,,55,4,3.37,0.63,0.45,NORMAL
823907.0,2026-09-03,,,,49,0,0.43,-0.43,-0.71,NORMAL
823908.0,2026-09-01,,,,60,5,3.7,1.3,0.94,NORMAL
823909.0,2026-08-23,,,,42,0,0.13,-0.13,-0.37,NORMAL
823910.0,2026-08-22,,,,39,0,0.79,-0.79,-1.6,NORMAL
823911.0,2026-08-21,,,,45,2,3.06,-1.06,-1.24,NORMAL
823912.0,2026-08-16,,,,51,2,1.84,0.16,0.18,NORMAL
823913.0,2026-08-14,,,,41,2,2.61,-0.61,-0.56,NORMAL
823914.0,2026-08-15,,,,47,2,1.45,0.55,0.58,NORMAL
823915.0,2026-08-13,,,,48,1,2.22,-1.22,-1.24,NORMAL
823916.0,2026-08-12,,,,48,3,2.54,0.46,0.58,NORMAL
823917.0,2026-08-11,,,,50,1,1.0,0.0,0.0,NORMAL
823918.0,2026-08-10,,,,50,2,1.59,0.41,0.39,NORMAL
823919.0,2026-08-02,,,,55,4,3.51,0.49,0.43,NORMAL
823920.0,2026-08-01,,,,51,3,1.6,1.4,1.41,NORMAL
823921.0,2026-07-30,,,,43,2,1.27,0.73,1.11,NORMAL
823922.0,2026-07-31,,,,60,2,2.31,-0.31,-0.42,NORMAL
823923.0,2026-07-28,,,,57,7,6.64,0.36,0.28,NORMAL
823924.0,2026-07-29,,,,53,1,1.77,-0.77,-0.66,NORMAL
823925.0,2026-07-12,,,,47,2,3.58,-1.58,-1.41,NORMAL
823926.0,2026-07-11,,,,55,3,1.76,1.24,1.17,NORMAL
823927.0,2026-07-10,,,,52,3,2.78,0.22,0.22,NORMAL
823928.0,2026-07-08,,,,45,2,1.93,0.07,0.08,NORMAL
823929.0,2026-07-07,,,,51,1,0.5,0.5,0.8,NORMAL
823930.0,2026-07-06,,,,70,2,3.3,-1.3,-0.99,NORMAL
823931.0,2026-07-05,,,,46,1,0.34,0.66,1.19,NORMAL
823932.0,2026-07-04,,,,37,1,0.95,0.05,0.06,NORMAL
823933.0,2026-07-03,,,,44,2,1.93,0.07,0.09,NORMAL
823934.0,2026-06-21,,,,58,4,2.59,1.41,1.31,NORMAL
823935.0,2026-07-02,,,,62,4,2.45,1.55,1.13,NORMAL
823936.0,2026-06-19,,,,46,3,2.07,0.93,1.01,NORMAL
823937.0,2026-06-20,,,,44,1,1.58,-0.58,-0.82,NORMAL
823938.0,2026-06-15,,,,48,3,1.99,1.01,1.18,NORMAL
823939.0,2026-06-16,,,,42,1,0.63,0.37,0.6,NORMAL
823940.0,2026-06-17,,,,54,1,0.35,0.65,1.19,NORMAL
823941.0,2026-06-07,,,,55,4,2.32,1.68,1.92,NORMAL
823942.0,2026-06-06,,,,51,3,2.54,0.46,0.47,NORMAL
823943.0,2026-06-05,,,,33,1,1.32,-0.32,-0.47,NORMAL
823944.0,2026-05-31,,,,49,4,2.7,1.3,1.34,NORMAL
823945.0,2026-05-30,,,,49,2,1.59,0.41,0.44,NORMAL
823946.0,2026-05-29,,,,44,5,3.02,1.98,1.54,NORMAL
823947.0,2026-05-27,,,,44,3,1.25,1.75,1.9,NORMAL
823948.0,2026-05-25,,,,49,1,1.96,-0.96,-1.2,NORMAL
823949.0,2026-05-26,,,,65,8,5.08,2.92,1.95,NORMAL
823950.0,2026-05-14,,,,41,2,0.86,1.14,1.61,NORMAL
823951.0,2026-05-12,,,,48,4,2.69,1.31,1.05,NORMAL
823952.0,2026-05-13,,,,52,2,1.86,0.14,0.16,NORMAL
823953.0,2026-05-11,,,,61,2,1.82,0.18,0.18,NORMAL
823954.0,2026-05-10,,,,47,3,3.22,-0.22,-0.21,NORMAL
823955.0,2026-05-09,,,,51,1,1.16,-0.16,-0.2,NORMAL
823956.0,2026-04-28,,,,53,0,0.98,-0.98,-1.14,NORMAL
823957.0,2026-05-08,,,,46,1,1.57,-0.57,-0.55,NORMAL
823958.0,2026-04-29,,,,43,2,2.3,-0.3,-0.31,NORMAL
823959.0,2026-04-26,,,,46,1,2.23,-1.23,-1.13,NORMAL
823960.0,2026-04-25,,,,55,4,2.91,1.09,0.88,NORMAL
823961.0,2026-04-27,,,,49,1,2.37,-1.37,-1.19,NORMAL
823962.0,2026-04-24,,,,48,3,2.93,0.07,0.07,NORMAL
823963.0,2026-04-15,,,,45,4,2.71,1.29,0.97,NORMAL
823964.0,2026-04-13,,,,45,1,0.62,0.38,0.55,NORMAL
823965.0,2026-04-14,,,,38,1,2.08,-1.08,-1.46,NORMAL
823966.0,2026-04-12,,,,43,2,2.16,-0.16,-0.2,NORMAL
823967.0,2026-04-11,,,,42,4,3.49,0.51,0.49,NORMAL
823968.0,2026-04-10,,,,52,7,4.48,2.52,2.15,JUICED
823969.0,2026-03-31,,,,42,1,1.88,-0.88,-1.0,NORMAL
823970.0,2026-04-01,,,,42,3,2.66,0.34,0.32,NORMAL
823971.0,2026-03-27,,,,44,3,2.93,0.07,0.06,NORMAL
823972.0,2026-03-30,,,,55,0,0.42,-0.42,-0.71,NORMAL
823973.0,2026-03-28,,,,48,1,0.88,0.12,0.15,NORMAL
823974.0,2026-03-26,,,,52,3,3.07,-0.07,-0.06,NORMAL
823982.0,2026-08-31,,,,49,1,2.37,-1.37,-1.46,NORMAL
823983.0,2026-09-02,,,,50,2,2.32,-0.32,-0.3,NORMAL
823984.0,2026-09-01,,,,54,2,1.4,0.6,0.56,NORMAL
823985.0,2026-08-28,,,,51,1,1.58,-0.58,-0.66,NORMAL
823986.0,2026-08-29,,,,51,1,1.45,-0.45,-0.58,NORMAL
823987.0,2026-08-30,,,,53,2,1.76,0.24,0.36,NORMAL
823988.0,2026-08-26,,,,51,0,1.33,-1.33,-1.47,NORMAL
823989.0,2026-08-25,,,,53,3,3.22,-0.22,-0.22,NORMAL
823990.0,2026-08-15,,,,37,0,0.88,-0.88,-1.18,NORMAL
823991.0,2026-08-16,,,,46,2,1.25,0.75,0.82,NORMAL
823992.0,2026-08-24,,,,52,1,0.79,0.21,0.26,NORMAL
823993.0,2026-08-14,,,,52,3,3.38,-0.38,-0.4,NORMAL
823994.0,2026-08-12,,,,50,1,2.03,-1.03,-1.21,NORMAL
823995.0,2026-08-13,,,,53,0,1.5,-1.5,-1.62,NORMAL
823996.0,2026-08-02,,,,34,1,0.68,0.32,0.53,NORMAL
823997.0,2026-08-11,,,,46,1,2.15,-1.15,-1.13,NORMAL
823998.0,2026-08-10,,,,51,1,1.65,-0.65,-0.71,NORMAL
823999.0,2026-07-31,,,,48,3,3.28,-0.28,-0.22,NORMAL
824000.0,2026-08-01,,,,42,1,2.24,-1.24,-1.25,NORMAL
824001.0,2026-07-27,,,,50,2,2.56,-0.56,-0.63,NORMAL
824002.0,2026-07-29,,,,57,2,2.29,-0.29,-0.27,NORMAL
824003.0,2026-07-28,,,,42,2,2.62,-0.62,-0.8,NORMAL
824004.0,2026-07-22,,,,41,1,0.34,0.66,1.26,NORMAL
824005.0,2026-07-21,,,,45,1,1.0,0.0,0.01,NORMAL
824006.0,2026-07-20,,,,42,1,2.78,-1.78,-1.61,NORMAL
824007.0,2026-07-19,,,,47,2,1.68,0.32,0.39,NORMAL
824008.0,2026-07-18,,,,52,2,2.01,-0.01,-0.01,NORMAL
824009.0,2026-07-17,,,,37,0,0.21,-0.21,-0.47,NORMAL
824010.0,2026-07-05,,,,51,3,2.79,0.21,0.24,NORMAL
824011.0,2026-06-28,,,,48,1,1.77,-0.77,-0.81,NORMAL
824012.0,2026-07-04,,,,48,3,3.49,-0.49,-0.48,NORMAL
824013.0,2026-07-03,,,,53,2,2.56,-0.56,-0.52,NORMAL
824014.0,2026-06-26,,,,50,1,1.65,-0.65,-0.61,NORMAL
824015.0,2026-06-27,,,,44,1,2.91,-1.91,-1.9,NORMAL
824016.0,2026-06-22,,,,49,3,2.63,0.37,0.45,NORMAL
824017.0,2026-06-23,,,,39,1,1.61,-0.61,-0.66,NORMAL
824018.0,2026-06-24,,,,50,3,2.44,0.56,0.7,NORMAL
824019.0,2026-06-13,,,,51,1,1.81,-0.81,-0.83,NORMAL
824020.0,2026-06-12,,,,42,0,1.24,-1.24,-1.49,NORMAL
824021.0,2026-06-14,,,,52,4,1.78,2.22,2.23,JUICED
824022.0,2026-06-10,,,,46,4,3.63,0.37,0.34,NORMAL
824023.0,2026-06-09,,,,49,0,0.3,-0.3,-0.61,NORMAL
824024.0,2026-06-03,,,,57,2,4.19,-2.19,-1.66,NORMAL
824025.0,2026-06-08,,,,49,1,2.16,-1.16,-1.14,NORMAL
824026.0,2026-06-02,,,,55,3,4.18,-1.18,-0.92,NORMAL
824027.0,2026-06-01,,,,58,3,3.79,-0.79,-0.62,NORMAL
824028.0,2026-05-24,,,,32,1,1.53,-0.53,-0.53,NORMAL
824029.0,2026-05-22,,,,20,3,2.88,0.12,0.13,NORMAL
824030.0,2026-05-23,,,,50,2,3.32,-1.32,-1.08,NORMAL
824031.0,2026-05-21,,,,49,1,2.31,-1.31,-1.36,NORMAL
824033.0,2026-05-19,,,,65,3,2.84,0.16,0.16,NORMAL
824034.0,2026-05-17,,,,44,0,0.9,-0.9,-1.06,NORMAL
824035.0,2026-05-18,,,,44,1,0.76,0.24,0.31,NORMAL
824036.0,2026-05-06,,,,44,1,2.37,-1.37,-1.42,NORMAL
824037.0,2026-05-15,,,,46,3,2.64,0.36,0.34,NORMAL
824038.0,2026-05-16,,,,56,1,2.71,-1.71,-1.37,NORMAL
824039.0,2026-05-04,,,,50,2,2.61,-0.61,-0.56,NORMAL
824040.0,2026-05-05,,,,51,4,3.89,0.11,0.09,NORMAL
824041.0,2026-05-01,,,,41,2,1.85,0.15,0.18,NORMAL
824042.0,2026-05-02,,,,56,0,0.49,-0.49,-0.77,NORMAL
824043.0,2026-05-03,,,,46,2,2.04,-0.04,-0.04,NORMAL
824044.0,2026-04-22,,,,55,2,1.67,0.33,0.45,NORMAL
824045.0,2026-04-21,,,,52,0,1.02,-1.02,-1.32,NORMAL
824046.0,2026-04-20,,,,42,1,0.74,0.26,0.43,NORMAL
824047.0,2026-04-19,,,,36,0,0.67,-0.67,-1.03,NORMAL
824048.0,2026-04-17,,,,45,2,2.69,-0.69,-0.6,NORMAL
824049.0,2026-04-18,,,,45,0,2.4,-2.4,-2.08,DEAD
824066.0,2026-09-05,,,,63,1,1.11,-0.11,-0.12,NORMAL
824067.0,2026-09-04,,,,62,3,2.12,0.88,0.98,NORMAL
824068.0,2026-09-02,,,,59,6,4.88,1.12,0.75,NORMAL
824069.0,2026-09-03,,,,52,3,2.25,0.75,0.7,NORMAL
824070.0,2026-09-01,,,,51,3,2.63,0.37,0.42,NORMAL
824071.0,2026-08-23,,,,56,3,4.16,-1.16,-0.86,NORMAL
824072.0,2026-08-21,,,,58,3,3.55,-0.55,-0.48,NORMAL
824073.0,2026-08-22,,,,42,2,1.62,0.38,0.55,NORMAL
824074.0,2026-08-20,,,,55,1,1.49,-0.49,-0.62,NORMAL
824075.0,2026-08-18,,,,53,0,0.88,-0.88,-1.08,NORMAL
824076.0,2026-08-19,,,,63,2,2.16,-0.16,-0.14,NORMAL
824077.0,2026-08-17,,,,57,4,3.21,0.79,0.6,NORMAL
824078.0,2026-08-09,,,,61,3,2.58,0.42,0.41,NORMAL
824079.0,2026-08-08,,,,55,3,3.38,-0.38,-0.32,NORMAL
824080.0,2026-08-06,,,,57,1,2.18,-1.18,-1.16,NORMAL
824081.0,2026-08-07,,,,57,2,0.55,1.45,2.08,JUICED
824082.0,2026-08-05,,,,42,1,1.02,-0.02,-0.03,NORMAL
824083.0,2026-07-22,,,,49,2,1.4,0.6,0.7,NORMAL
824084.0,2026-08-04,,,,59,1,2.49,-1.49,-1.5,NORMAL
824085.0,2026-07-21,,,,46,1,1.39,-0.39,-0.58,NORMAL
824086.0,2026-07-19,,,,71,6,4.29,1.71,1.36,NORMAL
824087.0,2026-07-20,,,,53,3,2.03,0.97,1.07,NORMAL
824088.0,2026-07-18,,,,48,3,2.41,0.59,0.59,NORMAL
824089.0,2026-07-06,,,,62,4,2.42,1.58,1.24,NORMAL
824090.0,2026-07-17,,,,64,2,3.91,-1.91,-1.33,NORMAL
824091.0,2026-07-05,,,,49,0,2.23,-2.23,-1.87,NORMAL
824092.0,2026-07-04,,,,47,3,1.92,1.08,1.11,NORMAL
824093.0,2026-07-02,,,,55,3,2.38,0.62,0.72,NORMAL
824094.0,2026-07-01,,,,51,2,1.53,0.47,0.56,NORMAL
824095.0,2026-06-21,,,,64,7,4.77,2.23,1.73,NORMAL
824096.0,2026-06-30,,,,55,5,3.85,1.15,1.34,NORMAL
824097.0,2026-06-19,,,,60,1,1.51,-0.51,-0.56,NORMAL
824098.0,2026-06-18,,,,70,3,3.76,-0.76,-0.52,NORMAL
824099.0,2026-06-14,,,,48,0,0.33,-0.33,-0.61,NORMAL
824100.0,2026-06-13,,,,63,5,3.42,1.58,1.45,NORMAL
824101.0,2026-06-11,,,,53,1,1.6,-0.6,-0.65,NORMAL
824102.0,2026-06-12,,,,64,4,3.98,0.02,0.01,NORMAL
824103.0,2026-06-10,,,,59,1,1.86,-0.86,-0.73,NORMAL
824104.0,2026-05-27,,,,47,1,0.79,0.21,0.26,NORMAL
824105.0,2026-06-09,,,,55,2,3.34,-1.34,-1.09,NORMAL
824106.0,2026-05-26,,,,72,7,4.3,2.7,1.82,NORMAL
824107.0,2026-05-25,,,,55,3,3.05,-0.05,-0.05,NORMAL
824108.0,2026-05-24,,,,64,1,2.26,-1.26,-1.28,NORMAL
824109.0,2026-05-23,,,,55,0,0.38,-0.38,-0.65,NORMAL
824110.0,2026-05-22,,,,44,1,1.47,-0.47,-0.61,NORMAL
824112.0,2026-05-19,,,,49,1,1.23,-0.23,-0.38,NORMAL
824113.0,2026-05-10,,,,52,1,2.83,-1.83,-1.67,NORMAL
824114.0,2026-05-18,,,,47,1,1.32,-0.32,-0.55,NORMAL
824115.0,2026-05-09,,,,46,2,1.03,0.97,1.4,NORMAL
824116.0,2026-05-08,,,,55,0,2.19,-2.19,-2.03,DEAD
824117.0,2026-05-07,,,,55,3,3.35,-0.35,-0.26,NORMAL
824118.0,2026-05-06,,,,44,0,0.65,-0.65,-0.92,NORMAL
824119.0,2026-05-05,,,,47,3,2.55,0.45,0.4,NORMAL
824120.0,2026-05-04,,,,53,3,2.87,0.13,0.13,NORMAL
824121.0,2026-04-25,,,,51,2,2.2,-0.2,-0.21,NORMAL
824122.0,2026-04-26,,,,69,5,4.73,0.27,0.21,NORMAL
824123.0,2026-04-22,,,,60,5,5.37,-0.37,-0.29,NORMAL
824124.0,2026-04-24,,,,46,0,1.84,-1.84,-1.63,NORMAL
824125.0,2026-04-20,,,,59,2,2.03,-0.03,-0.03,NORMAL
824126.0,2026-04-12,,,,47,2,2.47,-0.47,-0.45,NORMAL
824127.0,2026-04-21,,,,56,3,2.45,0.55,0.68,NORMAL
824128.0,2026-04-10,,,,43,1,1.64,-0.64,-0.82,NORMAL
824129.0,2026-04-11,,,,44,1,1.74,-0.74,-0.69,NORMAL
824135.0,2026-03-30,,,,46,3,2.54,0.46,0.53,NORMAL
824136.0,2026-04-01,,,,52,3,2.68,0.32,0.24,NORMAL
824144.0,2026-09-03,,,,50,1,1.4,-0.4,-0.38,NORMAL
824145.0,2026-09-05,,,,57,1,3.12,-2.12,-1.8,NORMAL
824146.0,2026-09-04,,,,39,2,0.95,1.05,1.35,NORMAL
824147.0,2026-09-02,,,,49,0,1.55,-1.55,-1.72,NORMAL
824148.0,2026-09-01,,,,43,1,1.19,-0.19,-0.22,NORMAL
824149.0,2026-08-31,,,,47,2,1.96,0.04,0.08,NORMAL
824150.0,2026-08-23,,,,46,4,2.92,1.08,0.92,NORMAL
824151.0,2026-08-22,,,,45,2,1.87,0.13,0.14,NORMAL
824152.0,2026-08-21,,,,44,0,0.26,-0.26,-0.54,NORMAL
824153.0,2026-08-20,,,,64,2,2.32,-0.32,-0.28,NORMAL
824154.0,2026-08-18,,,,46,2,1.11,0.89,1.72,NORMAL
824155.0,2026-08-19,,,,37,1,1.97,-0.97,-1.08,NORMAL
824156.0,2026-08-16,,,,49,4,2.28,1.72,1.37,NORMAL
824157.0,2026-08-15,,,,58,3,2.02,0.98,0.99,NORMAL
824158.0,2026-08-05,,,,51,3,2.84,0.16,0.19,NORMAL
824159.0,2026-08-14,,,,63,2,2.06,-0.06,-0.07,NORMAL
824160.0,2026-08-03,,,,52,1,1.72,-0.72,-0.95,NORMAL
824161.0,2026-08-04,,,,52,1,1.16,-0.16,-0.22,NORMAL
824162.0,2026-08-01,,,,49,2,0.93,1.07,1.27,NORMAL
824163.0,2026-08-02,,,,50,2,1.46,0.54,0.63,NORMAL
824164.0,2026-07-31,,,,59,4,3.72,0.28,0.25,NORMAL
824165.0,2026-07-21,,,,47,3,3.03,-0.03,-0.03,NORMAL
824166.0,2026-07-22,,,,55,3,4.0,-1.0,-0.87,NORMAL
824167.0,2026-07-20,,,,45,5,4.84,0.16,0.15,NORMAL
824168.0,2026-07-19,,,,47,2,1.43,0.57,0.64,NORMAL
824169.0,2026-07-18,,,,54,0,0.2,-0.2,-0.46,NORMAL
824170.0,2026-07-17,,,,40,1,1.64,-0.64,-0.68,NORMAL
824171.0,2026-07-04,,,,56,6,3.52,2.48,2.02,JUICED
824172.0,2026-07-05,,,,40,2,1.45,0.55,0.63,NORMAL
824173.0,2026-07-03,,,,48,3,3.33,-0.33,-0.31,NORMAL
824174.0,2026-07-01,,,,44,3,2.84,0.16,0.15,NORMAL
824175.0,2026-06-30,,,,45,1,1.42,-0.42,-0.61,NORMAL
824176.0,2026-06-29,,,,49,6,5.13,0.87,0.64,NORMAL
824177.0,2026-06-21,,,,48,1,1.73,-0.73,-0.72,NORMAL
824178.0,2026-06-17,,,,49,3,1.59,1.41,1.24,NORMAL
824179.0,2026-06-19,,,,44,4,2.76,1.24,1.06,NORMAL
824180.0,2026-06-20,,,,43,3,2.1,0.9,0.93,NORMAL
824181.0,2026-06-15,,,,43,7,4.14,2.86,2.36,JUICED
824182.0,2026-06-16,,,,47,0,1.01,-1.01,-1.44,NORMAL
824183.0,2026-06-07,,,,51,2,2.03,-0.03,-0.04,NORMAL
824184.0,2026-06-06,,,,47,3,1.43,1.57,1.55,NORMAL
824185.0,2026-06-04,,,,55,2,1.88,0.12,0.11,NORMAL
824186.0,2026-06-05,,,,36,2,1.9,0.1,0.15,NORMAL
824187.0,2026-05-31,,,,42,1,0.8,0.2,0.24,NORMAL
824188.0,2026-06-03,,,,54,3,2.82,0.18,0.17,NORMAL
824189.0,2026-06-02,,,,51,4,2.47,1.53,1.42,NORMAL
824190.0,2026-05-30,,,,51,2,2.65,-0.65,-0.55,NORMAL
824191.0,2026-05-29,,,,50,3,2.13,0.87,0.89,NORMAL
824192.0,2026-05-17,,,,46,2,1.56,0.44,0.43,NORMAL
824193.0,2026-05-16,,,,46,4,3.08,0.92,0.79,NORMAL
824194.0,2026-05-15,,,,38,1,2.03,-1.03,-1.06,NORMAL
824195.0,2026-05-13,,,,60,3,1.68,1.32,1.4,NORMAL
824196.0,2026-05-14,,,,55,3,3.39,-0.39,-0.32,NORMAL
824197.0,2026-05-12,,,,53,2,3.12,-1.12,-0.92,NORMAL
824198.0,2026-05-06,,,,53,4,2.86,1.14,1.09,NORMAL
824199.0,2026-05-11,,,,48,1,1.1,-0.1,-0.2,NORMAL
824200.0,2026-05-05,,,,45,2,2.04,-0.04,-0.04,NORMAL
824201.0,2026-05-04,,,,45,3,4.73,-1.73,-1.39,NORMAL
824202.0,2026-04-26,,,,51,3,3.99,-0.99,-0.94,NORMAL
824203.0,2026-04-25,,,,51,5,3.78,1.22,1.02,NORMAL
824204.0,2026-04-24,,,,58,6,4.17,1.83,1.72,NORMAL
824205.0,2026-04-19,,,,57,1,1.53,-0.53,-0.5,NORMAL
824206.0,2026-04-18,,,,45,5,3.78,1.22,0.96,NORMAL
824207.0,2026-04-17,,,,52,5,3.76,1.24,0.93,NORMAL
824208.0,2026-04-16,,,,46,1,1.63,-0.63,-0.78,NORMAL
824209.0,2026-04-15,,,,39,1,2.77,-1.77,-1.43,NORMAL
824210.0,2026-04-14,,,,53,4,3.59,0.41,0.42,NORMAL
824211.0,2026-04-01,,,,44,4,3.01,0.99,0.91,NORMAL
824212.0,2026-03-31,,,,47,3,2.28,0.72,0.7,NORMAL
824213.0,2026-03-28,,,,48,3,1.41,1.59,1.58,NORMAL
824214.0,2026-03-30,,,,46,4,3.96,0.04,0.03,NORMAL
824215.0,2026-03-29,,,,46,1,1.33,-0.33,-0.36,NORMAL
824216.0,2026-03-27,,,,50,4,3.11,0.89,0.82,NORMAL
824218.0,2026-03-26,,,,43,2,2.28,-0.28,-0.36,NORMAL
824230.0,2026-08-29,,,,49,0,0.89,-0.89,-1.12,NORMAL
824231.0,2026-08-28,,,,44,0,1.44,-1.44,-2.11,DEAD
824232.0,2026-08-30,,,,47,1,1.49,-0.49,-0.67,NORMAL
824233.0,2026-08-25,,,,50,1,0.57,0.43,0.68,NORMAL
824234.0,2026-08-26,,,,52,0,1.35,-1.35,-1.5,NORMAL
824235.0,2026-08-24,,,,50,1,0.9,0.1,0.12,NORMAL
824236.0,2026-08-16,,,,55,4,2.11,1.89,1.63,NORMAL
824237.0,2026-08-14,,,,64,6,5.27,0.73,0.59,NORMAL
824238.0,2026-08-13,,,,53,1,1.62,-0.62,-0.65,NORMAL
824239.0,2026-08-15,,,,50,1,1.34,-0.34,-0.41,NORMAL
824240.0,2026-08-11,,,,54,2,2.01,-0.01,-0.01,NORMAL
824241.0,2026-08-12,,,,56,2,2.09,-0.09,-0.1,NORMAL
824242.0,2026-07-29,,,,72,1,2.78,-1.78,-1.37,NORMAL
824243.0,2026-07-28,,,,56,3,2.17,0.83,0.82,NORMAL
824244.0,2026-07-25,,,,59,3,3.22,-0.22,-0.18,NORMAL
824245.0,2026-07-27,,,,61,3,4.16,-1.16,-0.94,NORMAL
824246.0,2026-07-26,,,,54,2,1.12,0.88,1.06,NORMAL
824247.0,2026-07-23,,,,54,2,2.1,-0.1,-0.1,NORMAL
824248.0,2026-07-24,,,,37,0,1.21,-1.21,-1.22,NORMAL
824249.0,2026-07-11,,,,50,1,1.21,-0.21,-0.28,NORMAL
824250.0,2026-07-12,,,,39,0,0.13,-0.13,-0.36,NORMAL
824251.0,2026-07-09,,,,41,3,1.54,1.46,1.45,NORMAL
824252.0,2026-07-10,,,,49,4,4.58,-0.58,-0.38,NORMAL
824253.0,2026-07-08,,,,46,2,0.95,1.05,1.39,NORMAL
824254.0,2026-07-07,,,,43,2,1.79,0.21,0.38,NORMAL
824255.0,2026-06-26,,,,45,3,2.19,0.81,1.04,NORMAL
824256.0,2026-06-28,,,,56,5,2.64,2.36,1.98,NORMAL
824257.0,2026-06-27,,,,71,3,2.16,0.84,0.76,NORMAL
824258.0,2026-06-25,,,,43,2,1.25,0.75,0.9,NORMAL
824259.0,2026-06-24,,,,43,3,2.89,0.11,0.1,NORMAL
824260.0,2026-06-21,,,,61,2,2.66,-0.66,-0.6,NORMAL
824261.0,2026-06-22,,,,48,2,1.86,0.14,0.16,NORMAL
824262.0,2026-06-23,,,,47,1,1.47,-0.47,-0.68,NORMAL
824263.0,2026-06-20,,,,48,2,0.98,1.02,1.3,NORMAL
824264.0,2026-06-19,,,,45,3,1.43,1.57,1.51,NORMAL
824265.0,2026-06-11,,,,57,6,2.98,3.02,2.17,JUICED
824266.0,2026-06-10,,,,52,2,2.21,-0.21,-0.24,NORMAL
824267.0,2026-06-09,,,,51,8,3.89,4.11,2.65,JUICED
824268.0,2026-06-07,,,,51,1,2.56,-1.56,-1.7,NORMAL
824269.0,2026-06-06,,,,45,1,2.53,-1.53,-1.37,NORMAL
824270.0,2026-05-27,,,,44,1,1.07,-0.07,-0.08,NORMAL
824271.0,2026-06-05,,,,53,3,0.94,2.06,2.62,JUICED
824272.0,2026-05-28,,,,44,1,0.97,0.03,0.03,NORMAL
824274.0,2026-05-21,,,,46,2,1.77,0.23,0.24,NORMAL
824275.0,2026-05-26,,,,52,4,2.93,1.07,0.88,NORMAL
824276.0,2026-05-19,,,,46,2,0.72,1.28,1.64,NORMAL
824277.0,2026-05-18,,,,52,2,3.56,-1.56,-1.2,NORMAL
824278.0,2026-05-16,,,,50,2,0.52,1.48,2.28,JUICED
824279.0,2026-05-17,,,,56,1,1.31,-0.31,-0.36,NORMAL
824280.0,2026-05-15,,,,44,0,0.36,-0.36,-0.63,NORMAL
824281.0,2026-05-05,,,,49,4,2.33,1.67,2.17,JUICED
824282.0,2026-05-06,,,,39,0,0.57,-0.57,-0.8,NORMAL
824283.0,2026-05-04,,,,48,1,1.03,-0.03,-0.03,NORMAL
824284.0,2026-05-02,,,,55,2,3.33,-1.33,-1.05,NORMAL
824285.0,2026-05-03,,,,47,1,0.93,0.07,0.11,NORMAL
824286.0,2026-04-22,,,,49,2,2.71,-0.71,-0.61,NORMAL
824287.0,2026-05-01,,,,52,1,2.81,-1.81,-1.57,NORMAL
824288.0,2026-04-23,,,,51,3,2.48,0.52,0.59,NORMAL
824289.0,2026-04-16,,,,61,3,4.63,-1.63,-1.12,NORMAL
824290.0,2026-04-21,,,,63,0,1.55,-1.55,-1.61,NORMAL
824291.0,2026-04-15,,,,44,1,1.02,-0.02,-0.03,NORMAL
824292.0,2026-04-14,,,,51,0,0.8,-0.8,-1.13,NORMAL
824293.0,2026-04-12,,,,53,4,2.77,1.23,1.15,NORMAL
824294.0,2026-04-11,,,,51,1,2.06,-1.06,-1.17,NORMAL
824297.0,2026-04-10,,,,43,1,0.74,0.26,0.34,NORMAL
824310.0,2026-09-05,,,,55,2,2.11,-0.11,-0.12,NORMAL
824311.0,2026-09-04,,,,62,3,1.91,1.09,1.25,NORMAL
824312.0,2026-09-02,,,,61,0,1.42,-1.42,-1.34,NORMAL
824313.0,2026-09-01,,,,52,3,2.57,0.43,0.33,NORMAL
824314.0,2026-08-31,,,,49,0,0.95,-0.95,-1.21,NORMAL
824315.0,2026-08-23,,,,56,0,0.83,-0.83,-1.06,NORMAL
824316.0,2026-08-22,,,,54,3,2.06,0.94,1.21,NORMAL
824317.0,2026-08-21,,,,57,2,1.79,0.21,0.23,NORMAL
824318.0,2026-08-19,,,,52,3,2.14,0.86,0.82,NORMAL
824319.0,2026-08-18,,,,59,2,2.25,-0.25,-0.27,NORMAL
824320.0,2026-08-17,,,,66,3,2.69,0.31,0.33,NORMAL
824321.0,2026-08-04,,,,67,3,2.11,0.89,0.86,NORMAL
824322.0,2026-08-05,,,,48,1,1.2,-0.2,-0.31,NORMAL
824323.0,2026-08-02,,,,52,1,0.61,0.39,0.54,NORMAL
824324.0,2026-08-03,,,,72,5,5.45,-0.45,-0.29,NORMAL
824325.0,2026-07-31,,,,51,1,0.96,0.04,0.06,NORMAL
824326.0,2026-08-01,,,,63,6,3.38,2.62,2.15,JUICED
824327.0,2026-07-22,,,,53,1,1.72,-0.72,-0.77,NORMAL
824328.0,2026-07-20,,,,59,3,3.33,-0.33,-0.29,NORMAL
824329.0,2026-07-21,,,,57,4,3.24,0.76,0.59,NORMAL
824330.0,2026-07-19,,,,57,8,7.02,0.98,0.75,NORMAL
824331.0,2026-07-18,,,,58,3,2.89,0.11,0.11,NORMAL
824332.0,2026-07-17,,,,53,5,2.76,2.24,1.86,NORMAL
824333.0,2026-07-05,,,,49,5,3.57,1.43,1.72,NORMAL
824334.0,2026-07-04,,,,58,2,2.74,-0.74,-0.75,NORMAL
824335.0,2026-07-02,,,,63,2,2.14,-0.14,-0.15,NORMAL
824336.0,2026-07-03,,,,59,4,2.69,1.31,1.28,NORMAL
824337.0,2026-07-01,,,,48,4,1.53,2.47,2.32,JUICED
824338.0,2026-06-30,,,,61,4,2.78,1.22,1.16,NORMAL
824339.0,2026-06-29,,,,62,3,3.44,-0.44,-0.45,NORMAL
824340.0,2026-06-23,,,,54,3,2.54,0.46,0.41,NORMAL
824341.0,2026-06-24,,,,58,2,3.01,-1.01,-0.75,NORMAL
824342.0,2026-06-20,,,,39,2,1.66,0.34,0.37,NORMAL
824343.0,2026-06-21,,,,55,3,2.28,0.72,0.8,NORMAL
824344.0,2026-06-22,,,,52,0,0.23,-0.23,-0.52,NORMAL
824345.0,2026-06-19,,,,53,1,1.89,-0.89,-0.83,NORMAL
824346.0,2026-06-11,,,,53,6,4.54,1.46,1.26,NORMAL
824347.0,2026-06-09,,,,58,3,2.88,0.12,0.12,NORMAL
824348.0,2026-06-10,,,,42,2,0.95,1.05,1.28,NORMAL
824349.0,2026-06-07,,,,63,2,3.16,-1.16,-0.84,NORMAL
824350.0,2026-06-05,,,,59,1,1.3,-0.3,-0.45,NORMAL
824351.0,2026-06-06,,,,53,5,2.52,2.48,2.38,JUICED
824352.0,2026-05-30,,,,60,3,4.22,-1.22,-0.79,NORMAL
824353.0,2026-05-29,,,,63,3,3.5,-0.5,-0.44,NORMAL
824354.0,2026-05-31,,,,70,3,4.69,-1.69,-1.08,NORMAL
824356.0,2026-05-19,,,,56,1,2.25,-1.25,-0.98,NORMAL
824357.0,2026-05-18,,,,55,1,0.96,0.04,0.05,NORMAL
824358.0,2026-05-17,,,,56,3,3.11,-0.11,-0.1,NORMAL
824359.0,2026-05-16,,,,55,0,1.07,-1.07,-1.33,NORMAL
824360.0,2026-05-15,,,,62,1,1.47,-0.47,-0.47,NORMAL
824361.0,2026-05-06,,,,67,4,3.09,0.91,0.67,NORMAL
824362.0,2026-05-07,,,,45,1,1.06,-0.06,-0.09,NORMAL
824363.0,2026-05-04,,,,43,1,3.66,-2.66,-2.14,DEAD
824364.0,2026-05-03,,,,53,5,4.66,0.34,0.37,NORMAL
824365.0,2026-05-02,,,,47,3,3.11,-0.11,-0.11,NORMAL
824366.0,2026-05-01,,,,57,3,3.34,-0.34,-0.36,NORMAL
824367.0,2026-04-22,,,,59,2,1.57,0.43,0.46,NORMAL
824368.0,2026-04-23,,,,63,4,3.57,0.43,0.36,NORMAL
824369.0,2026-04-21,,,,39,0,0.76,-0.76,-1.11,NORMAL
824370.0,2026-04-20,,,,69,6,4.08,1.92,1.41,NORMAL
824371.0,2026-04-19,,,,64,2,3.09,-1.09,-0.97,NORMAL
824372.0,2026-04-18,,,,50,2,1.94,0.06,0.05,NORMAL
824373.0,2026-04-17,,,,48,2,3.65,-1.65,-1.22,NORMAL
824387.0,2026-09-04,,,,54,1,0.88,0.12,0.24,NORMAL
824388.0,2026-09-03,,,,55,0,0.1,-0.1,-0.32,NORMAL
824389.0,2026-09-05,,,,46,2,2.56,-0.56,-0.78,NORMAL
824390.0,2026-09-02,,,,57,2,2.42,-0.42,-0.49,NORMAL
824391.0,2026-09-01,,,,44,3,1.73,1.27,1.54,NORMAL
824392.0,2026-08-29,,,,60,2,1.48,0.52,0.53,NORMAL
824393.0,2026-08-30,,,,57,2,1.31,0.69,0.72,NORMAL
824394.0,2026-08-19,,,,44,0,0.47,-0.47,-0.81,NORMAL
824395.0,2026-08-20,,,,47,1,1.0,0.0,0.0,NORMAL
824396.0,2026-08-28,,,,47,1,1.21,-0.21,-0.23,NORMAL
824397.0,2026-08-16,,,,53,4,2.62,1.38,1.08,NORMAL
824398.0,2026-08-18,,,,47,2,2.79,-0.79,-0.79,NORMAL
824399.0,2026-08-14,,,,57,4,2.95,1.05,0.97,NORMAL
824400.0,2026-08-15,,,,40,0,0.59,-0.59,-0.94,NORMAL
824401.0,2026-08-06,,,,59,4,3.21,0.79,0.62,NORMAL
824402.0,2026-08-05,,,,53,3,2.57,0.43,0.36,NORMAL
824403.0,2026-08-04,,,,49,3,3.78,-0.78,-0.64,NORMAL
824404.0,2026-08-02,,,,39,1,0.84,0.16,0.22,NORMAL
824405.0,2026-08-01,,,,66,5,4.76,0.24,0.19,NORMAL
824406.0,2026-07-23,,,,55,1,1.67,-0.67,-0.99,NORMAL
824407.0,2026-07-31,,,,51,0,1.57,-1.57,-1.64,NORMAL
824408.0,2026-07-22,,,,66,3,1.48,1.52,1.43,NORMAL
824409.0,2026-07-21,,,,54,1,1.33,-0.33,-0.42,NORMAL
824410.0,2026-07-20,,,,63,7,5.35,1.65,1.14,NORMAL
824411.0,2026-07-19,,,,40,1,1.21,-0.21,-0.24,NORMAL
824412.0,2026-07-18,,,,45,1,1.05,-0.05,-0.06,NORMAL
824413.0,2026-07-05,,,,61,5,5.21,-0.21,-0.16,NORMAL
824414.0,2026-07-18,,,,47,3,2.93,0.07,0.06,NORMAL
824415.0,2026-07-04,,,,48,2,1.51,0.49,0.58,NORMAL
824416.0,2026-07-02,,,,59,3,2.22,0.78,0.66,NORMAL
824417.0,2026-07-03,,,,44,1,1.57,-0.57,-0.71,NORMAL
824418.0,2026-06-30,,,,48,3,1.56,1.44,1.52,NORMAL
824419.0,2026-07-01,,,,52,3,2.11,0.89,0.9,NORMAL
824420.0,2026-06-29,,,,58,1,1.2,-0.2,-0.38,NORMAL
824421.0,2026-06-27,,,,51,1,1.84,-0.84,-1.08,NORMAL
824422.0,2026-06-28,,,,61,0,0.68,-0.68,-0.87,NORMAL
824423.0,2026-06-26,,,,40,1,1.97,-0.97,-1.0,NORMAL
824424.0,2026-09-04,,,,55,3,3.13,-0.13,-0.1,NORMAL
824425.0,2026-06-12,,,,43,2,2.27,-0.27,-0.28,NORMAL
824426.0,2026-06-13,,,,51,1,1.57,-0.57,-0.76,NORMAL
824427.0,2026-06-08,,,,50,3,2.42,0.58,0.68,NORMAL
824428.0,2026-06-10,,,,54,1,1.88,-0.88,-0.84,NORMAL
824429.0,2026-06-09,,,,53,2,2.52,-0.52,-0.57,NORMAL
824430.0,2026-05-31,,,,52,1,2.37,-1.37,-1.31,NORMAL
824431.0,2026-05-30,,,,51,1,2.02,-1.02,-0.96,NORMAL
824432.0,2026-05-27,,,,54,0,1.68,-1.68,-1.57,NORMAL
824433.0,2026-05-29,,,,55,0,0.55,-0.55,-0.79,NORMAL
824434.0,2026-05-26,,,,51,1,1.81,-0.81,-1.03,NORMAL
824435.0,2026-05-16,,,,50,2,1.38,0.62,0.76,NORMAL
824436.0,2026-05-17,,,,50,7,5.95,1.05,0.78,NORMAL
824437.0,2026-05-25,,,,54,7,6.14,0.86,0.62,NORMAL
824438.0,2026-05-13,,,,37,2,2.03,-0.03,-0.04,NORMAL
824439.0,2026-05-15,,,,62,2,2.19,-0.19,-0.17,NORMAL
824440.0,2026-05-10,,,,55,0,1.6,-1.6,-1.6,NORMAL
824441.0,2026-05-11,,,,54,0,1.87,-1.87,-1.84,NORMAL
824442.0,2026-05-12,,,,45,2,2.34,-0.34,-0.29,NORMAL
824443.0,2026-05-08,,,,54,2,3.1,-1.1,-1.03,NORMAL
824444.0,2026-05-09,,,,46,1,1.84,-0.84,-1.09,NORMAL
824445.0,2026-04-29,,,,45,0,0.04,-0.04,-0.19,NORMAL
824446.0,2026-04-27,,,,49,2,1.87,0.13,0.14,NORMAL
824447.0,2026-04-28,,,,49,0,0.71,-0.71,-1.02,NORMAL
824448.0,2026-04-21,,,,55,1,0.95,0.05,0.08,NORMAL
824449.0,2026-04-22,,,,48,1,1.55,-0.55,-0.74,NORMAL
824450.0,2026-04-20,,,,64,3,3.33,-0.33,-0.27,NORMAL
824451.0,2026-04-18,,,,35,4,3.63,0.37,0.35,NORMAL
824452.0,2026-04-19,,,,42,3,3.17,-0.17,-0.19,NORMAL
824453.0,2026-04-16,,,,42,1,1.41,-0.41,-0.46,NORMAL
824454.0,2026-04-17,,,,50,2,3.35,-1.35,-1.32,NORMAL
824468.0,2026-09-05,,,,43,4,2.63,1.37,1.28,NORMAL
824470.0,2026-09-02,,,,50,4,2.21,1.79,1.69,NORMAL
824471.0,2026-09-04,,,,51,2,2.28,-0.28,-0.27,NORMAL
824472.0,2026-09-01,,,,46,2,2.07,-0.07,-0.05,NORMAL
824473.0,2026-08-31,,,,51,0,0.88,-0.88,-1.05,NORMAL
824474.0,2026-08-20,,,,52,2,1.56,0.44,0.41,NORMAL
824475.0,2026-08-18,,,,48,1,1.92,-0.92,-0.82,NORMAL
824476.0,2026-08-19,,,,42,2,2.85,-0.85,-0.71,NORMAL
824477.0,2026-08-16,,,,49,3,1.16,1.84,2.03,JUICED
824478.0,2026-08-17,,,,55,2,1.76,0.24,0.26,NORMAL
824479.0,2026-08-14,,,,46,0,0.3,-0.3,-0.56,NORMAL
824480.0,2026-08-15,,,,54,4,2.77,1.23,0.97,NORMAL
824481.0,2026-08-06,,,,46,5,4.56,0.44,0.36,NORMAL
824482.0,2026-08-05,,,,42,2,2.56,-0.56,-0.62,NORMAL
824483.0,2026-08-02,,,,42,3,2.8,0.2,0.2,NORMAL
824484.0,2026-08-04,,,,46,0,0.34,-0.34,-0.61,NORMAL
824485.0,2026-08-01,,,,49,1,0.99,0.01,0.01,NORMAL
824486.0,2026-07-31,,,,54,3,2.57,0.43,0.38,NORMAL
824487.0,2026-07-29,,,,52,1,1.8,-0.8,-0.89,NORMAL
824488.0,2026-07-30,,,,44,1,1.14,-0.14,-0.22,NORMAL
824489.0,2026-07-28,,,,34,1,1.78,-0.78,-0.88,NORMAL
824490.0,2026-07-28,,,,57,2,1.7,0.3,0.31,NORMAL
824491.0,2026-07-12,,,,58,2,2.83,-0.83,-0.81,NORMAL
824492.0,2026-07-11,,,,54,5,3.48,1.52,1.31,NORMAL
824493.0,2026-07-10,,,,43,2,1.77,0.23,0.26,NORMAL
824494.0,2026-07-09,,,,37,0,0.13,-0.13,-0.36,NORMAL
824495.0,2026-07-07,,,,37,2,1.09,0.91,1.36,NORMAL
824496.0,2026-07-08,,,,47,7,3.68,3.32,2.43,JUICED
824497.0,2026-07-05,,,,45,1,0.9,0.1,0.12,NORMAL
824498.0,2026-07-03,,,,40,1,0.89,0.11,0.14,NORMAL
824499.0,2026-07-04,,,,49,1,1.42,-0.42,-0.53,NORMAL
824500.0,2026-06-24,,,,53,3,2.73,0.27,0.24,NORMAL
824501.0,2026-06-23,,,,28,0,0.3,-0.3,-0.64,NORMAL
824502.0,2026-06-22,,,,36,0,1.19,-1.19,-1.32,NORMAL
824503.0,2026-06-17,,,,58,0,0.63,-0.63,-0.87,NORMAL
824504.0,2026-06-16,,,,34,3,2.83,0.17,0.26,NORMAL
824505.0,2026-06-15,,,,45,3,1.8,1.2,1.12,NORMAL
824506.0,2026-06-14,,,,45,4,2.37,1.63,1.95,NORMAL
824507.0,2026-06-12,,,,49,1,2.26,-1.26,-1.17,NORMAL
824508.0,2026-06-13,,,,40,2,2.65,-0.65,-0.73,NORMAL
824509.0,2026-06-03,,,,46,3,2.0,1.0,0.89,NORMAL
824510.0,2026-06-01,,,,49,4,3.65,0.35,0.29,NORMAL
824511.0,2026-06-02,,,,43,3,2.03,0.97,1.09,NORMAL
824512.0,2026-05-31,,,,47,3,3.34,-0.34,-0.3,NORMAL
824513.0,2026-05-30,,,,45,5,3.28,1.72,1.35,NORMAL
824514.0,2026-08-17,,,,39,1,0.94,0.06,0.11,NORMAL
824515.0,2026-05-29,,,,54,3,3.47,-0.47,-0.52,NORMAL
824516.0,2026-05-23,,,,54,4,3.61,0.39,0.32,NORMAL
824517.0,2026-05-14,,,,45,4,2.97,1.03,0.89,NORMAL
824518.0,2026-05-23,,,,51,3,1.85,1.15,1.17,NORMAL
824519.0,2026-05-13,,,,50,3,4.35,-1.35,-1.07,NORMAL
824520.0,2026-05-10,,,,43,1,2.08,-1.08,-0.95,NORMAL
824521.0,2026-05-12,,,,54,6,5.29,0.71,0.55,NORMAL
824522.0,2026-05-08,,,,53,4,4.15,-0.15,-0.11,NORMAL
824523.0,2026-05-09,,,,43,1,1.86,-0.86,-1.11,NORMAL
824524.0,2026-04-30,,,,45,3,3.16,-0.16,-0.14,NORMAL
824525.0,2026-04-29,,,,56,3,4.85,-1.85,-1.32,NORMAL
824526.0,2026-04-28,,,,48,3,2.81,0.19,0.18,NORMAL
824527.0,2026-04-25,,,,45,6,3.35,2.65,1.86,NORMAL
824528.0,2026-04-26,,,,50,5,4.16,0.84,0.57,NORMAL
824529.0,2026-04-24,,,,47,8,5.8,2.2,1.66,NORMAL
824530.0,2026-04-16,,,,32,0,0.27,-0.27,-0.57,NORMAL
824531.0,2026-04-14,,,,39,3,3.24,-0.24,-0.23,NORMAL
824532.0,2026-04-15,,,,46,4,1.52,2.48,2.82,JUICED
824533.0,2026-04-12,,,,52,2,2.08,-0.08,-0.09,NORMAL
824534.0,2026-04-10,,,,52,4,4.63,-0.63,-0.42,NORMAL
824535.0,2026-04-11,,,,47,1,3.14,-2.14,-1.65,NORMAL
824536.0,2026-04-01,,,,47,3,3.19,-0.19,-0.28,NORMAL
824537.0,2026-03-31,,,,45,6,4.85,1.15,1.23,NORMAL
824538.0,2026-03-29,,,,42,2,3.67,-1.67,-1.37,NORMAL
824539.0,2026-03-30,,,,37,0,0.57,-0.57,-0.8,NORMAL
824540.0,2026-03-28,,,,46,4,4.08,-0.08,-0.07,NORMAL
824541.0,2026-03-26,,,,43,0,1.26,-1.26,-1.36,NORMAL
824553.0,2026-09-05,,,,51,3,2.43,0.57,0.71,NORMAL
824554.0,2026-09-04,,,,52,4,4.53,-0.53,-0.44,NORMAL
824555.0,2026-08-26,,,,54,3,2.31,0.69,0.66,NORMAL
824556.0,2026-08-25,,,,58,4,3.75,0.25,0.24,NORMAL
824557.0,2026-08-24,,,,54,3,2.58,0.42,0.37,NORMAL
824558.0,2026-08-23,,,,42,1,1.37,-0.37,-0.41,NORMAL
824559.0,2026-08-21,,,,51,5,4.77,0.23,0.17,NORMAL
824560.0,2026-08-22,,,,59,7,4.82,2.18,1.73,NORMAL
824561.0,2026-08-13,,,,56,3,3.83,-0.83,-0.66,NORMAL
824562.0,2026-08-12,,,,43,2,1.83,0.17,0.17,NORMAL
824563.0,2026-08-11,,,,52,4,4.19,-0.19,-0.14,NORMAL
824564.0,2026-08-09,,,,41,1,2.04,-1.04,-1.32,NORMAL
824565.0,2026-08-08,,,,54,3,1.88,1.12,1.17,NORMAL
824566.0,2026-08-07,,,,54,4,3.24,0.76,0.79,NORMAL
824567.0,2026-07-29,,,,61,3,2.63,0.37,0.36,NORMAL
824568.0,2026-07-30,,,,50,0,1.47,-1.47,-1.5,NORMAL
824569.0,2026-07-28,,,,46,1,1.67,-0.67,-0.78,NORMAL
824570.0,2026-07-27,,,,55,1,1.51,-0.51,-0.49,NORMAL
824571.0,2026-07-25,,,,43,0,1.06,-1.06,-1.19,NORMAL
824572.0,2026-07-26,,,,54,8,5.52,2.48,1.65,NORMAL
824573.0,2026-07-24,,,,55,1,2.44,-1.44,-1.38,NORMAL
824574.0,2026-07-12,,,,48,3,2.48,0.52,0.57,NORMAL
824575.0,2026-07-10,,,,48,3,3.82,-0.82,-0.68,NORMAL
824576.0,2026-07-11,,,,42,0,0.03,-0.03,-0.18,NORMAL
824577.0,2026-07-09,,,,48,1,0.97,0.03,0.03,NORMAL
824578.0,2026-07-08,,,,49,0,1.9,-1.9,-1.8,NORMAL
824579.0,2026-07-07,,,,49,2,2.17,-0.17,-0.19,NORMAL
824580.0,2026-06-28,,,,55,1,1.84,-0.84,-1.0,NORMAL
824581.0,2026-06-27,,,,48,0,0.6,-0.6,-0.87,NORMAL
824582.0,2026-06-26,,,,56,5,3.0,2.0,1.63,NORMAL
824583.0,2026-06-24,,,,59,2,2.3,-0.3,-0.31,NORMAL
824584.0,2026-06-23,,,,40,2,2.26,-0.26,-0.27,NORMAL
824585.0,2026-06-22,,,,42,1,0.85,0.15,0.2,NORMAL
824586.0,2026-06-14,,,,44,5,3.38,1.62,1.37,NORMAL
824587.0,2026-06-13,,,,45,4,3.8,0.2,0.2,NORMAL
824588.0,2026-06-12,,,,47,1,0.99,0.01,0.01,NORMAL
824589.0,2026-08-20,,,,42,0,1.09,-1.09,-1.22,NORMAL
824590.0,2026-06-10,,,,51,0,1.06,-1.06,-1.22,NORMAL
824591.0,2026-06-09,,,,64,4,2.88,1.12,0.86,NORMAL
824592.0,2026-05-31,,,,45,1,1.65,-0.65,-0.7,NORMAL
824593.0,2026-05-30,,,,50,4,3.75,0.25,0.21,NORMAL
824594.0,2026-05-29,,,,59,2,1.48,0.52,0.5,NORMAL
824595.0,2026-05-28,,,,45,0,0.49,-0.49,-0.77,NORMAL
824596.0,2026-05-27,,,,56,4,2.42,1.58,1.38,NORMAL
824597.0,2026-05-26,,,,51,1,1.79,-0.79,-0.9,NORMAL
824598.0,2026-05-25,,,,49,3,4.01,-1.01,-0.87,NORMAL
824599.0,2026-05-17,,,,62,4,4.03,-0.03,-0.02,NORMAL
824600.0,2026-05-16,,,,50,7,5.8,1.2,1.01,NORMAL
824601.0,2026-05-15,,,,60,3,3.82,-0.82,-0.65,NORMAL
824602.0,2026-05-14,,,,49,1,1.64,-0.64,-0.89,NORMAL
824603.0,2026-05-13,,,,47,2,4.44,-2.44,-1.92,NORMAL
824604.0,2026-05-12,,,,54,5,3.65,1.35,1.01,NORMAL
824605.0,2026-05-10,,,,38,1,2.56,-1.56,-1.47,NORMAL
824606.0,2026-05-09,,,,45,3,2.98,0.02,0.03,NORMAL
824607.0,2026-05-08,,,,60,6,5.48,0.52,0.42,NORMAL
824608.0,2026-04-29,,,,51,2,1.37,0.63,0.84,NORMAL
824609.0,2026-04-27,,,,59,3,3.38,-0.38,-0.31,NORMAL
824610.0,2026-04-28,,,,45,4,3.37,0.63,0.57,NORMAL
824611.0,2026-04-24,,,,52,2,2.82,-0.82,-0.67,NORMAL
824612.0,2026-04-26,,,,49,1,2.18,-1.18,-1.37,NORMAL
824613.0,2026-04-25,,,,43,0,1.62,-1.62,-1.54,NORMAL
824614.0,2026-04-16,,,,53,3,1.96,1.04,1.01,NORMAL
824615.0,2026-04-15,,,,55,3,3.2,-0.2,-0.17,NORMAL
824616.0,2026-04-14,,,,57,2,2.36,-0.36,-0.47,NORMAL
824632.0,2026-09-03,,,,41,2,2.01,-0.01,-0.01,NORMAL
824633.0,2026-09-01,,,,57,2,1.28,0.72,0.74,NORMAL
824634.0,2026-09-02,,,,55,2,1.21,0.79,0.8,NORMAL
824635.0,2026-08-31,,,,63,10,5.98,4.02,2.74,JUICED
824636.0,2026-08-30,,,,55,6,4.35,1.65,1.45,NORMAL
824637.0,2026-08-29,,,,62,8,4.93,3.07,2.32,JUICED
824638.0,2026-08-28,,,,64,6,4.58,1.42,1.05,NORMAL
824639.0,2026-08-18,,,,52,3,2.19,0.81,0.94,NORMAL
824640.0,2026-08-19,,,,46,0,1.38,-1.38,-1.5,NORMAL
824641.0,2026-08-17,,,,53,5,3.33,1.67,1.31,NORMAL
824642.0,2026-08-16,,,,52,4,3.01,0.99,0.9,NORMAL
824643.0,2026-08-14,,,,47,1,1.01,-0.01,-0.03,NORMAL
824644.0,2026-08-15,,,,55,6,3.93,2.07,1.77,NORMAL
824645.0,2026-08-04,,,,48,3,1.51,1.49,1.77,NORMAL
824646.0,2026-08-05,,,,64,5,4.28,0.72,0.52,NORMAL
824647.0,2026-08-03,,,,53,6,4.09,1.91,1.63,NORMAL
824648.0,2026-08-02,,,,44,1,2.55,-1.55,-1.53,NORMAL
824649.0,2026-08-01,,,,47,2,1.46,0.54,0.61,NORMAL
824650.0,2026-07-22,,,,42,3,3.03,-0.03,-0.04,NORMAL
824651.0,2026-07-31,,,,42,2,1.86,0.14,0.15,NORMAL
824652.0,2026-07-21,,,,53,2,2.49,-0.49,-0.44,NORMAL
824653.0,2026-07-19,,,,56,1,1.94,-0.94,-1.12,NORMAL
824654.0,2026-07-20,,,,62,6,3.53,2.47,2.06,JUICED
824655.0,2026-07-17,,,,45,1,0.6,0.4,0.55,NORMAL
824656.0,2026-07-05,,,,52,1,1.21,-0.21,-0.37,NORMAL
824657.0,2026-07-18,,,,49,3,2.4,0.6,0.62,NORMAL
824658.0,2026-07-04,,,,37,1,0.92,0.08,0.09,NORMAL
824659.0,2026-07-03,,,,65,3,2.64,0.36,0.28,NORMAL
824660.0,2026-07-01,,,,61,9,4.3,4.7,3.15,JUICED
824661.0,2026-06-30,,,,66,9,5.05,3.95,3.25,JUICED
824662.0,2026-06-29,,,,55,0,0.54,-0.54,-0.87,NORMAL
824663.0,2026-06-19,,,,65,2,2.82,-0.82,-0.68,NORMAL
824664.0,2026-08-06,,,,58,1,2.2,-1.2,-1.06,NORMAL
824665.0,2026-06-20,,,,58,4,4.97,-0.97,-0.77,NORMAL
824666.0,2026-06-15,,,,50,2,2.74,-0.74,-0.74,NORMAL
824667.0,2026-06-16,,,,49,2,1.04,0.96,1.07,NORMAL
824668.0,2026-06-17,,,,61,6,2.25,3.75,2.93,JUICED
824669.0,2026-06-06,,,,50,3,3.13,-0.13,-0.15,NORMAL
824670.0,2026-06-07,,,,48,0,0.18,-0.18,-0.43,NORMAL
824671.0,2026-06-03,,,,60,3,3.61,-0.61,-0.52,NORMAL
824672.0,2026-06-04,,,,50,6,3.58,2.42,2.25,JUICED
824673.0,2026-06-05,,,,63,8,6.28,1.72,1.16,NORMAL
824674.0,2026-05-23,,,,44,2,2.06,-0.06,-0.06,NORMAL
824675.0,2026-06-02,,,,48,1,2.34,-1.34,-1.35,NORMAL
824676.0,2026-05-24,,,,53,4,2.41,1.59,1.36,NORMAL
824677.0,2026-05-19,,,,52,1,0.7,0.3,0.41,NORMAL
824679.0,2026-05-22,,,,52,2,2.43,-0.43,-0.43,NORMAL
824680.0,2026-05-18,,,,56,3,3.74,-0.74,-0.91,NORMAL
824681.0,2026-05-07,,,,51,3,5.23,-2.23,-1.76,NORMAL
824682.0,2026-05-05,,,,56,3,2.57,0.43,0.46,NORMAL
824683.0,2026-05-06,,,,58,4,2.74,1.26,1.29,NORMAL
824684.0,2026-05-04,,,,49,4,3.54,0.46,0.43,NORMAL
824685.0,2026-05-02,,,,46,1,3.24,-2.24,-2.12,DEAD
824686.0,2026-05-01,,,,53,1,2.18,-1.18,-1.05,NORMAL
824687.0,2026-05-03,,,,53,3,2.26,0.74,0.73,NORMAL
824688.0,2026-04-22,,,,53,2,1.86,0.14,0.14,NORMAL
824689.0,2026-04-23,,,,70,6,3.75,2.25,2.07,JUICED
824690.0,2026-04-21,,,,62,4,2.4,1.6,1.59,NORMAL
824691.0,2026-04-19,,,,51,1,0.96,0.04,0.06,NORMAL
824692.0,2026-04-20,,,,49,1,1.21,-0.21,-0.22,NORMAL
824693.0,2026-04-17,,,,62,3,2.43,0.57,0.54,NORMAL
824694.0,2026-04-18,,,,51,3,4.7,-1.7,-1.54,NORMAL
824695.0,2026-04-10,,,,43,1,1.53,-0.53,-0.61,NORMAL
824696.0,2026-04-12,,,,46,5,3.12,1.88,2.03,JUICED
824697.0,2026-04-11,,,,59,0,2.05,-2.05,-1.63,NORMAL
824698.0,2026-04-01,,,,40,0,1.52,-1.52,-1.59,NORMAL
824699.0,2026-03-31,,,,45,0,0.68,-0.68,-0.9,NORMAL
824700.0,2026-03-29,,,,49,5,3.59,1.41,0.99,NORMAL
824701.0,2026-03-28,,,,48,3,2.44,0.56,0.63,NORMAL
824702.0,2026-03-30,,,,49,2,1.23,0.77,1.06,NORMAL
824704.0,2026-03-26,,,,49,3,5.75,-2.75,-2.28,DEAD
824716.0,2026-09-01,,,,61,5,5.64,-0.64,-0.51,NORMAL
824717.0,2026-09-02,,,,64,1,2.55,-1.55,-1.21,NORMAL
824718.0,2026-08-22,,,,48,2,2.12,-0.12,-0.22,NORMAL
824719.0,2026-08-31,,,,61,4,2.82,1.18,1.24,NORMAL
824720.0,2026-08-23,,,,57,2,2.79,-0.79,-0.68,NORMAL
824721.0,2026-08-21,,,,50,3,2.34,0.66,0.75,NORMAL
824722.0,2026-08-19,,,,55,4,3.22,0.78,0.67,NORMAL
824723.0,2026-08-18,,,,58,3,2.54,0.46,0.53,NORMAL
824724.0,2026-08-09,,,,53,0,1.39,-1.39,-1.36,NORMAL
824725.0,2026-08-17,,,,64,2,2.56,-0.56,-0.45,NORMAL
824726.0,2026-08-08,,,,51,2,2.06,-0.06,-0.06,NORMAL
824727.0,2026-08-07,,,,47,2,1.94,0.06,0.06,NORMAL
824728.0,2026-08-05,,,,37,1,1.06,-0.06,-0.09,NORMAL
824729.0,2026-08-06,,,,75,3,2.2,0.8,0.87,NORMAL
824730.0,2026-07-26,,,,52,0,0.38,-0.38,-0.64,NORMAL
824731.0,2026-08-04,,,,57,4,3.61,0.39,0.34,NORMAL
824732.0,2026-07-22,,,,53,0,0.83,-0.83,-0.97,NORMAL
824733.0,2026-07-24,,,,52,3,1.33,1.67,1.77,NORMAL
824734.0,2026-07-25,,,,45,1,0.87,0.13,0.16,NORMAL
824735.0,2026-07-22,,,,60,2,1.59,0.41,0.39,NORMAL
824736.0,2026-07-20,,,,47,2,1.22,0.78,1.09,NORMAL
824737.0,2026-07-17,,,,50,4,4.78,-0.78,-0.87,NORMAL
824738.0,2026-07-18,,,,50,5,3.33,1.67,1.71,NORMAL
824739.0,2026-07-19,,,,50,2,1.02,0.98,1.52,NORMAL
824740.0,2026-07-01,,,,52,3,1.95,1.05,1.08,NORMAL
824741.0,2026-06-29,,,,48,3,2.27,0.73,1.03,NORMAL
824742.0,2026-06-30,,,,46,1,1.13,-0.13,-0.15,NORMAL
824743.0,2026-06-26,,,,53,1,2.18,-1.18,-1.18,NORMAL
824744.0,2026-06-28,,,,48,0,0.64,-0.64,-0.86,NORMAL
824745.0,2026-06-27,,,,45,3,1.04,1.96,2.44,JUICED
824746.0,2026-06-17,,,,52,0,0.93,-0.93,-1.54,NORMAL
824747.0,2026-06-25,,,,49,2,0.87,1.13,1.52,NORMAL
824748.0,2026-06-18,,,,55,4,1.6,2.4,2.19,JUICED
824749.0,2026-06-13,,,,51,2,1.77,0.23,0.25,NORMAL
824750.0,2026-06-16,,,,50,4,3.1,0.9,0.92,NORMAL
824751.0,2026-06-14,,,,58,4,2.23,1.77,2.02,JUICED
824752.0,2026-06-12,,,,57,3,1.95,1.05,1.02,NORMAL
824753.0,2026-06-04,,,,55,1,2.1,-1.1,-1.06,NORMAL
824754.0,2026-06-02,,,,46,2,1.94,0.06,0.06,NORMAL
824755.0,2026-06-03,,,,59,1,1.26,-0.26,-0.43,NORMAL
824756.0,2026-05-27,,,,60,1,1.58,-0.58,-0.58,NORMAL
824757.0,2026-05-28,,,,51,3,2.91,0.09,0.1,NORMAL
824758.0,2026-05-26,,,,53,5,3.28,1.72,1.5,NORMAL
824759.0,2026-05-24,,,,54,2,3.51,-1.51,-1.37,NORMAL
824760.0,2026-05-23,,,,50,0,0.4,-0.4,-0.66,NORMAL
824761.0,2026-05-22,,,,54,2,2.41,-0.41,-0.42,NORMAL
824762.0,2026-05-14,,,,46,1,1.24,-0.24,-0.46,NORMAL
824763.0,2026-05-13,,,,41,3,1.88,1.12,1.37,NORMAL
824764.0,2026-05-12,,,,47,1,2.69,-1.69,-1.6,NORMAL
824765.0,2026-05-10,,,,53,1,1.3,-0.3,-0.45,NORMAL
824766.0,2026-07-17,,,,59,2,2.24,-0.24,-0.27,NORMAL
824767.0,2026-05-07,,,,62,1,0.57,0.43,0.64,NORMAL
824768.0,2026-05-08,,,,40,2,1.33,0.67,0.88,NORMAL
824769.0,2026-05-03,,,,55,1,3.97,-2.97,-2.84,DEAD
824770.0,2026-04-23,,,,45,2,1.46,0.54,0.65,NORMAL
824771.0,2026-05-02,,,,56,2,2.72,-0.72,-0.63,NORMAL
824772.0,2026-05-01,,,,56,2,2.8,-0.8,-0.92,NORMAL
824773.0,2026-04-21,,,,50,1,1.86,-0.86,-1.16,NORMAL
824774.0,2026-04-22,,,,46,1,1.96,-0.96,-0.99,NORMAL
824775.0,2026-04-18,,,,47,1,2.64,-1.64,-1.55,NORMAL
824776.0,2026-04-20,,,,58,0,3.35,-3.35,-2.65,DEAD
824777.0,2026-04-19,,,,51,3,3.16,-0.16,-0.15,NORMAL
824778.0,2026-04-17,,,,48,0,1.11,-1.11,-1.17,NORMAL
824795.0,2026-09-05,,,,46,0,1.06,-1.06,-2.5,DEAD
824796.0,2026-09-03,,,,44,7,3.59,3.41,2.41,JUICED
824797.0,2026-09-04,,,,49,1,1.07,-0.07,-0.08,NORMAL
824798.0,2026-08-22,,,,56,2,1.94,0.06,0.06,NORMAL
824799.0,2026-08-23,,,,53,1,0.87,0.13,0.16,NORMAL
824800.0,2026-08-21,,,,46,3,2.87,0.13,0.18,NORMAL
824801.0,2026-08-19,,,,46,3,2.9,0.1,0.11,NORMAL
824802.0,2026-08-20,,,,46,3,2.85,0.15,0.18,NORMAL
824803.0,2026-08-18,,,,41,2,1.96,0.04,0.05,NORMAL
824804.0,2026-08-06,,,,46,2,1.97,0.03,0.02,NORMAL
824805.0,2026-08-04,,,,45,1,2.52,-1.52,-1.4,NORMAL
824806.0,2026-08-05,,,,37,4,4.11,-0.11,-0.11,NORMAL
824807.0,2026-08-02,,,,32,2,1.19,0.81,0.94,NORMAL
824808.0,2026-08-01,,,,45,0,0.34,-0.34,-0.62,NORMAL
824809.0,2026-07-31,,,,45,3,2.77,0.23,0.25,NORMAL
824810.0,2026-07-26,,,,63,1,2.44,-1.44,-1.64,NORMAL
824811.0,2026-07-25,,,,43,2,1.56,0.44,0.56,NORMAL
824812.0,2026-07-24,,,,56,3,4.25,-1.25,-0.91,NORMAL
824813.0,2026-07-11,,,,40,4,3.05,0.95,0.81,NORMAL
824814.0,2026-07-12,,,,51,2,1.59,0.41,0.4,NORMAL
824815.0,2026-07-08,,,,63,9,7.75,1.25,0.87,NORMAL
824816.0,2026-07-09,,,,50,2,2.12,-0.12,-0.12,NORMAL
824817.0,2026-07-10,,,,51,4,2.71,1.29,1.14,NORMAL
824818.0,2026-07-01,,,,42,3,2.81,0.19,0.22,NORMAL
824819.0,2026-06-30,,,,53,2,3.17,-1.17,-1.04,NORMAL
824820.0,2026-07-07,,,,51,0,0.59,-0.59,-0.86,NORMAL
824821.0,2026-06-28,,,,53,4,3.57,0.43,0.32,NORMAL
824822.0,2026-06-29,,,,46,0,0.57,-0.57,-0.8,NORMAL
824823.0,2026-06-14,,,,53,2,1.93,0.07,0.08,NORMAL
824824.0,2026-06-26,,,,41,0,0.45,-0.45,-0.77,NORMAL
824825.0,2026-06-27,,,,54,1,2.07,-1.07,-1.99,NORMAL
824826.0,2026-06-12,,,,45,2,2.3,-0.3,-0.29,NORMAL
824827.0,2026-06-11,,,,50,5,2.96,2.04,2.01,JUICED
824828.0,2026-06-13,,,,56,6,2.93,3.07,2.17,JUICED
824829.0,2026-06-08,,,,55,1,2.85,-1.85,-1.37,NORMAL
824830.0,2026-06-09,,,,66,3,4.97,-1.97,-1.51,NORMAL
824831.0,2026-06-10,,,,47,2,2.74,-0.74,-0.6,NORMAL
824832.0,2026-05-31,,,,57,2,3.29,-1.29,-1.27,NORMAL
824833.0,2026-05-30,,,,48,0,0.94,-0.94,-1.11,NORMAL
824834.0,2026-05-28,,,,52,2,2.04,-0.04,-0.05,NORMAL
824835.0,2026-05-29,,,,63,5,3.41,1.59,1.42,NORMAL
824836.0,2026-05-27,,,,64,3,4.47,-1.47,-1.21,NORMAL
824837.0,2026-05-26,,,,48,1,1.36,-0.36,-0.45,NORMAL
824838.0,2026-05-25,,,,78,3,4.24,-1.24,-1.01,NORMAL
824839.0,2026-05-24,,,,54,2,3.76,-1.76,-1.46,NORMAL
824840.0,2026-05-24,,,,55,1,3.3,-2.3,-1.79,NORMAL
824841.0,2026-05-13,,,,45,1,0.61,0.39,0.65,NORMAL
824842.0,2026-05-22,,,,51,3,4.06,-1.06,-0.84,NORMAL
824843.0,2026-05-12,,,,53,2,2.01,-0.01,-0.01,NORMAL
824844.0,2026-05-11,,,,38,2,2.07,-0.07,-0.06,NORMAL
824845.0,2026-05-10,,,,39,0,0.46,-0.46,-0.78,NORMAL
824846.0,2026-05-08,,,,45,2,1.32,0.68,0.71,NORMAL
824847.0,2026-05-09,,,,52,1,0.77,0.23,0.35,NORMAL
824848.0,2026-04-30,,,,56,2,1.91,0.09,0.09,NORMAL
824849.0,2026-04-28,,,,50,2,2.34,-0.34,-0.31,NORMAL
824850.0,2026-04-30,,,,55,2,2.49,-0.49,-0.49,NORMAL
824851.0,2026-04-25,,,,61,3,4.53,-1.53,-1.1,NORMAL
824852.0,2026-04-26,,,,51,3,4.85,-1.85,-1.65,NORMAL
824853.0,2026-04-14,,,,49,2,2.05,-0.05,-0.05,NORMAL
824854.0,2026-04-24,,,,66,7,6.17,0.83,0.64,NORMAL
824855.0,2026-04-15,,,,65,2,1.98,0.02,0.02,NORMAL
824856.0,2026-04-13,,,,48,7,5.31,1.69,1.25,NORMAL
824857.0,2026-04-11,,,,50,2,1.4,0.6,0.7,NORMAL
824858.0,2026-04-10,,,,61,3,3.84,-0.84,-0.61,NORMAL
824859.0,2026-04-12,,,,53,2,2.13,-0.13,-0.13,NORMAL
824860.0,2026-04-01,,,,58,3,2.76,0.24,0.2,NORMAL
824861.0,2026-03-31,,,,54,4,3.79,0.21,0.16,NORMAL
824862.0,2026-03-28,,,,37,1,1.2,-0.2,-0.22,NORMAL
824863.0,2026-03-30,,,,50,1,1.57,-0.57,-0.61,NORMAL
824864.0,2026-03-29,,,,53,2,2.34,-0.34,-0.32,NORMAL
824865.0,2026-03-26,,,,42,0,0.68,-0.68,-0.87,NORMAL
824874.0,2026-08-29,,,,49,0,0.95,-0.95,-1.16,NORMAL
824876.0,2026-08-30,,,,48,2,2.23,-0.23,-0.2,NORMAL
824877.0,2026-08-28,,,,63,1,1.57,-0.57,-0.52,NORMAL
824878.0,2026-08-26,,,,62,3,3.82,-0.82,-0.71,NORMAL
824879.0,2026-08-27,,,,36,1,1.76,-0.76,-0.96,NORMAL
824880.0,2026-08-16,,,,48,3,1.37,1.63,1.7,NORMAL
824881.0,2026-08-25,,,,55,0,0.57,-0.57,-0.93,NORMAL
824882.0,2026-08-14,,,,45,1,0.93,0.07,0.1,NORMAL
824883.0,2026-08-12,,,,53,6,5.15,0.85,0.62,NORMAL
824884.0,2026-08-15,,,,60,4,2.82,1.18,0.87,NORMAL
824885.0,2026-08-06,,,,59,3,2.27,0.73,0.75,NORMAL
824886.0,2026-08-11,,,,46,2,2.8,-0.8,-0.8,NORMAL
824887.0,2026-08-10,,,,53,2,2.6,-0.6,-0.62,NORMAL
824888.0,2026-08-04,,,,51,2,2.61,-0.61,-0.59,NORMAL
824889.0,2026-08-05,,,,47,0,0.62,-0.62,-0.85,NORMAL
824890.0,2026-08-01,,,,54,3,2.72,0.28,0.26,NORMAL
824891.0,2026-08-02,,,,44,2,2.51,-0.51,-0.48,NORMAL
824892.0,2026-07-31,,,,56,4,3.28,0.72,0.59,NORMAL
824893.0,2026-07-23,,,,45,5,3.29,1.71,1.56,NORMAL
824894.0,2026-07-30,,,,53,5,4.72,0.28,0.21,NORMAL
824895.0,2026-07-21,,,,47,4,2.94,1.06,1.07,NORMAL
824896.0,2026-07-22,,,,52,2,1.95,0.05,0.05,NORMAL
824897.0,2026-07-19,,,,61,5,3.54,1.46,1.39,NORMAL
824898.0,2026-07-20,,,,46,4,4.74,-0.74,-0.6,NORMAL
824899.0,2026-07-18,,,,57,4,3.35,0.65,0.65,NORMAL
824900.0,2026-07-06,,,,60,4,3.06,0.94,0.91,NORMAL
824901.0,2026-07-17,,,,62,3,3.47,-0.47,-0.42,NORMAL
824902.0,2026-07-05,,,,60,3,1.91,1.09,1.06,NORMAL
824903.0,2026-07-04,,,,58,7,4.74,2.26,1.71,NORMAL
824904.0,2026-07-03,,,,51,5,3.63,1.37,1.23,NORMAL
824905.0,2026-07-01,,,,44,1,2.16,-1.16,-1.02,NORMAL
824906.0,2026-07-02,,,,64,3,2.6,0.4,0.45,NORMAL
824907.0,2026-06-30,,,,48,2,1.51,0.49,0.58,NORMAL
824908.0,2026-06-21,,,,54,2,1.63,0.37,0.46,NORMAL
824909.0,2026-06-20,,,,47,2,0.51,1.49,2.2,JUICED
824910.0,2026-06-19,,,,50,1,0.83,0.17,0.21,NORMAL
824911.0,2026-08-31,,,,56,4,2.72,1.28,1.12,NORMAL
824913.0,2026-06-17,,,,61,4,3.16,0.84,0.65,NORMAL
824914.0,2026-06-05,,,,45,1,1.64,-0.64,-0.66,NORMAL
824915.0,2026-06-06,,,,50,1,1.25,-0.25,-0.26,NORMAL
824916.0,2026-06-07,,,,42,1,1.27,-0.27,-0.36,NORMAL
824917.0,2026-06-03,,,,57,4,3.47,0.53,0.44,NORMAL
824918.0,2026-06-02,,,,47,2,1.56,0.44,0.44,NORMAL
824919.0,2026-06-04,,,,58,1,1.25,-0.25,-0.27,NORMAL
824920.0,2026-05-23,,,,36,2,2.06,-0.06,-0.07,NORMAL
824921.0,2026-05-24,,,,51,0,1.58,-1.58,-1.65,NORMAL
824922.0,2026-05-22,,,,69,2,2.36,-0.36,-0.34,NORMAL
824923.0,2026-05-17,,,,56,2,2.25,-0.25,-0.26,NORMAL
824924.0,2026-05-16,,,,58,2,1.64,0.36,0.41,NORMAL
824925.0,2026-05-15,,,,48,3,1.71,1.29,1.31,NORMAL
824926.0,2026-05-14,,,,42,1,1.26,-0.26,-0.43,NORMAL
824927.0,2026-05-12,,,,47,3,4.74,-1.74,-1.41,NORMAL
824928.0,2026-05-13,,,,42,2,1.58,0.42,0.47,NORMAL
824929.0,2026-04-30,,,,51,0,0.57,-0.57,-0.82,NORMAL
824930.0,2026-04-29,,,,42,3,2.05,0.95,0.88,NORMAL
824931.0,2026-04-28,,,,49,2,1.46,0.54,0.53,NORMAL
824932.0,2026-04-24,,,,64,3,4.44,-1.44,-1.1,NORMAL
824933.0,2026-04-25,,,,62,0,2.09,-2.09,-1.96,NORMAL
824934.0,2026-04-26,,,,43,3,2.62,0.38,0.4,NORMAL
824935.0,2026-04-14,,,,48,0,0.94,-0.94,-1.05,NORMAL
824936.0,2026-04-15,,,,50,4,3.77,0.23,0.19,NORMAL
824937.0,2026-04-13,,,,57,2,3.1,-1.1,-1.08,NORMAL
824938.0,2026-04-12,,,,62,2,2.65,-0.65,-0.5,NORMAL
824939.0,2026-04-11,,,,52,1,1.53,-0.53,-0.54,NORMAL
824940.0,2026-04-01,,,,44,1,1.45,-0.45,-0.44,NORMAL
824941.0,2026-04-10,,,,62,4,4.74,-0.74,-0.71,NORMAL
824942.0,2026-03-31,,,,50,2,2.28,-0.28,-0.35,NORMAL
824943.0,2026-03-30,,,,53,0,1.52,-1.52,-1.75,NORMAL
824944.0,2026-03-29,,,,54,2,3.35,-1.35,-1.11,NORMAL
824945.0,2026-03-28,,,,47,2,2.01,-0.01,-0.01,NORMAL
824946.0,2026-03-27,,,,46,3,2.05,0.95,0.92,NORMAL
824959.0,2026-08-30,,,,49,4,2.41,1.59,1.64,NORMAL
824960.0,2026-08-28,,,,54,1,1.13,-0.13,-0.16,NORMAL
824961.0,2026-08-29,,,,52,1,1.79,-0.79,-0.89,NORMAL
824962.0,2026-08-25,,,,37,1,1.22,-0.22,-0.23,NORMAL
824963.0,2026-08-26,,,,56,4,3.05,0.95,0.89,NORMAL
824964.0,2026-08-24,,,,69,1,2.25,-1.25,-1.04,NORMAL
824965.0,2026-08-16,,,,49,4,3.66,0.34,0.29,NORMAL
824966.0,2026-08-15,,,,53,2,1.7,0.3,0.36,NORMAL
824967.0,2026-08-12,,,,63,3,3.28,-0.28,-0.26,NORMAL
824968.0,2026-08-14,,,,52,3,1.43,1.57,1.63,NORMAL
824969.0,2026-08-10,,,,61,3,2.7,0.3,0.35,NORMAL
824970.0,2026-08-11,,,,60,7,1.84,5.16,4.55,JUICED
824971.0,2026-08-02,,,,57,1,1.88,-0.88,-0.87,NORMAL
824972.0,2026-08-01,,,,62,4,2.25,1.75,1.45,NORMAL
824973.0,2026-07-29,,,,53,4,1.84,2.16,2.25,JUICED
824974.0,2026-07-30,,,,51,2,1.23,0.77,1.24,NORMAL
824975.0,2026-07-31,,,,55,3,1.16,1.84,2.13,JUICED
824976.0,2026-07-28,,,,48,2,1.5,0.5,0.67,NORMAL
824977.0,2026-07-27,,,,45,3,0.64,2.36,3.25,JUICED
824978.0,2026-07-19,,,,53,2,1.89,0.11,0.1,NORMAL
824979.0,2026-07-18,,,,50,3,2.09,0.91,0.9,NORMAL
824980.0,2026-07-05,,,,58,5,4.73,0.27,0.19,NORMAL
824981.0,2026-07-17,,,,55,5,3.85,1.15,0.9,NORMAL
824982.0,2026-07-03,,,,53,6,4.59,1.41,1.19,NORMAL
824983.0,2026-07-04,,,,53,2,0.57,1.43,2.13,JUICED
824984.0,2026-06-30,,,,55,3,2.61,0.39,0.35,NORMAL
824985.0,2026-07-01,,,,50,4,3.23,0.77,0.85,NORMAL
824986.0,2026-06-29,,,,64,4,3.7,0.3,0.32,NORMAL
824987.0,2026-06-21,,,,51,4,2.27,1.73,1.52,NORMAL
824988.0,2026-06-20,,,,52,1,0.62,0.38,0.56,NORMAL
824989.0,2026-06-18,,,,47,2,1.26,0.74,0.78,NORMAL
824990.0,2026-06-19,,,,54,9,4.78,4.22,3.07,JUICED
824991.0,2026-06-16,,,,48,4,1.64,2.36,2.4,JUICED
824992.0,2026-06-17,,,,53,4,3.17,0.83,0.65,NORMAL
824993.0,2026-06-15,,,,60,4,1.81,2.19,1.87,NORMAL
824994.0,2026-06-14,,,,71,4,2.99,1.01,0.82,NORMAL
824995.0,2026-06-13,,,,50,1,0.65,0.35,0.48,NORMAL
824996.0,2026-06-10,,,,41,3,1.38,1.62,1.95,NORMAL
824997.0,2026-06-12,,,,43,2,2.02,-0.02,-0.02,NORMAL
824998.0,2026-06-08,,,,65,9,5.35,3.65,2.48,JUICED
824999.0,2026-06-09,,,,44,5,1.31,3.69,4.31,JUICED
825000.0,2026-05-30,,,,44,3,2.23,0.77,0.67,NORMAL
825001.0,2026-05-31,,,,59,2,2.58,-0.58,-0.52,NORMAL
825002.0,2026-05-29,,,,62,4,2.39,1.61,1.56,NORMAL
825003.0,2026-05-27,,,,57,2,2.0,-0.0,-0.0,NORMAL
825004.0,2026-05-26,,,,54,1,0.91,0.09,0.12,NORMAL
825005.0,2026-05-25,,,,53,5,2.81,2.19,2.07,JUICED
825006.0,2026-05-17,,,,60,2,1.1,0.9,0.98,NORMAL
825007.0,2026-05-16,,,,53,3,3.04,-0.04,-0.04,NORMAL
825008.0,2026-05-14,,,,60,4,4.34,-0.34,-0.24,NORMAL
825009.0,2026-05-15,,,,52,3,1.39,1.61,1.73,NORMAL
825010.0,2026-05-13,,,,60,2,1.48,0.52,0.48,NORMAL
825011.0,2026-05-12,,,,52,2,2.25,-0.25,-0.25,NORMAL
825012.0,2026-05-01,,,,58,2,2.36,-0.36,-0.34,NORMAL
825013.0,2026-05-03,,,,54,4,3.07,0.93,0.78,NORMAL
825014.0,2026-05-02,,,,65,5,4.02,0.98,0.78,NORMAL
825015.0,2026-04-29,,,,47,1,1.43,-0.43,-0.6,NORMAL
825016.0,2026-04-30,,,,59,2,1.33,0.67,0.69,NORMAL
825017.0,2026-04-28,,,,55,2,2.44,-0.44,-0.35,NORMAL
825018.0,2026-04-19,,,,47,5,4.11,0.89,0.72,NORMAL
825019.0,2026-04-17,,,,54,1,2.6,-1.6,-1.54,NORMAL
825020.0,2026-04-18,,,,67,5,4.51,0.49,0.39,NORMAL
825021.0,2026-04-15,,,,43,4,4.05,-0.05,-0.05,NORMAL
825022.0,2026-04-14,,,,38,0,0.25,-0.25,-0.53,NORMAL
825023.0,2026-04-16,,,,65,1,2.51,-1.51,-1.28,NORMAL
825024.0,2026-04-13,,,,49,3,3.15,-0.15,-0.13,NORMAL
825037.0,2026-09-02,,,,40,1,1.15,-0.15,-0.24,NORMAL
825038.0,2026-09-01,,,,56,1,1.33,-0.33,-0.36,NORMAL
825039.0,2026-08-26,,,,39,1,1.06,-0.06,-0.11,NORMAL
825040.0,2026-08-31,,,,56,1,1.14,-0.14,-0.34,NORMAL
825041.0,2026-08-24,,,,58,2,2.12,-0.12,-0.14,NORMAL
825042.0,2026-08-25,,,,52,2,2.33,-0.33,-0.31,NORMAL
825043.0,2026-08-23,,,,47,0,0.98,-0.98,-1.27,NORMAL
825044.0,2026-08-22,,,,68,6,5.54,0.46,0.29,NORMAL
825045.0,2026-08-21,,,,56,1,0.82,0.18,0.25,NORMAL
825046.0,2026-08-11,,,,51,3,3.01,-0.01,-0.0,NORMAL
825047.0,2026-08-12,,,,60,3,3.36,-0.36,-0.33,NORMAL
825048.0,2026-08-10,,,,51,1,2.36,-1.36,-1.18,NORMAL
825049.0,2026-08-08,,,,56,1,1.14,-0.14,-0.15,NORMAL
825050.0,2026-08-09,,,,45,1,0.73,0.27,0.43,NORMAL
825051.0,2026-08-07,,,,47,3,2.28,0.72,0.7,NORMAL
825052.0,2026-08-05,,,,52,2,3.18,-1.18,-1.01,NORMAL
825053.0,2026-08-06,,,,57,0,1.02,-1.02,-1.08,NORMAL
825054.0,2026-08-04,,,,66,2,2.69,-0.69,-0.7,NORMAL
825055.0,2026-07-22,,,,60,6,4.97,1.03,0.82,NORMAL
825056.0,2026-07-21,,,,57,3,2.76,0.24,0.25,NORMAL
825057.0,2026-07-19,,,,64,2,1.27,0.73,0.77,NORMAL
825058.0,2026-07-20,,,,59,3,3.27,-0.27,-0.25,NORMAL
825059.0,2026-07-18,,,,50,1,1.18,-0.18,-0.37,NORMAL
825060.0,2026-07-17,,,,56,3,2.9,0.1,0.08,NORMAL
825061.0,2026-07-05,,,,55,1,2.03,-1.03,-0.94,NORMAL
825062.0,2026-07-03,,,,69,1,2.08,-1.08,-0.89,NORMAL
825063.0,2026-07-04,,,,47,3,3.99,-0.99,-1.0,NORMAL
825064.0,2026-07-01,,,,56,2,2.17,-0.17,-0.18,NORMAL
825065.0,2026-06-29,,,,57,3,3.78,-0.78,-0.54,NORMAL
825066.0,2026-06-30,,,,56,4,4.92,-0.92,-0.83,NORMAL
825067.0,2026-06-21,,,,60,0,1.05,-1.05,-1.15,NORMAL
825068.0,2026-06-20,,,,70,2,2.71,-0.71,-0.59,NORMAL
825069.0,2026-06-19,,,,57,4,5.82,-1.82,-1.38,NORMAL
825070.0,2026-06-16,,,,55,2,2.68,-0.68,-0.66,NORMAL
825071.0,2026-06-15,,,,56,3,2.01,0.99,1.08,NORMAL
825072.0,2026-06-17,,,,54,2,2.07,-0.07,-0.06,NORMAL
825073.0,2026-06-05,,,,63,6,3.73,2.27,1.71,NORMAL
825074.0,2026-06-07,,,,51,3,3.25,-0.25,-0.19,NORMAL
825075.0,2026-06-06,,,,48,2,2.0,0.0,0.01,NORMAL
825076.0,2026-06-04,,,,54,2,2.05,-0.05,-0.05,NORMAL
825077.0,2026-06-03,,,,56,1,1.39,-0.39,-0.64,NORMAL
825078.0,2026-06-01,,,,52,3,2.88,0.12,0.1,NORMAL
825079.0,2026-06-02,,,,61,2,1.64,0.36,0.38,NORMAL
825080.0,2026-05-23,,,,55,2,2.1,-0.1,-0.1,NORMAL
825081.0,2026-05-24,,,,56,0,1.35,-1.35,-1.59,NORMAL
825082.0,2026-05-22,,,,30,0,2.58,-2.58,-2.35,DEAD
825083.0,2026-05-21,,,,46,0,0.61,-0.61,-0.88,NORMAL
825085.0,2026-05-10,,,,51,0,2.04,-2.04,-1.73,NORMAL
825086.0,2026-05-19,,,,56,3,3.77,-0.77,-0.63,NORMAL
825087.0,2026-05-18,,,,64,3,4.21,-1.21,-0.96,NORMAL
825088.0,2026-05-08,,,,49,2,2.13,-0.13,-0.12,NORMAL
825089.0,2026-05-09,,,,43,0,2.07,-2.07,-1.68,NORMAL
825090.0,2026-05-07,,,,50,3,2.79,0.21,0.22,NORMAL
825091.0,2026-05-06,,,,47,1,1.14,-0.14,-0.15,NORMAL
825092.0,2026-05-05,,,,48,0,2.15,-2.15,-2.05,DEAD
825093.0,2026-04-25,,,,50,2,1.32,0.68,1.13,NORMAL
825094.0,2026-04-26,,,,58,6,1.97,4.03,3.69,JUICED
825095.0,2026-08-03,,,,52,1,1.21,-0.21,-0.29,NORMAL
825096.0,2026-04-23,,,,47,1,1.81,-0.81,-1.02,NORMAL
825097.0,2026-04-22,,,,62,6,6.37,-0.37,-0.32,NORMAL
825098.0,2026-04-18,,,,58,1,0.86,0.14,0.19,NORMAL
825100.0,2026-04-19,,,,62,2,2.33,-0.33,-0.28,NORMAL
825101.0,2026-04-17,,,,56,2,1.47,0.53,0.56,NORMAL
825106.0,2026-04-01,,,,52,1,1.38,-0.38,-0.41,NORMAL
825107.0,2026-03-31,,,,41,2,2.95,-0.95,-0.85,NORMAL
825108.0,2026-03-30,,,,56,2,4.55,-2.55,-1.86,NORMAL
