Game ID,date,home_team,away_team,venue,n_balls,avg_ev,avg_dist,avg_deviation,park_adj_deviation,se,z,verdict,dead_threshold_ft,juiced_threshold_ft,pitch_drag_dev,pitch_drag_z,n_pitchers_ff,n_ff_pitches
822678.0,2026-09-26,,,,7,101.8,356.6,-1.3,,8.47,,,-16.9,16.9,,,,
822679.0,2026-09-27,,,,9,102.0,367.8,9.3,,7.47,,,-14.9,14.9,,,,
822681.0,2026-09-25,,,,7,102.7,367.0,11.7,,8.47,,,-16.9,16.9,,,,
822682.0,2026-09-13,,,,7,103.0,360.0,14.0,,8.47,,,-16.9,16.9,,,,
822683.0,2026-09-15,,,,9,100.6,358.2,2.5,,7.47,,,-14.9,14.9,,,,
822685.0,2026-09-12,,,,9,102.2,344.3,10.2,,7.47,,,-14.9,14.9,,,,
822686.0,2026-09-02,,,,7,97.8,345.7,-7.8,,8.47,,,-16.9,16.9,,,,
822687.0,2026-09-01,,,,6,102.4,382.3,21.6,,9.15,,,-18.3,18.3,,,,
822688.0,2026-08-30,,,,7,100.2,341.1,6.3,,8.47,,,-16.9,16.9,,,,
822689.0,2026-08-31,,,,5,101.3,347.2,-7.6,,10.02,,,-20.0,20.0,,,,
822691.0,2026-08-28,,,,9,102.5,387.8,21.9,,7.47,,,-14.9,14.9,,,,
822692.0,2026-08-26,,,,11,101.8,373.4,15.2,,6.76,,,-13.5,13.5,,,,
822693.0,2026-08-25,,,,5,102.2,383.0,5.0,,10.02,,,-20.0,20.0,,,,
822694.0,2026-08-27,,,,5,97.8,352.6,14.4,,10.02,,,-20.0,20.0,,,,
822695.0,2026-08-24,,,,9,101.7,364.8,12.1,,7.47,,,-14.9,14.9,,,,
822696.0,2026-08-13,,,,7,98.8,341.1,-2.9,,8.47,,,-16.9,16.9,,,,
822697.0,2026-08-11,,,,13,101.1,370.8,12.7,,6.22,,,-12.4,12.4,,,,
822698.0,2026-08-12,,,,11,100.6,365.6,14.0,,6.76,,,-13.5,13.5,,,,
822699.0,2026-08-07,,,,9,102.3,379.2,11.5,,7.47,,,-14.9,14.9,,,,
822700.0,2026-08-09,,,,5,99.8,348.2,12.3,,10.02,,,-20.0,20.0,,,,
822701.0,2026-08-08,,,,6,101.1,338.5,26.3,,9.15,,,-18.3,18.3,,,,
822703.0,2026-07-28,,,,7,102.9,382.4,21.4,,8.47,,,-16.9,16.9,,,,
822705.0,2026-07-27,,,,6,101.2,357.2,22.8,,9.15,,,-18.3,18.3,,,,
822706.0,2026-07-26,,,,16,101.8,367.7,-1.6,,5.6,,,-11.2,11.2,,,,
822707.0,2026-07-24,,,,7,98.7,343.1,-0.6,,8.47,,,-16.9,16.9,,,,
822708.0,2026-07-12,,,,10,102.1,343.6,-0.1,,7.09,,,-14.2,14.2,,,,
822709.0,2026-07-10,,,,7,103.7,378.9,11.6,,8.47,,,-16.9,16.9,,,,
822710.0,2026-07-08,,,,7,102.4,348.1,8.4,,8.47,,,-16.9,16.9,,,,
822711.0,2026-07-11,,,,7,103.3,370.3,13.8,,8.47,,,-16.9,16.9,,,,
822712.0,2026-07-06,,,,14,102.3,363.2,13.1,,5.99,,,-12.0,12.0,,,,
822713.0,2026-07-07,,,,7,100.7,370.7,9.1,,8.47,,,-16.9,16.9,,,,
822714.0,2026-07-03,,,,20,103.2,360.2,9.7,,5.01,,,-10.0,10.0,,,,
822715.0,2026-07-05,,,,8,101.0,352.0,0.1,,7.92,,,-15.8,15.8,,,,
822716.0,2026-07-04,,,,5,101.7,349.2,-2.8,,10.02,,,-20.0,20.0,,,,
822717.0,2026-06-25,,,,10,102.2,355.0,11.8,,7.09,,,-14.2,14.2,,,,
822718.0,2026-06-23,,,,9,102.6,383.8,14.9,,7.47,,,-14.9,14.9,,,,
822719.0,2026-06-24,,,,12,100.0,368.5,16.7,,6.47,,,-12.9,12.9,,,,
822720.0,2026-06-22,,,,8,102.0,348.6,12.1,,7.92,,,-15.8,15.8,,,,
822721.0,2026-06-17,,,,7,102.3,388.9,29.2,,8.47,,,-16.9,16.9,,,,
822722.0,2026-06-14,,,,9,102.1,359.4,18.1,,7.47,,,-14.9,14.9,,,,
822726.0,2026-06-12,,,,8,103.5,383.0,22.9,,7.92,,,-15.8,15.8,,,,
822730.0,2026-06-01,,,,8,101.8,371.8,5.3,,7.92,,,-15.8,15.8,,,,
822731.0,2026-05-30,,,,7,104.0,364.0,-2.8,,8.47,,,-16.9,16.9,,,,
822732.0,2026-05-29,,,,6,102.4,391.0,18.7,,9.15,,,-18.3,18.3,,,,
822733.0,2026-05-21,,,,7,101.9,345.3,-10.3,,8.47,,,-16.9,16.9,,,,
822734.0,2026-05-18,,,,11,102.8,353.0,10.4,,6.76,,,-13.5,13.5,,,,
822736.0,2026-05-19,,,,10,103.2,363.2,8.5,,7.09,,,-14.2,14.2,,,,
822737.0,2026-05-16,,,,10,104.2,362.4,10.9,,7.09,,,-14.2,14.2,,,,
822738.0,2026-05-17,,,,11,104.6,342.7,-7.1,,6.76,,,-13.5,13.5,,,,
822739.0,2026-05-15,,,,10,103.6,348.3,-8.2,,7.09,,,-14.2,14.2,,,,
822740.0,2026-05-06,,,,7,104.4,385.9,8.3,,8.47,,,-16.9,16.9,,,,
822741.0,2026-05-07,,,,10,100.2,343.6,-4.1,,7.09,,,-14.2,14.2,,,,
822742.0,2026-05-03,,,,5,102.7,350.2,8.1,,10.02,,,-20.0,20.0,,,,
822743.0,2026-05-05,,,,10,102.4,358.7,3.7,,7.09,,,-14.2,14.2,,,,
822744.0,2026-05-01,,,,5,101.5,350.0,-6.8,,10.02,,,-20.0,20.0,,,,
822745.0,2026-04-23,,,,7,103.9,373.0,14.9,,8.47,,,-16.9,16.9,,,,
822747.0,2026-04-21,,,,9,100.8,337.8,4.8,,7.47,,,-14.9,14.9,,,,
822748.0,2026-04-22,,,,11,105.7,371.7,0.7,,6.76,,,-13.5,13.5,,,,
822749.0,2026-04-20,,,,11,101.1,344.3,-10.4,,6.76,,,-13.5,13.5,,,,
822750.0,2026-04-19,,,,8,103.9,364.4,-7.5,,7.92,,,-15.8,15.8,,,,
822751.0,2026-04-18,,,,12,101.4,345.7,1.6,,6.47,,,-12.9,12.9,,,,
822752.0,2026-04-17,,,,13,104.1,361.7,-4.8,,6.22,,,-12.4,12.4,,,,
822759.0,2026-09-26,,,,6,103.2,341.8,-8.4,,9.15,,,-18.3,18.3,,,,
822760.0,2026-09-25,,,,9,101.0,359.0,-10.0,,7.47,,,-14.9,14.9,,,,
822761.0,2026-09-27,,,,6,101.2,325.2,0.1,,9.15,,,-18.3,18.3,,,,
822762.0,2026-09-15,,,,7,102.7,367.6,-2.1,,8.47,,,-16.9,16.9,,,,
822763.0,2026-09-16,,,,5,98.3,300.6,-7.6,,10.02,,,-20.0,20.0,,,,
822764.0,2026-09-13,,,,6,103.5,340.5,-9.4,,9.15,,,-18.3,18.3,,,,
822765.0,2026-09-14,,,,6,100.9,340.5,-11.9,,9.15,,,-18.3,18.3,,,,
822767.0,2026-09-11,,,,8,102.2,361.6,-3.4,,7.92,,,-15.8,15.8,,,,
822768.0,2026-09-12,,,,10,100.3,345.6,9.0,,7.09,,,-14.2,14.2,,,,
822769.0,2026-08-28,,,,9,104.6,381.1,10.6,,7.47,,,-14.9,14.9,,,,
822771.0,2026-08-27,,,,10,102.7,364.4,13.1,,7.09,,,-14.2,14.2,,,,
822772.0,2026-08-26,,,,8,100.0,354.0,0.1,,7.92,,,-15.8,15.8,,,,
822773.0,2026-08-25,,,,7,98.9,315.1,-2.9,,8.47,,,-16.9,16.9,,,,
822774.0,2026-08-16,,,,6,103.9,352.3,4.3,,9.15,,,-18.3,18.3,,,,
822775.0,2026-08-15,,,,7,101.3,329.3,-0.5,,8.47,,,-16.9,16.9,,,,
822777.0,2026-08-14,,,,9,100.8,351.0,-10.4,,7.47,,,-14.9,14.9,,,,
822778.0,2026-08-11,,,,7,98.8,360.0,-1.0,,8.47,,,-16.9,16.9,,,,
822779.0,2026-08-12,,,,6,100.6,340.7,3.5,,9.15,,,-18.3,18.3,,,,
822783.0,2026-08-02,,,,9,99.1,332.0,-2.7,,7.47,,,-14.9,14.9,,,,
822784.0,2026-07-22,,,,5,101.8,382.8,15.2,,10.02,,,-20.0,20.0,,,,
822785.0,2026-07-23,,,,5,103.4,350.2,2.9,,10.02,,,-20.0,20.0,,,,
822786.0,2026-07-19,,,,7,101.9,346.1,-8.3,,8.47,,,-16.9,16.9,,,,
822787.0,2026-07-21,,,,5,102.0,387.2,14.6,,10.02,,,-20.0,20.0,,,,
822788.0,2026-07-20,,,,8,104.3,368.1,1.9,,7.92,,,-15.8,15.8,,,,
822789.0,2026-07-17,,,,8,101.9,361.2,6.2,,7.92,,,-15.8,15.8,,,,
822790.0,2026-07-18,,,,7,101.5,356.6,15.2,,8.47,,,-16.9,16.9,,,,
822791.0,2026-07-01,,,,7,100.2,382.6,18.1,,8.47,,,-16.9,16.9,,,,
822792.0,2026-06-29,,,,10,103.4,348.5,11.5,,7.09,,,-14.2,14.2,,,,
822793.0,2026-06-30,,,,5,102.9,375.0,19.5,,10.02,,,-20.0,20.0,,,,
822794.0,2026-06-27,,,,7,101.4,384.3,17.6,,8.47,,,-16.9,16.9,,,,
822795.0,2026-06-28,,,,9,100.1,353.3,-1.8,,7.47,,,-14.9,14.9,,,,
822797.0,2026-06-25,,,,6,103.4,388.0,8.3,,9.15,,,-18.3,18.3,,,,
822798.0,2026-06-24,,,,7,98.4,349.4,8.1,,8.47,,,-16.9,16.9,,,,
822799.0,2026-06-23,,,,15,101.6,362.4,4.4,,5.79,,,-11.6,11.6,,,,
822801.0,2026-06-14,,,,6,101.4,381.3,4.9,,9.15,,,-18.3,18.3,,,,
822802.0,2026-06-13,,,,5,100.5,359.4,11.1,,10.02,,,-20.0,20.0,,,,
822803.0,2026-06-12,,,,6,99.4,346.3,9.8,,9.15,,,-18.3,18.3,,,,
822805.0,2026-06-09,,,,6,98.4,331.8,-0.3,,9.15,,,-18.3,18.3,,,,
822806.0,2026-06-08,,,,6,101.2,372.2,18.9,,9.15,,,-18.3,18.3,,,,
822807.0,2026-06-07,,,,9,104.4,374.3,2.5,,7.47,,,-14.9,14.9,,,,
822808.0,2026-06-06,,,,6,103.2,376.5,9.2,,9.15,,,-18.3,18.3,,,,
822810.0,2026-06-05,,,,11,102.4,351.6,0.3,,6.76,,,-13.5,13.5,,,,
822811.0,2026-05-26,,,,6,101.1,383.3,20.4,,9.15,,,-18.3,18.3,,,,
822812.0,2026-05-25,,,,5,98.9,362.6,11.4,,10.02,,,-20.0,20.0,,,,
822814.0,2026-05-23,,,,5,104.3,364.4,20.8,,10.02,,,-20.0,20.0,,,,
822815.0,2026-05-13,,,,6,100.4,342.8,7.3,,9.15,,,-18.3,18.3,,,,
822816.0,2026-05-22,,,,5,100.5,340.8,-13.7,,10.02,,,-20.0,20.0,,,,
822817.0,2026-05-12,,,,8,99.9,345.0,-0.6,,7.92,,,-15.8,15.8,,,,
822818.0,2026-05-11,,,,7,103.3,366.3,2.9,,8.47,,,-16.9,16.9,,,,
822819.0,2026-05-10,,,,7,101.3,377.0,11.1,,8.47,,,-16.9,16.9,,,,
822820.0,2026-05-09,,,,7,100.5,356.0,2.9,,8.47,,,-16.9,16.9,,,,
822821.0,2026-04-29,,,,7,100.3,363.6,15.2,,8.47,,,-16.9,16.9,,,,
822822.0,2026-05-08,,,,5,105.9,346.8,-1.3,,10.02,,,-20.0,20.0,,,,
822824.0,2026-04-26,,,,6,100.6,338.2,9.9,,9.15,,,-18.3,18.3,,,,
822825.0,2026-04-27,,,,6,102.0,326.2,5.9,,9.15,,,-18.3,18.3,,,,
822826.0,2026-04-25,,,,7,98.6,357.3,9.6,,8.47,,,-16.9,16.9,,,,
822827.0,2026-04-24,,,,13,104.4,358.0,-0.6,,6.22,,,-12.4,12.4,,,,
822829.0,2026-04-10,,,,13,105.8,351.3,-1.1,,6.22,,,-12.4,12.4,,,,
822830.0,2026-04-11,,,,5,103.2,379.8,16.9,,10.02,,,-20.0,20.0,,,,
822834.0,2026-03-30,,,,14,100.6,365.5,8.7,,5.99,,,-12.0,12.0,,,,
822836.0,2026-03-31,,,,7,101.5,307.4,-19.2,,8.47,,,-16.9,16.9,,,,
822837.0,2026-03-29,,,,6,104.7,385.2,10.3,,9.15,,,-18.3,18.3,,,,
822839.0,2026-03-27,,,,7,103.1,352.4,1.0,,8.47,,,-16.9,16.9,,,,
822840.0,2026-09-22,,,,10,101.3,339.4,8.0,,7.09,,,-14.2,14.2,,,,
822841.0,2026-09-23,,,,8,101.4,363.4,-1.1,,7.92,,,-15.8,15.8,,,,
822842.0,2026-09-24,,,,7,99.9,347.6,-2.1,,8.47,,,-16.9,16.9,,,,
822843.0,2026-09-19,,,,7,99.4,358.0,7.3,,8.47,,,-16.9,16.9,,,,
822845.0,2026-09-17,,,,7,102.2,380.1,13.9,,8.47,,,-16.9,16.9,,,,
822846.0,2026-09-16,,,,6,103.0,371.3,6.4,,9.15,,,-18.3,18.3,,,,
822847.0,2026-09-18,,,,7,101.6,354.1,22.8,,8.47,,,-16.9,16.9,,,,
822848.0,2026-09-06,,,,7,101.0,368.9,5.6,,8.47,,,-16.9,16.9,,,,
822850.0,2026-09-05,,,,9,101.7,377.1,21.1,,7.47,,,-14.9,14.9,,,,
822851.0,2026-09-02,,,,11,102.1,381.4,6.7,,6.76,,,-13.5,13.5,,,,
822852.0,2026-09-04,,,,6,101.5,377.5,17.9,,9.15,,,-18.3,18.3,,,,
822854.0,2026-09-01,,,,5,106.3,343.8,-11.1,,10.02,,,-20.0,20.0,,,,
822855.0,2026-08-31,,,,11,101.1,361.6,16.5,,6.76,,,-13.5,13.5,,,,
822856.0,2026-08-23,,,,15,101.7,360.7,18.9,,5.79,,,-11.6,11.6,,,,
822857.0,2026-08-21,,,,8,103.1,354.4,0.3,,7.92,,,-15.8,15.8,,,,
822858.0,2026-08-22,,,,6,101.9,343.8,14.2,,9.15,,,-18.3,18.3,,,,
822859.0,2026-08-18,,,,6,102.2,347.0,-6.1,,9.15,,,-18.3,18.3,,,,
822860.0,2026-08-19,,,,8,102.6,360.6,0.3,,7.92,,,-15.8,15.8,,,,
822861.0,2026-08-20,,,,6,99.1,353.0,-4.5,,9.15,,,-18.3,18.3,,,,
822862.0,2026-08-09,,,,13,102.9,366.2,5.8,,6.22,,,-12.4,12.4,,,,
822863.0,2026-08-07,,,,7,102.1,336.7,5.1,,8.47,,,-16.9,16.9,,,,
822864.0,2026-08-08,,,,6,103.4,368.0,11.0,,9.15,,,-18.3,18.3,,,,
822865.0,2026-08-04,,,,6,100.2,339.8,5.6,,9.15,,,-18.3,18.3,,,,
822866.0,2026-08-05,,,,5,100.7,347.4,17.6,,10.02,,,-20.0,20.0,,,,
822868.0,2026-07-27,,,,6,103.2,395.2,30.6,,9.15,,,-18.3,18.3,,,,
822869.0,2026-07-25,,,,5,98.9,335.0,11.5,,10.02,,,-20.0,20.0,,,,
822870.0,2026-07-26,,,,7,102.4,368.9,-3.6,,8.47,,,-16.9,16.9,,,,
822871.0,2026-07-21,,,,8,100.0,343.0,7.7,,7.92,,,-15.8,15.8,,,,
822872.0,2026-07-24,,,,10,98.4,353.6,3.5,,7.09,,,-14.2,14.2,,,,
822873.0,2026-07-22,,,,5,97.4,336.8,5.6,,10.02,,,-20.0,20.0,,,,
822874.0,2026-07-20,,,,6,101.7,354.5,2.9,,9.15,,,-18.3,18.3,,,,
822875.0,2026-07-11,,,,8,101.6,365.6,9.2,,7.92,,,-15.8,15.8,,,,
822876.0,2026-07-12,,,,8,101.6,379.0,29.9,,7.92,,,-15.8,15.8,,,,
822877.0,2026-07-09,,,,13,103.0,367.4,13.0,,6.22,,,-12.4,12.4,,,,
822878.0,2026-07-10,,,,11,104.0,369.6,14.5,,6.76,,,-13.5,13.5,,,,
822879.0,2026-07-05,,,,5,101.4,357.0,13.8,,10.02,,,-20.0,20.0,,,,
822880.0,2026-07-08,,,,8,103.4,368.5,13.4,,7.92,,,-15.8,15.8,,,,
822881.0,2026-07-07,,,,5,106.0,370.0,21.9,,10.02,,,-20.0,20.0,,,,
822882.0,2026-07-04,,,,9,100.9,371.3,14.6,,7.47,,,-14.9,14.9,,,,
822883.0,2026-06-21,,,,5,101.3,338.4,0.4,,10.02,,,-20.0,20.0,,,,
822884.0,2026-07-02,,,,8,102.5,377.9,18.4,,7.92,,,-15.8,15.8,,,,
822885.0,2026-06-20,,,,8,101.6,377.6,25.8,,7.92,,,-15.8,15.8,,,,
822886.0,2026-06-19,,,,9,102.0,349.2,-5.5,,7.47,,,-14.9,14.9,,,,
822887.0,2026-06-15,,,,7,100.4,346.7,-2.8,,8.47,,,-16.9,16.9,,,,
822888.0,2026-06-16,,,,11,100.8,329.2,-1.5,,6.76,,,-13.5,13.5,,,,
822889.0,2026-06-18,,,,8,100.3,380.0,20.6,,7.92,,,-15.8,15.8,,,,
822890.0,2026-06-07,,,,7,102.2,376.0,2.9,,8.47,,,-16.9,16.9,,,,
822891.0,2026-06-06,,,,6,100.8,369.2,13.4,,9.15,,,-18.3,18.3,,,,
822892.0,2026-06-05,,,,8,103.7,353.5,7.6,,7.92,,,-15.8,15.8,,,,
822893.0,2026-05-30,,,,8,101.0,381.0,4.1,,7.92,,,-15.8,15.8,,,,
822894.0,2026-05-29,,,,7,102.0,387.7,31.4,,8.47,,,-16.9,16.9,,,,
822895.0,2026-05-31,,,,7,98.3,375.6,8.2,,8.47,,,-16.9,16.9,,,,
822896.0,2026-05-28,,,,6,102.0,365.2,7.9,,9.15,,,-18.3,18.3,,,,
822897.0,2026-05-27,,,,8,104.5,395.5,18.7,,7.92,,,-15.8,15.8,,,,
822898.0,2026-05-26,,,,9,105.0,409.1,28.7,,7.47,,,-14.9,14.9,,,,
822900.0,2026-05-13,,,,8,99.1,353.9,21.2,,7.92,,,-15.8,15.8,,,,
822901.0,2026-05-11,,,,7,100.2,365.6,15.0,,8.47,,,-16.9,16.9,,,,
822902.0,2026-05-10,,,,8,102.0,351.9,0.4,,7.92,,,-15.8,15.8,,,,
822903.0,2026-05-12,,,,8,103.9,382.8,22.3,,7.92,,,-15.8,15.8,,,,
822904.0,2026-05-08,,,,8,102.8,352.5,2.2,,7.92,,,-15.8,15.8,,,,
822905.0,2026-05-09,,,,6,102.5,347.3,16.0,,9.15,,,-18.3,18.3,,,,
822906.0,2026-04-27,,,,9,105.4,359.7,2.8,,7.47,,,-14.9,14.9,,,,
822907.0,2026-04-29,,,,5,99.5,312.8,12.1,,10.02,,,-20.0,20.0,,,,
822908.0,2026-04-28,,,,12,101.4,350.8,3.6,,6.47,,,-12.9,12.9,,,,
822909.0,2026-04-24,,,,13,103.8,373.2,7.1,,6.22,,,-12.4,12.4,,,,
822911.0,2026-04-26,,,,10,102.6,341.2,8.5,,7.09,,,-14.2,14.2,,,,
822912.0,2026-04-23,,,,5,102.5,379.2,9.1,,10.02,,,-20.0,20.0,,,,
822914.0,2026-04-21,,,,8,102.7,331.0,-6.8,,7.92,,,-15.8,15.8,,,,
822923.0,2026-09-18,,,,6,103.6,341.0,7.1,,9.15,,,-18.3,18.3,,,,
822924.0,2026-09-17,,,,5,100.4,328.8,-4.7,,10.02,,,-20.0,20.0,,,,
822925.0,2026-09-15,,,,8,100.5,343.6,4.4,,7.92,,,-15.8,15.8,,,,
822926.0,2026-09-16,,,,7,101.7,373.1,14.9,,8.47,,,-16.9,16.9,,,,
822928.0,2026-09-13,,,,6,100.4,386.2,14.6,,9.15,,,-18.3,18.3,,,,
822929.0,2026-09-01,,,,5,100.4,378.8,13.0,,10.02,,,-20.0,20.0,,,,
822930.0,2026-09-11,,,,8,102.6,363.4,16.7,,7.92,,,-15.8,15.8,,,,
822931.0,2026-09-02,,,,7,102.8,367.9,11.8,,8.47,,,-16.9,16.9,,,,
822932.0,2026-08-31,,,,7,98.5,350.0,10.1,,8.47,,,-16.9,16.9,,,,
822933.0,2026-08-30,,,,8,101.6,367.8,26.3,,7.92,,,-15.8,15.8,,,,
822934.0,2026-08-20,,,,5,103.6,381.6,16.8,,10.02,,,-20.0,20.0,,,,
822935.0,2026-08-28,,,,6,101.6,361.2,13.3,,9.15,,,-18.3,18.3,,,,
822936.0,2026-08-29,,,,9,103.4,348.4,13.0,,7.47,,,-14.9,14.9,,,,
822937.0,2026-08-19,,,,6,99.3,359.5,20.3,,9.15,,,-18.3,18.3,,,,
822938.0,2026-08-18,,,,7,101.0,387.6,16.2,,8.47,,,-16.9,16.9,,,,
822939.0,2026-08-17,,,,6,104.8,408.0,13.6,,9.15,,,-18.3,18.3,,,,
822940.0,2026-08-16,,,,5,103.6,389.4,30.2,,10.02,,,-20.0,20.0,,,,
822942.0,2026-08-14,,,,8,100.0,372.4,14.5,,7.92,,,-15.8,15.8,,,,
822943.0,2026-08-02,,,,8,102.7,371.8,22.2,,7.92,,,-15.8,15.8,,,,
822944.0,2026-08-01,,,,5,104.4,333.8,-5.3,,10.02,,,-20.0,20.0,,,,
822945.0,2026-07-31,,,,10,101.8,376.0,19.3,,7.09,,,-14.2,14.2,,,,
822946.0,2026-07-30,,,,8,101.7,366.2,4.1,,7.92,,,-15.8,15.8,,,,
822947.0,2026-07-29,,,,5,103.1,395.6,18.6,,10.02,,,-20.0,20.0,,,,
822948.0,2026-07-25,,,,8,101.2,316.1,16.3,,7.92,,,-15.8,15.8,,,,
822952.0,2026-07-24,,,,5,101.0,349.6,10.0,,10.02,,,-20.0,20.0,,,,
822953.0,2026-07-11,,,,13,100.7,361.4,16.4,,6.22,,,-12.4,12.4,,,,
822954.0,2026-07-09,,,,10,100.1,347.1,15.0,,7.09,,,-14.2,14.2,,,,
822955.0,2026-07-10,,,,6,102.4,380.3,11.5,,9.15,,,-18.3,18.3,,,,
822956.0,2026-07-07,,,,6,99.7,372.0,9.0,,9.15,,,-18.3,18.3,,,,
822958.0,2026-07-06,,,,6,101.2,362.0,-0.2,,9.15,,,-18.3,18.3,,,,
822959.0,2026-06-28,,,,7,103.9,382.6,23.5,,8.47,,,-16.9,16.9,,,,
822960.0,2026-06-27,,,,7,102.9,386.0,19.8,,8.47,,,-16.9,16.9,,,,
822961.0,2026-06-25,,,,5,102.7,378.0,25.2,,10.02,,,-20.0,20.0,,,,
822962.0,2026-06-26,,,,8,104.8,391.2,16.3,,7.92,,,-15.8,15.8,,,,
822963.0,2026-06-23,,,,14,101.1,360.7,11.4,,5.99,,,-12.0,12.0,,,,
822965.0,2026-06-24,,,,7,101.5,306.9,-5.8,,8.47,,,-16.9,16.9,,,,
822966.0,2026-06-19,,,,9,100.9,367.0,10.7,,7.47,,,-14.9,14.9,,,,
822967.0,2026-06-20,,,,9,103.1,320.6,2.1,,7.47,,,-14.9,14.9,,,,
822968.0,2026-06-21,,,,6,102.8,376.8,23.1,,9.15,,,-18.3,18.3,,,,
822970.0,2026-06-10,,,,9,102.6,382.0,21.1,,7.47,,,-14.9,14.9,,,,
822971.0,2026-06-02,,,,8,103.6,383.0,11.9,,7.92,,,-15.8,15.8,,,,
822972.0,2026-06-08,,,,5,100.5,376.8,16.9,,10.02,,,-20.0,20.0,,,,
822973.0,2026-06-03,,,,9,101.3,349.9,-5.8,,7.47,,,-14.9,14.9,,,,
822974.0,2026-06-01,,,,13,103.5,396.4,8.7,,6.22,,,-12.4,12.4,,,,
822975.0,2026-05-30,,,,11,102.0,360.1,5.5,,6.76,,,-13.5,13.5,,,,
822976.0,2026-05-31,,,,7,103.3,357.6,8.3,,8.47,,,-16.9,16.9,,,,
822978.0,2026-05-29,,,,7,102.2,373.9,1.9,,8.47,,,-16.9,16.9,,,,
822979.0,2026-05-19,,,,7,103.8,373.0,11.6,,8.47,,,-16.9,16.9,,,,
822980.0,2026-05-18,,,,12,101.0,363.2,13.1,,6.47,,,-12.9,12.9,,,,
822981.0,2026-05-16,,,,9,102.1,382.2,20.5,,7.47,,,-14.9,14.9,,,,
822982.0,2026-05-17,,,,7,101.8,347.6,3.4,,8.47,,,-16.9,16.9,,,,
822983.0,2026-05-15,,,,6,99.1,370.0,-0.7,,9.15,,,-18.3,18.3,,,,
822984.0,2026-05-04,,,,6,100.0,351.0,3.1,,9.15,,,-18.3,18.3,,,,
822986.0,2026-05-05,,,,5,102.1,364.0,7.7,,10.02,,,-20.0,20.0,,,,
822990.0,2026-05-01,,,,7,100.4,343.7,12.8,,8.47,,,-16.9,16.9,,,,
822991.0,2026-04-26,,,,5,101.0,343.0,-1.6,,10.02,,,-20.0,20.0,,,,
822992.0,2026-04-24,,,,9,102.8,382.4,7.8,,7.47,,,-14.9,14.9,,,,
822993.0,2026-04-22,,,,6,101.3,355.8,0.6,,9.15,,,-18.3,18.3,,,,
822994.0,2026-04-20,,,,6,101.5,371.8,4.1,,9.15,,,-18.3,18.3,,,,
822995.0,2026-04-21,,,,11,102.8,372.7,6.2,,6.76,,,-13.5,13.5,,,,
822996.0,2026-04-11,,,,9,100.8,347.2,5.0,,7.47,,,-14.9,14.9,,,,
822997.0,2026-04-10,,,,6,102.4,355.7,-15.6,,9.15,,,-18.3,18.3,,,,
822998.0,2026-04-12,,,,7,103.7,376.1,13.7,,8.47,,,-16.9,16.9,,,,
823001.0,2026-09-20,,,,8,104.9,381.2,13.2,,7.92,,,-15.8,15.8,,,,
823004.0,2026-09-16,,,,12,101.4,338.5,-4.4,,6.47,,,-12.9,12.9,,,,
823005.0,2026-09-18,,,,5,99.9,329.8,-1.6,,10.02,,,-20.0,20.0,,,,
823007.0,2026-09-15,,,,8,104.2,377.8,15.0,,7.92,,,-15.8,15.8,,,,
823009.0,2026-09-12,,,,6,99.7,356.7,9.4,,9.15,,,-18.3,18.3,,,,
823010.0,2026-08-30,,,,9,100.4,357.7,0.0,,7.47,,,-14.9,14.9,,,,
823011.0,2026-08-29,,,,10,99.8,347.5,-6.8,,7.09,,,-14.2,14.2,,,,
823012.0,2026-09-11,,,,10,102.9,364.0,2.1,,7.09,,,-14.2,14.2,,,,
823013.0,2026-08-28,,,,6,100.6,339.5,8.3,,9.15,,,-18.3,18.3,,,,
823014.0,2026-08-27,,,,7,103.0,386.9,9.7,,8.47,,,-16.9,16.9,,,,
823015.0,2026-08-26,,,,13,102.5,329.3,-10.5,,6.22,,,-12.4,12.4,,,,
823016.0,2026-08-25,,,,11,102.5,349.5,-0.3,,6.76,,,-13.5,13.5,,,,
823017.0,2026-08-12,,,,6,99.6,349.5,-9.4,,9.15,,,-18.3,18.3,,,,
823018.0,2026-08-10,,,,7,102.1,344.0,5.3,,8.47,,,-16.9,16.9,,,,
823019.0,2026-08-11,,,,6,102.0,354.8,21.4,,9.15,,,-18.3,18.3,,,,
823020.0,2026-08-09,,,,13,102.0,347.8,-0.4,,6.22,,,-12.4,12.4,,,,
823021.0,2026-08-08,,,,9,104.3,360.4,7.3,,7.47,,,-14.9,14.9,,,,
823022.0,2026-07-29,,,,8,102.3,368.0,4.8,,7.92,,,-15.8,15.8,,,,
823023.0,2026-07-30,,,,5,102.9,351.2,3.8,,10.02,,,-20.0,20.0,,,,
823024.0,2026-08-07,,,,5,101.6,373.8,9.2,,10.02,,,-20.0,20.0,,,,
823025.0,2026-07-27,,,,9,99.5,358.6,12.4,,7.47,,,-14.9,14.9,,,,
823026.0,2026-07-28,,,,13,99.7,356.3,7.8,,6.22,,,-12.4,12.4,,,,
823027.0,2026-07-25,,,,5,99.6,334.6,0.8,,10.02,,,-20.0,20.0,,,,
823028.0,2026-07-26,,,,7,102.6,373.4,13.1,,8.47,,,-16.9,16.9,,,,
823030.0,2026-07-11,,,,8,103.2,358.2,24.7,,7.92,,,-15.8,15.8,,,,
823031.0,2026-07-24,,,,9,103.7,347.4,-5.2,,7.47,,,-14.9,14.9,,,,
823032.0,2026-07-08,,,,9,101.8,360.3,11.0,,7.47,,,-14.9,14.9,,,,
823033.0,2026-07-10,,,,5,102.6,366.0,-1.7,,10.02,,,-20.0,20.0,,,,
823034.0,2026-07-09,,,,6,104.6,367.0,1.6,,9.15,,,-18.3,18.3,,,,
823035.0,2026-07-07,,,,9,101.2,352.7,2.1,,7.47,,,-14.9,14.9,,,,
823036.0,2026-07-06,,,,8,97.7,350.0,2.3,,7.92,,,-15.8,15.8,,,,
823037.0,2026-06-28,,,,8,102.2,352.4,4.7,,7.92,,,-15.8,15.8,,,,
823039.0,2026-06-26,,,,5,98.4,362.4,10.9,,10.02,,,-20.0,20.0,,,,
823040.0,2026-06-22,,,,6,103.7,368.0,12.4,,9.15,,,-18.3,18.3,,,,
823041.0,2026-06-24,,,,8,101.5,370.8,19.6,,7.92,,,-15.8,15.8,,,,
823042.0,2026-07-23,,,,11,102.7,361.6,1.3,,6.76,,,-13.5,13.5,,,,
823043.0,2026-06-23,,,,7,101.6,348.3,3.6,,8.47,,,-16.9,16.9,,,,
823044.0,2026-06-17,,,,7,99.8,350.0,4.4,,8.47,,,-16.9,16.9,,,,
823047.0,2026-06-07,,,,9,101.1,362.3,8.6,,7.47,,,-14.9,14.9,,,,
823049.0,2026-06-05,,,,11,101.9,352.4,8.4,,6.76,,,-13.5,13.5,,,,
823052.0,2026-06-02,,,,6,99.0,332.2,-0.9,,9.15,,,-18.3,18.3,,,,
823053.0,2026-05-31,,,,6,101.8,358.2,7.2,,9.15,,,-18.3,18.3,,,,
823054.0,2026-05-30,,,,12,102.3,334.4,-14.5,,6.47,,,-12.9,12.9,,,,
823055.0,2026-05-29,,,,9,103.6,369.9,6.1,,7.47,,,-14.9,14.9,,,,
823056.0,2026-05-21,,,,7,102.5,344.1,1.0,,8.47,,,-16.9,16.9,,,,
823058.0,2026-05-17,,,,5,98.5,355.4,-4.0,,10.02,,,-20.0,20.0,,,,
823059.0,2026-05-19,,,,8,103.2,376.5,12.5,,7.92,,,-15.8,15.8,,,,
823060.0,2026-05-16,,,,8,101.8,336.9,-5.6,,7.92,,,-15.8,15.8,,,,
823061.0,2026-05-15,,,,9,101.2,359.6,6.6,,7.47,,,-14.9,14.9,,,,
823062.0,2026-07-07,,,,5,102.4,348.6,6.8,,10.02,,,-20.0,20.0,,,,
823063.0,2026-05-06,,,,6,103.4,355.2,8.9,,9.15,,,-18.3,18.3,,,,
823064.0,2026-05-04,,,,10,105.0,346.1,5.7,,7.09,,,-14.2,14.2,,,,
823065.0,2026-05-03,,,,9,101.1,332.8,-3.7,,7.47,,,-14.9,14.9,,,,
823066.0,2026-05-01,,,,7,102.9,356.0,7.4,,8.47,,,-16.9,16.9,,,,
823067.0,2026-05-02,,,,14,101.4,331.7,-2.2,,5.99,,,-12.0,12.0,,,,
823068.0,2026-04-26,,,,10,103.0,378.5,-9.6,,7.09,,,-14.2,14.2,,,,
823069.0,2026-04-24,,,,7,100.7,349.3,-6.3,,8.47,,,-16.9,16.9,,,,
823070.0,2026-04-25,,,,14,105.0,381.0,10.4,,5.99,,,-12.0,12.0,,,,
823071.0,2026-04-15,,,,6,99.1,321.7,17.1,,9.15,,,-18.3,18.3,,,,
823072.0,2026-04-14,,,,8,103.1,380.9,4.7,,7.92,,,-15.8,15.8,,,,
823073.0,2026-04-13,,,,7,103.1,371.3,23.3,,8.47,,,-16.9,16.9,,,,
823074.0,2026-04-11,,,,9,104.2,344.7,-9.5,,7.47,,,-14.9,14.9,,,,
823075.0,2026-04-12,,,,6,106.1,376.5,2.4,,9.15,,,-18.3,18.3,,,,
823077.0,2026-03-31,,,,9,102.9,362.6,17.9,,7.47,,,-14.9,14.9,,,,
823078.0,2026-04-01,,,,7,101.4,345.1,-2.9,,8.47,,,-16.9,16.9,,,,
823079.0,2026-03-29,,,,13,101.9,350.2,1.0,,6.22,,,-12.4,12.4,,,,
823080.0,2026-03-30,,,,6,102.8,354.7,7.4,,9.15,,,-18.3,18.3,,,,
823081.0,2026-03-26,,,,9,102.1,367.7,4.9,,7.47,,,-14.9,14.9,,,,
823082.0,2026-03-28,,,,7,104.0,365.3,-7.6,,8.47,,,-16.9,16.9,,,,
823083.0,2026-09-26,,,,5,104.5,336.6,-11.5,,10.02,,,-20.0,20.0,,,,
823084.0,2026-09-27,,,,7,99.4,327.6,-2.8,,8.47,,,-16.9,16.9,,,,
823085.0,2026-09-25,,,,10,102.7,365.4,8.4,,7.09,,,-14.2,14.2,,,,
823086.0,2026-09-23,,,,8,101.3,321.5,-4.2,,7.92,,,-15.8,15.8,,,,
823089.0,2026-09-22,,,,9,104.1,360.9,-4.8,,7.47,,,-14.9,14.9,,,,
823090.0,2026-09-09,,,,5,103.9,338.8,-7.7,,10.02,,,-20.0,20.0,,,,
823092.0,2026-09-08,,,,10,103.5,370.6,11.7,,7.09,,,-14.2,14.2,,,,
823093.0,2026-09-04,,,,9,100.5,353.8,-13.0,,7.47,,,-14.9,14.9,,,,
823095.0,2026-09-03,,,,5,99.8,363.8,11.3,,10.02,,,-20.0,20.0,,,,
823096.0,2026-08-26,,,,8,101.7,372.5,3.8,,7.92,,,-15.8,15.8,,,,
823097.0,2026-08-24,,,,9,102.1,345.6,9.7,,7.47,,,-14.9,14.9,,,,
823099.0,2026-08-23,,,,8,102.1,301.2,-16.1,,7.92,,,-15.8,15.8,,,,
823100.0,2026-08-22,,,,8,101.2,382.5,21.4,,7.92,,,-15.8,15.8,,,,
823101.0,2026-08-21,,,,6,104.2,371.8,4.4,,9.15,,,-18.3,18.3,,,,
823102.0,2026-08-08,,,,6,103.7,372.8,8.5,,9.15,,,-18.3,18.3,,,,
823103.0,2026-08-07,,,,7,102.0,354.0,3.6,,8.47,,,-16.9,16.9,,,,
823104.0,2026-08-09,,,,5,102.1,354.4,-19.7,,10.02,,,-20.0,20.0,,,,
823106.0,2026-08-05,,,,10,102.4,349.0,0.2,,7.09,,,-14.2,14.2,,,,
823107.0,2026-08-02,,,,9,103.1,385.3,-0.0,,7.47,,,-14.9,14.9,,,,
823108.0,2026-08-04,,,,5,99.6,341.6,3.2,,10.02,,,-20.0,20.0,,,,
823109.0,2026-08-01,,,,7,100.9,358.0,-0.4,,8.47,,,-16.9,16.9,,,,
823110.0,2026-07-22,,,,5,102.9,359.4,-8.5,,10.02,,,-20.0,20.0,,,,
823111.0,2026-07-31,,,,5,103.6,367.2,8.1,,10.02,,,-20.0,20.0,,,,
823113.0,2026-07-19,,,,8,100.8,362.0,4.0,,7.92,,,-15.8,15.8,,,,
823114.0,2026-07-21,,,,7,101.1,383.3,17.9,,8.47,,,-16.9,16.9,,,,
823115.0,2026-07-17,,,,6,101.0,359.8,2.3,,9.15,,,-18.3,18.3,,,,
823120.0,2026-07-03,,,,7,99.3,338.9,15.0,,8.47,,,-16.9,16.9,,,,
823121.0,2026-06-29,,,,9,101.7,376.4,18.7,,7.47,,,-14.9,14.9,,,,
823123.0,2026-06-21,,,,6,101.7,369.5,-1.0,,9.15,,,-18.3,18.3,,,,
823124.0,2026-06-19,,,,7,99.1,362.4,19.2,,8.47,,,-16.9,16.9,,,,
823125.0,2026-06-18,,,,7,99.5,341.0,0.1,,8.47,,,-16.9,16.9,,,,
823127.0,2026-06-17,,,,6,100.3,350.3,9.7,,9.15,,,-18.3,18.3,,,,
823129.0,2026-06-02,,,,8,103.0,362.1,11.9,,7.92,,,-15.8,15.8,,,,
823131.0,2026-06-01,,,,6,102.7,381.7,12.4,,9.15,,,-18.3,18.3,,,,
823132.0,2026-05-30,,,,7,102.9,373.9,-5.6,,8.47,,,-16.9,16.9,,,,
823133.0,2026-05-31,,,,5,101.4,346.2,-3.9,,10.02,,,-20.0,20.0,,,,
823135.0,2026-05-29,,,,12,100.9,363.3,16.1,,6.47,,,-12.9,12.9,,,,
823137.0,2026-05-18,,,,9,100.6,365.4,7.4,,7.47,,,-14.9,14.9,,,,
823138.0,2026-05-17,,,,8,103.4,369.9,12.7,,7.92,,,-15.8,15.8,,,,
823139.0,2026-05-16,,,,11,99.8,341.0,11.8,,6.76,,,-13.5,13.5,,,,
823140.0,2026-05-15,,,,10,99.2,360.5,2.9,,7.09,,,-14.2,14.2,,,,
823141.0,2026-05-06,,,,8,103.4,328.5,-14.1,,7.92,,,-15.8,15.8,,,,
823143.0,2026-05-04,,,,10,104.2,373.2,7.5,,7.09,,,-14.2,14.2,,,,
823145.0,2026-05-03,,,,8,100.6,342.1,1.1,,7.92,,,-15.8,15.8,,,,
823146.0,2026-05-01,,,,10,101.4,367.5,-1.9,,7.09,,,-14.2,14.2,,,,
823147.0,2026-04-22,,,,9,104.4,353.0,4.4,,7.47,,,-14.9,14.9,,,,
823148.0,2026-04-21,,,,8,103.2,359.0,9.2,,7.92,,,-15.8,15.8,,,,
823149.0,2026-04-20,,,,6,106.8,381.8,-0.1,,9.15,,,-18.3,18.3,,,,
823150.0,2026-04-19,,,,13,103.3,348.2,-11.3,,6.22,,,-12.4,12.4,,,,
823152.0,2026-04-17,,,,9,102.3,333.8,0.1,,7.47,,,-14.9,14.9,,,,
823153.0,2026-04-13,,,,9,102.2,366.4,-2.0,,7.47,,,-14.9,14.9,,,,
823155.0,2026-04-11,,,,10,103.0,356.3,-6.4,,7.09,,,-14.2,14.2,,,,
823156.0,2026-04-10,,,,9,101.0,336.3,-2.4,,7.47,,,-14.9,14.9,,,,
823157.0,2026-04-01,,,,6,100.1,358.2,-11.2,,9.15,,,-18.3,18.3,,,,
823160.0,2026-03-29,,,,5,100.0,361.6,-13.3,,10.02,,,-20.0,20.0,,,,
823161.0,2026-03-28,,,,8,100.4,327.1,-22.8,,7.92,,,-15.8,15.8,,,,
823162.0,2026-03-27,,,,6,101.7,350.5,7.8,,9.15,,,-18.3,18.3,,,,
823163.0,2026-03-26,,,,8,107.0,381.8,5.9,,7.92,,,-15.8,15.8,,,,
823164.0,2026-09-27,,,,7,102.5,356.3,3.8,,8.47,,,-16.9,16.9,,,,
823165.0,2026-09-26,,,,7,102.8,372.6,10.2,,8.47,,,-16.9,16.9,,,,
823166.0,2026-09-22,,,,6,99.6,345.3,9.4,,9.15,,,-18.3,18.3,,,,
823167.0,2026-09-25,,,,7,101.3,331.7,0.8,,8.47,,,-16.9,16.9,,,,
823169.0,2026-09-21,,,,6,100.6,354.8,-5.2,,9.15,,,-18.3,18.3,,,,
823170.0,2026-09-12,,,,9,103.2,360.6,-4.3,,7.47,,,-14.9,14.9,,,,
823171.0,2026-09-13,,,,8,100.1,344.5,-13.3,,7.92,,,-15.8,15.8,,,,
823172.0,2026-09-09,,,,5,101.7,368.0,10.2,,10.02,,,-20.0,20.0,,,,
823173.0,2026-09-11,,,,9,100.7,326.3,7.3,,7.47,,,-14.9,14.9,,,,
823175.0,2026-09-07,,,,7,101.1,364.9,6.2,,8.47,,,-16.9,16.9,,,,
823177.0,2026-08-29,,,,9,101.5,356.2,20.0,,7.47,,,-14.9,14.9,,,,
823178.0,2026-08-28,,,,10,102.6,375.9,13.9,,7.09,,,-14.2,14.2,,,,
823179.0,2026-08-27,,,,6,105.0,352.3,2.1,,9.15,,,-18.3,18.3,,,,
823180.0,2026-08-26,,,,12,103.8,371.5,-2.3,,6.47,,,-12.9,12.9,,,,
823181.0,2026-08-25,,,,11,100.4,352.8,0.8,,6.76,,,-13.5,13.5,,,,
823183.0,2026-08-24,,,,8,104.1,345.8,7.1,,7.92,,,-15.8,15.8,,,,
823184.0,2026-08-15,,,,7,100.8,348.9,-9.0,,8.47,,,-16.9,16.9,,,,
823185.0,2026-08-14,,,,10,102.8,378.3,-0.3,,7.09,,,-14.2,14.2,,,,
823186.0,2026-08-11,,,,7,101.4,343.1,9.9,,8.47,,,-16.9,16.9,,,,
823187.0,2026-08-12,,,,7,100.8,346.4,1.4,,8.47,,,-16.9,16.9,,,,
823188.0,2026-08-08,,,,7,100.3,364.4,8.0,,8.47,,,-16.9,16.9,,,,
823189.0,2026-08-10,,,,11,102.6,361.6,18.8,,6.76,,,-13.5,13.5,,,,
823190.0,2026-08-09,,,,5,99.7,335.2,-3.1,,10.02,,,-20.0,20.0,,,,
823192.0,2026-07-29,,,,5,100.7,361.8,11.8,,10.02,,,-20.0,20.0,,,,
823194.0,2026-07-26,,,,6,102.4,375.3,15.2,,9.15,,,-18.3,18.3,,,,
823195.0,2026-07-27,,,,7,97.5,352.9,-3.0,,8.47,,,-16.9,16.9,,,,
823196.0,2026-07-24,,,,11,101.8,360.9,8.1,,6.76,,,-13.5,13.5,,,,
823198.0,2026-07-11,,,,5,105.0,363.8,30.2,,10.02,,,-20.0,20.0,,,,
823200.0,2026-07-10,,,,7,100.0,322.6,-5.8,,8.47,,,-16.9,16.9,,,,
823201.0,2026-07-09,,,,9,102.4,377.3,10.6,,7.47,,,-14.9,14.9,,,,
823202.0,2026-07-08,,,,7,102.8,381.0,8.5,,8.47,,,-16.9,16.9,,,,
823205.0,2026-07-06,,,,8,101.9,365.8,-2.2,,7.92,,,-15.8,15.8,,,,
823206.0,2026-06-26,,,,5,99.8,358.8,4.0,,10.02,,,-20.0,20.0,,,,
823207.0,2026-06-27,,,,9,100.2,355.3,-3.7,,7.47,,,-14.9,14.9,,,,
823208.0,2026-06-24,,,,9,104.0,385.6,19.1,,7.47,,,-14.9,14.9,,,,
823209.0,2026-06-25,,,,6,100.8,354.7,18.4,,9.15,,,-18.3,18.3,,,,
823210.0,2026-06-23,,,,5,101.1,340.2,24.1,,10.02,,,-20.0,20.0,,,,
823211.0,2026-06-12,,,,8,102.9,342.4,10.1,,7.92,,,-15.8,15.8,,,,
823213.0,2026-06-13,,,,9,101.4,380.3,14.9,,7.47,,,-14.9,14.9,,,,
823214.0,2026-06-09,,,,10,101.5,363.7,1.7,,7.09,,,-14.2,14.2,,,,
823215.0,2026-06-10,,,,11,101.1,371.2,11.9,,6.76,,,-13.5,13.5,,,,
823216.0,2026-05-26,,,,9,101.8,365.8,9.8,,7.47,,,-14.9,14.9,,,,
823218.0,2026-06-08,,,,5,103.1,373.4,-2.9,,10.02,,,-20.0,20.0,,,,
823219.0,2026-05-25,,,,6,100.9,376.0,6.8,,9.15,,,-18.3,18.3,,,,
823220.0,2026-05-24,,,,10,102.2,359.2,-1.4,,7.09,,,-14.2,14.2,,,,
823221.0,2026-05-10,,,,8,102.5,375.1,25.6,,7.92,,,-15.8,15.8,,,,
823222.0,2026-05-23,,,,11,101.5,340.8,7.3,,6.76,,,-13.5,13.5,,,,
823225.0,2026-05-08,,,,5,102.6,336.0,-15.2,,10.02,,,-20.0,20.0,,,,
823226.0,2026-05-06,,,,5,101.8,376.0,17.8,,10.02,,,-20.0,20.0,,,,
823227.0,2026-05-05,,,,8,98.7,334.6,1.7,,7.92,,,-15.8,15.8,,,,
823228.0,2026-05-04,,,,5,101.3,387.6,18.4,,10.02,,,-20.0,20.0,,,,
823229.0,2026-04-25,,,,8,99.7,357.0,7.5,,7.92,,,-15.8,15.8,,,,
823230.0,2026-04-26,,,,9,102.6,346.8,11.6,,7.47,,,-14.9,14.9,,,,
823232.0,2026-04-24,,,,6,103.1,352.7,6.4,,9.15,,,-18.3,18.3,,,,
823233.0,2026-04-23,,,,6,100.1,343.5,3.3,,9.15,,,-18.3,18.3,,,,
823241.0,2026-03-28,,,,5,102.5,364.8,3.3,,10.02,,,-20.0,20.0,,,,
823244.0,2026-03-25,,,,5,103.3,348.8,18.7,,10.02,,,-20.0,20.0,,,,
823245.0,2026-09-26,,,,5,100.8,371.4,-1.5,,10.02,,,-20.0,20.0,,,,
823247.0,2026-09-20,,,,5,103.1,370.6,-3.8,,10.02,,,-20.0,20.0,,,,
823248.0,2026-09-25,,,,10,102.4,379.1,7.8,,7.09,,,-14.2,14.2,,,,
823249.0,2026-09-19,,,,10,101.2,343.1,-4.4,,7.09,,,-14.2,14.2,,,,
823250.0,2026-09-08,,,,9,100.9,338.4,-2.0,,7.47,,,-14.9,14.9,,,,
823251.0,2026-09-09,,,,9,101.3,353.1,1.7,,7.47,,,-14.9,14.9,,,,
823252.0,2026-09-18,,,,7,102.9,347.6,1.3,,8.47,,,-16.9,16.9,,,,
823253.0,2026-09-06,,,,10,102.5,371.1,1.5,,7.09,,,-14.2,14.2,,,,
823254.0,2026-09-07,,,,11,105.6,336.2,-12.5,,6.76,,,-13.5,13.5,,,,
823256.0,2026-09-04,,,,6,102.9,359.8,-12.6,,9.15,,,-18.3,18.3,,,,
823257.0,2026-09-05,,,,5,99.5,367.6,1.5,,10.02,,,-20.0,20.0,,,,
823258.0,2026-08-23,,,,7,102.7,384.4,14.9,,8.47,,,-16.9,16.9,,,,
823259.0,2026-08-25,,,,7,105.3,325.3,-6.7,,8.47,,,-16.9,16.9,,,,
823261.0,2026-08-22,,,,11,102.5,341.3,-1.9,,6.76,,,-13.5,13.5,,,,
823262.0,2026-08-21,,,,7,100.7,343.0,-10.4,,8.47,,,-16.9,16.9,,,,
823263.0,2026-08-12,,,,6,100.3,349.0,0.3,,9.15,,,-18.3,18.3,,,,
823264.0,2026-08-11,,,,8,102.0,357.1,6.3,,7.92,,,-15.8,15.8,,,,
823265.0,2026-08-10,,,,6,102.6,373.0,8.6,,9.15,,,-18.3,18.3,,,,
823266.0,2026-08-07,,,,6,105.1,346.3,-3.5,,9.15,,,-18.3,18.3,,,,
823268.0,2026-08-09,,,,14,101.7,370.2,1.9,,5.99,,,-12.0,12.0,,,,
823269.0,2026-08-01,,,,8,100.5,322.4,0.7,,7.92,,,-15.8,15.8,,,,
823271.0,2026-07-30,,,,8,103.7,355.9,12.6,,7.92,,,-15.8,15.8,,,,
823272.0,2026-07-31,,,,11,102.5,335.5,1.7,,6.76,,,-13.5,13.5,,,,
823274.0,2026-07-12,,,,10,100.2,356.1,4.3,,7.09,,,-14.2,14.2,,,,
823275.0,2026-07-28,,,,5,102.3,359.2,5.1,,10.02,,,-20.0,20.0,,,,
823276.0,2026-07-11,,,,11,99.4,341.5,2.6,,6.76,,,-13.5,13.5,,,,
823279.0,2026-07-08,,,,5,99.4,354.6,19.2,,10.02,,,-20.0,20.0,,,,
823282.0,2026-07-06,,,,5,101.5,363.4,20.0,,10.02,,,-20.0,20.0,,,,
823283.0,2026-06-27,,,,10,104.0,357.8,3.5,,7.09,,,-14.2,14.2,,,,
823284.0,2026-06-24,,,,6,101.0,362.2,-2.1,,9.15,,,-18.3,18.3,,,,
823285.0,2026-06-26,,,,7,101.5,360.7,7.7,,8.47,,,-16.9,16.9,,,,
823286.0,2026-06-23,,,,8,101.3,362.8,-4.0,,7.92,,,-15.8,15.8,,,,
823288.0,2026-06-22,,,,8,100.8,351.9,12.6,,7.92,,,-15.8,15.8,,,,
823289.0,2026-06-08,,,,8,100.2,356.2,-0.1,,7.92,,,-15.8,15.8,,,,
823290.0,2026-06-09,,,,5,102.7,339.8,-10.5,,10.02,,,-20.0,20.0,,,,
823291.0,2026-06-07,,,,16,101.1,350.2,-6.2,,5.6,,,-11.2,11.2,,,,
823292.0,2026-06-06,,,,6,100.3,357.5,-4.4,,9.15,,,-18.3,18.3,,,,
823293.0,2026-06-05,,,,6,102.8,365.3,2.0,,9.15,,,-18.3,18.3,,,,
823294.0,2026-05-26,,,,7,106.5,381.0,1.5,,8.47,,,-16.9,16.9,,,,
823295.0,2026-05-27,,,,7,101.7,353.0,-11.9,,8.47,,,-16.9,16.9,,,,
823296.0,2026-05-25,,,,7,102.6,360.4,-2.9,,8.47,,,-16.9,16.9,,,,
823297.0,2026-05-24,,,,5,100.5,326.0,2.6,,10.02,,,-20.0,20.0,,,,
823298.0,2026-05-22,,,,6,103.5,335.8,-9.4,,9.15,,,-18.3,18.3,,,,
823302.0,2026-05-19,,,,9,101.0,364.1,-0.7,,7.47,,,-14.9,14.9,,,,
823304.0,2026-05-09,,,,10,102.4,347.5,-5.4,,7.09,,,-14.2,14.2,,,,
823305.0,2026-05-10,,,,7,102.9,355.4,-9.7,,8.47,,,-16.9,16.9,,,,
823307.0,2026-05-03,,,,8,102.9,370.5,-0.2,,7.92,,,-15.8,15.8,,,,
823308.0,2026-05-02,,,,7,103.6,327.1,-13.3,,8.47,,,-16.9,16.9,,,,
823309.0,2026-05-01,,,,7,100.0,346.0,4.8,,8.47,,,-16.9,16.9,,,,
823310.0,2026-04-28,,,,6,103.0,357.5,-1.7,,9.15,,,-18.3,18.3,,,,
823311.0,2026-04-27,,,,8,103.6,361.9,-0.7,,7.92,,,-15.8,15.8,,,,
823312.0,2026-04-29,,,,8,102.7,345.5,-9.0,,7.92,,,-15.8,15.8,,,,
823313.0,2026-04-16,,,,10,99.4,323.5,-17.4,,7.09,,,-14.2,14.2,,,,
823314.0,2026-04-15,,,,12,104.4,362.9,-2.4,,6.47,,,-12.9,12.9,,,,
823316.0,2026-04-11,,,,13,102.2,352.6,-7.8,,6.22,,,-12.4,12.4,,,,
823317.0,2026-04-12,,,,7,101.3,367.3,9.6,,8.47,,,-16.9,16.9,,,,
823318.0,2026-04-10,,,,11,102.5,346.5,2.9,,6.76,,,-13.5,13.5,,,,
823321.0,2026-04-01,,,,6,99.5,299.5,-22.2,,9.15,,,-18.3,18.3,,,,
823322.0,2026-03-31,,,,6,99.2,342.5,1.0,,9.15,,,-18.3,18.3,,,,
823325.0,2026-03-26,,,,8,103.1,345.2,-6.2,,7.92,,,-15.8,15.8,,,,
823326.0,2026-09-24,,,,6,100.9,350.3,-14.1,,9.15,,,-18.3,18.3,,,,
823327.0,2026-09-23,,,,8,101.7,360.5,2.9,,7.92,,,-15.8,15.8,,,,
823329.0,2026-09-20,,,,9,101.8,352.8,1.5,,7.47,,,-14.9,14.9,,,,
823330.0,2026-09-19,,,,7,103.0,357.7,4.9,,8.47,,,-16.9,16.9,,,,
823331.0,2026-09-18,,,,5,102.0,358.2,5.1,,10.02,,,-20.0,20.0,,,,
823332.0,2026-09-16,,,,7,104.5,358.4,8.3,,8.47,,,-16.9,16.9,,,,
823335.0,2026-09-05,,,,5,102.6,370.4,4.8,,10.02,,,-20.0,20.0,,,,
823337.0,2026-09-03,,,,5,99.9,352.8,-6.7,,10.02,,,-20.0,20.0,,,,
823339.0,2026-09-02,,,,7,102.7,356.0,14.1,,8.47,,,-16.9,16.9,,,,
823340.0,2026-09-01,,,,5,101.6,342.6,0.9,,10.02,,,-20.0,20.0,,,,
823341.0,2026-08-18,,,,7,102.9,348.9,-5.6,,8.47,,,-16.9,16.9,,,,
823342.0,2026-08-19,,,,7,104.2,361.9,7.1,,8.47,,,-16.9,16.9,,,,
823343.0,2026-08-17,,,,6,99.6,343.3,5.7,,9.15,,,-18.3,18.3,,,,
823344.0,2026-08-16,,,,6,101.4,358.5,4.9,,9.15,,,-18.3,18.3,,,,
823345.0,2026-08-09,,,,6,102.1,341.7,-2.4,,9.15,,,-18.3,18.3,,,,
823346.0,2026-08-14,,,,9,102.8,348.0,15.2,,7.47,,,-14.9,14.9,,,,
823347.0,2026-08-15,,,,6,101.8,350.3,-0.8,,9.15,,,-18.3,18.3,,,,
823348.0,2026-08-08,,,,6,98.0,334.8,-24.2,,9.15,,,-18.3,18.3,,,,
823350.0,2026-07-28,,,,10,99.6,345.8,1.4,,7.09,,,-14.2,14.2,,,,
823352.0,2026-07-24,,,,5,102.4,362.0,7.5,,10.02,,,-20.0,20.0,,,,
823353.0,2026-07-27,,,,7,101.7,327.0,3.7,,8.47,,,-16.9,16.9,,,,
823354.0,2026-07-26,,,,7,102.8,369.6,-5.2,,8.47,,,-16.9,16.9,,,,
823355.0,2026-07-25,,,,10,100.4,318.2,-3.8,,7.09,,,-14.2,14.2,,,,
823356.0,2026-07-11,,,,5,99.9,376.2,4.0,,10.02,,,-20.0,20.0,,,,
823357.0,2026-07-11,,,,9,102.6,348.0,2.8,,7.47,,,-14.9,14.9,,,,
823358.0,2026-07-12,,,,7,99.8,357.6,3.2,,8.47,,,-16.9,16.9,,,,
823359.0,2026-07-09,,,,11,100.7,356.5,-5.3,,6.76,,,-13.5,13.5,,,,
823360.0,2026-07-08,,,,7,99.6,364.1,14.7,,8.47,,,-16.9,16.9,,,,
823362.0,2026-06-28,,,,8,103.9,371.6,4.8,,7.92,,,-15.8,15.8,,,,
823363.0,2026-06-26,,,,8,102.2,366.0,10.1,,7.92,,,-15.8,15.8,,,,
823364.0,2026-06-27,,,,7,102.2,362.3,1.5,,8.47,,,-16.9,16.9,,,,
823365.0,2026-06-23,,,,9,99.5,360.8,-0.0,,7.47,,,-14.9,14.9,,,,
823366.0,2026-06-25,,,,7,100.3,355.3,-0.4,,8.47,,,-16.9,16.9,,,,
823367.0,2026-06-24,,,,7,102.1,348.4,-4.4,,8.47,,,-16.9,16.9,,,,
823368.0,2026-06-14,,,,6,104.0,369.8,7.5,,9.15,,,-18.3,18.3,,,,
823370.0,2026-06-12,,,,8,102.6,352.1,16.3,,7.92,,,-15.8,15.8,,,,
823371.0,2026-06-11,,,,9,101.0,371.4,16.6,,7.47,,,-14.9,14.9,,,,
823372.0,2026-06-10,,,,10,103.3,369.7,6.1,,7.09,,,-14.2,14.2,,,,
823373.0,2026-05-31,,,,7,101.1,344.0,-6.4,,8.47,,,-16.9,16.9,,,,
823374.0,2026-06-09,,,,7,105.2,375.6,21.2,,8.47,,,-16.9,16.9,,,,
823375.0,2026-05-30,,,,13,102.3,349.9,-0.2,,6.22,,,-12.4,12.4,,,,
823376.0,2026-05-27,,,,10,103.2,350.2,-4.6,,7.09,,,-14.2,14.2,,,,
823377.0,2026-05-29,,,,7,102.9,354.6,4.2,,8.47,,,-16.9,16.9,,,,
823378.0,2026-05-28,,,,7,99.8,369.1,6.2,,8.47,,,-16.9,16.9,,,,
823379.0,2026-05-26,,,,7,102.8,362.7,7.6,,8.47,,,-16.9,16.9,,,,
823380.0,2026-05-25,,,,6,102.4,361.0,-6.1,,9.15,,,-18.3,18.3,,,,
823381.0,2026-05-17,,,,12,101.1,346.4,13.1,,6.47,,,-12.9,12.9,,,,
823382.0,2026-05-16,,,,5,103.9,386.6,5.5,,10.02,,,-20.0,20.0,,,,
823383.0,2026-05-14,,,,7,99.9,363.4,4.6,,8.47,,,-16.9,16.9,,,,
823384.0,2026-05-15,,,,12,103.0,363.8,9.1,,6.47,,,-12.9,12.9,,,,
823385.0,2026-05-12,,,,5,106.5,371.4,14.3,,10.02,,,-20.0,20.0,,,,
823386.0,2026-05-13,,,,14,100.6,339.7,-2.0,,5.99,,,-12.0,12.0,,,,
823388.0,2026-05-02,,,,13,101.6,340.3,-3.1,,6.22,,,-12.4,12.4,,,,
823389.0,2026-05-01,,,,10,102.4,352.1,0.7,,7.09,,,-14.2,14.2,,,,
823390.0,2026-04-28,,,,13,103.7,365.8,4.4,,6.22,,,-12.4,12.4,,,,
823391.0,2026-04-30,,,,7,103.6,374.0,-2.3,,8.47,,,-16.9,16.9,,,,
823392.0,2026-04-29,,,,5,101.4,367.2,-2.0,,10.02,,,-20.0,20.0,,,,
823393.0,2026-04-19,,,,10,102.1,335.0,-9.3,,7.09,,,-14.2,14.2,,,,
823394.0,2026-04-18,,,,9,102.2,344.1,6.5,,7.47,,,-14.9,14.9,,,,
823395.0,2026-04-27,,,,6,99.6,314.3,-17.0,,9.15,,,-18.3,18.3,,,,
823396.0,2026-04-16,,,,6,103.8,351.3,-1.1,,9.15,,,-18.3,18.3,,,,
823397.0,2026-04-17,,,,7,102.2,335.3,6.1,,8.47,,,-16.9,16.9,,,,
823398.0,2026-04-14,,,,7,101.1,344.9,-0.4,,8.47,,,-16.9,16.9,,,,
823400.0,2026-04-13,,,,9,102.1,364.6,2.0,,7.47,,,-14.9,14.9,,,,
823407.0,2026-09-26,,,,11,99.3,334.5,-2.8,,6.76,,,-13.5,13.5,,,,
823408.0,2026-09-27,,,,9,104.7,350.7,9.3,,7.47,,,-14.9,14.9,,,,
823411.0,2026-09-24,,,,6,99.4,332.2,-9.9,,9.15,,,-18.3,18.3,,,,
823412.0,2026-09-22,,,,6,101.6,336.2,-4.7,,9.15,,,-18.3,18.3,,,,
823413.0,2026-09-10,,,,7,101.4,368.3,6.9,,8.47,,,-16.9,16.9,,,,
823414.0,2026-09-08,,,,14,101.6,370.6,7.0,,5.99,,,-12.0,12.0,,,,
823415.0,2026-09-07,,,,8,100.5,351.6,3.6,,7.92,,,-15.8,15.8,,,,
823416.0,2026-09-09,,,,9,102.8,373.0,14.4,,7.47,,,-14.9,14.9,,,,
823417.0,2026-09-06,,,,10,101.1,356.8,4.0,,7.09,,,-14.2,14.2,,,,
823418.0,2026-09-04,,,,10,102.1,343.1,7.4,,7.09,,,-14.2,14.2,,,,
823419.0,2026-09-05,,,,6,103.2,392.0,14.8,,9.15,,,-18.3,18.3,,,,
823420.0,2026-08-21,,,,9,102.6,362.8,0.4,,7.47,,,-14.9,14.9,,,,
823421.0,2026-08-23,,,,10,101.7,363.4,9.6,,7.09,,,-14.2,14.2,,,,
823422.0,2026-08-22,,,,12,101.1,354.4,-3.6,,6.47,,,-12.9,12.9,,,,
823423.0,2026-08-18,,,,7,100.9,342.7,13.9,,8.47,,,-16.9,16.9,,,,
823424.0,2026-08-19,,,,7,99.3,362.9,9.6,,8.47,,,-16.9,16.9,,,,
823426.0,2026-08-08,,,,10,101.3,360.4,27.1,,7.09,,,-14.2,14.2,,,,
823429.0,2026-08-05,,,,8,101.5,375.4,7.2,,7.92,,,-15.8,15.8,,,,
823430.0,2026-08-06,,,,7,102.3,331.9,13.2,,8.47,,,-16.9,16.9,,,,
823431.0,2026-08-03,,,,6,102.4,371.0,8.3,,9.15,,,-18.3,18.3,,,,
823432.0,2026-08-04,,,,5,97.9,341.2,-6.5,,10.02,,,-20.0,20.0,,,,
823433.0,2026-07-26,,,,6,103.5,330.8,0.7,,9.15,,,-18.3,18.3,,,,
823436.0,2026-07-20,,,,9,102.2,392.8,32.9,,7.47,,,-14.9,14.9,,,,
823438.0,2026-07-22,,,,12,100.3,363.6,8.5,,6.47,,,-12.9,12.9,,,,
823439.0,2026-07-19,,,,7,102.3,334.9,-1.9,,8.47,,,-16.9,16.9,,,,
823440.0,2026-07-16,,,,7,100.7,368.9,-1.1,,8.47,,,-16.9,16.9,,,,
823442.0,2026-07-02,,,,8,101.0,322.9,-17.4,,7.92,,,-15.8,15.8,,,,
823444.0,2026-06-29,,,,12,103.5,376.6,12.9,,6.47,,,-12.9,12.9,,,,
823446.0,2026-07-01,,,,6,100.4,374.0,18.9,,9.15,,,-18.3,18.3,,,,
823447.0,2026-06-20,,,,7,102.6,402.7,18.2,,8.47,,,-16.9,16.9,,,,
823448.0,2026-06-18,,,,5,101.2,324.0,4.7,,10.02,,,-20.0,20.0,,,,
823450.0,2026-06-17,,,,8,103.2,384.9,13.8,,7.92,,,-15.8,15.8,,,,
823451.0,2026-06-16,,,,7,99.7,379.3,19.7,,8.47,,,-16.9,16.9,,,,
823452.0,2026-06-15,,,,5,100.4,366.4,4.6,,10.02,,,-20.0,20.0,,,,
823453.0,2026-06-07,,,,9,101.8,358.2,16.2,,7.47,,,-14.9,14.9,,,,
823454.0,2026-06-06,,,,5,102.1,373.0,16.2,,10.02,,,-20.0,20.0,,,,
823455.0,2026-06-05,,,,10,101.5,362.0,5.2,,7.09,,,-14.2,14.2,,,,
823456.0,2026-06-03,,,,9,103.8,353.6,3.6,,7.47,,,-14.9,14.9,,,,
823457.0,2026-06-04,,,,7,104.7,355.1,0.7,,8.47,,,-16.9,16.9,,,,
823459.0,2026-05-24,,,,8,100.0,345.1,5.0,,7.92,,,-15.8,15.8,,,,
823460.0,2026-06-02,,,,6,104.2,358.0,3.8,,9.15,,,-18.3,18.3,,,,
823461.0,2026-05-22,,,,7,101.1,359.3,-6.1,,8.47,,,-16.9,16.9,,,,
823463.0,2026-05-10,,,,8,102.5,364.5,19.0,,7.92,,,-15.8,15.8,,,,
823464.0,2026-05-19,,,,5,102.3,372.4,12.6,,10.02,,,-20.0,20.0,,,,
823465.0,2026-05-18,,,,6,101.0,362.0,15.0,,9.15,,,-18.3,18.3,,,,
823466.0,2026-05-08,,,,5,101.0,332.2,2.7,,10.02,,,-20.0,20.0,,,,
823467.0,2026-05-07,,,,15,102.7,339.9,-4.0,,5.79,,,-11.6,11.6,,,,
823468.0,2026-05-09,,,,6,103.0,374.7,9.0,,9.15,,,-18.3,18.3,,,,
823469.0,2026-05-05,,,,13,101.2,354.5,8.5,,6.22,,,-12.4,12.4,,,,
823470.0,2026-05-06,,,,7,99.7,352.0,-3.4,,8.47,,,-16.9,16.9,,,,
823471.0,2026-04-30,,,,7,102.8,363.3,-2.1,,8.47,,,-16.9,16.9,,,,
823472.0,2026-04-30,,,,5,103.9,359.0,-6.9,,10.02,,,-20.0,20.0,,,,
823475.0,2026-04-19,,,,8,102.8,323.1,-8.1,,7.92,,,-15.8,15.8,,,,
823476.0,2026-04-17,,,,11,101.6,344.3,-5.0,,6.76,,,-13.5,13.5,,,,
823477.0,2026-04-15,,,,8,101.7,360.6,8.8,,7.92,,,-15.8,15.8,,,,
823478.0,2026-04-14,,,,5,101.8,397.8,15.2,,10.02,,,-20.0,20.0,,,,
823479.0,2026-04-12,,,,10,101.9,339.6,4.0,,7.09,,,-14.2,14.2,,,,
823480.0,2026-04-11,,,,8,103.7,360.1,3.6,,7.92,,,-15.8,15.8,,,,
823481.0,2026-04-13,,,,6,101.4,378.2,22.8,,9.15,,,-18.3,18.3,,,,
823482.0,2026-04-10,,,,6,101.0,348.3,-0.0,,9.15,,,-18.3,18.3,,,,
823483.0,2026-04-01,,,,5,102.9,391.8,20.9,,10.02,,,-20.0,20.0,,,,
823484.0,2026-03-30,,,,9,99.9,322.7,-9.4,,7.47,,,-14.9,14.9,,,,
823485.0,2026-03-31,,,,6,98.0,358.8,1.7,,9.15,,,-18.3,18.3,,,,
823486.0,2026-03-26,,,,5,103.8,383.8,21.9,,10.02,,,-20.0,20.0,,,,
823487.0,2026-03-29,,,,7,103.2,346.6,0.4,,8.47,,,-16.9,16.9,,,,
823488.0,2026-03-28,,,,6,101.6,366.7,-6.0,,9.15,,,-18.3,18.3,,,,
823489.0,2026-09-25,,,,5,101.2,360.2,6.8,,10.02,,,-20.0,20.0,,,,
823491.0,2026-09-25,,,,12,103.3,337.2,-4.8,,6.47,,,-12.9,12.9,,,,
823492.0,2026-09-23,,,,5,99.8,363.8,-9.0,,10.02,,,-20.0,20.0,,,,
823493.0,2026-09-24,,,,8,101.1,335.4,5.6,,7.92,,,-15.8,15.8,,,,
823496.0,2026-09-12,,,,12,100.2,331.2,-3.7,,6.47,,,-12.9,12.9,,,,
823497.0,2026-09-09,,,,7,101.7,356.0,5.3,,8.47,,,-16.9,16.9,,,,
823498.0,2026-09-11,,,,10,101.2,344.4,-8.4,,7.09,,,-14.2,14.2,,,,
823499.0,2026-09-10,,,,10,103.4,345.6,-7.2,,7.09,,,-14.2,14.2,,,,
823500.0,2026-09-08,,,,7,100.3,351.9,-6.5,,8.47,,,-16.9,16.9,,,,
823501.0,2026-08-29,,,,11,98.6,330.2,-4.3,,6.76,,,-13.5,13.5,,,,
823502.0,2026-08-30,,,,11,100.8,354.9,-3.9,,6.76,,,-13.5,13.5,,,,
823503.0,2026-08-27,,,,10,102.6,363.7,5.1,,7.09,,,-14.2,14.2,,,,
823505.0,2026-08-25,,,,9,102.7,369.0,-1.4,,7.47,,,-14.9,14.9,,,,
823506.0,2026-08-26,,,,7,102.5,376.3,9.0,,8.47,,,-16.9,16.9,,,,
823507.0,2026-08-23,,,,10,100.3,343.7,1.8,,7.09,,,-14.2,14.2,,,,
823508.0,2026-08-13,,,,6,98.8,345.8,14.5,,9.15,,,-18.3,18.3,,,,
823509.0,2026-08-22,,,,7,103.0,346.3,-9.4,,8.47,,,-16.9,16.9,,,,
823510.0,2026-08-21,,,,6,97.9,356.3,-1.6,,9.15,,,-18.3,18.3,,,,
823511.0,2026-08-12,,,,9,100.5,350.8,2.1,,7.47,,,-14.9,14.9,,,,
823512.0,2026-08-11,,,,5,102.8,320.6,3.6,,10.02,,,-20.0,20.0,,,,
823513.0,2026-08-09,,,,7,105.8,363.0,5.9,,8.47,,,-16.9,16.9,,,,
823514.0,2026-08-08,,,,8,102.6,353.9,-2.8,,7.92,,,-15.8,15.8,,,,
823515.0,2026-08-07,,,,6,103.4,364.8,12.7,,9.15,,,-18.3,18.3,,,,
823517.0,2026-08-04,,,,5,101.0,346.8,11.6,,10.02,,,-20.0,20.0,,,,
823518.0,2026-07-22,,,,5,102.3,325.6,-1.0,,10.02,,,-20.0,20.0,,,,
823520.0,2026-08-03,,,,11,104.3,376.5,13.3,,6.76,,,-13.5,13.5,,,,
823522.0,2026-07-20,,,,9,102.5,339.1,-5.5,,7.47,,,-14.9,14.9,,,,
823523.0,2026-07-19,,,,9,102.9,354.4,2.9,,7.47,,,-14.9,14.9,,,,
823524.0,2026-07-17,,,,7,101.0,363.3,-0.6,,8.47,,,-16.9,16.9,,,,
823525.0,2026-07-05,,,,9,102.6,339.8,1.4,,7.47,,,-14.9,14.9,,,,
823526.0,2026-07-04,,,,13,102.4,371.5,12.1,,6.22,,,-12.4,12.4,,,,
823527.0,2026-07-03,,,,7,102.5,368.6,11.6,,8.47,,,-16.9,16.9,,,,
823528.0,2026-06-30,,,,11,102.5,371.2,7.8,,6.76,,,-13.5,13.5,,,,
823529.0,2026-06-29,,,,9,100.1,339.3,13.9,,7.47,,,-14.9,14.9,,,,
823530.0,2026-07-01,,,,6,102.1,350.2,8.5,,9.15,,,-18.3,18.3,,,,
823531.0,2026-06-21,,,,5,102.6,335.2,-3.4,,10.02,,,-20.0,20.0,,,,
823532.0,2026-06-20,,,,8,100.9,348.1,1.1,,7.92,,,-15.8,15.8,,,,
823533.0,2026-06-18,,,,9,103.1,365.3,3.8,,7.47,,,-14.9,14.9,,,,
823534.0,2026-06-19,,,,8,102.5,381.9,19.6,,7.92,,,-15.8,15.8,,,,
823536.0,2026-06-17,,,,12,101.8,369.8,8.6,,6.47,,,-12.9,12.9,,,,
823537.0,2026-06-07,,,,9,100.9,348.7,6.1,,7.47,,,-14.9,14.9,,,,
823538.0,2026-06-05,,,,7,104.3,378.6,4.1,,8.47,,,-16.9,16.9,,,,
823539.0,2026-08-29,,,,8,101.0,341.6,5.0,,7.92,,,-15.8,15.8,,,,
823540.0,2026-06-03,,,,9,101.4,372.4,0.2,,7.47,,,-14.9,14.9,,,,
823541.0,2026-06-02,,,,7,101.5,358.0,13.1,,8.47,,,-16.9,16.9,,,,
823544.0,2026-05-24,,,,5,102.2,339.0,8.5,,10.02,,,-20.0,20.0,,,,
823545.0,2026-05-21,,,,8,98.2,359.4,5.2,,7.92,,,-15.8,15.8,,,,
823546.0,2026-05-22,,,,7,100.7,334.7,4.9,,8.47,,,-16.9,16.9,,,,
823548.0,2026-05-19,,,,5,98.6,340.0,3.8,,10.02,,,-20.0,20.0,,,,
823549.0,2026-05-18,,,,9,103.9,353.4,-8.9,,7.47,,,-14.9,14.9,,,,
823550.0,2026-05-06,,,,7,104.3,343.9,-1.1,,8.47,,,-16.9,16.9,,,,
823551.0,2026-05-07,,,,9,102.9,344.7,0.3,,7.47,,,-14.9,14.9,,,,
823552.0,2026-05-04,,,,10,102.6,338.6,-7.3,,7.09,,,-14.2,14.2,,,,
823553.0,2026-05-05,,,,12,102.1,354.2,-2.6,,6.47,,,-12.9,12.9,,,,
823554.0,2026-05-02,,,,9,103.9,342.0,-11.6,,7.47,,,-14.9,14.9,,,,
823555.0,2026-05-03,,,,9,103.6,350.0,-13.8,,7.47,,,-14.9,14.9,,,,
823556.0,2026-04-19,,,,7,103.1,365.3,-19.9,,8.47,,,-16.9,16.9,,,,
823557.0,2026-05-01,,,,7,102.4,350.3,-11.2,,8.47,,,-16.9,16.9,,,,
823558.0,2026-04-18,,,,12,103.9,343.9,-18.7,,6.47,,,-12.9,12.9,,,,
823559.0,2026-04-17,,,,10,100.7,334.5,-10.2,,7.09,,,-14.2,14.2,,,,
823560.0,2026-04-16,,,,10,103.2,353.4,-12.3,,7.09,,,-14.2,14.2,,,,
823561.0,2026-04-15,,,,7,104.8,347.7,-3.1,,8.47,,,-16.9,16.9,,,,
823562.0,2026-04-14,,,,8,104.4,388.2,16.5,,7.92,,,-15.8,15.8,,,,
823563.0,2026-04-13,,,,11,108.4,389.5,1.7,,6.76,,,-13.5,13.5,,,,
823570.0,2026-09-20,,,,5,99.5,373.4,6.7,,10.02,,,-20.0,20.0,,,,
823571.0,2026-09-19,,,,8,103.3,351.5,-1.6,,7.92,,,-15.8,15.8,,,,
823572.0,2026-09-18,,,,12,101.6,356.4,11.9,,6.47,,,-12.9,12.9,,,,
823574.0,2026-09-15,,,,12,103.5,370.8,-2.1,,6.47,,,-12.9,12.9,,,,
823575.0,2026-09-14,,,,5,100.3,364.6,0.7,,10.02,,,-20.0,20.0,,,,
823576.0,2026-09-16,,,,5,103.0,376.6,-4.0,,10.02,,,-20.0,20.0,,,,
823577.0,2026-09-05,,,,11,103.0,362.6,10.0,,6.76,,,-13.5,13.5,,,,
823579.0,2026-09-04,,,,9,104.0,362.3,17.0,,7.47,,,-14.9,14.9,,,,
823580.0,2026-08-30,,,,5,101.9,371.4,15.6,,10.02,,,-20.0,20.0,,,,
823581.0,2026-08-27,,,,8,102.4,366.4,12.4,,7.92,,,-15.8,15.8,,,,
823582.0,2026-08-29,,,,12,101.0,350.2,-2.2,,6.47,,,-12.9,12.9,,,,
823585.0,2026-08-25,,,,7,101.3,342.4,0.3,,8.47,,,-16.9,16.9,,,,
823586.0,2026-08-18,,,,11,104.4,370.3,10.3,,6.76,,,-13.5,13.5,,,,
823587.0,2026-08-19,,,,6,103.0,349.3,10.7,,9.15,,,-18.3,18.3,,,,
823588.0,2026-08-15,,,,10,99.9,331.5,-5.3,,7.09,,,-14.2,14.2,,,,
823590.0,2026-08-16,,,,5,101.8,365.0,-2.6,,10.02,,,-20.0,20.0,,,,
823591.0,2026-08-14,,,,5,103.7,392.0,-5.1,,10.02,,,-20.0,20.0,,,,
823592.0,2026-08-02,,,,7,102.5,326.3,-9.0,,8.47,,,-16.9,16.9,,,,
823593.0,2026-07-31,,,,8,104.1,352.9,-1.5,,7.92,,,-15.8,15.8,,,,
823595.0,2026-07-30,,,,8,101.7,318.2,-12.7,,7.92,,,-15.8,15.8,,,,
823596.0,2026-07-29,,,,9,102.5,355.8,-7.1,,7.47,,,-14.9,14.9,,,,
823597.0,2026-07-27,,,,10,102.1,364.5,3.2,,7.09,,,-14.2,14.2,,,,
823599.0,2026-07-26,,,,7,101.3,331.9,7.7,,8.47,,,-16.9,16.9,,,,
823601.0,2026-07-24,,,,8,103.4,351.1,3.5,,7.92,,,-15.8,15.8,,,,
823602.0,2026-07-12,,,,7,102.3,332.6,-8.7,,8.47,,,-16.9,16.9,,,,
823603.0,2026-07-11,,,,7,100.8,355.1,2.8,,8.47,,,-16.9,16.9,,,,
823604.0,2026-07-10,,,,8,104.3,355.0,-1.6,,7.92,,,-15.8,15.8,,,,
823605.0,2026-07-08,,,,8,104.1,347.0,13.4,,7.92,,,-15.8,15.8,,,,
823606.0,2026-07-09,,,,11,102.6,352.1,1.8,,6.76,,,-13.5,13.5,,,,
823607.0,2026-07-07,,,,14,103.5,350.7,11.2,,5.99,,,-12.0,12.0,,,,
823608.0,2026-06-28,,,,5,101.4,333.6,-6.5,,10.02,,,-20.0,20.0,,,,
823609.0,2026-06-27,,,,5,100.1,366.6,-6.0,,10.02,,,-20.0,20.0,,,,
823611.0,2026-06-24,,,,9,101.7,365.4,6.0,,7.47,,,-14.9,14.9,,,,
823612.0,2026-06-25,,,,5,100.5,355.8,-10.0,,10.02,,,-20.0,20.0,,,,
823613.0,2026-06-24,,,,8,103.1,381.5,7.4,,7.92,,,-15.8,15.8,,,,
823614.0,2026-06-23,,,,9,100.7,356.6,4.9,,7.47,,,-14.9,14.9,,,,
823616.0,2026-06-13,,,,7,102.8,346.3,7.7,,8.47,,,-16.9,16.9,,,,
823617.0,2026-06-12,,,,5,104.2,365.2,-3.3,,10.02,,,-20.0,20.0,,,,
823618.0,2026-06-10,,,,9,102.6,368.7,3.7,,7.47,,,-14.9,14.9,,,,
823619.0,2026-06-11,,,,13,103.1,364.8,5.8,,6.22,,,-12.4,12.4,,,,
823620.0,2026-06-09,,,,5,101.7,374.0,-6.1,,10.02,,,-20.0,20.0,,,,
823621.0,2026-05-31,,,,9,104.0,384.8,14.1,,7.47,,,-14.9,14.9,,,,
823622.0,2026-05-30,,,,9,101.5,340.7,-11.8,,7.47,,,-14.9,14.9,,,,
823623.0,2026-05-29,,,,5,102.3,370.8,7.5,,10.02,,,-20.0,20.0,,,,
823624.0,2026-05-26,,,,6,100.5,338.3,-9.3,,9.15,,,-18.3,18.3,,,,
823625.0,2026-05-25,,,,5,101.4,361.0,1.4,,10.02,,,-20.0,20.0,,,,
823626.0,2026-05-27,,,,13,101.0,352.8,-4.8,,6.22,,,-12.4,12.4,,,,
823628.0,2026-05-17,,,,10,100.2,346.8,-1.8,,7.09,,,-14.2,14.2,,,,
823629.0,2026-05-15,,,,9,100.7,351.1,-4.3,,7.47,,,-14.9,14.9,,,,
823630.0,2026-05-14,,,,15,102.8,357.1,-4.0,,5.79,,,-11.6,11.6,,,,
823631.0,2026-05-13,,,,5,100.1,289.8,-29.1,,10.02,,,-20.0,20.0,,,,
823632.0,2026-05-12,,,,7,102.1,338.6,-0.3,,8.47,,,-16.9,16.9,,,,
823633.0,2026-04-29,,,,12,101.0,341.1,-11.2,,6.47,,,-12.9,12.9,,,,
823634.0,2026-04-30,,,,10,100.4,330.7,4.4,,7.09,,,-14.2,14.2,,,,
823636.0,2026-04-28,,,,5,101.3,343.8,-5.7,,10.02,,,-20.0,20.0,,,,
823638.0,2026-04-24,,,,6,98.0,318.7,-18.7,,9.15,,,-18.3,18.3,,,,
823639.0,2026-04-23,,,,8,102.0,362.9,9.1,,7.92,,,-15.8,15.8,,,,
823641.0,2026-04-22,,,,7,103.6,346.3,0.4,,8.47,,,-16.9,16.9,,,,
823642.0,2026-04-12,,,,5,99.4,321.8,-16.9,,10.02,,,-20.0,20.0,,,,
823644.0,2026-04-11,,,,9,104.3,358.9,-0.8,,7.47,,,-14.9,14.9,,,,
823647.0,2026-03-29,,,,6,99.5,344.3,-4.7,,9.15,,,-18.3,18.3,,,,
823649.0,2026-03-26,,,,9,103.0,362.1,12.3,,7.47,,,-14.9,14.9,,,,
823650.0,2026-09-27,,,,7,102.1,382.6,9.1,,8.47,,,-16.9,16.9,,,,
823652.0,2026-09-25,,,,8,99.9,344.1,10.7,,7.92,,,-15.8,15.8,,,,
823653.0,2026-09-26,,,,11,100.8,344.1,10.2,,6.76,,,-13.5,13.5,,,,
823654.0,2026-09-15,,,,9,99.4,350.8,-7.1,,7.47,,,-14.9,14.9,,,,
823655.0,2026-09-16,,,,11,99.8,346.9,-1.4,,6.76,,,-13.5,13.5,,,,
823656.0,2026-09-14,,,,7,103.0,351.3,-5.8,,8.47,,,-16.9,16.9,,,,
823657.0,2026-09-12,,,,5,103.1,376.8,13.4,,10.02,,,-20.0,20.0,,,,
823658.0,2026-09-13,,,,8,102.4,381.1,-0.8,,7.92,,,-15.8,15.8,,,,
823659.0,2026-09-11,,,,7,100.3,361.3,14.8,,8.47,,,-16.9,16.9,,,,
823660.0,2026-09-02,,,,10,103.2,346.4,19.0,,7.09,,,-14.2,14.2,,,,
823661.0,2026-09-01,,,,12,102.6,363.7,7.3,,6.47,,,-12.9,12.9,,,,
823662.0,2026-08-30,,,,5,101.5,353.8,5.6,,10.02,,,-20.0,20.0,,,,
823663.0,2026-08-31,,,,7,100.9,372.9,6.9,,8.47,,,-16.9,16.9,,,,
823665.0,2026-08-29,,,,7,99.6,357.4,4.0,,8.47,,,-16.9,16.9,,,,
823666.0,2026-08-28,,,,9,101.2,331.3,-6.4,,7.47,,,-14.9,14.9,,,,
823667.0,2026-08-18,,,,14,102.5,357.3,5.7,,5.99,,,-12.0,12.0,,,,
823668.0,2026-08-17,,,,7,98.9,325.9,-12.0,,8.47,,,-16.9,16.9,,,,
823669.0,2026-08-13,,,,10,99.4,350.1,-7.6,,7.09,,,-14.2,14.2,,,,
823670.0,2026-08-16,,,,5,102.0,364.0,-4.3,,10.02,,,-20.0,20.0,,,,
823671.0,2026-08-15,,,,9,102.5,326.2,0.2,,7.47,,,-14.9,14.9,,,,
823672.0,2026-08-12,,,,8,99.0,343.1,-3.2,,7.92,,,-15.8,15.8,,,,
823673.0,2026-08-11,,,,6,104.2,381.7,19.9,,9.15,,,-18.3,18.3,,,,
823674.0,2026-07-30,,,,7,102.5,365.3,14.2,,8.47,,,-16.9,16.9,,,,
823675.0,2026-08-10,,,,10,102.1,364.6,11.9,,7.09,,,-14.2,14.2,,,,
823676.0,2026-07-28,,,,7,100.2,352.4,11.7,,8.47,,,-16.9,16.9,,,,
823677.0,2026-07-29,,,,5,101.0,379.6,19.9,,10.02,,,-20.0,20.0,,,,
823678.0,2026-07-26,,,,12,101.3,347.9,5.9,,6.47,,,-12.9,12.9,,,,
823680.0,2026-07-24,,,,5,100.2,342.4,-3.7,,10.02,,,-20.0,20.0,,,,
823681.0,2026-07-12,,,,6,100.0,363.8,11.8,,9.15,,,-18.3,18.3,,,,
823682.0,2026-07-11,,,,7,104.3,328.3,-13.2,,8.47,,,-16.9,16.9,,,,
823683.0,2026-07-09,,,,5,102.0,365.2,11.7,,10.02,,,-20.0,20.0,,,,
823684.0,2026-07-08,,,,10,100.9,361.5,13.3,,7.09,,,-14.2,14.2,,,,
823685.0,2026-07-10,,,,10,102.2,335.9,8.8,,7.09,,,-14.2,14.2,,,,
823686.0,2026-06-28,,,,5,101.4,374.8,9.3,,10.02,,,-20.0,20.0,,,,
823687.0,2026-07-07,,,,5,103.2,354.8,13.3,,10.02,,,-20.0,20.0,,,,
823688.0,2026-06-26,,,,9,103.2,353.0,2.8,,7.47,,,-14.9,14.9,,,,
823689.0,2026-06-27,,,,11,102.6,357.6,10.6,,6.76,,,-13.5,13.5,,,,
823690.0,2026-06-23,,,,9,100.8,326.0,-3.1,,7.47,,,-14.9,14.9,,,,
823691.0,2026-06-24,,,,6,101.0,315.8,-16.3,,9.15,,,-18.3,18.3,,,,
823692.0,2026-06-22,,,,11,102.7,366.5,-2.2,,6.76,,,-13.5,13.5,,,,
823693.0,2026-06-14,,,,8,99.8,342.4,-0.2,,7.92,,,-15.8,15.8,,,,
823694.0,2026-06-13,,,,13,103.4,374.3,8.7,,6.22,,,-12.4,12.4,,,,
823695.0,2026-06-12,,,,11,102.6,361.2,13.0,,6.76,,,-13.5,13.5,,,,
823696.0,2026-06-07,,,,6,105.7,345.8,15.2,,9.15,,,-18.3,18.3,,,,
823697.0,2026-06-06,,,,6,100.4,366.2,3.6,,9.15,,,-18.3,18.3,,,,
823698.0,2026-06-04,,,,9,101.2,359.0,13.5,,7.47,,,-14.9,14.9,,,,
823699.0,2026-06-05,,,,11,102.1,344.3,13.3,,6.76,,,-13.5,13.5,,,,
823700.0,2026-06-02,,,,6,99.9,336.5,5.1,,9.15,,,-18.3,18.3,,,,
823701.0,2026-06-03,,,,12,100.4,324.2,3.4,,6.47,,,-12.9,12.9,,,,
823702.0,2026-06-01,,,,13,100.9,358.7,2.9,,6.22,,,-12.4,12.4,,,,
823704.0,2026-05-19,,,,6,99.8,320.2,-16.0,,9.15,,,-18.3,18.3,,,,
823706.0,2026-05-16,,,,7,102.3,350.4,7.5,,8.47,,,-16.9,16.9,,,,
823707.0,2026-05-15,,,,7,102.2,325.0,-1.3,,8.47,,,-16.9,16.9,,,,
823708.0,2026-05-17,,,,13,102.7,343.5,0.7,,6.22,,,-12.4,12.4,,,,
823710.0,2026-05-13,,,,10,103.2,373.3,7.7,,7.09,,,-14.2,14.2,,,,
823711.0,2026-05-03,,,,8,100.8,342.1,17.5,,7.92,,,-15.8,15.8,,,,
823713.0,2026-05-01,,,,13,100.4,364.8,-8.6,,6.22,,,-12.4,12.4,,,,
823714.0,2026-04-30,,,,6,104.0,371.2,3.4,,9.15,,,-18.3,18.3,,,,
823715.0,2026-05-02,,,,10,103.6,375.1,9.3,,7.09,,,-14.2,14.2,,,,
823716.0,2026-04-28,,,,8,101.8,368.8,13.0,,7.92,,,-15.8,15.8,,,,
823717.0,2026-04-29,,,,6,101.0,359.0,-6.6,,9.15,,,-18.3,18.3,,,,
823718.0,2026-04-19,,,,14,101.0,322.5,-9.1,,5.99,,,-12.0,12.0,,,,
823719.0,2026-04-27,,,,9,101.5,344.8,-2.6,,7.47,,,-14.9,14.9,,,,
823720.0,2026-04-17,,,,8,103.2,351.8,-0.5,,7.92,,,-15.8,15.8,,,,
823721.0,2026-04-18,,,,5,101.9,334.6,-7.6,,10.02,,,-20.0,20.0,,,,
823722.0,2026-04-15,,,,9,102.0,366.8,2.7,,7.47,,,-14.9,14.9,,,,
823723.0,2026-04-14,,,,5,101.2,363.8,9.2,,10.02,,,-20.0,20.0,,,,
823725.0,2026-04-13,,,,12,103.7,377.7,7.2,,6.47,,,-12.9,12.9,,,,
823731.0,2026-09-27,,,,10,99.9,364.5,4.8,,7.09,,,-14.2,14.2,,,,
823733.0,2026-09-26,,,,6,103.7,373.3,0.2,,9.15,,,-18.3,18.3,,,,
823734.0,2026-09-13,,,,7,103.8,353.7,1.5,,8.47,,,-16.9,16.9,,,,
823735.0,2026-09-25,,,,11,102.5,336.8,-6.1,,6.76,,,-13.5,13.5,,,,
823736.0,2026-09-11,,,,10,103.8,363.8,6.0,,7.09,,,-14.2,14.2,,,,
823737.0,2026-09-12,,,,15,101.9,366.7,14.5,,5.79,,,-11.6,11.6,,,,
823738.0,2026-09-08,,,,7,101.5,353.6,7.8,,8.47,,,-16.9,16.9,,,,
823739.0,2026-09-09,,,,6,101.9,357.3,17.6,,9.15,,,-18.3,18.3,,,,
823740.0,2026-08-30,,,,7,99.5,369.0,14.9,,8.47,,,-16.9,16.9,,,,
823741.0,2026-08-29,,,,9,102.5,368.2,11.9,,7.47,,,-14.9,14.9,,,,
823742.0,2026-09-07,,,,9,100.3,359.7,4.8,,7.47,,,-14.9,14.9,,,,
823743.0,2026-08-22,,,,5,100.9,345.2,2.9,,10.02,,,-20.0,20.0,,,,
823744.0,2026-08-28,,,,7,100.3,357.3,3.0,,8.47,,,-16.9,16.9,,,,
823745.0,2026-08-23,,,,5,100.0,329.8,2.8,,10.02,,,-20.0,20.0,,,,
823746.0,2026-08-21,,,,5,103.3,329.0,6.4,,10.02,,,-20.0,20.0,,,,
823747.0,2026-08-20,,,,9,101.5,349.3,1.6,,7.47,,,-14.9,14.9,,,,
823748.0,2026-08-19,,,,8,100.4,334.2,-6.7,,7.92,,,-15.8,15.8,,,,
823749.0,2026-08-18,,,,14,99.8,358.9,0.2,,5.99,,,-12.0,12.0,,,,
823750.0,2026-08-07,,,,8,102.9,364.2,-1.7,,7.92,,,-15.8,15.8,,,,
823751.0,2026-08-09,,,,5,104.7,377.0,8.8,,10.02,,,-20.0,20.0,,,,
823752.0,2026-08-08,,,,8,98.2,315.6,4.1,,7.92,,,-15.8,15.8,,,,
823753.0,2026-08-05,,,,9,99.9,334.9,2.5,,7.47,,,-14.9,14.9,,,,
823754.0,2026-08-06,,,,8,100.9,362.2,4.4,,7.92,,,-15.8,15.8,,,,
823755.0,2026-07-26,,,,10,102.0,343.2,-3.2,,7.09,,,-14.2,14.2,,,,
823756.0,2026-08-04,,,,8,101.2,362.8,8.1,,7.92,,,-15.8,15.8,,,,
823758.0,2026-07-25,,,,7,100.2,365.7,1.7,,8.47,,,-16.9,16.9,,,,
823759.0,2026-07-24,,,,12,101.2,352.9,-1.9,,6.47,,,-12.9,12.9,,,,
823760.0,2026-07-21,,,,10,100.8,357.5,11.6,,7.09,,,-14.2,14.2,,,,
823761.0,2026-07-22,,,,7,101.4,350.9,-0.6,,8.47,,,-16.9,16.9,,,,
823762.0,2026-07-20,,,,6,100.6,370.5,22.4,,9.15,,,-18.3,18.3,,,,
823763.0,2026-07-18,,,,5,102.1,376.4,8.0,,10.02,,,-20.0,20.0,,,,
823765.0,2026-07-02,,,,7,103.0,356.6,-6.0,,8.47,,,-16.9,16.9,,,,
823766.0,2026-07-17,,,,5,101.0,364.4,23.9,,10.02,,,-20.0,20.0,,,,
823767.0,2026-07-01,,,,10,103.1,340.7,17.2,,7.09,,,-14.2,14.2,,,,
823768.0,2026-06-30,,,,5,105.1,364.2,15.5,,10.02,,,-20.0,20.0,,,,
823769.0,2026-06-28,,,,5,102.6,363.2,3.1,,10.02,,,-20.0,20.0,,,,
823770.0,2026-06-27,,,,10,101.2,357.5,13.8,,7.09,,,-14.2,14.2,,,,
823771.0,2026-06-29,,,,7,101.6,371.6,15.3,,8.47,,,-16.9,16.9,,,,
823773.0,2026-06-26,,,,9,101.9,367.7,8.0,,7.47,,,-14.9,14.9,,,,
823774.0,2026-06-17,,,,8,101.4,373.0,16.8,,7.92,,,-15.8,15.8,,,,
823775.0,2026-06-16,,,,5,104.3,372.0,6.7,,10.02,,,-20.0,20.0,,,,
823776.0,2026-06-13,,,,9,102.4,371.1,14.1,,7.47,,,-14.9,14.9,,,,
823777.0,2026-06-14,,,,6,100.6,368.2,16.4,,9.15,,,-18.3,18.3,,,,
823778.0,2026-06-12,,,,5,102.3,361.0,40.4,,10.02,,,-20.0,20.0,,,,
823779.0,2026-06-04,,,,10,99.3,366.9,5.8,,7.09,,,-14.2,14.2,,,,
823781.0,2026-06-01,,,,10,102.3,337.2,6.4,,7.09,,,-14.2,14.2,,,,
823782.0,2026-06-02,,,,5,103.1,348.2,-0.2,,10.02,,,-20.0,20.0,,,,
823785.0,2026-05-26,,,,5,104.4,376.4,27.3,,10.02,,,-20.0,20.0,,,,
823786.0,2026-05-24,,,,5,102.3,322.6,3.7,,10.02,,,-20.0,20.0,,,,
823787.0,2026-05-23,,,,7,100.4,352.9,13.2,,8.47,,,-16.9,16.9,,,,
823788.0,2026-05-22,,,,6,100.1,331.8,-3.4,,9.15,,,-18.3,18.3,,,,
823790.0,2026-05-12,,,,6,100.5,378.7,18.5,,9.15,,,-18.3,18.3,,,,
823792.0,2026-05-09,,,,5,103.7,364.0,17.5,,10.02,,,-20.0,20.0,,,,
823793.0,2026-05-10,,,,5,104.3,363.6,3.2,,10.02,,,-20.0,20.0,,,,
823796.0,2026-04-29,,,,9,104.3,379.3,16.9,,7.47,,,-14.9,14.9,,,,
823797.0,2026-04-26,,,,6,100.6,344.8,8.3,,9.15,,,-18.3,18.3,,,,
823798.0,2026-04-28,,,,5,101.3,355.6,12.0,,10.02,,,-20.0,20.0,,,,
823801.0,2026-04-16,,,,6,100.9,343.0,5.7,,9.15,,,-18.3,18.3,,,,
823802.0,2026-04-14,,,,7,104.5,392.3,20.0,,8.47,,,-16.9,16.9,,,,
823804.0,2026-04-12,,,,6,105.0,384.5,13.0,,9.15,,,-18.3,18.3,,,,
823805.0,2026-04-11,,,,5,99.0,353.6,-9.1,,10.02,,,-20.0,20.0,,,,
823806.0,2026-04-01,,,,8,100.6,338.8,-0.6,,7.92,,,-15.8,15.8,,,,
823807.0,2026-03-31,,,,6,102.1,372.0,-3.2,,9.15,,,-18.3,18.3,,,,
823808.0,2026-04-10,,,,9,105.4,345.0,-9.2,,7.47,,,-14.9,14.9,,,,
823810.0,2026-03-29,,,,8,104.4,368.8,0.9,,7.92,,,-15.8,15.8,,,,
823811.0,2026-03-28,,,,8,101.1,357.8,-3.0,,7.92,,,-15.8,15.8,,,,
823812.0,2026-03-26,,,,6,103.0,367.7,4.3,,9.15,,,-18.3,18.3,,,,
823813.0,2026-09-26,,,,8,102.6,361.9,12.4,,7.92,,,-15.8,15.8,,,,
823814.0,2026-09-27,,,,9,102.7,363.1,-3.6,,7.47,,,-14.9,14.9,,,,
823815.0,2026-09-13,,,,7,100.8,346.3,-1.3,,8.47,,,-16.9,16.9,,,,
823816.0,2026-09-25,,,,5,101.2,390.4,16.4,,10.02,,,-20.0,20.0,,,,
823817.0,2026-09-11,,,,6,101.4,355.5,-4.1,,9.15,,,-18.3,18.3,,,,
823818.0,2026-09-09,,,,10,100.9,377.6,5.1,,7.09,,,-14.2,14.2,,,,
823819.0,2026-09-12,,,,7,101.8,380.4,4.7,,8.47,,,-16.9,16.9,,,,
823821.0,2026-09-08,,,,13,103.3,369.9,2.3,,6.22,,,-12.4,12.4,,,,
823822.0,2026-09-06,,,,8,101.6,347.5,-2.0,,7.92,,,-15.8,15.8,,,,
823823.0,2026-09-05,,,,7,102.7,377.1,8.8,,8.47,,,-16.9,16.9,,,,
823824.0,2026-09-04,,,,6,101.2,359.8,7.8,,9.15,,,-18.3,18.3,,,,
823825.0,2026-08-26,,,,7,102.8,339.0,-6.7,,8.47,,,-16.9,16.9,,,,
823828.0,2026-08-24,,,,5,104.0,349.8,-4.8,,10.02,,,-20.0,20.0,,,,
823829.0,2026-08-13,,,,11,100.8,369.4,7.0,,6.76,,,-13.5,13.5,,,,
823831.0,2026-08-22,,,,6,101.9,334.7,-7.2,,9.15,,,-18.3,18.3,,,,
823832.0,2026-08-11,,,,5,99.8,348.8,2.6,,10.02,,,-20.0,20.0,,,,
823833.0,2026-08-12,,,,7,102.9,359.3,4.3,,8.47,,,-16.9,16.9,,,,
823834.0,2026-08-08,,,,7,99.5,333.0,6.2,,8.47,,,-16.9,16.9,,,,
823836.0,2026-08-07,,,,6,100.1,337.3,-9.6,,9.15,,,-18.3,18.3,,,,
823837.0,2026-07-29,,,,6,104.3,354.7,-8.5,,9.15,,,-18.3,18.3,,,,
823839.0,2026-07-27,,,,14,99.2,355.9,6.3,,5.99,,,-12.0,12.0,,,,
823840.0,2026-07-26,,,,7,102.8,349.1,1.9,,8.47,,,-16.9,16.9,,,,
823842.0,2026-07-12,,,,8,102.4,366.1,20.1,,7.92,,,-15.8,15.8,,,,
823843.0,2026-07-24,,,,5,102.8,377.6,8.6,,10.02,,,-20.0,20.0,,,,
823845.0,2026-07-10,,,,5,101.7,393.2,8.8,,10.02,,,-20.0,20.0,,,,
823847.0,2026-07-07,,,,11,101.6,354.0,0.3,,6.76,,,-13.5,13.5,,,,
823848.0,2026-07-08,,,,6,100.6,378.2,9.2,,9.15,,,-18.3,18.3,,,,
823849.0,2026-06-23,,,,10,102.7,370.7,10.2,,7.09,,,-14.2,14.2,,,,
823850.0,2026-06-24,,,,8,102.2,386.4,17.4,,7.92,,,-15.8,15.8,,,,
823852.0,2026-06-21,,,,6,100.3,366.2,-2.2,,9.15,,,-18.3,18.3,,,,
823853.0,2026-06-19,,,,10,100.0,348.0,7.7,,7.09,,,-14.2,14.2,,,,
823854.0,2026-06-20,,,,10,101.0,368.5,10.3,,7.09,,,-14.2,14.2,,,,
823856.0,2026-06-10,,,,5,104.3,339.4,-9.7,,10.02,,,-20.0,20.0,,,,
823857.0,2026-06-07,,,,5,100.4,348.6,13.5,,10.02,,,-20.0,20.0,,,,
823858.0,2026-06-09,,,,5,105.1,361.6,2.7,,10.02,,,-20.0,20.0,,,,
823859.0,2026-06-06,,,,5,98.3,350.4,12.6,,10.02,,,-20.0,20.0,,,,
823862.0,2026-05-23,,,,6,99.8,316.0,5.8,,9.15,,,-18.3,18.3,,,,
823863.0,2026-05-22,,,,7,101.4,369.7,14.7,,8.47,,,-16.9,16.9,,,,
823864.0,2026-05-21,,,,5,102.8,394.8,25.5,,10.02,,,-20.0,20.0,,,,
823865.0,2026-05-19,,,,6,104.9,371.3,12.3,,9.15,,,-18.3,18.3,,,,
823867.0,2026-05-18,,,,5,100.7,350.8,9.1,,10.02,,,-20.0,20.0,,,,
823868.0,2026-05-10,,,,6,99.6,369.2,11.5,,9.15,,,-18.3,18.3,,,,
823869.0,2026-05-09,,,,15,102.1,356.9,3.8,,5.79,,,-11.6,11.6,,,,
823870.0,2026-05-07,,,,9,99.5,354.8,2.2,,7.47,,,-14.9,14.9,,,,
823871.0,2026-05-08,,,,8,101.0,349.1,2.5,,7.92,,,-15.8,15.8,,,,
823872.0,2026-05-06,,,,6,105.1,336.3,3.2,,9.15,,,-18.3,18.3,,,,
823873.0,2026-05-05,,,,9,103.0,366.7,16.8,,7.47,,,-14.9,14.9,,,,
823875.0,2026-05-03,,,,8,102.7,350.8,9.7,,7.92,,,-15.8,15.8,,,,
823877.0,2026-05-01,,,,5,104.8,349.6,10.9,,10.02,,,-20.0,20.0,,,,
823878.0,2026-04-22,,,,5,101.7,338.4,3.8,,10.02,,,-20.0,20.0,,,,
823879.0,2026-04-20,,,,5,102.4,351.2,13.9,,10.02,,,-20.0,20.0,,,,
823880.0,2026-04-21,,,,6,100.2,321.5,5.9,,9.15,,,-18.3,18.3,,,,
823881.0,2026-04-19,,,,5,101.6,353.0,4.4,,10.02,,,-20.0,20.0,,,,
823882.0,2026-04-18,,,,5,100.1,294.4,-12.2,,10.02,,,-20.0,20.0,,,,
823883.0,2026-04-17,,,,9,102.3,352.0,11.7,,7.47,,,-14.9,14.9,,,,
823888.0,2026-03-31,,,,5,101.7,365.4,12.5,,10.02,,,-20.0,20.0,,,,
823889.0,2026-04-01,,,,5,102.3,372.8,17.5,,10.02,,,-20.0,20.0,,,,
823890.0,2026-03-30,,,,6,100.1,347.2,-1.5,,9.15,,,-18.3,18.3,,,,
823891.0,2026-03-29,,,,6,104.3,367.2,29.1,,9.15,,,-18.3,18.3,,,,
823892.0,2026-03-28,,,,8,102.3,360.0,-8.7,,7.92,,,-15.8,15.8,,,,
823893.0,2026-03-27,,,,5,101.2,320.8,10.2,,10.02,,,-20.0,20.0,,,,
823895.0,2026-09-24,,,,6,101.0,339.0,-8.6,,9.15,,,-18.3,18.3,,,,
823897.0,2026-09-22,,,,6,100.4,351.5,6.9,,9.15,,,-18.3,18.3,,,,
823898.0,2026-09-18,,,,11,100.1,359.4,6.0,,6.76,,,-13.5,13.5,,,,
823899.0,2026-09-19,,,,7,103.9,356.4,5.4,,8.47,,,-16.9,16.9,,,,
823900.0,2026-09-09,,,,9,102.0,379.0,13.6,,7.47,,,-14.9,14.9,,,,
823901.0,2026-09-08,,,,8,102.7,345.4,8.2,,7.92,,,-15.8,15.8,,,,
823902.0,2026-09-07,,,,6,102.5,373.7,-7.3,,9.15,,,-18.3,18.3,,,,
823903.0,2026-09-06,,,,9,102.0,347.3,-3.9,,7.47,,,-14.9,14.9,,,,
823904.0,2026-09-05,,,,5,99.4,332.8,-13.4,,10.02,,,-20.0,20.0,,,,
823905.0,2026-09-04,,,,7,103.0,353.1,3.2,,8.47,,,-16.9,16.9,,,,
823906.0,2026-09-02,,,,11,102.3,355.5,5.4,,6.76,,,-13.5,13.5,,,,
823908.0,2026-09-01,,,,11,102.1,378.0,4.7,,6.76,,,-13.5,13.5,,,,
823911.0,2026-08-21,,,,5,105.0,359.8,-4.2,,10.02,,,-20.0,20.0,,,,
823912.0,2026-08-16,,,,6,99.9,330.5,0.5,,9.15,,,-18.3,18.3,,,,
823913.0,2026-08-14,,,,7,102.7,353.9,-2.9,,8.47,,,-16.9,16.9,,,,
823914.0,2026-08-15,,,,5,101.5,354.6,-3.2,,10.02,,,-20.0,20.0,,,,
823915.0,2026-08-13,,,,8,102.6,355.9,-4.5,,7.92,,,-15.8,15.8,,,,
823916.0,2026-08-12,,,,5,103.1,371.2,16.1,,10.02,,,-20.0,20.0,,,,
823917.0,2026-08-11,,,,5,102.7,351.6,-3.0,,10.02,,,-20.0,20.0,,,,
823918.0,2026-08-10,,,,7,102.6,365.3,24.8,,8.47,,,-16.9,16.9,,,,
823919.0,2026-08-02,,,,11,100.8,352.3,10.0,,6.76,,,-13.5,13.5,,,,
823920.0,2026-08-01,,,,9,99.0,342.9,6.2,,7.47,,,-14.9,14.9,,,,
823922.0,2026-07-31,,,,9,102.6,344.2,-4.8,,7.47,,,-14.9,14.9,,,,
823923.0,2026-07-28,,,,14,103.7,371.8,6.6,,5.99,,,-12.0,12.0,,,,
823924.0,2026-07-29,,,,8,98.1,346.6,7.6,,7.92,,,-15.8,15.8,,,,
823925.0,2026-07-12,,,,10,102.3,369.6,16.6,,7.09,,,-14.2,14.2,,,,
823926.0,2026-07-11,,,,10,98.4,363.2,9.7,,7.09,,,-14.2,14.2,,,,
823927.0,2026-07-10,,,,8,101.0,370.8,15.2,,7.92,,,-15.8,15.8,,,,
823928.0,2026-07-08,,,,5,103.8,357.4,4.0,,10.02,,,-20.0,20.0,,,,
823930.0,2026-07-06,,,,8,102.0,365.2,5.4,,7.92,,,-15.8,15.8,,,,
823934.0,2026-06-21,,,,8,101.6,353.6,-2.7,,7.92,,,-15.8,15.8,,,,
823935.0,2026-07-02,,,,11,102.6,352.5,7.8,,6.76,,,-13.5,13.5,,,,
823936.0,2026-06-19,,,,5,97.7,310.0,-2.8,,10.02,,,-20.0,20.0,,,,
823938.0,2026-06-15,,,,9,102.3,355.1,13.4,,7.47,,,-14.9,14.9,,,,
823941.0,2026-06-07,,,,8,101.2,370.1,13.5,,7.92,,,-15.8,15.8,,,,
823942.0,2026-06-06,,,,7,104.9,370.6,6.9,,8.47,,,-16.9,16.9,,,,
823944.0,2026-05-31,,,,11,101.4,365.3,8.9,,6.76,,,-13.5,13.5,,,,
823946.0,2026-05-29,,,,8,100.1,373.2,0.4,,7.92,,,-15.8,15.8,,,,
823947.0,2026-05-27,,,,6,101.9,365.7,0.0,,9.15,,,-18.3,18.3,,,,
823948.0,2026-05-25,,,,6,101.9,356.8,9.0,,9.15,,,-18.3,18.3,,,,
823949.0,2026-05-26,,,,12,102.6,372.7,5.8,,6.47,,,-12.9,12.9,,,,
823951.0,2026-05-12,,,,8,102.2,362.4,0.4,,7.92,,,-15.8,15.8,,,,
823952.0,2026-05-13,,,,5,102.5,373.2,15.8,,10.02,,,-20.0,20.0,,,,
823953.0,2026-05-11,,,,9,100.0,331.3,-7.3,,7.47,,,-14.9,14.9,,,,
823954.0,2026-05-10,,,,7,102.4,368.6,11.1,,8.47,,,-16.9,16.9,,,,
823957.0,2026-05-08,,,,7,101.3,356.3,7.4,,8.47,,,-16.9,16.9,,,,
823958.0,2026-04-29,,,,7,102.0,337.3,8.4,,8.47,,,-16.9,16.9,,,,
823959.0,2026-04-26,,,,7,102.2,353.1,-14.2,,8.47,,,-16.9,16.9,,,,
823960.0,2026-04-25,,,,13,101.3,351.6,-0.6,,6.22,,,-12.4,12.4,,,,
823961.0,2026-04-27,,,,9,102.1,327.6,-20.7,,7.47,,,-14.9,14.9,,,,
823962.0,2026-04-24,,,,12,101.5,339.1,4.5,,6.47,,,-12.9,12.9,,,,
823963.0,2026-04-15,,,,12,103.3,359.0,7.3,,6.47,,,-12.9,12.9,,,,
823967.0,2026-04-11,,,,7,100.6,357.3,5.9,,8.47,,,-16.9,16.9,,,,
823968.0,2026-04-10,,,,11,101.8,358.1,4.8,,6.76,,,-13.5,13.5,,,,
823969.0,2026-03-31,,,,8,100.3,339.6,-1.6,,7.92,,,-15.8,15.8,,,,
823970.0,2026-04-01,,,,8,102.3,366.1,-3.3,,7.92,,,-15.8,15.8,,,,
823971.0,2026-03-27,,,,10,101.3,339.1,-2.8,,7.09,,,-14.2,14.2,,,,
823973.0,2026-03-28,,,,5,101.9,363.0,8.2,,10.02,,,-20.0,20.0,,,,
823974.0,2026-03-26,,,,9,100.1,359.3,8.5,,7.47,,,-14.9,14.9,,,,
823975.0,2026-09-20,,,,6,98.5,342.7,1.4,,9.15,,,-18.3,18.3,,,,
823976.0,2026-09-19,,,,6,102.0,344.0,-6.9,,9.15,,,-18.3,18.3,,,,
823977.0,2026-09-18,,,,7,100.3,341.7,-7.1,,8.47,,,-16.9,16.9,,,,
823978.0,2026-09-17,,,,8,100.2,332.5,-9.9,,7.92,,,-15.8,15.8,,,,
823980.0,2026-09-15,,,,5,99.4,365.2,-9.5,,10.02,,,-20.0,20.0,,,,
823981.0,2026-09-14,,,,10,101.1,332.9,-3.6,,7.09,,,-14.2,14.2,,,,
823982.0,2026-08-31,,,,7,102.2,347.3,-6.0,,8.47,,,-16.9,16.9,,,,
823983.0,2026-09-02,,,,5,99.3,339.8,-9.0,,10.02,,,-20.0,20.0,,,,
823984.0,2026-09-01,,,,9,99.8,318.0,-5.4,,7.47,,,-14.9,14.9,,,,
823986.0,2026-08-29,,,,7,99.0,343.0,-6.7,,8.47,,,-16.9,16.9,,,,
823987.0,2026-08-30,,,,5,101.9,317.4,3.9,,10.02,,,-20.0,20.0,,,,
823989.0,2026-08-25,,,,6,103.4,363.8,6.9,,9.15,,,-18.3,18.3,,,,
823991.0,2026-08-16,,,,5,98.6,334.4,-14.5,,10.02,,,-20.0,20.0,,,,
823992.0,2026-08-24,,,,7,100.1,357.7,-0.9,,8.47,,,-16.9,16.9,,,,
823993.0,2026-08-14,,,,8,103.0,326.0,-14.8,,7.92,,,-15.8,15.8,,,,
823994.0,2026-08-12,,,,6,99.9,348.0,4.9,,9.15,,,-18.3,18.3,,,,
823995.0,2026-08-13,,,,5,97.3,320.4,-1.2,,10.02,,,-20.0,20.0,,,,
823996.0,2026-08-02,,,,5,97.5,328.6,6.1,,10.02,,,-20.0,20.0,,,,
823997.0,2026-08-11,,,,8,101.8,348.0,1.5,,7.92,,,-15.8,15.8,,,,
823999.0,2026-07-31,,,,9,104.8,384.6,4.5,,7.47,,,-14.9,14.9,,,,
824000.0,2026-08-01,,,,7,102.6,345.4,-11.9,,8.47,,,-16.9,16.9,,,,
824001.0,2026-07-27,,,,6,100.8,365.7,1.6,,9.15,,,-18.3,18.3,,,,
824002.0,2026-07-29,,,,5,102.4,390.0,13.7,,10.02,,,-20.0,20.0,,,,
824003.0,2026-07-28,,,,5,102.8,372.0,-9.7,,10.02,,,-20.0,20.0,,,,
824005.0,2026-07-21,,,,6,99.6,315.3,1.7,,9.15,,,-18.3,18.3,,,,
824006.0,2026-07-20,,,,6,104.0,350.8,-1.8,,9.15,,,-18.3,18.3,,,,
824008.0,2026-07-18,,,,11,101.9,357.8,7.8,,6.76,,,-13.5,13.5,,,,
824009.0,2026-07-17,,,,5,98.5,325.4,5.2,,10.02,,,-20.0,20.0,,,,
824010.0,2026-07-05,,,,8,100.9,333.8,-6.7,,7.92,,,-15.8,15.8,,,,
824011.0,2026-06-28,,,,5,99.8,318.2,-18.7,,10.02,,,-20.0,20.0,,,,
824013.0,2026-07-03,,,,9,101.7,336.8,-5.5,,7.47,,,-14.9,14.9,,,,
824014.0,2026-06-26,,,,7,99.9,334.6,-2.9,,8.47,,,-16.9,16.9,,,,
824015.0,2026-06-27,,,,5,103.4,346.6,9.3,,10.02,,,-20.0,20.0,,,,
824016.0,2026-06-22,,,,9,103.3,329.2,-10.1,,7.47,,,-14.9,14.9,,,,
824018.0,2026-06-24,,,,5,104.5,364.4,-4.1,,10.02,,,-20.0,20.0,,,,
824021.0,2026-06-14,,,,8,102.2,363.5,14.2,,7.92,,,-15.8,15.8,,,,
824022.0,2026-06-10,,,,9,103.5,360.1,-0.0,,7.47,,,-14.9,14.9,,,,
824024.0,2026-06-03,,,,12,101.4,362.3,-4.4,,6.47,,,-12.9,12.9,,,,
824025.0,2026-06-08,,,,7,102.0,341.9,-3.6,,8.47,,,-16.9,16.9,,,,
824026.0,2026-06-02,,,,12,102.3,358.3,3.3,,6.47,,,-12.9,12.9,,,,
824027.0,2026-06-01,,,,13,101.6,357.2,-6.1,,6.22,,,-12.4,12.4,,,,
824028.0,2026-05-24,,,,5,100.1,353.0,3.9,,10.02,,,-20.0,20.0,,,,
824029.0,2026-05-22,,,,6,106.4,376.2,5.6,,9.15,,,-18.3,18.3,,,,
824030.0,2026-05-23,,,,6,102.1,355.7,-1.0,,9.15,,,-18.3,18.3,,,,
824031.0,2026-05-21,,,,6,101.8,369.8,1.3,,9.15,,,-18.3,18.3,,,,
824033.0,2026-05-19,,,,8,104.4,343.4,-7.5,,7.92,,,-15.8,15.8,,,,
824034.0,2026-05-17,,,,5,102.2,345.2,-1.7,,10.02,,,-20.0,20.0,,,,
824035.0,2026-05-18,,,,5,101.6,343.4,0.1,,10.02,,,-20.0,20.0,,,,
824036.0,2026-05-06,,,,6,100.4,340.8,-11.8,,9.15,,,-18.3,18.3,,,,
824037.0,2026-05-15,,,,10,102.2,344.2,-13.2,,7.09,,,-14.2,14.2,,,,
824038.0,2026-05-16,,,,13,102.3,324.1,-11.4,,6.22,,,-12.4,12.4,,,,
824039.0,2026-05-04,,,,9,103.0,354.2,-5.0,,7.47,,,-14.9,14.9,,,,
824040.0,2026-05-05,,,,11,102.4,362.7,-1.3,,6.76,,,-13.5,13.5,,,,
824043.0,2026-05-03,,,,6,102.0,338.7,-0.2,,9.15,,,-18.3,18.3,,,,
824048.0,2026-04-17,,,,9,98.7,342.9,-12.9,,7.47,,,-14.9,14.9,,,,
824049.0,2026-04-18,,,,7,100.4,355.3,4.3,,8.47,,,-16.9,16.9,,,,
824055.0,2026-09-27,,,,7,103.8,395.3,4.5,,8.47,,,-16.9,16.9,,,,
824057.0,2026-09-26,,,,15,102.8,354.5,9.2,,5.79,,,-11.6,11.6,,,,
824058.0,2026-09-25,,,,10,101.0,369.7,12.0,,7.09,,,-14.2,14.2,,,,
824059.0,2026-09-24,,,,11,101.4,356.8,3.9,,6.76,,,-13.5,13.5,,,,
824060.0,2026-09-23,,,,9,101.9,335.6,-4.5,,7.47,,,-14.9,14.9,,,,
824061.0,2026-09-22,,,,10,105.5,378.2,6.1,,7.09,,,-14.2,14.2,,,,
824063.0,2026-09-08,,,,6,101.6,366.8,31.2,,9.15,,,-18.3,18.3,,,,
824064.0,2026-09-09,,,,6,105.4,360.8,-0.6,,9.15,,,-18.3,18.3,,,,
824065.0,2026-09-06,,,,8,102.4,352.4,-1.1,,7.92,,,-15.8,15.8,,,,
824066.0,2026-09-05,,,,5,102.0,357.4,8.4,,10.02,,,-20.0,20.0,,,,
824068.0,2026-09-02,,,,16,102.5,378.0,24.4,,5.6,,,-11.2,11.2,,,,
824069.0,2026-09-03,,,,7,103.6,369.4,19.2,,8.47,,,-16.9,16.9,,,,
824070.0,2026-09-01,,,,8,102.2,376.4,13.9,,7.92,,,-15.8,15.8,,,,
824071.0,2026-08-23,,,,13,101.3,347.3,3.1,,6.22,,,-12.4,12.4,,,,
824072.0,2026-08-21,,,,9,103.2,357.7,6.0,,7.47,,,-14.9,14.9,,,,
824074.0,2026-08-20,,,,7,100.1,350.3,2.8,,8.47,,,-16.9,16.9,,,,
824075.0,2026-08-18,,,,6,99.8,344.2,20.1,,9.15,,,-18.3,18.3,,,,
824076.0,2026-08-19,,,,14,103.2,341.9,11.8,,5.99,,,-12.0,12.0,,,,
824077.0,2026-08-17,,,,9,100.2,381.1,11.9,,7.47,,,-14.9,14.9,,,,
824078.0,2026-08-09,,,,6,100.7,381.5,8.7,,9.15,,,-18.3,18.3,,,,
824079.0,2026-08-08,,,,10,103.7,361.5,-0.8,,7.09,,,-14.2,14.2,,,,
824080.0,2026-08-06,,,,6,103.6,386.7,19.0,,9.15,,,-18.3,18.3,,,,
824081.0,2026-08-07,,,,7,99.5,363.4,24.5,,8.47,,,-16.9,16.9,,,,
824083.0,2026-07-22,,,,7,100.2,357.1,7.8,,8.47,,,-16.9,16.9,,,,
824084.0,2026-08-04,,,,7,101.5,369.1,13.6,,8.47,,,-16.9,16.9,,,,
824086.0,2026-07-19,,,,11,101.7,376.8,23.0,,6.76,,,-13.5,13.5,,,,
824087.0,2026-07-20,,,,6,102.0,374.3,15.6,,9.15,,,-18.3,18.3,,,,
824088.0,2026-07-18,,,,12,101.2,366.7,19.0,,6.47,,,-12.9,12.9,,,,
824089.0,2026-07-06,,,,8,101.4,389.5,20.5,,7.92,,,-15.8,15.8,,,,
824090.0,2026-07-17,,,,10,100.8,379.4,10.4,,7.09,,,-14.2,14.2,,,,
824091.0,2026-07-05,,,,6,100.6,372.0,24.3,,9.15,,,-18.3,18.3,,,,
824092.0,2026-07-04,,,,9,102.3,374.6,22.2,,7.47,,,-14.9,14.9,,,,
824093.0,2026-07-02,,,,5,100.9,388.2,30.4,,10.02,,,-20.0,20.0,,,,
824094.0,2026-07-01,,,,6,99.6,379.3,25.2,,9.15,,,-18.3,18.3,,,,
824095.0,2026-06-21,,,,15,101.9,361.1,13.2,,5.79,,,-11.6,11.6,,,,
824096.0,2026-06-30,,,,8,103.5,402.1,31.4,,7.92,,,-15.8,15.8,,,,
824097.0,2026-06-19,,,,6,106.3,347.7,12.3,,9.15,,,-18.3,18.3,,,,
824098.0,2026-06-18,,,,15,102.9,354.2,15.9,,5.79,,,-11.6,11.6,,,,
824100.0,2026-06-13,,,,8,101.9,376.5,21.7,,7.92,,,-15.8,15.8,,,,
824101.0,2026-06-11,,,,8,99.8,338.4,17.1,,7.92,,,-15.8,15.8,,,,
824102.0,2026-06-12,,,,12,100.9,362.9,5.7,,6.47,,,-12.9,12.9,,,,
824103.0,2026-06-10,,,,11,99.1,373.9,22.7,,6.76,,,-13.5,13.5,,,,
824104.0,2026-05-27,,,,6,100.9,340.8,16.0,,9.15,,,-18.3,18.3,,,,
824105.0,2026-06-09,,,,10,104.8,382.4,23.3,,7.09,,,-14.2,14.2,,,,
824106.0,2026-05-26,,,,13,103.1,373.2,24.2,,6.22,,,-12.4,12.4,,,,
824107.0,2026-05-25,,,,7,103.1,372.3,17.5,,8.47,,,-16.9,16.9,,,,
824108.0,2026-05-24,,,,10,101.4,345.6,2.2,,7.09,,,-14.2,14.2,,,,
824109.0,2026-05-23,,,,5,100.6,327.0,-3.6,,10.02,,,-20.0,20.0,,,,
824112.0,2026-05-19,,,,6,99.3,340.8,23.0,,9.15,,,-18.3,18.3,,,,
824113.0,2026-05-10,,,,10,101.7,357.1,2.7,,7.09,,,-14.2,14.2,,,,
824114.0,2026-05-18,,,,5,102.0,372.2,16.9,,10.02,,,-20.0,20.0,,,,
824116.0,2026-05-08,,,,11,102.9,341.5,6.0,,6.76,,,-13.5,13.5,,,,
824117.0,2026-05-07,,,,11,101.1,374.3,12.1,,6.76,,,-13.5,13.5,,,,
824119.0,2026-05-05,,,,9,100.2,341.3,-4.1,,7.47,,,-14.9,14.9,,,,
824120.0,2026-05-04,,,,7,100.2,365.9,20.4,,8.47,,,-16.9,16.9,,,,
824121.0,2026-04-25,,,,8,104.2,347.2,-6.7,,7.92,,,-15.8,15.8,,,,
824122.0,2026-04-26,,,,12,102.2,363.9,1.3,,6.47,,,-12.9,12.9,,,,
824123.0,2026-04-22,,,,14,103.4,373.9,10.7,,5.99,,,-12.0,12.0,,,,
824124.0,2026-04-24,,,,7,102.9,349.3,-6.1,,8.47,,,-16.9,16.9,,,,
824125.0,2026-04-20,,,,6,103.8,382.0,-1.7,,9.15,,,-18.3,18.3,,,,
824126.0,2026-04-12,,,,7,99.8,362.4,5.8,,8.47,,,-16.9,16.9,,,,
824127.0,2026-04-21,,,,8,101.6,375.9,21.4,,7.92,,,-15.8,15.8,,,,
824128.0,2026-04-10,,,,7,104.4,346.4,4.6,,8.47,,,-16.9,16.9,,,,
824129.0,2026-04-11,,,,6,101.6,339.3,5.4,,9.15,,,-18.3,18.3,,,,
824135.0,2026-03-30,,,,5,100.7,376.2,11.5,,10.02,,,-20.0,20.0,,,,
824136.0,2026-04-01,,,,13,102.0,312.5,-20.0,,6.22,,,-12.4,12.4,,,,
824137.0,2026-09-19,,,,10,103.2,367.8,11.7,,7.09,,,-14.2,14.2,,,,
824138.0,2026-09-18,,,,8,103.0,369.1,-0.0,,7.92,,,-15.8,15.8,,,,
824140.0,2026-09-16,,,,7,102.3,343.7,11.4,,8.47,,,-16.9,16.9,,,,
824141.0,2026-09-17,,,,6,103.7,354.7,-3.4,,9.15,,,-18.3,18.3,,,,
824142.0,2026-09-06,,,,6,99.1,355.5,-5.3,,9.15,,,-18.3,18.3,,,,
824143.0,2026-09-15,,,,6,101.0,374.7,7.8,,9.15,,,-18.3,18.3,,,,
824144.0,2026-09-03,,,,5,101.3,364.8,1.4,,10.02,,,-20.0,20.0,,,,
824145.0,2026-09-05,,,,10,100.9,361.8,7.4,,7.09,,,-14.2,14.2,,,,
824146.0,2026-09-04,,,,5,101.1,353.6,9.5,,10.02,,,-20.0,20.0,,,,
824147.0,2026-09-02,,,,6,102.5,335.7,-9.2,,9.15,,,-18.3,18.3,,,,
824149.0,2026-08-31,,,,5,102.3,321.0,-8.3,,10.02,,,-20.0,20.0,,,,
824150.0,2026-08-23,,,,8,102.3,378.1,9.5,,7.92,,,-15.8,15.8,,,,
824151.0,2026-08-22,,,,6,99.0,373.2,10.3,,9.15,,,-18.3,18.3,,,,
824153.0,2026-08-20,,,,8,100.7,362.9,13.4,,7.92,,,-15.8,15.8,,,,
824154.0,2026-08-18,,,,5,102.6,350.6,12.8,,10.02,,,-20.0,20.0,,,,
824156.0,2026-08-16,,,,9,100.6,343.3,-1.6,,7.47,,,-14.9,14.9,,,,
824157.0,2026-08-15,,,,7,100.1,360.9,5.3,,8.47,,,-16.9,16.9,,,,
824158.0,2026-08-05,,,,7,101.1,344.0,-4.6,,8.47,,,-16.9,16.9,,,,
824159.0,2026-08-14,,,,8,101.1,337.9,5.6,,7.92,,,-15.8,15.8,,,,
824160.0,2026-08-03,,,,6,100.3,373.8,1.9,,9.15,,,-18.3,18.3,,,,
824161.0,2026-08-04,,,,7,101.6,347.3,16.1,,8.47,,,-16.9,16.9,,,,
824162.0,2026-08-01,,,,5,100.8,357.2,1.4,,10.02,,,-20.0,20.0,,,,
824163.0,2026-08-02,,,,6,100.4,367.5,16.9,,9.15,,,-18.3,18.3,,,,
824164.0,2026-07-31,,,,10,102.8,367.8,10.4,,7.09,,,-14.2,14.2,,,,
824165.0,2026-07-21,,,,10,101.3,362.8,15.5,,7.09,,,-14.2,14.2,,,,
824166.0,2026-07-22,,,,9,100.9,366.9,15.8,,7.47,,,-14.9,14.9,,,,
824167.0,2026-07-20,,,,8,103.8,385.4,-1.3,,7.92,,,-15.8,15.8,,,,
824168.0,2026-07-19,,,,6,101.9,335.2,7.1,,9.15,,,-18.3,18.3,,,,
824171.0,2026-07-04,,,,10,103.4,371.8,15.3,,7.09,,,-14.2,14.2,,,,
824173.0,2026-07-03,,,,6,100.4,369.8,18.6,,9.15,,,-18.3,18.3,,,,
824174.0,2026-07-01,,,,7,101.3,385.4,13.2,,8.47,,,-16.9,16.9,,,,
824176.0,2026-06-29,,,,9,104.7,393.0,8.0,,7.47,,,-14.9,14.9,,,,
824177.0,2026-06-21,,,,5,102.1,369.0,7.7,,10.02,,,-20.0,20.0,,,,
824178.0,2026-06-17,,,,10,100.2,345.1,6.0,,7.09,,,-14.2,14.2,,,,
824179.0,2026-06-19,,,,9,99.8,345.9,12.0,,7.47,,,-14.9,14.9,,,,
824180.0,2026-06-20,,,,7,100.9,346.4,6.6,,8.47,,,-16.9,16.9,,,,
824181.0,2026-06-15,,,,11,103.3,361.3,1.1,,6.76,,,-13.5,13.5,,,,
824183.0,2026-06-07,,,,5,105.0,353.4,-2.2,,10.02,,,-20.0,20.0,,,,
824184.0,2026-06-06,,,,10,97.5,349.9,-2.9,,7.09,,,-14.2,14.2,,,,
824185.0,2026-06-04,,,,11,100.4,335.7,-8.3,,6.76,,,-13.5,13.5,,,,
824187.0,2026-05-31,,,,10,102.0,324.7,4.7,,7.09,,,-14.2,14.2,,,,
824188.0,2026-06-03,,,,8,102.0,359.1,2.5,,7.92,,,-15.8,15.8,,,,
824189.0,2026-06-02,,,,8,100.0,358.2,4.2,,7.92,,,-15.8,15.8,,,,
824190.0,2026-05-30,,,,7,103.7,352.1,-1.7,,8.47,,,-16.9,16.9,,,,
824191.0,2026-05-29,,,,9,103.0,352.4,-3.9,,7.47,,,-14.9,14.9,,,,
824192.0,2026-05-17,,,,5,100.3,364.8,0.2,,10.02,,,-20.0,20.0,,,,
824193.0,2026-05-16,,,,10,99.1,352.4,-5.3,,7.09,,,-14.2,14.2,,,,
824194.0,2026-05-15,,,,7,100.0,361.0,-3.9,,8.47,,,-16.9,16.9,,,,
824195.0,2026-05-13,,,,6,98.8,320.2,-5.7,,9.15,,,-18.3,18.3,,,,
824196.0,2026-05-14,,,,9,103.0,356.0,-10.4,,7.47,,,-14.9,14.9,,,,
824197.0,2026-05-12,,,,13,100.7,323.3,1.7,,6.22,,,-12.4,12.4,,,,
824198.0,2026-05-06,,,,6,103.9,373.0,-1.7,,9.15,,,-18.3,18.3,,,,
824200.0,2026-05-05,,,,7,101.3,342.4,-5.7,,8.47,,,-16.9,16.9,,,,
824201.0,2026-05-04,,,,7,103.9,371.9,2.9,,8.47,,,-16.9,16.9,,,,
824202.0,2026-04-26,,,,9,103.0,350.4,-4.4,,7.47,,,-14.9,14.9,,,,
824203.0,2026-04-25,,,,8,103.7,360.5,-7.6,,7.92,,,-15.8,15.8,,,,
824204.0,2026-04-24,,,,9,101.6,361.0,-8.1,,7.47,,,-14.9,14.9,,,,
824205.0,2026-04-19,,,,11,100.2,324.1,-1.9,,6.76,,,-13.5,13.5,,,,
824206.0,2026-04-18,,,,10,101.4,360.1,-3.9,,7.09,,,-14.2,14.2,,,,
824207.0,2026-04-17,,,,9,101.4,350.9,9.7,,7.47,,,-14.9,14.9,,,,
824208.0,2026-04-16,,,,5,104.2,329.2,-14.4,,10.02,,,-20.0,20.0,,,,
824209.0,2026-04-15,,,,8,104.9,366.1,-2.7,,7.92,,,-15.8,15.8,,,,
824210.0,2026-04-14,,,,8,100.2,365.1,9.3,,7.92,,,-15.8,15.8,,,,
824211.0,2026-04-01,,,,8,102.8,363.8,7.6,,7.92,,,-15.8,15.8,,,,
824212.0,2026-03-31,,,,11,101.8,338.8,-8.4,,6.76,,,-13.5,13.5,,,,
824213.0,2026-03-28,,,,5,101.6,347.4,-1.0,,10.02,,,-20.0,20.0,,,,
824214.0,2026-03-30,,,,7,104.4,373.6,-0.7,,8.47,,,-16.9,16.9,,,,
824215.0,2026-03-29,,,,6,101.3,351.7,6.0,,9.15,,,-18.3,18.3,,,,
824216.0,2026-03-27,,,,8,100.3,352.0,-7.7,,7.92,,,-15.8,15.8,,,,
824217.0,2026-09-27,,,,6,101.8,358.3,1.1,,9.15,,,-18.3,18.3,,,,
824218.0,2026-03-26,,,,5,102.5,376.4,6.4,,10.02,,,-20.0,20.0,,,,
824219.0,2026-09-26,,,,7,101.3,353.6,6.8,,8.47,,,-16.9,16.9,,,,
824220.0,2026-09-25,,,,10,99.4,358.6,0.5,,7.09,,,-14.2,14.2,,,,
824221.0,2026-09-21,,,,11,101.2,343.7,6.9,,6.76,,,-13.5,13.5,,,,
824222.0,2026-09-22,,,,8,102.1,355.1,3.6,,7.92,,,-15.8,15.8,,,,
824223.0,2026-09-23,,,,5,103.3,364.0,3.8,,10.02,,,-20.0,20.0,,,,
824224.0,2026-09-12,,,,12,101.6,341.3,4.1,,6.47,,,-12.9,12.9,,,,
824225.0,2026-09-13,,,,8,101.1,345.6,5.6,,7.92,,,-15.8,15.8,,,,
824227.0,2026-09-11,,,,7,101.0,373.1,-5.0,,8.47,,,-16.9,16.9,,,,
824228.0,2026-09-08,,,,6,101.0,343.3,-10.6,,9.15,,,-18.3,18.3,,,,
824229.0,2026-09-07,,,,8,102.2,351.0,-1.9,,7.92,,,-15.8,15.8,,,,
824230.0,2026-08-29,,,,6,100.1,352.3,9.5,,9.15,,,-18.3,18.3,,,,
824231.0,2026-08-28,,,,5,102.4,366.6,8.9,,10.02,,,-20.0,20.0,,,,
824232.0,2026-08-30,,,,8,101.4,330.6,6.6,,7.92,,,-15.8,15.8,,,,
824234.0,2026-08-26,,,,5,99.2,360.0,-4.9,,10.02,,,-20.0,20.0,,,,
824235.0,2026-08-24,,,,5,97.7,365.4,3.2,,10.02,,,-20.0,20.0,,,,
824236.0,2026-08-16,,,,8,100.5,348.2,5.9,,7.92,,,-15.8,15.8,,,,
824237.0,2026-08-14,,,,12,102.2,336.1,-5.5,,6.47,,,-12.9,12.9,,,,
824238.0,2026-08-13,,,,6,103.4,345.0,2.4,,9.15,,,-18.3,18.3,,,,
824239.0,2026-08-15,,,,6,101.2,320.3,-13.2,,9.15,,,-18.3,18.3,,,,
824240.0,2026-08-11,,,,7,100.4,346.4,-0.2,,8.47,,,-16.9,16.9,,,,
824241.0,2026-08-12,,,,10,99.5,340.5,9.9,,7.09,,,-14.2,14.2,,,,
824242.0,2026-07-29,,,,14,99.7,355.0,-1.6,,5.99,,,-12.0,12.0,,,,
824243.0,2026-07-28,,,,7,99.2,353.4,10.8,,8.47,,,-16.9,16.9,,,,
824244.0,2026-07-25,,,,11,100.5,360.9,15.5,,6.76,,,-13.5,13.5,,,,
824245.0,2026-07-27,,,,14,101.4,345.8,6.2,,5.99,,,-12.0,12.0,,,,
824246.0,2026-07-26,,,,6,98.2,342.2,15.2,,9.15,,,-18.3,18.3,,,,
824247.0,2026-07-23,,,,5,99.7,341.8,2.3,,10.02,,,-20.0,20.0,,,,
824248.0,2026-07-24,,,,9,101.3,325.6,-12.3,,7.47,,,-14.9,14.9,,,,
824249.0,2026-07-11,,,,6,101.2,339.3,9.0,,9.15,,,-18.3,18.3,,,,
824251.0,2026-07-09,,,,6,100.0,376.0,19.8,,9.15,,,-18.3,18.3,,,,
824252.0,2026-07-10,,,,16,101.5,348.2,6.9,,5.6,,,-11.2,11.2,,,,
824255.0,2026-06-26,,,,6,101.6,377.5,10.1,,9.15,,,-18.3,18.3,,,,
824256.0,2026-06-28,,,,10,99.9,365.7,8.5,,7.09,,,-14.2,14.2,,,,
824257.0,2026-06-27,,,,8,103.7,333.5,1.6,,7.92,,,-15.8,15.8,,,,
824258.0,2026-06-25,,,,5,103.9,366.8,7.3,,10.02,,,-20.0,20.0,,,,
824259.0,2026-06-24,,,,9,101.8,367.1,10.9,,7.47,,,-14.9,14.9,,,,
824260.0,2026-06-21,,,,6,102.7,376.0,23.0,,9.15,,,-18.3,18.3,,,,
824261.0,2026-06-22,,,,6,100.1,366.0,3.8,,9.15,,,-18.3,18.3,,,,
824262.0,2026-06-23,,,,6,101.2,339.8,1.4,,9.15,,,-18.3,18.3,,,,
824263.0,2026-06-20,,,,5,102.0,365.8,25.4,,10.02,,,-20.0,20.0,,,,
824264.0,2026-06-19,,,,6,101.9,391.8,26.2,,9.15,,,-18.3,18.3,,,,
824265.0,2026-06-11,,,,10,99.6,369.3,4.4,,7.09,,,-14.2,14.2,,,,
824266.0,2026-06-10,,,,5,103.0,382.8,21.3,,10.02,,,-20.0,20.0,,,,
824267.0,2026-06-09,,,,13,101.5,375.3,23.7,,6.22,,,-12.4,12.4,,,,
824268.0,2026-06-07,,,,9,102.2,346.0,6.4,,7.47,,,-14.9,14.9,,,,
824269.0,2026-06-06,,,,6,103.4,400.2,27.5,,9.15,,,-18.3,18.3,,,,
824270.0,2026-05-27,,,,5,100.8,369.8,25.4,,10.02,,,-20.0,20.0,,,,
824271.0,2026-06-05,,,,5,101.0,345.2,0.5,,10.02,,,-20.0,20.0,,,,
824272.0,2026-05-28,,,,7,101.8,318.0,-2.5,,8.47,,,-16.9,16.9,,,,
824274.0,2026-05-21,,,,5,98.5,361.2,1.6,,10.02,,,-20.0,20.0,,,,
824275.0,2026-05-26,,,,11,100.1,352.5,2.0,,6.76,,,-13.5,13.5,,,,
824276.0,2026-05-19,,,,5,99.5,297.2,-16.6,,10.02,,,-20.0,20.0,,,,
824277.0,2026-05-18,,,,10,101.2,373.8,18.5,,7.09,,,-14.2,14.2,,,,
824279.0,2026-05-17,,,,5,101.5,385.2,15.5,,10.02,,,-20.0,20.0,,,,
824282.0,2026-05-06,,,,7,99.3,338.4,-10.4,,8.47,,,-16.9,16.9,,,,
824284.0,2026-05-02,,,,12,103.0,345.8,-1.3,,6.47,,,-12.9,12.9,,,,
824286.0,2026-04-22,,,,9,102.1,351.4,3.4,,7.47,,,-14.9,14.9,,,,
824287.0,2026-05-01,,,,8,99.6,353.1,-8.3,,7.92,,,-15.8,15.8,,,,
824289.0,2026-04-16,,,,13,102.2,359.5,4.1,,6.22,,,-12.4,12.4,,,,
824290.0,2026-04-21,,,,7,101.5,338.3,5.2,,8.47,,,-16.9,16.9,,,,
824293.0,2026-04-12,,,,9,99.6,354.9,6.0,,7.47,,,-14.9,14.9,,,,
824294.0,2026-04-11,,,,6,101.8,348.7,-14.2,,9.15,,,-18.3,18.3,,,,
824297.0,2026-04-10,,,,5,99.2,335.2,-10.2,,10.02,,,-20.0,20.0,,,,
824298.0,2026-09-24,,,,17,102.6,368.5,13.8,,5.44,,,-10.9,10.9,,,,
824300.0,2026-09-20,,,,5,100.7,389.2,22.3,,10.02,,,-20.0,20.0,,,,
824301.0,2026-09-23,,,,6,101.8,336.3,6.5,,9.15,,,-18.3,18.3,,,,
824302.0,2026-09-22,,,,8,102.6,368.4,11.0,,7.92,,,-15.8,15.8,,,,
824303.0,2026-09-18,,,,12,103.1,346.1,11.8,,6.47,,,-12.9,12.9,,,,
824304.0,2026-09-19,,,,5,105.1,391.6,11.7,,10.02,,,-20.0,20.0,,,,
824305.0,2026-09-17,,,,10,100.8,357.9,11.6,,7.09,,,-14.2,14.2,,,,
824306.0,2026-09-16,,,,10,100.4,352.9,7.9,,7.09,,,-14.2,14.2,,,,
824307.0,2026-09-15,,,,11,101.7,356.5,4.3,,6.76,,,-13.5,13.5,,,,
824308.0,2026-09-14,,,,9,103.7,381.4,16.5,,7.47,,,-14.9,14.9,,,,
824309.0,2026-09-06,,,,12,103.0,349.0,10.0,,6.47,,,-12.9,12.9,,,,
824310.0,2026-09-05,,,,6,102.2,363.3,16.5,,9.15,,,-18.3,18.3,,,,
824312.0,2026-09-02,,,,9,101.5,351.3,17.2,,7.47,,,-14.9,14.9,,,,
824313.0,2026-09-01,,,,8,100.7,374.9,18.0,,7.92,,,-15.8,15.8,,,,
824314.0,2026-08-31,,,,5,101.2,358.4,11.0,,10.02,,,-20.0,20.0,,,,
824315.0,2026-08-23,,,,5,102.1,342.6,11.4,,10.02,,,-20.0,20.0,,,,
824316.0,2026-08-22,,,,6,100.0,349.5,17.0,,9.15,,,-18.3,18.3,,,,
824317.0,2026-08-21,,,,9,99.0,347.9,15.0,,7.47,,,-14.9,14.9,,,,
824318.0,2026-08-19,,,,5,98.7,348.6,11.3,,10.02,,,-20.0,20.0,,,,
824319.0,2026-08-18,,,,6,103.4,395.8,22.3,,9.15,,,-18.3,18.3,,,,
824320.0,2026-08-17,,,,8,102.0,387.5,20.2,,7.92,,,-15.8,15.8,,,,
824321.0,2026-08-04,,,,8,99.9,364.4,24.3,,7.92,,,-15.8,15.8,,,,
824322.0,2026-08-05,,,,5,100.2,350.8,0.2,,10.02,,,-20.0,20.0,,,,
824324.0,2026-08-03,,,,15,103.3,365.9,20.7,,5.79,,,-11.6,11.6,,,,
824325.0,2026-07-31,,,,6,102.2,352.0,14.8,,9.15,,,-18.3,18.3,,,,
824326.0,2026-08-01,,,,9,101.1,371.2,24.7,,7.47,,,-14.9,14.9,,,,
824327.0,2026-07-22,,,,7,102.6,348.3,10.3,,8.47,,,-16.9,16.9,,,,
824328.0,2026-07-20,,,,9,102.1,386.4,35.9,,7.47,,,-14.9,14.9,,,,
824329.0,2026-07-21,,,,10,99.9,382.1,27.4,,7.09,,,-14.2,14.2,,,,
824330.0,2026-07-19,,,,15,101.8,403.5,24.9,,5.79,,,-11.6,11.6,,,,
824331.0,2026-07-18,,,,12,102.4,361.2,19.1,,6.47,,,-12.9,12.9,,,,
824332.0,2026-07-17,,,,10,101.5,374.3,21.2,,7.09,,,-14.2,14.2,,,,
824333.0,2026-07-05,,,,8,100.8,400.8,34.1,,7.92,,,-15.8,15.8,,,,
824334.0,2026-07-04,,,,8,102.2,366.8,14.6,,7.92,,,-15.8,15.8,,,,
824335.0,2026-07-02,,,,7,100.9,384.0,28.0,,8.47,,,-16.9,16.9,,,,
824336.0,2026-07-03,,,,9,102.6,369.8,26.9,,7.47,,,-14.9,14.9,,,,
824337.0,2026-07-01,,,,8,103.6,369.5,26.1,,7.92,,,-15.8,15.8,,,,
824338.0,2026-06-30,,,,7,103.2,386.6,30.2,,8.47,,,-16.9,16.9,,,,
824340.0,2026-06-23,,,,8,101.9,363.6,19.7,,7.92,,,-15.8,15.8,,,,
824341.0,2026-06-24,,,,11,101.8,372.6,12.2,,6.76,,,-13.5,13.5,,,,
824342.0,2026-06-20,,,,6,101.4,377.2,14.6,,9.15,,,-18.3,18.3,,,,
824345.0,2026-06-19,,,,9,102.5,378.3,13.1,,7.47,,,-14.9,14.9,,,,
824346.0,2026-06-11,,,,12,100.9,358.2,18.6,,6.47,,,-12.9,12.9,,,,
824347.0,2026-06-09,,,,7,102.7,377.6,22.5,,8.47,,,-16.9,16.9,,,,
824349.0,2026-06-07,,,,12,101.0,391.7,29.7,,6.47,,,-12.9,12.9,,,,
824350.0,2026-06-05,,,,6,103.6,353.3,24.2,,9.15,,,-18.3,18.3,,,,
824351.0,2026-06-06,,,,10,100.2,375.7,24.2,,7.09,,,-14.2,14.2,,,,
824352.0,2026-05-30,,,,13,102.6,376.9,20.7,,6.22,,,-12.4,12.4,,,,
824353.0,2026-05-29,,,,12,100.0,367.9,20.5,,6.47,,,-12.9,12.9,,,,
824354.0,2026-05-31,,,,13,102.5,384.1,16.5,,6.22,,,-12.4,12.4,,,,
824356.0,2026-05-19,,,,12,102.0,342.0,3.3,,6.47,,,-12.9,12.9,,,,
824357.0,2026-05-18,,,,7,101.7,342.9,6.6,,8.47,,,-16.9,16.9,,,,
824358.0,2026-05-17,,,,9,101.7,367.3,11.5,,7.47,,,-14.9,14.9,,,,
824359.0,2026-05-16,,,,9,101.7,336.1,18.1,,7.47,,,-14.9,14.9,,,,
824360.0,2026-05-15,,,,10,102.6,341.6,12.3,,7.09,,,-14.2,14.2,,,,
824361.0,2026-05-06,,,,11,100.8,358.5,20.4,,6.76,,,-13.5,13.5,,,,
824363.0,2026-05-04,,,,13,100.5,376.8,15.7,,6.22,,,-12.4,12.4,,,,
824364.0,2026-05-03,,,,9,102.6,393.8,24.4,,7.47,,,-14.9,14.9,,,,
824365.0,2026-05-02,,,,9,102.3,380.3,18.6,,7.47,,,-14.9,14.9,,,,
824366.0,2026-05-01,,,,5,103.3,382.8,20.1,,10.02,,,-20.0,20.0,,,,
824367.0,2026-04-22,,,,7,100.1,373.0,29.2,,8.47,,,-16.9,16.9,,,,
824368.0,2026-04-23,,,,11,102.2,343.3,7.5,,6.76,,,-13.5,13.5,,,,
824370.0,2026-04-20,,,,14,100.8,368.9,25.3,,5.99,,,-12.0,12.0,,,,
824371.0,2026-04-19,,,,8,103.4,378.4,13.3,,7.92,,,-15.8,15.8,,,,
824372.0,2026-04-18,,,,8,100.4,359.1,15.1,,7.92,,,-15.8,15.8,,,,
824373.0,2026-04-17,,,,14,102.5,369.5,18.6,,5.99,,,-12.0,12.0,,,,
824380.0,2026-09-19,,,,10,100.7,345.5,4.0,,7.09,,,-14.2,14.2,,,,
824382.0,2026-09-16,,,,8,103.4,368.5,7.4,,7.92,,,-15.8,15.8,,,,
824383.0,2026-09-18,,,,5,100.4,367.2,6.1,,10.02,,,-20.0,20.0,,,,
824384.0,2026-09-15,,,,5,102.6,350.2,12.3,,10.02,,,-20.0,20.0,,,,
824385.0,2026-09-06,,,,6,99.9,336.3,-1.9,,9.15,,,-18.3,18.3,,,,
824386.0,2026-09-14,,,,8,102.5,348.4,-8.5,,7.92,,,-15.8,15.8,,,,
824390.0,2026-09-02,,,,9,101.3,339.2,21.6,,7.47,,,-14.9,14.9,,,,
824391.0,2026-09-01,,,,5,99.9,366.6,9.0,,10.02,,,-20.0,20.0,,,,
824392.0,2026-08-29,,,,7,102.4,356.0,11.3,,8.47,,,-16.9,16.9,,,,
824393.0,2026-08-30,,,,9,98.5,336.3,-3.0,,7.47,,,-14.9,14.9,,,,
824394.0,2026-08-19,,,,6,99.6,305.3,4.6,,9.15,,,-18.3,18.3,,,,
824395.0,2026-08-20,,,,6,100.8,330.3,3.0,,9.15,,,-18.3,18.3,,,,
824396.0,2026-08-28,,,,7,101.5,357.3,21.2,,8.47,,,-16.9,16.9,,,,
824397.0,2026-08-16,,,,9,98.2,359.2,14.1,,7.47,,,-14.9,14.9,,,,
824398.0,2026-08-18,,,,11,100.8,371.8,10.5,,6.76,,,-13.5,13.5,,,,
824399.0,2026-08-14,,,,10,103.7,373.8,20.6,,7.09,,,-14.2,14.2,,,,
824401.0,2026-08-06,,,,9,102.1,376.3,8.5,,7.47,,,-14.9,14.9,,,,
824402.0,2026-08-05,,,,13,102.0,339.8,-1.7,,6.22,,,-12.4,12.4,,,,
824403.0,2026-08-04,,,,9,103.4,377.0,-2.9,,7.47,,,-14.9,14.9,,,,
824404.0,2026-08-02,,,,5,99.3,365.2,26.9,,10.02,,,-20.0,20.0,,,,
824405.0,2026-08-01,,,,12,101.5,379.2,18.4,,6.47,,,-12.9,12.9,,,,
824407.0,2026-07-31,,,,7,99.1,338.7,-2.6,,8.47,,,-16.9,16.9,,,,
824408.0,2026-07-22,,,,13,100.3,337.5,5.7,,6.22,,,-12.4,12.4,,,,
824409.0,2026-07-21,,,,6,101.5,342.3,10.4,,9.15,,,-18.3,18.3,,,,
824410.0,2026-07-20,,,,13,102.5,360.2,8.3,,6.22,,,-12.4,12.4,,,,
824411.0,2026-07-19,,,,7,100.4,324.4,-2.8,,8.47,,,-16.9,16.9,,,,
824412.0,2026-07-18,,,,5,100.8,350.0,-5.8,,10.02,,,-20.0,20.0,,,,
824413.0,2026-07-05,,,,8,104.5,364.0,5.6,,7.92,,,-15.8,15.8,,,,
824414.0,2026-07-18,,,,7,102.2,353.0,1.8,,8.47,,,-16.9,16.9,,,,
824415.0,2026-07-04,,,,5,103.3,352.6,2.7,,10.02,,,-20.0,20.0,,,,
824416.0,2026-07-02,,,,11,100.4,334.3,-4.9,,6.76,,,-13.5,13.5,,,,
824417.0,2026-07-03,,,,7,101.7,352.9,-3.7,,8.47,,,-16.9,16.9,,,,
824418.0,2026-06-30,,,,5,101.3,353.2,-2.6,,10.02,,,-20.0,20.0,,,,
824419.0,2026-07-01,,,,5,101.7,353.6,16.2,,10.02,,,-20.0,20.0,,,,
824421.0,2026-06-27,,,,6,104.0,349.0,-2.9,,9.15,,,-18.3,18.3,,,,
824422.0,2026-06-28,,,,5,103.4,305.2,-15.6,,10.02,,,-20.0,20.0,,,,
824423.0,2026-06-26,,,,5,102.0,368.4,-5.2,,10.02,,,-20.0,20.0,,,,
824424.0,2026-09-04,,,,5,99.7,338.8,-6.4,,10.02,,,-20.0,20.0,,,,
824425.0,2026-06-12,,,,5,104.3,396.2,16.9,,10.02,,,-20.0,20.0,,,,
824427.0,2026-06-08,,,,8,101.0,362.9,5.6,,7.92,,,-15.8,15.8,,,,
824428.0,2026-06-10,,,,8,101.2,343.6,8.0,,7.92,,,-15.8,15.8,,,,
824429.0,2026-06-09,,,,5,103.6,346.4,0.4,,10.02,,,-20.0,20.0,,,,
824430.0,2026-05-31,,,,7,100.5,328.0,-3.4,,8.47,,,-16.9,16.9,,,,
824431.0,2026-05-30,,,,9,102.1,339.3,6.8,,7.47,,,-14.9,14.9,,,,
824432.0,2026-05-27,,,,10,99.8,329.3,-8.4,,7.09,,,-14.2,14.2,,,,
824433.0,2026-05-29,,,,6,100.8,317.0,1.7,,9.15,,,-18.3,18.3,,,,
824434.0,2026-05-26,,,,6,101.6,343.8,3.9,,9.15,,,-18.3,18.3,,,,
824435.0,2026-05-16,,,,7,99.2,344.1,-2.0,,8.47,,,-16.9,16.9,,,,
824436.0,2026-05-17,,,,11,103.6,370.7,-0.6,,6.76,,,-13.5,13.5,,,,
824437.0,2026-05-25,,,,11,103.2,374.8,5.4,,6.76,,,-13.5,13.5,,,,
824439.0,2026-05-15,,,,11,100.6,341.5,0.4,,6.76,,,-13.5,13.5,,,,
824440.0,2026-05-10,,,,7,99.4,343.1,-0.3,,8.47,,,-16.9,16.9,,,,
824441.0,2026-05-11,,,,6,102.7,341.3,-0.7,,9.15,,,-18.3,18.3,,,,
824442.0,2026-05-12,,,,6,103.2,344.2,8.0,,9.15,,,-18.3,18.3,,,,
824443.0,2026-05-08,,,,9,102.5,349.8,-2.2,,7.47,,,-14.9,14.9,,,,
824444.0,2026-05-09,,,,6,99.3,328.8,-4.0,,9.15,,,-18.3,18.3,,,,
824446.0,2026-04-27,,,,5,101.1,367.2,1.2,,10.02,,,-20.0,20.0,,,,
824450.0,2026-04-20,,,,13,102.5,330.7,-8.3,,6.22,,,-12.4,12.4,,,,
824451.0,2026-04-18,,,,6,101.9,366.0,-5.7,,9.15,,,-18.3,18.3,,,,
824452.0,2026-04-19,,,,6,102.8,375.7,5.3,,9.15,,,-18.3,18.3,,,,
824454.0,2026-04-17,,,,8,102.3,356.6,-9.0,,7.92,,,-15.8,15.8,,,,
824462.0,2026-09-20,,,,9,104.0,348.4,-8.6,,7.47,,,-14.9,14.9,,,,
824463.0,2026-09-18,,,,8,97.6,348.5,-7.6,,7.92,,,-15.8,15.8,,,,
824464.0,2026-09-17,,,,13,100.9,356.2,12.0,,6.22,,,-12.4,12.4,,,,
824467.0,2026-09-16,,,,6,102.1,355.8,2.8,,9.15,,,-18.3,18.3,,,,
824468.0,2026-09-05,,,,6,103.8,351.3,-0.7,,9.15,,,-18.3,18.3,,,,
824469.0,2026-09-06,,,,12,102.2,340.4,-7.6,,6.47,,,-12.9,12.9,,,,
824470.0,2026-09-02,,,,7,102.2,359.7,0.9,,8.47,,,-16.9,16.9,,,,
824471.0,2026-09-04,,,,8,100.0,358.1,4.2,,7.92,,,-15.8,15.8,,,,
824472.0,2026-09-01,,,,10,100.8,342.3,3.5,,7.09,,,-14.2,14.2,,,,
824473.0,2026-08-31,,,,7,101.3,349.1,10.3,,8.47,,,-16.9,16.9,,,,
824474.0,2026-08-20,,,,7,102.3,357.0,7.8,,8.47,,,-16.9,16.9,,,,
824475.0,2026-08-18,,,,8,100.4,363.1,6.6,,7.92,,,-15.8,15.8,,,,
824476.0,2026-08-19,,,,8,101.6,353.2,-10.8,,7.92,,,-15.8,15.8,,,,
824477.0,2026-08-16,,,,9,99.6,335.1,4.0,,7.47,,,-14.9,14.9,,,,
824478.0,2026-08-17,,,,5,101.5,322.2,-4.1,,10.02,,,-20.0,20.0,,,,
824480.0,2026-08-15,,,,8,103.7,365.5,7.8,,7.92,,,-15.8,15.8,,,,
824481.0,2026-08-06,,,,6,102.6,392.0,3.3,,9.15,,,-18.3,18.3,,,,
824482.0,2026-08-05,,,,5,101.2,356.0,-4.0,,10.02,,,-20.0,20.0,,,,
824483.0,2026-08-02,,,,10,102.3,361.7,6.1,,7.09,,,-14.2,14.2,,,,
824485.0,2026-08-01,,,,6,102.0,334.5,-13.0,,9.15,,,-18.3,18.3,,,,
824486.0,2026-07-31,,,,6,100.8,359.0,3.9,,9.15,,,-18.3,18.3,,,,
824487.0,2026-07-29,,,,8,99.7,329.0,-1.7,,7.92,,,-15.8,15.8,,,,
824489.0,2026-07-28,,,,6,99.2,366.5,3.0,,9.15,,,-18.3,18.3,,,,
824490.0,2026-07-28,,,,9,99.5,338.9,-3.5,,7.47,,,-14.9,14.9,,,,
824491.0,2026-07-12,,,,8,101.7,337.8,-12.0,,7.92,,,-15.8,15.8,,,,
824492.0,2026-07-11,,,,8,101.0,365.4,10.8,,7.92,,,-15.8,15.8,,,,
824493.0,2026-07-10,,,,7,101.8,339.4,7.4,,8.47,,,-16.9,16.9,,,,
824494.0,2026-07-09,,,,5,99.2,300.4,-8.1,,10.02,,,-20.0,20.0,,,,
824495.0,2026-07-07,,,,5,104.3,344.0,11.9,,10.02,,,-20.0,20.0,,,,
824496.0,2026-07-08,,,,8,103.5,365.9,18.4,,7.92,,,-15.8,15.8,,,,
824497.0,2026-07-05,,,,6,101.1,337.3,-6.1,,9.15,,,-18.3,18.3,,,,
824499.0,2026-07-04,,,,6,100.0,336.2,-2.2,,9.15,,,-18.3,18.3,,,,
824500.0,2026-06-24,,,,9,102.9,367.8,5.2,,7.47,,,-14.9,14.9,,,,
824502.0,2026-06-22,,,,6,100.6,336.8,0.4,,9.15,,,-18.3,18.3,,,,
824505.0,2026-06-15,,,,6,100.2,338.7,6.0,,9.15,,,-18.3,18.3,,,,
824507.0,2026-06-12,,,,9,100.8,364.4,14.1,,7.47,,,-14.9,14.9,,,,
824508.0,2026-06-13,,,,6,104.9,344.0,-7.5,,9.15,,,-18.3,18.3,,,,
824509.0,2026-06-03,,,,9,100.8,355.6,6.9,,7.47,,,-14.9,14.9,,,,
824510.0,2026-06-01,,,,9,101.4,364.6,-2.0,,7.47,,,-14.9,14.9,,,,
824511.0,2026-06-02,,,,6,101.4,376.5,7.6,,9.15,,,-18.3,18.3,,,,
824512.0,2026-05-31,,,,12,102.6,361.6,4.7,,6.47,,,-12.9,12.9,,,,
824513.0,2026-05-30,,,,11,102.7,364.1,-4.2,,6.76,,,-13.5,13.5,,,,
824515.0,2026-05-29,,,,8,103.6,354.4,0.2,,7.92,,,-15.8,15.8,,,,
824516.0,2026-05-23,,,,14,102.0,354.8,5.5,,5.99,,,-12.0,12.0,,,,
824517.0,2026-05-14,,,,5,101.2,371.8,-4.1,,10.02,,,-20.0,20.0,,,,
824518.0,2026-05-23,,,,8,100.5,372.0,4.7,,7.92,,,-15.8,15.8,,,,
824519.0,2026-05-13,,,,11,101.1,352.5,-10.4,,6.76,,,-13.5,13.5,,,,
824520.0,2026-05-10,,,,7,101.3,358.6,-4.8,,8.47,,,-16.9,16.9,,,,
824521.0,2026-05-12,,,,13,104.8,361.8,1.8,,6.22,,,-12.4,12.4,,,,
824522.0,2026-05-08,,,,11,103.2,347.2,-9.8,,6.76,,,-13.5,13.5,,,,
824524.0,2026-04-30,,,,11,99.8,332.0,0.8,,6.76,,,-13.5,13.5,,,,
824525.0,2026-04-29,,,,12,102.3,356.1,-2.8,,6.47,,,-12.9,12.9,,,,
824526.0,2026-04-28,,,,7,103.3,356.3,-1.7,,8.47,,,-16.9,16.9,,,,
824527.0,2026-04-25,,,,13,101.4,348.9,2.0,,6.22,,,-12.4,12.4,,,,
824528.0,2026-04-26,,,,15,101.0,352.4,-6.9,,5.79,,,-11.6,11.6,,,,
824529.0,2026-04-24,,,,12,104.6,371.4,1.0,,6.47,,,-12.9,12.9,,,,
824531.0,2026-04-14,,,,7,101.8,371.9,-4.4,,8.47,,,-16.9,16.9,,,,
824532.0,2026-04-15,,,,8,101.2,368.4,15.5,,7.92,,,-15.8,15.8,,,,
824533.0,2026-04-12,,,,5,102.1,352.2,-5.8,,10.02,,,-20.0,20.0,,,,
824534.0,2026-04-10,,,,13,103.0,373.6,-10.2,,6.22,,,-12.4,12.4,,,,
824535.0,2026-04-11,,,,7,102.7,349.4,-16.3,,8.47,,,-16.9,16.9,,,,
824536.0,2026-04-01,,,,8,102.8,363.1,7.7,,7.92,,,-15.8,15.8,,,,
824537.0,2026-03-31,,,,6,104.7,400.7,3.3,,9.15,,,-18.3,18.3,,,,
824538.0,2026-03-29,,,,9,104.1,360.9,4.2,,7.47,,,-14.9,14.9,,,,
824540.0,2026-03-28,,,,9,105.3,356.1,-2.4,,7.47,,,-14.9,14.9,,,,
824542.0,2026-09-27,,,,5,101.4,356.8,-2.0,,10.02,,,-20.0,20.0,,,,
824543.0,2026-09-26,,,,12,102.3,343.0,-3.6,,6.47,,,-12.9,12.9,,,,
824544.0,2026-09-25,,,,5,106.1,355.4,-18.3,,10.02,,,-20.0,20.0,,,,
824545.0,2026-09-19,,,,6,101.0,352.8,-0.2,,9.15,,,-18.3,18.3,,,,
824546.0,2026-09-20,,,,9,101.5,331.9,-10.8,,7.47,,,-14.9,14.9,,,,
824547.0,2026-09-18,,,,11,101.8,363.1,-0.1,,6.76,,,-13.5,13.5,,,,
824548.0,2026-09-17,,,,5,104.8,354.6,-7.5,,10.02,,,-20.0,20.0,,,,
824549.0,2026-09-09,,,,10,99.2,328.3,-10.0,,7.09,,,-14.2,14.2,,,,
824550.0,2026-09-10,,,,7,103.3,358.7,-10.2,,8.47,,,-16.9,16.9,,,,
824551.0,2026-09-08,,,,9,103.5,378.9,1.6,,7.47,,,-14.9,14.9,,,,
824553.0,2026-09-05,,,,9,100.8,332.0,-17.4,,7.47,,,-14.9,14.9,,,,
824554.0,2026-09-04,,,,8,105.0,385.4,11.8,,7.92,,,-15.8,15.8,,,,
824555.0,2026-08-26,,,,6,102.0,365.8,0.8,,9.15,,,-18.3,18.3,,,,
824556.0,2026-08-25,,,,7,104.3,376.6,-2.9,,8.47,,,-16.9,16.9,,,,
824557.0,2026-08-24,,,,5,101.3,344.8,1.4,,10.02,,,-20.0,20.0,,,,
824559.0,2026-08-21,,,,12,104.2,375.5,4.5,,6.47,,,-12.9,12.9,,,,
824560.0,2026-08-22,,,,12,101.7,364.0,6.8,,6.47,,,-12.9,12.9,,,,
824561.0,2026-08-13,,,,11,101.6,345.0,-4.9,,6.76,,,-13.5,13.5,,,,
824563.0,2026-08-11,,,,11,100.7,364.5,1.4,,6.76,,,-13.5,13.5,,,,
824564.0,2026-08-09,,,,8,102.0,340.4,-4.7,,7.92,,,-15.8,15.8,,,,
824565.0,2026-08-08,,,,6,101.0,357.0,-8.1,,9.15,,,-18.3,18.3,,,,
824566.0,2026-08-07,,,,6,101.9,371.0,7.9,,9.15,,,-18.3,18.3,,,,
824567.0,2026-07-29,,,,5,102.8,378.6,-16.8,,10.02,,,-20.0,20.0,,,,
824570.0,2026-07-27,,,,7,102.3,333.0,-3.2,,8.47,,,-16.9,16.9,,,,
824572.0,2026-07-26,,,,10,103.3,372.2,6.4,,7.09,,,-14.2,14.2,,,,
824573.0,2026-07-24,,,,7,100.6,346.1,-3.8,,8.47,,,-16.9,16.9,,,,
824574.0,2026-07-12,,,,8,102.0,316.0,-13.6,,7.92,,,-15.8,15.8,,,,
824575.0,2026-07-10,,,,10,102.5,354.5,-2.4,,7.09,,,-14.2,14.2,,,,
824578.0,2026-07-08,,,,8,101.4,346.2,-6.0,,7.92,,,-15.8,15.8,,,,
824579.0,2026-07-07,,,,6,101.4,364.0,-10.4,,9.15,,,-18.3,18.3,,,,
824580.0,2026-06-28,,,,8,99.9,344.6,-0.5,,7.92,,,-15.8,15.8,,,,
824582.0,2026-06-26,,,,10,102.5,319.0,-11.9,,7.09,,,-14.2,14.2,,,,
824583.0,2026-06-24,,,,5,103.3,381.6,5.8,,10.02,,,-20.0,20.0,,,,
824584.0,2026-06-23,,,,6,101.6,347.2,-18.3,,9.15,,,-18.3,18.3,,,,
824586.0,2026-06-14,,,,12,102.2,351.1,4.7,,6.47,,,-12.9,12.9,,,,
824587.0,2026-06-13,,,,7,103.3,377.7,8.9,,8.47,,,-16.9,16.9,,,,
824589.0,2026-08-20,,,,8,100.0,326.2,-13.9,,7.92,,,-15.8,15.8,,,,
824590.0,2026-06-10,,,,10,100.8,316.6,5.9,,7.09,,,-14.2,14.2,,,,
824591.0,2026-06-09,,,,8,100.8,370.9,5.4,,7.92,,,-15.8,15.8,,,,
824593.0,2026-05-30,,,,9,100.9,345.9,-6.1,,7.47,,,-14.9,14.9,,,,
824594.0,2026-05-29,,,,6,100.5,351.2,10.6,,9.15,,,-18.3,18.3,,,,
824595.0,2026-05-28,,,,5,99.7,330.0,0.4,,10.02,,,-20.0,20.0,,,,
824596.0,2026-05-27,,,,11,101.4,355.2,13.3,,6.76,,,-13.5,13.5,,,,
824597.0,2026-05-26,,,,5,101.6,345.4,-1.9,,10.02,,,-20.0,20.0,,,,
824598.0,2026-05-25,,,,5,100.1,377.6,5.9,,10.02,,,-20.0,20.0,,,,
824599.0,2026-05-17,,,,12,101.4,375.1,2.8,,6.47,,,-12.9,12.9,,,,
824600.0,2026-05-16,,,,10,103.0,364.8,3.9,,7.09,,,-14.2,14.2,,,,
824601.0,2026-05-15,,,,12,102.2,358.4,3.1,,6.47,,,-12.9,12.9,,,,
824603.0,2026-05-13,,,,10,102.2,357.1,-10.6,,7.09,,,-14.2,14.2,,,,
824604.0,2026-05-12,,,,8,104.0,360.4,6.3,,7.92,,,-15.8,15.8,,,,
824605.0,2026-05-10,,,,7,103.3,329.9,-20.4,,8.47,,,-16.9,16.9,,,,
824607.0,2026-05-08,,,,12,103.7,366.2,-8.7,,6.47,,,-12.9,12.9,,,,
824609.0,2026-04-27,,,,11,103.2,356.9,1.8,,6.76,,,-13.5,13.5,,,,
824610.0,2026-04-28,,,,8,102.4,349.6,-1.1,,7.92,,,-15.8,15.8,,,,
824611.0,2026-04-24,,,,10,102.4,352.1,-2.0,,7.09,,,-14.2,14.2,,,,
824612.0,2026-04-26,,,,7,101.4,358.7,-2.9,,8.47,,,-16.9,16.9,,,,
824613.0,2026-04-25,,,,8,100.0,340.2,-14.7,,7.92,,,-15.8,15.8,,,,
824614.0,2026-04-16,,,,7,103.6,339.9,-1.3,,8.47,,,-16.9,16.9,,,,
824615.0,2026-04-15,,,,10,102.0,353.0,4.3,,7.09,,,-14.2,14.2,,,,
824616.0,2026-04-14,,,,8,103.4,336.6,-7.8,,7.92,,,-15.8,15.8,,,,
824623.0,2026-09-24,,,,6,99.9,358.0,3.0,,9.15,,,-18.3,18.3,,,,
824624.0,2026-09-22,,,,5,104.7,314.0,-9.7,,10.02,,,-20.0,20.0,,,,
824625.0,2026-09-23,,,,6,101.0,358.0,8.4,,9.15,,,-18.3,18.3,,,,
824626.0,2026-09-16,,,,10,101.2,349.5,-9.1,,7.09,,,-14.2,14.2,,,,
824627.0,2026-09-15,,,,7,104.2,350.1,4.2,,8.47,,,-16.9,16.9,,,,
824628.0,2026-09-13,,,,6,102.4,372.7,-13.9,,9.15,,,-18.3,18.3,,,,
824629.0,2026-09-14,,,,8,100.4,347.0,10.5,,7.92,,,-15.8,15.8,,,,
824630.0,2026-09-12,,,,5,99.6,361.6,14.5,,10.02,,,-20.0,20.0,,,,
824631.0,2026-09-11,,,,13,100.6,341.3,-4.0,,6.22,,,-12.4,12.4,,,,
824632.0,2026-09-03,,,,7,100.5,374.9,18.1,,8.47,,,-16.9,16.9,,,,
824633.0,2026-09-01,,,,7,99.1,336.1,6.4,,8.47,,,-16.9,16.9,,,,
824634.0,2026-09-02,,,,6,101.6,369.5,22.4,,9.15,,,-18.3,18.3,,,,
824635.0,2026-08-31,,,,11,101.4,377.0,10.3,,6.76,,,-13.5,13.5,,,,
824636.0,2026-08-30,,,,6,104.0,381.8,8.0,,9.15,,,-18.3,18.3,,,,
824637.0,2026-08-29,,,,8,103.6,413.6,26.3,,7.92,,,-15.8,15.8,,,,
824638.0,2026-08-28,,,,12,101.2,358.8,-1.7,,6.47,,,-12.9,12.9,,,,
824640.0,2026-08-19,,,,6,99.4,327.3,-14.7,,9.15,,,-18.3,18.3,,,,
824641.0,2026-08-17,,,,13,101.5,356.8,6.4,,6.22,,,-12.4,12.4,,,,
824642.0,2026-08-16,,,,9,102.4,376.9,8.1,,7.47,,,-14.9,14.9,,,,
824644.0,2026-08-15,,,,10,101.0,383.3,6.4,,7.09,,,-14.2,14.2,,,,
824645.0,2026-08-04,,,,5,98.9,368.8,10.1,,10.02,,,-20.0,20.0,,,,
824646.0,2026-08-05,,,,10,101.8,354.9,6.0,,7.09,,,-14.2,14.2,,,,
824647.0,2026-08-03,,,,11,103.5,369.6,16.7,,6.76,,,-13.5,13.5,,,,
824650.0,2026-07-22,,,,9,101.0,346.8,-6.1,,7.47,,,-14.9,14.9,,,,
824651.0,2026-07-31,,,,6,102.5,366.0,19.3,,9.15,,,-18.3,18.3,,,,
824652.0,2026-07-21,,,,7,100.9,352.9,-9.7,,8.47,,,-16.9,16.9,,,,
824653.0,2026-07-19,,,,5,102.8,371.8,24.9,,10.02,,,-20.0,20.0,,,,
824654.0,2026-07-20,,,,10,99.9,369.7,6.5,,7.09,,,-14.2,14.2,,,,
824655.0,2026-07-17,,,,5,99.8,316.8,-6.0,,10.02,,,-20.0,20.0,,,,
824657.0,2026-07-18,,,,6,99.9,339.0,0.6,,9.15,,,-18.3,18.3,,,,
824658.0,2026-07-04,,,,5,100.1,349.8,4.7,,10.02,,,-20.0,20.0,,,,
824659.0,2026-07-03,,,,16,102.4,340.4,11.0,,5.6,,,-11.2,11.2,,,,
824660.0,2026-07-01,,,,11,101.5,378.5,18.4,,6.76,,,-13.5,13.5,,,,
824661.0,2026-06-30,,,,9,101.7,393.6,21.8,,7.47,,,-14.9,14.9,,,,
824663.0,2026-06-19,,,,8,100.9,333.0,-1.5,,7.92,,,-15.8,15.8,,,,
824664.0,2026-08-06,,,,8,100.1,336.4,-8.0,,7.92,,,-15.8,15.8,,,,
824665.0,2026-06-20,,,,6,101.3,327.8,-20.2,,9.15,,,-18.3,18.3,,,,
824666.0,2026-06-15,,,,7,102.9,335.6,-15.2,,8.47,,,-16.9,16.9,,,,
824667.0,2026-06-16,,,,5,101.2,361.0,13.9,,10.02,,,-20.0,20.0,,,,
824668.0,2026-06-17,,,,9,100.4,368.7,16.3,,7.47,,,-14.9,14.9,,,,
824669.0,2026-06-06,,,,9,101.5,342.9,-7.8,,7.47,,,-14.9,14.9,,,,
824671.0,2026-06-03,,,,14,101.9,347.2,2.8,,5.99,,,-12.0,12.0,,,,
824672.0,2026-06-04,,,,7,103.9,377.3,13.3,,8.47,,,-16.9,16.9,,,,
824673.0,2026-06-05,,,,10,103.1,383.2,22.6,,7.09,,,-14.2,14.2,,,,
824674.0,2026-05-23,,,,10,101.0,341.2,6.0,,7.09,,,-14.2,14.2,,,,
824676.0,2026-05-24,,,,9,99.9,351.4,4.2,,7.47,,,-14.9,14.9,,,,
824677.0,2026-05-19,,,,6,98.1,334.3,23.4,,9.15,,,-18.3,18.3,,,,
824679.0,2026-05-22,,,,9,99.8,354.7,-6.1,,7.47,,,-14.9,14.9,,,,
824680.0,2026-05-18,,,,8,102.4,364.2,9.9,,7.92,,,-15.8,15.8,,,,
824681.0,2026-05-07,,,,12,103.7,367.1,-8.7,,6.47,,,-12.9,12.9,,,,
824682.0,2026-05-05,,,,10,101.2,361.6,8.5,,7.09,,,-14.2,14.2,,,,
824683.0,2026-05-06,,,,6,102.7,386.0,7.2,,9.15,,,-18.3,18.3,,,,
824684.0,2026-05-04,,,,8,105.9,373.5,15.9,,7.92,,,-15.8,15.8,,,,
824685.0,2026-05-02,,,,10,101.6,344.0,-7.2,,7.09,,,-14.2,14.2,,,,
824686.0,2026-05-01,,,,10,100.2,332.4,-9.5,,7.09,,,-14.2,14.2,,,,
824687.0,2026-05-03,,,,8,101.7,349.8,11.0,,7.92,,,-15.8,15.8,,,,
824688.0,2026-04-22,,,,5,102.4,377.6,3.1,,10.02,,,-20.0,20.0,,,,
824689.0,2026-04-23,,,,9,103.0,370.2,5.4,,7.47,,,-14.9,14.9,,,,
824690.0,2026-04-21,,,,8,100.3,370.0,10.3,,7.92,,,-15.8,15.8,,,,
824692.0,2026-04-20,,,,7,101.0,332.0,8.1,,8.47,,,-16.9,16.9,,,,
824693.0,2026-04-17,,,,9,103.4,348.1,7.6,,7.47,,,-14.9,14.9,,,,
824694.0,2026-04-18,,,,8,102.5,368.5,-1.3,,7.92,,,-15.8,15.8,,,,
824695.0,2026-04-10,,,,6,102.9,344.3,2.9,,9.15,,,-18.3,18.3,,,,
824696.0,2026-04-12,,,,7,101.8,379.7,19.9,,8.47,,,-16.9,16.9,,,,
824697.0,2026-04-11,,,,5,102.1,324.8,-19.0,,10.02,,,-20.0,20.0,,,,
824698.0,2026-04-01,,,,6,99.1,344.0,-28.2,,9.15,,,-18.3,18.3,,,,
824699.0,2026-03-31,,,,5,101.4,345.0,-18.3,,10.02,,,-20.0,20.0,,,,
824700.0,2026-03-29,,,,13,100.6,352.3,-8.5,,6.22,,,-12.4,12.4,,,,
824701.0,2026-03-28,,,,5,105.9,353.6,-2.5,,10.02,,,-20.0,20.0,,,,
824704.0,2026-03-26,,,,12,104.3,348.0,-17.9,,6.47,,,-12.9,12.9,,,,
824705.0,2026-09-27,,,,8,101.6,373.2,23.4,,7.92,,,-15.8,15.8,,,,
824706.0,2026-09-25,,,,5,102.4,340.2,-40.1,,10.02,,,-20.0,20.0,,,,
824709.0,2026-09-22,,,,6,100.6,344.8,15.3,,9.15,,,-18.3,18.3,,,,
824711.0,2026-09-11,,,,9,102.7,358.2,2.7,,7.47,,,-14.9,14.9,,,,
824712.0,2026-09-12,,,,6,101.3,359.2,-1.4,,9.15,,,-18.3,18.3,,,,
824713.0,2026-09-09,,,,12,101.1,349.2,0.3,,6.47,,,-12.9,12.9,,,,
824714.0,2026-09-08,,,,7,99.2,331.7,-0.6,,8.47,,,-16.9,16.9,,,,
824715.0,2026-09-07,,,,10,103.9,351.2,-2.0,,7.09,,,-14.2,14.2,,,,
824716.0,2026-09-01,,,,14,102.9,362.4,-12.1,,5.99,,,-12.0,12.0,,,,
824717.0,2026-09-02,,,,9,101.8,343.8,-8.9,,7.47,,,-14.9,14.9,,,,
824718.0,2026-08-22,,,,6,102.8,343.2,-0.8,,9.15,,,-18.3,18.3,,,,
824719.0,2026-08-31,,,,5,105.4,381.6,14.0,,10.02,,,-20.0,20.0,,,,
824720.0,2026-08-23,,,,9,100.9,367.6,5.7,,7.47,,,-14.9,14.9,,,,
824721.0,2026-08-21,,,,7,104.9,368.6,11.6,,8.47,,,-16.9,16.9,,,,
824722.0,2026-08-19,,,,7,102.5,377.6,12.9,,8.47,,,-16.9,16.9,,,,
824723.0,2026-08-18,,,,7,101.9,342.0,-0.2,,8.47,,,-16.9,16.9,,,,
824724.0,2026-08-09,,,,6,99.6,341.8,-0.1,,9.15,,,-18.3,18.3,,,,
824725.0,2026-08-17,,,,13,101.9,341.2,-9.0,,6.22,,,-12.4,12.4,,,,
824726.0,2026-08-08,,,,9,103.3,351.2,16.0,,7.47,,,-14.9,14.9,,,,
824727.0,2026-08-07,,,,10,100.8,339.0,6.9,,7.09,,,-14.2,14.2,,,,
824730.0,2026-07-26,,,,6,98.9,339.5,10.5,,9.15,,,-18.3,18.3,,,,
824731.0,2026-08-04,,,,8,104.7,382.0,14.7,,7.92,,,-15.8,15.8,,,,
824732.0,2026-07-22,,,,8,101.0,340.0,6.5,,7.92,,,-15.8,15.8,,,,
824735.0,2026-07-22,,,,11,99.2,328.5,-2.6,,6.76,,,-13.5,13.5,,,,
824737.0,2026-07-17,,,,6,104.8,386.7,0.6,,9.15,,,-18.3,18.3,,,,
824738.0,2026-07-18,,,,5,105.5,410.4,24.1,,10.02,,,-20.0,20.0,,,,
824740.0,2026-07-01,,,,6,102.6,367.8,15.7,,9.15,,,-18.3,18.3,,,,
824741.0,2026-06-29,,,,7,103.8,365.6,14.5,,8.47,,,-16.9,16.9,,,,
824742.0,2026-06-30,,,,5,100.7,340.2,-6.0,,10.02,,,-20.0,20.0,,,,
824743.0,2026-06-26,,,,9,101.4,350.3,1.8,,7.47,,,-14.9,14.9,,,,
824745.0,2026-06-27,,,,6,103.0,367.0,8.7,,9.15,,,-18.3,18.3,,,,
824748.0,2026-06-18,,,,8,99.7,333.2,4.6,,7.92,,,-15.8,15.8,,,,
824750.0,2026-06-16,,,,10,102.4,376.6,24.9,,7.09,,,-14.2,14.2,,,,
824751.0,2026-06-14,,,,6,100.6,363.7,3.3,,9.15,,,-18.3,18.3,,,,
824752.0,2026-06-12,,,,8,99.6,339.2,4.1,,7.92,,,-15.8,15.8,,,,
824753.0,2026-06-04,,,,13,102.8,350.5,14.7,,6.22,,,-12.4,12.4,,,,
824754.0,2026-06-02,,,,10,99.1,343.5,-3.7,,7.09,,,-14.2,14.2,,,,
824756.0,2026-05-27,,,,10,100.0,356.8,15.5,,7.09,,,-14.2,14.2,,,,
824757.0,2026-05-28,,,,6,101.8,384.5,23.8,,9.15,,,-18.3,18.3,,,,
824759.0,2026-05-24,,,,9,101.2,351.4,0.6,,7.47,,,-14.9,14.9,,,,
824761.0,2026-05-22,,,,7,100.9,382.9,1.7,,8.47,,,-16.9,16.9,,,,
824763.0,2026-05-13,,,,5,101.5,371.4,8.5,,10.02,,,-20.0,20.0,,,,
824764.0,2026-05-12,,,,9,102.0,333.4,-15.3,,7.47,,,-14.9,14.9,,,,
824765.0,2026-05-10,,,,7,99.0,339.1,4.9,,8.47,,,-16.9,16.9,,,,
824766.0,2026-07-17,,,,7,100.5,344.0,8.2,,8.47,,,-16.9,16.9,,,,
824769.0,2026-05-03,,,,10,103.9,357.6,-4.3,,7.09,,,-14.2,14.2,,,,
824771.0,2026-05-02,,,,10,104.0,359.6,1.1,,7.09,,,-14.2,14.2,,,,
824772.0,2026-05-01,,,,5,104.6,356.2,10.8,,10.02,,,-20.0,20.0,,,,
824773.0,2026-04-21,,,,7,100.6,314.6,-2.6,,8.47,,,-16.9,16.9,,,,
824774.0,2026-04-22,,,,7,103.1,329.6,-16.5,,8.47,,,-16.9,16.9,,,,
824775.0,2026-04-18,,,,7,101.1,344.1,-25.3,,8.47,,,-16.9,16.9,,,,
824776.0,2026-04-20,,,,9,103.9,341.4,-14.7,,7.47,,,-14.9,14.9,,,,
824777.0,2026-04-19,,,,11,100.7,333.4,-7.1,,6.76,,,-13.5,13.5,,,,
824784.0,2026-09-23,,,,8,102.0,338.0,-13.7,,7.92,,,-15.8,15.8,,,,
824785.0,2026-09-23,,,,8,103.1,343.8,11.4,,7.92,,,-15.8,15.8,,,,
824787.0,2026-09-21,,,,6,105.0,356.2,-3.1,,9.15,,,-18.3,18.3,,,,
824788.0,2026-09-19,,,,7,103.1,356.3,0.8,,8.47,,,-16.9,16.9,,,,
824789.0,2026-09-20,,,,5,101.2,333.0,-0.6,,10.02,,,-20.0,20.0,,,,
824791.0,2026-09-09,,,,6,103.3,358.0,2.0,,9.15,,,-18.3,18.3,,,,
824792.0,2026-09-08,,,,6,100.3,377.0,3.9,,9.15,,,-18.3,18.3,,,,
824793.0,2026-09-07,,,,6,103.5,359.7,6.3,,9.15,,,-18.3,18.3,,,,
824794.0,2026-09-06,,,,5,102.2,351.0,10.3,,10.02,,,-20.0,20.0,,,,
824796.0,2026-09-03,,,,9,101.1,384.2,9.4,,7.47,,,-14.9,14.9,,,,
824797.0,2026-09-04,,,,6,98.7,353.5,0.6,,9.15,,,-18.3,18.3,,,,
824798.0,2026-08-22,,,,8,102.4,371.0,18.6,,7.92,,,-15.8,15.8,,,,
824801.0,2026-08-19,,,,9,102.6,367.9,0.2,,7.47,,,-14.9,14.9,,,,
824802.0,2026-08-20,,,,6,103.9,361.5,-8.7,,9.15,,,-18.3,18.3,,,,
824803.0,2026-08-18,,,,6,100.8,381.3,3.9,,9.15,,,-18.3,18.3,,,,
824804.0,2026-08-06,,,,7,100.2,374.4,6.7,,8.47,,,-16.9,16.9,,,,
824805.0,2026-08-04,,,,6,105.3,335.3,-4.8,,9.15,,,-18.3,18.3,,,,
824806.0,2026-08-05,,,,6,105.1,381.0,6.5,,9.15,,,-18.3,18.3,,,,
824807.0,2026-08-02,,,,6,100.0,341.8,10.8,,9.15,,,-18.3,18.3,,,,
824809.0,2026-07-31,,,,9,101.3,352.2,4.0,,7.47,,,-14.9,14.9,,,,
824810.0,2026-07-26,,,,5,103.3,368.4,-2.1,,10.02,,,-20.0,20.0,,,,
824812.0,2026-07-24,,,,10,103.1,367.8,1.8,,7.09,,,-14.2,14.2,,,,
824813.0,2026-07-11,,,,6,105.0,385.5,6.4,,9.15,,,-18.3,18.3,,,,
824814.0,2026-07-12,,,,6,102.7,382.3,5.6,,9.15,,,-18.3,18.3,,,,
824815.0,2026-07-08,,,,14,102.9,381.4,5.8,,5.99,,,-12.0,12.0,,,,
824816.0,2026-07-09,,,,11,102.2,338.3,7.7,,6.76,,,-13.5,13.5,,,,
824817.0,2026-07-10,,,,9,101.9,357.7,10.9,,7.47,,,-14.9,14.9,,,,
824818.0,2026-07-01,,,,5,103.3,358.6,7.8,,10.02,,,-20.0,20.0,,,,
824819.0,2026-06-30,,,,7,101.0,355.4,12.8,,8.47,,,-16.9,16.9,,,,
824820.0,2026-07-07,,,,8,100.6,324.4,-2.7,,7.92,,,-15.8,15.8,,,,
824821.0,2026-06-28,,,,12,101.8,354.5,14.2,,6.47,,,-12.9,12.9,,,,
824822.0,2026-06-29,,,,8,99.5,349.8,8.5,,7.92,,,-15.8,15.8,,,,
824823.0,2026-06-14,,,,7,101.6,331.9,11.3,,8.47,,,-16.9,16.9,,,,
824826.0,2026-06-12,,,,11,102.4,356.5,2.2,,6.76,,,-13.5,13.5,,,,
824827.0,2026-06-11,,,,9,101.7,358.6,7.5,,7.47,,,-14.9,14.9,,,,
824828.0,2026-06-13,,,,11,101.5,369.6,16.2,,6.76,,,-13.5,13.5,,,,
824829.0,2026-06-08,,,,12,101.6,336.8,-9.3,,6.47,,,-12.9,12.9,,,,
824830.0,2026-06-09,,,,16,100.5,339.4,-7.5,,5.6,,,-11.2,11.2,,,,
824831.0,2026-06-10,,,,11,100.5,357.3,3.2,,6.76,,,-13.5,13.5,,,,
824832.0,2026-05-31,,,,7,104.1,375.1,-1.4,,8.47,,,-16.9,16.9,,,,
824833.0,2026-05-30,,,,5,103.4,317.8,-2.2,,10.02,,,-20.0,20.0,,,,
824834.0,2026-05-28,,,,8,101.7,343.9,0.2,,7.92,,,-15.8,15.8,,,,
824835.0,2026-05-29,,,,11,101.7,365.2,2.5,,6.76,,,-13.5,13.5,,,,
824836.0,2026-05-27,,,,13,102.0,334.5,-12.7,,6.22,,,-12.4,12.4,,,,
824837.0,2026-05-26,,,,8,99.9,331.4,-2.9,,7.92,,,-15.8,15.8,,,,
824838.0,2026-05-25,,,,15,101.5,349.7,-0.7,,5.79,,,-11.6,11.6,,,,
824839.0,2026-05-24,,,,10,101.1,362.2,-13.2,,7.09,,,-14.2,14.2,,,,
824840.0,2026-05-24,,,,9,100.6,348.2,-11.6,,7.47,,,-14.9,14.9,,,,
824842.0,2026-05-22,,,,13,101.1,337.8,-7.7,,6.22,,,-12.4,12.4,,,,
824843.0,2026-05-12,,,,5,100.5,379.6,14.1,,10.02,,,-20.0,20.0,,,,
824844.0,2026-05-11,,,,8,98.0,352.0,4.8,,7.92,,,-15.8,15.8,,,,
824846.0,2026-05-08,,,,6,98.9,366.0,8.9,,9.15,,,-18.3,18.3,,,,
824849.0,2026-04-28,,,,8,100.3,345.8,-1.8,,7.92,,,-15.8,15.8,,,,
824850.0,2026-04-30,,,,8,102.3,342.0,7.4,,7.92,,,-15.8,15.8,,,,
824851.0,2026-04-25,,,,14,99.7,351.6,2.1,,5.99,,,-12.0,12.0,,,,
824852.0,2026-04-26,,,,7,103.3,359.6,-13.0,,8.47,,,-16.9,16.9,,,,
824853.0,2026-04-14,,,,7,101.2,368.1,5.7,,8.47,,,-16.9,16.9,,,,
824854.0,2026-04-24,,,,9,103.5,373.2,13.2,,7.47,,,-14.9,14.9,,,,
824855.0,2026-04-15,,,,6,101.5,371.7,8.9,,9.15,,,-18.3,18.3,,,,
824856.0,2026-04-13,,,,12,102.0,375.6,10.4,,6.47,,,-12.9,12.9,,,,
824857.0,2026-04-11,,,,5,98.8,353.4,-9.1,,10.02,,,-20.0,20.0,,,,
824858.0,2026-04-10,,,,10,102.8,342.6,-10.9,,7.09,,,-14.2,14.2,,,,
824859.0,2026-04-12,,,,8,103.3,345.2,-12.2,,7.92,,,-15.8,15.8,,,,
824860.0,2026-04-01,,,,9,100.8,370.0,8.9,,7.47,,,-14.9,14.9,,,,
824861.0,2026-03-31,,,,15,102.3,348.6,11.0,,5.79,,,-11.6,11.6,,,,
824864.0,2026-03-29,,,,11,100.5,348.8,8.0,,6.76,,,-13.5,13.5,,,,
824865.0,2026-03-26,,,,5,101.1,316.6,-23.0,,10.02,,,-20.0,20.0,,,,
824866.0,2026-09-24,,,,16,103.9,361.9,7.9,,5.6,,,-11.2,11.2,,,,
824867.0,2026-09-22,,,,5,104.9,373.0,15.9,,10.02,,,-20.0,20.0,,,,
824868.0,2026-09-23,,,,7,99.7,358.6,-4.4,,8.47,,,-16.9,16.9,,,,
824869.0,2026-09-13,,,,10,100.4,357.7,6.7,,7.09,,,-14.2,14.2,,,,
824870.0,2026-09-12,,,,6,102.9,370.3,2.9,,9.15,,,-18.3,18.3,,,,
824871.0,2026-09-09,,,,10,104.4,355.7,14.6,,7.09,,,-14.2,14.2,,,,
824873.0,2026-09-11,,,,13,99.5,348.1,1.6,,6.22,,,-12.4,12.4,,,,
824874.0,2026-08-29,,,,7,100.1,339.6,-2.5,,8.47,,,-16.9,16.9,,,,
824875.0,2026-09-08,,,,10,102.0,377.5,27.6,,7.09,,,-14.2,14.2,,,,
824876.0,2026-08-30,,,,6,101.0,340.3,11.2,,9.15,,,-18.3,18.3,,,,
824877.0,2026-08-28,,,,7,104.5,345.6,8.4,,8.47,,,-16.9,16.9,,,,
824878.0,2026-08-26,,,,11,103.8,347.5,-2.0,,6.76,,,-13.5,13.5,,,,
824881.0,2026-08-25,,,,6,98.9,326.3,-4.5,,9.15,,,-18.3,18.3,,,,
824882.0,2026-08-14,,,,6,100.6,339.3,7.0,,9.15,,,-18.3,18.3,,,,
824883.0,2026-08-12,,,,14,102.7,359.9,11.9,,5.99,,,-12.0,12.0,,,,
824884.0,2026-08-15,,,,14,100.8,364.8,13.1,,5.99,,,-12.0,12.0,,,,
824885.0,2026-08-06,,,,10,102.2,355.6,9.2,,7.09,,,-14.2,14.2,,,,
824886.0,2026-08-11,,,,8,101.4,350.1,-3.6,,7.92,,,-15.8,15.8,,,,
824887.0,2026-08-10,,,,9,100.5,339.1,-2.2,,7.47,,,-14.9,14.9,,,,
824888.0,2026-08-04,,,,8,101.0,355.0,11.5,,7.92,,,-15.8,15.8,,,,
824889.0,2026-08-05,,,,6,100.0,348.3,1.4,,9.15,,,-18.3,18.3,,,,
824890.0,2026-08-01,,,,7,103.7,355.1,8.4,,8.47,,,-16.9,16.9,,,,
824891.0,2026-08-02,,,,7,100.3,377.0,15.5,,8.47,,,-16.9,16.9,,,,
824892.0,2026-07-31,,,,8,101.8,376.4,20.8,,7.92,,,-15.8,15.8,,,,
824893.0,2026-07-23,,,,7,100.9,369.4,10.9,,8.47,,,-16.9,16.9,,,,
824894.0,2026-07-30,,,,11,104.4,388.8,20.7,,6.76,,,-13.5,13.5,,,,
824895.0,2026-07-21,,,,8,103.3,397.5,26.7,,7.92,,,-15.8,15.8,,,,
824896.0,2026-07-22,,,,7,101.4,344.1,6.1,,8.47,,,-16.9,16.9,,,,
824897.0,2026-07-19,,,,11,102.7,375.3,21.0,,6.76,,,-13.5,13.5,,,,
824898.0,2026-07-20,,,,6,101.2,378.0,0.8,,9.15,,,-18.3,18.3,,,,
824900.0,2026-07-06,,,,9,99.1,348.2,8.7,,7.47,,,-14.9,14.9,,,,
824901.0,2026-07-17,,,,11,102.2,358.3,-2.1,,6.76,,,-13.5,13.5,,,,
824902.0,2026-07-05,,,,8,101.5,332.6,-5.2,,7.92,,,-15.8,15.8,,,,
824903.0,2026-07-04,,,,13,102.7,357.1,0.7,,6.22,,,-12.4,12.4,,,,
824904.0,2026-07-03,,,,9,101.4,390.4,9.2,,7.47,,,-14.9,14.9,,,,
824905.0,2026-07-01,,,,10,100.5,363.4,7.3,,7.09,,,-14.2,14.2,,,,
824907.0,2026-06-30,,,,6,103.5,379.2,27.8,,9.15,,,-18.3,18.3,,,,
824908.0,2026-06-21,,,,8,102.8,344.1,3.0,,7.92,,,-15.8,15.8,,,,
824909.0,2026-06-20,,,,6,98.3,359.7,1.2,,9.15,,,-18.3,18.3,,,,
824910.0,2026-06-19,,,,7,98.8,345.4,9.1,,8.47,,,-16.9,16.9,,,,
824911.0,2026-08-31,,,,8,101.4,357.8,2.9,,7.92,,,-15.8,15.8,,,,
824913.0,2026-06-17,,,,8,101.5,378.5,13.5,,7.92,,,-15.8,15.8,,,,
824914.0,2026-06-05,,,,6,101.6,370.3,10.2,,9.15,,,-18.3,18.3,,,,
824915.0,2026-06-06,,,,9,101.3,354.4,18.1,,7.47,,,-14.9,14.9,,,,
824916.0,2026-06-07,,,,5,102.2,348.4,19.6,,10.02,,,-20.0,20.0,,,,
824917.0,2026-06-03,,,,10,102.0,364.9,8.9,,7.09,,,-14.2,14.2,,,,
824919.0,2026-06-04,,,,9,99.9,345.0,8.6,,7.47,,,-14.9,14.9,,,,
824920.0,2026-05-23,,,,5,103.3,354.6,-0.3,,10.02,,,-20.0,20.0,,,,
824921.0,2026-05-24,,,,7,100.0,352.7,5.1,,8.47,,,-16.9,16.9,,,,
824922.0,2026-05-22,,,,7,100.7,372.4,15.3,,8.47,,,-16.9,16.9,,,,
824923.0,2026-05-17,,,,10,101.5,346.2,9.0,,7.09,,,-14.2,14.2,,,,
824924.0,2026-05-16,,,,8,100.5,349.2,13.4,,7.92,,,-15.8,15.8,,,,
824925.0,2026-05-15,,,,7,101.1,357.6,2.9,,8.47,,,-16.9,16.9,,,,
824927.0,2026-05-12,,,,9,101.9,360.9,-13.9,,7.47,,,-14.9,14.9,,,,
824928.0,2026-05-13,,,,6,101.5,355.2,3.5,,9.15,,,-18.3,18.3,,,,
824929.0,2026-04-30,,,,6,99.3,316.5,-4.0,,9.15,,,-18.3,18.3,,,,
824930.0,2026-04-29,,,,8,100.3,363.0,11.2,,7.92,,,-15.8,15.8,,,,
824931.0,2026-04-28,,,,8,102.1,356.0,1.0,,7.92,,,-15.8,15.8,,,,
824932.0,2026-04-24,,,,10,101.3,347.9,-0.9,,7.09,,,-14.2,14.2,,,,
824933.0,2026-04-25,,,,10,102.3,327.1,-2.9,,7.09,,,-14.2,14.2,,,,
824935.0,2026-04-14,,,,5,97.7,346.4,10.5,,10.02,,,-20.0,20.0,,,,
824936.0,2026-04-15,,,,13,101.9,368.9,14.6,,6.22,,,-12.4,12.4,,,,
824937.0,2026-04-13,,,,9,101.2,346.3,-0.7,,7.47,,,-14.9,14.9,,,,
824938.0,2026-04-12,,,,13,101.7,346.8,14.3,,6.22,,,-12.4,12.4,,,,
824939.0,2026-04-11,,,,5,102.9,368.2,18.5,,10.02,,,-20.0,20.0,,,,
824941.0,2026-04-10,,,,12,101.7,379.1,16.6,,6.47,,,-12.9,12.9,,,,
824942.0,2026-03-31,,,,5,101.4,346.6,1.4,,10.02,,,-20.0,20.0,,,,
824943.0,2026-03-30,,,,5,101.8,358.8,13.5,,10.02,,,-20.0,20.0,,,,
824944.0,2026-03-29,,,,10,102.1,347.3,-15.4,,7.09,,,-14.2,14.2,,,,
824945.0,2026-03-28,,,,6,100.9,365.2,1.2,,9.15,,,-18.3,18.3,,,,
824946.0,2026-03-27,,,,5,101.4,369.6,-2.0,,10.02,,,-20.0,20.0,,,,
824947.0,2026-09-25,,,,5,102.3,374.6,2.2,,10.02,,,-20.0,20.0,,,,
824949.0,2026-09-26,,,,9,102.3,354.9,0.8,,7.47,,,-14.9,14.9,,,,
824950.0,2026-09-24,,,,14,100.9,365.0,16.3,,5.99,,,-12.0,12.0,,,,
824951.0,2026-09-23,,,,9,101.3,328.7,-9.9,,7.47,,,-14.9,14.9,,,,
824952.0,2026-09-13,,,,9,100.9,369.2,-0.4,,7.47,,,-14.9,14.9,,,,
824953.0,2026-09-22,,,,13,101.2,345.5,5.6,,6.22,,,-12.4,12.4,,,,
824954.0,2026-09-11,,,,11,102.7,363.6,13.7,,6.76,,,-13.5,13.5,,,,
824955.0,2026-09-12,,,,9,101.3,372.9,29.7,,7.47,,,-14.9,14.9,,,,
824957.0,2026-09-08,,,,7,101.1,351.3,7.5,,8.47,,,-16.9,16.9,,,,
824958.0,2026-09-07,,,,8,100.3,371.2,-1.5,,7.92,,,-15.8,15.8,,,,
824959.0,2026-08-30,,,,7,102.8,370.7,20.2,,8.47,,,-16.9,16.9,,,,
824960.0,2026-08-28,,,,7,98.1,334.4,-12.2,,8.47,,,-16.9,16.9,,,,
824961.0,2026-08-29,,,,5,98.5,370.0,-0.1,,10.02,,,-20.0,20.0,,,,
824962.0,2026-08-25,,,,8,99.0,365.0,11.2,,7.92,,,-15.8,15.8,,,,
824963.0,2026-08-26,,,,10,102.3,375.6,14.3,,7.09,,,-14.2,14.2,,,,
824964.0,2026-08-24,,,,7,103.0,347.1,4.1,,8.47,,,-16.9,16.9,,,,
824965.0,2026-08-16,,,,9,103.0,376.8,10.5,,7.47,,,-14.9,14.9,,,,
824966.0,2026-08-15,,,,6,101.1,339.7,10.1,,9.15,,,-18.3,18.3,,,,
824967.0,2026-08-12,,,,6,101.8,383.8,17.1,,9.15,,,-18.3,18.3,,,,
824968.0,2026-08-14,,,,6,100.9,383.2,19.3,,9.15,,,-18.3,18.3,,,,
824969.0,2026-08-10,,,,12,102.3,359.9,27.0,,6.47,,,-12.9,12.9,,,,
824970.0,2026-08-11,,,,6,101.6,387.7,24.6,,9.15,,,-18.3,18.3,,,,
824971.0,2026-08-02,,,,8,102.6,343.9,0.0,,7.92,,,-15.8,15.8,,,,
824972.0,2026-08-01,,,,7,101.6,379.3,16.7,,8.47,,,-16.9,16.9,,,,
824973.0,2026-07-29,,,,6,101.2,374.5,16.8,,9.15,,,-18.3,18.3,,,,
824974.0,2026-07-30,,,,6,99.4,342.8,10.3,,9.15,,,-18.3,18.3,,,,
824975.0,2026-07-31,,,,8,98.0,353.9,15.6,,7.92,,,-15.8,15.8,,,,
824976.0,2026-07-28,,,,5,103.5,397.4,25.6,,10.02,,,-20.0,20.0,,,,
824978.0,2026-07-19,,,,9,102.8,343.0,7.6,,7.47,,,-14.9,14.9,,,,
824979.0,2026-07-18,,,,7,99.7,366.1,28.4,,8.47,,,-16.9,16.9,,,,
824980.0,2026-07-05,,,,9,103.3,388.1,16.4,,7.47,,,-14.9,14.9,,,,
824981.0,2026-07-17,,,,15,101.8,372.6,13.5,,5.79,,,-11.6,11.6,,,,
824982.0,2026-07-03,,,,10,102.2,364.1,13.4,,7.09,,,-14.2,14.2,,,,
824984.0,2026-06-30,,,,11,101.5,365.7,16.6,,6.76,,,-13.5,13.5,,,,
824985.0,2026-07-01,,,,8,103.6,371.6,23.1,,7.92,,,-15.8,15.8,,,,
824986.0,2026-06-29,,,,8,104.4,372.9,7.4,,7.92,,,-15.8,15.8,,,,
824987.0,2026-06-21,,,,10,101.5,367.8,7.2,,7.09,,,-14.2,14.2,,,,
824989.0,2026-06-18,,,,7,101.8,362.1,2.3,,8.47,,,-16.9,16.9,,,,
824990.0,2026-06-19,,,,10,101.9,387.3,20.1,,7.09,,,-14.2,14.2,,,,
824992.0,2026-06-17,,,,11,101.3,347.6,-2.1,,6.76,,,-13.5,13.5,,,,
824993.0,2026-06-15,,,,5,104.0,391.4,22.4,,10.02,,,-20.0,20.0,,,,
824994.0,2026-06-14,,,,14,102.4,357.9,24.2,,5.99,,,-12.0,12.0,,,,
824995.0,2026-06-13,,,,5,98.0,329.2,4.8,,10.02,,,-20.0,20.0,,,,
824996.0,2026-06-10,,,,5,102.0,396.6,46.9,,10.02,,,-20.0,20.0,,,,
824997.0,2026-06-12,,,,6,102.9,389.5,37.0,,9.15,,,-18.3,18.3,,,,
824998.0,2026-06-08,,,,12,102.3,406.3,31.8,,6.47,,,-12.9,12.9,,,,
825000.0,2026-05-30,,,,5,102.9,360.2,-6.3,,10.02,,,-20.0,20.0,,,,
825001.0,2026-05-31,,,,8,104.7,381.1,16.2,,7.92,,,-15.8,15.8,,,,
825002.0,2026-05-29,,,,6,100.6,376.7,1.5,,9.15,,,-18.3,18.3,,,,
825003.0,2026-05-27,,,,5,104.6,348.6,0.4,,10.02,,,-20.0,20.0,,,,
825004.0,2026-05-26,,,,5,105.3,351.6,17.0,,10.02,,,-20.0,20.0,,,,
825005.0,2026-05-25,,,,7,101.4,397.1,18.9,,8.47,,,-16.9,16.9,,,,
825006.0,2026-05-17,,,,7,99.4,332.6,13.7,,8.47,,,-16.9,16.9,,,,
825007.0,2026-05-16,,,,9,101.0,358.8,-0.7,,7.47,,,-14.9,14.9,,,,
825008.0,2026-05-14,,,,14,102.3,367.0,3.9,,5.99,,,-12.0,12.0,,,,
825009.0,2026-05-15,,,,6,100.5,366.8,13.6,,9.15,,,-18.3,18.3,,,,
825010.0,2026-05-13,,,,13,101.7,343.5,6.7,,6.22,,,-12.4,12.4,,,,
825011.0,2026-05-12,,,,5,103.8,386.0,21.8,,10.02,,,-20.0,20.0,,,,
825012.0,2026-05-01,,,,7,101.9,358.4,13.4,,8.47,,,-16.9,16.9,,,,
825013.0,2026-05-03,,,,9,100.6,337.7,4.7,,7.47,,,-14.9,14.9,,,,
825014.0,2026-05-02,,,,7,99.2,388.0,15.6,,8.47,,,-16.9,16.9,,,,
825016.0,2026-04-30,,,,10,99.4,353.8,6.6,,7.09,,,-14.2,14.2,,,,
825017.0,2026-04-28,,,,8,102.5,364.2,3.4,,7.92,,,-15.8,15.8,,,,
825018.0,2026-04-19,,,,10,100.8,376.4,10.9,,7.09,,,-14.2,14.2,,,,
825019.0,2026-04-17,,,,11,101.2,356.4,-4.9,,6.76,,,-13.5,13.5,,,,
825020.0,2026-04-18,,,,14,102.4,358.1,-3.9,,5.99,,,-12.0,12.0,,,,
825021.0,2026-04-15,,,,8,102.8,379.8,0.5,,7.92,,,-15.8,15.8,,,,
825023.0,2026-04-16,,,,10,103.2,321.9,-28.7,,7.09,,,-14.2,14.2,,,,
825024.0,2026-04-13,,,,10,102.2,360.9,12.2,,7.09,,,-14.2,14.2,,,,
825028.0,2026-09-20,,,,8,103.3,360.9,4.4,,7.92,,,-15.8,15.8,,,,
825031.0,2026-09-16,,,,8,102.0,381.6,22.9,,7.92,,,-15.8,15.8,,,,
825032.0,2026-09-18,,,,6,101.4,349.7,-7.6,,9.15,,,-18.3,18.3,,,,
825033.0,2026-09-13,,,,7,101.6,339.1,0.7,,8.47,,,-16.9,16.9,,,,
825034.0,2026-09-14,,,,10,100.4,380.8,14.4,,7.09,,,-14.2,14.2,,,,
825035.0,2026-09-12,,,,7,100.9,355.1,13.3,,8.47,,,-16.9,16.9,,,,
825036.0,2026-09-11,,,,9,101.5,351.7,10.2,,7.47,,,-14.9,14.9,,,,
825041.0,2026-08-24,,,,8,101.6,348.6,-2.2,,7.92,,,-15.8,15.8,,,,
825042.0,2026-08-25,,,,7,101.5,376.6,8.1,,8.47,,,-16.9,16.9,,,,
825044.0,2026-08-22,,,,13,102.1,365.8,9.9,,6.22,,,-12.4,12.4,,,,
825045.0,2026-08-21,,,,6,99.6,332.2,9.4,,9.15,,,-18.3,18.3,,,,
825046.0,2026-08-11,,,,7,100.7,388.4,11.2,,8.47,,,-16.9,16.9,,,,
825047.0,2026-08-12,,,,7,102.0,367.6,6.5,,8.47,,,-16.9,16.9,,,,
825049.0,2026-08-08,,,,9,98.7,345.4,5.2,,7.47,,,-14.9,14.9,,,,
825051.0,2026-08-07,,,,6,102.4,385.5,22.3,,9.15,,,-18.3,18.3,,,,
825052.0,2026-08-05,,,,9,102.0,374.0,22.6,,7.47,,,-14.9,14.9,,,,
825053.0,2026-08-06,,,,7,102.8,358.3,7.9,,8.47,,,-16.9,16.9,,,,
825054.0,2026-08-04,,,,9,102.3,336.1,3.2,,7.47,,,-14.9,14.9,,,,
825055.0,2026-07-22,,,,13,100.9,382.8,17.2,,6.22,,,-12.4,12.4,,,,
825056.0,2026-07-21,,,,8,102.5,377.6,7.7,,7.92,,,-15.8,15.8,,,,
825057.0,2026-07-19,,,,8,101.3,352.6,12.2,,7.92,,,-15.8,15.8,,,,
825058.0,2026-07-20,,,,9,101.8,365.8,5.3,,7.47,,,-14.9,14.9,,,,
825059.0,2026-07-18,,,,5,101.5,360.4,23.0,,10.02,,,-20.0,20.0,,,,
825060.0,2026-07-17,,,,10,101.6,358.5,5.3,,7.09,,,-14.2,14.2,,,,
825061.0,2026-07-05,,,,7,103.3,360.1,2.6,,8.47,,,-16.9,16.9,,,,
825062.0,2026-07-03,,,,8,101.4,372.2,7.6,,7.92,,,-15.8,15.8,,,,
825063.0,2026-07-04,,,,11,103.1,367.0,9.1,,6.76,,,-13.5,13.5,,,,
825064.0,2026-07-01,,,,7,101.8,373.3,12.9,,8.47,,,-16.9,16.9,,,,
825065.0,2026-06-29,,,,11,101.7,355.6,3.9,,6.76,,,-13.5,13.5,,,,
825066.0,2026-06-30,,,,10,102.4,354.6,8.7,,7.09,,,-14.2,14.2,,,,
825067.0,2026-06-21,,,,11,102.5,346.0,18.2,,6.76,,,-13.5,13.5,,,,
825068.0,2026-06-20,,,,7,101.7,376.7,19.3,,8.47,,,-16.9,16.9,,,,
825069.0,2026-06-19,,,,6,105.2,401.8,18.5,,9.15,,,-18.3,18.3,,,,
825070.0,2026-06-16,,,,7,103.1,389.9,16.8,,8.47,,,-16.9,16.9,,,,
825071.0,2026-06-15,,,,7,100.3,353.7,12.0,,8.47,,,-16.9,16.9,,,,
825072.0,2026-06-17,,,,7,100.2,352.3,10.1,,8.47,,,-16.9,16.9,,,,
825073.0,2026-06-05,,,,16,100.8,350.2,6.6,,5.6,,,-11.2,11.2,,,,
825074.0,2026-06-07,,,,8,102.8,372.9,-1.0,,7.92,,,-15.8,15.8,,,,
825075.0,2026-06-06,,,,5,102.2,374.4,15.3,,10.02,,,-20.0,20.0,,,,
825076.0,2026-06-04,,,,12,101.8,342.1,6.3,,6.47,,,-12.9,12.9,,,,
825077.0,2026-06-03,,,,6,103.0,312.5,-18.0,,9.15,,,-18.3,18.3,,,,
825078.0,2026-06-01,,,,9,102.8,363.2,12.4,,7.47,,,-14.9,14.9,,,,
825079.0,2026-06-02,,,,6,101.0,356.7,6.4,,9.15,,,-18.3,18.3,,,,
825080.0,2026-05-23,,,,5,101.6,372.6,8.1,,10.02,,,-20.0,20.0,,,,
825081.0,2026-05-24,,,,5,103.6,359.4,7.7,,10.02,,,-20.0,20.0,,,,
825082.0,2026-05-22,,,,5,101.0,366.8,-7.3,,10.02,,,-20.0,20.0,,,,
825085.0,2026-05-10,,,,6,100.3,365.5,-2.8,,9.15,,,-18.3,18.3,,,,
825086.0,2026-05-19,,,,10,103.4,372.3,7.5,,7.09,,,-14.2,14.2,,,,
825087.0,2026-05-18,,,,10,101.8,360.3,0.2,,7.09,,,-14.2,14.2,,,,
825088.0,2026-05-08,,,,9,100.9,352.4,10.5,,7.47,,,-14.9,14.9,,,,
825089.0,2026-05-09,,,,12,101.7,369.2,9.1,,6.47,,,-12.9,12.9,,,,
825090.0,2026-05-07,,,,7,102.1,355.3,1.4,,8.47,,,-16.9,16.9,,,,
825091.0,2026-05-06,,,,7,103.3,352.1,6.9,,8.47,,,-16.9,16.9,,,,
825092.0,2026-05-05,,,,8,101.6,360.0,2.6,,7.92,,,-15.8,15.8,,,,
825094.0,2026-04-26,,,,8,100.8,377.9,33.7,,7.92,,,-15.8,15.8,,,,
825096.0,2026-04-23,,,,8,101.7,351.5,16.7,,7.92,,,-15.8,15.8,,,,
825097.0,2026-04-22,,,,12,104.7,392.8,22.0,,6.47,,,-12.9,12.9,,,,
825100.0,2026-04-19,,,,9,104.1,345.6,5.8,,7.47,,,-14.9,14.9,,,,
825101.0,2026-04-17,,,,6,102.9,361.3,17.9,,9.15,,,-18.3,18.3,,,,
825106.0,2026-04-01,,,,9,99.9,355.7,7.5,,7.47,,,-14.9,14.9,,,,
825107.0,2026-03-31,,,,6,103.8,383.2,11.9,,9.15,,,-18.3,18.3,,,,
825108.0,2026-03-30,,,,11,102.2,373.0,9.8,,6.76,,,-13.5,13.5,,,,
849841.0,2026-09-30,,,,8,104.0,363.8,8.3,,7.92,,,-15.8,15.8,,,,
849842.0,2026-09-30,,,,7,102.3,345.6,3.0,,8.47,,,-16.9,16.9,,,,
849843.0,2026-09-29,,,,7,102.0,354.1,13.8,,8.47,,,-16.9,16.9,,,,
849844.0,2026-10-01,,,,7,101.7,375.6,10.7,,8.47,,,-16.9,16.9,,,,
849846.0,2026-09-30,,,,6,99.9,352.5,-5.9,,9.15,,,-18.3,18.3,,,,
849848.0,2026-09-30,,,,5,101.5,366.2,-0.4,,10.02,,,-20.0,20.0,,,,
849849.0,2026-09-29,,,,7,100.6,341.4,-1.6,,8.47,,,-16.9,16.9,,,,
849851.0,2026-09-29,,,,8,104.1,360.4,3.6,,7.92,,,-15.8,15.8,,,,
