export_date,Slot,Team,Player,Pitcher,Grade,TrueHR,Matchup,ZF,Form (gHR),SimHR%,ISO,xwOBA,PulledBrl%,Brl/BIP%,HR/FB%,FB%,HH%,LA°,Barrel Signal
2026-07-05,,HOU,Yordan Alvarez,Mason Englert,💥 Hittable,83,100,7.6,54.0,39.9%,0.438,0.499,3.7,10%,0.4,37.0,48.1,23.1,1
2026-07-05,,COL,Mickey Moniak,Tyler Mahle,💥 Hittable,76,93,5.0,48.0,32.2%,0.4,0.329,6.7,28.8%,0.429,23.3,43.3,24.1,1
2026-07-05,,STL,Bryan Torres,Javier Assad,🤔 Average,73,92,6.9,62.0,44.9%,0.535,0.354,10.0,25%,0.5,40.0,50.0,8.3,1
2026-07-05,,COL,Hunter Goodman,Tyler Mahle,💥 Hittable,71,93,7.7,40.0,29.6%,0.49,0.34,0.0,0%,0.715,24.1,34.5,19.7,1
2026-07-05,,DET,Kerry Carpenter,Kumar Rocker,🤔 Average,70,68,4.1,45.0,20.5%,0.26,0.313,14.3,50%,0.25,28.6,46.4,17.7,1
2026-07-05,,WSH,James Wood,Bubba Chandler,💥 Hittable,69,86,4.4,36.0,18%,0.372,0.424,2.9,19.7%,0.6,14.7,41.2,11.3,0
2026-07-05,,SF,Rafael Devers,Tanner Gordon,💥 Hittable,67,73,3.1,52.0,46.7%,0.409,0.32,7.1,19.9%,0.4,35.7,35.7,9.5,0
2026-07-05,,PIT,Endy Rodríguez,Cade Cavalli,🤔 Average,67,78,4.3,41.0,17.6%,0.311,0.373,4.5,12.4%,0.25,36.4,27.3,20.1,0
2026-07-05,,PHI,Bryce Harper,Luinder Avila,,65,80,4.4,32.0,15%,0.311,0.405,3.1,19.9%,0.401,15.6,34.4,16.7,0
2026-07-05,,WSH,Luis García Jr.,Bubba Chandler,💥 Hittable,65,77,4.3,57.0,36.4%,0.594,0.344,3.4,14.1%,0.715,24.1,44.8,6.5,0
2026-07-05,,MIN,Kody Clemens,Ryan Weathers,🤔 Average,64,53,3.6,52.0,27.1%,0.362,0.331,6.7,20.1%,0.4,33.3,43.3,15.2,0
2026-07-05,,DET,Riley Greene,Kumar Rocker,🤔 Average,64,70,3.1,49.0,21.9%,0.327,0.354,7.1,28.4%,0.428,25.0,39.3,9.2,0
2026-07-05,,CHC,Dansby Swanson,Matthew Liberatore,🎯 Target,63,76,4.1,43.0,35.8%,0.514,0.302,0.0,0%,0.499,38.5,42.3,25.7,0
2026-07-05,,CHC,Michael Conforto,Matthew Liberatore,🎯 Target,63,95,4.6,45.0,35.8%,0.385,0.326,4.5,14.2%,0.429,31.8,18.2,7.4,0
2026-07-05,,TB,Junior Caminero,Peter Lambert,🤔 Average,63,78,6.4,46.0,31.9%,0.53,0.387,0.0,44.5%,0.667,29.0,38.7,9.2,0
2026-07-05,,PHI,Brandon Marsh,Luinder Avila,,62,74,3.6,37.0,16.8%,0.3,0.329,9.4,60.3%,0.601,15.6,25.0,7.6,0
2026-07-05,,NYY,Ben Rice,Joe Ryan,‼️ Elite,61,46,5.1,37.0,13.1%,0.243,0.364,6.7,22.3%,0.222,30.0,23.3,12.7,0
2026-07-05,,MIN,Josh Bell,Ryan Weathers,🤔 Average,60,43,2.1,56.0,32.4%,0.483,0.32,7.4,33.3%,0.445,33.3,48.1,9.7,0
2026-07-05,,MIL,Garrett Mitchell,Eduardo Rodriguez,🤔 Average,60,55,2.5,53.0,26.1%,0.41,0.333,8.7,40.1%,0.401,21.7,56.5,8.3,0
2026-07-05,,PIT,Esmerlyn Valdez,Cade Cavalli,🤔 Average,60,76,6.2,38.0,22%,0.448,0.398,0.0,12.3%,0.375,23.5,29.4,9.5,0
2026-07-05,,SF,Bryce Eldridge,Tanner Gordon,💥 Hittable,60,72,3.2,40.0,17.6%,0.182,0.362,8.0,33.3%,0.167,24.0,36.0,27.5,0
2026-07-05,,BOS,Masataka Yoshida,Ryan Johnson,🎯 Target,60,46,0.0,45.0,52%,0.283,0.304,10.0,33.3%,0.333,30.0,50.0,15.6,0
2026-07-05,,ATL,Matt Olson,Nolan McLean,⚠️ Tough,59,55,4.3,40.0,11.9%,0.251,0.365,3.3,9.9%,0.2,33.3,40.0,13.6,0
2026-07-05,,KC,Carter Jensen,Aaron Nola,💥 Hittable,59,59,2.8,39.0,16.2%,0.254,0.284,8.0,28.6%,0.286,28.0,28.0,16.2,0
2026-07-05,,BOS,Willson Contreras,Ryan Johnson,🎯 Target,58,93,5.7,27.0,39.8%,0.29,0.359,0.0,12.5%,0.25,29.6,44.4,12.0,0
2026-07-05,,WSH,Daylen Lile,Bubba Chandler,💥 Hittable,58,63,2.4,38.0,26.2%,0.256,0.316,3.7,12.5%,0.25,29.6,37.0,14.7,0
2026-07-05,,AZ,Ketel Marte,Brandon Sproat,,57,60,2.9,48.0,30.9%,0.4,0.373,3.3,14.3%,0.285,46.7,33.3,-0.1,0
2026-07-05,,COL,Jake McCarthy,Tyler Mahle,,57,63,2.9,45.0,40.6%,0.353,0.301,5.9,25.1%,0.375,23.5,41.2,5.5,0
2026-07-05,,CWS,Colson Montgomery,Tanner Bibee,🤔 Average,57,73,5.8,38.0,9.7%,0.231,0.328,6.5,16.8%,0.167,38.7,16.1,26.1,0
2026-07-05,,SF,Heliot Ramos,Tanner Gordon,,56,59,3.2,29.0,40.6%,0.35,0.366,0.0,0%,0.333,25.0,50.0,18.1,0
2026-07-05,,ATL,Michael Harris II,Nolan McLean,⚠️ Tough,56,58,4.9,26.0,19.3%,0.215,0.367,3.3,16.5%,0.334,20.0,40.0,13.5,0
2026-07-05,,STL,Nelson Velázquez,Javier Assad,🤔 Average,56,67,5.9,39.0,20.8%,0.383,0.425,0.0,33.3%,0.333,30.0,50.0,9.9,0
2026-07-05,,LAD,Dalton Rushing,JP Sears,💥 Hittable,56,55,3.5,32.0,35.1%,0.251,0.33,3.7,20%,0.401,18.5,40.7,20.9,0
2026-07-05,,BAL,Samuel Basallo,Nick Lodolo,🎯 Target,56,40,3.4,39.0,27.4%,0.282,0.351,8.7,40.1%,0.401,21.7,30.4,25.7,0
2026-07-05,,PIT,Ryan O'Hearn,Cade Cavalli,🤔 Average,55,64,2.4,35.0,16.9%,0.183,0.306,2.8,12.6%,0.25,22.2,27.8,19.9,0
2026-07-05,,SD,Gavin Sheets,Emmet Sheehan,🤔 Average,55,72,4.6,29.0,23.8%,0.299,0.332,3.7,33.3%,0.668,11.1,18.5,13.6,0
2026-07-05,,NYM,Juan Soto,Martín Pérez,🤔 Average,55,64,3.7,35.0,9.9%,0.237,0.433,6.7,40.1%,0.199,16.7,33.3,7.3,0
2026-07-05,,HOU,Raynel Delgado,Mason Englert,💥 Hittable,55,46,3.4,43.0,34.8%,0.301,0.263,10.0,33.3%,0.333,30.0,40.0,10.9,0
2026-07-05,,SF,Victor Bericoto,Tanner Gordon,💥 Hittable,55,91,6.1,31.0,39.9%,0.342,0.31,0.0,20.2%,0.2,26.3,42.1,7.7,0
2026-07-05,,SEA,Dominic Canzone,Trey Yesavage,⚠️ Tough,55,58,4.5,35.0,16.9%,0.308,0.389,4.3,24.7%,0.5,17.4,30.4,33.6,0
2026-07-05,,LAD,Miguel Rojas,JP Sears,,54,65,1.4,29.0,51.9%,0.33,0.335,0.0,0%,0.25,28.6,50.0,23.9,0
2026-07-05,,LAD,Max Muncy,JP Sears,,54,67,5.1,32.0,16.1%,0.225,0.377,3.3,9.9%,0.1,33.3,23.3,25.9,0
2026-07-05,,NYM,MJ Melendez,Martín Pérez,🤔 Average,54,55,0.8,33.0,0%,0.158,0.279,10.0,50%,0.0,20.0,40.0,23.2,0
2026-07-05,,CHC,Pete Crow-Armstrong,Matthew Liberatore,,54,72,4.2,33.0,20.2%,0.292,0.369,0.0,0%,0.285,22.6,16.1,17.1,0
2026-07-05,,ATH,Nick Kurtz,Eury Pérez,,54,83,4.6,30.0,7.7%,0.15,0.396,3.7,25%,0.25,14.8,29.6,8.2,0
2026-07-05,,PHI,Kyle Schwarber,Luinder Avila,💥 Hittable,53,100,7.4,21.0,10.5%,0.216,0.385,0.0,0%,0.333,9.1,33.3,7.0,0
2026-07-05,,NYY,Trent Grisham,Joe Ryan,‼️ Elite,53,34,3.1,36.0,13.8%,0.337,0.362,0.0,0%,0.5,20.0,50.0,21.5,0
2026-07-05,,CHC,Seiya Suzuki,Matthew Liberatore,,53,71,3.3,20.0,15.8%,0.231,0.337,0.0,9%,0.181,32.4,26.5,19.8,0
2026-07-05,,MIA,Joe Mack,Unknown (695611),,53,51,2.9,38.0,25%,0.329,0.323,0.0,9%,0.273,47.8,26.1,23.1,0
2026-07-05,,LAA,Jose Siri,Ranger Suárez,⚠️ Tough,52,63,5.2,21.0,17.1%,0.289,0.302,0.0,100%,1.0,10.0,20.0,20.1,0
2026-07-05,,TEX,Joc Pederson,Casey Mize,‼️ Elite,51,35,3.9,22.0,6.7%,0.297,0.375,0.0,0%,1.003,10.5,36.8,18.0,0
2026-07-05,,TB,Cedric Mullins,Peter Lambert,🤔 Average,51,51,3.0,30.0,27.1%,0.314,0.277,0.0,0%,0.6,20.0,28.0,19.1,0
2026-07-05,,MIA,Kyle Stowers,Unknown (695611),🤔 Average,51,62,3.8,34.0,15.6%,0.347,0.335,0.0,0%,0.499,15.8,39.5,5.5,0
2026-07-05,,BAL,Coby Mayo,Nick Lodolo,🎯 Target,51,100,4.4,15.0,0%,0.181,0.287,0.0,0%,0.0,30.0,20.0,19.9,0
2026-07-05,,COL,Cole Carrigg,Tyler Mahle,,51,68,4.0,22.0,24%,0.301,0.331,0.0,20.1%,0.199,17.9,17.9,19.3,0
2026-07-05,,STL,Nathan Church,Javier Assad,,51,55,2.4,29.0,29.2%,0.307,0.3,0.0,0%,0.429,25.9,37.0,15.7,0
2026-07-05,,DET,Kevin McGonigle,Kumar Rocker,,51,62,1.6,30.0,6.8%,0.115,0.375,0.0,0%,0.091,32.4,32.4,19.0,0
2026-07-05,,MIL,Jake Bauers,Eduardo Rodriguez,,50,48,3.5,35.0,6.5%,0.17,0.366,3.3,12.4%,0.125,26.7,26.7,20.7,0
2026-07-05,,KC,Bobby Witt Jr.,Aaron Nola,,50,56,2.8,16.0,15.9%,0.268,0.383,0.0,33.3%,0.667,12.0,48.0,23.6,0
2026-07-05,,MIA,Owen Caissie,Unknown (695611),,50,45,3.1,33.0,11.4%,0.316,0.289,4.2,25.1%,0.499,16.7,25.0,24.1,0
2026-07-05,,STL,Alec Burleson,Javier Assad,,49,75,3.4,23.0,17.8%,0.144,0.381,0.0,0%,0.25,15.4,34.6,12.0,0
2026-07-05,,CWS,Miguel Vargas,Tanner Bibee,🤔 Average,49,58,3.8,29.0,10.3%,0.29,0.406,0.0,45.4%,0.182,30.6,38.9,8.3,0
2026-07-05,,COL,TJ Rumfield,Tyler Mahle,,49,70,3.2,24.0,0%,0.156,0.337,3.1,19.9%,0.0,15.6,18.8,18.4,0
2026-07-05,,TOR,Yohendrick Piñango,Emerson Hancock,⚠️ Tough,49,42,1.9,33.0,11.1%,0.132,0.317,4.5,19.8%,0.2,22.7,31.8,17.0,0
2026-07-05,,LAA,Zach Neto,Ranger Suárez,,49,67,3.8,23.0,10.3%,0.189,0.316,0.0,0%,0.111,32.1,35.7,21.1,0
2026-07-05,,CIN,JJ Bleday,Kyle Bradish,💥 Hittable,48,78,3.9,20.0,0%,0.237,0.376,0.0,0%,0.0,15.6,15.6,16.7,0
2026-07-05,,NYY,Max Schuemann,Joe Ryan,‼️ Elite,48,30,1.9,52.0,17%,0.626,0.362,0.0,33.3%,0.667,30.0,20.0,12.7,0
2026-07-05,,MIL,Jackson Chourio,Eduardo Rodriguez,🤔 Average,48,73,3.2,18.0,24%,0.25,0.341,0.0,0%,0.599,13.9,27.8,8.1,0
2026-07-05,,SEA,Cole Young,Trey Yesavage,,48,49,2.3,29.0,22.1%,0.242,0.322,4.0,25%,0.5,16.0,24.0,13.8,0
2026-07-05,,CWS,Randal Grichuk,Tanner Bibee,🤔 Average,47,70,8.9,21.0,0%,0.243,0.395,0.0,33.3%,0.0,27.3,36.4,12.9,0
2026-07-05,,ATL,Ozzie Albies,Nolan McLean,⚠️ Tough,47,41,2.3,25.0,15.4%,0.263,0.302,3.2,11%,0.222,29.0,19.4,17.0,0
2026-07-05,,PHI,Alec Bohm,Luinder Avila,💥 Hittable,47,49,2.5,25.0,20.2%,0.279,0.304,0.0,50%,0.499,15.4,42.3,13.2,0
2026-07-05,,MIA,Otto Lopez,Unknown (695611),,47,49,1.9,27.0,18%,0.32,0.325,0.0,0%,0.25,24.2,27.3,23.4,0
2026-07-05,,WSH,CJ Abrams,Bubba Chandler,💥 Hittable,47,64,3.2,19.0,11.8%,0.219,0.329,0.0,0%,0.201,19.2,19.2,19.8,0
2026-07-05,,CIN,Sal Stewart,Kyle Bradish,💥 Hittable,47,60,3.6,29.0,26%,0.293,0.342,0.0,22.4%,0.333,25.0,33.3,5.5,0
2026-07-05,,LAD,Freddie Freeman,JP Sears,,46,49,2.3,26.0,33.9%,0.252,0.382,0.0,0%,0.334,17.1,34.3,12.1,0
2026-07-05,,LAD,Andy Pages,JP Sears,💥 Hittable,46,68,2.6,28.0,23.9%,0.179,0.342,0.0,28.8%,0.143,18.4,23.7,27.4,0
2026-07-05,,CIN,Elly De La Cruz,Kyle Bradish,💥 Hittable,46,71,3.7,23.0,14.4%,0.129,0.358,0.0,0%,0.25,10.5,26.3,13.7,0
2026-07-05,,DET,Colt Keith,Kumar Rocker,,46,48,1.9,36.0,10.9%,0.171,0.315,4.8,16.8%,0.166,28.6,33.3,11.1,0
2026-07-05,,SD,Sung-Mun Song,Emmet Sheehan,🤔 Average,46,51,1.1,30.0,25.9%,0.302,0.272,0.0,0%,0.499,16.7,33.3,21.5,0
2026-07-05,,LAD,Teoscar Hernández,JP Sears,,45,57,1.6,24.0,18%,0.158,0.304,0.0,14.2%,0.143,31.8,27.3,20.9,0
2026-07-05,,LAD,Kyle Tucker,JP Sears,,45,39,1.8,37.0,13.5%,0.13,0.317,2.9,12.7%,0.125,22.9,22.9,20.1,0
2026-07-05,,PIT,Brandon Lowe,Cade Cavalli,🤔 Average,45,75,4.3,24.0,8.5%,0.171,0.356,0.0,0%,0.2,14.3,22.9,9.7,0
2026-07-05,,SEA,Randy Arozarena,Trey Yesavage,⚠️ Tough,45,37,2.3,19.0,17%,0.257,0.346,0.0,24.8%,0.5,12.9,29.0,18.4,0
2026-07-05,,LAD,Tommy Edman,JP Sears,,45,53,1.6,21.0,38%,0.239,0.37,0.0,0%,0.25,14.3,28.6,14.3,0
2026-07-05,,TEX,Josh Smith,Casey Mize,‼️ Elite,45,28,1.0,49.0,20.2%,0.334,0.29,10.0,33.3%,0.333,30.0,20.0,2.9,0
2026-07-05,,ATH,Colby Thomas,Eury Pérez,,45,39,3.9,27.0,15.4%,0.281,0.277,0.0,20%,0.4,25.0,35.0,20.9,0
2026-07-05,,STL,JJ Wetherholt,Javier Assad,,45,55,2.8,31.0,8.5%,0.152,0.371,0.0,0%,0.111,27.3,36.4,10.5,0
2026-07-05,,TEX,Elias Díaz,Casey Mize,,44,45,3.8,23.0,29%,0.295,0.279,0.0,14.4%,0.285,29.2,29.2,16.1,0
2026-07-05,,NYM,Francisco Lindor,Martín Pérez,🤔 Average,44,53,2.4,26.0,17.2%,0.28,0.38,0.0,0%,0.401,19.2,46.2,3.9,0
2026-07-05,,MIL,Gary Sánchez,Eduardo Rodriguez,,44,63,2.2,27.0,27.3%,0.269,0.378,0.0,25%,0.25,30.8,30.8,37.7,0
2026-07-05,,SF,Luis Arraez,Tanner Gordon,,44,50,1.2,28.0,19.4%,0.212,0.313,0.0,0%,0.111,31.0,24.1,22.6,0
2026-07-05,,LAD,Shohei Ohtani,JP Sears,,44,47,3.7,23.0,16.3%,0.149,0.396,0.0,0%,0.199,15.2,24.2,18.5,0
2026-07-05,,WSH,Keibert Ruiz,Bubba Chandler,💥 Hittable,44,64,2.4,29.0,0%,0.094,0.284,6.7,25.1%,0.0,26.7,33.3,6.1,0
2026-07-05,,STL,Lars Nootbaar,Javier Assad,🤔 Average,44,59,2.2,19.0,0%,0.087,0.354,4.3,19.8%,0.0,21.7,34.8,13.3,0
2026-07-05,,CLE,Bo Naylor,Chris Murphy,💥 Hittable,44,41,1.4,29.0,28.3%,0.259,0.298,0.0,0%,0.333,30.0,50.0,13.5,0
2026-07-05,,TB,Ryan Vilade,Peter Lambert,🤔 Average,44,56,3.9,23.0,28.7%,0.332,0.315,0.0,50%,0.5,20.0,30.0,26.3,0
2026-07-05,,MIN,Royce Lewis,Ryan Weathers,🤔 Average,44,67,4.1,25.0,10.9%,0.175,0.283,0.0,0%,0.125,26.7,26.7,14.7,0
2026-07-05,,MIA,Heriberto Hernandez,Unknown (695611),,44,66,3.3,19.0,11.2%,0.255,0.355,0.0,16.7%,0.167,24.0,32.0,9.9,0
2026-07-05,,AZ,Corbin Carroll,Brandon Sproat,💥 Hittable,44,66,2.8,17.0,0%,0.242,0.343,0.0,0%,0.0,3.3,16.7,17.0,0
2026-07-05,,MIA,Graham Pauley,Unknown (695611),,44,29,1.1,34.0,0%,0.184,0.238,10.0,50%,0.0,20.0,50.0,11.8,0
2026-07-05,,COL,Kyle Karros,Tyler Mahle,,44,56,2.0,25.0,29.1%,0.325,0.34,0.0,0%,0.333,18.2,30.3,8.2,0
2026-07-05,,DET,Dillon Dingler,Kumar Rocker,,44,77,5.3,19.0,0%,0.192,0.368,0.0,9.9%,0.0,33.3,26.7,10.7,0
2026-07-05,,HOU,Cam Smith,Mason Englert,,44,53,3.2,19.0,23.4%,0.304,0.33,0.0,19.8%,0.601,19.2,42.3,7.1,0
2026-07-05,,MIN,Byron Buxton,Ryan Weathers,🤔 Average,43,75,6.3,11.0,0%,0.17,0.356,0.0,0%,0.0,21.4,14.3,20.3,0
2026-07-05,,HOU,Taylor Trammell,Mason Englert,,43,63,3.3,29.0,14.7%,0.192,0.304,0.0,0%,0.167,26.1,21.7,12.9,0
2026-07-05,,NYM,Mark Vientos,Martín Pérez,🤔 Average,43,66,3.2,23.0,15.5%,0.239,0.324,0.0,33.5%,0.334,20.0,26.7,9.4,0
2026-07-05,,BAL,Adley Rutschman,Nick Lodolo,🎯 Target,43,60,3.3,25.0,0%,0.173,0.343,0.0,0%,0.0,28.6,19.0,16.1,0
2026-07-05,,ATH,Shea Langeliers,Eury Pérez,⚠️ Tough,43,49,4.5,21.0,6.4%,0.14,0.377,0.0,39.9%,0.2,20.8,25.0,15.6,0
2026-07-05,,WSH,José Tena,Bubba Chandler,💥 Hittable,43,47,1.2,23.0,19%,0.263,0.312,0.0,0%,0.996,6.7,46.7,11.6,0
2026-07-05,,SF,Jesus Rodriguez,Tanner Gordon,,43,77,6.2,25.0,46.7%,0.297,0.289,0.0,0%,0.333,30.0,20.0,6.9,0
2026-07-05,,CHC,Michael Busch,Matthew Liberatore,,43,47,2.6,23.0,11%,0.209,0.353,0.0,0%,0.25,24.2,15.2,22.1,0
2026-07-05,,KC,Isaac Collins,Aaron Nola,💥 Hittable,43,43,0.9,25.0,16.8%,0.269,0.313,0.0,0%,0.2,31.2,37.5,12.8,0
2026-07-05,,STL,Jordan Walker,Javier Assad,,43,56,3.3,19.0,16.5%,0.208,0.345,0.0,0%,0.5,7.7,26.9,22.9,0
2026-07-05,,COL,Sterlin Thompson,Tyler Mahle,,43,41,1.4,38.0,33.5%,0.384,0.302,0.0,0%,0.333,30.0,30.0,9.7,0
2026-07-05,,CLE,Chase DeLauter,Chris Murphy,💥 Hittable,43,52,1.1,17.0,0%,0.108,0.322,0.0,0%,0.0,16.1,45.2,18.4,0
2026-07-05,,HOU,Christian Walker,Mason Englert,,42,53,4.0,21.0,19.1%,0.18,0.307,0.0,0%,0.503,7.1,21.4,20.3,0
2026-07-05,,ATL,Mike Yastrzemski,Nolan McLean,⚠️ Tough,42,37,2.1,27.0,11.3%,0.189,0.313,0.0,0%,0.25,20.0,30.0,16.7,0
2026-07-05,,LAD,Mookie Betts,JP Sears,💥 Hittable,42,58,3.0,19.0,19.9%,0.223,0.335,0.0,14.2%,0.142,21.9,46.9,30.5,0
2026-07-05,,BAL,Tyler O'Neill,Nick Lodolo,🎯 Target,42,49,1.3,33.0,25.6%,0.357,0.298,0.0,33.3%,0.333,30.0,30.0,31.1,0
2026-07-05,,MIN,Trevor Larnach,Ryan Weathers,🤔 Average,42,53,2.6,27.0,11.2%,0.205,0.341,0.0,0%,0.143,23.3,40.0,9.5,0
2026-07-05,,MIA,Griffin Conine,Unknown (695611),,42,64,4.1,20.0,11%,0.163,0.348,0.0,0%,1.009,3.3,30.0,9.5,0
2026-07-05,,PIT,Bryan Reynolds,Cade Cavalli,🤔 Average,42,62,2.6,21.0,8.1%,0.163,0.358,0.0,0%,0.249,10.3,20.5,12.2,0
2026-07-05,,SF,Casey Schmitt,Tanner Gordon,,42,64,4.6,13.0,0%,0.095,0.35,0.0,0%,0.0,30.8,42.3,16.3,0
2026-07-05,,CIN,TJ Friedl,Kyle Bradish,💥 Hittable,42,42,1.8,30.0,20.8%,0.286,0.248,0.0,0%,0.2,27.8,22.2,18.1,0
2026-07-05,,TOR,Kazuma Okamoto,Emerson Hancock,,42,61,4.1,13.0,0%,0.218,0.345,0.0,0%,0.0,13.0,26.1,21.3,0
2026-07-05,,CLE,David Fry,Chris Murphy,,42,60,5.0,27.0,20.4%,0.345,0.276,0.0,33.2%,0.668,21.4,28.6,33.6,0
2026-07-05,,NYY,Jasson Domínguez,Joe Ryan,‼️ Elite,42,30,3.3,32.0,7.3%,0.168,0.282,3.7,14.3%,0.143,25.9,37.0,11.7,0
2026-07-05,,PHI,Trea Turner,Luinder Avila,,41,44,1.7,19.0,18.4%,0.237,0.281,0.0,0%,0.273,33.3,33.3,13.3,0
2026-07-05,,CHC,Carson Kelly,Matthew Liberatore,,41,65,2.0,11.0,0%,0.13,0.33,0.0,0%,0.0,21.4,21.4,21.9,0
2026-07-05,,CWS,Andrew Benintendi,Tanner Bibee,🤔 Average,41,59,2.4,13.0,0%,0.098,0.333,0.0,0%,0.0,16.7,37.5,17.3,0
2026-07-05,,SD,Fernando Tatis Jr.,Emmet Sheehan,🤔 Average,41,47,0.9,17.0,20.6%,0.207,0.354,0.0,16.5%,0.333,15.8,36.8,12.6,0
2026-07-05,,TB,Jonny DeLuca,Peter Lambert,,41,47,3.6,21.0,31.5%,0.287,0.272,0.0,0%,0.499,15.4,23.1,22.5,0
2026-07-05,,BOS,Anthony Seigler,Ryan Johnson,🎯 Target,41,61,1.8,19.0,34.5%,0.251,0.326,0.0,0%,0.25,16.7,20.8,8.5,0
2026-07-05,,DET,Spencer Torkelson,Kumar Rocker,,41,61,4.1,17.0,15.9%,0.239,0.317,0.0,16.4%,0.333,20.7,34.5,8.0,0
2026-07-05,,AZ,Adrian Del Castillo,Brandon Sproat,💥 Hittable,41,67,3.3,30.0,23.7%,0.173,0.276,0.0,0%,0.25,28.6,14.3,11.2,0
2026-07-05,,ATL,Drake Baldwin,Nolan McLean,⚠️ Tough,41,40,4.1,20.0,0%,0.2,0.389,3.2,24.8%,0.0,12.9,22.6,14.1,0
2026-07-05,,STL,Thomas Saggese,Javier Assad,,41,45,2.6,36.0,15.6%,0.518,0.301,0.0,0%,0.5,20.0,20.0,10.3,0
2026-07-05,,KC,Jac Caglianone,Aaron Nola,,41,68,3.5,15.0,0%,0.202,0.386,0.0,0%,0.0,5.0,45.0,1.1,0
2026-07-05,,CLE,Kyle Manzardo,Chris Murphy,💥 Hittable,41,40,3.1,35.0,10.1%,0.134,0.295,4.0,16.7%,0.167,24.0,16.0,10.5,0
2026-07-05,,NYY,Giancarlo Stanton,Joe Ryan,‼️ Elite,40,36,3.3,12.0,0%,0.113,0.364,0.0,0%,0.0,10.0,50.0,23.9,0
2026-07-05,,SD,Manny Machado,Emmet Sheehan,,40,47,3.4,24.0,21.1%,0.333,0.317,0.0,9.9%,0.3,29.4,26.5,5.5,0
2026-07-05,,NYM,Tyrone Taylor,Martín Pérez,🤔 Average,40,51,2.4,30.0,27.6%,0.274,0.269,0.0,33.3%,0.333,27.3,18.2,14.1,0
2026-07-05,,BAL,Pete Alonso,Nick Lodolo,🎯 Target,40,68,3.4,16.0,10%,0.218,0.391,0.0,16.5%,0.167,20.0,26.7,6.5,0
2026-07-05,,TOR,Nathan Lukes,Emerson Hancock,,40,50,1.1,19.0,25.5%,0.123,0.301,0.0,0%,0.333,10.0,20.0,20.9,0
2026-07-05,,WSH,Andrés Chaparro,Bubba Chandler,💥 Hittable,40,20,0.0,18.0,10.7%,0.238,0.361,0.0,0%,0.5,20.0,40.0,20.4,0
2026-07-05,,CIN,Spencer Steer,Kyle Bradish,💥 Hittable,40,59,3.4,12.0,0%,0.184,0.327,0.0,0%,0.0,12.5,33.3,14.7,0
2026-07-05,,AZ,Jorge Barrosa,Brandon Sproat,,40,40,2.2,37.0,32.3%,0.367,0.226,0.0,0%,0.25,40.0,40.0,8.1,0
2026-07-05,,CWS,Sam Antonacci,Tanner Bibee,🤔 Average,40,55,1.5,31.0,9.4%,0.168,0.363,0.0,0%,0.111,31.0,27.6,1.7,0
2026-07-05,,NYM,A.J. Ewing,Martín Pérez,🤔 Average,40,34,0.5,35.0,8.5%,0.146,0.343,4.2,14.4%,0.143,29.2,29.2,9.7,0
2026-07-05,,LAA,Jorge Soler,Ranger Suárez,,39,55,2.6,15.0,0%,0.182,0.301,0.0,0%,0.0,25.0,20.8,20.2,0
2026-07-05,,TOR,Daulton Varsho,Emerson Hancock,,39,53,2.3,19.0,0%,0.117,0.293,0.0,0%,0.0,27.3,22.7,19.1,0
2026-07-05,,TB,Jonathan Aranda,Peter Lambert,,39,63,2.3,22.0,19.1%,0.142,0.362,0.0,0%,0.25,12.9,22.6,6.5,0
2026-07-05,,LAA,Josh Lowe,Ranger Suárez,⚠️ Tough,39,18,0.7,40.0,14.5%,0.322,0.288,0.0,0%,0.222,42.9,38.1,28.7,0
2026-07-05,,SD,Luis Campusano,Emmet Sheehan,,39,82,5.4,15.0,4.5%,0.296,0.309,0.0,,,0.0,0.0,10.1,0
2026-07-05,,PHI,Gabriel Rincones Jr.,Luinder Avila,,39,38,2.2,35.0,13.7%,0.179,0.199,5.0,25%,0.25,20.0,20.0,28.3,0
2026-07-05,,MIL,Christian Yelich,Eduardo Rodriguez,,38,41,2.2,30.0,10.9%,0.121,0.311,7.1,49.7%,0.25,14.3,21.4,-6.5,0
2026-07-05,,TB,Yandy Díaz,Peter Lambert,,38,61,2.9,15.0,0%,0.169,0.382,0.0,0%,0.0,7.7,46.2,4.3,0
2026-07-05,,HOU,Isaac Paredes,Mason Englert,,38,47,3.7,21.0,13.6%,0.132,0.321,0.0,0%,0.125,25.8,19.4,23.5,0
2026-07-05,,TEX,Josh Jung,Casey Mize,,38,51,2.5,17.0,18.6%,0.221,0.342,0.0,33%,0.333,9.1,36.4,7.3,0
2026-07-05,,BOS,Wilyer Abreu,Ryan Johnson,,38,48,2.1,23.0,0%,0.147,0.346,0.0,0%,0.0,22.6,16.1,20.8,0
2026-07-05,,PIT,Henry Davis,Cade Cavalli,🤔 Average,38,45,3.6,16.0,14.2%,0.255,0.293,0.0,0%,0.499,14.3,14.3,17.5,0
2026-07-05,,CIN,Noelvi Marte,Kyle Bradish,💥 Hittable,38,56,5.2,18.0,17.3%,0.14,0.309,0.0,0%,0.25,13.8,27.6,11.1,0
2026-07-05,,MIL,Andrew Vaughn,Eduardo Rodriguez,🤔 Average,38,66,0.6,15.0,0%,0.213,0.37,0.0,0%,0.0,20.0,25.0,1.5,0
2026-07-05,,TEX,Evan Carter,Casey Mize,,38,45,2.1,20.0,16.1%,0.23,0.3,0.0,0%,0.996,6.7,20.0,24.3,0
2026-07-05,,SD,Jackson Merrill,Emmet Sheehan,,38,43,1.1,30.0,19.1%,0.166,0.293,3.1,16.5%,0.332,18.8,28.1,7.0,0
2026-07-05,,NYM,Carson Benge,Martín Pérez,🤔 Average,38,53,2.3,23.0,12.1%,0.148,0.338,0.0,0%,0.201,16.1,25.8,10.2,0
2026-07-05,,MIN,Luke Keaschall,Ryan Weathers,🤔 Average,38,45,0.7,22.0,28%,0.254,0.306,0.0,0%,0.285,29.2,20.8,11.3,0
2026-07-05,,CLE,Austin Hedges,Chris Murphy,,37,44,1.5,26.0,23.6%,0.309,0.292,0.0,0%,0.4,27.8,33.3,4.9,0
2026-07-05,,CHC,Alex Bregman,Matthew Liberatore,,37,55,1.3,20.0,13.7%,0.128,0.328,0.0,0%,0.2,14.7,20.6,11.3,0
2026-07-05,,LAA,Donovan Walton,Ranger Suárez,⚠️ Tough,37,32,2.3,20.0,0%,0.178,0.321,0.0,0%,0.0,20.0,30.0,17.8,0
2026-07-05,,ATL,Mauricio Dubón,Nolan McLean,⚠️ Tough,37,31,2.0,15.0,12.4%,0.202,0.323,0.0,0%,0.25,13.8,27.6,21.9,0
2026-07-05,,SD,Ty France,Emmet Sheehan,,37,58,3.3,13.0,0%,0.163,0.316,0.0,0%,0.0,14.3,21.4,16.4,0
2026-07-05,,TOR,Myles Straw,Emerson Hancock,,37,32,1.1,18.0,34.1%,0.259,0.279,0.0,0%,0.333,30.0,40.0,13.7,0
2026-07-05,,COL,Brett Sullivan,Tyler Mahle,,37,53,3.6,16.0,0%,0.165,0.268,0.0,0%,0.0,18.2,45.5,25.5,0
2026-07-05,,LAA,Jo Adell,Ranger Suárez,,37,54,2.0,13.0,0%,0.142,0.291,0.0,0%,0.0,23.1,34.6,22.7,0
2026-07-05,,AZ,Lourdes Gurriel Jr.,Brandon Sproat,,37,41,0.8,23.0,16.9%,0.184,0.299,0.0,0%,0.25,17.4,30.4,24.5,0
2026-07-05,,TOR,Alejandro Kirk,Emerson Hancock,,37,46,2.9,20.0,18.5%,0.132,0.277,0.0,25%,0.25,20.0,35.0,15.1,0
2026-07-05,,TEX,Justin Foscue,Casey Mize,,37,45,4.0,15.0,0%,0.211,0.374,0.0,0%,0.0,7.1,21.4,17.2,0
2026-07-05,,ATH,Zack Gelof,Eury Pérez,,37,64,3.6,19.0,0%,0.2,0.289,0.0,0%,0.0,10.0,60.0,-0.3,0
2026-07-05,,COL,Troy Johnston,Tyler Mahle,,37,57,0.4,21.0,0%,0.073,0.341,0.0,0%,0.0,26.1,26.1,12.1,0
2026-07-05,,CWS,Drew Romo,Tanner Bibee,🤔 Average,37,48,3.6,26.0,0%,0.19,0.269,0.0,0%,0.0,30.0,20.0,17.2,0
2026-07-05,,AZ,Ildemaro Vargas,Brandon Sproat,,36,44,2.4,10.0,0%,0.102,0.3,0.0,0%,0.0,8.3,41.7,18.7,0
2026-07-05,,CIN,Eugenio Suárez,Kyle Bradish,💥 Hittable,36,52,3.5,21.0,13.4%,0.15,0.278,0.0,0%,0.199,16.7,16.7,26.1,0
2026-07-05,,MIN,Victor Caratini,Ryan Weathers,🤔 Average,36,43,1.9,21.0,16%,0.206,0.345,0.0,0%,0.25,20.0,15.0,13.1,0
2026-07-05,,NYM,Luis Torrens,Martín Pérez,🤔 Average,36,45,1.5,21.0,18.4%,0.196,0.274,0.0,0%,0.999,7.7,30.8,9.3,0
2026-07-05,,BAL,Taylor Ward,Nick Lodolo,🎯 Target,36,56,1.0,10.0,0%,0.1,0.338,0.0,12.4%,0.0,25.8,19.4,14.7,0
2026-07-05,,CIN,Jose Trevino,Kyle Bradish,💥 Hittable,36,44,1.8,24.0,31%,0.249,0.27,0.0,0%,0.334,20.0,46.7,2.7,0
2026-07-05,,NYY,Amed Rosario,Joe Ryan,‼️ Elite,36,30,3.5,20.0,12.2%,0.302,0.324,0.0,0%,1.987,5.3,26.3,5.0,0
2026-07-05,,SEA,Josh Naylor,Trey Yesavage,,36,44,1.5,16.0,0%,0.056,0.33,3.2,16.5%,0.0,19.4,25.8,24.4,0
2026-07-05,,COL,Willi Castro,Tyler Mahle,💥 Hittable,36,55,1.6,12.0,0%,0.116,0.299,0.0,0%,0.0,17.4,21.7,17.4,0
2026-07-05,,MIL,William Contreras,Eduardo Rodriguez,,36,57,2.2,9.0,0%,0.121,0.346,0.0,0%,0.0,12.1,27.3,13.5,0
2026-07-05,,CHC,Ian Happ,Matthew Liberatore,,36,40,3.7,25.0,6.5%,0.148,0.324,3.4,19.8%,0.201,17.2,13.8,10.4,0
2026-07-05,,SEA,Luke Raley,Trey Yesavage,,36,63,4.3,14.0,2.5%,0.237,0.365,0.0,,,0.0,14.3,7.0,0
2026-07-05,,NYM,Eric Wagaman,Martín Pérez,🤔 Average,36,72,3.1,13.0,4.5%,0.214,0.339,0.0,,,0.0,10.0,7.3,0
2026-07-05,,PHI,Bryson Stott,Luinder Avila,,36,43,1.2,16.0,0%,0.15,0.314,0.0,0%,0.0,20.7,20.7,19.6,0
2026-07-05,,CHC,Pedro Ramírez,Matthew Liberatore,,36,62,1.7,11.0,3.9%,0.174,0.317,0.0,,,0.0,30.0,9.3,0
2026-07-05,,NYY,Paul Goldschmidt,Joe Ryan,‼️ Elite,35,29,4.4,17.0,0%,0.243,0.347,0.0,33.5%,0.0,15.8,15.8,17.1,0
2026-07-05,,AZ,Nolan Arenado,Brandon Sproat,,35,51,2.5,22.0,10.5%,0.172,0.3,0.0,16.5%,0.167,23.1,23.1,28.9,0
2026-07-05,,PHI,J.T. Realmuto,Luinder Avila,,35,39,2.3,22.0,10.7%,0.174,0.317,0.0,0%,0.25,20.0,15.0,15.3,0
2026-07-05,,TEX,Brandon Nimmo,Casey Mize,‼️ Elite,35,31,1.8,16.0,0%,0.155,0.396,0.0,0%,0.0,15.4,30.8,11.3,0
2026-07-05,,SEA,J.P. Crawford,Trey Yesavage,,35,53,3.5,8.0,0%,0.073,0.329,0.0,0%,0.0,3.1,37.5,12.5,0
2026-07-05,,ATH,Jonah Heim,Eury Pérez,,35,51,4.8,17.0,12.2%,0.234,0.328,0.0,39.7%,0.399,17.9,25.0,3.3,0
2026-07-05,,MIL,Brice Turang,Eduardo Rodriguez,,35,38,3.0,28.0,10.7%,0.177,0.345,2.6,24.8%,0.25,10.5,26.3,4.5,0
2026-07-05,,PIT,Jared Triolo,Cade Cavalli,🤔 Average,35,25,0.5,18.0,14.8%,0.246,0.271,0.0,0%,0.334,12.5,33.3,16.4,0
2026-07-05,,LAA,Oswald Peraza,Ranger Suárez,,35,65,2.4,10.0,0%,0.149,0.298,0.0,0%,0.0,9.1,18.2,11.9,0
2026-07-05,,ATH,Alika Williams,Eury Pérez,,35,42,2.4,19.0,16.6%,0.163,0.221,0.0,0%,0.333,12.0,20.0,16.7,0
2026-07-05,,TB,Richie Palacios,Peter Lambert,,35,30,0.6,29.0,19%,0.159,0.29,0.0,0%,0.2,31.2,12.5,18.2,0
2026-07-05,,BAL,Gunnar Henderson,Nick Lodolo,🎯 Target,35,46,2.6,15.0,0%,0.113,0.296,0.0,0%,0.0,21.9,28.1,15.6,0
2026-07-05,,KC,Michael Massey,Aaron Nola,,35,53,2.2,11.0,3.4%,0.167,0.312,0.0,,,0.0,19.0,15.3,0
2026-07-05,,MIN,Brooks Lee,Ryan Weathers,🤔 Average,35,50,2.9,16.0,0%,0.107,0.292,0.0,0%,0.0,22.6,29.0,16.0,0
2026-07-05,,DET,Hao-Yu  Lee,Kumar Rocker,,35,40,2.4,17.0,18.4%,0.245,0.273,0.0,0%,0.499,16.7,29.2,10.1,0
2026-07-05,,TOR,George Springer,Emerson Hancock,,34,43,3.2,11.0,2.7%,0.15,0.303,0.0,,,0.0,33.3,15.1,0
2026-07-05,,ATL,Dominic Smith,Nolan McLean,⚠️ Tough,34,37,1.2,8.0,0%,0.076,0.326,0.0,0%,0.0,11.8,35.3,15.5,0
2026-07-05,,PHI,Derek Hill,Luinder Avila,,34,71,5.5,9.0,3%,0.177,0.278,0.0,,,0.0,0.0,11.9,0
2026-07-05,,SEA,Cal Raleigh,Trey Yesavage,,34,49,3.1,27.0,9.8%,0.14,0.285,0.0,0%,0.167,21.4,17.9,29.3,0
2026-07-05,,CIN,Tyler Stephenson,Kyle Bradish,💥 Hittable,34,44,1.4,18.0,0%,0.196,0.338,0.0,0%,0.0,18.8,37.5,32.1,0
2026-07-05,,MIA,Esteury Ruiz,Unknown (695611),🤔 Average,34,52,3.3,15.0,0%,0.239,0.311,0.0,0%,0.0,20.0,0.0,23.9,0
2026-07-05,,MIN,Austin Martin,Ryan Weathers,🤔 Average,34,49,0.4,7.0,0%,0.081,0.314,0.0,0%,0.0,20.0,30.0,15.6,0
2026-07-05,,LAD,Ryan Ward,JP Sears,,34,49,4.7,25.0,0%,0.236,0.313,0.0,0%,0.0,30.0,10.0,28.3,0
2026-07-05,,DET,James Outman,Kumar Rocker,🤔 Average,34,68,6.9,21.0,6.1%,0.136,0.236,0.0,0%,0.2,18.5,0.0,11.3,0
2026-07-05,,STL,Masyn Winn,Javier Assad,,34,43,0.7,21.0,10.6%,0.125,0.299,0.0,14.3%,0.143,25.9,22.2,24.7,0
2026-07-05,,MIA,Javier Sanoja,Unknown (695611),,34,34,0.6,24.0,18.5%,0.29,0.29,0.0,33%,0.335,10.3,44.8,3.4,0
2026-07-05,,CWS,Jacob Gonzalez,Tanner Bibee,🤔 Average,34,47,1.1,13.0,0%,0.14,0.315,0.0,0%,0.0,14.8,44.4,8.1,0
2026-07-05,,AZ,LuJames Groover,Brandon Sproat,,34,36,1.6,21.0,10.5%,0.296,0.276,0.0,100%,1.0,10.0,10.0,23.8,0
2026-07-05,,MIA,Jakob Marsee,Unknown (695611),,34,36,0.9,25.0,7.9%,0.12,0.295,0.0,0%,0.166,18.2,18.2,15.3,0
2026-07-05,,MIL,Blake Perkins,Eduardo Rodriguez,,33,43,1.1,8.0,0%,0.113,0.267,0.0,0%,0.0,20.0,30.0,20.5,0
2026-07-05,,DET,Matt Vierling,Kumar Rocker,,33,35,1.5,9.0,0%,0.129,0.301,0.0,0%,0.0,12.5,43.8,22.7,0
2026-07-05,,MIA,Xavier Edwards,Unknown (695611),,33,40,1.2,18.0,0%,0.087,0.332,0.0,0%,0.0,22.9,11.4,18.1,0
2026-07-05,,AZ,Gabriel Moreno,Brandon Sproat,,33,46,2.2,11.0,0%,0.145,0.36,0.0,0%,0.0,3.8,30.8,9.1,0
2026-07-05,,HOU,Yainer Diaz,Mason Englert,,33,39,1.7,18.0,21.5%,0.142,0.278,0.0,33.3%,0.333,12.0,28.0,13.5,0
2026-07-05,,COL,Ezequiel Tovar,Tyler Mahle,,33,40,2.9,25.0,19.4%,0.171,0.269,0.0,14.3%,0.143,28.0,16.0,26.5,0
2026-07-05,,CIN,Matt McLain,Kyle Bradish,💥 Hittable,33,50,2.6,9.0,0%,0.139,0.319,0.0,0%,0.0,20.0,6.7,18.4,0
2026-07-05,,MIA,Agustín Ramírez,Unknown (695611),,33,39,2.0,11.0,0%,0.115,0.285,0.0,0%,0.0,10.0,30.0,17.5,0
2026-07-05,,TB,Victor Mesa Jr.,Peter Lambert,,33,52,2.5,15.0,0%,0.088,0.29,0.0,0%,0.0,16.7,20.8,24.5,0
2026-07-05,,MIA,Liam Hicks,Unknown (695611),,33,62,4.1,15.0,0%,0.176,0.323,0.0,0%,0.0,12.0,20.0,6.5,0
2026-07-05,,CWS,Kyle Teel,Tanner Bibee,🤔 Average,33,54,2.9,9.0,0%,0.09,0.332,0.0,0%,0.0,11.5,26.9,13.1,0
2026-07-05,,CHC,Moisés Ballesteros,Matthew Liberatore,,33,40,2.3,13.0,0%,0.12,0.321,0.0,0%,0.0,10.0,30.0,15.5,0
2026-07-05,,LAA,Nolan Schanuel,Ranger Suárez,,33,36,1.7,18.0,0%,0.119,0.334,0.0,0%,0.0,25.0,25.0,17.4,0
2026-07-05,,BAL,Jackson Holliday,Nick Lodolo,🎯 Target,33,52,3.4,20.0,24.7%,0.151,0.32,0.0,0%,0.335,13.6,9.1,7.6,0
2026-07-05,,KC,Salvador Perez,Aaron Nola,,32,45,2.1,6.0,0%,0.075,0.283,0.0,0%,0.0,11.8,29.4,19.7,0
2026-07-05,,SD,Nick Castellanos,Emmet Sheehan,,32,41,3.0,13.0,0%,0.148,0.263,0.0,0%,0.0,30.0,20.0,17.9,0
2026-07-05,,KC,Lane Thomas,Aaron Nola,,32,37,2.0,8.0,0%,0.115,0.302,0.0,0%,0.0,8.0,36.0,16.8,0
2026-07-05,,CIN,Nathaniel Lowe,Kyle Bradish,💥 Hittable,32,77,4.1,10.0,0%,0.1,0.344,0.0,0%,0.0,11.8,5.9,3.6,0
2026-07-05,,STL,José Fermín,Javier Assad,,32,50,2.4,9.0,0%,0.141,0.29,0.0,0%,0.0,21.1,10.5,17.7,0
2026-07-05,,MIN,Ryan Kreidler,Ryan Weathers,🤔 Average,32,50,2.6,17.0,17%,0.137,0.301,0.0,33.6%,0.334,12.5,8.3,11.3,0
2026-07-05,,STL,Nolan Gorman,Javier Assad,,32,48,2.0,17.0,0%,0.124,0.29,0.0,0%,0.0,20.0,20.0,25.5,0
2026-07-05,,TEX,Jake Burger,Casey Mize,,32,61,4.2,15.0,0%,0.187,0.294,0.0,0%,0.0,22.2,29.6,-5.1,0
2026-07-05,,CLE,Gabriel Arias,Chris Murphy,💥 Hittable,32,44,3.6,21.0,14.8%,0.149,0.247,0.0,24.7%,0.25,17.4,39.1,0.8,0
2026-07-05,,TOR,Davis Schneider,Emerson Hancock,,32,47,2.8,15.0,0%,0.143,0.258,0.0,0%,0.0,60.0,40.0,28.8,0
2026-07-05,,WSH,Curtis Mead,Bubba Chandler,💥 Hittable,32,55,4.1,11.0,0%,0.179,0.353,0.0,0%,0.0,8.0,24.0,2.4,0
2026-07-05,,PIT,Tyler Callihan,Cade Cavalli,🤔 Average,32,47,2.5,22.0,8.1%,0.197,0.296,0.0,0%,0.997,5.9,17.6,0.6,0
2026-07-05,,STL,Blaze Jordan,Javier Assad,,32,32,1.5,12.0,0%,0.131,0.298,0.0,0%,0.0,27.8,27.8,18.9,0
2026-07-05,,PIT,Nick Gonzales,Cade Cavalli,🤔 Average,32,39,1.3,22.0,16.3%,0.139,0.315,0.0,0%,0.333,8.6,28.6,6.5,0
2026-07-05,,TEX,Kyle Higashioka,Casey Mize,,31,38,2.3,9.0,0%,0.123,0.279,0.0,0%,0.0,16.7,25.0,19.3,0
2026-07-05,,SD,Jake Cronenworth,Emmet Sheehan,,31,25,0.0,25.0,15.8%,0.134,0.282,4.5,33.1%,0.335,13.6,13.6,9.7,0
2026-07-05,,ATL,Austin Riley,Nolan McLean,⚠️ Tough,31,26,1.6,16.0,7.7%,0.104,0.29,0.0,20%,0.2,18.5,14.8,19.0,0
2026-07-05,,BAL,Leody Taveras,Nick Lodolo,🎯 Target,31,26,0.7,26.0,24.5%,0.161,0.282,0.0,0%,0.25,22.2,16.7,11.3,0
2026-07-05,,CHC,Miguel Amaya,Matthew Liberatore,,31,41,0.9,6.0,0%,0.077,0.301,0.0,0%,0.0,14.3,21.4,21.6,0
2026-07-05,,CLE,George Valera,Chris Murphy,💥 Hittable,31,31,0.0,14.0,2.4%,0.096,0.221,0.0,,,0.0,40.0,16.1,0
2026-07-05,,TB,Hunter Feduccia,Peter Lambert,,31,30,0.0,14.0,0%,0.136,0.28,0.0,0%,0.0,7.7,30.8,17.5,0
2026-07-05,,BAL,Blaze Alexander,Nick Lodolo,🎯 Target,31,57,1.4,10.0,0%,0.125,0.326,0.0,0%,0.0,12.5,33.3,1.7,0
2026-07-05,,TOR,Brandon Valenzuela,Emerson Hancock,,31,53,2.6,11.0,0%,0.176,0.326,0.0,0%,0.0,10.0,0.0,14.0,0
2026-07-05,,KC,Nick Loftin,Aaron Nola,,31,37,1.0,13.0,0%,0.152,0.329,0.0,0%,0.0,23.5,5.9,20.5,0
2026-07-05,,BOS,Nate Eaton,Ryan Johnson,,31,47,3.3,9.0,4.2%,0.179,0.305,0.0,,,0.0,0.0,21.2,0
2026-07-05,,STL,Pedro Pagés,Javier Assad,,31,34,1.6,9.0,0%,0.129,0.258,0.0,0%,0.0,10.0,30.0,19.3,0
2026-07-05,,LAA,Vaughn Grissom,Ranger Suárez,,31,43,0.9,9.0,0%,0.134,0.347,0.0,0%,0.0,18.2,9.1,17.1,0
2026-07-05,,AZ,Jose Fernandez,Brandon Sproat,,31,40,2.0,8.0,3.9%,0.097,0.272,0.0,,,0.0,30.0,22.0,0
2026-07-05,,BOS,Caleb Durbin,Ryan Johnson,,31,48,2.6,16.0,31.5%,0.244,0.289,0.0,0%,0.667,10.7,14.3,-4.2,0
2026-07-05,,HOU,Zach Cole,Mason Englert,,31,39,2.0,15.0,4.5%,0.196,0.266,0.0,,,0.0,40.0,9.9,0
2026-07-05,,HOU,Jose Altuve,Mason Englert,,30,42,3.9,9.0,0%,0.139,0.283,0.0,0%,0.0,14.8,11.1,17.0,0
2026-07-05,,SD,Xander Bogaerts,Emmet Sheehan,,30,39,0.3,9.0,0%,0.098,0.313,0.0,0%,0.0,3.4,37.9,11.7,0
2026-07-05,,NYY,Cody Bellinger,Joe Ryan,‼️ Elite,30,33,2.9,11.0,0%,0.069,0.359,0.0,0%,0.0,15.4,26.9,29.5,0
2026-07-05,,ATH,Jeff McNeil,Eury Pérez,,30,39,0.8,22.0,0%,0.056,0.293,0.0,0%,0.0,57.1,23.8,12.5,0
2026-07-05,,BOS,Andruw Monasterio,Ryan Johnson,,30,29,1.4,7.0,0%,0.099,0.292,0.0,0%,0.0,18.8,31.2,19.3,0
2026-07-05,,TB,Taylor Walls,Peter Lambert,,30,46,0.0,16.0,0%,0.091,0.266,3.7,33.3%,0.0,11.1,29.6,3.7,0
2026-07-05,,CWS,Tristan Peters,Tanner Bibee,🤔 Average,30,56,1.7,10.0,0%,0.111,0.305,0.0,0%,0.0,13.3,30.0,3.7,0
2026-07-05,,BAL,Colton Cowser,Nick Lodolo,🎯 Target,30,54,3.8,17.0,0%,0.141,0.327,0.0,0%,0.0,14.3,23.8,-19.0,0
2026-07-05,,WSH,Joey Wiemer,Bubba Chandler,💥 Hittable,30,30,0.0,24.0,4%,0.275,0.325,0.0,,,0.0,20.0,-3.1,0
2026-07-05,,CWS,Braden Montgomery,Tanner Bibee,🤔 Average,30,53,2.2,12.0,0%,0.138,0.301,0.0,0%,0.0,6.1,33.3,3.0,0
2026-07-05,,SEA,Patrick Wisdom,Trey Yesavage,,29,29,2.0,16.0,0%,0.098,0.262,0.0,0%,0.0,30.0,20.0,18.8,0
2026-07-05,,SF,Willy Adames,Tanner Gordon,,29,47,3.5,8.0,0%,0.12,0.277,0.0,0%,0.0,6.7,26.7,28.7,0
2026-07-05,,MIN,Alex Jackson,Ryan Weathers,🤔 Average,29,45,2.1,16.0,15.4%,0.249,0.283,0.0,0%,1.0,10.0,20.0,-4.9,0
2026-07-05,,DET,Zach McKinstry,Kumar Rocker,,29,33,0.6,29.0,10.2%,0.146,0.252,0.0,0%,0.125,25.8,16.1,9.5,0
2026-07-05,,NYY,Jazz Chisholm Jr.,Joe Ryan,‼️ Elite,29,32,2.7,10.0,0%,0.109,0.295,0.0,0%,0.0,5.6,27.8,10.9,0
2026-07-05,,ATH,Carlos Cortes,Eury Pérez,⚠️ Tough,29,39,1.2,13.0,0%,0.097,0.35,0.0,0%,0.0,9.1,36.4,3.7,0
2026-07-05,,CIN,Will Benson,Kyle Bradish,💥 Hittable,29,58,1.9,14.0,0%,0.146,0.319,0.0,0%,0.0,20.0,0.0,31.5,0
2026-07-05,,NYM,Bo Bichette,Martín Pérez,🤔 Average,29,53,2.2,9.0,0%,0.127,0.332,0.0,0%,0.0,13.8,31.0,5.5,0
2026-07-05,,DET,Gage Workman,Kumar Rocker,,29,52,3.4,22.0,0%,0.127,0.278,0.0,0%,0.0,40.0,10.0,9.1,0
2026-07-05,,NYM,Jared Young,Martín Pérez,🤔 Average,29,41,3.0,25.0,0%,0.182,0.293,0.0,0%,0.0,27.3,27.3,-6.9,0
2026-07-05,,TEX,Ezequiel Duran,Casey Mize,,29,39,1.2,9.0,0%,0.136,0.286,0.0,20.1%,0.0,17.9,35.7,9.3,0
2026-07-05,,NYY,Spencer Jones,Joe Ryan,‼️ Elite,29,27,1.4,10.0,1.8%,0.143,0.27,0.0,,,0.0,18.2,22.5,0
2026-07-05,,KC,Tyler Tolbert,Aaron Nola,💥 Hittable,29,31,0.0,5.0,0%,0.0,0.301,0.0,0%,0.0,30.0,30.0,21.7,0
2026-07-05,,SF,Drew Gilbert,Tanner Gordon,,29,43,1.6,15.0,0%,0.141,0.295,0.0,0%,0.0,18.2,18.2,9.5,0
2026-07-05,,BAL,Dylan Beavers,Nick Lodolo,🎯 Target,29,37,0.8,12.0,0%,0.081,0.291,0.0,0%,0.0,20.0,13.3,16.3,0
2026-07-05,,LAA,Denzer Guzman,Ranger Suárez,,29,54,3.1,8.0,0%,0.114,0.31,0.0,0%,0.0,20.8,8.3,11.7,0
2026-07-05,,NYY,J.C. Escarra,Joe Ryan,‼️ Elite,28,18,0.0,20.0,0%,0.082,0.272,0.0,0%,0.0,60.0,40.0,24.2,0
2026-07-05,,SEA,Mitch Garver,Trey Yesavage,,28,29,1.7,11.0,2.1%,0.11,0.324,0.0,,,0.0,10.0,20.7,0
2026-07-05,,BOS,Connor Wong,Ryan Johnson,,28,37,1.1,10.0,5.5%,0.109,0.313,0.0,,,0.0,9.1,15.8,0
2026-07-05,,CHC,Nico Hoerner,Matthew Liberatore,,28,41,0.3,12.0,0%,0.075,0.317,0.0,0%,0.0,37.9,24.1,9.5,0
2026-07-05,,TB,Nick Fortes,Peter Lambert,,28,36,1.1,19.0,30.5%,0.216,0.272,0.0,0%,0.25,30.8,23.1,4.9,0
2026-07-05,,NYY,Austin Wells,Joe Ryan,‼️ Elite,28,22,1.1,18.0,0%,0.08,0.286,0.0,0%,0.0,33.3,20.0,22.0,0
2026-07-05,,LAD,Alex Call,JP Sears,,28,45,0.9,8.0,0%,0.076,0.259,0.0,0%,0.0,40.0,0.0,21.1,0
2026-07-05,,CLE,Brayan Rocchio,Chris Murphy,💥 Hittable,28,27,1.4,26.0,8.6%,0.123,0.313,0.0,0%,0.125,25.0,18.8,-0.2,0
2026-07-05,,WSH,Brady House,Bubba Chandler,💥 Hittable,28,44,2.2,11.0,0%,0.123,0.31,0.0,0%,0.0,20.0,20.0,8.9,0
2026-07-05,,SEA,Colt Emerson,Trey Yesavage,,28,55,3.7,18.0,0%,0.217,0.256,0.0,0%,0.0,15.4,7.7,4.9,0
2026-07-05,,LAD,Hyeseong Kim,JP Sears,,28,38,0.8,11.0,0%,0.069,0.287,0.0,0%,0.0,10.0,50.0,9.2,0
2026-07-05,,TB,Ben Williamson,Peter Lambert,,28,29,0.7,20.0,33.2%,0.204,0.285,0.0,0%,0.333,23.1,23.1,6.2,0
2026-07-05,,PIT,Marcell Ozuna,Cade Cavalli,🤔 Average,27,44,1.4,11.0,0%,0.122,0.317,0.0,0%,0.0,7.7,7.7,25.8,0
2026-07-05,,SF,Eric Haase,Tanner Gordon,,27,55,5.3,13.0,4.9%,0.217,0.298,0.0,,,0.0,7.7,-8.7,0
2026-07-05,,AZ,Pavin Smith,Brandon Sproat,,27,31,0.0,17.0,0%,0.056,0.276,0.0,0%,0.0,33.3,20.0,22.2,0
2026-07-05,,CLE,Daniel Schneemann,Chris Murphy,,27,37,2.7,8.0,0%,0.068,0.295,0.0,0%,0.0,13.3,33.3,9.1,0
2026-07-05,,CLE,Travis Bazzana,Chris Murphy,,27,26,2.2,12.0,0%,0.094,0.315,0.0,0%,0.0,15.6,21.9,14.7,0
2026-07-05,,WSH,Dylan Crews,Bubba Chandler,💥 Hittable,27,44,2.8,10.0,0%,0.148,0.336,0.0,19.9%,0.0,16.1,22.6,-2.4,0
2026-07-05,,MIL,Joey Ortiz,Eduardo Rodriguez,,27,40,0.9,16.0,15.7%,0.109,0.282,0.0,0%,0.335,13.6,27.3,6.7,0
2026-07-05,,COL,Braxton Fulford,Tyler Mahle,,27,47,1.8,7.0,0%,0.125,0.219,0.0,0%,0.0,10.0,0.0,16.1,0
2026-07-05,,SF,Jung Hoo Lee,Tanner Gordon,,27,45,0.7,10.0,0%,0.106,0.32,0.0,0%,0.0,8.0,16.0,7.9,0
2026-07-05,,PHI,Edmundo Sosa,Luinder Avila,,26,41,1.6,10.0,0%,0.143,0.304,0.0,0%,0.0,10.0,40.0,1.0,0
2026-07-05,,ATL,Eli White,Nolan McLean,⚠️ Tough,26,24,0.8,24.0,12%,0.289,0.279,0.0,0%,0.333,30.0,10.0,6.0,0
2026-07-05,,PHI,Rafael Marchán,Luinder Avila,,26,38,2.4,15.0,0%,0.075,0.236,0.0,0%,0.0,20.0,20.0,26.9,0
2026-07-05,,BAL,Jeremiah Jackson,Nick Lodolo,🎯 Target,26,51,1.5,10.0,0%,0.144,0.297,0.0,0%,0.0,10.0,10.0,7.7,0
2026-07-05,,LAD,Santiago Espinal,JP Sears,,26,38,2.0,11.0,7.3%,0.107,0.282,0.0,,,0.0,30.0,9.4,0
2026-07-05,,STL,Iván Herrera,Javier Assad,,26,43,2.3,7.0,0%,0.074,0.36,0.0,0%,0.0,13.3,26.7,-1.7,0
2026-07-05,,AZ,Geraldo Perdomo,Brandon Sproat,,26,44,0.9,19.0,0%,0.09,0.319,0.0,0%,0.0,23.3,16.7,1.9,0
2026-07-05,,LAA,Logan O'Hoppe,Ranger Suárez,,26,44,1.6,8.0,0%,0.106,0.255,0.0,0%,0.0,7.1,14.3,27.5,0
2026-07-05,,ATH,Max Muncy,Eury Pérez,,26,47,2.8,9.0,1.9%,0.127,0.274,0.0,,,0.0,18.8,9.8,0
2026-07-05,,PHI,Felix Reyes,Luinder Avila,,26,43,2.9,8.0,2.3%,0.105,0.251,0.0,,,0.0,30.0,9.3,0
2026-07-05,,PIT,Nick Yorke,Cade Cavalli,🤔 Average,26,27,1.3,7.0,2%,0.079,0.288,0.0,,,0.0,20.0,18.3,0
2026-07-05,,TEX,Andrew McCutchen,Casey Mize,,25,38,1.4,12.0,0%,0.068,0.232,0.0,0%,0.0,30.0,10.0,16.0,0
2026-07-05,,SD,Miguel Andujar,Emmet Sheehan,,25,41,0.5,10.0,0%,0.104,0.309,0.0,0%,0.0,4.5,36.4,0.8,0
2026-07-05,,CLE,Rhys Hoskins,Chris Murphy,,25,43,2.9,12.0,0%,0.111,0.291,0.0,0%,0.0,6.2,18.8,6.0,0
2026-07-05,,SD,Rodolfo Durán,Emmet Sheehan,,25,41,3.9,11.0,0%,0.178,0.245,0.0,0%,0.0,18.2,18.2,8.3,0
2026-07-05,,SD,Samad Taylor,Emmet Sheehan,,25,39,1.1,7.0,0%,0.075,0.319,0.0,50%,0.0,8.0,4.0,12.7,0
2026-07-05,,ATH,Lawrence Butler,Eury Pérez,,25,40,1.3,13.0,0%,0.1,0.306,0.0,0%,0.0,8.0,32.0,1.0,0
2026-07-05,,WSH,Jorbit Vivas,Bubba Chandler,💥 Hittable,25,39,1.3,7.0,4.8%,0.096,0.299,0.0,,,0.0,21.1,7.4,0
2026-07-05,,MIA,Connor Norby,Unknown (695611),,25,45,1.4,11.0,0%,0.12,0.274,0.0,0%,0.0,40.0,20.0,31.3,0
2026-07-05,,NYM,Brett Baty,Martín Pérez,🤔 Average,25,37,1.1,9.0,0%,0.084,0.294,0.0,0%,0.0,11.5,26.9,9.5,0
2026-07-05,,HOU,Brice Matthews,Mason Englert,,25,35,3.2,7.0,0%,0.129,0.266,0.0,0%,0.0,20.0,0.0,17.8,0
2026-07-05,,PIT,Konnor Griffin,Cade Cavalli,🤔 Average,25,46,2.3,7.0,0%,0.081,0.302,0.0,0%,0.0,6.9,31.0,2.4,0
2026-07-05,,NYY,Ryan McMahon,Joe Ryan,‼️ Elite,24,31,2.9,8.0,1.9%,0.12,0.309,0.0,,,0.0,20.0,6.2,0
2026-07-05,,MIL,David Hamilton,Eduardo Rodriguez,,24,30,1.3,9.0,0%,0.09,0.257,0.0,0%,0.0,7.1,21.4,13.2,0
2026-07-05,,COL,Edouard Julien,Tyler Mahle,,24,38,1.0,11.0,0%,0.084,0.346,0.0,0%,0.0,5.6,22.2,1.7,0
2026-07-05,,COL,Tyler Freeman,Tyler Mahle,,24,30,0.5,5.0,0%,0.049,0.298,0.0,0%,0.0,20.8,25.0,12.9,0
2026-07-05,,NYM,Ronny Mauricio,Martín Pérez,🤔 Average,24,48,2.6,12.0,0%,0.089,0.21,0.0,0%,0.0,10.0,20.0,7.5,0
2026-07-05,,BOS,Ceddanne Rafaela,Ryan Johnson,,24,48,2.9,8.0,0%,0.096,0.281,0.0,0%,0.0,16.1,9.7,8.7,0
2026-07-05,,HOU,Joey Loperfido,Mason Englert,,24,35,0.0,10.0,0%,0.118,0.324,0.0,0%,0.0,9.1,18.2,7.7,0
2026-07-05,,PIT,Billy Cook,Cade Cavalli,🤔 Average,24,18,0.0,10.0,0%,0.086,0.166,0.0,0%,0.0,30.0,20.0,20.3,0
2026-07-05,,CWS,Chase Meidroth,Tanner Bibee,🤔 Average,24,36,1.9,16.0,12%,0.116,0.276,0.0,0%,0.25,12.1,18.2,-2.8,0
2026-07-05,,TOR,Vladimir Guerrero Jr.,Emerson Hancock,⚠️ Tough,23,29,0.6,8.0,0%,0.044,0.34,0.0,0%,0.0,12.0,40.0,-4.7,0
2026-07-05,,MIA,Christopher Morel,Unknown (695611),,23,22,0.0,4.0,0%,0.044,0.216,0.0,0%,0.0,10.0,20.0,18.6,0
2026-07-05,,MIN,Matt Wallner,Ryan Weathers,🤔 Average,23,28,1.1,7.0,1.8%,0.125,0.28,0.0,,,0.0,0.0,21.8,0
2026-07-05,,MIA,Leo Jiménez,Unknown (695611),,23,33,0.0,10.0,0%,0.093,0.293,0.0,0%,0.0,16.7,33.3,4.8,0
2026-07-05,,CIN,Rece Hinds,Kyle Bradish,💥 Hittable,23,22,0.0,7.0,4.4%,0.098,0.154,0.0,,,0.0,10.0,22.3,0
2026-07-05,,BOS,Jarren Duran,Ryan Johnson,,23,42,3.2,12.0,0%,0.155,0.281,0.0,0%,0.0,13.6,18.2,4.1,0
2026-07-05,,ATH,Darell Hernaiz,Eury Pérez,,23,35,0.0,5.0,0%,0.051,0.26,0.0,0%,0.0,10.0,10.0,16.4,0
2026-07-05,,CLE,Petey Halpin,Chris Murphy,,23,11,0.0,11.0,0%,0.057,0.232,0.0,0%,0.0,20.0,20.0,19.3,0
2026-07-05,,TOR,Eloy Jiménez,Emerson Hancock,,22,39,0.0,2.0,4.1%,0.0,0.275,0.0,,,0.0,30.0,6.8,0
2026-07-05,,SEA,Leo Rivas,Trey Yesavage,,22,24,0.0,8.0,0%,0.04,0.23,0.0,0%,0.0,30.0,10.0,18.5,0
2026-07-05,,AZ,Alek Thomas,Brandon Sproat,,22,35,0.0,12.0,2.6%,0.121,0.278,0.0,,,0.0,30.0,-6.4,0
2026-07-05,,BOS,Mickey Gasper,Ryan Johnson,,22,43,0.0,6.0,0%,0.065,0.275,0.0,0%,0.0,10.0,20.0,7.5,0
2026-07-05,,WSH,Nasim Nuñez,Bubba Chandler,💥 Hittable,22,28,0.3,17.0,15.1%,0.112,0.261,0.0,33.6%,0.334,12.5,12.5,0.0,0
2026-07-05,,COL,Jordan Beck,Tyler Mahle,,22,25,1.4,15.0,0%,0.202,0.265,0.0,0%,0.0,20.0,10.0,9.7,0
2026-07-05,,AZ,Tommy Troy,Brandon Sproat,,22,36,3.2,9.0,0%,0.132,0.303,0.0,0%,0.0,5.0,15.0,6.3,0
2026-07-05,,PHI,Justin Crawford,Luinder Avila,,22,40,0.8,7.0,0%,0.058,0.269,0.0,0%,0.0,11.5,34.6,1.3,0
2026-07-05,,ATH,Henry Bolte,Eury Pérez,,22,41,1.2,7.0,0%,0.077,0.298,0.0,0%,0.0,13.3,23.3,-5.1,0
2026-07-05,,MIN,Tristan Gray,Ryan Weathers,🤔 Average,21,42,1.3,13.0,0%,0.107,0.277,0.0,0%,0.0,15.8,10.5,1.4,0
2026-07-05,,PIT,Jake Mangum,Cade Cavalli,🤔 Average,21,37,0.5,9.0,0%,0.068,0.286,0.0,0%,0.0,9.1,21.2,-4.5,0
2026-07-05,,DET,Jake Rogers,Kumar Rocker,,21,32,1.4,13.0,0%,0.091,0.22,0.0,0%,0.0,30.0,20.0,32.0,0
2026-07-05,,NYY,José Caballero,Joe Ryan,‼️ Elite,21,32,3.6,9.0,0%,0.136,0.274,0.0,0%,0.0,4.8,9.5,4.7,0
2026-07-05,,CWS,Luisangel Acuña,Tanner Bibee,🤔 Average,21,34,0.9,4.0,3.3%,0.036,0.274,0.0,,,0.0,30.0,7.5,0
2026-07-05,,CLE,Juan Brito,Chris Murphy,,21,15,0.0,7.0,3.5%,0.104,0.223,0.0,,,0.0,30.0,12.0,0
2026-07-05,,MIL,Sal Frelick,Eduardo Rodriguez,,21,26,0.7,18.0,0%,0.096,0.283,0.0,0%,0.0,24.0,28.0,0.0,0
2026-07-05,,WSH,Drew Millas,Bubba Chandler,💥 Hittable,21,32,1.5,7.0,0%,0.08,0.267,0.0,0%,0.0,21.4,7.1,10.1,0
2026-07-05,,CWS,Edgar Quero,Tanner Bibee,🤔 Average,21,34,1.3,9.0,0%,0.047,0.257,0.0,50%,0.0,20.0,40.0,3.3,0
2026-07-05,,ATL,Sandy León,Nolan McLean,⚠️ Tough,20,17,0.0,2.0,1.4%,0.0,0.151,0.0,,,0.0,20.0,20.7,0
2026-07-05,,KC,Starling Marte,Aaron Nola,,20,36,0.9,6.0,0%,0.068,0.329,0.0,0%,0.0,5.9,17.6,0.7,0
2026-07-05,,MIL,Luis Rengifo,Eduardo Rodriguez,,20,27,0.0,5.0,3%,0.049,0.303,0.0,,,0.0,40.0,0.5,0
2026-07-05,,HOU,Jake Meyers,Mason Englert,,20,43,1.7,7.0,0%,0.088,0.243,0.0,0%,0.0,15.4,23.1,3.0,0
2026-07-05,,NYY,Anthony Volpe,Joe Ryan,‼️ Elite,20,26,0.7,7.0,0%,0.086,0.301,0.0,0%,0.0,15.0,20.0,2.3,0
2026-07-05,,LAA,Wade Meckler,Ranger Suárez,,20,23,0.8,10.0,0%,0.116,0.315,0.0,0%,0.0,5.0,25.0,3.5,0
2026-07-05,,SD,Jase Bowen,Emmet Sheehan,,20,25,0.0,7.0,0%,0.095,0.209,0.0,0%,0.0,10.0,10.0,13.3,0
2026-07-05,,SD,Will Wagner,Emmet Sheehan,,20,49,0.0,2.0,4.7%,0.029,0.331,0.0,,,0.0,0.0,5.8,0
2026-07-05,,CLE,Kahlil Watson,Chris Murphy,💥 Hittable,20,18,0.0,9.0,0%,0.096,0.262,0.0,0%,0.0,10.7,21.4,9.4,0
2026-07-05,,WSH,Jacob Young,Bubba Chandler,💥 Hittable,20,35,1.7,9.0,0%,0.135,0.275,0.0,0%,0.0,20.0,6.7,2.3,0
2026-07-05,,STL,Jimmy Crooks,Javier Assad,,20,31,0.0,9.0,0%,0.091,0.318,0.0,0%,0.0,10.0,20.0,5.7,0
2026-07-05,,TB,Chandler Simpson,Peter Lambert,,20,37,0.0,11.0,0%,0.09,0.249,0.0,0%,0.0,9.5,19.0,4.3,0
2026-07-05,,MIL,Cooper Pratt,Eduardo Rodriguez,,20,32,0.0,3.0,0%,0.02,0.315,0.0,0%,0.0,16.0,16.0,9.6,0
2026-07-05,,AZ,Ryan Waldschmidt,Brandon Sproat,,20,28,0.0,10.0,3.4%,0.197,0.282,0.0,,,0.0,0.0,10.2,0
2026-07-05,,ATL,Jorge Mateo,Nolan McLean,⚠️ Tough,19,19,0.8,12.0,0%,0.14,0.306,0.0,0%,0.0,7.7,23.1,4.3,0
2026-07-05,,SEA,Jhonny Pereda,Trey Yesavage,,19,27,0.0,7.0,2.9%,0.095,0.331,0.0,,,0.0,20.0,-7.9,0
2026-07-05,,DET,Jahmai Jones,Kumar Rocker,,19,38,2.4,7.0,1.2%,0.086,0.323,0.0,,,0.0,10.0,2.1,0
2026-07-05,,TOR,Andrés Giménez,Emerson Hancock,,19,37,1.3,12.0,0%,0.093,0.257,0.0,0%,0.0,15.8,10.5,4.1,0
2026-07-05,,BOS,Carlos Narváez,Ryan Johnson,,19,32,1.7,9.0,0%,0.083,0.265,0.0,0%,0.0,30.8,7.7,9.5,0
2026-07-05,,TEX,Nicky Lopez,Casey Mize,,19,40,1.0,6.0,5.5%,0.037,0.263,0.0,,,0.0,16.7,-11.7,0
2026-07-05,,KC,Kameron Misner,Aaron Nola,,19,36,0.0,10.0,0%,0.025,0.219,0.0,0%,0.0,20.0,10.0,9.4,0
2026-07-05,,TOR,Ernie Clement,Emerson Hancock,,19,35,1.0,9.0,0%,0.083,0.28,0.0,0%,0.0,25.9,11.1,3.8,0
2026-07-05,,AZ,Tim Tawa,Brandon Sproat,,19,41,2.6,8.0,2.8%,0.119,0.231,0.0,,,0.0,10.0,4.9,0
2026-07-05,,CIN,Edwin Arroyo,Kyle Bradish,💥 Hittable,19,29,0.0,7.0,0%,0.044,0.294,0.0,0%,0.0,8.0,16.0,32.7,0
2026-07-05,,HOU,Zach Dezenzo,Mason Englert,,19,35,2.5,6.0,3.2%,0.118,0.27,0.0,,,0.0,0.0,9.5,0
2026-07-05,,SEA,Connor Joe,Trey Yesavage,,18,22,0.0,12.0,2%,0.128,0.331,0.0,,,0.0,10.0,-0.1,0
2026-07-05,,CLE,Patrick Bailey,Chris Murphy,,18,18,1.3,11.0,0%,0.071,0.289,0.0,0%,0.0,16.7,25.0,5.3,0
2026-07-05,,TEX,Alejandro Osuna,Casey Mize,,18,30,0.0,10.0,0%,0.026,0.312,0.0,0%,0.0,20.0,13.3,0.2,0
2026-07-05,,CLE,Steven Kwan,Chris Murphy,💥 Hittable,17,12,0.0,15.0,0%,0.125,0.301,0.0,0%,0.0,20.7,6.9,4.9,0
2026-07-05,,PIT,Jhostynxon Garcia,Cade Cavalli,🤔 Average,17,20,0.0,7.0,0%,0.095,0.275,0.0,0%,0.0,20.0,10.0,9.6,0
2026-07-05,,HOU,Christian Vázquez,Mason Englert,,16,28,1.9,8.0,0%,0.11,0.239,0.0,0%,0.0,10.0,10.0,3.7,0
2026-07-05,,MIN,Orlando Arcia,Ryan Weathers,🤔 Average,15,34,0.0,6.0,3.9%,0.083,0.26,0.0,,,0.0,10.0,-3.7,0
2026-07-05,,SD,Bryce Johnson,Emmet Sheehan,,15,26,0.0,4.0,0%,0.044,0.168,0.0,0%,0.0,10.0,0.0,10.7,0
2026-07-05,,HOU,Dustin Harris,Mason Englert,,15,22,0.0,9.0,0%,0.07,0.3,0.0,0%,0.0,10.0,10.0,4.6,0
2026-07-05,,LAA,Nick Madrigal,Ranger Suárez,,14,34,0.0,1.0,0%,0.023,0.294,0.0,0%,0.0,10.0,0.0,5.8,0
2026-07-05,,LAD,Alex Freeland,JP Sears,,14,22,0.5,6.0,0%,0.088,0.288,0.0,0%,0.0,10.5,0.0,6.3,0
2026-07-05,,CWS,Rikuu Nishida,Tanner Bibee,🤔 Average,14,27,0.0,4.0,0%,0.0,0.23,0.0,0%,0.0,10.0,20.0,1.3,0
2026-07-05,,SEA,Victor Robles,Trey Yesavage,,13,18,0.0,6.0,0%,0.025,0.26,0.0,0%,0.0,30.0,10.0,7.0,0
2026-07-05,,LAA,Bryce Teodosio,Ranger Suárez,,13,35,0.0,5.0,0%,0.043,0.198,0.0,0%,0.0,30.0,0.0,0.6,0
2026-07-05,,HOU,Nick Allen,Mason Englert,,13,23,1.3,6.0,0%,0.072,0.233,0.0,0%,0.0,18.8,6.2,33.3,0
2026-07-05,,STL,Victor Scott II,Javier Assad,,13,28,0.6,9.0,0%,0.065,0.253,0.0,0%,0.0,10.0,0.0,-5.1,0
2026-07-05,,TEX,Sam Haggerty,Casey Mize,,11,18,0.0,3.0,0%,0.023,0.161,0.0,0%,0.0,20.0,10.0,1.7,0
2026-07-05,,COL,Chad Stevens,Tyler Mahle,,10,20,0.0,0.0,0%,0.0,0.225,0.0,0%,0.0,10.0,0.0,6.4,0
2026-07-06,,WSH,James Wood,Mike Burrows,🎯 Target,97,96,4.8,37.0,22.6%,0.383,0.424,2.9,24.6%,0.747,11.8,41.2,11.3,1
2026-07-06,,WSH,Luis García Jr.,Mike Burrows,🎯 Target,95,87,5.0,60.0,40.5%,0.566,0.344,6.9,28.6%,0.715,24.1,37.9,6.5,1
2026-07-06,,ATL,Matt Olson,Freddy Peralta,💥 Hittable,93,82,4.8,36.0,22.2%,0.268,0.363,3.2,14.2%,0.285,22.6,38.7,13.6,1
2026-07-06,,HOU,Yordan Alvarez,Miles Mikolas,💥 Hittable,93,100,7.3,54.0,31.7%,0.396,0.494,3.2,7.6%,0.308,41.9,41.9,23.1,1
2026-07-06,,PHI,Brandon Marsh,Noah Cameron,💥 Hittable,93,64,3.7,38.0,16.7%,0.294,0.33,9.4,50%,0.499,18.8,28.1,7.6,1
2026-07-06,,ATL,Michael Harris II,Freddy Peralta,💥 Hittable,91,88,5.5,29.0,27.6%,0.201,0.362,3.2,14.2%,0.285,22.6,38.7,13.5,1
2026-07-06,,NYY,Ben Rice,Griffin Jax,🤔 Average,86,80,4.3,39.0,16.4%,0.227,0.364,6.7,22.3%,0.222,30.0,26.7,12.7,1
2026-07-06,,MIL,Garrett Mitchell,Dustin May,🤔 Average,86,63,2.6,48.0,16.3%,0.373,0.332,7.7,40.1%,0.401,19.2,50.0,8.3,1
2026-07-06,,NYM,Juan Soto,Reynaldo López,🤔 Average,86,81,4.3,39.0,13%,0.183,0.435,6.5,40.4%,0.201,16.1,25.8,7.3,1
2026-07-06,,LAD,Max Muncy,Kyle Freeland,,84,70,5.4,34.0,13.2%,0.206,0.376,3.8,11%,0.111,34.6,23.1,25.9,1
2026-07-06,,SF,Rafael Devers,Kevin Gausman,,84,73,3.4,51.0,34.8%,0.404,0.327,6.7,18.3%,0.363,36.7,33.3,9.5,1
2026-07-06,,STL,Bryan Torres,Shane Drohan,🤔 Average,84,70,7.3,60.0,25.6%,0.535,0.345,10.0,20%,0.4,50.0,50.0,20.7,1
2026-07-06,,COL,Jake McCarthy,Eric Lauer,💥 Hittable,83,73,2.4,42.0,42.9%,0.364,0.298,6.1,28.8%,0.429,21.2,39.4,5.5,1
2026-07-06,,LAD,Miguel Rojas,Kyle Freeland,,81,66,1.5,26.0,38.7%,0.291,0.339,0.0,0%,0.25,25.0,50.0,23.9,1
2026-07-06,,COL,Hunter Goodman,Eric Lauer,,81,90,6.6,23.0,30.3%,0.329,0.339,0.0,0%,0.499,14.3,25.0,19.7,1
2026-07-06,,WSH,Daylen Lile,Mike Burrows,🎯 Target,81,75,2.6,35.0,32.2%,0.243,0.316,3.8,16.5%,0.333,23.1,42.3,14.7,1
2026-07-06,,SD,Gavin Sheets,Brandon Pfaadt,,78,73,5.1,16.0,16.9%,0.205,0.332,0.0,0%,0.503,7.1,17.9,13.6,1
2026-07-06,,AZ,Ketel Marte,Walker Buehler,,84,59,2.8,34.0,23.6%,0.328,0.376,0.0,9%,0.273,35.5,35.5,-0.1,0
2026-07-06,,TOR,Kazuma Okamoto,Landen Roupp,,84,54,4.0,13.0,0%,0.216,0.342,0.0,0%,0.0,17.4,26.1,21.3,0
2026-07-06,,PHI,Bryce Harper,Noah Cameron,💥 Hittable,84,60,4.5,27.0,8.1%,0.248,0.401,3.1,33%,0.332,9.4,34.4,16.7,0
2026-07-06,,SD,Manny Machado,Brandon Pfaadt,,84,49,4.1,32.0,21.8%,0.424,0.321,0.0,9.2%,0.364,31.4,28.6,5.5,0
2026-07-06,,MIL,Jake Bauers,Dustin May,🤔 Average,84,76,3.9,31.0,11%,0.225,0.372,3.0,9.9%,0.2,30.3,30.3,20.7,0
2026-07-06,,COL,Mickey Moniak,Eric Lauer,💥 Hittable,84,48,4.3,47.0,34.3%,0.392,0.324,6.7,28.8%,0.429,23.3,40.0,24.1,0
2026-07-06,,LAD,Dalton Rushing,Kyle Freeland,💥 Hittable,82,59,3.7,29.0,19.3%,0.204,0.329,4.3,24.7%,0.25,17.4,43.5,22.2,0
2026-07-06,,PHI,Kyle Schwarber,Noah Cameron,💥 Hittable,80,99,7.6,20.0,11.6%,0.209,0.385,0.0,0%,0.333,9.1,33.3,7.0,0
2026-07-06,,KC,Carter Jensen,Cristopher Sánchez,⚠️ Tough,79,44,2.9,42.0,8.7%,0.254,0.281,8.0,28.6%,0.286,28.0,24.0,16.2,0
2026-07-06,,ATL,Drake Baldwin,Freddy Peralta,💥 Hittable,78,67,5.0,32.0,11.1%,0.111,0.389,6.2,33%,0.166,18.8,25.0,14.1,0
2026-07-06,,TOR,Daulton Varsho,Landen Roupp,,78,46,2.2,22.0,0%,0.115,0.292,0.0,0%,0.0,28.6,28.6,19.1,0
2026-07-06,,TOR,Nathan Lukes,Landen Roupp,,78,48,1.0,18.0,13.8%,0.113,0.3,0.0,0%,0.25,13.3,20.0,20.9,0
2026-07-06,,TOR,Yohendrick Piñango,Landen Roupp,,78,54,1.9,16.0,0%,0.147,0.32,0.0,0%,0.0,20.0,25.0,16.3,0
2026-07-06,,SD,Luis Campusano,Brandon Pfaadt,,76,83,5.5,22.0,0%,0.286,0.321,0.0,0%,0.0,10.0,20.0,6.3,0
2026-07-06,,SD,Sung-Mun Song,Brandon Pfaadt,,76,49,1.1,21.0,20.1%,0.243,0.279,0.0,0%,0.5,12.5,25.0,19.2,0
2026-07-06,,NYY,Trent Grisham,Griffin Jax,🤔 Average,74,60,2.5,38.0,13.1%,0.392,0.359,0.0,0%,0.499,18.2,36.4,21.5,0
2026-07-06,,SD,Fernando Tatis Jr.,Brandon Pfaadt,💥 Hittable,74,45,1.0,16.0,17.5%,0.225,0.352,0.0,19.7%,0.398,13.2,31.6,12.6,0
2026-07-06,,ATL,Ozzie Albies,Freddy Peralta,💥 Hittable,73,63,2.6,26.0,21.6%,0.279,0.298,3.1,11%,0.222,28.1,18.8,17.0,0
2026-07-06,,STL,Nelson Velázquez,Shane Drohan,🤔 Average,72,89,6.2,33.0,22.4%,0.307,0.426,0.0,33.2%,0.333,25.0,50.0,10.9,0
2026-07-06,,NYM,A.J. Ewing,Reynaldo López,🤔 Average,70,47,0.6,33.0,20.8%,0.229,0.344,4.2,12.6%,0.25,33.3,33.3,14.2,0
2026-07-06,,TB,Junior Caminero,Cam Schlittler,‼️ Elite,70,43,6.3,43.0,13.8%,0.49,0.385,0.0,57.1%,0.714,22.6,35.5,9.2,0
2026-07-06,,KC,Bobby Witt Jr.,Cristopher Sánchez,⚠️ Tough,69,49,2.9,16.0,9.5%,0.244,0.385,0.0,25%,0.5,16.0,48.0,23.6,0
2026-07-06,,TOR,Myles Straw,Landen Roupp,,69,31,1.1,21.0,24.4%,0.255,0.278,0.0,0%,0.25,40.0,30.0,13.7,0
2026-07-06,,TOR,Brandon Valenzuela,Landen Roupp,,69,58,2.5,18.0,0%,0.175,0.324,0.0,0%,0.0,20.0,0.0,17.1,0
2026-07-06,,LAD,Freddie Freeman,Kyle Freeland,,68,49,2.4,25.0,22.5%,0.239,0.382,0.0,0%,0.285,20.6,35.3,12.1,0
2026-07-06,,LAD,Tommy Edman,Kyle Freeland,,68,60,1.7,24.0,23.1%,0.184,0.363,0.0,0%,0.502,8.3,25.0,14.3,0
2026-07-06,,NYM,MJ Melendez,Reynaldo López,🤔 Average,68,42,0.9,33.0,0%,0.158,0.279,10.0,50%,0.0,20.0,40.0,23.2,0
2026-07-06,,LAD,Teoscar Hernández,Kyle Freeland,💥 Hittable,66,56,1.7,23.0,13.6%,0.14,0.303,0.0,12.3%,0.125,30.8,26.9,20.9,0
2026-07-06,,LAD,Shohei Ohtani,Kyle Freeland,,66,51,4.0,24.0,12.3%,0.149,0.396,0.0,0%,0.2,15.6,15.6,18.5,0
2026-07-06,,AZ,Jorge Barrosa,Walker Buehler,,66,40,2.2,38.0,29%,0.381,0.229,0.0,0%,0.25,40.0,40.0,8.1,0
2026-07-06,,AZ,Adrian Del Castillo,Walker Buehler,🎯 Target,66,72,3.3,19.0,21.4%,0.216,0.276,0.0,0%,0.5,20.0,20.0,11.2,0
2026-07-06,,SD,Jackson Merrill,Brandon Pfaadt,,66,37,1.3,30.0,14.5%,0.169,0.291,3.2,16.5%,0.332,19.4,29.0,7.0,0
2026-07-06,,STL,Jordan Walker,Shane Drohan,🤔 Average,66,75,4.1,26.0,19.3%,0.316,0.351,0.0,24.7%,0.499,15.4,30.8,22.9,0
2026-07-06,,PHI,Alec Bohm,Noah Cameron,💥 Hittable,65,47,2.6,23.0,15.9%,0.254,0.305,0.0,50.4%,0.502,13.3,36.7,13.2,0
2026-07-06,,PHI,Gabriel Rincones Jr.,Noah Cameron,💥 Hittable,65,42,2.1,36.0,15.7%,0.22,0.217,5.0,33.3%,0.333,15.0,35.0,28.3,0
2026-07-06,,WSH,CJ Abrams,Mike Burrows,🎯 Target,65,73,3.4,23.0,12.9%,0.201,0.326,0.0,0%,0.143,26.9,23.1,19.8,0
2026-07-06,,LAD,Andy Pages,Kyle Freeland,,64,64,2.8,23.0,14.5%,0.164,0.343,0.0,28.9%,0.143,19.4,25.0,27.4,0
2026-07-06,,HOU,Raynel Delgado,Miles Mikolas,💥 Hittable,63,52,3.3,43.0,30.2%,0.301,0.263,10.0,33.3%,0.333,30.0,40.0,10.9,0
2026-07-06,,AZ,Corbin Carroll,Walker Buehler,🎯 Target,63,71,2.7,12.0,0%,0.092,0.342,0.0,0%,0.0,9.7,19.4,17.0,0
2026-07-06,,SF,Victor Bericoto,Kevin Gausman,🤔 Average,62,83,6.1,31.0,18.7%,0.342,0.311,0.0,20.2%,0.2,26.3,42.1,7.7,0
2026-07-06,,COL,Kyle Karros,Eric Lauer,,62,58,1.8,25.0,35.1%,0.341,0.34,0.0,0%,0.333,18.2,27.3,8.2,0
2026-07-06,,COL,Cole Carrigg,Eric Lauer,,62,53,3.4,22.0,20.2%,0.304,0.327,0.0,20%,0.2,18.5,18.5,19.3,0
2026-07-06,,ATL,Mike Yastrzemski,Freddy Peralta,💥 Hittable,60,54,2.3,26.0,19.9%,0.166,0.314,0.0,0%,0.249,21.1,21.1,16.7,0
2026-07-06,,HOU,Braden Shewmake,Miles Mikolas,💥 Hittable,60,68,4.1,35.0,0%,0.162,0.292,10.0,33.3%,0.0,30.0,30.0,10.5,0
2026-07-06,,SD,Ty France,Brandon Pfaadt,,60,54,3.6,11.0,0%,0.111,0.31,0.0,0%,0.0,18.2,21.2,16.4,0
2026-07-06,,NYM,Tyrone Taylor,Reynaldo López,🤔 Average,60,53,3.6,32.0,24.9%,0.377,0.283,0.0,49.8%,0.499,26.7,20.0,14.1,0
2026-07-06,,SF,Heliot Ramos,Kevin Gausman,🤔 Average,60,58,3.1,20.0,19%,0.303,0.362,0.0,0%,0.333,20.7,44.8,18.1,0
2026-07-06,,PHI,Trea Turner,Noah Cameron,💥 Hittable,59,44,1.7,18.0,19%,0.229,0.278,0.0,0%,0.3,30.3,30.3,13.3,0
2026-07-06,,MIL,Brice Turang,Dustin May,🤔 Average,58,72,3.1,28.0,14%,0.174,0.344,2.6,33.8%,0.332,7.7,25.6,4.5,0
2026-07-06,,TOR,George Springer,Landen Roupp,,57,39,3.1,9.0,1.6%,0.13,0.303,0.0,,,0.0,33.3,15.1,0
2026-07-06,,TOR,Davis Schneider,Landen Roupp,,57,50,2.7,15.0,0%,0.143,0.258,0.0,0%,0.0,60.0,40.0,28.8,0
2026-07-06,,MIL,Gary Sánchez,Dustin May,🤔 Average,57,52,2.3,33.0,16.4%,0.313,0.376,0.0,24.8%,0.25,28.6,42.9,37.7,0
2026-07-06,,SF,Bryce Eldridge,Kevin Gausman,🤔 Average,57,65,3.2,33.0,9%,0.162,0.358,3.8,19.8%,0.201,19.2,30.8,27.8,0
2026-07-06,,WSH,Keibert Ruiz,Mike Burrows,🎯 Target,57,72,2.6,31.0,0%,0.127,0.288,5.6,25.2%,0.0,22.2,33.3,6.1,0
2026-07-06,,ATL,Mauricio Dubón,Freddy Peralta,💥 Hittable,56,42,2.2,22.0,17.4%,0.171,0.323,0.0,0%,0.201,16.1,29.0,21.9,0
2026-07-06,,NYM,Francisco Lindor,Reynaldo López,🤔 Average,56,63,2.8,20.0,20.4%,0.223,0.379,0.0,0%,0.501,14.8,44.4,3.9,0
2026-07-06,,STL,Nathan Church,Shane Drohan,,56,40,2.6,31.0,25.3%,0.286,0.297,0.0,0%,0.429,25.9,33.3,15.7,0
2026-07-06,,LAD,Mookie Betts,Kyle Freeland,💥 Hittable,55,58,3.2,18.0,0%,0.159,0.332,0.0,12.4%,0.0,25.8,38.7,30.5,0
2026-07-06,,STL,Thomas Saggese,Shane Drohan,,55,61,2.9,36.0,20.2%,0.518,0.301,0.0,0%,0.5,20.0,20.0,10.3,0
2026-07-06,,NYY,Jasson Domínguez,Griffin Jax,🤔 Average,54,49,2.7,33.0,8.9%,0.163,0.277,3.7,12.5%,0.125,29.6,40.7,11.7,0
2026-07-06,,AZ,Nolan Arenado,Walker Buehler,,54,53,2.5,19.0,10.9%,0.167,0.3,0.0,19.8%,0.2,21.7,26.1,28.9,0
2026-07-06,,AZ,Lourdes Gurriel Jr.,Walker Buehler,,54,42,0.7,22.0,12.6%,0.175,0.3,0.0,0%,0.201,19.2,26.9,24.5,0
2026-07-06,,COL,Sterlin Thompson,Eric Lauer,,54,27,1.2,38.0,30.3%,0.384,0.302,0.0,0%,0.333,30.0,30.0,9.7,0
2026-07-06,,HOU,Isaac Paredes,Miles Mikolas,💥 Hittable,53,61,3.9,25.0,25.7%,0.186,0.323,0.0,0%,0.222,30.0,23.3,23.5,0
2026-07-06,,KC,Isaac Collins,Cristopher Sánchez,⚠️ Tough,53,30,1.0,26.0,7.5%,0.284,0.314,0.0,0%,0.2,31.2,43.8,12.8,0
2026-07-06,,PHI,J.T. Realmuto,Noah Cameron,💥 Hittable,53,50,2.4,22.0,9.7%,0.174,0.317,0.0,0%,0.25,20.0,15.0,15.3,0
2026-07-06,,PHI,Bryson Stott,Noah Cameron,💥 Hittable,53,42,1.2,15.0,0%,0.101,0.315,0.0,0%,0.0,20.7,27.6,19.6,0
2026-07-06,,MIL,Jackson Chourio,Dustin May,🤔 Average,53,65,3.3,16.0,14.4%,0.218,0.345,0.0,0%,0.333,16.7,27.8,8.1,0
2026-07-06,,SF,Casey Schmitt,Kevin Gausman,,53,62,4.9,25.0,10.4%,0.174,0.348,0.0,0%,0.143,25.9,40.7,16.3,0
2026-07-06,,TB,Cedric Mullins,Cam Schlittler,‼️ Elite,53,28,3.0,27.0,13.3%,0.328,0.275,0.0,0%,0.749,17.4,21.7,19.1,0
2026-07-06,,NYY,Max Schuemann,Griffin Jax,🤔 Average,52,43,1.5,32.0,15.7%,0.327,0.358,0.0,66.8%,0.333,25.0,16.7,12.9,0
2026-07-06,,SD,Nick Castellanos,Brandon Pfaadt,,52,39,3.4,13.0,0%,0.148,0.263,0.0,0%,0.0,30.0,20.0,17.9,0
2026-07-06,,COL,Brett Sullivan,Eric Lauer,,52,55,2.9,21.0,0%,0.1,0.267,0.0,0%,0.0,27.3,54.5,25.5,0
2026-07-06,,WSH,José Tena,Mike Burrows,🎯 Target,52,51,1.2,20.0,23.2%,0.221,0.317,0.0,0%,1.008,6.2,43.8,11.6,0
2026-07-06,,LAD,Ryan Ward,Kyle Freeland,,51,55,5.0,25.0,0%,0.236,0.313,0.0,0%,0.0,30.0,10.0,28.3,0
2026-07-06,,NYY,Giancarlo Stanton,Griffin Jax,🤔 Average,51,57,2.8,12.0,0%,0.113,0.364,0.0,0%,0.0,10.0,50.0,23.9,0
2026-07-06,,HOU,Christian Walker,Miles Mikolas,💥 Hittable,51,64,4.1,14.0,17.6%,0.224,0.306,0.0,33.3%,0.668,11.1,14.8,20.3,0
2026-07-06,,HOU,Taylor Trammell,Miles Mikolas,💥 Hittable,51,68,3.1,29.0,14.1%,0.186,0.299,0.0,0%,0.167,26.1,21.7,12.9,0
2026-07-06,,LAD,Kyle Tucker,Kyle Freeland,,50,43,2.0,15.0,0%,0.079,0.316,0.0,0%,0.0,21.9,21.9,20.1,0
2026-07-06,,MIL,Christian Yelich,Dustin May,🤔 Average,50,52,2.3,33.0,6.5%,0.116,0.306,6.5,33.5%,0.166,19.4,19.4,-6.5,0
2026-07-06,,STL,JJ Wetherholt,Shane Drohan,🤔 Average,50,54,3.1,26.0,8.6%,0.152,0.371,0.0,0%,0.166,18.2,33.3,10.5,0
2026-07-06,,AZ,LuJames Groover,Walker Buehler,,49,34,1.6,21.0,8.8%,0.294,0.276,0.0,100%,1.0,10.0,10.0,23.8,0
2026-07-06,,STL,Alec Burleson,Shane Drohan,🤔 Average,49,53,3.7,23.0,8.9%,0.135,0.381,0.0,0%,0.25,15.4,38.5,12.0,0
2026-07-06,,SF,Luis Arraez,Kevin Gausman,,48,55,1.2,27.0,11.8%,0.213,0.315,0.0,0%,0.125,26.7,30.0,22.6,0
2026-07-06,,WSH,Andrés Chaparro,Mike Burrows,🎯 Target,48,20,0.0,18.0,9.9%,0.236,0.355,0.0,0%,0.5,20.0,30.0,20.4,0
2026-07-06,,ATL,Austin Riley,Freddy Peralta,💥 Hittable,47,44,1.7,16.0,11.6%,0.101,0.293,0.0,16.8%,0.167,21.4,17.9,19.0,0
2026-07-06,,HOU,Cam Smith,Miles Mikolas,💥 Hittable,47,58,3.0,21.0,26%,0.246,0.332,0.0,16.5%,0.333,23.1,38.5,7.1,0
2026-07-06,,KC,Jac Caglianone,Cristopher Sánchez,⚠️ Tough,47,47,3.6,19.0,0%,0.198,0.381,0.0,0%,0.0,20.0,40.0,1.1,0
2026-07-06,,TOR,Alejandro Kirk,Landen Roupp,,47,40,2.7,8.0,0%,0.108,0.27,0.0,0%,0.0,15.0,30.0,15.1,0
2026-07-06,,SD,Jake Cronenworth,Brandon Pfaadt,,47,24,0.0,24.0,10.7%,0.122,0.277,4.2,33.6%,0.334,12.5,12.5,9.7,0
2026-07-06,,NYM,Mark Vientos,Reynaldo López,🤔 Average,47,53,3.7,26.0,11.8%,0.241,0.324,0.0,24.8%,0.25,28.6,28.6,9.4,0
2026-07-06,,COL,TJ Rumfield,Eric Lauer,,47,40,2.7,16.0,0%,0.145,0.34,0.0,0%,0.0,12.9,9.7,18.4,0
2026-07-06,,COL,Willi Castro,Eric Lauer,,46,50,1.4,9.0,0%,0.116,0.3,0.0,0%,0.0,15.8,15.8,17.4,0
2026-07-06,,COL,Ezequiel Tovar,Eric Lauer,,46,45,2.5,22.0,19.5%,0.169,0.267,0.0,14.3%,0.143,28.0,16.0,26.5,0
2026-07-06,,COL,Jordan Beck,Eric Lauer,,46,57,1.2,15.0,0%,0.202,0.265,0.0,0%,0.0,20.0,10.0,9.7,0
2026-07-06,,STL,Masyn Winn,Shane Drohan,,46,53,0.8,21.0,11.9%,0.122,0.301,0.0,16.7%,0.167,22.2,25.9,24.7,0
2026-07-06,,ATL,Dominic Smith,Freddy Peralta,💥 Hittable,45,54,1.3,7.0,0%,0.064,0.32,0.0,0%,0.0,10.5,31.6,15.5,0
2026-07-06,,KC,Salvador Perez,Cristopher Sánchez,⚠️ Tough,45,43,2.2,6.0,0%,0.078,0.282,0.0,0%,0.0,5.9,29.4,19.7,0
2026-07-06,,KC,Lane Thomas,Cristopher Sánchez,⚠️ Tough,45,40,2.1,10.0,0%,0.142,0.304,0.0,0%,0.0,4.0,32.0,16.8,0
2026-07-06,,AZ,Ildemaro Vargas,Walker Buehler,,45,36,2.3,9.0,0%,0.095,0.299,0.0,0%,0.0,6.2,31.2,18.7,0
2026-07-06,,NYY,Paul Goldschmidt,Griffin Jax,🤔 Average,44,41,3.7,19.0,0%,0.243,0.347,0.0,33.5%,0.0,20.0,20.0,17.1,0
2026-07-06,,SF,Jesus Rodriguez,Kevin Gausman,,44,77,6.2,25.0,33.2%,0.297,0.29,0.0,0%,0.333,30.0,20.0,6.9,0
2026-07-06,,TB,Ryan Vilade,Cam Schlittler,‼️ Elite,44,32,3.8,23.0,14.2%,0.284,0.31,0.0,33.2%,0.333,25.0,25.0,26.3,0
2026-07-06,,STL,Lars Nootbaar,Shane Drohan,,44,37,2.4,19.0,0%,0.086,0.347,4.3,19.8%,0.0,21.7,30.4,13.3,0
2026-07-06,,SD,Xander Bogaerts,Brandon Pfaadt,,43,29,0.4,8.0,0%,0.095,0.31,0.0,0%,0.0,3.3,33.3,11.7,0
2026-07-06,,STL,José Fermín,Shane Drohan,,43,61,2.6,9.0,0%,0.139,0.29,0.0,0%,0.0,20.0,15.0,17.7,0
2026-07-06,,NYY,Amed Rosario,Griffin Jax,🤔 Average,42,44,3.0,23.0,3.3%,0.338,0.322,0.0,,,0.0,18.8,5.0,0
2026-07-06,,AZ,Jose Fernandez,Walker Buehler,,42,39,2.0,8.0,3.6%,0.097,0.272,0.0,,,0.0,30.0,22.0,0
2026-07-06,,COL,Troy Johnston,Eric Lauer,💥 Hittable,42,33,0.3,18.0,0%,0.072,0.342,0.0,0%,0.0,20.0,24.0,12.1,0
2026-07-06,,STL,Blaze Jordan,Shane Drohan,,42,44,1.7,12.0,0%,0.131,0.298,0.0,0%,0.0,27.8,27.8,18.9,0
2026-07-06,,HOU,Yainer Diaz,Miles Mikolas,💥 Hittable,41,46,1.7,21.0,24.1%,0.156,0.278,0.0,33.3%,0.333,15.0,25.0,13.5,0
2026-07-06,,SD,Samad Taylor,Brandon Pfaadt,,41,37,1.2,10.0,0%,0.084,0.319,0.0,50%,0.0,10.0,5.0,12.7,0
2026-07-06,,MIL,William Contreras,Dustin May,🤔 Average,41,53,2.3,9.0,0%,0.121,0.347,0.0,0%,0.0,10.3,31.0,13.5,0
2026-07-06,,NYM,Carson Benge,Reynaldo López,🤔 Average,41,51,2.7,19.0,16.8%,0.144,0.338,0.0,0%,0.333,9.7,25.8,10.2,0
2026-07-06,,LAD,Alex Call,Kyle Freeland,,40,45,0.9,10.0,0%,0.075,0.259,0.0,0%,0.0,30.0,0.0,21.1,0
2026-07-06,,LAD,Hyeseong Kim,Kyle Freeland,,40,39,0.9,11.0,0%,0.069,0.288,0.0,0%,0.0,10.0,50.0,9.2,0
2026-07-06,,KC,Nick Loftin,Cristopher Sánchez,⚠️ Tough,40,37,1.0,13.0,0%,0.146,0.327,0.0,0%,0.0,26.7,6.7,20.5,0
2026-07-06,,AZ,Gabriel Moreno,Walker Buehler,,40,44,2.2,11.0,0%,0.144,0.358,0.0,0%,0.0,3.8,19.2,9.1,0
2026-07-06,,PHI,Edmundo Sosa,Noah Cameron,💥 Hittable,40,53,1.7,10.0,0%,0.142,0.304,0.0,0%,0.0,10.0,40.0,1.0,0
2026-07-06,,PHI,Derek Hill,Noah Cameron,💥 Hittable,40,67,5.7,9.0,2.1%,0.171,0.278,0.0,,,0.0,0.0,11.9,0
2026-07-06,,TB,Jonny DeLuca,Cam Schlittler,‼️ Elite,40,26,3.6,19.0,15.9%,0.253,0.276,0.0,0%,0.499,14.3,21.4,22.5,0
2026-07-06,,WSH,Curtis Mead,Mike Burrows,🎯 Target,40,61,4.4,12.0,0%,0.171,0.353,0.0,0%,0.0,7.1,25.0,5.6,0
2026-07-06,,SD,Rodolfo Durán,Brandon Pfaadt,,39,41,4.4,11.0,0%,0.178,0.245,0.0,0%,0.0,18.2,18.2,8.3,0
2026-07-06,,NYM,Jared Young,Reynaldo López,🤔 Average,39,59,3.4,24.0,0%,0.182,0.295,0.0,0%,0.0,23.8,33.3,-6.9,0
2026-07-06,,SF,Drew Gilbert,Kevin Gausman,,39,53,2.1,24.0,20.6%,0.276,0.299,0.0,0%,1.004,8.3,16.7,12.7,0
2026-07-06,,HOU,Jose Altuve,Miles Mikolas,💥 Hittable,38,54,3.7,8.0,0%,0.124,0.285,0.0,0%,0.0,15.4,15.4,17.0,0
2026-07-06,,HOU,Zach Cole,Miles Mikolas,💥 Hittable,38,49,2.0,15.0,4.7%,0.196,0.266,0.0,,,0.0,40.0,9.9,0
2026-07-06,,AZ,James McCann,Walker Buehler,,38,35,0.0,5.0,0%,0.051,0.223,0.0,0%,0.0,10.0,70.0,17.5,0
2026-07-06,,WSH,Dylan Crews,Mike Burrows,🎯 Target,38,50,3.6,22.0,10.6%,0.136,0.346,0.0,40.1%,0.199,16.7,23.3,1.8,0
2026-07-06,,STL,Iván Herrera,Shane Drohan,🤔 Average,38,66,2.5,6.0,0%,0.073,0.357,0.0,0%,0.0,10.0,26.7,-1.7,0
2026-07-06,,STL,Pedro Pagés,Shane Drohan,,38,42,1.7,9.0,0%,0.129,0.258,0.0,0%,0.0,10.0,30.0,19.3,0
2026-07-06,,LAD,Santiago Espinal,Kyle Freeland,,37,38,2.2,11.0,4.3%,0.107,0.282,0.0,,,0.0,30.0,9.4,0
2026-07-06,,TB,Jonathan Aranda,Cam Schlittler,‼️ Elite,37,35,2.3,18.0,0%,0.166,0.363,0.0,0%,0.0,19.4,22.6,6.5,0
2026-07-06,,TB,Hunter Feduccia,Cam Schlittler,‼️ Elite,37,21,0.0,21.0,0%,0.143,0.281,0.0,0%,0.0,16.7,41.7,20.5,0
2026-07-06,,STL,Nolan Gorman,Shane Drohan,,37,46,2.3,17.0,0%,0.124,0.29,0.0,0%,0.0,20.0,20.0,25.5,0
2026-07-06,,NYY,Jazz Chisholm Jr.,Griffin Jax,🤔 Average,36,57,2.3,9.0,0%,0.089,0.298,0.0,0%,0.0,10.5,36.8,10.9,0
2026-07-06,,PHI,Rafael Marchán,Noah Cameron,💥 Hittable,36,47,2.5,15.0,0%,0.074,0.236,0.0,0%,0.0,20.0,20.0,26.9,0
2026-07-06,,PHI,Felix Reyes,Noah Cameron,💥 Hittable,36,54,3.0,8.0,3.2%,0.105,0.251,0.0,,,0.0,30.0,9.3,0
2026-07-06,,KC,Michael Massey,Cristopher Sánchez,⚠️ Tough,35,27,2.4,13.0,0%,0.167,0.312,0.0,0%,0.0,4.8,19.0,15.3,0
2026-07-06,,AZ,Pavin Smith,Walker Buehler,,35,29,0.0,15.0,0%,0.048,0.276,0.0,0%,0.0,26.3,26.3,22.2,0
2026-07-06,,COL,Tyler Freeman,Eric Lauer,,35,35,0.4,7.0,0%,0.086,0.298,0.0,0%,0.0,21.1,21.1,12.9,0
2026-07-06,,TB,Richie Palacios,Cam Schlittler,‼️ Elite,35,17,0.6,29.0,9.5%,0.151,0.285,0.0,0%,0.2,33.3,13.3,18.2,0
2026-07-06,,WSH,Joey Wiemer,Mike Burrows,🎯 Target,35,33,0.0,24.0,4.5%,0.275,0.325,0.0,,,0.0,20.0,-3.1,0
2026-07-06,,NYY,Cody Bellinger,Griffin Jax,🤔 Average,34,53,2.4,12.0,0%,0.067,0.356,0.0,0%,0.0,19.2,26.9,29.5,0
2026-07-06,,COL,Braxton Fulford,Eric Lauer,,34,38,1.6,7.0,0%,0.125,0.22,0.0,0%,0.0,10.0,0.0,16.1,0
2026-07-06,,TB,Yandy Díaz,Cam Schlittler,‼️ Elite,34,30,2.9,11.0,0%,0.168,0.377,0.0,0%,0.0,7.7,38.5,4.3,0
2026-07-06,,MIL,Blake Perkins,Dustin May,🤔 Average,33,34,1.2,8.0,0%,0.12,0.267,0.0,0%,0.0,20.0,30.0,20.5,0
2026-07-06,,MIL,Andrew Vaughn,Dustin May,🤔 Average,33,45,0.6,15.0,0%,0.205,0.368,0.0,0%,0.0,20.0,25.0,1.5,0
2026-07-06,,NYY,Spencer Jones,Griffin Jax,🤔 Average,32,44,1.2,10.0,1.8%,0.146,0.27,0.0,,,0.0,18.2,22.5,0
2026-07-06,,ATL,Eli White,Freddy Peralta,💥 Hittable,32,29,0.9,22.0,15.2%,0.317,0.281,0.0,0%,0.5,20.0,10.0,6.0,0
2026-07-06,,HOU,Joey Loperfido,Miles Mikolas,💥 Hittable,32,44,0.0,10.0,0%,0.118,0.324,0.0,0%,0.0,10.0,20.0,7.7,0
2026-07-06,,HOU,Brice Matthews,Miles Mikolas,💥 Hittable,32,46,3.1,7.0,0%,0.129,0.266,0.0,0%,0.0,20.0,0.0,17.8,0
2026-07-06,,KC,Tyler Tolbert,Cristopher Sánchez,⚠️ Tough,32,20,0.0,10.0,0%,0.095,0.301,0.0,0%,0.0,30.0,30.0,21.7,0
2026-07-06,,WSH,Brady House,Mike Burrows,🎯 Target,32,49,2.5,11.0,0%,0.123,0.31,0.0,0%,0.0,20.0,20.0,8.9,0
2026-07-06,,SD,Miguel Andujar,Brandon Pfaadt,,31,35,0.5,6.0,0%,0.076,0.304,0.0,0%,0.0,14.3,28.6,0.8,0
2026-07-06,,NYM,Luis Torrens,Reynaldo López,🤔 Average,31,38,1.7,18.0,21.2%,0.162,0.274,0.0,0%,0.498,11.8,23.5,9.3,0
2026-07-06,,NYY,J.C. Escarra,Griffin Jax,🤔 Average,30,25,0.0,20.0,0%,0.082,0.272,0.0,0%,0.0,60.0,40.0,24.2,0
2026-07-06,,COL,Edouard Julien,Eric Lauer,,30,29,0.8,10.0,0%,0.069,0.343,0.0,0%,0.0,4.5,27.3,1.7,0
2026-07-06,,TB,Victor Mesa Jr.,Cam Schlittler,‼️ Elite,30,23,2.4,15.0,0%,0.132,0.294,0.0,0%,0.0,21.7,13.0,21.7,0
2026-07-06,,NYY,Austin Wells,Griffin Jax,🤔 Average,29,40,0.9,12.0,0%,0.08,0.286,0.0,0%,0.0,20.0,20.0,22.0,0
2026-07-06,,AZ,Geraldo Perdomo,Walker Buehler,,29,41,0.9,18.0,0%,0.093,0.32,0.0,0%,0.0,25.8,16.1,1.9,0
2026-07-06,,SD,Will Wagner,Brandon Pfaadt,,29,49,0.0,2.0,3.5%,0.029,0.331,0.0,,,0.0,0.0,5.8,0
2026-07-06,,MIL,Joey Ortiz,Dustin May,🤔 Average,29,44,1.0,16.0,10.9%,0.106,0.281,0.0,0%,0.25,17.4,26.1,6.7,0
2026-07-06,,WSH,Jorbit Vivas,Mike Burrows,🎯 Target,29,43,1.5,9.0,0%,0.096,0.296,0.0,0%,0.0,5.9,23.5,7.4,0
2026-07-06,,WSH,Nasim Nuñez,Mike Burrows,🎯 Target,29,37,0.3,22.0,19%,0.139,0.261,0.0,50.5%,0.501,10.5,15.8,0.0,0
2026-07-06,,PHI,Garrett Stubbs,Noah Cameron,💥 Hittable,27,29,0.0,4.0,0%,0.0,0.236,0.0,0%,0.0,10.0,20.0,15.3,0
2026-07-06,,SD,Jase Bowen,Brandon Pfaadt,,27,21,0.0,7.0,0%,0.095,0.209,0.0,0%,0.0,10.0,10.0,13.3,0
2026-07-06,,NYM,Brett Baty,Reynaldo López,🤔 Average,27,46,1.3,10.0,0%,0.111,0.296,0.0,0%,0.0,11.5,34.6,9.5,0
2026-07-06,,HOU,Zach Dezenzo,Miles Mikolas,💥 Hittable,26,48,2.4,6.0,3.4%,0.117,0.264,0.0,,,0.0,0.0,9.5,0
2026-07-06,,TOR,Vladimir Guerrero Jr.,Landen Roupp,,26,33,0.6,7.0,0%,0.076,0.341,0.0,0%,0.0,12.5,29.2,-4.7,0
2026-07-06,,STL,Jimmy Crooks,Shane Drohan,,26,35,0.0,9.0,0%,0.091,0.319,0.0,0%,0.0,10.0,20.0,5.7,0
2026-07-06,,NYY,Ryan McMahon,Griffin Jax,🤔 Average,24,47,2.5,9.0,2%,0.13,0.31,0.0,,,0.0,20.0,6.2,0
2026-07-06,,AZ,Tommy Troy,Walker Buehler,,24,39,2.9,9.0,0%,0.128,0.307,0.0,0%,0.0,14.3,23.8,5.5,0
2026-07-06,,MIL,Sal Frelick,Dustin May,🤔 Average,24,41,0.7,18.0,0%,0.101,0.282,0.0,0%,0.0,26.1,26.1,0.0,0
2026-07-06,,TB,Nick Fortes,Cam Schlittler,‼️ Elite,24,21,1.1,18.0,14.7%,0.203,0.271,0.0,0%,0.25,28.6,21.4,4.9,0
2026-07-06,,ATL,Sandy León,Freddy Peralta,💥 Hittable,23,26,0.0,2.0,2.1%,0.0,0.151,0.0,,,0.0,20.0,20.7,0
2026-07-06,,TOR,Eloy Jiménez,Landen Roupp,,23,33,0.0,2.0,2.8%,0.0,0.275,0.0,,,0.0,30.0,6.8,0
2026-07-06,,NYM,Bo Bichette,Reynaldo López,🤔 Average,23,45,2.5,7.0,0%,0.091,0.333,0.0,19.8%,0.0,16.7,33.3,5.5,0
2026-07-06,,HOU,Christian Vázquez,Miles Mikolas,💥 Hittable,22,39,1.8,8.0,5%,0.109,0.238,0.0,,,0.0,10.0,4.3,0
2026-07-06,,HOU,Jake Meyers,Miles Mikolas,💥 Hittable,22,48,1.7,7.0,0%,0.092,0.243,0.0,0%,0.0,20.0,10.0,3.0,0
2026-07-06,,AZ,Alek Thomas,Walker Buehler,,22,34,0.0,12.0,2.4%,0.121,0.279,0.0,,,0.0,30.0,-6.4,0
2026-07-06,,MIL,David Hamilton,Dustin May,🤔 Average,22,35,1.3,9.0,0%,0.09,0.259,0.0,0%,0.0,6.2,18.8,13.2,0
2026-07-06,,TB,Ben Williamson,Cam Schlittler,‼️ Elite,22,15,0.6,22.0,13.2%,0.16,0.282,0.0,0%,0.334,17.6,17.6,6.2,0
2026-07-06,,KC,Starling Marte,Cristopher Sánchez,⚠️ Tough,21,32,1.0,6.0,0%,0.065,0.329,0.0,0%,0.0,6.7,20.0,0.7,0
2026-07-06,,NYM,Eric Wagaman,Reynaldo López,🤔 Average,21,39,3.6,13.0,3.5%,0.214,0.339,0.0,,,0.0,10.0,7.3,0
2026-07-06,,TB,Taylor Walls,Cam Schlittler,‼️ Elite,21,25,0.0,11.0,0%,0.1,0.264,0.0,0%,0.0,8.3,29.2,3.7,0
2026-07-06,,HOU,Dustin Harris,Miles Mikolas,💥 Hittable,20,31,0.0,9.0,0%,0.07,0.3,0.0,0%,0.0,10.0,10.0,4.6,0
2026-07-06,,SF,Eric Haase,Kevin Gausman,,20,63,5.4,13.0,2.3%,0.217,0.298,0.0,,,0.0,7.7,-8.7,0
2026-07-06,,SF,Willy Adames,Kevin Gausman,,20,52,3.5,8.0,0%,0.118,0.277,0.0,0%,0.0,5.9,23.5,28.7,0
2026-07-06,,NYY,Anthony Volpe,Griffin Jax,🤔 Average,19,45,0.6,6.0,0%,0.086,0.299,0.0,0%,0.0,10.0,15.0,7.8,0
2026-07-06,,ATL,Jorge Mateo,Freddy Peralta,💥 Hittable,19,33,0.9,9.0,0%,0.14,0.303,0.0,0%,0.0,6.7,20.0,4.3,0
2026-07-06,,HOU,Nick Allen,Miles Mikolas,💥 Hittable,19,33,1.2,5.0,0%,0.062,0.229,0.0,0%,0.0,21.1,5.3,32.8,0
2026-07-06,,PHI,Justin Crawford,Noah Cameron,💥 Hittable,19,31,0.8,7.0,0%,0.058,0.27,0.0,0%,0.0,11.5,26.9,1.3,0
2026-07-06,,MIL,Cooper Pratt,Dustin May,🤔 Average,19,41,0.0,3.0,0%,0.02,0.315,0.0,0%,0.0,18.2,13.6,9.6,0
2026-07-06,,WSH,Drew Millas,Mike Burrows,🎯 Target,19,36,1.6,8.0,0%,0.08,0.265,0.0,0%,0.0,20.0,0.0,10.1,0
2026-07-06,,WSH,Jacob Young,Mike Burrows,🎯 Target,19,39,1.9,9.0,0%,0.145,0.275,0.0,0%,0.0,14.3,7.1,2.3,0
2026-07-06,,LAD,Alex Freeland,Kyle Freeland,,17,24,0.6,7.0,0%,0.086,0.286,0.0,0%,0.0,11.1,0.0,6.3,0
2026-07-06,,NYY,José Caballero,Griffin Jax,🤔 Average,17,45,3.0,9.0,0%,0.136,0.272,0.0,0%,0.0,9.5,9.5,4.7,0
2026-07-06,,AZ,Tim Tawa,Walker Buehler,,17,42,2.5,9.0,3.5%,0.133,0.244,0.0,,,0.0,10.0,4.9,0
2026-07-06,,AZ,Ryan Waldschmidt,Walker Buehler,,17,27,0.0,10.0,2.9%,0.197,0.283,0.0,,,0.0,0.0,10.2,0
2026-07-06,,TOR,Andrés Giménez,Landen Roupp,,17,37,1.2,9.0,0%,0.094,0.257,0.0,0%,0.0,12.5,12.5,4.1,0
2026-07-06,,TOR,Ernie Clement,Landen Roupp,,17,33,1.0,8.0,0%,0.063,0.283,0.0,0%,0.0,23.1,15.4,3.8,0
2026-07-06,,SD,Bryce Johnson,Brandon Pfaadt,,17,23,0.0,4.0,0%,0.044,0.168,0.0,0%,0.0,10.0,0.0,10.7,0
2026-07-06,,MIL,Luis Rengifo,Dustin May,🤔 Average,17,33,0.0,5.0,2.3%,0.049,0.303,0.0,,,0.0,40.0,0.5,0
2026-07-06,,NYM,Ronny Mauricio,Reynaldo López,🤔 Average,17,46,3.1,12.0,0%,0.089,0.21,0.0,0%,0.0,10.0,20.0,7.5,0
2026-07-06,,SF,Jung Hoo Lee,Kevin Gausman,,17,50,0.7,9.0,0%,0.098,0.32,0.0,0%,0.0,11.5,11.5,7.9,0
2026-07-06,,COL,Chad Stevens,Eric Lauer,,17,28,0.0,0.0,0%,0.0,0.224,0.0,0%,0.0,10.0,0.0,6.4,0
2026-07-06,,STL,Victor Scott II,Shane Drohan,,17,28,0.6,9.0,0%,0.065,0.253,0.0,0%,0.0,10.0,0.0,-5.1,0
2026-07-06,,KC,Kameron Misner,Cristopher Sánchez,⚠️ Tough,16,22,0.0,12.0,0%,0.024,0.204,0.0,0%,0.0,16.7,8.3,10.3,0
2026-07-06,,TB,Chandler Simpson,Cam Schlittler,‼️ Elite,14,21,0.0,11.0,0%,0.09,0.248,0.0,0%,0.0,9.5,14.3,4.3,0
2026-07-07,,BOS,Willson Contreras,Unknown (702273),💥 Hittable,93,81,4.7,36.0,32%,0.384,0.363,0.0,24.9%,0.375,33.3,41.7,12.0,1
2026-07-07,,MIL,Jake Bauers,Matt Svanson,💥 Hittable,93,76,3.6,30.0,17.5%,0.226,0.371,3.1,12.4%,0.25,25.0,34.4,20.7,1
2026-07-07,,CHC,Dansby Swanson,Shane Baz,💥 Hittable,93,65,4.1,45.0,42.8%,0.574,0.302,0.0,0%,0.556,40.9,40.9,25.7,1
2026-07-07,,WSH,James Wood,Tatsuya Imai,💥 Hittable,93,92,5.2,43.0,16.3%,0.47,0.429,2.9,19.7%,0.8,14.7,38.2,11.3,1
2026-07-07,,MIL,Garrett Mitchell,Matt Svanson,💥 Hittable,91,66,2.4,47.0,21.2%,0.347,0.333,6.9,40.1%,0.401,17.2,48.3,8.3,1
2026-07-07,,CHC,Pete Crow-Armstrong,Shane Baz,💥 Hittable,91,84,4.2,36.0,29%,0.303,0.372,0.0,0%,0.286,26.9,15.4,17.1,1
2026-07-07,,DET,Riley Greene,J.T. Ginn,🤔 Average,86,70,2.9,66.0,28.8%,0.525,0.36,8.7,20%,0.4,43.5,34.8,9.2,1
2026-07-07,,LAD,Shohei Ohtani,Michael Lorenzen,🎯 Target,84,90,3.8,26.0,27.6%,0.204,0.403,3.1,16.5%,0.332,18.8,25.0,18.5,1
2026-07-07,,HOU,Yordan Alvarez,Andrew Alvarez,🤔 Average,84,85,7.0,53.0,14.4%,0.375,0.49,3.2,7.1%,0.285,45.2,45.2,23.1,1
2026-07-07,,KC,Bobby Witt Jr.,Cionel Pérez,🎯 Target,84,80,3.0,23.0,21.9%,0.229,0.389,0.0,39.9%,0.4,20.8,58.3,23.6,1
2026-07-07,,PIT,Endy Rodríguez,Hurston Waldrep,🎯 Target,84,78,3.2,35.0,15.5%,0.283,0.367,4.5,14.2%,0.286,31.8,27.3,20.9,1
2026-07-07,,AZ,Ketel Marte,Germán Márquez,🎯 Target,84,69,3.0,31.0,30.9%,0.309,0.375,0.0,0%,0.25,25.8,38.7,-0.1,1
2026-07-07,,SD,Gavin Sheets,Zac Gallen,🎯 Target,84,94,5.4,24.0,26.3%,0.198,0.33,0.0,0%,0.335,10.3,17.2,13.6,1
2026-07-07,,NYM,Juan Soto,Seth Lugo,🎯 Target,84,96,3.9,38.0,27.3%,0.274,0.44,6.5,33.5%,0.332,19.4,25.8,7.3,1
2026-07-07,,TB,Junior Caminero,Will Warren,,84,80,6.3,31.0,18.4%,0.426,0.381,0.0,50%,0.665,19.4,32.3,9.2,1
2026-07-07,,MIA,Joe Mack,Bryan Woo,,82,60,3.0,45.0,30.9%,0.387,0.321,0.0,10.1%,0.3,52.6,26.3,23.1,1
2026-07-07,,CHC,Michael Conforto,Shane Baz,💥 Hittable,81,66,4.7,41.0,26.4%,0.339,0.327,5.3,25.1%,0.499,21.1,15.8,7.4,1
2026-07-07,,COL,Hunter Goodman,Justin Wrobleski,,81,97,8.2,24.0,23.6%,0.328,0.339,0.0,0%,0.667,10.0,16.7,19.7,1
2026-07-07,,LAD,Dalton Rushing,Michael Lorenzen,🎯 Target,79,75,3.2,32.0,17.7%,0.238,0.334,3.6,20.1%,0.199,17.9,42.9,21.2,1
2026-07-07,,CLE,David Fry,Taj Bradley,🤔 Average,79,64,5.1,29.0,27.5%,0.368,0.279,0.0,33.3%,0.666,23.1,30.8,33.6,1
2026-07-07,,WSH,Luis García Jr.,Tatsuya Imai,,76,71,5.1,41.0,19.9%,0.445,0.344,3.4,19.8%,0.601,17.2,34.5,6.5,1
2026-07-07,,KC,Salvador Perez,Cionel Pérez,🎯 Target,75,75,2.3,18.0,20.2%,0.228,0.29,0.0,50%,0.498,11.8,41.2,19.7,1
2026-07-07,,COL,Jake McCarthy,Justin Wrobleski,,75,69,3.0,39.0,37.2%,0.326,0.298,5.4,28.6%,0.429,18.9,32.4,5.5,1
2026-07-07,,MIN,Kody Clemens,Joey Cantillo,💥 Hittable,93,52,3.6,49.0,25.3%,0.342,0.33,7.1,24.8%,0.374,28.6,28.6,15.2,0
2026-07-07,,MIN,Josh Bell,Joey Cantillo,💥 Hittable,91,41,2.1,52.0,36.7%,0.442,0.318,7.4,33.3%,0.445,33.3,37.0,9.7,0
2026-07-07,,BAL,Samuel Basallo,Matthew Boyd,🤔 Average,86,38,3.3,48.0,14%,0.34,0.35,10.5,39.9%,0.4,26.3,31.6,25.7,0
2026-07-07,,TEX,Joc Pederson,José Soriano,🤔 Average,84,61,3.2,21.0,9.9%,0.277,0.375,0.0,0%,0.999,7.7,30.8,18.0,0
2026-07-07,,NYY,Ben Rice,Ian Seymour,⚠️ Tough,84,49,4.4,44.0,15.6%,0.305,0.366,6.7,25.1%,0.375,26.7,26.7,12.7,0
2026-07-07,,KC,Carter Jensen,Cionel Pérez,,84,51,3.1,44.0,13.6%,0.264,0.281,10.0,33.3%,0.333,30.0,20.0,16.2,0
2026-07-07,,TOR,Kazuma Okamoto,Trevor McDonald,,84,52,4.0,24.0,7.8%,0.197,0.344,0.0,0%,0.167,26.1,21.7,21.3,0
2026-07-07,,PHI,Brandon Marsh,Andrew Abbott,,84,50,3.5,40.0,23.8%,0.278,0.327,9.1,37.6%,0.376,24.2,24.2,7.6,0
2026-07-07,,CIN,Spencer Steer,Zack Wheeler,,84,54,3.0,23.0,17.7%,0.177,0.328,0.0,25%,0.25,20.0,40.0,14.7,0
2026-07-07,,CLE,Chase DeLauter,Taj Bradley,,84,49,1.5,27.0,11.6%,0.177,0.327,0.0,0%,0.166,19.4,45.2,18.4,0
2026-07-07,,SF,Rafael Devers,Spencer Miles,⚠️ Tough,84,53,3.0,56.0,24.7%,0.428,0.332,6.7,18.3%,0.363,36.7,36.7,9.5,0
2026-07-07,,SEA,Dominic Canzone,Max Meyer,⚠️ Tough,84,59,4.9,40.0,14.3%,0.356,0.39,5.9,33.5%,0.668,17.6,23.5,33.6,0
2026-07-07,,COL,Mickey Moniak,Justin Wrobleski,,84,56,5.3,44.0,24%,0.401,0.326,6.7,33.5%,0.5,20.0,36.7,24.1,0
2026-07-07,,MIA,Otto Lopez,Bryan Woo,,84,57,2.3,35.0,32.4%,0.423,0.331,0.0,11%,0.333,30.0,40.0,23.4,0
2026-07-07,,SF,Heliot Ramos,Spencer Miles,,82,58,3.8,42.0,20.9%,0.496,0.38,0.0,22.3%,0.444,30.0,50.0,18.1,0
2026-07-07,,TEX,Josh Smith,José Soriano,🤔 Average,81,47,0.8,48.0,23.1%,0.348,0.287,8.3,24.9%,0.25,33.3,25.0,2.9,0
2026-07-07,,CIN,JJ Bleday,Zack Wheeler,,81,64,3.1,19.0,0%,0.237,0.375,0.0,0%,0.0,14.8,14.8,25.3,0
2026-07-07,,MIA,Heriberto Hernandez,Bryan Woo,⚠️ Tough,80,47,3.4,44.0,18.2%,0.504,0.367,0.0,33.3%,0.5,26.1,39.1,9.9,0
2026-07-07,,ATL,Matt Olson,Paul Skenes,⚠️ Tough,79,56,4.9,44.0,14.9%,0.383,0.366,3.0,11%,0.444,27.3,36.4,13.6,0
2026-07-07,,CWS,Colson Montgomery,Payton Tolle,⚠️ Tough,79,54,5.4,43.0,20.7%,0.317,0.33,7.1,19.9%,0.3,35.7,21.4,26.1,0
2026-07-07,,DET,Kerry Carpenter,J.T. Ginn,🤔 Average,79,64,3.5,38.0,11.1%,0.21,0.313,12.0,50%,0.167,24.0,40.0,17.7,0
2026-07-07,,LAD,Max Muncy,Michael Lorenzen,,78,73,4.7,43.0,11.8%,0.198,0.379,3.7,11.1%,0.111,33.3,29.6,25.9,0
2026-07-07,,CIN,Sal Stewart,Zack Wheeler,,78,57,2.9,21.0,21.4%,0.277,0.341,0.0,16.5%,0.334,20.0,33.3,5.5,0
2026-07-07,,MIA,Kyle Stowers,Bryan Woo,⚠️ Tough,78,53,4.0,39.0,15.5%,0.41,0.335,0.0,0%,0.5,20.0,43.3,5.5,0
2026-07-07,,MIA,Owen Caissie,Bryan Woo,,78,58,3.2,36.0,13.4%,0.306,0.29,5.3,25.1%,0.499,21.1,21.1,24.1,0
2026-07-07,,PHI,Bryce Harper,Andrew Abbott,,77,53,4.3,27.0,10.7%,0.231,0.403,3.1,50%,0.503,6.2,28.1,16.7,0
2026-07-07,,BAL,Coby Mayo,Matthew Boyd,🤔 Average,76,83,4.1,18.0,0%,0.181,0.289,0.0,0%,0.0,30.0,40.0,19.9,0
2026-07-07,,PHI,Kyle Schwarber,Andrew Abbott,💥 Hittable,75,98,7.4,20.0,0%,0.31,0.382,0.0,0%,0.0,6.2,25.0,7.0,0
2026-07-07,,TOR,Yohendrick Piñango,Trevor McDonald,,74,59,1.8,20.0,0%,0.147,0.321,0.0,0%,0.0,23.5,23.5,16.3,0
2026-07-07,,CWS,Randal Grichuk,Payton Tolle,⚠️ Tough,74,76,8.0,20.0,0%,0.214,0.391,0.0,24.9%,0.0,33.3,41.7,15.9,0
2026-07-07,,CHC,Michael Busch,Shane Baz,💥 Hittable,74,65,2.6,24.0,20.5%,0.216,0.356,0.0,0%,0.286,25.0,17.9,22.1,0
2026-07-07,,SD,Fernando Tatis Jr.,Zac Gallen,🎯 Target,73,58,1.1,15.0,24.4%,0.222,0.35,0.0,16.8%,0.333,16.7,33.3,12.6,0
2026-07-07,,SD,Luis Campusano,Zac Gallen,🎯 Target,73,100,5.7,19.0,0%,0.281,0.317,0.0,0%,0.0,10.0,20.0,5.1,0
2026-07-07,,WSH,Daylen Lile,Tatsuya Imai,💥 Hittable,73,68,2.7,35.0,23.8%,0.241,0.313,3.8,14.1%,0.286,26.9,42.3,14.7,0
2026-07-07,,TEX,Elias Díaz,José Soriano,,72,41,3.0,26.0,26%,0.314,0.28,0.0,20.2%,0.4,26.3,42.1,12.4,0
2026-07-07,,TOR,Daulton Varsho,Trevor McDonald,,72,52,2.1,20.0,0%,0.097,0.289,0.0,0%,0.0,25.0,30.0,19.1,0
2026-07-07,,CIN,Elly De La Cruz,Zack Wheeler,‼️ Elite,72,33,3.0,23.0,6.2%,0.135,0.353,0.0,0%,0.25,12.5,25.0,13.7,0
2026-07-07,,CLE,Bo Naylor,Taj Bradley,,72,42,1.4,29.0,21.1%,0.259,0.298,0.0,0%,0.333,30.0,50.0,13.5,0
2026-07-07,,CLE,Kyle Manzardo,Taj Bradley,,72,55,3.1,32.0,14.1%,0.131,0.297,4.5,19.8%,0.2,22.7,18.2,10.5,0
2026-07-07,,SEA,Cole Young,Max Meyer,⚠️ Tough,71,36,2.5,35.0,12.4%,0.283,0.319,5.0,25%,0.5,20.0,20.0,13.8,0
2026-07-07,,TOR,Brandon Valenzuela,Trevor McDonald,💥 Hittable,70,64,2.4,18.0,0%,0.175,0.325,0.0,0%,0.0,20.0,0.0,17.1,0
2026-07-07,,CHC,Seiya Suzuki,Shane Baz,💥 Hittable,70,66,3.3,20.0,9.5%,0.203,0.333,0.0,9.2%,0.091,39.3,25.0,19.8,0
2026-07-07,,LAA,Zach Neto,Jacob deGrom,,70,67,4.5,23.0,20.5%,0.292,0.319,0.0,0%,0.286,28.0,32.0,21.1,0
2026-07-07,,ATH,Colby Thomas,Tarik Skubal,‼️ Elite,70,32,4.2,31.0,16.1%,0.365,0.277,0.0,33.2%,0.668,21.4,42.9,20.9,0
2026-07-07,,STL,Bryan Torres,Jacob Misiorowski,‼️ Elite,70,44,5.2,58.0,17.8%,0.53,0.34,10.0,25%,0.5,40.0,40.0,20.7,0
2026-07-07,,LAD,Freddie Freeman,Michael Lorenzen,,69,67,2.1,28.0,24%,0.228,0.38,0.0,0%,0.222,25.7,37.1,12.1,0
2026-07-07,,CIN,TJ Friedl,Zack Wheeler,,69,34,1.4,29.0,19.6%,0.281,0.246,0.0,0%,0.25,23.5,17.6,18.1,0
2026-07-07,,SD,Manny Machado,Zac Gallen,,69,54,4.4,25.0,21.9%,0.332,0.319,0.0,10.1%,0.3,28.6,22.9,5.5,0
2026-07-07,,ATH,Shea Langeliers,Tarik Skubal,‼️ Elite,68,47,4.7,25.0,7.9%,0.164,0.377,0.0,50%,0.25,25.0,25.0,15.6,0
2026-07-07,,ATL,Michael Harris II,Paul Skenes,⚠️ Tough,67,59,5.0,30.0,12.3%,0.204,0.36,3.0,16.5%,0.333,18.2,36.4,13.5,0
2026-07-07,,HOU,Raynel Delgado,Andrew Alvarez,,67,66,3.2,44.0,23.4%,0.303,0.264,10.0,33.3%,0.333,30.0,40.0,10.9,0
2026-07-07,,MIN,Victor Caratini,Joey Cantillo,💥 Hittable,67,43,1.8,26.0,18.3%,0.202,0.343,4.8,25.3%,0.251,19.0,23.8,13.1,0
2026-07-07,,MIN,Royce Lewis,Joey Cantillo,,67,64,3.9,23.0,15.9%,0.177,0.289,0.0,0%,0.2,18.5,29.6,14.7,0
2026-07-07,,AZ,Nolan Arenado,Germán Márquez,,66,57,3.1,20.0,32.4%,0.253,0.298,0.0,16.5%,0.333,26.1,30.4,28.9,0
2026-07-07,,AZ,Corbin Carroll,Germán Márquez,🎯 Target,66,74,3.0,10.0,0%,0.116,0.34,0.0,0%,0.0,12.9,19.4,17.0,0
2026-07-07,,PHI,Gabriel Rincones Jr.,Andrew Abbott,💥 Hittable,66,40,2.0,30.0,22.6%,0.215,0.217,4.8,33.6%,0.333,14.3,38.1,25.9,0
2026-07-07,,WSH,CJ Abrams,Tatsuya Imai,,66,66,3.9,25.0,18.6%,0.255,0.33,0.0,0%,0.334,22.2,29.6,19.8,0
2026-07-07,,NYY,Paul Goldschmidt,Ian Seymour,,65,75,3.6,19.0,0%,0.239,0.343,0.0,33.5%,0.0,16.7,22.2,17.1,0
2026-07-07,,KC,Tyler Tolbert,Cionel Pérez,,65,61,2.1,30.0,28%,0.276,0.316,0.0,0%,0.333,30.0,20.0,14.2,0
2026-07-07,,CWS,Miguel Vargas,Payton Tolle,⚠️ Tough,65,59,3.5,27.0,6.3%,0.267,0.408,0.0,39.9%,0.1,30.3,39.4,8.3,0
2026-07-07,,PIT,Bryan Reynolds,Hurston Waldrep,🎯 Target,64,63,2.2,22.0,9.8%,0.229,0.358,2.9,19.7%,0.4,14.7,23.5,12.2,0
2026-07-07,,NYM,A.J. Ewing,Seth Lugo,🎯 Target,64,55,0.5,38.0,9.3%,0.153,0.339,3.8,12.3%,0.125,30.8,26.9,18.1,0
2026-07-07,,CLE,Austin Hedges,Taj Bradley,,64,50,1.5,24.0,26.8%,0.336,0.293,0.0,0%,0.665,18.8,31.2,4.9,0
2026-07-07,,TEX,Justin Foscue,José Soriano,,63,44,3.4,16.0,0%,0.22,0.375,0.0,0%,0.0,7.7,23.1,17.2,0
2026-07-07,,NYY,Trent Grisham,Ian Seymour,,63,57,2.5,22.0,13.9%,0.283,0.358,0.0,0%,0.502,13.3,33.3,21.5,0
2026-07-07,,KC,Isaac Collins,Cionel Pérez,🎯 Target,63,43,1.0,27.0,15.9%,0.274,0.314,0.0,0%,0.25,30.8,46.2,12.8,0
2026-07-07,,COL,Cole Carrigg,Justin Wrobleski,,63,58,3.9,23.0,18%,0.314,0.324,0.0,16.8%,0.167,21.4,21.4,20.8,0
2026-07-07,,TB,Cedric Mullins,Will Warren,💥 Hittable,63,55,3.0,26.0,23.9%,0.258,0.271,0.0,0%,0.401,21.7,17.4,19.1,0
2026-07-07,,TEX,Brandon Nimmo,José Soriano,🤔 Average,62,54,1.5,12.0,0%,0.154,0.396,0.0,0%,0.0,10.0,30.0,11.3,0
2026-07-07,,TEX,Evan Carter,José Soriano,,62,42,1.8,24.0,10.8%,0.193,0.296,0.0,0%,0.997,5.9,17.6,24.3,0
2026-07-07,,ATL,Drake Baldwin,Paul Skenes,⚠️ Tough,62,46,4.6,36.0,4.3%,0.11,0.393,6.1,25.2%,0.125,24.2,30.3,14.1,0
2026-07-07,,AZ,Adrian Del Castillo,Germán Márquez,,62,62,3.6,20.0,32.2%,0.223,0.276,0.0,0%,0.5,20.0,20.0,11.2,0
2026-07-07,,TOR,Nathan Lukes,Trevor McDonald,,62,47,1.0,10.0,0%,0.109,0.298,0.0,0%,0.0,13.3,23.3,20.9,0
2026-07-07,,PHI,Alec Bohm,Andrew Abbott,💥 Hittable,62,46,2.5,21.0,27%,0.247,0.303,0.0,40.4%,0.401,16.1,35.5,13.2,0
2026-07-07,,SEA,Randy Arozarena,Max Meyer,,62,50,2.5,16.0,13.8%,0.214,0.344,0.0,0%,0.5,8.0,28.0,18.4,0
2026-07-07,,DET,Kevin McGonigle,J.T. Ginn,🤔 Average,62,62,1.3,31.0,7%,0.115,0.377,0.0,0%,0.091,37.9,34.5,19.0,0
2026-07-07,,MIA,Graham Pauley,Bryan Woo,,62,36,1.2,34.0,0%,0.184,0.238,10.0,50%,0.0,20.0,50.0,11.8,0
2026-07-07,,NYY,Max Schuemann,Ian Seymour,⚠️ Tough,61,41,1.5,34.0,20%,0.348,0.358,0.0,66.7%,0.333,27.3,18.2,12.9,0
2026-07-07,,SD,Jackson Merrill,Zac Gallen,,61,43,1.3,30.0,20.3%,0.169,0.291,3.2,16.5%,0.332,19.4,22.6,7.0,0
2026-07-07,,NYM,MJ Melendez,Seth Lugo,,61,46,0.8,33.0,0%,0.158,0.279,10.0,50%,0.0,20.0,40.0,23.2,0
2026-07-07,,TEX,Josh Jung,José Soriano,,60,43,2.1,18.0,12.6%,0.238,0.342,0.0,49.4%,0.5,8.7,34.8,7.3,0
2026-07-07,,PHI,Trea Turner,Andrew Abbott,,60,38,1.6,21.0,26.6%,0.255,0.28,0.0,0%,0.301,31.2,34.4,13.3,0
2026-07-07,,MIL,Brice Turang,Matt Svanson,💥 Hittable,60,64,2.9,27.0,16.4%,0.176,0.343,2.6,24.8%,0.25,10.5,26.3,4.5,0
2026-07-07,,MIN,Trevor Larnach,Joey Cantillo,,60,43,2.6,31.0,13.6%,0.213,0.341,0.0,0%,0.167,27.3,36.4,9.5,0
2026-07-07,,MIN,Luke Keaschall,Joey Cantillo,,60,45,0.7,28.0,33.4%,0.298,0.31,0.0,0%,0.333,28.6,14.3,11.3,0
2026-07-07,,NYY,Jasson Domínguez,Ian Seymour,,59,55,2.7,34.0,11.4%,0.162,0.274,3.6,11.2%,0.111,32.1,39.3,11.7,0
2026-07-07,,KC,Lane Thomas,Cionel Pérez,,59,60,2.6,15.0,11%,0.233,0.308,0.0,0%,0.502,8.3,25.0,16.8,0
2026-07-07,,AZ,Jorge Barrosa,Germán Márquez,,59,38,2.3,33.0,36.2%,0.333,0.227,0.0,0%,0.25,40.0,40.0,8.1,0
2026-07-07,,WSH,Keibert Ruiz,Tatsuya Imai,💥 Hittable,59,67,2.7,30.0,0%,0.146,0.289,7.1,33.2%,0.0,21.4,42.9,6.1,0
2026-07-07,,PIT,Brandon Lowe,Hurston Waldrep,🎯 Target,58,76,3.6,25.0,10%,0.186,0.359,0.0,0%,0.333,10.0,23.3,9.7,0
2026-07-07,,CIN,Noelvi Marte,Zack Wheeler,,58,45,4.2,18.0,18.9%,0.146,0.301,0.0,0%,0.335,13.0,26.1,11.1,0
2026-07-07,,COL,Kyle Karros,Justin Wrobleski,‼️ Elite,58,34,2.2,26.0,18.7%,0.351,0.341,0.0,0%,0.334,17.6,26.5,8.2,0
2026-07-07,,MIA,Griffin Conine,Bryan Woo,,58,74,4.1,21.0,12.9%,0.176,0.344,0.0,0%,1.0,3.7,25.9,9.5,0
2026-07-07,,TEX,Jake Burger,José Soriano,,57,60,3.8,18.0,12.8%,0.15,0.296,0.0,24.7%,0.25,18.2,31.8,-5.1,0
2026-07-07,,SD,Ty France,Zac Gallen,,57,59,3.9,11.0,0%,0.11,0.307,0.0,0%,0.0,17.1,22.9,16.4,0
2026-07-07,,NYM,Francisco Lindor,Seth Lugo,🎯 Target,57,70,2.4,25.0,23.6%,0.192,0.375,0.0,0%,0.401,15.6,46.9,3.9,0
2026-07-07,,NYM,Carson Benge,Seth Lugo,,57,59,2.7,21.0,18.1%,0.219,0.342,3.2,33%,0.665,9.7,35.5,10.2,0
2026-07-07,,LAA,Jose Siri,Jacob deGrom,,57,61,5.7,18.0,13.2%,0.243,0.293,0.0,100%,1.0,10.0,20.0,20.9,0
2026-07-07,,ATH,Nick Kurtz,Tarik Skubal,‼️ Elite,57,35,4.9,29.0,3.7%,0.149,0.392,3.8,24.7%,0.25,15.4,26.9,8.2,0
2026-07-07,,DET,Colt Keith,J.T. Ginn,🤔 Average,57,51,1.6,33.0,12.6%,0.184,0.319,6.7,50.4%,0.502,13.3,26.7,11.1,0
2026-07-07,,CWS,Kyle Teel,Payton Tolle,,56,39,2.5,26.0,8.4%,0.169,0.331,3.8,33%,0.335,11.5,26.9,20.8,0
2026-07-07,,MIL,Jackson Chourio,Matt Svanson,💥 Hittable,56,69,3.1,15.0,21.1%,0.217,0.343,0.0,0%,0.4,13.9,25.0,8.1,0
2026-07-07,,SEA,Mitch Garver,Max Meyer,,56,38,2.8,23.0,10%,0.327,0.323,0.0,0%,1.0,10.0,20.0,24.2,0
2026-07-07,,SEA,Josh Naylor,Max Meyer,,56,50,1.6,19.0,0%,0.106,0.329,4.0,20%,0.0,20.0,24.0,24.4,0
2026-07-07,,TB,Ryan Vilade,Will Warren,,56,58,3.9,23.0,20.8%,0.284,0.311,0.0,33.2%,0.333,25.0,25.0,26.3,0
2026-07-07,,LAD,Miguel Rojas,Michael Lorenzen,,55,41,1.3,25.0,17.4%,0.282,0.334,0.0,0%,0.2,27.8,50.0,23.9,0
2026-07-07,,ATL,Ozzie Albies,Paul Skenes,⚠️ Tough,55,43,2.3,26.0,10%,0.277,0.295,2.9,10.9%,0.222,26.5,20.6,17.0,0
2026-07-07,,AZ,Lourdes Gurriel Jr.,Germán Márquez,,55,39,0.8,22.0,17.8%,0.171,0.294,0.0,0%,0.167,23.1,26.9,24.5,0
2026-07-07,,TOR,Myles Straw,Trevor McDonald,,55,22,1.0,18.0,20.5%,0.255,0.273,0.0,0%,0.2,50.0,30.0,13.7,0
2026-07-07,,SD,Sung-Mun Song,Zac Gallen,,55,47,1.2,17.0,29.7%,0.211,0.275,0.0,0%,0.5,12.5,25.0,11.5,0
2026-07-07,,NYM,Tyrone Taylor,Seth Lugo,,55,51,3.4,33.0,22.7%,0.413,0.283,0.0,50%,0.499,30.8,23.1,14.1,0
2026-07-07,,SF,Victor Bericoto,Spencer Miles,⚠️ Tough,55,54,5.0,28.0,16.6%,0.326,0.334,0.0,33.5%,0.333,15.8,52.6,3.7,0
2026-07-07,,SF,Bryce Eldridge,Spencer Miles,⚠️ Tough,55,47,2.8,32.0,4.8%,0.149,0.355,3.3,19.8%,0.199,16.7,30.0,27.6,0
2026-07-07,,ATH,Jonah Heim,Tarik Skubal,‼️ Elite,55,43,5.9,17.0,14.3%,0.253,0.334,0.0,25.1%,0.499,16.7,25.0,5.5,0
2026-07-07,,CLE,Brayan Rocchio,Taj Bradley,,54,57,1.4,27.0,16.8%,0.121,0.313,0.0,0%,0.167,25.0,25.0,-0.2,0
2026-07-07,,LAA,Donovan Walton,Jacob deGrom,‼️ Elite,54,35,2.6,17.0,0%,0.162,0.321,0.0,0%,0.0,10.0,40.0,16.5,0
2026-07-07,,COL,Sterlin Thompson,Justin Wrobleski,,54,30,1.5,38.0,27.1%,0.384,0.301,0.0,0%,0.333,30.0,30.0,9.7,0
2026-07-07,,PIT,Ryan O'Hearn,Hurston Waldrep,🎯 Target,53,71,1.9,11.0,0%,0.107,0.313,0.0,0%,0.0,12.9,22.6,19.9,0
2026-07-07,,TOR,George Springer,Trevor McDonald,,53,34,3.0,11.0,0.9%,0.149,0.303,0.0,,,0.0,30.0,15.1,0
2026-07-07,,TB,Jonny DeLuca,Will Warren,,53,53,3.6,20.0,23.3%,0.216,0.274,0.0,0%,0.498,11.8,23.5,22.5,0
2026-07-07,,MIL,Christian Yelich,Matt Svanson,💥 Hittable,52,43,2.2,33.0,9.9%,0.117,0.306,6.5,33.5%,0.166,19.4,19.4,-6.5,0
2026-07-07,,CLE,Travis Bazzana,Taj Bradley,,52,64,2.2,12.0,0%,0.083,0.313,0.0,0%,0.0,17.9,25.0,10.1,0
2026-07-07,,MIN,Brooks Lee,Joey Cantillo,,52,51,2.8,20.0,0%,0.101,0.296,0.0,0%,0.0,27.6,24.1,16.0,0
2026-07-07,,CHC,Alex Bregman,Shane Baz,💥 Hittable,52,53,1.4,23.0,15.7%,0.169,0.327,0.0,0%,0.199,17.9,25.0,11.3,0
2026-07-07,,SEA,J.P. Crawford,Max Meyer,,52,62,3.8,12.0,0%,0.087,0.33,0.0,0%,0.0,4.0,28.0,12.5,0
2026-07-07,,COL,Brett Sullivan,Justin Wrobleski,,52,58,3.6,21.0,0%,0.1,0.267,0.0,0%,0.0,27.3,54.5,25.5,0
2026-07-07,,TEX,Kyle Higashioka,José Soriano,,51,37,1.9,9.0,0%,0.123,0.279,0.0,0%,0.0,16.7,25.0,19.3,0
2026-07-07,,TEX,Ezequiel Duran,José Soriano,,51,42,1.3,17.0,14.8%,0.125,0.288,0.0,0%,0.25,16.0,28.0,9.3,0
2026-07-07,,LAD,Mookie Betts,Michael Lorenzen,🎯 Target,51,65,2.7,19.0,0%,0.154,0.333,0.0,16.5%,0.0,37.5,46.9,30.5,0
2026-07-07,,LAD,Tommy Edman,Michael Lorenzen,,51,46,1.5,18.0,23.5%,0.214,0.353,0.0,0%,0.5,9.1,27.3,14.3,0
2026-07-07,,PIT,Esmerlyn Valdez,Hurston Waldrep,,51,54,4.6,24.0,5.2%,0.314,0.374,0.0,19.7%,0.199,15.2,18.2,7.9,0
2026-07-07,,AZ,Ildemaro Vargas,Germán Márquez,,51,37,2.5,8.0,0%,0.083,0.297,0.0,0%,0.0,6.2,43.8,18.7,0
2026-07-07,,AZ,Geraldo Perdomo,Germán Márquez,,51,42,1.0,33.0,11.3%,0.163,0.323,0.0,0%,0.091,34.4,21.9,1.9,0
2026-07-07,,AZ,LuJames Groover,Germán Márquez,,51,34,1.8,22.0,15.6%,0.318,0.277,0.0,100%,1.0,10.0,10.0,23.8,0
2026-07-07,,TOR,Davis Schneider,Trevor McDonald,,51,39,2.6,15.0,0%,0.143,0.258,0.0,0%,0.0,60.0,40.0,28.8,0
2026-07-07,,PHI,Bryson Stott,Andrew Abbott,,51,39,1.2,15.0,0%,0.096,0.317,0.0,0%,0.0,20.0,30.0,19.6,0
2026-07-07,,SD,Nick Castellanos,Zac Gallen,,51,46,3.7,13.0,0%,0.148,0.264,0.0,0%,0.0,30.0,20.0,17.9,0
2026-07-07,,SF,Luis Arraez,Spencer Miles,,51,49,1.0,26.0,9.3%,0.207,0.317,0.0,0%,0.125,25.8,29.0,22.6,0
2026-07-07,,SEA,Luke Raley,Max Meyer,,51,64,4.6,10.0,0%,0.108,0.367,0.0,0%,0.0,7.1,28.6,7.0,0
2026-07-07,,PIT,Henry Davis,Hurston Waldrep,,50,38,2.8,20.0,12.2%,0.295,0.296,0.0,0%,0.499,18.2,27.3,17.5,0
2026-07-07,,CWS,Drew Romo,Payton Tolle,,50,58,3.4,26.0,0%,0.19,0.27,0.0,0%,0.0,30.0,20.0,17.2,0
2026-07-07,,PHI,J.T. Realmuto,Andrew Abbott,,50,43,2.3,19.0,15.6%,0.166,0.314,0.0,0%,0.333,15.8,15.8,15.3,0
2026-07-07,,CHC,Moisés Ballesteros,Shane Baz,💥 Hittable,50,57,2.3,13.0,0%,0.12,0.321,0.0,0%,0.0,10.0,30.0,15.5,0
2026-07-07,,LAA,Nolan Schanuel,Jacob deGrom,,50,51,1.9,14.0,0%,0.119,0.334,0.0,0%,0.0,20.0,25.0,17.4,0
2026-07-07,,TB,Hunter Feduccia,Will Warren,💥 Hittable,50,42,0.0,21.0,0%,0.143,0.281,0.0,0%,0.0,16.7,41.7,20.5,0
2026-07-07,,DET,Dillon Dingler,J.T. Ginn,🤔 Average,50,72,4.4,15.0,0%,0.182,0.365,0.0,12.3%,0.0,27.6,31.0,10.7,0
2026-07-07,,STL,JJ Wetherholt,Jacob Misiorowski,🤔 Average,50,60,2.2,34.0,7.5%,0.148,0.37,3.0,12.4%,0.125,24.2,36.4,10.5,0
2026-07-07,,LAD,Ryan Ward,Michael Lorenzen,,49,68,4.5,25.0,0%,0.236,0.313,0.0,0%,0.0,30.0,10.0,28.3,0
2026-07-07,,KC,Jac Caglianone,Cionel Pérez,,49,62,3.8,18.0,0%,0.198,0.377,0.0,0%,0.0,15.4,38.5,1.1,0
2026-07-07,,CIN,Jose Trevino,Zack Wheeler,‼️ Elite,49,20,1.4,28.0,19.9%,0.281,0.27,0.0,0%,0.499,18.2,45.5,2.7,0
2026-07-07,,CIN,Matt McLain,Zack Wheeler,,49,45,2.1,9.0,0%,0.139,0.319,0.0,0%,0.0,20.0,6.7,18.4,0
2026-07-07,,MIN,Austin Martin,Joey Cantillo,,49,47,0.4,10.0,5.4%,0.094,0.318,0.0,,,0.0,20.0,15.6,0
2026-07-07,,SF,Casey Schmitt,Spencer Miles,,49,48,4.3,23.0,7.6%,0.134,0.345,0.0,0%,0.143,22.6,38.7,16.3,0
2026-07-07,,BAL,Adley Rutschman,Matthew Boyd,🤔 Average,49,40,3.2,23.0,0%,0.153,0.342,0.0,0%,0.0,31.8,27.3,16.1,0
2026-07-07,,COL,Ezequiel Tovar,Justin Wrobleski,‼️ Elite,49,31,3.6,24.0,21.6%,0.258,0.271,0.0,25%,0.25,29.6,14.8,26.5,0
2026-07-07,,WSH,José Tena,Tatsuya Imai,,49,44,1.3,20.0,13.9%,0.221,0.318,0.0,0%,1.008,6.2,43.8,11.6,0
2026-07-07,,HOU,Christian Walker,Andrew Alvarez,,48,60,3.9,20.0,6.6%,0.18,0.31,0.0,33.3%,0.333,11.1,14.8,20.3,0
2026-07-07,,BOS,Jarren Duran,Unknown (702273),,48,42,2.7,33.0,14.3%,0.163,0.286,5.0,33.3%,0.333,15.0,25.0,4.1,0
2026-07-07,,BOS,Masataka Yoshida,Unknown (702273),,48,40,0.0,27.0,0%,0.129,0.308,0.0,0%,0.0,30.0,30.0,15.6,0
2026-07-07,,SEA,Cal Raleigh,Max Meyer,,48,46,3.3,26.0,7.4%,0.151,0.285,0.0,0%,0.25,17.4,13.0,29.3,0
2026-07-07,,LAD,Teoscar Hernández,Michael Lorenzen,,47,40,1.5,19.0,8.6%,0.12,0.304,0.0,11%,0.111,29.0,29.0,20.9,0
2026-07-07,,LAD,Kyle Tucker,Michael Lorenzen,,47,53,1.7,23.0,0%,0.076,0.319,0.0,0%,0.0,27.3,18.2,20.1,0
2026-07-07,,LAD,Andy Pages,Michael Lorenzen,,47,44,2.4,25.0,11.1%,0.157,0.34,0.0,25.2%,0.125,22.2,27.8,27.4,0
2026-07-07,,NYY,Giancarlo Stanton,Ian Seymour,,47,50,2.8,12.0,0%,0.113,0.364,0.0,0%,0.0,10.0,50.0,23.9,0
2026-07-07,,NYY,Amed Rosario,Ian Seymour,,47,48,2.9,25.0,3.1%,0.403,0.322,0.0,,,0.0,16.7,5.0,0
2026-07-07,,HOU,Yainer Diaz,Andrew Alvarez,,47,48,2.4,20.0,11.4%,0.267,0.287,0.0,66.5%,0.666,15.8,36.8,13.5,0
2026-07-07,,HOU,Cam Smith,Andrew Alvarez,,47,58,2.9,19.0,13.7%,0.245,0.334,0.0,16.7%,0.334,22.2,40.7,7.1,0
2026-07-07,,CLE,Gabriel Arias,Taj Bradley,,47,41,3.6,18.0,24.6%,0.239,0.26,0.0,19.8%,0.401,21.7,30.4,0.8,0
2026-07-07,,SF,Jesus Rodriguez,Spencer Miles,,47,72,5.6,25.0,29.1%,0.297,0.29,0.0,0%,0.333,30.0,20.0,6.9,0
2026-07-07,,LAA,Jorge Soler,Jacob deGrom,,47,47,2.9,15.0,0%,0.179,0.298,0.0,0%,0.0,25.0,20.8,20.2,0
2026-07-07,,ATH,Alika Williams,Tarik Skubal,‼️ Elite,47,30,2.5,22.0,12.2%,0.198,0.221,0.0,0%,0.333,16.7,16.7,16.7,0
2026-07-07,,COL,TJ Rumfield,Justin Wrobleski,,47,44,3.3,17.0,0%,0.14,0.336,0.0,0%,0.0,15.6,12.5,18.4,0
2026-07-07,,WSH,Curtis Mead,Tatsuya Imai,,47,59,4.9,18.0,12.3%,0.249,0.357,0.0,0%,0.335,10.3,34.5,3.5,0
2026-07-07,,STL,Jordan Walker,Jacob Misiorowski,‼️ Elite,47,32,3.0,25.0,8.7%,0.295,0.351,0.0,24.8%,0.502,13.3,30.0,22.9,0
2026-07-07,,TOR,Alejandro Kirk,Trevor McDonald,,46,36,2.5,8.0,0%,0.104,0.269,0.0,0%,0.0,10.0,30.0,15.1,0
2026-07-07,,CIN,Nathaniel Lowe,Zack Wheeler,,46,69,3.4,10.0,0%,0.103,0.344,0.0,0%,0.0,7.1,7.1,3.6,0
2026-07-07,,SD,Jake Cronenworth,Zac Gallen,,46,28,0.0,23.0,15%,0.105,0.279,3.6,33.6%,0.334,10.7,17.9,9.7,0
2026-07-07,,SF,Drew Gilbert,Spencer Miles,,46,50,1.9,24.0,16%,0.292,0.299,0.0,0%,0.999,9.1,18.2,12.7,0
2026-07-07,,CHC,Pedro Ramírez,Shane Baz,💥 Hittable,46,48,1.7,14.0,0%,0.187,0.309,0.0,0%,0.0,10.0,40.0,11.9,0
2026-07-07,,COL,Jordan Beck,Justin Wrobleski,,46,66,1.5,15.0,0%,0.202,0.265,0.0,0%,0.0,20.0,10.0,9.7,0
2026-07-07,,HOU,Jose Altuve,Andrew Alvarez,,45,58,3.9,20.0,6.6%,0.185,0.285,0.0,0%,0.201,16.1,22.6,17.0,0
2026-07-07,,MIL,Gary Sánchez,Matt Svanson,💥 Hittable,45,49,2.2,16.0,0%,0.193,0.376,0.0,0%,0.0,30.0,40.0,37.7,0
2026-07-07,,MIL,William Contreras,Matt Svanson,💥 Hittable,45,54,2.2,9.0,0%,0.118,0.345,0.0,0%,0.0,9.4,28.1,13.5,0
2026-07-07,,BAL,Taylor Ward,Matthew Boyd,🤔 Average,45,55,1.0,10.0,0%,0.085,0.339,0.0,11%,0.0,34.6,26.9,14.7,0
2026-07-07,,TB,Jonathan Aranda,Will Warren,,45,63,2.3,17.0,0%,0.164,0.36,0.0,0%,0.0,19.4,22.6,6.5,0
2026-07-07,,STL,Nelson Velázquez,Jacob Misiorowski,🤔 Average,45,57,4.3,27.0,12.8%,0.307,0.423,0.0,33.5%,0.334,20.0,60.0,2.3,0
2026-07-07,,STL,Nathan Church,Jacob Misiorowski,‼️ Elite,45,25,1.9,30.0,13.9%,0.271,0.295,0.0,0%,0.428,25.0,32.1,15.7,0
2026-07-07,,MIA,Liam Hicks,Bryan Woo,,45,75,4.2,15.0,0%,0.174,0.324,0.0,0%,0.0,12.9,16.1,6.5,0
2026-07-07,,MIA,Jakob Marsee,Bryan Woo,,45,41,1.0,29.0,9.7%,0.114,0.298,0.0,0%,0.167,22.2,22.2,15.3,0
2026-07-07,,ATL,Mike Yastrzemski,Paul Skenes,⚠️ Tough,44,35,2.1,24.0,8.5%,0.142,0.314,0.0,0%,0.25,18.2,27.3,16.7,0
2026-07-07,,HOU,Isaac Paredes,Andrew Alvarez,,44,62,3.7,17.0,6.5%,0.132,0.322,0.0,0%,0.167,20.0,20.0,23.5,0
2026-07-07,,AZ,Jose Fernandez,Germán Márquez,,44,42,2.2,8.0,7.1%,0.097,0.272,0.0,,,0.0,30.0,22.0,0
2026-07-07,,NYM,Mark Vientos,Seth Lugo,,44,51,3.4,23.0,11.7%,0.241,0.324,0.0,24.9%,0.25,33.3,33.3,9.4,0
2026-07-07,,CLE,George Valera,Taj Bradley,,44,35,0.0,14.0,4.3%,0.096,0.222,0.0,,,0.0,40.0,16.1,0
2026-07-07,,MIN,Ryan Kreidler,Joey Cantillo,,44,50,2.5,12.0,0%,0.188,0.297,0.0,0%,0.0,8.0,12.0,11.3,0
2026-07-07,,CHC,Carson Kelly,Shane Baz,💥 Hittable,44,40,2.0,11.0,0%,0.109,0.333,0.0,0%,0.0,15.4,30.8,21.9,0
2026-07-07,,LAA,Josh Lowe,Jacob deGrom,‼️ Elite,44,24,0.7,27.0,7%,0.241,0.28,0.0,0%,0.167,30.0,30.0,28.7,0
2026-07-07,,STL,Alec Burleson,Jacob Misiorowski,‼️ Elite,44,39,2.7,20.0,8.6%,0.139,0.38,0.0,0%,0.334,12.5,33.3,12.0,0
2026-07-07,,TEX,Andrew McCutchen,José Soriano,,43,41,1.2,12.0,0%,0.068,0.232,0.0,0%,0.0,30.0,10.0,16.0,0
2026-07-07,,KC,Nick Loftin,Cionel Pérez,,43,43,1.1,12.0,0%,0.146,0.33,0.0,0%,0.0,23.8,9.5,20.5,0
2026-07-07,,BOS,Wilyer Abreu,Unknown (702273),,43,39,1.6,11.0,0%,0.135,0.343,0.0,0%,0.0,14.3,17.9,20.8,0
2026-07-07,,SEA,Patrick Wisdom,Max Meyer,,43,31,2.2,16.0,0%,0.098,0.262,0.0,0%,0.0,30.0,20.0,18.8,0
2026-07-07,,COL,Willi Castro,Justin Wrobleski,,43,50,1.7,8.0,0%,0.114,0.298,0.0,0%,0.0,10.0,15.0,17.4,0
2026-07-07,,WSH,Andrés Chaparro,Tatsuya Imai,,43,18,0.0,18.0,6.4%,0.244,0.356,0.0,0%,0.5,20.0,30.0,20.4,0
2026-07-07,,HOU,Taylor Trammell,Andrew Alvarez,,42,45,3.0,29.0,4.6%,0.192,0.298,0.0,0%,0.2,23.8,23.8,12.9,0
2026-07-07,,KC,Michael Massey,Cionel Pérez,,42,38,2.5,13.0,0%,0.167,0.313,0.0,0%,0.0,5.3,26.3,15.3,0
2026-07-07,,CWS,Tristan Peters,Payton Tolle,,42,39,2.0,36.0,8.1%,0.192,0.31,0.0,0%,0.167,22.2,29.6,3.7,0
2026-07-07,,CWS,Jacob Gonzalez,Payton Tolle,,42,41,1.0,14.0,0%,0.157,0.314,0.0,0%,0.0,14.3,42.9,11.8,0
2026-07-07,,PHI,Derek Hill,Andrew Abbott,,42,60,4.8,9.0,0%,0.171,0.277,0.0,0%,0.0,10.0,0.0,14.9,0
2026-07-07,,SD,Xander Bogaerts,Zac Gallen,,42,36,0.4,8.0,0%,0.106,0.311,0.0,0%,0.0,3.8,30.8,11.7,0
2026-07-07,,CHC,Ian Happ,Shane Baz,💥 Hittable,42,70,3.8,9.0,0%,0.1,0.325,0.0,0%,0.0,12.5,8.3,10.4,0
2026-07-07,,TB,Richie Palacios,Will Warren,,42,30,0.6,28.0,14.9%,0.136,0.289,0.0,0%,0.2,29.4,11.8,18.2,0
2026-07-07,,DET,Spencer Torkelson,J.T. Ginn,🤔 Average,42,58,3.5,19.0,7.1%,0.16,0.319,0.0,20%,0.2,18.5,29.6,8.0,0
2026-07-07,,DET,James Outman,J.T. Ginn,🤔 Average,42,61,5.5,24.0,6.9%,0.141,0.23,0.0,0%,0.2,21.7,4.3,15.1,0
2026-07-07,,STL,Lars Nootbaar,Jacob Misiorowski,‼️ Elite,42,32,1.7,23.0,0%,0.089,0.346,4.8,20.2%,0.0,23.8,28.6,13.3,0
2026-07-07,,PIT,Jared Triolo,Hurston Waldrep,,41,27,0.4,15.0,8.5%,0.228,0.269,0.0,0%,0.5,8.7,30.4,16.4,0
2026-07-07,,CWS,Andrew Benintendi,Payton Tolle,,41,44,2.2,9.0,0%,0.102,0.337,0.0,0%,0.0,13.6,27.3,17.3,0
2026-07-07,,CWS,Sam Antonacci,Payton Tolle,,41,33,1.4,31.0,6.9%,0.158,0.363,0.0,0%,0.111,36.0,32.0,0.5,0
2026-07-07,,BAL,Tyler O'Neill,Matthew Boyd,🤔 Average,41,41,1.2,27.0,15.9%,0.284,0.303,0.0,33.3%,0.333,30.0,20.0,31.1,0
2026-07-07,,COL,Tyler Freeman,Justin Wrobleski,,41,46,0.5,10.0,0%,0.085,0.304,0.0,0%,0.0,25.0,30.0,11.5,0
2026-07-07,,DET,Hao-Yu  Lee,J.T. Ginn,🤔 Average,41,38,2.0,15.0,14.2%,0.219,0.269,0.0,0%,0.498,11.8,29.4,15.5,0
2026-07-07,,MIA,Leo Jiménez,Bryan Woo,⚠️ Tough,41,28,1.2,28.0,9.4%,0.199,0.3,0.0,0%,0.2,22.7,40.9,9.9,0
2026-07-07,,NYY,José Caballero,Ian Seymour,,40,57,3.7,18.0,20.6%,0.248,0.276,0.0,25%,0.5,20.0,15.0,4.7,0
2026-07-07,,ATL,Mauricio Dubón,Paul Skenes,⚠️ Tough,40,26,2.0,21.0,7.4%,0.168,0.321,0.0,0%,0.199,15.2,24.2,21.9,0
2026-07-07,,PIT,Nick Gonzales,Hurston Waldrep,,40,34,1.0,24.0,9.8%,0.157,0.316,0.0,0%,0.497,6.7,36.7,6.5,0
2026-07-07,,CIN,Eugenio Suárez,Zack Wheeler,,40,44,2.9,10.0,0%,0.096,0.278,0.0,0%,0.0,20.0,20.0,26.1,0
2026-07-07,,BOS,Andruw Monasterio,Unknown (702273),,40,32,1.1,8.0,0%,0.106,0.293,0.0,0%,0.0,18.8,31.2,19.3,0
2026-07-07,,BOS,Anthony Seigler,Unknown (702273),,40,33,1.2,16.0,0%,0.167,0.324,0.0,0%,0.0,27.3,22.7,14.5,0
2026-07-07,,MIN,Alex Jackson,Joey Cantillo,,40,43,2.0,16.0,17.3%,0.249,0.284,0.0,0%,1.0,10.0,20.0,-4.9,0
2026-07-07,,LAA,Jo Adell,Jacob deGrom,,40,37,2.2,10.0,0%,0.142,0.292,0.0,0%,0.0,18.2,27.3,22.7,0
2026-07-07,,TB,Victor Mesa Jr.,Will Warren,,40,45,2.5,15.0,0%,0.132,0.294,0.0,0%,0.0,21.1,15.8,21.7,0
2026-07-07,,DET,Matt Vierling,J.T. Ginn,🤔 Average,40,36,1.3,10.0,0%,0.148,0.304,0.0,0%,0.0,9.1,54.5,22.7,0
2026-07-07,,HOU,Brice Matthews,Andrew Alvarez,,39,49,3.0,17.0,16.8%,0.234,0.268,0.0,0%,0.333,30.0,20.0,12.5,0
2026-07-07,,AZ,James McCann,Germán Márquez,,39,35,0.0,5.0,0%,0.051,0.223,0.0,0%,0.0,10.0,70.0,17.5,0
2026-07-07,,AZ,Gabriel Moreno,Germán Márquez,,39,44,2.3,11.0,0%,0.141,0.358,0.0,0%,0.0,3.3,16.7,9.1,0
2026-07-07,,CWS,Chase Meidroth,Payton Tolle,,39,58,1.7,17.0,22.8%,0.129,0.279,0.0,0%,0.5,6.9,24.1,-2.8,0
2026-07-07,,STL,Thomas Saggese,Jacob Misiorowski,‼️ Elite,39,23,2.1,36.0,6.3%,0.518,0.301,0.0,0%,0.5,20.0,20.0,10.3,0
2026-07-07,,MIA,Xavier Edwards,Bryan Woo,,39,48,1.2,17.0,0%,0.071,0.333,0.0,0%,0.0,25.0,9.4,18.1,0
2026-07-07,,MIA,Javier Sanoja,Bryan Woo,,39,35,0.6,24.0,16.4%,0.305,0.29,0.0,24.6%,0.25,13.8,41.4,3.4,0
2026-07-07,,SD,Rodolfo Durán,Zac Gallen,,38,47,4.6,11.0,0%,0.171,0.236,0.0,0%,0.0,16.7,16.7,8.3,0
2026-07-07,,NYM,Luis Torrens,Seth Lugo,,38,41,1.5,20.0,21.8%,0.255,0.275,0.0,0%,0.499,15.4,30.8,9.3,0
2026-07-07,,COL,Troy Johnston,Justin Wrobleski,,38,37,0.4,17.0,0%,0.072,0.339,0.0,0%,0.0,25.0,20.8,12.1,0
2026-07-07,,TB,Yandy Díaz,Will Warren,,38,57,2.9,11.0,0%,0.166,0.375,0.0,0%,0.0,7.4,25.9,4.3,0
2026-07-07,,LAD,Hyeseong Kim,Michael Lorenzen,,37,46,0.8,11.0,0%,0.069,0.288,0.0,0%,0.0,10.0,50.0,9.2,0
2026-07-07,,CLE,Daniel Schneemann,Taj Bradley,,37,45,2.8,14.0,0%,0.124,0.298,0.0,0%,0.0,17.6,23.5,9.1,0
2026-07-07,,CLE,Kahlil Watson,Taj Bradley,🤔 Average,37,35,0.0,16.0,0%,0.078,0.256,0.0,0%,0.0,22.2,11.1,18.5,0
2026-07-07,,CHC,Miguel Amaya,Shane Baz,💥 Hittable,37,36,0.9,8.0,0%,0.124,0.301,0.0,0%,0.0,16.7,16.7,21.6,0
2026-07-07,,BAL,Pete Alonso,Matthew Boyd,🤔 Average,37,55,3.2,10.0,0%,0.127,0.39,0.0,0%,0.0,20.0,28.0,6.5,0
2026-07-07,,SEA,Colt Emerson,Max Meyer,,37,56,4.0,16.0,0%,0.212,0.251,0.0,0%,0.0,15.0,0.0,4.9,0
2026-07-07,,ATH,Zack Gelof,Tarik Skubal,‼️ Elite,37,37,3.8,10.0,0%,0.144,0.289,0.0,0%,0.0,20.0,40.0,-0.1,0
2026-07-07,,BOS,Nate Eaton,Unknown (702273),,36,41,2.6,9.0,1.9%,0.179,0.305,0.0,,,0.0,0.0,21.2,0
2026-07-07,,BOS,Caleb Durbin,Unknown (702273),,36,40,2.0,16.0,17.9%,0.258,0.288,0.0,0%,0.666,12.5,16.7,-4.2,0
2026-07-07,,SD,Samad Taylor,Zac Gallen,,36,40,1.2,11.0,0%,0.084,0.315,0.0,50%,0.0,10.0,10.0,8.5,0
2026-07-07,,MIL,Blake Perkins,Matt Svanson,💥 Hittable,36,30,1.1,8.0,0%,0.12,0.268,0.0,0%,0.0,20.0,30.0,20.5,0
2026-07-07,,LAA,Denzer Guzman,Jacob deGrom,,36,52,3.3,10.0,0%,0.138,0.316,0.0,0%,0.0,19.0,4.8,10.9,0
2026-07-07,,LAD,Santiago Espinal,Michael Lorenzen,,35,47,1.9,11.0,8.1%,0.107,0.282,0.0,,,0.0,30.0,9.4,0
2026-07-07,,NYY,J.C. Escarra,Ian Seymour,,35,32,0.0,20.0,0%,0.082,0.272,0.0,0%,0.0,60.0,40.0,24.2,0
2026-07-07,,PHI,Edmundo Sosa,Andrew Abbott,,35,47,1.6,11.0,5.4%,0.158,0.309,0.0,,,0.0,30.0,1.0,0
2026-07-07,,PHI,Felix Reyes,Andrew Abbott,,35,49,3.0,8.0,4.9%,0.105,0.251,0.0,,,0.0,30.0,9.3,0
2026-07-07,,ATH,Carlos Cortes,Tarik Skubal,‼️ Elite,35,29,1.3,13.0,0%,0.141,0.349,0.0,0%,0.0,14.3,35.7,3.7,0
2026-07-07,,WSH,Dylan Crews,Tatsuya Imai,,35,47,3.7,17.0,6%,0.117,0.343,0.0,16.5%,0.167,20.0,26.7,5.4,0
2026-07-07,,PIT,Nick Yorke,Hurston Waldrep,🎯 Target,34,29,1.0,7.0,1.2%,0.079,0.288,0.0,,,0.0,20.0,18.3,0
2026-07-07,,CIN,Will Benson,Zack Wheeler,,34,51,1.6,14.0,0%,0.146,0.319,0.0,0%,0.0,20.0,0.0,31.5,0
2026-07-07,,MIL,Joey Ortiz,Matt Svanson,💥 Hittable,34,45,0.9,16.0,16.7%,0.109,0.282,0.0,0%,0.25,17.4,26.1,6.7,0
2026-07-07,,NYM,Jared Young,Seth Lugo,,34,55,3.0,18.0,0%,0.176,0.291,0.0,0%,0.0,21.7,30.4,-6.9,0
2026-07-07,,LAA,Wade Meckler,Jacob deGrom,,34,46,0.9,10.0,0%,0.115,0.313,0.0,0%,0.0,7.1,28.6,3.5,0
2026-07-07,,STL,Masyn Winn,Jacob Misiorowski,‼️ Elite,34,23,0.6,18.0,5.3%,0.116,0.301,0.0,20.1%,0.199,17.9,28.6,24.7,0
2026-07-07,,ATL,Dominic Smith,Paul Skenes,⚠️ Tough,33,37,1.2,7.0,0%,0.061,0.321,0.0,0%,0.0,10.0,25.0,15.5,0
2026-07-07,,HOU,Braden Shewmake,Andrew Alvarez,,33,40,3.9,11.0,0%,0.122,0.31,0.0,0%,0.0,10.0,20.0,14.7,0
2026-07-07,,PIT,Tyler Callihan,Hurston Waldrep,,33,41,2.0,14.0,1%,0.234,0.285,0.0,,,0.0,27.3,0.6,0
2026-07-07,,PHI,Rafael Marchán,Andrew Abbott,,33,39,2.4,15.0,0%,0.074,0.241,0.0,0%,0.0,20.0,20.0,26.9,0
2026-07-07,,MIA,Esteury Ruiz,Bryan Woo,,33,62,3.2,8.0,0%,0.109,0.324,0.0,0%,0.0,15.4,7.7,27.3,0
2026-07-07,,MIA,Agustín Ramírez,Bryan Woo,,33,32,2.0,11.0,0%,0.115,0.285,0.0,0%,0.0,10.0,30.0,17.5,0
2026-07-07,,TEX,Nicky Lopez,José Soriano,,32,42,0.8,8.0,0%,0.04,0.263,0.0,0%,0.0,4.5,13.6,-12.0,0
2026-07-07,,ATL,Austin Riley,Paul Skenes,⚠️ Tough,32,24,1.6,16.0,4.9%,0.101,0.291,0.0,19.8%,0.201,17.2,13.8,19.0,0
2026-07-07,,MIL,Andrew Vaughn,Matt Svanson,💥 Hittable,32,43,0.6,13.0,0%,0.17,0.369,0.0,0%,0.0,6.2,18.8,1.5,0
2026-07-07,,CLE,Petey Halpin,Taj Bradley,,32,29,0.0,11.0,0%,0.057,0.232,0.0,0%,0.0,20.0,20.0,19.3,0
2026-07-07,,MIN,Matt Wallner,Joey Cantillo,,32,28,1.1,7.0,1.9%,0.125,0.279,0.0,,,0.0,0.0,21.8,0
2026-07-07,,SEA,Leo Rivas,Max Meyer,,32,22,0.0,8.0,0%,0.04,0.23,0.0,0%,0.0,30.0,10.0,18.5,0
2026-07-07,,ATH,Jeff McNeil,Tarik Skubal,‼️ Elite,32,21,0.8,20.0,0%,0.066,0.293,0.0,0%,0.0,53.8,38.5,12.5,0
2026-07-07,,ATH,Max Muncy,Tarik Skubal,‼️ Elite,32,34,2.9,12.0,1.5%,0.126,0.276,0.0,,,0.0,16.7,9.8,0
2026-07-07,,TB,Nick Fortes,Will Warren,,32,36,1.1,16.0,23.6%,0.203,0.269,0.0,0%,0.25,28.6,28.6,4.9,0
2026-07-07,,DET,Gage Workman,J.T. Ginn,🤔 Average,32,49,2.9,22.0,0%,0.127,0.278,0.0,0%,0.0,40.0,10.0,9.1,0
2026-07-07,,WSH,Joey Wiemer,Tatsuya Imai,,32,29,0.0,24.0,2.3%,0.275,0.325,0.0,,,0.0,20.0,-3.1,0
2026-07-07,,STL,José Fermín,Jacob Misiorowski,‼️ Elite,32,26,1.8,11.0,0%,0.159,0.291,0.0,0%,0.0,20.8,16.7,17.7,0
2026-07-07,,STL,Pedro Pagés,Jacob Misiorowski,‼️ Elite,32,19,1.2,12.0,0%,0.127,0.262,0.0,0%,0.0,10.0,30.0,19.3,0
2026-07-07,,NYY,Spencer Jones,Ian Seymour,,31,36,1.2,11.0,3.3%,0.157,0.27,0.0,,,0.0,20.0,22.5,0
2026-07-07,,HOU,Zach Cole,Andrew Alvarez,,31,27,1.9,15.0,0.9%,0.196,0.267,0.0,,,0.0,40.0,9.9,0
2026-07-07,,CWS,Braden Montgomery,Payton Tolle,,31,44,2.0,11.0,0%,0.14,0.302,0.0,0%,0.0,10.0,30.0,0.3,0
2026-07-07,,BAL,Blaze Alexander,Matthew Boyd,🤔 Average,31,44,1.4,11.0,0%,0.119,0.33,0.0,0%,0.0,13.0,34.8,1.7,0
2026-07-07,,BAL,Gunnar Henderson,Matthew Boyd,🤔 Average,31,30,2.5,14.0,0%,0.108,0.296,0.0,0%,0.0,21.4,25.0,15.6,0
2026-07-07,,LAA,Oswald Peraza,Jacob deGrom,,31,44,2.7,8.0,0%,0.147,0.295,0.0,0%,0.0,10.0,0.0,11.9,0
2026-07-07,,LAA,Logan O'Hoppe,Jacob deGrom,,31,34,1.8,8.0,3.4%,0.104,0.257,0.0,,,0.0,28.6,27.5,0
2026-07-07,,STL,Nolan Gorman,Jacob Misiorowski,‼️ Elite,31,25,1.7,17.0,0%,0.124,0.29,0.0,0%,0.0,20.0,20.0,25.5,0
2026-07-07,,AZ,Pavin Smith,Germán Márquez,,30,25,0.0,7.0,0%,0.056,0.273,0.0,0%,0.0,12.5,25.0,22.2,0
2026-07-07,,SF,Willy Adames,Spencer Miles,,30,45,3.1,13.0,0%,0.125,0.281,0.0,0%,0.0,11.8,35.3,28.7,0
2026-07-07,,WSH,Brady House,Tatsuya Imai,,30,42,2.6,11.0,0%,0.123,0.31,0.0,0%,0.0,20.0,20.0,8.9,0
2026-07-07,,TEX,Alejandro Osuna,José Soriano,,29,28,0.0,15.0,0%,0.026,0.311,0.0,0%,0.0,28.6,9.5,0.3,0
2026-07-07,,NYY,Cody Bellinger,Ian Seymour,,29,47,2.4,11.0,0%,0.066,0.352,0.0,0%,0.0,19.2,19.2,29.5,0
2026-07-07,,NYY,Jazz Chisholm Jr.,Ian Seymour,,29,42,2.3,9.0,0%,0.091,0.298,0.0,0%,0.0,5.3,36.8,10.9,0
2026-07-07,,NYM,Jorge Polanco,Seth Lugo,,29,54,2.9,11.0,0%,0.107,0.288,0.0,50%,0.0,20.0,30.0,0.8,0
2026-07-07,,NYM,Brett Baty,Seth Lugo,,29,45,1.2,13.0,0%,0.1,0.294,0.0,0%,0.0,15.4,34.6,9.5,0
2026-07-07,,CLE,Patrick Bailey,Taj Bradley,🤔 Average,29,46,1.3,6.0,4.4%,0.078,0.291,0.0,,,0.0,40.0,3.7,0
2026-07-07,,COL,Edouard Julien,Justin Wrobleski,,29,33,1.0,9.0,0%,0.068,0.341,0.0,0%,0.0,4.3,26.1,1.7,0
2026-07-07,,HOU,Nick Allen,Andrew Alvarez,🤔 Average,28,68,1.2,5.0,0%,0.062,0.229,0.0,0%,0.0,21.1,5.3,32.8,0
2026-07-07,,HOU,Zach Dezenzo,Andrew Alvarez,,28,59,2.3,6.0,1.5%,0.117,0.264,0.0,,,0.0,0.0,9.5,0
2026-07-07,,KC,Starling Marte,Cionel Pérez,,28,46,1.0,6.0,1.6%,0.065,0.331,0.0,,,0.0,33.3,-0.7,0
2026-07-07,,BOS,Connor Wong,Unknown (702273),,28,33,0.9,7.0,1.9%,0.109,0.313,0.0,,,0.0,0.0,15.8,0
2026-07-07,,LAA,Vaughn Grissom,Jacob deGrom,,28,38,1.0,9.0,0%,0.131,0.341,0.0,0%,0.0,8.3,8.3,6.8,0
2026-07-07,,COL,Braxton Fulford,Justin Wrobleski,‼️ Elite,28,21,2.0,7.0,0%,0.122,0.216,0.0,0%,0.0,10.0,0.0,16.1,0
2026-07-07,,TOR,Vladimir Guerrero Jr.,Trevor McDonald,,27,27,0.6,7.0,0%,0.079,0.339,0.0,0%,0.0,12.5,20.8,-4.7,0
2026-07-07,,SD,Miguel Andujar,Zac Gallen,,27,32,0.6,7.0,0%,0.08,0.304,0.0,0%,0.0,17.6,23.5,0.8,0
2026-07-07,,SD,Jase Bowen,Zac Gallen,,27,35,0.0,7.0,0%,0.095,0.217,0.0,0%,0.0,10.0,10.0,11.2,0
2026-07-07,,SD,Will Wagner,Zac Gallen,,27,49,0.0,2.0,5%,0.029,0.332,0.0,,,0.0,0.0,5.8,0
2026-07-07,,MIN,Tristan Gray,Joey Cantillo,,27,42,1.3,14.0,0%,0.107,0.278,0.0,0%,0.0,20.0,6.7,1.4,0
2026-07-07,,BAL,Leody Taveras,Matthew Boyd,🤔 Average,27,17,0.7,21.0,15.3%,0.18,0.281,0.0,0%,0.334,17.6,17.6,11.3,0
2026-07-07,,BAL,Dylan Beavers,Matthew Boyd,🤔 Average,27,29,0.8,16.0,0%,0.087,0.295,0.0,0%,0.0,23.1,15.4,16.3,0
2026-07-07,,SEA,Jhonny Pereda,Max Meyer,,27,26,0.0,7.0,2.1%,0.095,0.332,0.0,,,0.0,20.0,-7.9,0
2026-07-07,,SEA,Connor Joe,Max Meyer,,27,25,0.0,12.0,1.5%,0.128,0.331,0.0,,,0.0,10.0,-0.1,0
2026-07-07,,WSH,Jorbit Vivas,Tatsuya Imai,,27,37,1.5,9.0,0%,0.096,0.296,0.0,0%,0.0,7.7,23.1,7.4,0
2026-07-07,,STL,Blaze Jordan,Jacob Misiorowski,‼️ Elite,27,21,1.2,12.0,0%,0.125,0.297,0.0,0%,0.0,22.2,22.2,12.1,0
2026-07-07,,PIT,Jake Mangum,Hurston Waldrep,🎯 Target,26,35,0.4,10.0,0%,0.07,0.284,0.0,0%,0.0,7.1,21.4,-4.5,0
2026-07-07,,PIT,Billy Cook,Hurston Waldrep,,26,15,0.0,10.0,0%,0.086,0.166,0.0,0%,0.0,30.0,20.0,20.3,0
2026-07-07,,AZ,Tommy Troy,Germán Márquez,,26,44,3.1,9.0,0%,0.124,0.301,0.0,0%,0.0,13.6,18.2,2.0,0
2026-07-07,,CWS,Edgar Quero,Payton Tolle,,26,35,1.2,9.0,0%,0.047,0.258,0.0,50%,0.0,20.0,40.0,3.3,0
2026-07-07,,PHI,Garrett Stubbs,Andrew Abbott,,26,24,0.0,8.0,0%,0.0,0.246,0.0,0%,0.0,20.0,20.0,16.3,0
2026-07-07,,CIN,Tyler Stephenson,Zack Wheeler,‼️ Elite,26,22,1.1,13.0,0%,0.16,0.339,0.0,0%,0.0,20.0,20.0,32.1,0
2026-07-07,,MIL,Sal Frelick,Matt Svanson,💥 Hittable,26,30,0.7,21.0,0%,0.128,0.279,0.0,0%,0.0,30.4,26.1,0.0,0
2026-07-07,,NYM,Bo Bichette,Seth Lugo,,26,47,2.2,8.0,0%,0.089,0.332,0.0,24.8%,0.0,13.3,33.3,5.5,0
2026-07-07,,WSH,Nasim Nuñez,Tatsuya Imai,,26,33,0.4,19.0,11.7%,0.111,0.26,0.0,49.4%,0.5,8.7,17.4,0.0,0
2026-07-07,,STL,Iván Herrera,Jacob Misiorowski,‼️ Elite,26,25,1.8,6.0,0%,0.072,0.355,0.0,0%,0.0,9.7,29.0,-1.7,0
2026-07-07,,NYM,Eric Wagaman,Seth Lugo,,25,38,3.4,13.0,3.1%,0.214,0.339,0.0,,,0.0,10.0,7.3,0
2026-07-07,,BAL,Jackson Holliday,Matthew Boyd,🤔 Average,25,38,3.3,17.0,0%,0.178,0.323,0.0,0%,0.0,15.8,5.3,7.6,0
2026-07-07,,DET,Zach McKinstry,J.T. Ginn,🤔 Average,25,38,0.5,18.0,0%,0.082,0.251,0.0,0%,0.0,30.8,11.5,9.5,0
2026-07-07,,ATL,Eli White,Paul Skenes,⚠️ Tough,24,19,0.8,22.0,7.1%,0.323,0.281,0.0,0%,0.5,20.0,10.0,6.0,0
2026-07-07,,PIT,Marcell Ozuna,Hurston Waldrep,,24,33,1.1,6.0,0.7%,0.122,0.317,0.0,,,0.0,0.0,25.8,0
2026-07-07,,AZ,Alek Thomas,Germán Márquez,,24,35,0.0,12.0,4.5%,0.121,0.279,0.0,,,0.0,30.0,-6.4,0
2026-07-07,,TOR,Eloy Jiménez,Trevor McDonald,,24,26,0.0,2.0,2.1%,0.0,0.276,0.0,,,0.0,30.0,6.8,0
2026-07-07,,CWS,Luisangel Acuña,Payton Tolle,,24,39,0.8,4.0,2.7%,0.036,0.275,0.0,,,0.0,30.0,7.5,0
2026-07-07,,CLE,Rhys Hoskins,Taj Bradley,,24,44,3.0,10.0,0%,0.167,0.29,0.0,0%,0.0,6.7,6.7,6.0,0
2026-07-07,,ATH,Henry Bolte,Tarik Skubal,‼️ Elite,24,30,1.3,7.0,0%,0.076,0.294,0.0,0%,0.0,16.0,32.0,-6.9,0
2026-07-07,,TB,Taylor Walls,Will Warren,,24,45,0.0,9.0,0%,0.092,0.261,0.0,0%,0.0,8.3,25.0,3.7,0
2026-07-07,,LAD,Alex Call,Michael Lorenzen,,23,24,0.8,10.0,0%,0.075,0.259,0.0,0%,0.0,30.0,0.0,21.1,0
2026-07-07,,HOU,Joey Loperfido,Andrew Alvarez,,23,25,0.0,10.0,0%,0.118,0.324,0.0,0%,0.0,10.0,20.0,7.7,0
2026-07-07,,TOR,Andrés Giménez,Trevor McDonald,,22,33,1.2,9.0,0%,0.09,0.255,0.0,0%,0.0,12.5,12.5,4.1,0
2026-07-07,,BOS,Carlos Narváez,Unknown (702273),,22,32,1.3,9.0,0%,0.081,0.265,0.0,0%,0.0,42.9,21.4,9.5,0
2026-07-07,,BOS,Ceddanne Rafaela,Unknown (702273),,22,40,2.2,7.0,0%,0.093,0.282,0.0,0%,0.0,10.7,10.7,8.7,0
2026-07-07,,CLE,Juan Brito,Taj Bradley,,22,24,0.0,7.0,2.4%,0.104,0.224,0.0,,,0.0,30.0,12.0,0
2026-07-07,,SF,Jung Hoo Lee,Spencer Miles,,22,46,0.6,9.0,0%,0.088,0.321,0.0,0%,0.0,11.5,11.5,7.9,0
2026-07-07,,NYY,Austin Wells,Ian Seymour,,21,27,0.9,8.0,0%,0.078,0.284,0.0,0%,0.0,7.1,14.3,22.0,0
2026-07-07,,MIL,Cooper Pratt,Matt Svanson,💥 Hittable,21,41,0.0,6.0,0%,0.018,0.337,0.0,0%,0.0,22.7,22.7,3.4,0
2026-07-07,,LAA,Nick Madrigal,Jacob deGrom,,21,48,0.0,1.0,0%,0.023,0.294,0.0,0%,0.0,10.0,0.0,5.8,0
2026-07-07,,ATH,Darell Hernaiz,Tarik Skubal,‼️ Elite,21,23,0.0,5.0,0%,0.051,0.26,0.0,0%,0.0,10.0,10.0,16.4,0
2026-07-07,,ATH,Jacob Wilson,Tarik Skubal,‼️ Elite,21,22,1.2,11.0,0%,0.109,0.297,0.0,0%,0.0,30.0,30.0,-2.6,0
2026-07-07,,MIA,Connor Norby,Bryan Woo,,21,47,1.5,11.0,0%,0.12,0.275,0.0,0%,0.0,40.0,20.0,31.3,0
2026-07-07,,CIN,Rece Hinds,Zack Wheeler,,20,22,0.0,7.0,3.8%,0.098,0.154,0.0,,,0.0,10.0,22.3,0
2026-07-07,,DET,Jahmai Jones,J.T. Ginn,🤔 Average,20,36,2.0,7.0,1.1%,0.086,0.323,0.0,,,0.0,10.0,2.1,0
2026-07-07,,WSH,Jacob Young,Tatsuya Imai,,20,36,1.9,9.0,0%,0.143,0.273,0.0,0%,0.0,14.3,7.1,2.3,0
2026-07-07,,STL,Jimmy Crooks,Jacob Misiorowski,‼️ Elite,20,15,0.0,9.0,0%,0.088,0.318,0.0,0%,0.0,10.0,20.0,5.7,0
2026-07-07,,NYY,Anthony Volpe,Ian Seymour,,19,42,0.6,7.0,0%,0.086,0.299,0.0,0%,0.0,11.1,16.7,7.8,0
2026-07-07,,ATL,Sandy León,Paul Skenes,⚠️ Tough,19,18,0.0,2.0,0.9%,0.0,0.15,0.0,,,0.0,20.0,20.7,0
2026-07-07,,HOU,Christian Vázquez,Andrew Alvarez,,19,36,1.8,8.0,1.2%,0.109,0.239,0.0,,,0.0,10.0,4.3,0
2026-07-07,,HOU,Jake Meyers,Andrew Alvarez,,19,43,1.7,7.0,0%,0.095,0.244,0.0,0%,0.0,20.0,10.0,3.0,0
2026-07-07,,BOS,Mickey Gasper,Unknown (702273),,19,34,0.0,6.0,0%,0.065,0.275,0.0,0%,0.0,10.0,20.0,7.5,0
2026-07-07,,MIL,Luis Rengifo,Matt Svanson,💥 Hittable,19,27,0.0,5.0,3.5%,0.049,0.303,0.0,,,0.0,40.0,0.5,0
2026-07-07,,MIN,Orlando Arcia,Joey Cantillo,,19,34,0.0,6.0,5%,0.083,0.26,0.0,,,0.0,10.0,-3.7,0
2026-07-07,,CHC,Nico Hoerner,Shane Baz,💥 Hittable,19,23,0.3,12.0,0%,0.078,0.315,0.0,0%,0.0,44.0,12.0,9.5,0
2026-07-07,,BAL,Colton Cowser,Matthew Boyd,🤔 Average,19,44,3.7,11.0,0%,0.141,0.325,0.0,0%,0.0,11.8,11.8,-19.0,0
2026-07-07,,TB,Chandler Simpson,Will Warren,,19,39,0.0,10.0,0%,0.066,0.247,0.0,0%,0.0,5.0,15.0,4.3,0
2026-07-07,,WSH,Drew Millas,Tatsuya Imai,,19,32,1.6,8.0,0%,0.078,0.263,0.0,0%,0.0,21.4,0.0,10.1,0
2026-07-07,,TEX,Sam Haggerty,José Soriano,,17,18,0.0,3.0,0%,0.023,0.161,0.0,0%,0.0,20.0,10.0,1.7,0
2026-07-07,,LAD,Alex Freeland,Michael Lorenzen,,17,38,0.5,7.0,0%,0.086,0.287,0.0,0%,0.0,13.3,0.0,6.3,0
2026-07-07,,NYY,Ryan McMahon,Ian Seymour,,17,33,2.4,8.0,2%,0.122,0.305,0.0,,,0.0,20.0,6.2,0
2026-07-07,,HOU,Dustin Harris,Andrew Alvarez,,17,21,0.0,9.0,0%,0.07,0.3,0.0,0%,0.0,10.0,10.0,4.6,0
2026-07-07,,KC,Kameron Misner,Cionel Pérez,,17,31,0.0,10.0,0%,0.024,0.212,0.0,0%,0.0,20.0,10.0,11.4,0
2026-07-07,,PIT,Jhostynxon Garcia,Hurston Waldrep,,17,20,0.0,7.0,0%,0.095,0.275,0.0,0%,0.0,20.0,10.0,9.6,0
2026-07-07,,AZ,Tim Tawa,Germán Márquez,,17,40,2.7,9.0,6.2%,0.133,0.244,0.0,,,0.0,10.0,4.9,0
2026-07-07,,AZ,Ryan Waldschmidt,Germán Márquez,,17,24,0.0,10.0,5.7%,0.197,0.283,0.0,,,0.0,0.0,10.2,0
2026-07-07,,TOR,Ernie Clement,Trevor McDonald,,17,26,0.9,5.0,0%,0.061,0.285,0.0,0%,0.0,19.2,15.4,3.8,0
2026-07-07,,PHI,Justin Crawford,Andrew Abbott,,17,29,0.8,7.0,0%,0.055,0.269,0.0,0%,0.0,8.7,21.7,1.3,0
2026-07-07,,CIN,Edwin Arroyo,Zack Wheeler,,17,31,0.0,6.0,0%,0.037,0.294,0.0,0%,0.0,5.0,10.0,28.3,0
2026-07-07,,SD,Bryce Johnson,Zac Gallen,,17,27,0.0,4.0,0%,0.044,0.169,0.0,0%,0.0,10.0,0.0,10.7,0
2026-07-07,,NYM,Ronny Mauricio,Seth Lugo,,17,45,2.5,8.0,0%,0.08,0.21,0.0,0%,0.0,20.0,10.0,7.1,0
2026-07-07,,CLE,Steven Kwan,Taj Bradley,,17,30,0.0,14.0,0%,0.153,0.302,0.0,0%,0.0,13.0,4.3,4.9,0
2026-07-07,,SF,Eric Haase,Spencer Miles,,17,38,4.5,13.0,1.9%,0.208,0.286,0.0,,,0.0,7.7,-17.0,0
2026-07-07,,BAL,Jeremiah Jackson,Matthew Boyd,🤔 Average,17,38,1.4,10.0,0%,0.144,0.293,0.0,0%,0.0,10.0,10.0,7.7,0
2026-07-07,,SEA,Victor Robles,Max Meyer,,17,19,0.0,7.0,0%,0.024,0.254,0.0,0%,0.0,38.9,0.0,7.0,0
2026-07-07,,COL,Chad Stevens,Justin Wrobleski,,17,31,0.0,0.0,0%,0.0,0.225,0.0,0%,0.0,10.0,0.0,6.4,0
2026-07-07,,TB,Ben Williamson,Will Warren,,17,31,0.7,6.0,0%,0.086,0.282,0.0,0%,0.0,15.4,15.4,6.2,0
2026-07-07,,DET,Jake Rogers,J.T. Ginn,🤔 Average,17,32,1.2,7.0,0%,0.089,0.21,0.0,0%,0.0,20.0,10.0,31.6,0
2026-07-07,,MIA,Christopher Morel,Bryan Woo,,17,24,0.0,4.0,0%,0.044,0.216,0.0,0%,0.0,10.0,20.0,18.6,0
2026-07-07,,ATL,Jorge Mateo,Paul Skenes,⚠️ Tough,16,22,0.9,9.0,0%,0.14,0.306,0.0,0%,0.0,6.2,18.8,4.3,0
2026-07-07,,CWS,Rikuu Nishida,Payton Tolle,,16,29,0.0,4.0,0%,0.0,0.229,0.0,0%,0.0,10.0,20.0,1.3,0
2026-07-07,,LAA,Bryce Teodosio,Jacob deGrom,,14,35,0.0,5.0,0%,0.043,0.199,0.0,0%,0.0,30.0,0.0,0.6,0
2026-07-07,,ATH,Lawrence Butler,Tarik Skubal,‼️ Elite,14,15,1.3,11.0,0%,0.068,0.306,0.0,0%,0.0,13.6,31.8,1.0,0
2026-07-07,,STL,Victor Scott II,Jacob Misiorowski,‼️ Elite,14,15,0.5,9.0,0%,0.065,0.253,0.0,0%,0.0,10.0,0.0,-5.1,0
